GeneNames	Score
ENSG00000168036	0.005180037603975095
ENSG00000146648	0.00470674814414772
ENSG00000163631	0.003584521008633415
ENSG00000141510	0.0028729156405015973
ENSG00000177885	0.002396121165721352
ENSG00000100393	0.0020371066902427092
ENSG00000188612	0.0017907253296199572
ENSG00000115414	0.0017801550014201878
ENSG00000136997	0.0017105715162055823
ENSG00000091831	0.0016650700708814537
ENSG00000145675	0.001644689200841566
ENSG00000116478	0.0015983332900250042
ENSG00000100603	0.0015474398978351385
ENSG00000005339	0.0014136554512428363
ENSG00000124181	0.0014117286901374323
ENSG00000197122	0.0012746952148858385
ENSG00000160691	0.0012560516406379051
ENSG00000080824	0.001232751646016489
ENSG00000148400	0.0012296874544306957
ENSG00000105976	0.0012229912334049693
ENSG00000142208	0.001219121893521295
ENSG00000096401	0.0012142992385572385
ENSG00000166913	0.0012079487584154111
ENSG00000196591	0.0011290842317397893
ENSG00000169855	0.0011171601369745355
ENSG00000141736	0.0010607897981353587
ENSG00000169083	0.001028556329331098
ENSG00000129521	0.0010022758281451175
ENSG00000141480	0.0009986063335123262
ENSG00000004487	0.0009947367885584475
ENSG00000065361	0.000983774825953218
ENSG00000173039	0.0009566369676631393
ENSG00000153187	0.0009564807982471694
ENSG00000166949	0.0009433126891491029
ENSG00000123374	0.0009397529859148451
ENSG00000100030	0.0009367213572727898
ENSG00000185630	0.0009248359834036869
ENSG00000105647	0.0009234043632545552
ENSG00000012048	0.000920858104047255
ENSG00000110395	0.0009039300533223739
ENSG00000181163	0.0009019796047878334
ENSG00000169398	0.0008988675678020788
ENSG00000164924	0.0008950170923564768
ENSG00000141367	0.0008896228454532328
ENSG00000135679	0.0008696946500363126
ENSG00000177606	0.0008547989323698627
ENSG00000157404	0.0008506569895757105
ENSG00000132155	0.0008420218330972286
ENSG00000137486	0.0008344423143490964
ENSG00000178568	0.0008305432639413889
ENSG00000139687	0.000822537716592296
ENSG00000010810	0.0008121041853957262
ENSG00000127616	0.0008113044334557608
ENSG00000121879	0.0008012008236603675
ENSG00000082701	0.0007893174183239537
ENSG00000185591	0.0007858843120251558
ENSG00000089820	0.0007838441097270547
ENSG00000118260	0.0007656392828650686
ENSG00000162692	0.0007571085785131406
ENSG00000036257	0.0007501238980913277
ENSG00000044524	0.0007480310325034853
ENSG00000147403	0.0007459908232748732
ENSG00000145147	0.0007449332208250341
ENSG00000179295	0.0007423201038306677
ENSG00000111642	0.0007261703053905191
ENSG00000115966	0.0007201312267641175
ENSG00000113721	0.0007170316969775669
ENSG00000097007	0.0007141315136152124
ENSG00000140575	0.0007125447308641478
ENSG00000096384	0.0007061288210230059
ENSG00000112062	0.0007044996539855685
ENSG00000269335	0.0007007532472553
ENSG00000102882	0.0006838797405809979
ENSG00000152284	0.0006735389054405095
ENSG00000183421	0.0006729850158204905
ENSG00000158458	0.0006724720473051385
ENSG00000172531	0.0006714601833369259
ENSG00000039068	0.0006648646452305519
ENSG00000175387	0.0006608708945269228
ENSG00000140009	0.000660258836838657
ENSG00000286522	0.0006569811844343213
ENSG00000196504	0.0006562324487991802
ENSG00000140443	0.0006557967814408314
ENSG00000188486	0.0006526569480170657
ENSG00000170027	0.0006514827353779616
ENSG00000116030	0.0006498881989460335
ENSG00000166402	0.0006465316702401585
ENSG00000168610	0.000645545539235397
ENSG00000103275	0.0006439622953497312
ENSG00000124762	0.0006426202178783973
ENSG00000165119	0.0006411844357500861
ENSG00000127191	0.0006400719220156858
ENSG00000196924	0.0006393143952423214
ENSG00000198898	0.0006361615241008856
ENSG00000134308	0.0006348221400122063
ENSG00000100644	0.0006334020733602131
ENSG00000100345	0.0006316601558224624
ENSG00000234906	0.0006287640185604502
ENSG00000181690	0.000626826938607014
ENSG00000168907	0.0006251665843612115
ENSG00000103742	0.0006224685087117824
ENSG00000150394	0.00062228813240002
ENSG00000081138	0.00062228813240002
ENSG00000113100	0.00062228813240002
ENSG00000112655	0.00062228813240002
ENSG00000070831	0.0006213805395126384
ENSG00000170166	0.0006161801075923557
ENSG00000183579	0.0006157797754090934
ENSG00000186298	0.000615411976547305
ENSG00000120156	0.0006124623320425944
ENSG00000113575	0.0006121712790951099
ENSG00000134982	0.0006117704951192503
ENSG00000118495	0.0006109195081543174
ENSG00000115904	0.0006103681409157477
ENSG00000077782	0.000608740263730259
ENSG00000204179	0.0006043889242186039
ENSG00000109458	0.0006000358616941816
ENSG00000067560	0.0006000097805697025
ENSG00000128052	0.0005973484895806502
ENSG00000136238	0.0005957667514617106
ENSG00000105568	0.0005903588960210957
ENSG00000117461	0.0005883201895780751
ENSG00000103126	0.0005877311730945863
ENSG00000134086	0.0005842258071597383
ENSG00000173226	0.0005832014610604548
ENSG00000168214	0.0005809326185412076
ENSG00000113712	0.0005797617566876993
ENSG00000071051	0.0005784397488029305
ENSG00000108424	0.0005764243732026393
ENSG00000096968	0.0005754628168467338
ENSG00000198793	0.0005674474481221103
ENSG00000213341	0.0005634193096998705
ENSG00000101266	0.0005628650914564541
ENSG00000134853	0.0005574563662016213
ENSG00000149311	0.000554899568344412
ENSG00000213639	0.0005540087438193288
ENSG00000167193	0.0005525973274842864
ENSG00000115524	0.0005504367657263677
ENSG00000172534	0.0005468608420226138
ENSG00000171720	0.000544864744327764
ENSG00000109320	0.0005435611053263725
ENSG00000162434	0.0005396196197827195
ENSG00000182944	0.0005395974853770595
ENSG00000135486	0.0005370730473791841
ENSG00000077254	0.0005329053741127815
ENSG00000150093	0.0005324145027505734
ENSG00000253729	0.0005316843285407372
ENSG00000166736	0.0005259222634690487
ENSG00000162521	0.0005236683099908436
ENSG00000088986	0.0005216847127832602
ENSG00000140263	0.000518018284512147
ENSG00000166851	0.0005171663246596619
ENSG00000138071	0.0005170236851696017
ENSG00000166333	0.0005169980916205128
ENSG00000121774	0.0005148772673099588
ENSG00000147601	0.0005148070806361872
ENSG00000141646	0.0005131558886304568
ENSG00000001626	0.000510196137767797
ENSG00000135829	0.000505924065548544
ENSG00000136807	0.0005047293398194567
ENSG00000105401	0.0005019012270186474
ENSG00000113558	0.000500145093582134
ENSG00000166167	0.0004994986731590269
ENSG00000167770	0.0004983175089724319
ENSG00000066117	0.0004983082634087706
ENSG00000135316	0.0004973742302226065
ENSG00000074181	0.0004962179265866586
ENSG00000145715	0.0004959443019460605
ENSG00000161203	0.0004919282205848201
ENSG00000169375	0.0004902758699851141
ENSG00000029534	0.0004900430657267043
ENSG00000153201	0.0004891367008550328
ENSG00000276536	0.0004885965969888091
ENSG00000175104	0.00048467676644786293
ENSG00000116560	0.000483862378249483
ENSG00000169047	0.00048281217475857995
ENSG00000140464	0.00048107313829072023
ENSG00000111581	0.0004807189196160158
ENSG00000171862	0.0004791863450925094
ENSG00000075624	0.0004773660935957379
ENSG00000161011	0.00047499077757759227
ENSG00000184916	0.000474571864168548
ENSG00000070770	0.00047278297547806143
ENSG00000069956	0.00047260384508359386
ENSG00000108821	0.00046861529185270224
ENSG00000196535	0.0004684777698687155
ENSG00000167553	0.0004682200811393507
ENSG00000205937	0.00046546277001765937
ENSG00000148082	0.00046166048206669474
ENSG00000142192	0.0004613283503205677
ENSG00000274474	0.00045845557617025514
ENSG00000170367	0.0004582869544341308
ENSG00000106462	0.0004578487784837661
ENSG00000118007	0.00045771959183343327
ENSG00000104365	0.00045591170164358425
ENSG00000189079	0.00045587773065569555
ENSG00000162772	0.00045461665490606034
ENSG00000254087	0.000451572911009828
ENSG00000128513	0.00045010946936030076
ENSG00000188906	0.00044898681463048965
ENSG00000244462	0.00044856350458527056
ENSG00000196628	0.0004484546206800525
ENSG00000138798	0.00044784404855412435
ENSG00000275126	0.0004469935116812165
ENSG00000102054	0.0004462225456882959
ENSG00000196498	0.00044581909820046807
ENSG00000124151	0.00044527152824014326
ENSG00000128245	0.0004451758191423675
ENSG00000107643	0.00044457717416967286
ENSG00000057149	0.0004443652004149581
ENSG00000146047	0.00044275098875990425
ENSG00000131981	0.0004418303896029506
ENSG00000101361	0.0004398118481235367
ENSG00000175054	0.0004375138856954265
ENSG00000198646	0.0004365984990564401
ENSG00000082898	0.00043590051708792963
ENSG00000046651	0.00043588943809028395
ENSG00000103490	0.0004353128254068178
ENSG00000004975	0.000434905761930757
ENSG00000126457	0.0004348356078106452
ENSG00000158092	0.0004344912845642102
ENSG00000080503	0.00043443365398871726
ENSG00000124664	0.0004317862603567619
ENSG00000197461	0.0004312236619520124
ENSG00000037280	0.00043026571843638746
ENSG00000108468	0.00042974885511919364
ENSG00000116106	0.0004288852643420787
ENSG00000189403	0.0004285301764112717
ENSG00000135446	0.0004284502723070933
ENSG00000049618	0.00042831066866653723
ENSG00000101367	0.0004279354684756997
ENSG00000170345	0.00042533700626916295
ENSG00000101412	0.0004244978538801178
ENSG00000132646	0.0004239161114113584
ENSG00000130726	0.00042368582508582137
ENSG00000115484	0.00042306724347881627
ENSG00000181555	0.00042292070725805255
ENSG00000187555	0.00042273767134528727
ENSG00000115053	0.000422674819540276
ENSG00000108883	0.00042188944604838914
ENSG00000169032	0.0004213853658027364
ENSG00000113758	0.0004212941182281845
ENSG00000103197	0.0004208890472745446
ENSG00000124789	0.0004206465061999626
ENSG00000134250	0.0004201874021279975
ENSG00000113580	0.0004196245377529578
ENSG00000168646	0.0004186359449985195
ENSG00000055130	0.00041831517750605634
ENSG00000139618	0.00041681058936448456
ENSG00000165280	0.00041676039612953067
ENSG00000185359	0.0004162516547027518
ENSG00000056097	0.00041558560531560374
ENSG00000164327	0.0004154592392825193
ENSG00000273993	0.00041386332405189593
ENSG00000101109	0.00041379922137584155
ENSG00000105639	0.0004128536829209081
ENSG00000139613	0.00041237799515982506
ENSG00000183207	0.00041097671436967606
ENSG00000116977	0.00040963144044927886
ENSG00000137693	0.0004090386534946098
ENSG00000011426	0.00040801666807835054
ENSG00000176678	0.0004070309997655614
ENSG00000064989	0.00040693658905086385
ENSG00000143590	0.00040607638588332514
ENSG00000164597	0.0004058572156235769
ENSG00000099783	0.00040509570836709736
ENSG00000166266	0.0004034077380327813
ENSG00000061676	0.00040319916413503507
ENSG00000285246	0.0004031145721323175
ENSG00000174720	0.0004027628174667157
ENSG00000167552	0.00040260554137878116
ENSG00000196090	0.00040200937168495445
ENSG00000086758	0.0004010711932363573
ENSG00000166135	0.00040106753884393916
ENSG00000163131	0.0004006530521800158
ENSG00000058272	0.0004003607327389188
ENSG00000117713	0.00040011852432485446
ENSG00000143970	0.00040008868440687655
ENSG00000068078	0.0003994859977954873
ENSG00000114742	0.0003987719613089231
ENSG00000061273	0.0003982571377139559
ENSG00000154229	0.0003979780413734666
ENSG00000111679	0.0003978473514395711
ENSG00000167642	0.0003965327516267908
ENSG00000084676	0.00039488391299301074
ENSG00000141568	0.00039451468502609265
ENSG00000051382	0.0003943066359858179
ENSG00000115091	0.00039376558099282256
ENSG00000141543	0.00039348281947194545
ENSG00000130635	0.0003933161005783656
ENSG00000101945	0.00039201890535773507
ENSG00000182866	0.0003918560949869805
ENSG00000094916	0.00039016178089863935
ENSG00000104695	0.0003900185390180554
ENSG00000090060	0.00038966141774918737
ENSG00000146731	0.0003871247554431694
ENSG00000109452	0.00038698196026062785
ENSG00000175793	0.000385957673811298
ENSG00000010244	0.0003844686574133072
ENSG00000196419	0.0003828348709280326
ENSG00000099942	0.000382669240331104
ENSG00000243364	0.0003823186100390673
ENSG00000166848	0.00038204196123890803
ENSG00000173473	0.0003809321189991157
ENSG00000109685	0.0003799216003802518
ENSG00000143995	0.0003798107159455774
ENSG00000171456	0.0003793621326641512
ENSG00000101421	0.00037877268008403275
ENSG00000068024	0.00037852269729059165
ENSG00000108055	0.000378116564042809
ENSG00000085224	0.00037749522273440226
ENSG00000063244	0.00037507315320632005
ENSG00000172354	0.0003736353656301787
ENSG00000129351	0.00037290975793714516
ENSG00000171105	0.000371774606735357
ENSG00000183735	0.00036770390279909995
ENSG00000154188	0.0003669811382615745
ENSG00000109971	0.00036627624240445666
ENSG00000122565	0.00036550426797676085
ENSG00000172977	0.0003651983670467396
ENSG00000157764	0.0003651063492100462
ENSG00000105894	0.00036482939240868026
ENSG00000146834	0.00036405657227385295
ENSG00000143799	0.00036304300580167957
ENSG00000100906	0.000362948709012875
ENSG00000072803	0.00036143490145114945
ENSG00000129315	0.00036057726541263854
ENSG00000136518	0.00036032761335476576
ENSG00000051341	0.00036011272859508004
ENSG00000066468	0.00035907507384808844
ENSG00000136485	0.00035898625712319686
ENSG00000165916	0.0003582570916550036
ENSG00000137801	0.0003582479777709198
ENSG00000138668	0.0003577752090465304
ENSG00000163517	0.00035775257458987446
ENSG00000132535	0.000357720238439742
ENSG00000159692	0.0003576622515134732
ENSG00000167862	0.0003576176583917897
ENSG00000072518	0.00035690267938819575
ENSG00000105974	0.0003567842801590464
ENSG00000196396	0.0003565434240145183
ENSG00000148053	0.00035639837519775856
ENSG00000170248	0.00035613459527016506
ENSG00000197879	0.00035559286281964045
ENSG00000115415	0.0003555213011077528
ENSG00000118137	0.000355419479171629
ENSG00000071564	0.0003553660142494336
ENSG00000171723	0.0003552096472901999
ENSG00000198218	0.0003549033186179166
ENSG00000181852	0.0003547226560799324
ENSG00000143889	0.0003539333855523765
ENSG00000115808	0.0003537166604986533
ENSG00000122566	0.0003536769703734219
ENSG00000131467	0.00035357399970519193
ENSG00000184349	0.000353466941982326
ENSG00000108262	0.00035342881009487674
ENSG00000136450	0.00035293579172418894
ENSG00000079999	0.0003529207311791804
ENSG00000188529	0.00035287642953035704
ENSG00000138160	0.00035284559486170846
ENSG00000196712	0.0003515185468713992
ENSG00000126883	0.0003509704829772758
ENSG00000147274	0.0003508669241635988
ENSG00000075856	0.00035003209639062195
ENSG00000113194	0.00034861614072598365
ENSG00000165699	0.00034857779897114606
ENSG00000171956	0.0003480349686411893
ENSG00000275713	0.00034781108240644154
ENSG00000164508	0.000347386325100886
ENSG00000125266	0.00034686500104443555
ENSG00000015479	0.0003464280089033861
ENSG00000112559	0.0003460372264240105
ENSG00000141027	0.00034488299884569395
ENSG00000113916	0.0003445755565242509
ENSG00000163466	0.0003443048469739756
ENSG00000081154	0.0003434766335674101
ENSG00000288516	0.0003428101855107502
ENSG00000163513	0.0003427042011163124
ENSG00000114098	0.0003425072569591683
ENSG00000109606	0.00034214171256807753
ENSG00000136527	0.0003421222653873143
ENSG00000100346	0.0003416363245836797
ENSG00000170004	0.0003412938627402168
ENSG00000125686	0.00034124117585808075
ENSG00000147162	0.00034070386198200984
ENSG00000140937	0.0003399085846267423
ENSG00000186908	0.0003390020813180446
ENSG00000065978	0.00033896774893887584
ENSG00000213923	0.0003388234645926838
ENSG00000110092	0.00033876248979405194
ENSG00000111530	0.00033866157057899077
ENSG00000185634	0.000338647759308093
ENSG00000101126	0.00033858258047654637
ENSG00000165731	0.0003385468796981656
ENSG00000281324	0.0003374660329133997
ENSG00000139292	0.0003373039547486626
ENSG00000175602	0.0003367406821914744
ENSG00000131508	0.000336601199190575
ENSG00000047932	0.00033635931498374427
ENSG00000180900	0.00033603549851678763
ENSG00000135250	0.00033589522098950936
ENSG00000135111	0.00033568313974191924
ENSG00000198900	0.0003349498409003276
ENSG00000153827	0.00033460103865042126
ENSG00000100888	0.00033386641627054065
ENSG00000141968	0.0003337546770208171
ENSG00000140988	0.00033361830348401346
ENSG00000042753	0.0003335813751647896
ENSG00000198400	0.00033260797410694946
ENSG00000135100	0.00033260695985523234
ENSG00000077150	0.0003322461295399253
ENSG00000135624	0.0003316979697886934
ENSG00000170312	0.00033125122952913367
ENSG00000167751	0.000329706436726918
ENSG00000079387	0.00032853400415147084
ENSG00000079102	0.0003284683380924712
ENSG00000110713	0.0003281492287205716
ENSG00000100591	0.00032768938712543966
ENSG00000186350	0.0003271171097046848
ENSG00000196363	0.00032692660450156524
ENSG00000078369	0.00032613852583218873
ENSG00000054118	0.0003258639333075091
ENSG00000147133	0.0003250312155941295
ENSG00000075218	0.0003249454932774796
ENSG00000184675	0.00032462307926941277
ENSG00000132341	0.0003241242651620262
ENSG00000026025	0.0003239007873878873
ENSG00000067900	0.00032346918741304483
ENSG00000166233	0.0003234337616167721
ENSG00000100697	0.00032312813133707083
ENSG00000119335	0.0003225507346181691
ENSG00000142937	0.0003223873063464625
ENSG00000127329	0.0003220231681390129
ENSG00000163565	0.0003218983815918637
ENSG00000168412	0.00032165347245075715
ENSG00000067182	0.00032149362080868555
ENSG00000139350	0.00032128274390669616
ENSG00000260027	0.0003212675216331301
ENSG00000101146	0.00032113520075224453
ENSG00000114923	0.00032106073752402294
ENSG00000133124	0.0003207097699929412
ENSG00000161800	0.00032054375856672805
ENSG00000070371	0.0003195640535207896
ENSG00000168385	0.0003194583699737908
ENSG00000121022	0.0003193116923161488
ENSG00000114166	0.0003184403956938017
ENSG00000196923	0.0003182028840542186
ENSG00000126215	0.00031782544248819765
ENSG00000138795	0.0003177932074495788
ENSG00000180818	0.0003177120001375503
ENSG00000171608	0.0003174651756280146
ENSG00000083642	0.00031712759825512063
ENSG00000075785	0.0003170857609664577
ENSG00000187778	0.00031664503970401704
ENSG00000161202	0.00031627015086448026
ENSG00000124882	0.0003162491314441371
ENSG00000139219	0.00031607603099180075
ENSG00000163939	0.00031545641351166375
ENSG00000278372	0.00031532323785745173
ENSG00000088325	0.0003153003898637659
ENSG00000186575	0.0003151359316361335
ENSG00000084093	0.0003145217251068226
ENSG00000170471	0.0003135634196414837
ENSG00000078061	0.0003134983274578058
ENSG00000035403	0.0003133478885749041
ENSG00000166226	0.00031287669043305303
ENSG00000103266	0.0003120038112065407
ENSG00000082458	0.00031200189224721536
ENSG00000122952	0.0003118057123604058
ENSG00000104412	0.00031170744147560796
ENSG00000259207	0.00031142776965202253
ENSG00000135333	0.00031086215485271287
ENSG00000141867	0.00031057108863170527
ENSG00000011422	0.0003103436645110306
ENSG00000111276	0.00031026912182894223
ENSG00000197943	0.00031012981060364
ENSG00000198561	0.000309965018231566
ENSG00000171791	0.00030965218769374856
ENSG00000112592	0.0003091474770426171
ENSG00000173482	0.00030905260348436045
ENSG00000075711	0.0003090407128543752
ENSG00000163781	0.00030892284449561563
ENSG00000099956	0.00030839543735218576
ENSG00000087191	0.0003082714938122997
ENSG00000073350	0.000307926530721696
ENSG00000011304	0.000307752258672571
ENSG00000196914	0.00030773818775506627
ENSG00000187498	0.0003074599231465772
ENSG00000095002	0.00030742036661867464
ENSG00000172270	0.00030740636846228285
ENSG00000114978	0.00030734222343254617
ENSG00000149480	0.00030712189776882986
ENSG00000173801	0.0003070311790476353
ENSG00000135362	0.0003068145475537747
ENSG00000162385	0.0003066964759908715
ENSG00000137203	0.00030622325678582687
ENSG00000079246	0.0003061589956729354
ENSG00000140538	0.0003054464432542193
ENSG00000165671	0.0003052931369759048
ENSG00000065135	0.000305170108762186
ENSG00000053747	0.00030451773820101916
ENSG00000109738	0.0003044684914831603
ENSG00000115561	0.0003042887509573374
ENSG00000127445	0.0003037356330517588
ENSG00000146670	0.00030332825451813
ENSG00000120526	0.000302307220058691
ENSG00000239306	0.00030205793874965044
ENSG00000113140	0.0003016786669476102
ENSG00000051180	0.0003012812476595225
ENSG00000172845	0.000301255639264424
ENSG00000184634	0.0003007801612875607
ENSG00000069869	0.0003006770540996204
ENSG00000111711	0.000299137226240311
ENSG00000187790	0.0002990415731032793
ENSG00000175216	0.0002989676176733542
ENSG00000131759	0.0002984022186184328
ENSG00000142611	0.00029814445955482407
ENSG00000234651	0.00029780543698716623
ENSG00000014257	0.0002977881504720423
ENSG00000185811	0.0002977014268201148
ENSG00000134243	0.0002972577816496643
ENSG00000174197	0.0002972153460481422
ENSG00000136937	0.00029715423262049887
ENSG00000156983	0.00029713326527846303
ENSG00000004897	0.0002962146544361325
ENSG00000167460	0.00029617675749694
ENSG00000108561	0.000296061773274028
ENSG00000068489	0.0002958651636167772
ENSG00000198909	0.00029518939074508734
ENSG00000094631	0.0002947867763028186
ENSG00000188846	0.0002941730572393134
ENSG00000198815	0.00029402518035615964
ENSG00000115760	0.0002940240393448779
ENSG00000197930	0.0002939304905159115
ENSG00000147010	0.0002934352316803079
ENSG00000149269	0.00029301282698519364
ENSG00000179772	0.0002929494527005226
ENSG00000010438	0.00029275885183421607
ENSG00000168090	0.00029254994809738984
ENSG00000160310	0.0002925032497513843
ENSG00000101384	0.00029204583564769807
ENSG00000152455	0.0002920101093305127
ENSG00000139218	0.0002918130690177885
ENSG00000080839	0.00029143388561675036
ENSG00000163554	0.0002910955796905676
ENSG00000164885	0.0002906487358787306
ENSG00000121989	0.0002905832185188815
ENSG00000140262	0.0002904405150036635
ENSG00000080815	0.00029008338061817495
ENSG00000106211	0.0002899926593881843
ENSG00000123268	0.0002896661751144628
ENSG00000071626	0.0002895116594316643
ENSG00000131196	0.00028937979769283923
ENSG00000087586	0.00028853699859707226
ENSG00000138081	0.0002884754634668971
ENSG00000121481	0.0002883353384289174
ENSG00000107854	0.00028790189283009064
ENSG00000185920	0.00028741010026058243
ENSG00000137154	0.0002858638103387423
ENSG00000075413	0.0002852106211519751
ENSG00000081059	0.00028506281782658476
ENSG00000284901	0.00028467709120331427
ENSG00000055917	0.00028445641623448074
ENSG00000169217	0.0002838036052298198
ENSG00000110330	0.0002836227620176422
ENSG00000100311	0.00028358159495560755
ENSG00000104760	0.00028354342483820686
ENSG00000049130	0.0002834639767179908
ENSG00000120071	0.0002831135781892857
ENSG00000184009	0.0002831082873786624
ENSG00000113303	0.0002829196803640088
ENSG00000136699	0.00028277301172120376
ENSG00000107290	0.0002826734514908003
ENSG00000082014	0.00028231339828573563
ENSG00000105173	0.00028200854590549056
ENSG00000110244	0.0002819904067479972
ENSG00000155561	0.00028157866489708996
ENSG00000184432	0.00028156199697967595
ENSG00000114062	0.00028141222561129097
ENSG00000178919	0.0002812664364369398
ENSG00000104969	0.0002802908194779076
ENSG00000102755	0.00028013746684426113
ENSG00000152104	0.00028002080082839624
ENSG00000174243	0.00027980784731684296
ENSG00000275410	0.00027953848983676064
ENSG00000148773	0.00027940449304832143
ENSG00000076242	0.000278510786298993
ENSG00000102125	0.00027838977809476004
ENSG00000180370	0.00027826571239268177
ENSG00000184937	0.0002781253121998291
ENSG00000100985	0.00027764990375010143
ENSG00000137275	0.0002774846008292657
ENSG00000124225	0.0002771684930649094
ENSG00000134352	0.0002771526137069793
ENSG00000065970	0.00027711913210583803
ENSG00000089009	0.0002768705716134166
ENSG00000085415	0.00027624556933897917
ENSG00000115163	0.00027496451952856334
ENSG00000112164	0.000274358100775734
ENSG00000142230	0.00027362052674191536
ENSG00000278540	0.0002733183996358337
ENSG00000092199	0.00027324945100052744
ENSG00000167986	0.00027315054196187165
ENSG00000198176	0.00027305404491112864
ENSG00000114302	0.0002730063320839324
ENSG00000120733	0.00027289574010012577
ENSG00000134313	0.00027279819423069553
ENSG00000128016	0.00027257495815940044
ENSG00000143321	0.00027237601293772485
ENSG00000117399	0.00027235290906177015
ENSG00000138443	0.00027215260511022387
ENSG00000128709	0.0002719619233889761
ENSG00000187837	0.00027116092160603053
ENSG00000196367	0.0002706317541155533
ENSG00000165197	0.0002704366467513469
ENSG00000124171	0.000270390272629256
ENSG00000178691	0.00027025750322079195
ENSG00000144028	0.0002700129076129337
ENSG00000169231	0.0002695782783751336
ENSG00000137713	0.0002690825472131009
ENSG00000126934	0.00026905663057617943
ENSG00000154001	0.0002689820347234252
ENSG00000050628	0.00026886873476678974
ENSG00000084463	0.00026875704770871437
ENSG00000138061	0.00026844165548359493
ENSG00000123416	0.0002683668431654524
ENSG00000120948	0.0002682810115818505
ENSG00000100387	0.00026819690554451747
ENSG00000149308	0.00026814729427664243
ENSG00000142798	0.00026812223897791323
ENSG00000085832	0.0002678489960785695
ENSG00000113578	0.0002675543933468322
ENSG00000010017	0.00026733273993119954
ENSG00000134871	0.0002672365913435786
ENSG00000171094	0.00026689761440917733
ENSG00000160181	0.0002665794524929608
ENSG00000163798	0.0002664659076372169
ENSG00000160789	0.00026622991173289945
ENSG00000232960	0.00026606351197034224
ENSG00000119866	0.00026604204601946105
ENSG00000083635	0.00026542480126097223
ENSG00000143575	0.0002652425624408783
ENSG00000087245	0.000265234650350405
ENSG00000102178	0.0002646088801495348
ENSG00000102974	0.0002644466355108115
ENSG00000164109	0.0002636246428062882
ENSG00000169604	0.0002635515503879212
ENSG00000236177	0.00026353915420659663
ENSG00000091129	0.0002631070152227522
ENSG00000179776	0.00026270824361370804
ENSG00000070495	0.0002626103488273704
ENSG00000178084	0.00026221410584505373
ENSG00000119041	0.00026214616393465133
ENSG00000136754	0.000262005464847557
ENSG00000163930	0.0002616881903011738
ENSG00000116044	0.00026147514361005744
ENSG00000123908	0.000261315028553193
ENSG00000165434	0.0002611600134639102
ENSG00000164379	0.00026110918620417327
ENSG00000214819	0.0002611049708458963
ENSG00000029363	0.0002608395030255485
ENSG00000111206	0.00026075723079729715
ENSG00000180182	0.00026050237768834975
ENSG00000168961	0.0002597119236439582
ENSG00000134283	0.0002596740109929925
ENSG00000072501	0.0002596576256940086
ENSG00000092820	0.00025877216801709914
ENSG00000007372	0.00025876638033300707
ENSG00000186566	0.0002587437276296002
ENSG00000280548	0.0002587396136811612
ENSG00000138376	0.00025859681062111054
ENSG00000141570	0.00025834418365045946
ENSG00000177889	0.00025827577437204926
ENSG00000187109	0.00025811402982748845
ENSG00000005175	0.00025808284142550384
ENSG00000133703	0.00025796084298315334
ENSG00000082175	0.0002579543625215781
ENSG00000122545	0.0002577466550013445
ENSG00000168066	0.00025772698975740023
ENSG00000111605	0.00025744748982791364
ENSG00000048649	0.00025712653281685606
ENSG00000149554	0.0002569864192112466
ENSG00000170142	0.00025694860079728845
ENSG00000196290	0.0002568829162132425
ENSG00000157540	0.0002568005453450292
ENSG00000153107	0.0002566818641403412
ENSG00000165025	0.00025652466725866407
ENSG00000183337	0.00025638651343152304
ENSG00000159216	0.0002562286747658409
ENSG00000156970	0.0002558360866987774
ENSG00000179222	0.00025555405890335394
ENSG00000138685	0.0002554719921517427
ENSG00000142945	0.00025546627660959995
ENSG00000163629	0.00025542426277604704
ENSG00000198795	0.0002552952083835135
ENSG00000171552	0.00025522947670578156
ENSG00000143621	0.0002548735804839151
ENSG00000123154	0.0002546124227285328
ENSG00000077312	0.00025441929857073246
ENSG00000134318	0.0002541026719543896
ENSG00000125107	0.0002540377545626449
ENSG00000181392	0.0002539473331353422
ENSG00000124164	0.0002538019286407252
ENSG00000100151	0.00025372741319314916
ENSG00000163681	0.0002535981551662392
ENSG00000107890	0.000253236296027058
ENSG00000132964	0.0002530048131439593
ENSG00000101558	0.0002528551301967086
ENSG00000126777	0.0002526970542880718
ENSG00000149273	0.00025259357450397164
ENSG00000182220	0.0002525515320205716
ENSG00000198862	0.00025238102046757277
ENSG00000112739	0.00025236866247261506
ENSG00000153982	0.0002521671844326772
ENSG00000115839	0.00025204134324426916
ENSG00000157450	0.0002516714961318056
ENSG00000102977	0.0002508823252424283
ENSG00000139842	0.0002506063192090577
ENSG00000149136	0.00025047734870216765
ENSG00000213281	0.0002504021767515819
ENSG00000176105	0.0002502885417557235
ENSG00000135341	0.00025025729209343244
ENSG00000009954	0.00025004507246865934
ENSG00000143947	0.0002498571434568344
ENSG00000147804	0.00024978046229979405
ENSG00000163235	0.00024956956250069587
ENSG00000166508	0.0002495352065096754
ENSG00000124766	0.0002495102077131602
ENSG00000089159	0.0002494920111992175
ENSG00000130816	0.0002493146468284009
ENSG00000185627	0.0002492176395742932
ENSG00000164330	0.0002491578104410548
ENSG00000162735	0.0002490897000140702
ENSG00000050405	0.00024874320025271117
ENSG00000021826	0.0002485217892028023
ENSG00000033327	0.00024801470945935467
ENSG00000154473	0.0002472268675972338
ENSG00000124479	0.00024709801931212835
ENSG00000159352	0.00024647260713948964
ENSG00000055732	0.00024625688310698276
ENSG00000115421	0.00024593345403838755
ENSG00000119596	0.0002459253497592969
ENSG00000170144	0.0002455287842535916
ENSG00000173757	0.00024532698589412093
ENSG00000196235	0.0002452619781320185
ENSG00000175029	0.00024523318753452933
ENSG00000272886	0.00024517570668032064
ENSG00000038219	0.00024511339896617497
ENSG00000158290	0.0002450916081684938
ENSG00000066422	0.0002450507454163644
ENSG00000165156	0.0002449888370835827
ENSG00000025293	0.0002448754245079479
ENSG00000135945	0.0002447250566999603
ENSG00000258947	0.0002447068721024346
ENSG00000134057	0.000244652225533114
ENSG00000145386	0.0002444399347716877
ENSG00000065526	0.00024432638127458916
ENSG00000136504	0.00024424071502866833
ENSG00000134690	0.00024403715577097685
ENSG00000087087	0.0002439947155387881
ENSG00000115816	0.00024387393908387365
ENSG00000120899	0.00024373603099436006
ENSG00000168014	0.0002437064858038181
ENSG00000169313	0.0002436198555140411
ENSG00000157554	0.00024357432192447626
ENSG00000112290	0.00024355680462773214
ENSG00000168028	0.0002430437190572225
ENSG00000102226	0.0002428204554852769
ENSG00000103522	0.00024270984049689964
ENSG00000185269	0.00024268682772812946
ENSG00000122406	0.0002425588002690169
ENSG00000124466	0.00024229983216671257
ENSG00000110367	0.00024210441728607032
ENSG00000150753	0.00024204326480378778
ENSG00000163468	0.0002420338914924923
ENSG00000100083	0.0002419053816894576
ENSG00000122705	0.00024187003312668083
ENSG00000181449	0.0002416718212526165
ENSG00000063978	0.0002414171897158955
ENSG00000126581	0.00024116350703031267
ENSG00000078900	0.00024105326619153363
ENSG00000198522	0.0002408491982981918
ENSG00000278565	0.0002408479628296167
ENSG00000167258	0.0002407358641909105
ENSG00000130725	0.00024056331558029563
ENSG00000087365	0.00024054942518159442
ENSG00000125618	0.0002404289965017776
ENSG00000163909	0.00024036928257187995
ENSG00000143190	0.0002402537425598808
ENSG00000101966	0.0002401805284503386
ENSG00000182979	0.00023970593871890794
ENSG00000172046	0.00023966081314995519
ENSG00000198231	0.00023962031611668617
ENSG00000108654	0.00023956994716502357
ENSG00000166170	0.00023947774372147932
ENSG00000019991	0.00023944889741888382
ENSG00000106244	0.00023935744213358603
ENSG00000030066	0.00023907305984962926
ENSG00000008083	0.00023874005923226737
ENSG00000160007	0.0002386792342132325
ENSG00000047315	0.00023862564221637425
ENSG00000163040	0.0002382539977338908
ENSG00000170365	0.00023821870504240602
ENSG00000109321	0.0002381974206794087
ENSG00000147852	0.00023815432070615816
ENSG00000114354	0.0002380387476485861
ENSG00000011405	0.00023745584133118635
ENSG00000079616	0.00023742168774749226
ENSG00000182580	0.00023721623664757014
ENSG00000083845	0.00023718044323993822
ENSG00000196961	0.00023716680898995958
ENSG00000184486	0.00023684521311900005
ENSG00000186660	0.0002368408869741489
ENSG00000063177	0.00023661960769281684
ENSG00000138448	0.000235851991636627
ENSG00000112280	0.00023567514570979072
ENSG00000142515	0.00023509275680751523
ENSG00000108773	0.0002350618963863135
ENSG00000164171	0.0002349763746401473
ENSG00000126561	0.0002348759702729439
ENSG00000174106	0.00023467363473855335
ENSG00000198755	0.00023452995135130197
ENSG00000284915	0.00023443168330805785
ENSG00000070366	0.00023423817205864896
ENSG00000137309	0.0002340818121132425
ENSG00000159363	0.00023408138620623726
ENSG00000089902	0.00023400772258854
ENSG00000163872	0.00023396875566071386
ENSG00000160551	0.00023381873613640246
ENSG00000140396	0.00023380418251501967
ENSG00000060688	0.00023367750671929335
ENSG00000101213	0.00023355033564286743
ENSG00000173894	0.00023323689736398466
ENSG00000232810	0.0002332130666537903
ENSG00000171634	0.00023266182051854355
ENSG00000100485	0.00023265937433125918
ENSG00000049768	0.00023255325554978346
ENSG00000115207	0.00023239717157682254
ENSG00000006118	0.00023231333977202141
ENSG00000011465	0.00023219640563832463
ENSG00000143549	0.0002320740853368103
ENSG00000125450	0.00023203364734227335
ENSG00000196470	0.0002320071290815095
ENSG00000064012	0.0002319637747554705
ENSG00000133858	0.0002319400824124373
ENSG00000089199	0.0002314817956957606
ENSG00000102316	0.00023097129068997655
ENSG00000135932	0.00023093254042984442
ENSG00000056558	0.00023088934059561401
ENSG00000021776	0.00023085385155650773
ENSG00000129514	0.00023063055771309368
ENSG00000168883	0.00023024992165256473
ENSG00000108774	0.00023016595180313672
ENSG00000114450	0.00023011113960334683
ENSG00000129083	0.00022993813204392707
ENSG00000055332	0.00022987545265743954
ENSG00000167110	0.00022950838793600473
ENSG00000080345	0.00022936335284360883
ENSG00000133101	0.00022923640941458553
ENSG00000074266	0.00022919398817471514
ENSG00000136877	0.0002290767107823982
ENSG00000144554	0.0002288922650710213
ENSG00000127152	0.00022885044741082514
ENSG00000135999	0.00022868322126096756
ENSG00000054598	0.00022866111263020818
ENSG00000151929	0.00022861980996973733
ENSG00000073111	0.00022837445249953095
ENSG00000166681	0.00022819961979278264
ENSG00000186340	0.00022805827017799958
ENSG00000176749	0.00022792029832028763
ENSG00000102900	0.00022777819726837065
ENSG00000172757	0.00022772565290835107
ENSG00000198890	0.00022767670425142178
ENSG00000121067	0.00022764166774386405
ENSG00000227046	0.00022754856051193534
ENSG00000157168	0.0002274664276912632
ENSG00000149575	0.00022736219347983585
ENSG00000044115	0.00022703089872800532
ENSG00000135018	0.000226669085907415
ENSG00000171109	0.0002265954243973241
ENSG00000063660	0.00022637843433720754
ENSG00000074657	0.00022623903011467357
ENSG00000111145	0.00022618000840833103
ENSG00000165724	0.00022603038093010306
ENSG00000145425	0.0002259674755095701
ENSG00000096717	0.00022590551884225327
ENSG00000241553	0.00022570513533399687
ENSG00000163510	0.00022537447666469724
ENSG00000168002	0.00022530027031205678
ENSG00000074219	0.00022516985531506633
ENSG00000183431	0.00022495126915972671
ENSG00000125835	0.0002248536651420441
ENSG00000184281	0.0002248447732302798
ENSG00000136940	0.00022465421115571877
ENSG00000139154	0.00022426630098592554
ENSG00000160957	0.00022420202601707438
ENSG00000005075	0.00022386179554420772
ENSG00000175166	0.0002238613313280988
ENSG00000159140	0.00022364174747529944
ENSG00000106799	0.00022360817959443083
ENSG00000119760	0.00022354223130762743
ENSG00000034713	0.00022349274181125974
ENSG00000135392	0.00022329201248651504
ENSG00000136875	0.00022313198661023378
ENSG00000148396	0.0002230910243673131
ENSG00000197102	0.0002230106576520658
ENSG00000076003	0.00022294087351470835
ENSG00000060339	0.00022286106180719004
ENSG00000118689	0.00022283284613216069
ENSG00000089157	0.0002224883351776423
ENSG00000108671	0.00022245538939221987
ENSG00000136824	0.00022232053840543148
ENSG00000066032	0.00022222548264875898
ENSG00000067369	0.00022218754229082102
ENSG00000122008	0.00022209649757012022
ENSG00000123358	0.00022207742681578367
ENSG00000116675	0.00022199216864366298
ENSG00000133216	0.00022196880050174864
ENSG00000150907	0.00022196233037870372
ENSG00000136715	0.00022171366385901923
ENSG00000100519	0.0002217042113480259
ENSG00000078142	0.00022104159590496264
ENSG00000126012	0.00022075634266134552
ENSG00000172939	0.00022066152476985063
ENSG00000128656	0.00022059898766722163
ENSG00000111087	0.0002205156696779192
ENSG00000170606	0.00022047140462923162
ENSG00000100462	0.0002203888247275997
ENSG00000157193	0.0002203240814423716
ENSG00000169252	0.00022018802558571962
ENSG00000101096	0.00022017591024781037
ENSG00000138336	0.0002201649412223833
ENSG00000115145	0.0002200453544588184
ENSG00000128731	0.00022003000908287228
ENSG00000103932	0.00021983807360176892
ENSG00000050820	0.0002192317865890939
ENSG00000078399	0.00021915919706924162
ENSG00000087460	0.00021898164374581347
ENSG00000117748	0.000218812580988724
ENSG00000133884	0.00021840945318868369
ENSG00000155438	0.0002182578270950973
ENSG00000138246	0.00021809116251815595
ENSG00000181638	0.00021805733637373143
ENSG00000158773	0.00021795990833542098
ENSG00000164754	0.00021766431068384633
ENSG00000138180	0.00021758053612024562
ENSG00000185950	0.00021756790259561866
ENSG00000112640	0.00021754982000807684
ENSG00000103363	0.00021753711454206516
ENSG00000145833	0.00021723983244628387
ENSG00000101336	0.00021720562002361594
ENSG00000130702	0.00021707393117195215
ENSG00000113649	0.0002170428452480232
ENSG00000008869	0.00021694691254215036
ENSG00000099949	0.00021690467887397586
ENSG00000074319	0.00021680777438218344
ENSG00000154342	0.0002167975063639154
ENSG00000173020	0.0002166881118832342
ENSG00000006125	0.00021630033771289367
ENSG00000197860	0.00021629112139879544
ENSG00000154928	0.00021616126926222526
ENSG00000142534	0.0002161229738437306
ENSG00000100813	0.00021604127406496429
ENSG00000076108	0.00021580978125486906
ENSG00000104320	0.0002154999981138756
ENSG00000167522	0.00021547653665360058
ENSG00000080986	0.00021541375309475604
ENSG00000204843	0.0002153786938684495
ENSG00000188313	0.00021521121345823615
ENSG00000105723	0.00021521051302254978
ENSG00000122778	0.00021514842442165165
ENSG00000002330	0.00021512350859247557
ENSG00000067225	0.0002150810293442583
ENSG00000142875	0.0002149593233011654
ENSG00000162946	0.00021492652122376442
ENSG00000131747	0.00021485639408935694
ENSG00000154493	0.00021474078277603151
ENSG00000177463	0.0002147280765179324
ENSG00000134954	0.000214655246933493
ENSG00000015285	0.00021458497801257374
ENSG00000068796	0.00021443883863271336
ENSG00000112081	0.00021430172325010926
ENSG00000283777	0.00021422103603600844
ENSG00000144747	0.00021387924772696965
ENSG00000142627	0.00021384773807703322
ENSG00000070756	0.00021375132795771636
ENSG00000106459	0.00021366682618121648
ENSG00000073584	0.0002135747973014916
ENSG00000211456	0.00021337294391036171
ENSG00000169016	0.00021333038254786298
ENSG00000124813	0.00021323629136766204
ENSG00000112715	0.00021316937614424884
ENSG00000164587	0.00021300342714189002
ENSG00000161016	0.0002129275430256381
ENSG00000078747	0.0002129226037183608
ENSG00000135655	0.00021273432325091447
ENSG00000138778	0.00021259842971068637
ENSG00000104723	0.00021256755337347293
ENSG00000143546	0.00021254647740427335
ENSG00000187323	0.00021232301673503452
ENSG00000198242	0.0002119557772041625
ENSG00000090061	0.00021185198675081156
ENSG00000127838	0.00021180118699342822
ENSG00000144744	0.00021171591463771096
ENSG00000169679	0.00021160848853678035
ENSG00000127824	0.00021157248281482646
ENSG00000166225	0.0002115580067103305
ENSG00000153147	0.00021148556798709898
ENSG00000274442	0.00021148078805939742
ENSG00000070182	0.00021147387496065975
ENSG00000162736	0.00021139078356576438
ENSG00000187391	0.00021135806335016643
ENSG00000157349	0.00021135399123752596
ENSG00000104738	0.00021132450338094932
ENSG00000167004	0.00021122380884897588
ENSG00000132170	0.00021112342950415267
ENSG00000114956	0.00021088489094871454
ENSG00000129245	0.0002107818135305816
ENSG00000114346	0.00021064775427828277
ENSG00000171992	0.00021062999770766455
ENSG00000105221	0.0002105463593838201
ENSG00000102978	0.00021053334476751694
ENSG00000137776	0.00021050015139561482
ENSG00000104897	0.0002104802272670091
ENSG00000125484	0.0002102583548729024
ENSG00000180198	0.00021006774342460837
ENSG00000167088	0.00021004877064846825
ENSG00000178104	0.00020997890019308936
ENSG00000157110	0.00020982922046940724
ENSG00000151503	0.00020978064558043355
ENSG00000100811	0.00020976439122149775
ENSG00000100281	0.00020949564358500666
ENSG00000137814	0.00020897639743335498
ENSG00000082397	0.00020892641365687312
ENSG00000131462	0.00020889297724540847
ENSG00000140992	0.00020885077105257358
ENSG00000099341	0.00020878249349687295
ENSG00000088930	0.0002087230356122167
ENSG00000115233	0.00020861352355770402
ENSG00000186487	0.0002080576959086724
ENSG00000168259	0.0002080403208023421
ENSG00000094880	0.00020788968641392998
ENSG00000162607	0.0002078724055220959
ENSG00000134138	0.00020771103182466328
ENSG00000168411	0.00020770390985730855
ENSG00000149503	0.00020763044534071067
ENSG00000170242	0.00020728838070339006
ENSG00000119772	0.00020715207400003223
ENSG00000007384	0.00020707110140318682
ENSG00000128567	0.0002070047528530038
ENSG00000169750	0.00020679528163924154
ENSG00000175595	0.0002067249139952704
ENSG00000047410	0.00020659625671908853
ENSG00000144566	0.0002065943761733503
ENSG00000133704	0.0002064486252955853
ENSG00000156052	0.00020638790958267997
ENSG00000113368	0.00020631310117636025
ENSG00000065243	0.0002061246530711192
ENSG00000099995	0.00020607692596946291
ENSG00000136944	0.00020586836438636622
ENSG00000171475	0.00020576581242602167
ENSG00000197756	0.00020569126912068145
ENSG00000165480	0.000205582931031162
ENSG00000145335	0.000205481643642709
ENSG00000170759	0.00020545745282555817
ENSG00000173692	0.0002053276477672812
ENSG00000125651	0.00020531113837192203
ENSG00000127337	0.00020494678240219215
ENSG00000118985	0.00020486637149163528
ENSG00000121903	0.0002048228574215965
ENSG00000127946	0.0002047510603638862
ENSG00000163558	0.00020454949771495865
ENSG00000142168	0.00020453644192712728
ENSG00000007168	0.00020448670705916315
ENSG00000005007	0.0002044004939099978
ENSG00000117560	0.00020436898992151669
ENSG00000197299	0.00020432718532582082
ENSG00000189056	0.00020382580688142299
ENSG00000106299	0.0002038226738229277
ENSG00000163918	0.00020381980321204873
ENSG00000175426	0.0002035296471535663
ENSG00000167965	0.00020333322058036836
ENSG00000163877	0.0002032802353907178
ENSG00000108946	0.00020315352913012863
ENSG00000105810	0.00020312447163395986
ENSG00000138592	0.00020306396286420112
ENSG00000164692	0.0002030506362725649
ENSG00000132383	0.00020291302812221413
ENSG00000203852	0.00020279748961070653
ENSG00000232575	0.00020278441689962554
ENSG00000183808	0.00020275554936050226
ENSG00000040275	0.0002025990767844989
ENSG00000139620	0.00020220330873096053
ENSG00000142173	0.00020196949518102393
ENSG00000165506	0.00020183007150637985
ENSG00000149636	0.00020181447787435
ENSG00000164093	0.00020177635302367838
ENSG00000111596	0.00020174199945926033
ENSG00000107159	0.00020152942067651778
ENSG00000105887	0.00020151756821793908
ENSG00000157227	0.00020151092297669002
ENSG00000020922	0.00020138722562804302
ENSG00000141738	0.00020126901879956102
ENSG00000163785	0.00020098212740805293
ENSG00000128908	0.00020085047095824417
ENSG00000170581	0.00020082292337978572
ENSG00000145216	0.00020081488716158452
ENSG00000144224	0.0002005677229526117
ENSG00000087206	0.00020056374472156107
ENSG00000135164	0.00020055284499121854
ENSG00000113739	0.0002004643732055706
ENSG00000145604	0.0002003464310630145
ENSG00000161638	0.00020016616023771954
ENSG00000164916	0.0001999682685694336
ENSG00000174059	0.00019992778953473205
ENSG00000099817	0.0001998794599489816
ENSG00000116871	0.00019987554954216136
ENSG00000176692	0.00019981377481727086
ENSG00000108375	0.00019970630583008642
ENSG00000176165	0.00019970055766032103
ENSG00000163399	0.00019969365953749935
ENSG00000163960	0.0001996530431196504
ENSG00000115306	0.00019961188505573412
ENSG00000101868	0.00019960955088819994
ENSG00000257923	0.00019944506340524828
ENSG00000074054	0.00019942559153699594
ENSG00000198121	0.00019904047038131148
ENSG00000234495	0.0001990287171423435
ENSG00000132604	0.000198620363839066
ENSG00000166145	0.00019804296715131818
ENSG00000227345	0.0001980146588245662
ENSG00000145907	0.00019750126444719585
ENSG00000168137	0.00019749970461776226
ENSG00000143228	0.0001971706468739251
ENSG00000167601	0.0001969867389912442
ENSG00000065883	0.00019697513686284617
ENSG00000108094	0.00019697458731373008
ENSG00000067606	0.0001969707455175078
ENSG00000179526	0.00019685214919872753
ENSG00000234616	0.0001968482562759792
ENSG00000196781	0.00019684693871759558
ENSG00000198033	0.00019659084811448008
ENSG00000140525	0.00019640191592023475
ENSG00000198681	0.00019621001868631765
ENSG00000100764	0.00019614020468749764
ENSG00000122257	0.00019612221848158522
ENSG00000198399	0.00019594572635309366
ENSG00000172216	0.00019587691860443573
ENSG00000140382	0.00019560243450736242
ENSG00000095015	0.00019558491661826098
ENSG00000017260	0.0001954982717235136
ENSG00000087088	0.0001954805468392261
ENSG00000136930	0.0001952695284383513
ENSG00000167085	0.0001952327385605264
ENSG00000148175	0.00019521549873585293
ENSG00000078098	0.00019513159317391827
ENSG00000163932	0.00019503555812033825
ENSG00000104375	0.0001949904978270162
ENSG00000188986	0.0001949319026940428
ENSG00000119684	0.00019481325545231504
ENSG00000163564	0.00019480509769756303
ENSG00000205413	0.000194796922789656
ENSG00000093009	0.00019453699874281803
ENSG00000131095	0.00019451640982450088
ENSG00000006062	0.00019447591749812668
ENSG00000183741	0.00019442410379779838
ENSG00000023516	0.0001943643613113651
ENSG00000134371	0.00019436136399620112
ENSG00000110321	0.0001943529646642718
ENSG00000116489	0.00019423162020465058
ENSG00000081189	0.00019420719407088442
ENSG00000062650	0.00019399610348634706
ENSG00000096063	0.0001939441881031014
ENSG00000132906	0.00019393312077328162
ENSG00000160973	0.00019379687265968755
ENSG00000140836	0.0001937106739464386
ENSG00000137770	0.00019364929731248578
ENSG00000198300	0.00019352820145444782
ENSG00000110906	0.00019343439629821964
ENSG00000124486	0.0001933620249755083
ENSG00000138231	0.0001933599540458482
ENSG00000114353	0.00019328266925352098
ENSG00000050748	0.0001931814193548283
ENSG00000135063	0.00019305359462351167
ENSG00000197386	0.0001929161643328769
ENSG00000087152	0.0001928497253857311
ENSG00000178950	0.00019284495314324587
ENSG00000167447	0.0001928382663869855
ENSG00000164091	0.0001927813331832932
ENSG00000158636	0.00019273096631856648
ENSG00000123159	0.00019265469347942506
ENSG00000184347	0.00019265395984467804
ENSG00000180228	0.00019253449447017692
ENSG00000078674	0.00019253087213379913
ENSG00000175416	0.0001924935771566762
ENSG00000072110	0.0001923359574211832
ENSG00000183530	0.0001923339673764972
ENSG00000185787	0.00019227991984309612
ENSG00000083857	0.0001920900394186569
ENSG00000047579	0.00019193507761185817
ENSG00000171735	0.00019174192923690744
ENSG00000117222	0.00019171512528216172
ENSG00000095787	0.00019166621324264317
ENSG00000150347	0.00019165717206773557
ENSG00000204104	0.0001916553316207297
ENSG00000204217	0.00019123282633543828
ENSG00000013810	0.00019102441963968653
ENSG00000018236	0.0001910235607431227
ENSG00000264364	0.00019101114008195314
ENSG00000119953	0.00019096658164436604
ENSG00000127914	0.0001909381427215136
ENSG00000125676	0.00019091023179764716
ENSG00000164548	0.00019084448897390907
ENSG00000198382	0.00019084293349010828
ENSG00000109381	0.00019081512760308657
ENSG00000087053	0.00019078552089447437
ENSG00000144736	0.0001907239606197446
ENSG00000108443	0.0001906339023756545
ENSG00000175832	0.0001905358553361865
ENSG00000161526	0.00019016612721470627
ENSG00000198286	0.00019010931649899993
ENSG00000139624	0.00018994210366657957
ENSG00000110696	0.00018993267813764966
ENSG00000062822	0.00018985245438423392
ENSG00000105854	0.00018982327602878142
ENSG00000083312	0.0001898211187903764
ENSG00000135966	0.00018950627773779916
ENSG00000127955	0.00018930544176349356
ENSG00000109103	0.0001893009517149562
ENSG00000185697	0.00018908767242303994
ENSG00000028116	0.00018908699912158222
ENSG00000179218	0.00018903307372788097
ENSG00000184005	0.00018895644511941745
ENSG00000108511	0.00018891930743659852
ENSG00000036828	0.00018874387138143538
ENSG00000067596	0.00018861489544158355
ENSG00000174953	0.00018854895275780337
ENSG00000196510	0.00018845260093654752
ENSG00000106683	0.0001884482555521848
ENSG00000159377	0.0001883284371920115
ENSG00000143258	0.00018827729312048496
ENSG00000168702	0.00018820992697049326
ENSG00000146143	0.00018816771372285517
ENSG00000169813	0.00018816408067879605
ENSG00000153339	0.00018803445923697292
ENSG00000137575	0.00018797168667027757
ENSG00000131876	0.0001877814010130954
ENSG00000100473	0.0001877345764310155
ENSG00000175115	0.0001873063986326185
ENSG00000143079	0.00018720543190519956
ENSG00000136897	0.00018712417657879623
ENSG00000154582	0.00018698560953535722
ENSG00000120063	0.00018683678670104265
ENSG00000008735	0.00018674412803529265
ENSG00000142731	0.00018653397571870344
ENSG00000095319	0.00018616973289564155
ENSG00000137270	0.00018616537689063637
ENSG00000111653	0.00018604900635557886
ENSG00000178999	0.00018601432396978668
ENSG00000103653	0.0001859609159046198
ENSG00000275885	0.00018585214552116223
ENSG00000164362	0.00018575398612197957
ENSG00000133110	0.00018570280137184255
ENSG00000174579	0.00018566292115700027
ENSG00000100796	0.00018564290645515833
ENSG00000021574	0.00018562347784548851
ENSG00000133226	0.000185598960723486
ENSG00000028137	0.00018541801148508954
ENSG00000181090	0.00018540450287490558
ENSG00000196159	0.00018538601655826008
ENSG00000115020	0.0001853703537729523
ENSG00000144381	0.00018518967664997384
ENSG00000156299	0.00018509962377062818
ENSG00000086827	0.0001850313786951268
ENSG00000162337	0.00018490793811749357
ENSG00000110700	0.00018484938918421364
ENSG00000160867	0.0001848409648197674
ENSG00000160633	0.00018484090463999947
ENSG00000164164	0.00018478357439656042
ENSG00000116918	0.00018473817718973415
ENSG00000105193	0.00018465722184176983
ENSG00000136436	0.00018461381632410844
ENSG00000092969	0.00018454124503915813
ENSG00000143294	0.00018422891584698526
ENSG00000111229	0.00018401252761958534
ENSG00000186472	0.0001839295065689296
ENSG00000162613	0.00018377460819734133
ENSG00000163635	0.00018376457832964838
ENSG00000077549	0.0001836928464670759
ENSG00000163636	0.00018361852163833016
ENSG00000107404	0.00018344487269050688
ENSG00000151694	0.00018343306180429895
ENSG00000101680	0.0001832444752943778
ENSG00000075188	0.00018320899020139462
ENSG00000125845	0.00018305874675561486
ENSG00000162552	0.00018305288548890156
ENSG00000283780	0.0001829845770377612
ENSG00000198752	0.00018283518184903527
ENSG00000147604	0.00018281891490590208
ENSG00000125810	0.00018268709249158168
ENSG00000146463	0.00018268624067752695
ENSG00000129084	0.00018257426745051295
ENSG00000189091	0.00018245301137698975
ENSG00000107581	0.00018232176650966064
ENSG00000173821	0.0001822890309848585
ENSG00000127837	0.00018203237210124312
ENSG00000133056	0.00018202991203624365
ENSG00000137285	0.0001820229770863258
ENSG00000106049	0.00018173686058545573
ENSG00000123610	0.00018160350548246493
ENSG00000115138	0.00018146521216826615
ENSG00000182149	0.00018135476117955482
ENSG00000095139	0.00018118375555946101
ENSG00000129515	0.00018091044300432046
ENSG00000062524	0.0001807614250197877
ENSG00000152242	0.00018071636983243338
ENSG00000181104	0.00018070817168266707
ENSG00000120696	0.00018067989324242002
ENSG00000163320	0.00018048238709688556
ENSG00000132470	0.00018046609107893712
ENSG00000111785	0.00018032256702831768
ENSG00000196455	0.00018025684940586062
ENSG00000166265	0.0001802312304138868
ENSG00000169727	0.00018020250938014402
ENSG00000100316	0.0001801770175631736
ENSG00000181929	0.00018010046899377094
ENSG00000112118	0.00017975824525753888
ENSG00000074603	0.00017973130071520288
ENSG00000135451	0.00017959861102318162
ENSG00000187672	0.00017958063224400946
ENSG00000169676	0.0001795526222082952
ENSG00000094804	0.00017937322218998053
ENSG00000232045	0.00017927901887394667
ENSG00000073282	0.00017912394189142618
ENSG00000168785	0.0001791187658541407
ENSG00000111445	0.00017908160898977144
ENSG00000008018	0.0001790687402198942
ENSG00000170633	0.00017895419918919622
ENSG00000196305	0.00017894720721182988
ENSG00000186716	0.0001788844214306915
ENSG00000066336	0.00017875450500623327
ENSG00000083168	0.00017865878031722544
ENSG00000151725	0.0001782704053390644
ENSG00000185736	0.00017823421851683442
ENSG00000085840	0.0001782152787518335
ENSG00000114554	0.00017817485793439016
ENSG00000168439	0.00017815128204698465
ENSG00000110680	0.00017810350220693027
ENSG00000102225	0.0001780028257837806
ENSG00000125633	0.00017798263857224606
ENSG00000125398	0.00017795150043643034
ENSG00000204673	0.00017786787752990438
ENSG00000285379	0.00017778323249005947
ENSG00000111640	0.00017764048662173852
ENSG00000130294	0.00017757937884094405
ENSG00000142156	0.00017754032987839645
ENSG00000274352	0.00017750084301571963
ENSG00000163714	0.00017741666231202498
ENSG00000170315	0.0001772802736330014
ENSG00000164190	0.00017726070605757942
ENSG00000171560	0.00017714383231172897
ENSG00000030110	0.00017707489191028106
ENSG00000119699	0.00017682040611557634
ENSG00000104517	0.00017657068477869642
ENSG00000065328	0.00017650036682731799
ENSG00000131473	0.0001764935741321124
ENSG00000024048	0.0001764545891474827
ENSG00000123066	0.00017620673818261374
ENSG00000172530	0.00017618296227899226
ENSG00000134215	0.0001760474754519291
ENSG00000198034	0.00017602928149561343
ENSG00000106144	0.00017600390322954288
ENSG00000163507	0.00017587655242263698
ENSG00000102606	0.00017568447010987587
ENSG00000163814	0.00017563493899665168
ENSG00000149582	0.0001756280661415301
ENSG00000075292	0.00017557904775244903
ENSG00000102218	0.0001755558925390873
ENSG00000011243	0.00017555312966671647
ENSG00000085563	0.0001753933504939811
ENSG00000164050	0.00017535482309488756
ENSG00000164032	0.00017522178934927375
ENSG00000114391	0.00017519515129253704
ENSG00000156931	0.00017512289012385347
ENSG00000161057	0.00017506650094094599
ENSG00000165525	0.00017497992488286983
ENSG00000138757	0.00017497343964139586
ENSG00000138413	0.0001749368733221803
ENSG00000031823	0.00017478954682966806
ENSG00000136352	0.00017447723804797503
ENSG00000121892	0.0001743583924854244
ENSG00000131023	0.00017435645965508103
ENSG00000109534	0.0001742866735633314
ENSG00000076321	0.00017428564661358748
ENSG00000123485	0.00017421565092486045
ENSG00000188641	0.0001741832573280395
ENSG00000173889	0.00017416678488762924
ENSG00000160679	0.00017412503895902081
ENSG00000151148	0.00017412341030658356
ENSG00000140807	0.00017406835054831394
ENSG00000185559	0.00017404873401018198
ENSG00000121621	0.0001740342111096711
ENSG00000128833	0.0001739679823897026
ENSG00000118046	0.000173954799052188
ENSG00000124788	0.00017386109348163493
ENSG00000164687	0.00017382352218243125
ENSG00000062725	0.00017382166905130053
ENSG00000102572	0.0001738203946758914
ENSG00000172716	0.00017379229832940085
ENSG00000285435	0.00017366165180783823
ENSG00000083093	0.00017363156472069118
ENSG00000182504	0.0001735403189058167
ENSG00000122958	0.0001735328365669917
ENSG00000111817	0.0001732168602192605
ENSG00000113569	0.0001731613985283701
ENSG00000175390	0.00017313543511576955
ENSG00000126945	0.00017310988192851978
ENSG00000157212	0.00017310528697872543
ENSG00000145990	0.00017307632960172082
ENSG00000145817	0.00017296461611466908
ENSG00000107164	0.00017293063797647432
ENSG00000143499	0.00017276696635650014
ENSG00000060749	0.00017272836674777606
ENSG00000109332	0.0001727056515721484
ENSG00000111652	0.00017259006798313022
ENSG00000263236	0.0001725380685074432
ENSG00000142541	0.00017247905373450875
ENSG00000205250	0.00017210680384941232
ENSG00000145979	0.00017204372695796044
ENSG00000198876	0.00017195610432032716
ENSG00000187605	0.00017192783459745782
ENSG00000138326	0.00017186378985597795
ENSG00000071082	0.0001718573809150868
ENSG00000101752	0.0001718384617780692
ENSG00000125952	0.00017165422160739225
ENSG00000100425	0.00017160859844230232
ENSG00000166598	0.00017147041765621312
ENSG00000070367	0.0001714700588205249
ENSG00000115085	0.00017139199914398105
ENSG00000072401	0.0001712922310885597
ENSG00000167670	0.00017118681482412008
ENSG00000089234	0.00017116660819669282
ENSG00000149305	0.00017108300467605624
ENSG00000007923	0.00017096536822256927
ENSG00000108587	0.00017077024560349782
ENSG00000119203	0.00017074510409477144
ENSG00000099250	0.00017073913432971263
ENSG00000099917	0.00017071496934114826
ENSG00000124422	0.00017054540672998856
ENSG00000069248	0.00017053712738462733
ENSG00000137807	0.00017050181818048475
ENSG00000161277	0.00017039961947792662
ENSG00000147789	0.00017021279809931202
ENSG00000166855	0.00017018168108892163
ENSG00000158402	0.00017012415349966094
ENSG00000198728	0.00017010884116914492
ENSG00000007392	0.00016995535147912164
ENSG00000064933	0.00016987923735275665
ENSG00000104833	0.00016984971340716195
ENSG00000153094	0.000169816191861195
ENSG00000138092	0.00016977960386470507
ENSG00000221983	0.00016977601755906283
ENSG00000111737	0.00016973239669705085
ENSG00000105640	0.00016962413386527298
ENSG00000141293	0.00016960311001388293
ENSG00000142453	0.00016951248364172487
ENSG00000087470	0.00016943160374244807
ENSG00000155097	0.00016942757383687926
ENSG00000101407	0.00016938820846704492
ENSG00000196549	0.0001693217994247748
ENSG00000134748	0.00016930201679018534
ENSG00000149133	0.00016893645977263686
ENSG00000119487	0.00016889982565859078
ENSG00000026103	0.0001688764442797515
ENSG00000037749	0.0001687282961449712
ENSG00000135720	0.0001686482455100489
ENSG00000087077	0.00016855823904961175
ENSG00000114744	0.00016854669265321123
ENSG00000134644	0.0001684789585970678
ENSG00000176014	0.00016845438973998734
ENSG00000135040	0.00016843074366067624
ENSG00000144810	0.0001681455033573873
ENSG00000167526	0.00016813353073543224
ENSG00000165304	0.00016812625611247435
ENSG00000063046	0.00016801969141528778
ENSG00000157456	0.0001677923280262926
ENSG00000101849	0.00016776458797993057
ENSG00000170852	0.00016773529389462702
ENSG00000041357	0.00016768430496094566
ENSG00000011451	0.00016764580087925306
ENSG00000174371	0.00016759386033806525
ENSG00000117000	0.0001675329596662949
ENSG00000100614	0.00016741418704575625
ENSG00000087338	0.00016739095513083766
ENSG00000175866	0.00016736693333776288
ENSG00000103264	0.00016716877886248144
ENSG00000155760	0.0001671299240026175
ENSG00000288325	0.00016710039297066084
ENSG00000125991	0.00016695538740306253
ENSG00000154945	0.00016694470255141513
ENSG00000101654	0.00016691392278638033
ENSG00000057935	0.0001667289708202656
ENSG00000169221	0.00016667592641165605
ENSG00000106290	0.00016663711519771077
ENSG00000092201	0.0001665576951345305
ENSG00000139990	0.0001665118866138391
ENSG00000108344	0.00016634634714576707
ENSG00000115694	0.00016631631334110405
ENSG00000167491	0.00016630986772866115
ENSG00000073921	0.00016629237669375655
ENSG00000106723	0.00016624048512116718
ENSG00000105397	0.00016622464807949044
ENSG00000185483	0.0001661952052740714
ENSG00000158560	0.00016602396046936464
ENSG00000167535	0.00016598560627155098
ENSG00000160999	0.0001658478078592053
ENSG00000215301	0.00016576789268273441
ENSG00000068654	0.00016575388154190654
ENSG00000143398	0.0001657237791433471
ENSG00000124571	0.00016555169374441923
ENSG00000111247	0.00016541648285165698
ENSG00000066056	0.0001654101883042197
ENSG00000109805	0.00016537092453446873
ENSG00000268447	0.00016529594493566241
ENSG00000166501	0.00016512702495490123
ENSG00000081014	0.0001651141462674277
ENSG00000122692	0.00016500994123331268
ENSG00000115170	0.00016491793342759175
ENSG00000164078	0.0001648963791709461
ENSG00000143322	0.00016476686206797706
ENSG00000120217	0.0001647523166873089
ENSG00000103549	0.00016459160273244556
ENSG00000167005	0.00016450219976227396
ENSG00000122299	0.00016446234804412402
ENSG00000136381	0.00016441841306412825
ENSG00000156261	0.00016432954911015576
ENSG00000172466	0.000164169543500197
ENSG00000106346	0.0001641451389414356
ENSG00000100280	0.0001641411711478094
ENSG00000115827	0.00016406415096400934
ENSG00000135387	0.00016405172940733612
ENSG00000188895	0.0001640111064426433
ENSG00000120693	0.0001639726978970566
ENSG00000136758	0.00016389493431325815
ENSG00000123136	0.00016389016096113497
ENSG00000058804	0.00016382682338276957
ENSG00000183770	0.00016382547555946644
ENSG00000185800	0.00016369010912753386
ENSG00000170037	0.00016366824850280718
ENSG00000169439	0.0001636162582462289
ENSG00000106588	0.00016358110658239335
ENSG00000154380	0.00016356739558242287
ENSG00000165219	0.0001635045050510162
ENSG00000205339	0.00016345310430475015
ENSG00000011485	0.00016342162688702777
ENSG00000108840	0.00016331720136078529
ENSG00000103510	0.0001633070903267963
ENSG00000182718	0.00016318431653945467
ENSG00000175294	0.00016316913299446926
ENSG00000155229	0.0001631067960207929
ENSG00000143882	0.00016310096736262263
ENSG00000114331	0.00016302794061662492
ENSG00000031691	0.00016298571912469738
ENSG00000071553	0.00016298363740121718
ENSG00000077380	0.00016287363573320464
ENSG00000115464	0.00016286316576192924
ENSG00000167674	0.00016281292582829256
ENSG00000105372	0.00016263237174314344
ENSG00000166068	0.00016256438121370315
ENSG00000106991	0.00016250685137537548
ENSG00000163161	0.00016246054244554238
ENSG00000175634	0.00016244429610863745
ENSG00000109846	0.00016236631226173844
ENSG00000033800	0.00016229002999684978
ENSG00000146872	0.00016215833727708414
ENSG00000082516	0.00016212210544943074
ENSG00000162493	0.0001619348371443823
ENSG00000174444	0.0001619154385877921
ENSG00000275903	0.00016187110051884057
ENSG00000125885	0.00016182131956272704
ENSG00000107560	0.00016175392970417264
ENSG00000275052	0.00016175324013583526
ENSG00000126070	0.00016158738521674894
ENSG00000117758	0.000161457521130373
ENSG00000168496	0.00016131175273064802
ENSG00000137955	0.00016126768383003872
ENSG00000126003	0.00016113273709526091
ENSG00000125970	0.00016112901823048918
ENSG00000166925	0.00016108447480716175
ENSG00000108107	0.00016106628274633407
ENSG00000114209	0.00016098026367096009
ENSG00000147065	0.00016097985171207492
ENSG00000105851	0.00016096694053590314
ENSG00000184260	0.00016093226636167533
ENSG00000154237	0.00016088090601537217
ENSG00000121152	0.00016087215847875359
ENSG00000147677	0.00016082107428774928
ENSG00000107317	0.00016081439492196005
ENSG00000100567	0.00016079883422451003
ENSG00000106344	0.00016078438133072361
ENSG00000096060	0.00016075980373473053
ENSG00000141564	0.00016071252306466534
ENSG00000147044	0.0001607095777833102
ENSG00000102189	0.00016066172320038091
ENSG00000112984	0.00016063578600454328
ENSG00000144724	0.0001605677146266832
ENSG00000138688	0.00016045200581146917
ENSG00000140368	0.000160200024611632
ENSG00000184304	0.00016019678459548996
ENSG00000124198	0.0001601701772077065
ENSG00000037965	0.000160146862472672
ENSG00000112742	0.00015997070854059314
ENSG00000143379	0.00015983382021663207
ENSG00000069482	0.0001597818334933605
ENSG00000096746	0.00015973667129229313
ENSG00000147099	0.00015962513307764416
ENSG00000171150	0.00015961622095665546
ENSG00000114503	0.00015953473426933806
ENSG00000005961	0.00015950008899361502
ENSG00000160949	0.00015947206655625077
ENSG00000179119	0.00015942030015988392
ENSG00000107807	0.00015931917593512242
ENSG00000182287	0.00015924110088950892
ENSG00000100142	0.00015900195949691842
ENSG00000136731	0.00015891044223871365
ENSG00000101003	0.00015881599272019793
ENSG00000138622	0.00015875000994829927
ENSG00000111676	0.00015873741810886185
ENSG00000168077	0.00015862691992615745
ENSG00000163357	0.00015862559292183136
ENSG00000008838	0.00015858933197381521
ENSG00000146963	0.0001585454730116688
ENSG00000130713	0.00015849960662505717
ENSG00000106682	0.00015842694209897268
ENSG00000101843	0.00015840151930960163
ENSG00000170608	0.00015837265190948554
ENSG00000144655	0.00015830360157678501
ENSG00000106070	0.00015810023651369689
ENSG00000184445	0.0001580810990685018
ENSG00000151388	0.00015804141107932625
ENSG00000111321	0.0001580358699027165
ENSG00000197771	0.0001579381533696095
ENSG00000067842	0.00015785766365252862
ENSG00000156860	0.00015781323044070995
ENSG00000104872	0.00015773324045031807
ENSG00000103494	0.0001576973241467789
ENSG00000065675	0.0001576365949224094
ENSG00000120738	0.00015758956524481292
ENSG00000180772	0.00015758774432793975
ENSG00000177565	0.00015748331799405696
ENSG00000168488	0.00015740895826421765
ENSG00000114573	0.00015735629071457683
ENSG00000143436	0.00015733046531862682
ENSG00000166200	0.00015729111158529325
ENSG00000184216	0.00015722128371473273
ENSG00000198074	0.00015721273250185767
ENSG00000156802	0.00015710881149481537
ENSG00000112282	0.00015704650871292567
ENSG00000090372	0.0001568915085711233
ENSG00000165527	0.00015683994386563345
ENSG00000006451	0.00015683011858608976
ENSG00000141551	0.000156779446501521
ENSG00000164305	0.0001567312337369849
ENSG00000120800	0.0001565724804360102
ENSG00000010671	0.0001565539791148886
ENSG00000091128	0.00015653033788031945
ENSG00000025156	0.00015652735417143694
ENSG00000256525	0.00015649644502988726
ENSG00000145242	0.0001564623355106211
ENSG00000162231	0.00015641367130598283
ENSG00000117650	0.0001563914441600022
ENSG00000113448	0.0001563214977746337
ENSG00000125691	0.00015628482179706776
ENSG00000154764	0.00015617051156836774
ENSG00000116213	0.00015612974759870267
ENSG00000105323	0.00015606856486143964
ENSG00000115325	0.00015606046691234342
ENSG00000130669	0.0001559321919394379
ENSG00000162105	0.0001558643517568202
ENSG00000223510	0.00015582997123309995
ENSG00000064300	0.00015581861693341595
ENSG00000120438	0.00015579727117285243
ENSG00000119401	0.00015576107822095334
ENSG00000038427	0.00015567698179626757
ENSG00000157020	0.0001556099628609497
ENSG00000130699	0.00015560213874195886
ENSG00000110107	0.00015553790086372563
ENSG00000134013	0.00015540561703078495
ENSG00000071655	0.00015532217990301499
ENSG00000115355	0.00015527129025027543
ENSG00000163655	0.0001552172028494605
ENSG00000167967	0.00015518807727049665
ENSG00000125861	0.00015496639627490631
ENSG00000125650	0.00015496639627490631
ENSG00000146013	0.00015496639627490631
ENSG00000117407	0.00015496639627490631
ENSG00000134287	0.00015482861729866588
ENSG00000109072	0.00015465827506361003
ENSG00000113810	0.00015454132656372936
ENSG00000087111	0.00015449244243022307
ENSG00000221914	0.00015441853105947737
ENSG00000171863	0.00015439958330633506
ENSG00000100302	0.00015419807992939698
ENSG00000169118	0.00015408761341963767
ENSG00000126461	0.00015394281811231656
ENSG00000082258	0.00015383817545183958
ENSG00000186111	0.0001536758678248996
ENSG00000107779	0.00015366121567019297
ENSG00000173402	0.00015359109567665414
ENSG00000011332	0.0001535852284228966
ENSG00000006128	0.00015351752508765203
ENSG00000163902	0.00015341357554854633
ENSG00000119707	0.0001531274022052774
ENSG00000118434	0.000153033167245272
ENSG00000185340	0.00015301679176333896
ENSG00000150403	0.00015298608017352434
ENSG00000168283	0.00015296460076777595
ENSG00000137845	0.00015285704311896324
ENSG00000168301	0.00015280606526307835
ENSG00000115641	0.0001527668573349
ENSG00000171729	0.00015276286881094918
ENSG00000116809	0.000152672600564171
ENSG00000177600	0.0001526278043257473
ENSG00000143248	0.0001525908532549946
ENSG00000158517	0.0001525682838853855
ENSG00000161791	0.00015252820389230818
ENSG00000186895	0.0001525185389972482
ENSG00000181019	0.00015243962421313914
ENSG00000169564	0.00015242327926964956
ENSG00000102871	0.00015235099470102838
ENSG00000180340	0.00015230591414675389
ENSG00000149257	0.00015225217955247585
ENSG00000166747	0.0001521553872971145
ENSG00000171858	0.00015214490710782828
ENSG00000140534	0.00015213248272129542
ENSG00000139579	0.00015205897324505033
ENSG00000103241	0.00015202143220516406
ENSG00000145730	0.00015191043744850475
ENSG00000155636	0.00015190784601194472
ENSG00000140465	0.00015169816637046352
ENSG00000075891	0.0001516585263473731
ENSG00000001167	0.0001516527905402999
ENSG00000038358	0.00015160009604779355
ENSG00000167257	0.00015152559742144994
ENSG00000064419	0.0001513459706927999
ENSG00000274081	0.0001511574722994484
ENSG00000159459	0.0001511402454765331
ENSG00000102119	0.00015113942951185165
ENSG00000167978	0.0001511193638453999
ENSG00000174804	0.00015106011966554387
ENSG00000140600	0.00015102025039748134
ENSG00000010292	0.0001509025507215434
ENSG00000157778	0.00015085083934428739
ENSG00000151849	0.00015082274603415036
ENSG00000162063	0.00015075355475367371
ENSG00000163848	0.00015070136806623354
ENSG00000068305	0.0001506669971324764
ENSG00000101182	0.00015060273882843594
ENSG00000112658	0.00015059218126846165
ENSG00000160224	0.00015055516122801428
ENSG00000169967	0.00015048046019787664
ENSG00000198373	0.00015034542702417654
ENSG00000116128	0.00015030377636837894
ENSG00000145241	0.00015027787715346928
ENSG00000057468	0.00015026652722397533
ENSG00000157240	0.0001501880475742954
ENSG00000183020	0.00015007360621140337
ENSG00000136536	0.0001500709371097248
ENSG00000099800	0.0001500583117753728
ENSG00000284096	0.0001499234846926114
ENSG00000117724	0.00014979505429587987
ENSG00000109118	0.00014971639050148964
ENSG00000138095	0.00014965120034830112
ENSG00000145414	0.00014963680469522137
ENSG00000133059	0.00014963610547427217
ENSG00000166816	0.0001495657811517547
ENSG00000113141	0.00014952439899837218
ENSG00000164104	0.00014944315355949097
ENSG00000102524	0.00014941678605963734
ENSG00000128591	0.00014924628157058828
ENSG00000183520	0.0001491956076061554
ENSG00000204842	0.00014917482992336944
ENSG00000174442	0.00014913690671248823
ENSG00000146535	0.00014907392020392063
ENSG00000147548	0.00014901682138043296
ENSG00000101639	0.0001489921967243426
ENSG00000092853	0.00014886464935197499
ENSG00000132676	0.00014883767888429077
ENSG00000182473	0.00014862420537459489
ENSG00000110958	0.00014861103020271258
ENSG00000185730	0.0001485883230362032
ENSG00000120820	0.00014852607445792798
ENSG00000164944	0.0001485157806970467
ENSG00000174799	0.00014846106347894979
ENSG00000175197	0.00014845141268733663
ENSG00000025800	0.00014825741138325483
ENSG00000227322	0.00014823344552296222
ENSG00000197646	0.0001481717744291621
ENSG00000127947	0.00014813175674159896
ENSG00000073614	0.0001481234927311658
ENSG00000114867	0.00014808183111020116
ENSG00000121058	0.00014797949482473976
ENSG00000116580	0.0001479779716741973
ENSG00000115762	0.00014796135999725193
ENSG00000101197	0.0001478925812984108
ENSG00000206073	0.00014781133233498375
ENSG00000139436	0.00014779884514134082
ENSG00000189431	0.0001477983201961971
ENSG00000157077	0.00014769928150865422
ENSG00000116039	0.00014767473639836236
ENSG00000240508	0.00014767262812031198
ENSG00000151247	0.0001475969067430043
ENSG00000261456	0.00014753522921498574
ENSG00000169744	0.00014747829282379078
ENSG00000105127	0.00014738306070236263
ENSG00000277564	0.0001473785164613175
ENSG00000183495	0.00014736761342189973
ENSG00000070808	0.00014736489273379805
ENSG00000113643	0.00014723687067365172
ENSG00000129691	0.0001472283908539852
ENSG00000118193	0.00014715171390185922
ENSG00000104419	0.00014713880289033717
ENSG00000170579	0.0001470330349850534
ENSG00000067141	0.0001469585040017474
ENSG00000174827	0.00014689079282868484
ENSG00000197713	0.00014688629853261154
ENSG00000163995	0.00014684492287393044
ENSG00000124356	0.00014680107526959474
ENSG00000196199	0.00014662369173218078
ENSG00000161547	0.00014662122072410982
ENSG00000072201	0.00014659794430082172
ENSG00000071539	0.00014646815850775664
ENSG00000149658	0.0001463830351473063
ENSG00000168143	0.00014636417555413604
ENSG00000269556	0.00014630873184514172
ENSG00000180210	0.0001462810944867704
ENSG00000144231	0.00014618180537318302
ENSG00000163882	0.00014614286590037493
ENSG00000126858	0.00014597161451828983
ENSG00000181544	0.0001459665702522135
ENSG00000018408	0.00014595273598945937
ENSG00000143314	0.00014594090255329933
ENSG00000137073	0.00014580249409282386
ENSG00000079134	0.00014568520045980522
ENSG00000147443	0.00014565093758852276
ENSG00000183853	0.00014562850137599302
ENSG00000135821	0.0001456268792124437
ENSG00000177954	0.00014562094014328004
ENSG00000186001	0.00014560437260751998
ENSG00000059145	0.0001455027822873086
ENSG00000142149	0.00014549282979085107
ENSG00000088247	0.0001454920796676103
ENSG00000043462	0.00014529570337227875
ENSG00000176624	0.00014522068818145038
ENSG00000107651	0.00014517529258912168
ENSG00000174343	0.00014513024913464508
ENSG00000198554	0.00014511762648457174
ENSG00000019144	0.0001450972484742874
ENSG00000165757	0.0001450844564337398
ENSG00000185651	0.00014482483797197086
ENSG00000143632	0.0001448108867092991
ENSG00000131791	0.00014479149581859204
ENSG00000159228	0.00014475209288327429
ENSG00000167645	0.00014471672798829438
ENSG00000132842	0.00014469804793322292
ENSG00000184203	0.00014469406462881487
ENSG00000273079	0.00014463566603576953
ENSG00000104408	0.0001446250116921198
ENSG00000105364	0.00014461199081312293
ENSG00000275349	0.00014459265670010903
ENSG00000163743	0.00014455237778720603
ENSG00000143153	0.00014443148652195135
ENSG00000121766	0.00014439284317020306
ENSG00000173230	0.00014431137462399577
ENSG00000126878	0.00014426050926365168
ENSG00000163132	0.00014415200876491592
ENSG00000089685	0.00014407370443996818
ENSG00000183072	0.00014397965191120576
ENSG00000128585	0.00014388253128076853
ENSG00000133895	0.00014372953345930976
ENSG00000131788	0.00014365204583952445
ENSG00000144713	0.00014362085597301085
ENSG00000174744	0.00014352881868235184
ENSG00000149100	0.00014345589332511564
ENSG00000178035	0.0001434402223752901
ENSG00000085999	0.0001434216895811705
ENSG00000185900	0.00014340820957201193
ENSG00000112306	0.0001433723068766416
ENSG00000101811	0.000143281231838289
ENSG00000163159	0.0001432462986181587
ENSG00000115875	0.00014310036469084025
ENSG00000169914	0.00014307718084746957
ENSG00000107175	0.00014297529208949546
ENSG00000121957	0.0001429703860755602
ENSG00000167881	0.00014294248155728568
ENSG00000169249	0.00014288356342566597
ENSG00000104147	0.00014281738303413596
ENSG00000213024	0.00014275779513629643
ENSG00000156256	0.00014265804370046267
ENSG00000055208	0.0001426290099586595
ENSG00000145526	0.0001425936946949873
ENSG00000168872	0.0001425629894660738
ENSG00000131711	0.00014240356194916161
ENSG00000198791	0.00014239898014586824
ENSG00000066279	0.00014237291505558183
ENSG00000131873	0.00014236124302777559
ENSG00000112232	0.00014235862928195292
ENSG00000147124	0.000142295679328777
ENSG00000115268	0.00014222091195504512
ENSG00000014164	0.00014219772378964903
ENSG00000112769	0.00014217040017460163
ENSG00000119314	0.00014214950626664918
ENSG00000124160	0.00014201896439247803
ENSG00000169508	0.00014198933355076172
ENSG00000186185	0.0001419706918530781
ENSG00000185049	0.0001418823043984828
ENSG00000165934	0.00014187291475398293
ENSG00000137075	0.00014180345339911212
ENSG00000072736	0.00014177081593318478
ENSG00000138080	0.0001417508197863996
ENSG00000168395	0.00014173997411272228
ENSG00000167395	0.00014169793647124856
ENSG00000240682	0.00014168593522531346
ENSG00000117153	0.00014166472239629898
ENSG00000125084	0.0001416127923155078
ENSG00000089280	0.00014160067454366702
ENSG00000112029	0.00014154187275141255
ENSG00000112576	0.00014148593138749638
ENSG00000130255	0.00014144168630924892
ENSG00000154727	0.00014138676672611306
ENSG00000065427	0.00014136954734105477
ENSG00000102981	0.0001413691365286997
ENSG00000135506	0.00014132664281084245
ENSG00000164045	0.00014124834606515612
ENSG00000008988	0.00014121447605503764
ENSG00000106089	0.00014118960170910884
ENSG00000163041	0.00014100927579406263
ENSG00000130177	0.0001409972716588205
ENSG00000186871	0.00014081154474691906
ENSG00000161405	0.00014077486118209328
ENSG00000110851	0.0001407643747187829
ENSG00000110344	0.0001406831450981139
ENSG00000120253	0.0001406085134000928
ENSG00000121741	0.00014060439953769702
ENSG00000175931	0.00014059975865315282
ENSG00000168040	0.0001405851662585478
ENSG00000189283	0.00014058510554076993
ENSG00000184384	0.00014053785789821296
ENSG00000122194	0.00014046397743024776
ENSG00000061987	0.0001404304255229502
ENSG00000116455	0.00014038555588773423
ENSG00000130429	0.00014037755558850743
ENSG00000123219	0.00014034498866615847
ENSG00000132694	0.00014030739721506466
ENSG00000110237	0.00014020689948524
ENSG00000197170	0.00014019372377218717
ENSG00000160307	0.00014017251210172196
ENSG00000111361	0.00014016150318140068
ENSG00000169057	0.0001400799123068006
ENSG00000122218	0.00014006064505622733
ENSG00000245848	0.00014006016844882624
ENSG00000108061	0.00014004800000746553
ENSG00000162409	0.00014002698175683047
ENSG00000113648	0.0001400020062428011
ENSG00000197323	0.00013998190514826625
ENSG00000182899	0.00013998128202563948
ENSG00000141456	0.00013990847366376094
ENSG00000198626	0.0001398867882727257
ENSG00000166441	0.0001398832249543975
ENSG00000181408	0.00013966864977646467
ENSG00000117360	0.00013961034198202917
ENSG00000133961	0.0001395079961105965
ENSG00000162419	0.000139499943838286
ENSG00000119630	0.0001394956411118524
ENSG00000143368	0.00013947751686648282
ENSG00000129354	0.000139377756334239
ENSG00000134640	0.0001391834898016487
ENSG00000120885	0.00013914820998698984
ENSG00000119414	0.00013910588725042546
ENSG00000135605	0.00013910480211275496
ENSG00000122512	0.00013904469017802831
ENSG00000148737	0.00013903340679226626
ENSG00000159217	0.00013902059613763397
ENSG00000156508	0.00013897183202413112
ENSG00000099899	0.00013895535092657934
ENSG00000160791	0.00013889983750017698
ENSG00000170325	0.00013888928602513723
ENSG00000122484	0.00013887096185414473
ENSG00000100351	0.0001388554780568459
ENSG00000073711	0.00013883399068009172
ENSG00000139726	0.00013877175110685075
ENSG00000125447	0.0001387676187563875
ENSG00000123124	0.00013874214251262225
ENSG00000099381	0.0001387372384479415
ENSG00000170515	0.00013869701762510392
ENSG00000173805	0.00013862113044540043
ENSG00000176208	0.0001386035020378787
ENSG00000198707	0.00013852154764682043
ENSG00000066777	0.0001384403598505497
ENSG00000163374	0.00013830010441863582
ENSG00000155755	0.0001382744730356161
ENSG00000171812	0.00013825963121101405
ENSG00000198910	0.00013823360092148448
ENSG00000157500	0.00013815524767078397
ENSG00000153015	0.0001381447503458169
ENSG00000171877	0.00013812867103789236
ENSG00000004700	0.00013805607362934105
ENSG00000105393	0.00013802435316915198
ENSG00000066654	0.0001379123122001303
ENSG00000123094	0.00013789825087095589
ENSG00000132329	0.0001378645174652446
ENSG00000148925	0.00013779036597473304
ENSG00000153044	0.0001377890565926228
ENSG00000149923	0.000137788684867737
ENSG00000070950	0.00013775973092748368
ENSG00000173218	0.00013772055681421263
ENSG00000054356	0.0001377122542735216
ENSG00000148229	0.0001376688781617772
ENSG00000186469	0.00013750045653702531
ENSG00000118257	0.0001374925951148206
ENSG00000136634	0.00013737900812791024
ENSG00000116584	0.00013731798784830478
ENSG00000131469	0.0001372767815947157
ENSG00000115232	0.00013718860338663574
ENSG00000107816	0.0001371346266752073
ENSG00000117305	0.0001370987568317704
ENSG00000131051	0.00013708989135358812
ENSG00000158813	0.00013706014047565817
ENSG00000158793	0.00013693554159424458
ENSG00000174943	0.0001369341807163203
ENSG00000196584	0.00013691121317679203
ENSG00000284254	0.0001368856813153239
ENSG00000079805	0.00013684463272113369
ENSG00000149091	0.0001365857297366865
ENSG00000172725	0.00013653706295910158
ENSG00000004478	0.0001365139432330717
ENSG00000101665	0.0001364697840994147
ENSG00000143569	0.0001364638804147732
ENSG00000101161	0.00013638752065011787
ENSG00000186766	0.0001363634620157187
ENSG00000101076	0.00013634300559510333
ENSG00000101337	0.0001363000717410292
ENSG00000123143	0.00013626889692479663
ENSG00000151779	0.0001362599513991201
ENSG00000106263	0.000136222668888623
ENSG00000116062	0.00013622015937919007
ENSG00000165238	0.00013618684277636288
ENSG00000125753	0.0001361776689535158
ENSG00000155313	0.0001361344029380108
ENSG00000187098	0.0001361056094334238
ENSG00000131323	0.00013603162753613924
ENSG00000167332	0.00013599811960288448
ENSG00000137752	0.00013587922485706292
ENSG00000160783	0.00013580609135248177
ENSG00000100568	0.00013578399428253974
ENSG00000132780	0.00013575846776412042
ENSG00000006634	0.0001357137031006272
ENSG00000143033	0.00013571059931436193
ENSG00000196604	0.00013570943607498715
ENSG00000165097	0.0001356232720086179
ENSG00000108175	0.00013558585105971676
ENSG00000100206	0.0001355365211533709
ENSG00000101057	0.00013550453365739312
ENSG00000198925	0.0001355010985709155
ENSG00000171219	0.00013549448765537252
ENSG00000156735	0.00013541797053756493
ENSG00000090989	0.00013540932982163505
ENSG00000152683	0.00013534918093148775
ENSG00000136891	0.0001353239570821302
ENSG00000171302	0.0001353151913804011
ENSG00000186812	0.00013522252625910067
ENSG00000164663	0.00013520135312606343
ENSG00000148498	0.00013515694846315303
ENSG00000178562	0.0001351518964337314
ENSG00000128340	0.00013514055307910125
ENSG00000168564	0.00013505059715870007
ENSG00000042429	0.00013503927460798925
ENSG00000130684	0.00013486879464918476
ENSG00000104332	0.0001347362358864434
ENSG00000011454	0.00013465088721694086
ENSG00000113889	0.00013460298624756687
ENSG00000165733	0.00013446743861623568
ENSG00000168461	0.0001344609438586256
ENSG00000100297	0.00013442457503255351
ENSG00000135903	0.000134417890629833
ENSG00000160293	0.00013439989639408228
ENSG00000156599	0.0001343675163313802
ENSG00000100385	0.0001343565381693821
ENSG00000141582	0.00013432101798296095
ENSG00000182636	0.00013428746162529409
ENSG00000101191	0.00013425927480355975
ENSG00000100097	0.0001342504597913003
ENSG00000168542	0.00013422129845653538
ENSG00000116017	0.00013419406837671707
ENSG00000110583	0.00013418136389798424
ENSG00000136942	0.0001341278755655123
ENSG00000166147	0.0001340809768698303
ENSG00000100401	0.00013406036066790345
ENSG00000187535	0.00013399662266447355
ENSG00000105695	0.00013397350691286445
ENSG00000124260	0.00013390788336834788
ENSG00000177105	0.00013389559511187515
ENSG00000125743	0.00013385458695728018
ENSG00000135052	0.00013377789617435246
ENSG00000087494	0.0001337260889847642
ENSG00000147679	0.00013364129907821035
ENSG00000155827	0.00013359914473687942
ENSG00000106571	0.00013350331961160748
ENSG00000117505	0.00013348371330731236
ENSG00000196313	0.00013339632446803494
ENSG00000125386	0.0001333524460558471
ENSG00000132356	0.00013328329159495642
ENSG00000051128	0.00013327830064494226
ENSG00000126787	0.00013319900633961416
ENSG00000147475	0.00013311030496740696
ENSG00000143977	0.0001330873521154356
ENSG00000137574	0.00013307007709447078
ENSG00000138182	0.00013295227172042736
ENSG00000116830	0.0001329463054456196
ENSG00000175489	0.00013294559258458346
ENSG00000011566	0.00013288727380893035
ENSG00000107295	0.00013287502767091595
ENSG00000079785	0.0001327467836886997
ENSG00000213079	0.00013267557451568656
ENSG00000124302	0.00013264002148155813
ENSG00000146263	0.00013262525025057995
ENSG00000205423	0.0001325424644674766
ENSG00000140259	0.00013248366049819333
ENSG00000121579	0.00013246695725396522
ENSG00000135823	0.00013243081691983078
ENSG00000065548	0.00013240170565834836
ENSG00000183873	0.00013238393984051688
ENSG00000088205	0.0001323674165858695
ENSG00000168546	0.00013232482616552693
ENSG00000109189	0.0001322743761430692
ENSG00000105771	0.00013223504237482495
ENSG00000090889	0.00013223253908169953
ENSG00000097046	0.0001322048505243934
ENSG00000114446	0.00013218739166901948
ENSG00000254772	0.00013216293293150433
ENSG00000165632	0.00013214555648023992
ENSG00000171824	0.0001321249414844005
ENSG00000163539	0.0001321112590677645
ENSG00000119403	0.00013205133262390542
ENSG00000155657	0.000132033476865388
ENSG00000105963	0.0001320269981793904
ENSG00000241839	0.0001320101490324318
ENSG00000169635	0.00013196222940920578
ENSG00000138363	0.0001318375581646889
ENSG00000149948	0.00013182896856007626
ENSG00000120889	0.00013179377109651027
ENSG00000076382	0.00013171875851797582
ENSG00000147854	0.00013167748913355448
ENSG00000188175	0.0001316134050952151
ENSG00000136146	0.00013158114304953728
ENSG00000049759	0.00013152747893254278
ENSG00000186153	0.0001313892703342604
ENSG00000117751	0.00013133378376571593
ENSG00000087095	0.0001312528043052111
ENSG00000104442	0.00013124748262927864
ENSG00000011260	0.0001312188546352613
ENSG00000183386	0.0001311898337492776
ENSG00000124177	0.000131178065726286
ENSG00000061337	0.00013117496827892857
ENSG00000100379	0.00013116538472974547
ENSG00000128272	0.00013113515659070405
ENSG00000114416	0.00013113142927593136
ENSG00000281221	0.0001310799440704906
ENSG00000203879	0.00013103076775149747
ENSG00000135365	0.00013098581662812376
ENSG00000108469	0.00013097233071475642
ENSG00000184343	0.00013097192686870867
ENSG00000254999	0.00013091388382056898
ENSG00000119917	0.0001308687832193833
ENSG00000145016	0.00013080815019880727
ENSG00000115241	0.0001307775543330981
ENSG00000167941	0.00013065390964775135
ENSG00000100979	0.00013065122661161429
ENSG00000077522	0.00013063731578218118
ENSG00000066044	0.00013062532291979373
ENSG00000005194	0.00013060609105342754
ENSG00000156876	0.0001306031367540309
ENSG00000167900	0.0001305948640895716
ENSG00000182578	0.00013048973788282292
ENSG00000105197	0.00013045805199576397
ENSG00000196262	0.0001304133521162709
ENSG00000118729	0.0001304071709595303
ENSG00000175899	0.00013034510931820211
ENSG00000077152	0.00013031851455904878
ENSG00000157106	0.00013023541813472677
ENSG00000120008	0.00013021940997223094
ENSG00000101306	0.0001301978002198348
ENSG00000187764	0.00013017518356218266
ENSG00000169194	0.00013017506825728416
ENSG00000221829	0.00013017476162585626
ENSG00000151239	0.00013016395992519555
ENSG00000143553	0.0001301273142708875
ENSG00000181788	0.00013002440432716267
ENSG00000115866	0.00012999314620949534
ENSG00000129534	0.00012990717528553678
ENSG00000167985	0.00012984202634172553
ENSG00000167513	0.00012980680186703243
ENSG00000130311	0.00012977767817806012
ENSG00000160218	0.00012975710090550984
ENSG00000137076	0.00012965928916550197
ENSG00000174748	0.00012962378831073103
ENSG00000185247	0.00012958688453387947
ENSG00000163527	0.00012934504329360143
ENSG00000172785	0.00012932514187873845
ENSG00000205683	0.00012929179813927623
ENSG00000142546	0.00012926789978911582
ENSG00000126746	0.00012913283405454245
ENSG00000133997	0.00012912643765783404
ENSG00000145349	0.00012905635670568146
ENSG00000163818	0.00012900316235443958
ENSG00000100804	0.00012899437025835922
ENSG00000285339	0.00012896070517733215
ENSG00000108312	0.00012886868462038607
ENSG00000081377	0.00012875315159285159
ENSG00000024526	0.0001287436721433486
ENSG00000100429	0.0001287185356318123
ENSG00000146587	0.00012867763506809005
ENSG00000198730	0.00012865433601110814
ENSG00000116641	0.00012848897771273966
ENSG00000101544	0.00012838546998132557
ENSG00000188342	0.00012824363265821555
ENSG00000105472	0.0001281369044531631
ENSG00000111707	0.0001281362566609956
ENSG00000171681	0.00012813357099047585
ENSG00000061936	0.00012808463250971102
ENSG00000145592	0.00012805963104746353
ENSG00000163820	0.00012797300755404767
ENSG00000198853	0.00012789015729919572
ENSG00000100324	0.00012788057606456636
ENSG00000228913	0.00012787083866945065
ENSG00000141744	0.00012782276051821517
ENSG00000124610	0.0001277992353882902
ENSG00000140682	0.00012774262691532203
ENSG00000159202	0.00012772951171331222
ENSG00000171564	0.00012769326982254493
ENSG00000165973	0.00012768417957081162
ENSG00000116717	0.00012768130459149717
ENSG00000081307	0.00012754801484101387
ENSG00000115685	0.00012752173187273165
ENSG00000277401	0.00012751618533500737
ENSG00000261992	0.0001275109687904439
ENSG00000172889	0.00012745557579778844
ENSG00000130204	0.00012739265627023102
ENSG00000143801	0.00012732534131913392
ENSG00000145861	0.00012727457298717653
ENSG00000102879	0.00012724310984554295
ENSG00000122026	0.00012721607669963168
ENSG00000275555	0.00012711822877674542
ENSG00000175305	0.0001270112896503764
ENSG00000123473	0.00012693454824585316
ENSG00000167034	0.00012689539527087094
ENSG00000162191	0.00012679760516187935
ENSG00000127054	0.0001267863917006437
ENSG00000205213	0.00012677462257219843
ENSG00000162924	0.00012673654509948152
ENSG00000132670	0.00012672233067349454
ENSG00000103496	0.00012667679222155194
ENSG00000235107	0.00012658241197401233
ENSG00000162402	0.0001265813181468712
ENSG00000221838	0.00012656842589535186
ENSG00000172167	0.00012644823344544392
ENSG00000128708	0.0001262979568340937
ENSG00000134698	0.0001262519029658533
ENSG00000144061	0.00012618845730314918
ENSG00000188229	0.00012617996349532337
ENSG00000165392	0.0001261789364188947
ENSG00000138669	0.00012606230696917347
ENSG00000138741	0.0001260420731236871
ENSG00000181789	0.00012603734742226095
ENSG00000118579	0.0001259724286139118
ENSG00000171148	0.00012591786856290226
ENSG00000176986	0.00012590736352347754
ENSG00000152240	0.00012588599707456707
ENSG00000233927	0.00012581290469230585
ENSG00000284126	0.00012578620974773924
ENSG00000198844	0.0001256890449367349
ENSG00000111786	0.0001255944555998815
ENSG00000204262	0.0001255810636778712
ENSG00000127511	0.00012548863871704964
ENSG00000171223	0.00012540109106457816
ENSG00000183814	0.0001253989659760619
ENSG00000179134	0.00012531304356773338
ENSG00000125977	0.00012529847138441884
ENSG00000112578	0.00012529616162616986
ENSG00000172809	0.00012529371240546552
ENSG00000123104	0.00012529223394222528
ENSG00000129946	0.0001252654632580175
ENSG00000175592	0.0001252549323688143
ENSG00000088832	0.0001252491766211812
ENSG00000100227	0.0001251916016303112
ENSG00000077097	0.0001251719762989525
ENSG00000162631	0.0001251680741572529
ENSG00000198792	0.00012511899572808133
ENSG00000175455	0.00012503065208102965
ENSG00000122068	0.00012492815328964924
ENSG00000186638	0.00012490717662145512
ENSG00000104973	0.00012478863259679645
ENSG00000139083	0.00012476960143754346
ENSG00000142676	0.00012475646969571457
ENSG00000131470	0.00012474831281105282
ENSG00000108924	0.00012470139691329806
ENSG00000175470	0.00012469012955046676
ENSG00000160208	0.0001246694302407683
ENSG00000164611	0.0001246453557888424
ENSG00000178896	0.00012462596465329155
ENSG00000149781	0.00012454475894677116
ENSG00000198918	0.0001245084114611503
ENSG00000116586	0.00012450106621931658
ENSG00000100726	0.00012449392118028403
ENSG00000079462	0.0001244826873214624
ENSG00000125731	0.00012448164614549143
ENSG00000108395	0.00012446361867595807
ENSG00000144668	0.00012442727687101817
ENSG00000188130	0.00012437298089975704
ENSG00000100749	0.0001243483821599348
ENSG00000132128	0.00012423201136047625
ENSG00000078304	0.0001241709177032858
ENSG00000077943	0.0001241501130878568
ENSG00000104368	0.0001240888180212429
ENSG00000114013	0.00012407422630022385
ENSG00000156482	0.00012387796975376012
ENSG00000121966	0.0001238521597932991
ENSG00000130811	0.00012382061932314915
ENSG00000171557	0.00012378468551071915
ENSG00000185513	0.0001237767863477509
ENSG00000104312	0.00012376671619628108
ENSG00000144891	0.00012373474822793368
ENSG00000015171	0.00012372209135984508
ENSG00000118217	0.00012368147461271732
ENSG00000122861	0.00012367511668530702
ENSG00000140945	0.0001235399115650697
ENSG00000009335	0.0001235234642068125
ENSG00000135898	0.00012352064707589028
ENSG00000105613	0.00012338830247766067
ENSG00000241685	0.00012328190474508385
ENSG00000183283	0.0001232549061629906
ENSG00000105290	0.00012321249831375578
ENSG00000265241	0.0001231835150722644
ENSG00000137843	0.00012316545908233983
ENSG00000129173	0.0001231613557069451
ENSG00000121297	0.00012307097398698297
ENSG00000107882	0.00012300275846960848
ENSG00000166439	0.0001229193583516799
ENSG00000169689	0.00012286625201415332
ENSG00000273899	0.00012279851915254444
ENSG00000174233	0.00012276279916804552
ENSG00000171103	0.00012275495456202847
ENSG00000108518	0.0001227425322630693
ENSG00000096433	0.0001227116336532829
ENSG00000067715	0.000122708207713444
ENSG00000187266	0.0001225723954127283
ENSG00000182923	0.0001225652599410845
ENSG00000151461	0.00012255887232082719
ENSG00000172936	0.00012252254476880045
ENSG00000120616	0.00012249324879185685
ENSG00000164934	0.00012242739162982214
ENSG00000213413	0.00012241336223053654
ENSG00000167244	0.00012229365706200102
ENSG00000171843	0.000122283842457314
ENSG00000126214	0.00012228297417252981
ENSG00000177602	0.00012220103530355113
ENSG00000073050	0.00012217716774028125
ENSG00000121289	0.00012216122747607088
ENSG00000107862	0.000122155130336035
ENSG00000162344	0.00012214650065660125
ENSG00000167721	0.00012214312554402964
ENSG00000109906	0.00012201087102490347
ENSG00000149187	0.00012200601428484074
ENSG00000154447	0.00012178599344206994
ENSG00000020633	0.00012170988340639239
ENSG00000101460	0.00012170438914556958
ENSG00000078403	0.00012167185386848794
ENSG00000167842	0.00012165909512867544
ENSG00000146918	0.00012163315321801514
ENSG00000281320	0.00012158972484098765
ENSG00000142856	0.0001215481756197286
ENSG00000276725	0.0001215347100793048
ENSG00000123384	0.00012149024818144698
ENSG00000114745	0.00012145656718324293
ENSG00000081479	0.00012142118724768582
ENSG00000151617	0.00012140141806557592
ENSG00000077721	0.00012135436589430055
ENSG00000129353	0.00012126216108032976
ENSG00000030582	0.00012126070397292462
ENSG00000181240	0.00012122563649584447
ENSG00000112208	0.00012121333251095545
ENSG00000165804	0.00012119316279613431
ENSG00000039319	0.00012118595798789951
ENSG00000178175	0.00012116545545578276
ENSG00000105085	0.0001210860942939356
ENSG00000033178	0.00012105447694021245
ENSG00000154920	0.00012104788202373536
ENSG00000114686	0.00012090846601567092
ENSG00000092203	0.00012089623875037547
ENSG00000205208	0.00012088120789311343
ENSG00000156603	0.00012087444390792582
ENSG00000163104	0.00012080684332624747
ENSG00000116127	0.00012053574316570584
ENSG00000124795	0.00012051919994774357
ENSG00000288217	0.00012051766767637076
ENSG00000184481	0.00012048265537627524
ENSG00000139193	0.00012048217201613117
ENSG00000184678	0.00012042449020754464
ENSG00000017427	0.00012034406925712733
ENSG00000120705	0.00012031210481423257
ENSG00000175073	0.00012030905132384656
ENSG00000114251	0.00012026248872279324
ENSG00000130203	0.00012022823416277348
ENSG00000100902	0.00012014251219434021
ENSG00000184144	0.00012014033000692462
ENSG00000089053	0.00012006319360481335
ENSG00000108256	0.00012002192746101852
ENSG00000278463	0.00012000790849596854
ENSG00000047249	0.0001199054580656925
ENSG00000155959	0.0001198985004757712
ENSG00000011028	0.00011979861206024044
ENSG00000137193	0.00011978993318113831
ENSG00000138386	0.00011978002678131772
ENSG00000146676	0.00011975180098176865
ENSG00000090020	0.00011975137604118003
ENSG00000048544	0.00011974870274764135
ENSG00000140829	0.00011967037939721418
ENSG00000166813	0.00011965850540569269
ENSG00000116473	0.00011965308069557751
ENSG00000108947	0.00011962230826076304
ENSG00000108506	0.00011961417997702894
ENSG00000172943	0.00011959470097495224
ENSG00000120075	0.00011958268238388193
ENSG00000100029	0.00011956998827053425
ENSG00000172061	0.00011956590111807066
ENSG00000186130	0.00011955414395775793
ENSG00000133026	0.00011940972499200291
ENSG00000154358	0.0001193683687879928
ENSG00000086589	0.00011929114299001022
ENSG00000197579	0.00011928873247407029
ENSG00000186625	0.0001192143667861152
ENSG00000046604	0.00011911771197873056
ENSG00000198431	0.00011899611594340189
ENSG00000117155	0.00011898848083160718
ENSG00000048052	0.00011896014099587604
ENSG00000182872	0.00011889807627062321
ENSG00000126583	0.00011887028668478579
ENSG00000128563	0.00011882556634759998
ENSG00000116688	0.00011862440976388635
ENSG00000165409	0.00011851486564676964
ENSG00000132688	0.00011850291271178892
ENSG00000136982	0.00011845041505877051
ENSG00000130508	0.00011839599764505964
ENSG00000130522	0.00011834079627559813
ENSG00000161692	0.00011832800952940257
ENSG00000143761	0.00011819685613696108
ENSG00000027644	0.00011816480010288316
ENSG00000158545	0.00011816366927716129
ENSG00000151150	0.00011815988757638835
ENSG00000169359	0.00011806283650993843
ENSG00000013573	0.00011800862206295783
ENSG00000037241	0.00011794049809063818
ENSG00000144227	0.0001179225703640544
ENSG00000100852	0.00011790875472173408
ENSG00000135968	0.00011788579995737858
ENSG00000068097	0.00011788525358937183
ENSG00000147140	0.00011787820026741779
ENSG00000100941	0.00011786254277131519
ENSG00000177963	0.00011783220787316643
ENSG00000158195	0.00011781652620224478
ENSG00000134516	0.00011780125795961933
ENSG00000185379	0.00011778476788883609
ENSG00000136813	0.0001177163874042334
ENSG00000174780	0.00011770752758611765
ENSG00000183763	0.0001176788815482071
ENSG00000113595	0.00011760148345118944
ENSG00000144524	0.00011756909138755799
ENSG00000198612	0.00011755694798075715
ENSG00000130749	0.0001175323381521243
ENSG00000101892	0.00011752576940335549
ENSG00000095261	0.00011750345355951325
ENSG00000204316	0.00011749214767619878
ENSG00000158270	0.00011748195151088008
ENSG00000160801	0.00011744625304700612
ENSG00000182446	0.0001173407680656218
ENSG00000178538	0.0001173043762139784
ENSG00000127314	0.0001172577187768136
ENSG00000257365	0.00011724173635016618
ENSG00000163257	0.0001172175594911325
ENSG00000152795	0.00011715329977789116
ENSG00000151502	0.0001171065864955036
ENSG00000144597	0.00011709274267752502
ENSG00000169180	0.00011703515740778565
ENSG00000075618	0.00011699066754406289
ENSG00000095370	0.00011697535158623544
ENSG00000143319	0.00011696623616287061
ENSG00000004399	0.00011694738450212543
ENSG00000137267	0.00011694636404018237
ENSG00000164889	0.00011693130282028428
ENSG00000110651	0.00011691318683311321
ENSG00000123975	0.0001169039591879444
ENSG00000131504	0.00011682175013416472
ENSG00000111011	0.00011681993202253202
ENSG00000261893	0.00011680498997976256
ENSG00000138411	0.00011679791304484149
ENSG00000115750	0.00011675975371974836
ENSG00000126016	0.00011673303649788979
ENSG00000111218	0.00011668026495400738
ENSG00000099364	0.0001166748917813292
ENSG00000196233	0.00011641130839276492
ENSG00000096070	0.00011634099092073245
ENSG00000090054	0.00011631904695363459
ENSG00000162704	0.00011628983975550318
ENSG00000108854	0.00011625942723619869
ENSG00000251258	0.00011623627055119609
ENSG00000140391	0.00011618201517816834
ENSG00000165644	0.000116162817874097
ENSG00000164941	0.00011614404876253504
ENSG00000104892	0.00011597982223760825
ENSG00000087303	0.00011594201022643379
ENSG00000166579	0.0001159410968357612
ENSG00000079277	0.00011591844081464051
ENSG00000113522	0.00011582998138353252
ENSG00000121060	0.0001157352303852288
ENSG00000055044	0.00011571704327442613
ENSG00000126067	0.00011569564529154705
ENSG00000113070	0.00011568803028184224
ENSG00000137497	0.00011567753268137691
ENSG00000114520	0.00011563413089827467
ENSG00000156531	0.00011558527320460781
ENSG00000139116	0.00011558314350149741
ENSG00000091409	0.00011552991342364488
ENSG00000076984	0.00011549867891386149
ENSG00000110880	0.00011548044589896604
ENSG00000026508	0.00011546196093651189
ENSG00000179454	0.00011542882880667225
ENSG00000082781	0.00011542298210368414
ENSG00000138385	0.0001153539436305581
ENSG00000111665	0.00011534471459757505
ENSG00000118503	0.0001153292196406973
ENSG00000185722	0.0001152742474794503
ENSG00000239779	0.0001152466597573522
ENSG00000124216	0.00011518410992343975
ENSG00000130222	0.0001151834835146562
ENSG00000128739	0.00011510545464798811
ENSG00000119285	0.00011509033555646025
ENSG00000089022	0.00011503510912105174
ENSG00000104881	0.00011500726841629461
ENSG00000162714	0.00011488951201135449
ENSG00000159259	0.0001148438895427106
ENSG00000109670	0.00011481658571364698
ENSG00000159082	0.00011478980811819307
ENSG00000109171	0.00011471419214921407
ENSG00000139977	0.00011467554414624064
ENSG00000149735	0.00011463653355925788
ENSG00000140941	0.00011459010183895757
ENSG00000180530	0.00011453739758381322
ENSG00000120334	0.00011451461380140416
ENSG00000101972	0.00011449872855055387
ENSG00000077080	0.00011439214992414317
ENSG00000106636	0.00011429623619961985
ENSG00000198821	0.00011428753428654457
ENSG00000035681	0.00011424331649453317
ENSG00000169379	0.00011423038544478143
ENSG00000075426	0.00011421116368987629
ENSG00000102384	0.00011414653714863795
ENSG00000131236	0.00011411573101233492
ENSG00000157657	0.00011410648416535533
ENSG00000132640	0.00011404856020701576
ENSG00000123999	0.00011403001772359765
ENSG00000105281	0.00011402222223723926
ENSG00000150760	0.00011402015895260395
ENSG00000119638	0.00011401712535427556
ENSG00000135372	0.00011395957243146312
ENSG00000111664	0.00011393315741764251
ENSG00000154096	0.00011393208653504767
ENSG00000075702	0.0001139067516989547
ENSG00000089195	0.00011389971906464175
ENSG00000131778	0.00011389873501992914
ENSG00000213741	0.00011389022862012929
ENSG00000115392	0.00011388047812734529
ENSG00000111669	0.00011385318669480906
ENSG00000148331	0.00011384303953626498
ENSG00000100201	0.0001137754792551173
ENSG00000111348	0.00011369786999658505
ENSG00000111424	0.00011359338573865
ENSG00000100296	0.00011358563053944193
ENSG00000145220	0.00011357746545272855
ENSG00000114270	0.0001135232558865101
ENSG00000140403	0.00011347551932469292
ENSG00000111602	0.00011347458196184742
ENSG00000136738	0.00011346073200214838
ENSG00000261371	0.0001134358573086182
ENSG00000161270	0.0001134353854843372
ENSG00000197965	0.00011341640719195221
ENSG00000157851	0.00011340764488117847
ENSG00000166164	0.00011338023559263289
ENSG00000141219	0.00011331539150232658
ENSG00000174996	0.00011330110544361451
ENSG00000065320	0.0001132553475061448
ENSG00000187954	0.00011324301584946367
ENSG00000137809	0.00011321161317903989
ENSG00000166197	0.00011318537366050023
ENSG00000139718	0.00011318088900194667
ENSG00000253719	0.00011316909426880268
ENSG00000162367	0.000113105271772117
ENSG00000118655	0.00011308130739471761
ENSG00000084774	0.00011302801873492552
ENSG00000215021	0.00011294873497175803
ENSG00000148948	0.00011293868277743971
ENSG00000072958	0.00011291744379406734
ENSG00000122025	0.00011281776416784746
ENSG00000167632	0.00011275842695297274
ENSG00000065054	0.00011270274086105288
ENSG00000173110	0.00011265615506929454
ENSG00000176476	0.00011258018698386227
ENSG00000143476	0.00011254870314286677
ENSG00000128714	0.00011254714920867454
ENSG00000123562	0.00011236756423539584
ENSG00000177283	0.00011233914088302406
ENSG00000008128	0.00011228350390706218
ENSG00000066027	0.00011227589365337704
ENSG00000135547	0.000112232095174187
ENSG00000180353	0.00011222243702126486
ENSG00000119969	0.00011218788192347384
ENSG00000132153	0.00011209626174869754
ENSG00000188404	0.00011208808297322557
ENSG00000109756	0.0001120846960380158
ENSG00000198774	0.00011208056906352986
ENSG00000118971	0.00011206644301573028
ENSG00000065613	0.00011203352963446796
ENSG00000067992	0.00011202673019309379
ENSG00000064703	0.00011199264098324204
ENSG00000146223	0.00011193972937828066
ENSG00000188120	0.00011192009594479947
ENSG00000158022	0.00011187383657533642
ENSG00000085265	0.00011186467811274687
ENSG00000155659	0.00011184277101164336
ENSG00000113013	0.00011179248984735042
ENSG00000130300	0.00011172496669982225
ENSG00000135632	0.00011170436070949029
ENSG00000143106	0.00011169894620102519
ENSG00000122126	0.00011167140198631938
ENSG00000151466	0.00011161155521264828
ENSG00000075945	0.00011158546873678738
ENSG00000003402	0.00011157793113519555
ENSG00000071189	0.00011154432837761662
ENSG00000164105	0.00011148959944448883
ENSG00000198851	0.00011148689150536315
ENSG00000255529	0.00011148614787692439
ENSG00000126767	0.00011136076899915413
ENSG00000197958	0.00011134317019599632
ENSG00000007047	0.00011132191544801657
ENSG00000176407	0.00011127443297094891
ENSG00000105258	0.000111237116019152
ENSG00000130254	0.00011119179869144986
ENSG00000172572	0.00011113803387724163
ENSG00000000938	0.00011112361447992983
ENSG00000118900	0.00011111891948962962
ENSG00000175193	0.00011106626373110054
ENSG00000109674	0.00011090980618253556
ENSG00000147649	0.00011082715670003569
ENSG00000065150	0.00011082077676911587
ENSG00000155974	0.00011079033306398817
ENSG00000103723	0.00011078851099907828
ENSG00000163220	0.00011071429519468244
ENSG00000137841	0.00011071340708872915
ENSG00000203786	0.00011068873157464117
ENSG00000101224	0.00011066288428187137
ENSG00000118200	0.00011065380461428161
ENSG00000140265	0.00011062397644985287
ENSG00000158485	0.00011061332732260536
ENSG00000159055	0.00011057168217576147
ENSG00000177156	0.00011053710407450516
ENSG00000278053	0.00011046607605588287
ENSG00000070814	0.00011045093767360857
ENSG00000182173	0.00011038591210289379
ENSG00000185624	0.00011033550713257703
ENSG00000112033	0.00011032777662445389
ENSG00000141552	0.00011030740547342456
ENSG00000163219	0.00011030275220606858
ENSG00000109099	0.00011024317305518228
ENSG00000111880	0.00011023930441422627
ENSG00000154133	0.00011022050675689855
ENSG00000091136	0.00011020523587039402
ENSG00000126261	0.00011010592492491085
ENSG00000179151	0.00011003019248201056
ENSG00000134697	0.00011002130459678152
ENSG00000107263	0.0001100062441420037
ENSG00000104343	0.00011000136929679304
ENSG00000101265	0.00010998752709720359
ENSG00000157111	0.0001099861281255388
ENSG00000258839	0.00010992194329101829
ENSG00000137504	0.00010988367153154702
ENSG00000145741	0.0001098782846347014
ENSG00000112312	0.00010984337614113458
ENSG00000196581	0.00010983094025511714
ENSG00000136104	0.00010982389009686586
ENSG00000165417	0.0001098080668931904
ENSG00000092208	0.0001097627117995457
ENSG00000147168	0.00010975092917857131
ENSG00000124357	0.00010972780561386503
ENSG00000182255	0.00010969260414038618
ENSG00000196586	0.00010966643038254261
ENSG00000143171	0.0001096634183568787
ENSG00000276043	0.0001096613342301231
ENSG00000101040	0.00010965654256099442
ENSG00000136492	0.00010964362948456986
ENSG00000133119	0.00010962183459945203
ENSG00000124207	0.00010956894858531981
ENSG00000089597	0.00010953287569273726
ENSG00000247315	0.00010953266476721019
ENSG00000165891	0.00010952737267737523
ENSG00000165832	0.00010950889359947195
ENSG00000179335	0.00010948289772952872
ENSG00000066084	0.00010946540815477129
ENSG00000196878	0.00010943767712098831
ENSG00000135862	0.00010938934912594927
ENSG00000146094	0.00010934919615079057
ENSG00000106689	0.00010933371224082737
ENSG00000109943	0.00010929819252429777
ENSG00000213585	0.00010928821857292067
ENSG00000102804	0.0001091452325474414
ENSG00000184194	0.00010912905089917213
ENSG00000051825	0.00010912671055621474
ENSG00000017797	0.00010911529870550307
ENSG00000144867	0.00010911113098595776
ENSG00000163029	0.00010906790438920669
ENSG00000163348	0.00010905410195289601
ENSG00000040341	0.00010904335202905997
ENSG00000009307	0.00010899569704853752
ENSG00000011275	0.00010893244729103852
ENSG00000183091	0.00010889937204448725
ENSG00000054116	0.00010889023571657638
ENSG00000147669	0.00010882791058205519
ENSG00000166263	0.00010878397392152454
ENSG00000138722	0.00010877527731389487
ENSG00000143811	0.00010876257909621002
ENSG00000174891	0.00010874260137789831
ENSG00000224470	0.0001087121569659685
ENSG00000123609	0.0001086321571205909
ENSG00000072832	0.00010860530339470962
ENSG00000120868	0.00010857680909617733
ENSG00000123352	0.00010851895373939202
ENSG00000142507	0.0001084171249714846
ENSG00000132664	0.00010837311996278217
ENSG00000104341	0.00010834935252437623
ENSG00000122986	0.00010834664334515639
ENSG00000134369	0.0001083330889162791
ENSG00000171262	0.00010830869919333766
ENSG00000169100	0.00010829651423129206
ENSG00000064393	0.00010829386502492702
ENSG00000126464	0.0001082649825660098
ENSG00000104140	0.0001082635382492385
ENSG00000093000	0.00010826305792811358
ENSG00000102241	0.00010819870275077703
ENSG00000126456	0.00010813134423535505
ENSG00000273686	0.00010803599763780622
ENSG00000113924	0.00010803233304224177
ENSG00000133740	0.00010801191272135564
ENSG00000166025	0.00010800015494927561
ENSG00000130159	0.00010797202116648765
ENSG00000148516	0.00010796758711507102
ENSG00000176903	0.00010785541163163342
ENSG00000263528	0.00010778527683222656
ENSG00000134453	0.00010778032221540318
ENSG00000148337	0.00010774212641472739
ENSG00000049283	0.00010772345738291404
ENSG00000134852	0.00010760180464647563
ENSG00000120498	0.00010756292117203111
ENSG00000125733	0.00010747550022097488
ENSG00000072571	0.00010744760865230892
ENSG00000136878	0.00010743414493029727
ENSG00000164683	0.00010738905108432671
ENSG00000170373	0.0001073616123421185
ENSG00000144674	0.00010728807322698233
ENSG00000108091	0.000107269544251736
ENSG00000185499	0.00010722000939021123
ENSG00000104177	0.00010721067548155064
ENSG00000100138	0.00010719465524898971
ENSG00000152332	0.00010718106664660301
ENSG00000164751	0.00010715069329567144
ENSG00000103479	0.0001071500877106303
ENSG00000186591	0.00010712221878930674
ENSG00000120149	0.00010711300010575281
ENSG00000176697	0.00010705096822842712
ENSG00000126216	0.00010702158229472178
ENSG00000154832	0.00010695297945210578
ENSG00000101150	0.00010689830548435604
ENSG00000160255	0.00010684384747813272
ENSG00000048991	0.00010683612349208688
ENSG00000133706	0.00010683104835629767
ENSG00000163950	0.0001068256077881408
ENSG00000146066	0.00010680892188711198
ENSG00000156709	0.0001068067220017103
ENSG00000114315	0.00010671945337104727
ENSG00000121864	0.00010669764717630843
ENSG00000112701	0.00010664929652310994
ENSG00000103342	0.0001066260576467693
ENSG00000103194	0.00010661041261954969
ENSG00000213658	0.0001065018304100102
ENSG00000165821	0.00010650174185944153
ENSG00000170779	0.00010649381229634581
ENSG00000185721	0.00010633743572208102
ENSG00000124939	0.00010628269657053881
ENSG00000123338	0.0001062366834881831
ENSG00000101158	0.00010620100374913134
ENSG00000172638	0.00010613552211804988
ENSG00000104852	0.00010611570814007686
ENSG00000177700	0.00010610945057670141
ENSG00000158850	0.00010609126866221663
ENSG00000171467	0.00010601119595233603
ENSG00000125826	0.00010600603881004314
ENSG00000133103	0.00010597569166729847
ENSG00000150457	0.00010591415350376572
ENSG00000090520	0.00010583185043780622
ENSG00000186174	0.00010580126142420693
ENSG00000198959	0.00010575942826122806
ENSG00000116120	0.00010569112599412971
ENSG00000096996	0.00010565229459662335
ENSG00000151332	0.0001056377724455371
ENSG00000178171	0.0001056303103768216
ENSG00000101255	0.00010560886263648089
ENSG00000052850	0.00010559043349166071
ENSG00000160741	0.0001055829199381985
ENSG00000126804	0.00010557941442810652
ENSG00000156711	0.00010551440395281605
ENSG00000154277	0.00010549513112462404
ENSG00000277079	0.00010544151770462522
ENSG00000186919	0.00010542820881461395
ENSG00000162244	0.00010537703765793019
ENSG00000084207	0.00010533794486803331
ENSG00000173273	0.00010533024846082079
ENSG00000169760	0.0001053177383631752
ENSG00000162298	0.00010530101776630155
ENSG00000059758	0.00010521820749944514
ENSG00000185745	0.00010519293156244276
ENSG00000107984	0.00010505674750640297
ENSG00000124614	0.00010496662072500324
ENSG00000281877	0.00010490399086730495
ENSG00000130985	0.00010471316678042477
ENSG00000116539	0.00010469072148423458
ENSG00000198000	0.00010461869444061736
ENSG00000097033	0.00010459490143361677
ENSG00000133193	0.00010451102070236608
ENSG00000091651	0.0001044859113731347
ENSG00000248905	0.00010446385850111271
ENSG00000149679	0.0001044292173571637
ENSG00000129292	0.00010441615470559341
ENSG00000275835	0.00010438609890903834
ENSG00000147571	0.00010435325200682115
ENSG00000020129	0.00010434815792840489
ENSG00000136122	0.00010433065050155955
ENSG00000154319	0.00010432148650508816
ENSG00000116161	0.0001043099276730061
ENSG00000165458	0.00010430689733439457
ENSG00000275199	0.00010427698663306526
ENSG00000119321	0.00010424738446983624
ENSG00000113657	0.0001042114899529356
ENSG00000108384	0.00010419705450954666
ENSG00000054523	0.00010416885903961194
ENSG00000206562	0.0001041188949495122
ENSG00000143393	0.00010411349581476262
ENSG00000151923	0.0001041113756532297
ENSG00000213397	0.00010411008168608248
ENSG00000064961	0.00010410810217908382
ENSG00000112200	0.0001041032300522125
ENSG00000107938	0.00010403886795491334
ENSG00000018699	0.00010402803713062345
ENSG00000117523	0.00010401906063790283
ENSG00000139329	0.0001040092618994768
ENSG00000125870	0.00010398997979814725
ENSG00000147416	0.0001039736186493378
ENSG00000144857	0.00010396447492248512
ENSG00000004660	0.00010393459469009294
ENSG00000135249	0.00010392299450047532
ENSG00000168447	0.00010387422176848245
ENSG00000138696	0.00010384524950920038
ENSG00000101144	0.00010382141526430964
ENSG00000100410	0.00010381199390986747
ENSG00000029725	0.00010377494826140286
ENSG00000144283	0.00010374672696541329
ENSG00000225201	0.00010374375650919655
ENSG00000152661	0.00010373572472940597
ENSG00000111790	0.00010369564159936502
ENSG00000184661	0.00010367819316195898
ENSG00000133265	0.00010358905007205189
ENSG00000102145	0.00010357759899280267
ENSG00000127328	0.00010357434139787934
ENSG00000053900	0.00010354612506380262
ENSG00000143226	0.00010352431381240513
ENSG00000163625	0.00010352208492599911
ENSG00000115368	0.00010351131601207216
ENSG00000124541	0.00010349270158348174
ENSG00000166484	0.00010348489385142356
ENSG00000111300	0.00010332731798911499
ENSG00000179913	0.00010332639263068723
ENSG00000110844	0.00010332237824951581
ENSG00000123095	0.00010325295462323702
ENSG00000147381	0.00010324607416307787
ENSG00000140983	0.00010324431109156793
ENSG00000125755	0.00010320833007860203
ENSG00000141503	0.00010314190807233501
ENSG00000070886	0.0001030935836163142
ENSG00000129038	0.00010300490814386041
ENSG00000130826	0.00010293966494747554
ENSG00000122863	0.00010291541240773025
ENSG00000185009	0.00010291221684660673
ENSG00000101997	0.00010282869784504745
ENSG00000125170	0.00010275151623641109
ENSG00000159231	0.0001027476988169296
ENSG00000134207	0.00010273843139482766
ENSG00000227471	0.00010270796809860034
ENSG00000137273	0.00010267802570849131
ENSG00000249915	0.0001026753579519
ENSG00000135913	0.00010264753015324827
ENSG00000065559	0.00010258748321797274
ENSG00000185652	0.00010256493017137413
ENSG00000004939	0.00010255435031356498
ENSG00000135083	0.00010253996309713483
ENSG00000168438	0.00010253126737083528
ENSG00000138663	0.00010244921764273827
ENSG00000167182	0.0001024049626283387
ENSG00000055483	0.00010237881340790597
ENSG00000170927	0.00010233569135818419
ENSG00000163630	0.00010232901059954692
ENSG00000197056	0.00010232180238498404
ENSG00000149295	0.00010226913450735414
ENSG00000106245	0.00010221974591672329
ENSG00000179271	0.0001022144525253002
ENSG00000165494	0.00010221150284839977
ENSG00000147536	0.00010215995228079856
ENSG00000048028	0.00010209622723892395
ENSG00000130829	0.00010208858355000604
ENSG00000163053	0.00010207638391570201
ENSG00000110274	0.00010196255413150737
ENSG00000175334	0.00010195789397360823
ENSG00000182511	0.00010192598624690391
ENSG00000162520	0.00010188350110885987
ENSG00000034971	0.0001018651817725582
ENSG00000185386	0.00010182766088711847
ENSG00000089169	0.00010182398597954999
ENSG00000116741	0.000101808350843432
ENSG00000148408	0.00010177224379465963
ENSG00000152234	0.00010171259169478122
ENSG00000124380	0.00010163027446285185
ENSG00000166828	0.00010161439674962837
ENSG00000171425	0.00010160214129367859
ENSG00000177917	0.0001015921398474023
ENSG00000152256	0.00010158607732077001
ENSG00000105880	0.000101513568685376
ENSG00000171988	0.00010151142083697029
ENSG00000135338	0.00010148650480620442
ENSG00000170558	0.00010145776798751282
ENSG00000108604	0.00010145229999678728
ENSG00000117632	0.00010133314562103299
ENSG00000176095	0.00010130051834414812
ENSG00000130787	0.00010128537154045874
ENSG00000130332	0.00010125633349150119
ENSG00000152076	0.00010123830042375817
ENSG00000109819	0.00010121918232299215
ENSG00000147687	0.00010114075277239854
ENSG00000197747	0.00010109451132920855
ENSG00000157191	0.00010108991972306264
ENSG00000049540	0.00010108682176833159
ENSG00000101216	0.00010106305863903524
ENSG00000137815	0.000101037589974005
ENSG00000002016	0.000101028879859488
ENSG00000288508	0.00010100591966412305
ENSG00000178695	0.00010088818556561585
ENSG00000089693	0.00010083723559864913
ENSG00000105576	0.00010082852363916395
ENSG00000165799	0.00010076638257568438
ENSG00000164161	0.00010064789661460103
ENSG00000149294	0.00010063501463417275
ENSG00000104885	0.00010062877386964344
ENSG00000134574	0.00010060726722182951
ENSG00000065621	0.00010054629059794444
ENSG00000198087	0.00010051591943144063
ENSG00000105229	0.00010044424991551866
ENSG00000162923	0.00010043830543035014
ENSG00000049541	0.0001003371363586525
ENSG00000134259	0.00010033068792808622
ENSG00000172551	0.00010032379933277062
ENSG00000100368	0.00010031791618410586
ENSG00000163349	0.00010028108008081406
ENSG00000158796	0.00010026281527991173
ENSG00000177479	0.00010023104394730814
ENSG00000158717	0.0001002234671891899
ENSG00000092108	0.00010021430815417392
ENSG00000137818	0.0001001923326153884
ENSG00000108798	0.00010019026674517448
ENSG00000148680	0.00010017448481763227
ENSG00000166946	0.0001001413534726453
ENSG00000076924	0.00010010206557266958
ENSG00000170296	0.00010005110223754641
ENSG00000138435	0.0001000440446559799
ENSG00000125445	0.00010003205969456336
ENSG00000134419	0.00010002855224057063
ENSG00000140632	0.00010001237974370545
ENSG00000078808	9.997727570664149e-05
ENSG00000184863	9.994154240884952e-05
ENSG00000197114	9.993601680736966e-05
ENSG00000171960	9.99137603706258e-05
ENSG00000104064	9.991122386009793e-05
ENSG00000105255	9.98767062599984e-05
ENSG00000064313	9.984674030921193e-05
ENSG00000248099	9.976935552968267e-05
ENSG00000099991	9.970924677601979e-05
ENSG00000160917	9.964286236155585e-05
ENSG00000108010	9.96384997179181e-05
ENSG00000185532	9.962902815205488e-05
ENSG00000288455	9.962258976801592e-05
ENSG00000107485	9.959930685982879e-05
ENSG00000177054	9.957756136612551e-05
ENSG00000164056	9.957032625984376e-05
ENSG00000140416	9.954820192326742e-05
ENSG00000143437	9.95277800960148e-05
ENSG00000175467	9.951597586443405e-05
ENSG00000166685	9.945150506961574e-05
ENSG00000110013	9.942161744660678e-05
ENSG00000266472	9.940497358564982e-05
ENSG00000123552	9.936359353004466e-05
ENSG00000135046	9.93575119588971e-05
ENSG00000185298	9.934191344959504e-05
ENSG00000277641	9.928553319676315e-05
ENSG00000141012	9.926679564120957e-05
ENSG00000168522	9.917987826645936e-05
ENSG00000198952	9.914585779783773e-05
ENSG00000205726	9.912540883119384e-05
ENSG00000168824	9.909802143704484e-05
ENSG00000088305	9.907798444201765e-05
ENSG00000132478	9.902728421469369e-05
ENSG00000087274	9.899855105798949e-05
ENSG00000023892	9.896253732246356e-05
ENSG00000164815	9.896010046257684e-05
ENSG00000117362	9.89518270917419e-05
ENSG00000103489	9.885274614189216e-05
ENSG00000197442	9.884338382258908e-05
ENSG00000189057	9.878933564924213e-05
ENSG00000131944	9.87818817912543e-05
ENSG00000265681	9.871542879684756e-05
ENSG00000134077	9.871119267193666e-05
ENSG00000131408	9.870084227932247e-05
ENSG00000187123	9.869072910530672e-05
ENSG00000089225	9.866395248362424e-05
ENSG00000130643	9.866284977516656e-05
ENSG00000131016	9.865831047735298e-05
ENSG00000155506	9.854976379658062e-05
ENSG00000115806	9.852476227324358e-05
ENSG00000092531	9.851208324893573e-05
ENSG00000110811	9.845124951361117e-05
ENSG00000132382	9.842696387791166e-05
ENSG00000062598	9.842582288477503e-05
ENSG00000185246	9.838312820401847e-05
ENSG00000107831	9.833044010849837e-05
ENSG00000067334	9.830483641426677e-05
ENSG00000108679	9.829480001440046e-05
ENSG00000078053	9.82235940780694e-05
ENSG00000083799	9.820505812896762e-05
ENSG00000172819	9.818769071805708e-05
ENSG00000100147	9.814364078375306e-05
ENSG00000214367	9.80508398139106e-05
ENSG00000115935	9.804043643807961e-05
ENSG00000184363	9.79603465565236e-05
ENSG00000184117	9.787464305939857e-05
ENSG00000105063	9.786931794806834e-05
ENSG00000122966	9.785097374613702e-05
ENSG00000139645	9.784320862360169e-05
ENSG00000112237	9.782923238271844e-05
ENSG00000105443	9.782866019575688e-05
ENSG00000115942	9.782639054885867e-05
ENSG00000120690	9.781157934449385e-05
ENSG00000204899	9.779890587751542e-05
ENSG00000188219	9.779076759951612e-05
ENSG00000173068	9.775285100862855e-05
ENSG00000131238	9.774951379006533e-05
ENSG00000145681	9.774395435869299e-05
ENSG00000186522	9.767781378587752e-05
ENSG00000196700	9.764456479383449e-05
ENSG00000263001	9.756433372794853e-05
ENSG00000198824	9.755466355038278e-05
ENSG00000185236	9.75356703876605e-05
ENSG00000087258	9.750644318813079e-05
ENSG00000166963	9.750051885392713e-05
ENSG00000140285	9.748921953609503e-05
ENSG00000090776	9.738292987952418e-05
ENSG00000092850	9.738105552323119e-05
ENSG00000171189	9.736709609219081e-05
ENSG00000048828	9.7364146650863e-05
ENSG00000180616	9.735712882777092e-05
ENSG00000136040	9.731387216467751e-05
ENSG00000101199	9.728822833568091e-05
ENSG00000277586	9.72627015173983e-05
ENSG00000196792	9.720253404849355e-05
ENSG00000101557	9.718399681313392e-05
ENSG00000155508	9.71785518001451e-05
ENSG00000197063	9.717189524268793e-05
ENSG00000077235	9.715165578050336e-05
ENSG00000186468	9.714061755159442e-05
ENSG00000161714	9.702695559276823e-05
ENSG00000155100	9.701633098018764e-05
ENSG00000080293	9.697627431883885e-05
ENSG00000187079	9.696749510857135e-05
ENSG00000128881	9.696489202276014e-05
ENSG00000136931	9.6810617440434e-05
ENSG00000120533	9.672580338811659e-05
ENSG00000111358	9.671035133790366e-05
ENSG00000166337	9.670021274582681e-05
ENSG00000166169	9.669991581208451e-05
ENSG00000127564	9.668357582144568e-05
ENSG00000153317	9.666548101081698e-05
ENSG00000170689	9.661177276103485e-05
ENSG00000276293	9.659211837311095e-05
ENSG00000152944	9.657415698566705e-05
ENSG00000141380	9.655167942777511e-05
ENSG00000105649	9.648818234919567e-05
ENSG00000076053	9.645544607284188e-05
ENSG00000102385	9.640517361686066e-05
ENSG00000023287	9.639269409360026e-05
ENSG00000167325	9.631623005387397e-05
ENSG00000023445	9.622204881096231e-05
ENSG00000071243	9.618584824475365e-05
ENSG00000113658	9.617770094259913e-05
ENSG00000146247	9.61443864047529e-05
ENSG00000136631	9.61435754014341e-05
ENSG00000111615	9.608780793408216e-05
ENSG00000103769	9.605895689366407e-05
ENSG00000163518	9.59570962559228e-05
ENSG00000182533	9.594962620100054e-05
ENSG00000085433	9.594651224927622e-05
ENSG00000164081	9.594156921090003e-05
ENSG00000121905	9.593288487094766e-05
ENSG00000197956	9.59010968961178e-05
ENSG00000011600	9.590070226392591e-05
ENSG00000070193	9.588658011315922e-05
ENSG00000164134	9.588431179008678e-05
ENSG00000136448	9.583171996216174e-05
ENSG00000184845	9.583160573004353e-05
ENSG00000116922	9.581564685425129e-05
ENSG00000101052	9.577439007770631e-05
ENSG00000215305	9.57550882423598e-05
ENSG00000174405	9.571452958969519e-05
ENSG00000074800	9.571186042041888e-05
ENSG00000168092	9.568992125235225e-05
ENSG00000147873	9.56642151001906e-05
ENSG00000277956	9.56514553902997e-05
ENSG00000163875	9.563682272012559e-05
ENSG00000125378	9.559961393562234e-05
ENSG00000137409	9.549166082613123e-05
ENSG00000182175	9.547431626404622e-05
ENSG00000164107	9.54298948763454e-05
ENSG00000136045	9.541706974984506e-05
ENSG00000113360	9.539455564183882e-05
ENSG00000137672	9.539295378995813e-05
ENSG00000188064	9.536676276726033e-05
ENSG00000185420	9.534793550349054e-05
ENSG00000112996	9.533446791466552e-05
ENSG00000237344	9.530254915047766e-05
ENSG00000109111	9.527385430104039e-05
ENSG00000164031	9.524007420323087e-05
ENSG00000132388	9.520217459365055e-05
ENSG00000138433	9.51894338257142e-05
ENSG00000150455	9.517173756677995e-05
ENSG00000160360	9.51374472831311e-05
ENSG00000127603	9.513000265791396e-05
ENSG00000176915	9.511058453565362e-05
ENSG00000127483	9.50944406552996e-05
ENSG00000111328	9.505583719695918e-05
ENSG00000091972	9.504810372829295e-05
ENSG00000104904	9.503476031796027e-05
ENSG00000239672	9.50336415436223e-05
ENSG00000165682	9.503322556472863e-05
ENSG00000137656	9.498498268411847e-05
ENSG00000126860	9.49400364050798e-05
ENSG00000108064	9.493284767666179e-05
ENSG00000072682	9.48855053075847e-05
ENSG00000160688	9.487500864826132e-05
ENSG00000163499	9.487098391981901e-05
ENSG00000162961	9.480791186536784e-05
ENSG00000115461	9.477431042046337e-05
ENSG00000075131	9.477177064674526e-05
ENSG00000118705	9.473957210495235e-05
ENSG00000135047	9.473390478328579e-05
ENSG00000176248	9.471089156638632e-05
ENSG00000187735	9.470638569923356e-05
ENSG00000134686	9.467772829727877e-05
ENSG00000184451	9.465061190809404e-05
ENSG00000154767	9.463606882633665e-05
ENSG00000155363	9.461643276124118e-05
ENSG00000111875	9.45693278832278e-05
ENSG00000259956	9.456913417024586e-05
ENSG00000100354	9.442348939920805e-05
ENSG00000288461	9.44217959361454e-05
ENSG00000136573	9.442155190648935e-05
ENSG00000100216	9.441984806473526e-05
ENSG00000131558	9.44154439871094e-05
ENSG00000179409	9.436746911718234e-05
ENSG00000090273	9.435611765483622e-05
ENSG00000114316	9.433640386040118e-05
ENSG00000126785	9.430039969021398e-05
ENSG00000116852	9.429624326376497e-05
ENSG00000110955	9.429052587601123e-05
ENSG00000126453	9.425692496212409e-05
ENSG00000140365	9.425566654188649e-05
ENSG00000169554	9.422102938482281e-05
ENSG00000188566	9.42105675270885e-05
ENSG00000087510	9.4199834865841e-05
ENSG00000005073	9.417084236998326e-05
ENSG00000163634	9.415521325013682e-05
ENSG00000198961	9.413387155787622e-05
ENSG00000079950	9.412854623454867e-05
ENSG00000086061	9.412207138204076e-05
ENSG00000122482	9.407732962461854e-05
ENSG00000277273	9.406624978584564e-05
ENSG00000075539	9.403683782004158e-05
ENSG00000101955	9.403009247085834e-05
ENSG00000112685	9.395639223262929e-05
ENSG00000173080	9.384292429547191e-05
ENSG00000144357	9.381846837534204e-05
ENSG00000100632	9.378925966973758e-05
ENSG00000129152	9.377668943426682e-05
ENSG00000174791	9.377477760099937e-05
ENSG00000136108	9.373678984158816e-05
ENSG00000142166	9.367460805339489e-05
ENSG00000170619	9.362192778505469e-05
ENSG00000123091	9.360658068701915e-05
ENSG00000103671	9.358849757207608e-05
ENSG00000161970	9.357242799456158e-05
ENSG00000112242	9.356598598867003e-05
ENSG00000175063	9.355591145294451e-05
ENSG00000023734	9.35195877397553e-05
ENSG00000108349	9.35184664619442e-05
ENSG00000113312	9.348983952171545e-05
ENSG00000129675	9.348884854694841e-05
ENSG00000092470	9.345376054003922e-05
ENSG00000167083	9.331087319509018e-05
ENSG00000121454	9.331015772267962e-05
ENSG00000145632	9.320594192419832e-05
ENSG00000196277	9.320271379347705e-05
ENSG00000139679	9.315625499057e-05
ENSG00000005884	9.305783797571233e-05
ENSG00000187257	9.301384257749986e-05
ENSG00000169714	9.30135608629008e-05
ENSG00000162891	9.298969999057185e-05
ENSG00000152127	9.298359860866848e-05
ENSG00000155849	9.292545473701106e-05
ENSG00000183765	9.288490200080376e-05
ENSG00000275565	9.288029861796593e-05
ENSG00000134440	9.285838409754282e-05
ENSG00000003436	9.283596407487102e-05
ENSG00000119541	9.282299170022027e-05
ENSG00000163602	9.275579199423765e-05
ENSG00000103154	9.275158676448694e-05
ENSG00000159579	9.273474249221105e-05
ENSG00000136925	9.267534121179729e-05
ENSG00000123080	9.265164585388257e-05
ENSG00000162511	9.264659720545064e-05
ENSG00000142751	9.262712083113602e-05
ENSG00000109471	9.262571352927745e-05
ENSG00000146197	9.261313549776698e-05
ENSG00000150048	9.259124693605234e-05
ENSG00000121594	9.254335061191033e-05
ENSG00000110934	9.253457534917281e-05
ENSG00000164649	9.247793014105112e-05
ENSG00000109062	9.247034691033687e-05
ENSG00000143514	9.244770336261363e-05
ENSG00000105819	9.243149150892241e-05
ENSG00000105486	9.234298635278927e-05
ENSG00000185565	9.234136477547221e-05
ENSG00000107863	9.232112016497756e-05
ENSG00000111305	9.225322359735694e-05
ENSG00000100823	9.219470420730577e-05
ENSG00000186810	9.216655881012153e-05
ENSG00000125779	9.212904248378035e-05
ENSG00000068383	9.211916830455773e-05
ENSG00000275575	9.210700641951953e-05
ENSG00000176853	9.205866561994973e-05
ENSG00000167971	9.204449849927479e-05
ENSG00000110422	9.199410232904624e-05
ENSG00000089250	9.196781017271285e-05
ENSG00000168538	9.193474054998615e-05
ENSG00000170734	9.191187705227513e-05
ENSG00000153914	9.190706860609906e-05
ENSG00000166847	9.1901790714996e-05
ENSG00000054611	9.187990778998438e-05
ENSG00000104856	9.187283826275937e-05
ENSG00000119912	9.183491011668162e-05
ENSG00000143384	9.175596567576947e-05
ENSG00000112078	9.173254074127085e-05
ENSG00000198677	9.172511122708979e-05
ENSG00000150995	9.171508224294651e-05
ENSG00000180660	9.171357947425536e-05
ENSG00000148660	9.165231443596516e-05
ENSG00000134874	9.16418230089201e-05
ENSG00000189114	9.162749916460152e-05
ENSG00000167987	9.162115943999695e-05
ENSG00000205542	9.160837099045467e-05
ENSG00000150630	9.159654023773284e-05
ENSG00000109758	9.15512889018005e-05
ENSG00000128944	9.154093977972028e-05
ENSG00000171848	9.153862089745574e-05
ENSG00000131653	9.147602841269401e-05
ENSG00000116001	9.143118829710558e-05
ENSG00000109101	9.142815782162432e-05
ENSG00000206075	9.13734803275672e-05
ENSG00000187741	9.133257185599937e-05
ENSG00000156858	9.124005547700744e-05
ENSG00000120068	9.123799106524939e-05
ENSG00000130119	9.118056651494152e-05
ENSG00000149532	9.118027998080882e-05
ENSG00000119042	9.116116830968603e-05
ENSG00000198700	9.114203008656864e-05
ENSG00000103540	9.108200692854044e-05
ENSG00000071242	9.108168040061298e-05
ENSG00000177455	9.107526719369793e-05
ENSG00000036054	9.102093710645941e-05
ENSG00000102898	9.100406249110638e-05
ENSG00000169067	9.100161334834884e-05
ENSG00000164896	9.099464287474183e-05
ENSG00000174437	9.096181505426227e-05
ENSG00000110876	9.093349499597138e-05
ENSG00000100365	9.083918095931446e-05
ENSG00000131966	9.082959966433951e-05
ENSG00000152413	9.079558607561791e-05
ENSG00000213551	9.077175951164593e-05
ENSG00000109339	9.075490257500645e-05
ENSG00000183434	9.074843471940532e-05
ENSG00000169242	9.073136568720111e-05
ENSG00000114127	9.073029014299765e-05
ENSG00000168778	9.068516400403141e-05
ENSG00000129911	9.067279552325651e-05
ENSG00000153207	9.063604425286365e-05
ENSG00000087263	9.06206016751806e-05
ENSG00000284774	9.061639817992039e-05
ENSG00000116824	9.05989763595942e-05
ENSG00000141837	9.05819210259073e-05
ENSG00000196569	9.049988171300234e-05
ENSG00000115993	9.039839632299238e-05
ENSG00000117139	9.037217985109079e-05
ENSG00000125812	9.035458513989144e-05
ENSG00000182687	9.035273379586606e-05
ENSG00000266094	9.034859191050376e-05
ENSG00000106692	9.033747430671073e-05
ENSG00000187955	9.032266597295893e-05
ENSG00000173207	9.031012511429667e-05
ENSG00000164283	9.022287749349031e-05
ENSG00000074047	9.021655222443058e-05
ENSG00000053372	9.020985532157419e-05
ENSG00000124641	9.020310638787617e-05
ENSG00000163214	9.020015920883482e-05
ENSG00000127870	9.018029355647377e-05
ENSG00000196459	9.014104661391534e-05
ENSG00000102181	9.01282243221519e-05
ENSG00000112763	9.011162390945287e-05
ENSG00000204967	9.003617573422531e-05
ENSG00000161681	9.003365737577568e-05
ENSG00000107371	9.002086206939842e-05
ENSG00000160271	8.999856182255811e-05
ENSG00000155111	8.998810198052245e-05
ENSG00000092445	8.996169671898992e-05
ENSG00000078699	8.995295763836656e-05
ENSG00000133835	8.994329387595305e-05
ENSG00000167863	8.994190700431109e-05
ENSG00000134255	8.994177997862728e-05
ENSG00000168621	8.991445901720442e-05
ENSG00000253710	8.989247299608417e-05
ENSG00000205302	8.98498625745907e-05
ENSG00000282844	8.977955488640406e-05
ENSG00000198265	8.977195447108824e-05
ENSG00000041802	8.9736101589238e-05
ENSG00000123240	8.972289574604527e-05
ENSG00000165029	8.97108123218192e-05
ENSG00000009844	8.971024124959197e-05
ENSG00000156831	8.970025645613507e-05
ENSG00000106615	8.966607385211528e-05
ENSG00000128805	8.966285417233793e-05
ENSG00000137692	8.962291935208872e-05
ENSG00000137265	8.959917093866813e-05
ENSG00000054267	8.957094365362476e-05
ENSG00000125482	8.95623386827497e-05
ENSG00000108651	8.949301927669368e-05
ENSG00000136986	8.948458102479536e-05
ENSG00000113845	8.948421630586665e-05
ENSG00000107262	8.947550053321646e-05
ENSG00000175084	8.942834398796642e-05
ENSG00000111667	8.941555254538874e-05
ENSG00000159210	8.940909635310187e-05
ENSG00000112293	8.937616220431288e-05
ENSG00000188883	8.936507960595544e-05
ENSG00000080802	8.931115390238477e-05
ENSG00000141644	8.927580264788518e-05
ENSG00000055163	8.927325351873154e-05
ENSG00000169062	8.925751945778952e-05
ENSG00000120802	8.921516185692881e-05
ENSG00000115825	8.920357348578167e-05
ENSG00000085719	8.916944796796513e-05
ENSG00000119616	8.916646269875645e-05
ENSG00000048540	8.916568822837573e-05
ENSG00000123496	8.915669124057739e-05
ENSG00000047849	8.915112284786968e-05
ENSG00000155926	8.913454368045385e-05
ENSG00000131931	8.912506139137831e-05
ENSG00000127481	8.908757028985527e-05
ENSG00000075651	8.907926278142252e-05
ENSG00000196150	8.906108588522643e-05
ENSG00000161940	8.90073168583785e-05
ENSG00000167394	8.899518216369392e-05
ENSG00000182004	8.895973744276193e-05
ENSG00000006638	8.894987523356395e-05
ENSG00000122223	8.894659207275814e-05
ENSG00000136100	8.894199922533018e-05
ENSG00000132323	8.888850501712623e-05
ENSG00000168875	8.88876597617977e-05
ENSG00000230989	8.887422398924962e-05
ENSG00000144635	8.887116402464098e-05
ENSG00000138134	8.886573945121406e-05
ENSG00000165209	8.884525217748288e-05
ENSG00000128713	8.878794004418104e-05
ENSG00000139180	8.873248534945688e-05
ENSG00000136522	8.86773863818407e-05
ENSG00000187608	8.863963194185292e-05
ENSG00000108298	8.861046387834847e-05
ENSG00000153574	8.854528391931735e-05
ENSG00000101400	8.851845462156375e-05
ENSG00000144021	8.85136852776651e-05
ENSG00000164303	8.849896956489841e-05
ENSG00000104221	8.849502973592223e-05
ENSG00000139343	8.849303514618041e-05
ENSG00000136026	8.83685981609811e-05
ENSG00000173404	8.832523964045032e-05
ENSG00000225830	8.829569877272559e-05
ENSG00000116016	8.826842098184283e-05
ENSG00000172273	8.822103633563194e-05
ENSG00000147224	8.821110022485303e-05
ENSG00000114019	8.820145808002522e-05
ENSG00000136143	8.818990468963697e-05
ENSG00000140153	8.818923127223952e-05
ENSG00000115310	8.818396668913741e-05
ENSG00000177733	8.81521644251015e-05
ENSG00000108826	8.813201512860634e-05
ENSG00000108510	8.808395344162104e-05
ENSG00000122136	8.804848085467175e-05
ENSG00000198160	8.803586030646925e-05
ENSG00000136152	8.797257840172787e-05
ENSG00000108106	8.796573658376169e-05
ENSG00000138964	8.795753020606807e-05
ENSG00000143256	8.79446773474719e-05
ENSG00000144118	8.791134724651024e-05
ENSG00000110723	8.788493125906632e-05
ENSG00000113456	8.784417758706054e-05
ENSG00000003756	8.781554051640224e-05
ENSG00000152291	8.779773974485096e-05
ENSG00000179021	8.777644814121668e-05
ENSG00000160877	8.776944366292747e-05
ENSG00000101457	8.776799264091069e-05
ENSG00000187626	8.776439309149502e-05
ENSG00000038382	8.775282025566674e-05
ENSG00000282947	8.773753206750933e-05
ENSG00000048405	8.772874649398686e-05
ENSG00000111481	8.770297391833133e-05
ENSG00000100211	8.765230968950148e-05
ENSG00000183918	8.764381139445552e-05
ENSG00000163623	8.756243321245454e-05
ENSG00000163191	8.752243938598191e-05
ENSG00000173327	8.740627192051171e-05
ENSG00000180891	8.740325030158934e-05
ENSG00000197616	8.737524527298467e-05
ENSG00000163430	8.736666266109202e-05
ENSG00000130935	8.735790203284849e-05
ENSG00000173517	8.735085903276187e-05
ENSG00000147874	8.73261268164484e-05
ENSG00000002834	8.731816140964962e-05
ENSG00000160716	8.726543646643862e-05
ENSG00000102287	8.725076649280643e-05
ENSG00000068028	8.72466729158498e-05
ENSG00000054967	8.723765068258682e-05
ENSG00000169218	8.72231566990958e-05
ENSG00000081913	8.719444609013939e-05
ENSG00000135363	8.714209295758937e-05
ENSG00000100678	8.713440521292873e-05
ENSG00000173511	8.709439628945155e-05
ENSG00000113838	8.70899112336071e-05
ENSG00000135318	8.708499470939119e-05
ENSG00000144048	8.706262870179618e-05
ENSG00000116670	8.705203236511091e-05
ENSG00000117036	8.703873201401645e-05
ENSG00000089048	8.70117810506719e-05
ENSG00000145191	8.697929482383742e-05
ENSG00000086065	8.697199403887581e-05
ENSG00000011258	8.691631460117467e-05
ENSG00000138083	8.69091883141603e-05
ENSG00000112697	8.690450059315609e-05
ENSG00000124214	8.690255030340377e-05
ENSG00000102678	8.687697048690415e-05
ENSG00000138399	8.684394763689817e-05
ENSG00000139372	8.684046544717167e-05
ENSG00000172869	8.682952775129947e-05
ENSG00000075340	8.67982924594537e-05
ENSG00000138814	8.678613787547584e-05
ENSG00000134186	8.677929478177227e-05
ENSG00000147655	8.673760140400806e-05
ENSG00000166900	8.66955086298761e-05
ENSG00000166889	8.65564851868814e-05
ENSG00000131721	8.652607619451464e-05
ENSG00000115239	8.65093117741203e-05
ENSG00000102081	8.648867083871933e-05
ENSG00000141522	8.646720524026249e-05
ENSG00000163520	8.635487709791338e-05
ENSG00000147509	8.634581538841076e-05
ENSG00000100335	8.63393589975318e-05
ENSG00000120949	8.633731215418015e-05
ENSG00000179632	8.632314610194565e-05
ENSG00000136158	8.631735847569682e-05
ENSG00000141506	8.629530375066374e-05
ENSG00000176884	8.625498135837194e-05
ENSG00000136943	8.624847509594211e-05
ENSG00000143119	8.624085742922173e-05
ENSG00000062038	8.615070178176648e-05
ENSG00000082805	8.609089563321059e-05
ENSG00000221978	8.608613840161575e-05
ENSG00000131459	8.608300698353766e-05
ENSG00000106976	8.60197985625786e-05
ENSG00000109475	8.59389392022524e-05
ENSG00000151692	8.589406773618428e-05
ENSG00000110324	8.58899562412584e-05
ENSG00000136271	8.587064546934546e-05
ENSG00000168434	8.580345708693942e-05
ENSG00000163931	8.578794688920856e-05
ENSG00000074706	8.576667841855647e-05
ENSG00000118515	8.576144057007986e-05
ENSG00000158042	8.575661255333994e-05
ENSG00000130779	8.566676018331878e-05
ENSG00000266173	8.562088652261268e-05
ENSG00000100139	8.560666861759858e-05
ENSG00000071537	8.549035740767051e-05
ENSG00000162512	8.546647979050803e-05
ENSG00000106031	8.545398257951979e-05
ENSG00000107929	8.544613340827895e-05
ENSG00000198056	8.543270032337905e-05
ENSG00000141433	8.543012174166826e-05
ENSG00000064490	8.54018318421762e-05
ENSG00000084623	8.539375475261222e-05
ENSG00000111057	8.53660337703315e-05
ENSG00000205155	8.535232270417169e-05
ENSG00000131871	8.531486419432536e-05
ENSG00000184374	8.530972846013972e-05
ENSG00000132485	8.529334915636541e-05
ENSG00000102837	8.527227363567242e-05
ENSG00000165059	8.525516985146668e-05
ENSG00000103710	8.52261437558013e-05
ENSG00000108557	8.521776043545737e-05
ENSG00000106052	8.519277043835109e-05
ENSG00000023902	8.518153603296192e-05
ENSG00000175221	8.517970365304893e-05
ENSG00000117877	8.510664913503988e-05
ENSG00000116698	8.509078795704419e-05
ENSG00000177663	8.504112484201864e-05
ENSG00000161888	8.502680216150932e-05
ENSG00000274211	8.5007442193639e-05
ENSG00000134201	8.498914740729353e-05
ENSG00000012983	8.48856008145607e-05
ENSG00000104142	8.486473971078987e-05
ENSG00000129932	8.485293396554143e-05
ENSG00000154370	8.484828352006838e-05
ENSG00000114812	8.480086194568915e-05
ENSG00000107338	8.479338405918222e-05
ENSG00000189308	8.476097227316723e-05
ENSG00000143061	8.475309501084407e-05
ENSG00000125818	8.472819901301235e-05
ENSG00000090316	8.469686914061217e-05
ENSG00000104967	8.469112078299402e-05
ENSG00000130479	8.469009942550432e-05
ENSG00000044090	8.46771353349948e-05
ENSG00000068912	8.466253430567376e-05
ENSG00000130313	8.466244826387457e-05
ENSG00000172244	8.464844401187968e-05
ENSG00000028277	8.463232522573923e-05
ENSG00000169851	8.461239026424644e-05
ENSG00000198901	8.457639898943482e-05
ENSG00000138744	8.453566996591147e-05
ENSG00000141068	8.452961051081771e-05
ENSG00000126259	8.451736733735547e-05
ENSG00000159593	8.449599348889487e-05
ENSG00000143502	8.449539674963683e-05
ENSG00000077279	8.448564074867473e-05
ENSG00000068323	8.447468111850771e-05
ENSG00000171953	8.44169422050676e-05
ENSG00000091140	8.440957583912006e-05
ENSG00000197785	8.44083816638631e-05
ENSG00000160013	8.440313880359973e-05
ENSG00000129003	8.439008163155359e-05
ENSG00000161956	8.438331950761537e-05
ENSG00000162458	8.429607049172976e-05
ENSG00000175550	8.425477751925176e-05
ENSG00000120688	8.425344571761494e-05
ENSG00000178150	8.421754861780785e-05
ENSG00000123349	8.419728119778178e-05
ENSG00000164347	8.419254350140076e-05
ENSG00000175203	8.41232122305665e-05
ENSG00000131828	8.410707277464071e-05
ENSG00000106511	8.40741990270722e-05
ENSG00000159720	8.40672942136963e-05
ENSG00000144749	8.404839160464669e-05
ENSG00000138069	8.404785045835317e-05
ENSG00000163600	8.403936858697558e-05
ENSG00000165516	8.402657758768331e-05
ENSG00000143921	8.394013131557424e-05
ENSG00000138075	8.394013131557424e-05
ENSG00000079841	8.387574809131172e-05
ENSG00000136709	8.382925169036724e-05
ENSG00000176890	8.379708418031173e-05
ENSG00000127527	8.375693299354629e-05
ENSG00000010310	8.375413877937628e-05
ENSG00000143442	8.375276063022429e-05
ENSG00000198954	8.37370302601019e-05
ENSG00000123411	8.373686145899921e-05
ENSG00000142347	8.370496083405884e-05
ENSG00000105676	8.36771577741997e-05
ENSG00000160710	8.364930393358027e-05
ENSG00000196526	8.364735941184079e-05
ENSG00000115548	8.363543423396124e-05
ENSG00000143772	8.358698606146072e-05
ENSG00000186141	8.355086328236733e-05
ENSG00000033030	8.354359851915394e-05
ENSG00000114125	8.35427731800836e-05
ENSG00000181915	8.351292266733546e-05
ENSG00000136908	8.351186388874219e-05
ENSG00000132639	8.345798141288706e-05
ENSG00000150636	8.345200238959486e-05
ENSG00000133606	8.343791594371993e-05
ENSG00000084112	8.337818617690426e-05
ENSG00000147257	8.337352760856176e-05
ENSG00000164144	8.322791105899498e-05
ENSG00000143748	8.322705845495472e-05
ENSG00000113282	8.322361583620888e-05
ENSG00000148943	8.322060953590967e-05
ENSG00000131381	8.318458197572818e-05
ENSG00000166086	8.317825368447684e-05
ENSG00000010404	8.313243009112149e-05
ENSG00000117174	8.310676351311032e-05
ENSG00000164035	8.307533183838265e-05
ENSG00000080822	8.307086503750752e-05
ENSG00000183762	8.306198195586156e-05
ENSG00000198642	8.305849242004654e-05
ENSG00000148153	8.304785739013695e-05
ENSG00000106993	8.300076690898685e-05
ENSG00000145198	8.292009979492425e-05
ENSG00000130396	8.287243423861904e-05
ENSG00000136869	8.287165993594846e-05
ENSG00000132466	8.285913564906219e-05
ENSG00000159110	8.280989422120156e-05
ENSG00000103995	8.280895599347986e-05
ENSG00000188554	8.27973031102341e-05
ENSG00000285109	8.27879460543338e-05
ENSG00000120539	8.276394593856494e-05
ENSG00000145687	8.274685849815943e-05
ENSG00000069329	8.272196879570003e-05
ENSG00000144134	8.265320446350949e-05
ENSG00000118162	8.264568568401242e-05
ENSG00000005156	8.26438635058448e-05
ENSG00000166603	8.263852671653431e-05
ENSG00000100162	8.261315517356625e-05
ENSG00000117475	8.252608351099878e-05
ENSG00000163568	8.25163951133549e-05
ENSG00000269404	8.250589062334243e-05
ENSG00000130511	8.24907803456953e-05
ENSG00000141759	8.236918931603679e-05
ENSG00000074211	8.236372647741689e-05
ENSG00000178209	8.23448294595189e-05
ENSG00000165887	8.234091166207931e-05
ENSG00000137040	8.233991881450035e-05
ENSG00000131626	8.230262797453199e-05
ENSG00000173406	8.229522896499163e-05
ENSG00000161847	8.228732223204682e-05
ENSG00000134061	8.226256887035819e-05
ENSG00000187140	8.225588284146111e-05
ENSG00000268606	8.221199955417149e-05
ENSG00000131374	8.215617175142046e-05
ENSG00000099385	8.214840631737071e-05
ENSG00000112335	8.214751960922373e-05
ENSG00000126247	8.214122076051174e-05
ENSG00000115221	8.199208090766645e-05
ENSG00000114648	8.19868684576067e-05
ENSG00000112183	8.198476812870691e-05
ENSG00000135218	8.197004979703827e-05
ENSG00000288299	8.191436283205165e-05
ENSG00000164294	8.186887841456706e-05
ENSG00000133030	8.185993936499511e-05
ENSG00000176619	8.183623934529665e-05
ENSG00000171246	8.183413464844874e-05
ENSG00000013441	8.182524342208538e-05
ENSG00000129990	8.168518897032451e-05
ENSG00000186010	8.166964156839812e-05
ENSG00000288401	8.166850455512056e-05
ENSG00000112130	8.166486438636337e-05
ENSG00000069849	8.163412874136197e-05
ENSG00000150459	8.160193594239622e-05
ENSG00000185947	8.153542176990116e-05
ENSG00000177613	8.152756293249407e-05
ENSG00000077348	8.150627990059068e-05
ENSG00000173546	8.150611942929359e-05
ENSG00000088888	8.144975549612838e-05
ENSG00000163501	8.139475637729981e-05
ENSG00000111262	8.139350123130842e-05
ENSG00000141446	8.139149580207125e-05
ENSG00000143373	8.134203177588788e-05
ENSG00000155868	8.133692418483026e-05
ENSG00000137822	8.132543540827592e-05
ENSG00000180096	8.131336543343118e-05
ENSG00000101082	8.130870387675063e-05
ENSG00000129317	8.130317506256799e-05
ENSG00000145623	8.12803699423882e-05
ENSG00000160392	8.12593539952641e-05
ENSG00000154310	8.125697784830279e-05
ENSG00000005302	8.12234721983965e-05
ENSG00000185130	8.120179450629947e-05
ENSG00000167889	8.119009851325239e-05
ENSG00000163171	8.118522222023293e-05
ENSG00000092841	8.117649542680987e-05
ENSG00000186652	8.115640765001015e-05
ENSG00000241563	8.115061663335506e-05
ENSG00000121775	8.113801537721896e-05
ENSG00000106367	8.112874069671769e-05
ENSG00000173156	8.109417846063274e-05
ENSG00000163485	8.104915419746606e-05
ENSG00000137171	8.103672175478035e-05
ENSG00000012223	8.102893801133871e-05
ENSG00000197757	8.102632470675253e-05
ENSG00000180357	8.099664358663937e-05
ENSG00000136560	8.096851440324686e-05
ENSG00000172349	8.09671319949526e-05
ENSG00000151892	8.096232786832035e-05
ENSG00000138750	8.094390520671778e-05
ENSG00000241697	8.094083087022505e-05
ENSG00000147869	8.092521259164283e-05
ENSG00000160799	8.090835635492694e-05
ENSG00000185344	8.089657435384354e-05
ENSG00000148180	8.087404402162414e-05
ENSG00000131165	8.086948349303794e-05
ENSG00000103485	8.075812810045657e-05
ENSG00000156795	8.074748622816554e-05
ENSG00000170234	8.071903470098863e-05
ENSG00000134247	8.070965762950108e-05
ENSG00000068885	8.068788663406896e-05
ENSG00000117395	8.067119814477079e-05
ENSG00000090863	8.063946204175914e-05
ENSG00000280831	8.061258126118726e-05
ENSG00000135457	8.061109949966073e-05
ENSG00000113645	8.059772748416247e-05
ENSG00000106278	8.059562367901912e-05
ENSG00000162490	8.058204253512976e-05
ENSG00000167754	8.056834572453473e-05
ENSG00000163606	8.052736845633656e-05
ENSG00000113763	8.050757975280174e-05
ENSG00000167779	8.050732502341514e-05
ENSG00000160447	8.048500219801598e-05
ENSG00000134851	8.04394209238845e-05
ENSG00000104936	8.04249133732553e-05
ENSG00000123130	8.041308034098443e-05
ENSG00000282956	8.041142449770233e-05
ENSG00000273514	8.037857821493379e-05
ENSG00000109787	8.036736738009268e-05
ENSG00000197959	8.036315571158767e-05
ENSG00000198873	8.036184101494886e-05
ENSG00000076928	8.030612411381593e-05
ENSG00000175354	8.029575377029103e-05
ENSG00000111275	8.025831242907872e-05
ENSG00000153071	8.02514395280299e-05
ENSG00000138675	8.023482985198149e-05
ENSG00000141294	8.023449873486473e-05
ENSG00000025434	8.016175491474448e-05
ENSG00000158528	8.014841482044928e-05
ENSG00000184436	8.013779067357132e-05
ENSG00000122550	8.010579822529014e-05
ENSG00000143622	8.006418744806789e-05
ENSG00000124562	8.005128308328078e-05
ENSG00000105287	8.004057439393962e-05
ENSG00000171119	7.996797484808182e-05
ENSG00000009790	7.995728768422543e-05
ENSG00000181704	7.989052516927971e-05
ENSG00000174429	7.987773331447783e-05
ENSG00000181938	7.984474375176732e-05
ENSG00000123607	7.983011416949385e-05
ENSG00000104356	7.98219592020608e-05
ENSG00000160803	7.981065127288615e-05
ENSG00000131013	7.972734529381773e-05
ENSG00000170035	7.969740148319849e-05
ENSG00000170421	7.969505179623987e-05
ENSG00000153563	7.969327692858328e-05
ENSG00000164329	7.967415554034557e-05
ENSG00000171346	7.965774300382428e-05
ENSG00000160219	7.965552136482494e-05
ENSG00000108819	7.964432559789631e-05
ENSG00000126351	7.962709559558066e-05
ENSG00000076201	7.962270736826144e-05
ENSG00000163823	7.961081862857092e-05
ENSG00000165819	7.959396705398304e-05
ENSG00000057663	7.957129303675624e-05
ENSG00000173762	7.956563612693021e-05
ENSG00000141030	7.9558784187134e-05
ENSG00000134001	7.950695630645484e-05
ENSG00000107625	7.94913275576129e-05
ENSG00000132911	7.948007534495435e-05
ENSG00000176390	7.945989268188086e-05
ENSG00000149596	7.943749077218384e-05
ENSG00000006607	7.943358202453533e-05
ENSG00000184557	7.942163801673364e-05
ENSG00000143222	7.936222342754546e-05
ENSG00000170775	7.933757967018623e-05
ENSG00000118965	7.932511448756817e-05
ENSG00000204406	7.931869534197168e-05
ENSG00000197275	7.930141418643064e-05
ENSG00000102103	7.928534000587545e-05
ENSG00000113300	7.92006354064062e-05
ENSG00000012061	7.919494288739297e-05
ENSG00000090615	7.917793160324593e-05
ENSG00000223367	7.917594307058419e-05
ENSG00000130640	7.915063590983671e-05
ENSG00000113621	7.915053866766729e-05
ENSG00000127586	7.912716380105633e-05
ENSG00000152102	7.911082300934995e-05
ENSG00000111877	7.908999769996281e-05
ENSG00000283100	7.906284949939953e-05
ENSG00000107562	7.906092594848875e-05
ENSG00000104889	7.905443548596208e-05
ENSG00000116095	7.902873772737119e-05
ENSG00000129219	7.900885192362926e-05
ENSG00000145868	7.897989730721382e-05
ENSG00000069493	7.896788831286277e-05
ENSG00000198753	7.887835045827115e-05
ENSG00000214517	7.887171567628036e-05
ENSG00000137947	7.886877979544488e-05
ENSG00000143387	7.874082564494371e-05
ENSG00000133398	7.871255140807667e-05
ENSG00000185149	7.87032773348355e-05
ENSG00000119421	7.870280802336414e-05
ENSG00000138398	7.866406873545434e-05
ENSG00000112531	7.866163791834487e-05
ENSG00000166794	7.866059630071151e-05
ENSG00000176136	7.866002875844805e-05
ENSG00000007520	7.864755453582676e-05
ENSG00000084733	7.860851791365363e-05
ENSG00000052723	7.860073874423324e-05
ENSG00000101162	7.859125416693189e-05
ENSG00000137101	7.851536336419468e-05
ENSG00000196730	7.851475771753366e-05
ENSG00000157601	7.848420687942363e-05
ENSG00000126653	7.846771427335973e-05
ENSG00000197070	7.846015291187395e-05
ENSG00000143320	7.84421055809758e-05
ENSG00000155975	7.841780342933876e-05
ENSG00000004848	7.840371948623958e-05
ENSG00000148835	7.839072590858209e-05
ENSG00000139112	7.838695093712931e-05
ENSG00000145362	7.83698907963458e-05
ENSG00000175643	7.835329253199246e-05
ENSG00000123329	7.835247955778686e-05
ENSG00000145494	7.828996405938912e-05
ENSG00000197696	7.826762964533433e-05
ENSG00000117697	7.825963156316271e-05
ENSG00000019102	7.823786003697227e-05
ENSG00000137413	7.82322393825099e-05
ENSG00000168615	7.820963424145534e-05
ENSG00000196405	7.819244092984473e-05
ENSG00000104884	7.817084266093289e-05
ENSG00000084072	7.814447256330754e-05
ENSG00000145703	7.811673205947086e-05
ENSG00000225614	7.811652800162073e-05
ENSG00000103495	7.810635477162934e-05
ENSG00000189299	7.809611935049793e-05
ENSG00000134242	7.80660848662823e-05
ENSG00000156467	7.80659595011796e-05
ENSG00000139505	7.80517740377458e-05
ENSG00000158467	7.80345896067057e-05
ENSG00000138834	7.802631408308281e-05
ENSG00000179604	7.79992209493504e-05
ENSG00000198771	7.796413540436242e-05
ENSG00000109079	7.792677886384247e-05
ENSG00000114739	7.791052179760055e-05
ENSG00000197635	7.789934197441098e-05
ENSG00000064547	7.788478835943152e-05
ENSG00000099804	7.784785763040117e-05
ENSG00000118785	7.780644488855664e-05
ENSG00000162302	7.779516374768935e-05
ENSG00000060237	7.778790076436265e-05
ENSG00000172602	7.778215021574957e-05
ENSG00000171132	7.770851243326593e-05
ENSG00000100353	7.77046100686862e-05
ENSG00000115263	7.768574111365083e-05
ENSG00000144285	7.76677204597129e-05
ENSG00000142864	7.762441592868296e-05
ENSG00000143157	7.761540002528653e-05
ENSG00000274290	7.760130967505412e-05
ENSG00000165501	7.758907992817651e-05
ENSG00000156475	7.757207776527008e-05
ENSG00000132591	7.756004376548994e-05
ENSG00000070159	7.754454410511138e-05
ENSG00000180535	7.754134710812311e-05
ENSG00000001629	7.751846247286577e-05
ENSG00000163251	7.750027209389178e-05
ENSG00000102683	7.748873721161322e-05
ENSG00000132600	7.745244161805501e-05
ENSG00000188976	7.744339182627664e-05
ENSG00000173914	7.743277997270512e-05
ENSG00000103051	7.743247944371006e-05
ENSG00000174021	7.736414648106399e-05
ENSG00000105738	7.73482799619691e-05
ENSG00000104722	7.732458976110202e-05
ENSG00000178966	7.73131896097552e-05
ENSG00000138119	7.730667207396592e-05
ENSG00000011478	7.727034676265373e-05
ENSG00000088833	7.72385137012709e-05
ENSG00000095059	7.722345354070776e-05
ENSG00000129654	7.721320023365261e-05
ENSG00000160695	7.721193978949265e-05
ENSG00000163898	7.719060822053784e-05
ENSG00000125354	7.714636327563304e-05
ENSG00000185825	7.711272685542369e-05
ENSG00000170876	7.710093673190913e-05
ENSG00000163354	7.709402946485618e-05
ENSG00000146414	7.707392713163802e-05
ENSG00000285387	7.702729870881373e-05
ENSG00000130956	7.701309632958018e-05
ENSG00000130706	7.701245725102361e-05
ENSG00000078618	7.696548946327154e-05
ENSG00000116750	7.69425293206213e-05
ENSG00000086504	7.69255991914577e-05
ENSG00000015676	7.685518118904895e-05
ENSG00000143155	7.685040291659383e-05
ENSG00000172575	7.684912116316729e-05
ENSG00000101624	7.68349825004199e-05
ENSG00000158161	7.68319832210165e-05
ENSG00000157933	7.68066196384666e-05
ENSG00000079435	7.68059040303026e-05
ENSG00000125730	7.679347417561286e-05
ENSG00000064995	7.67516798072471e-05
ENSG00000134460	7.672644037264751e-05
ENSG00000157613	7.67207004356001e-05
ENSG00000172795	7.670622925487387e-05
ENSG00000136068	7.669839749988349e-05
ENSG00000032219	7.661771498787658e-05
ENSG00000179361	7.660922046000127e-05
ENSG00000008853	7.657607113447947e-05
ENSG00000119048	7.657095029816623e-05
ENSG00000121749	7.656395466606122e-05
ENSG00000101442	7.655510148690845e-05
ENSG00000041982	7.655262763151875e-05
ENSG00000162889	7.65377713856327e-05
ENSG00000087074	7.653430896196185e-05
ENSG00000148848	7.65327448215637e-05
ENSG00000169756	7.652618152702215e-05
ENSG00000072210	7.651576994303027e-05
ENSG00000165240	7.650531916240403e-05
ENSG00000183723	7.650210366570515e-05
ENSG00000114126	7.650190828055895e-05
ENSG00000157985	7.649953538201334e-05
ENSG00000166573	7.647969545682861e-05
ENSG00000172171	7.647466686930653e-05
ENSG00000118271	7.645733396696152e-05
ENSG00000072849	7.642808861531915e-05
ENSG00000160714	7.640106308080619e-05
ENSG00000092054	7.636402644074006e-05
ENSG00000118762	7.632760340580871e-05
ENSG00000117425	7.625272658573114e-05
ENSG00000154975	7.623414623400098e-05
ENSG00000153989	7.618786380129878e-05
ENSG00000076685	7.617014868769761e-05
ENSG00000147145	7.615284035506631e-05
ENSG00000078246	7.614404096080949e-05
ENSG00000146457	7.608553789732747e-05
ENSG00000148606	7.607532729619974e-05
ENSG00000168256	7.607252332435301e-05
ENSG00000152520	7.607061176510455e-05
ENSG00000128266	7.604192006401482e-05
ENSG00000131475	7.601755448108428e-05
ENSG00000085514	7.598176068456974e-05
ENSG00000134202	7.597688088433517e-05
ENSG00000100167	7.595614608670448e-05
ENSG00000129933	7.593684688452277e-05
ENSG00000188419	7.592033022049894e-05
ENSG00000125245	7.590818273851603e-05
ENSG00000172239	7.588303786299673e-05
ENSG00000118513	7.586521087859362e-05
ENSG00000028203	7.5817588789443e-05
ENSG00000149925	7.579146886639526e-05
ENSG00000174564	7.5777659806985e-05
ENSG00000183625	7.569650933506824e-05
ENSG00000116906	7.568038369978852e-05
ENSG00000197728	7.56798513432659e-05
ENSG00000005100	7.56793760780312e-05
ENSG00000178394	7.56554393558038e-05
ENSG00000163083	7.563177383124083e-05
ENSG00000106399	7.562004209279695e-05
ENSG00000091490	7.561316253351595e-05
ENSG00000137942	7.561312087484141e-05
ENSG00000196220	7.55910649264665e-05
ENSG00000145782	7.557727641255394e-05
ENSG00000278195	7.555056104546117e-05
ENSG00000151748	7.552139614035518e-05
ENSG00000100325	7.55003997720323e-05
ENSG00000185567	7.548540561348838e-05
ENSG00000104388	7.54429368288032e-05
ENSG00000131100	7.541216806561306e-05
ENSG00000161904	7.540252178122132e-05
ENSG00000125965	7.53925022693963e-05
ENSG00000147684	7.537866695094537e-05
ENSG00000004948	7.536173287396925e-05
ENSG00000112039	7.536164054887283e-05
ENSG00000169255	7.534163691558391e-05
ENSG00000126001	7.533984278465666e-05
ENSG00000171311	7.533827193245041e-05
ENSG00000197111	7.532131722154963e-05
ENSG00000081320	7.530150503257556e-05
ENSG00000214575	7.526505991994469e-05
ENSG00000131724	7.523364318074552e-05
ENSG00000260916	7.52270052486309e-05
ENSG00000096696	7.520488364615585e-05
ENSG00000088256	7.519930210783478e-05
ENSG00000137462	7.51927339760905e-05
ENSG00000119729	7.519240818476523e-05
ENSG00000167984	7.51822687424612e-05
ENSG00000106789	7.518132528374117e-05
ENSG00000167658	7.514088442345464e-05
ENSG00000099901	7.508246080957441e-05
ENSG00000198689	7.506683817328527e-05
ENSG00000158411	7.502963089270645e-05
ENSG00000160678	7.502051027510963e-05
ENSG00000136098	7.499454885237852e-05
ENSG00000065491	7.498615963691206e-05
ENSG00000076604	7.496244636339186e-05
ENSG00000117385	7.495964654403654e-05
ENSG00000099940	7.495679973162396e-05
ENSG00000107223	7.494993307055171e-05
ENSG00000162236	7.494845222180918e-05
ENSG00000137802	7.493772968319338e-05
ENSG00000104960	7.491881349123582e-05
ENSG00000163673	7.489583080518045e-05
ENSG00000154127	7.489564443908878e-05
ENSG00000108829	7.488837800439872e-05
ENSG00000198467	7.483198325870513e-05
ENSG00000123364	7.482694091449837e-05
ENSG00000076706	7.482243075901205e-05
ENSG00000117528	7.481162016996124e-05
ENSG00000127580	7.480956095538613e-05
ENSG00000116329	7.47772681792569e-05
ENSG00000165732	7.476407787841527e-05
ENSG00000135775	7.474771394390449e-05
ENSG00000137992	7.474615750328208e-05
ENSG00000027869	7.471344112183261e-05
ENSG00000164902	7.467932679334737e-05
ENSG00000026559	7.467908648521868e-05
ENSG00000174886	7.462546138716014e-05
ENSG00000172500	7.45864348876986e-05
ENSG00000130803	7.457298651822253e-05
ENSG00000275074	7.455860223836705e-05
ENSG00000070190	7.453500066894327e-05
ENSG00000105967	7.45332936282429e-05
ENSG00000185245	7.451457813548146e-05
ENSG00000168495	7.44909487778552e-05
ENSG00000132612	7.448755230964743e-05
ENSG00000079689	7.444344333080214e-05
ENSG00000162729	7.436672019860183e-05
ENSG00000185619	7.433046394866512e-05
ENSG00000179115	7.432901042631927e-05
ENSG00000140092	7.432731085377261e-05
ENSG00000078902	7.428835121661892e-05
ENSG00000143401	7.428250580310043e-05
ENSG00000118298	7.426259588518062e-05
ENSG00000117122	7.42552829878718e-05
ENSG00000156976	7.425207906297396e-05
ENSG00000132182	7.420721601984707e-05
ENSG00000140463	7.419749070511917e-05
ENSG00000213231	7.417416956538369e-05
ENSG00000115540	7.41556101413039e-05
ENSG00000112799	7.415192755320879e-05
ENSG00000058085	7.412563634065527e-05
ENSG00000174842	7.408029285179194e-05
ENSG00000138430	7.406652615804201e-05
ENSG00000198492	7.406541009178131e-05
ENSG00000233822	7.40529582234006e-05
ENSG00000119139	7.40500271693068e-05
ENSG00000221986	7.40499055420972e-05
ENSG00000068784	7.404260848942407e-05
ENSG00000088356	7.401537683229611e-05
ENSG00000100554	7.396389769309734e-05
ENSG00000125798	7.395912360299355e-05
ENSG00000206560	7.395162152229385e-05
ENSG00000187514	7.393654276356562e-05
ENSG00000142698	7.391742837287914e-05
ENSG00000167208	7.389824692795774e-05
ENSG00000183454	7.389642702863488e-05
ENSG00000004777	7.386820143849335e-05
ENSG00000111554	7.385053398951246e-05
ENSG00000168476	7.383074413044436e-05
ENSG00000077092	7.382364781133321e-05
ENSG00000139567	7.381223185718137e-05
ENSG00000128487	7.380708642529443e-05
ENSG00000158062	7.375336065055762e-05
ENSG00000173542	7.374962679072376e-05
ENSG00000138035	7.372986860318388e-05
ENSG00000137145	7.371446034912275e-05
ENSG00000100532	7.368446080834733e-05
ENSG00000196091	7.367368679629918e-05
ENSG00000101189	7.36202425787401e-05
ENSG00000280858	7.361496347071893e-05
ENSG00000160199	7.356593335224692e-05
ENSG00000095951	7.355873054327383e-05
ENSG00000159189	7.354838096449756e-05
ENSG00000234127	7.354105933144149e-05
ENSG00000145916	7.353733612684237e-05
ENSG00000198039	7.352028671131017e-05
ENSG00000104866	7.346677010395477e-05
ENSG00000185238	7.344476225092797e-05
ENSG00000177138	7.341430302328932e-05
ENSG00000004059	7.335555698291256e-05
ENSG00000185551	7.334824748387725e-05
ENSG00000171016	7.333441655644944e-05
ENSG00000114439	7.332953192848488e-05
ENSG00000143756	7.330767823768395e-05
ENSG00000001631	7.328907002105418e-05
ENSG00000198523	7.327921294890894e-05
ENSG00000014216	7.327844188590306e-05
ENSG00000243284	7.327500497251298e-05
ENSG00000091879	7.326446221566178e-05
ENSG00000074755	7.325556915741894e-05
ENSG00000243678	7.32365125099936e-05
ENSG00000169288	7.317626224544867e-05
ENSG00000165349	7.314560853652845e-05
ENSG00000288210	7.313116674403771e-05
ENSG00000114904	7.312897362512266e-05
ENSG00000010278	7.312624633364039e-05
ENSG00000150672	7.309638848372169e-05
ENSG00000113263	7.309139840928977e-05
ENSG00000178096	7.308634254514515e-05
ENSG00000185104	7.308068424173918e-05
ENSG00000016082	7.308003937060935e-05
ENSG00000160087	7.304752049709269e-05
ENSG00000138735	7.302717655072494e-05
ENSG00000100055	7.301575111467003e-05
ENSG00000173372	7.301505798911437e-05
ENSG00000119685	7.301346869235043e-05
ENSG00000146842	7.299596429039382e-05
ENSG00000172071	7.296761133099568e-05
ENSG00000105483	7.295974518239659e-05
ENSG00000115947	7.293707062269829e-05
ENSG00000108599	7.292930302528618e-05
ENSG00000180008	7.291448774055334e-05
ENSG00000130305	7.289253425179803e-05
ENSG00000239713	7.288872041053874e-05
ENSG00000120656	7.288123309054175e-05
ENSG00000171195	7.284803158583676e-05
ENSG00000063601	7.284509301290219e-05
ENSG00000181610	7.282057551663696e-05
ENSG00000140455	7.281477611327037e-05
ENSG00000137834	7.280275226209227e-05
ENSG00000185010	7.27731500719914e-05
ENSG00000078043	7.276219299960156e-05
ENSG00000104979	7.275879621743779e-05
ENSG00000265190	7.274884545271537e-05
ENSG00000131437	7.272578030871762e-05
ENSG00000156374	7.267899204143953e-05
ENSG00000182117	7.267271948106525e-05
ENSG00000118873	7.266433041706524e-05
ENSG00000019505	7.265755888504333e-05
ENSG00000175315	7.265347030899156e-05
ENSG00000126882	7.264768322892936e-05
ENSG00000185963	7.264378224763948e-05
ENSG00000140557	7.260446432235864e-05
ENSG00000169696	7.259905689515261e-05
ENSG00000143793	7.256916274949306e-05
ENSG00000197157	7.256849260689182e-05
ENSG00000085788	7.256561741586046e-05
ENSG00000178363	7.256430308219472e-05
ENSG00000140743	7.254854837380453e-05
ENSG00000125485	7.250773684355991e-05
ENSG00000125968	7.248836696824586e-05
ENSG00000180720	7.241545904476161e-05
ENSG00000278152	7.240962216597761e-05
ENSG00000101335	7.23985002314325e-05
ENSG00000159409	7.239682541812284e-05
ENSG00000070423	7.23726324480033e-05
ENSG00000006744	7.236670467689227e-05
ENSG00000135407	7.229060081812031e-05
ENSG00000196284	7.2268361389906e-05
ENSG00000168807	7.220394909358458e-05
ENSG00000100395	7.22003487439002e-05
ENSG00000086598	7.217055687167025e-05
ENSG00000184743	7.215786080244077e-05
ENSG00000170832	7.21393267560594e-05
ENSG00000178053	7.212079637729237e-05
ENSG00000134744	7.211809367313921e-05
ENSG00000072310	7.209795137913109e-05
ENSG00000125775	7.209702516614027e-05
ENSG00000285152	7.20802084342434e-05
ENSG00000148356	7.205328745857426e-05
ENSG00000132603	7.205148000301717e-05
ENSG00000105669	7.19983379176674e-05
ENSG00000130775	7.198907164427284e-05
ENSG00000101310	7.197091472995502e-05
ENSG00000130227	7.194801855806898e-05
ENSG00000064309	7.191665016852603e-05
ENSG00000115884	7.19074730839167e-05
ENSG00000135801	7.187314601981199e-05
ENSG00000173575	7.186294166907996e-05
ENSG00000102468	7.18618402565083e-05
ENSG00000137821	7.181099828545715e-05
ENSG00000158623	7.180951053438274e-05
ENSG00000175213	7.179789108356616e-05
ENSG00000128059	7.178468315842771e-05
ENSG00000134046	7.178353985965989e-05
ENSG00000110448	7.174040511549835e-05
ENSG00000105698	7.172080186323331e-05
ENSG00000111725	7.171296745959154e-05
ENSG00000205629	7.1660314618562e-05
ENSG00000111364	7.16225914053376e-05
ENSG00000104763	7.161597377509501e-05
ENSG00000075914	7.16019964947514e-05
ENSG00000130827	7.159905329012375e-05
ENSG00000203965	7.158295367417818e-05
ENSG00000106153	7.155741110269971e-05
ENSG00000183668	7.150539663498717e-05
ENSG00000103187	7.149701231006952e-05
ENSG00000163154	7.145520618975882e-05
ENSG00000058404	7.145498754411888e-05
ENSG00000174307	7.14446029716213e-05
ENSG00000237508	7.141630497940746e-05
ENSG00000138768	7.140042009765602e-05
ENSG00000154719	7.140033577972012e-05
ENSG00000275434	7.138117599012247e-05
ENSG00000165917	7.137012552529735e-05
ENSG00000100225	7.13573772291589e-05
ENSG00000133275	7.134894119140161e-05
ENSG00000126267	7.13425424868825e-05
ENSG00000168769	7.13374849522763e-05
ENSG00000120694	7.129138390828585e-05
ENSG00000124535	7.127772901280272e-05
ENSG00000142528	7.12645809606218e-05
ENSG00000204130	7.12563707773291e-05
ENSG00000136854	7.123244584944594e-05
ENSG00000172172	7.12292071953414e-05
ENSG00000179958	7.119459024725261e-05
ENSG00000143156	7.118310070180026e-05
ENSG00000106609	7.116090181916178e-05
ENSG00000173171	7.11599516847671e-05
ENSG00000130307	7.115731353484594e-05
ENSG00000163735	7.113478406937251e-05
ENSG00000100526	7.112378448454517e-05
ENSG00000198963	7.112027874001732e-05
ENSG00000172613	7.108773261494013e-05
ENSG00000025770	7.107712672117953e-05
ENSG00000170631	7.105111530024804e-05
ENSG00000101596	7.103925934791326e-05
ENSG00000105849	7.096035309590287e-05
ENSG00000171453	7.095602296078794e-05
ENSG00000006611	7.095306616737084e-05
ENSG00000172932	7.094064707460147e-05
ENSG00000275911	7.09338501482626e-05
ENSG00000186654	7.08934760855128e-05
ENSG00000198756	7.079190239245447e-05
ENSG00000089220	7.077223728491874e-05
ENSG00000138468	7.075648134555365e-05
ENSG00000137473	7.071772446531424e-05
ENSG00000130741	7.070832717493648e-05
ENSG00000135424	7.070203849679907e-05
ENSG00000116954	7.065668491281461e-05
ENSG00000100784	7.064805777657163e-05
ENSG00000124635	7.063096983196172e-05
ENSG00000179841	7.059164634748835e-05
ENSG00000181541	7.058411454773676e-05
ENSG00000164615	7.05781794371464e-05
ENSG00000129757	7.057180948979991e-05
ENSG00000183340	7.046385304598912e-05
ENSG00000077264	7.046111277493334e-05
ENSG00000075673	7.044509214567726e-05
ENSG00000101210	7.04386110640722e-05
ENSG00000277633	7.041727038658015e-05
ENSG00000127951	7.041417513321053e-05
ENSG00000186951	7.037089862077053e-05
ENSG00000060982	7.036500497813796e-05
ENSG00000162616	7.031417838379995e-05
ENSG00000170043	7.026759848155804e-05
ENSG00000196968	7.02673049735189e-05
ENSG00000100122	7.026350413204517e-05
ENSG00000115194	7.023618087020095e-05
ENSG00000184277	7.020714904024095e-05
ENSG00000134323	7.020687624714736e-05
ENSG00000164163	7.01969595868846e-05
ENSG00000149806	7.019035599844736e-05
ENSG00000285023	7.018312494827571e-05
ENSG00000120093	7.015463553940864e-05
ENSG00000110841	7.012848744903418e-05
ENSG00000128276	7.009582601480438e-05
ENSG00000162992	7.009271732692325e-05
ENSG00000116663	7.008060812623731e-05
ENSG00000145012	7.005678304578679e-05
ENSG00000205420	7.005482580289241e-05
ENSG00000105146	7.004618039205566e-05
ENSG00000139746	7.001028964354022e-05
ENSG00000091622	7.000791644028288e-05
ENSG00000144730	6.999286890836036e-05
ENSG00000133805	6.997957773723115e-05
ENSG00000182952	6.995355283401062e-05
ENSG00000103507	6.994405017772107e-05
ENSG00000254647	6.993981266778778e-05
ENSG00000160299	6.990017121986375e-05
ENSG00000196465	6.988833801541825e-05
ENSG00000145996	6.98693064385455e-05
ENSG00000091073	6.98532279839136e-05
ENSG00000142867	6.984515742081069e-05
ENSG00000144320	6.984228754181536e-05
ENSG00000162755	6.979661788898437e-05
ENSG00000167525	6.979661788898437e-05
ENSG00000189058	6.97921551798373e-05
ENSG00000173267	6.977583474616142e-05
ENSG00000182759	6.975822971473667e-05
ENSG00000108559	6.972540997105361e-05
ENSG00000167625	6.970756301448765e-05
ENSG00000075388	6.96730033306292e-05
ENSG00000120699	6.964198787888135e-05
ENSG00000110799	6.961000610290546e-05
ENSG00000240583	6.960090088686409e-05
ENSG00000136235	6.958793570569585e-05
ENSG00000180043	6.955919257030358e-05
ENSG00000166986	6.955569089670318e-05
ENSG00000094914	6.953175134179678e-05
ENSG00000105679	6.949041896513301e-05
ENSG00000178952	6.947540169956837e-05
ENSG00000184571	6.94395316484496e-05
ENSG00000119318	6.943102358934393e-05
ENSG00000106714	6.942960084314073e-05
ENSG00000147130	6.942927434583955e-05
ENSG00000100815	6.942789369325658e-05
ENSG00000125347	6.942762849131778e-05
ENSG00000074071	6.942282071178803e-05
ENSG00000102738	6.936693630966386e-05
ENSG00000060558	6.93540149417548e-05
ENSG00000109255	6.93505604177256e-05
ENSG00000154845	6.92775441633798e-05
ENSG00000099985	6.926971110601376e-05
ENSG00000282972	6.925494307261772e-05
ENSG00000140623	6.925201621297314e-05
ENSG00000116266	6.925055088600338e-05
ENSG00000204060	6.924930483277655e-05
ENSG00000126861	6.924030200298326e-05
ENSG00000117394	6.923862783595151e-05
ENSG00000128710	6.92293539766862e-05
ENSG00000117266	6.922416292430751e-05
ENSG00000168118	6.92003580618021e-05
ENSG00000114861	6.919442877093262e-05
ENSG00000143337	6.917748170679306e-05
ENSG00000151422	6.917116777000163e-05
ENSG00000113318	6.916787643962234e-05
ENSG00000164162	6.91445353955908e-05
ENSG00000117625	6.910632936732019e-05
ENSG00000079931	6.910165084737914e-05
ENSG00000231135	6.906873225195666e-05
ENSG00000115234	6.906741328103691e-05
ENSG00000197345	6.906543544822852e-05
ENSG00000111859	6.904658989218207e-05
ENSG00000071794	6.903174326254079e-05
ENSG00000164930	6.900706458154854e-05
ENSG00000128271	6.899724059188529e-05
ENSG00000134571	6.89945471938322e-05
ENSG00000140199	6.898272322392919e-05
ENSG00000181191	6.896611502898927e-05
ENSG00000075568	6.893390875696318e-05
ENSG00000169925	6.891126426476822e-05
ENSG00000186081	6.885103839959665e-05
ENSG00000168078	6.881530434646563e-05
ENSG00000100028	6.877841970368683e-05
ENSG00000177189	6.876332006164993e-05
ENSG00000142224	6.87236250348919e-05
ENSG00000184900	6.872295965812949e-05
ENSG00000129451	6.869739786197497e-05
ENSG00000161960	6.869031956187033e-05
ENSG00000107796	6.867458345933639e-05
ENSG00000143851	6.866992499411385e-05
ENSG00000140859	6.863445148659379e-05
ENSG00000107758	6.859900729333239e-05
ENSG00000136021	6.858472354092316e-05
ENSG00000131153	6.854227202809383e-05
ENSG00000177202	6.853360334779805e-05
ENSG00000170348	6.853044818852855e-05
ENSG00000002822	6.851750505685186e-05
ENSG00000142669	6.851082308694343e-05
ENSG00000102243	6.844467826731746e-05
ENSG00000090686	6.840494169681874e-05
ENSG00000091009	6.839702022712366e-05
ENSG00000137221	6.837127132594011e-05
ENSG00000114757	6.835982345507899e-05
ENSG00000110148	6.833147725792184e-05
ENSG00000131375	6.831017736706942e-05
ENSG00000137440	6.827158466716493e-05
ENSG00000145919	6.824755689381028e-05
ENSG00000116754	6.81979894537031e-05
ENSG00000126778	6.818703543326947e-05
ENSG00000197905	6.818551667225692e-05
ENSG00000108465	6.814007104555809e-05
ENSG00000153233	6.813683111727797e-05
ENSG00000010256	6.811849698450467e-05
ENSG00000128191	6.810292268666175e-05
ENSG00000168291	6.806928505125266e-05
ENSG00000105404	6.805247837565596e-05
ENSG00000148908	6.798966764217321e-05
ENSG00000006194	6.798622206038348e-05
ENSG00000213221	6.797752038739925e-05
ENSG00000163453	6.796788664132513e-05
ENSG00000111647	6.796674152792163e-05
ENSG00000171617	6.79442571099181e-05
ENSG00000177051	6.789283656190985e-05
ENSG00000132661	6.789014032679568e-05
ENSG00000182307	6.785731122858769e-05
ENSG00000198060	6.785362317831352e-05
ENSG00000182568	6.784928245311989e-05
ENSG00000170322	6.784663675097683e-05
ENSG00000132549	6.779756668175175e-05
ENSG00000228836	6.779693738547179e-05
ENSG00000177674	6.778951602306226e-05
ENSG00000244734	6.77880680482468e-05
ENSG00000135837	6.776174514470374e-05
ENSG00000081721	6.775132910652886e-05
ENSG00000148019	6.772261218573262e-05
ENSG00000155545	6.765396068239931e-05
ENSG00000277104	6.762386853408894e-05
ENSG00000277263	6.761240649218803e-05
ENSG00000068971	6.760274593257572e-05
ENSG00000101844	6.757243336572935e-05
ENSG00000244038	6.755862167356547e-05
ENSG00000163737	6.755348649346037e-05
ENSG00000150681	6.754947872411365e-05
ENSG00000116661	6.754685270793103e-05
ENSG00000077463	6.753356991550742e-05
ENSG00000182492	6.753150522089714e-05
ENSG00000138078	6.752403502955322e-05
ENSG00000162702	6.750753000112933e-05
ENSG00000197562	6.748276754068599e-05
ENSG00000173898	6.74810529238611e-05
ENSG00000262634	6.747952774295286e-05
ENSG00000138650	6.746023258658272e-05
ENSG00000101464	6.742721845566631e-05
ENSG00000115289	6.737436475798331e-05
ENSG00000099797	6.734267160008916e-05
ENSG00000197858	6.733661907508255e-05
ENSG00000100422	6.731586768998552e-05
ENSG00000166477	6.73023779434987e-05
ENSG00000154914	6.728655319667633e-05
ENSG00000186998	6.728491427255958e-05
ENSG00000010610	6.723808166879703e-05
ENSG00000156873	6.723719340319604e-05
ENSG00000163156	6.72303734373396e-05
ENSG00000066735	6.720024223468405e-05
ENSG00000172399	6.719596776115245e-05
ENSG00000126467	6.716308574137573e-05
ENSG00000063245	6.714329856621945e-05
ENSG00000112964	6.713682103400154e-05
ENSG00000118496	6.713047660243586e-05
ENSG00000151304	6.710414755998e-05
ENSG00000163125	6.710042857264008e-05
ENSG00000108666	6.707004359869354e-05
ENSG00000124784	6.706351075636044e-05
ENSG00000230143	6.704044240688415e-05
ENSG00000122642	6.702422933306708e-05
ENSG00000166454	6.701529955989221e-05
ENSG00000177628	6.695506360373419e-05
ENSG00000111341	6.69297184534456e-05
ENSG00000146729	6.69297183831681e-05
ENSG00000164332	6.692114595976483e-05
ENSG00000120942	6.688414548221162e-05
ENSG00000149177	6.683837692860827e-05
ENSG00000138185	6.683183701490443e-05
ENSG00000077514	6.682835062879248e-05
ENSG00000124006	6.682789323274743e-05
ENSG00000130724	6.680964486872002e-05
ENSG00000104472	6.679274241168953e-05
ENSG00000101745	6.6791659555261e-05
ENSG00000119922	6.678778113033676e-05
ENSG00000146282	6.675990416847393e-05
ENSG00000164690	6.675581222625077e-05
ENSG00000130414	6.672962802150277e-05
ENSG00000165588	6.672295232241369e-05
ENSG00000140577	6.671501086351469e-05
ENSG00000126895	6.668225371226917e-05
ENSG00000288301	6.666962479515208e-05
ENSG00000278570	6.666445771322475e-05
ENSG00000121769	6.66591342732699e-05
ENSG00000071575	6.665213256339002e-05
ENSG00000140943	6.664650107183493e-05
ENSG00000100479	6.663105098204619e-05
ENSG00000123575	6.659579848672251e-05
ENSG00000120727	6.657584837033884e-05
ENSG00000129167	6.656315750112624e-05
ENSG00000163605	6.655965091622309e-05
ENSG00000177125	6.655611917142036e-05
ENSG00000180628	6.655363450193522e-05
ENSG00000143493	6.65498322791357e-05
ENSG00000126226	6.654492662496295e-05
ENSG00000120251	6.65333300949847e-05
ENSG00000158747	6.649376548425032e-05
ENSG00000172590	6.645904470511939e-05
ENSG00000135116	6.643934614490468e-05
ENSG00000109625	6.643307257028618e-05
ENSG00000091513	6.640986550356948e-05
ENSG00000230624	6.639308404805228e-05
ENSG00000182400	6.637697518821245e-05
ENSG00000166181	6.634915091945038e-05
ENSG00000149357	6.634618847873168e-05
ENSG00000139549	6.632773128470977e-05
ENSG00000066427	6.631030765522478e-05
ENSG00000166845	6.629484436805924e-05
ENSG00000151090	6.625648504585917e-05
ENSG00000164609	6.624234488568211e-05
ENSG00000160712	6.623160367088079e-05
ENSG00000099617	6.623127201997472e-05
ENSG00000122691	6.622867242990812e-05
ENSG00000082512	6.622395608223021e-05
ENSG00000139572	6.621866635266481e-05
ENSG00000166016	6.619896583959873e-05
ENSG00000107949	6.619861980014509e-05
ENSG00000153066	6.619559854945269e-05
ENSG00000141084	6.618796078996367e-05
ENSG00000196670	6.618606596417572e-05
ENSG00000117091	6.615473557358828e-05
ENSG00000028528	6.610889989760148e-05
ENSG00000274391	6.602754771560916e-05
ENSG00000216490	6.601235825033381e-05
ENSG00000117595	6.598749910704466e-05
ENSG00000157741	6.598680981913353e-05
ENSG00000116701	6.597721477174784e-05
ENSG00000110497	6.595931917605097e-05
ENSG00000127412	6.595377529236099e-05
ENSG00000077063	6.592602303534852e-05
ENSG00000114423	6.591365686607552e-05
ENSG00000138780	6.590409499744448e-05
ENSG00000173744	6.589760453545426e-05
ENSG00000006712	6.58589066875247e-05
ENSG00000169710	6.581789787933249e-05
ENSG00000019995	6.5795063769107e-05
ENSG00000146007	6.576136512905133e-05
ENSG00000088002	6.575491400754365e-05
ENSG00000168096	6.57260333499877e-05
ENSG00000166478	6.570175735526479e-05
ENSG00000167654	6.565979373994552e-05
ENSG00000188958	6.565469358908972e-05
ENSG00000110031	6.565198264291739e-05
ENSG00000005022	6.562485884370372e-05
ENSG00000095906	6.560454551864339e-05
ENSG00000004961	6.558785177688861e-05
ENSG00000120685	6.558658807716434e-05
ENSG00000163344	6.557230099044448e-05
ENSG00000196431	6.556771268936826e-05
ENSG00000198822	6.555966754827862e-05
ENSG00000171320	6.549973053859108e-05
ENSG00000143512	6.549670785622982e-05
ENSG00000101882	6.54941115971887e-05
ENSG00000159256	6.54868417981349e-05
ENSG00000186834	6.547689619066124e-05
ENSG00000152266	6.545914254545528e-05
ENSG00000183576	6.539847983564615e-05
ENSG00000169683	6.539812898636227e-05
ENSG00000163618	6.536992855172544e-05
ENSG00000120265	6.536022229966667e-05
ENSG00000145431	6.535873859777819e-05
ENSG00000145912	6.535688571087674e-05
ENSG00000129422	6.534769833704917e-05
ENSG00000100241	6.534085331996179e-05
ENSG00000176371	6.531222814252362e-05
ENSG00000138190	6.530290414572183e-05
ENSG00000100714	6.530077740256377e-05
ENSG00000100426	6.525919695224563e-05
ENSG00000197535	6.525840614080071e-05
ENSG00000130520	6.52458112939283e-05
ENSG00000089356	6.522019269197116e-05
ENSG00000173120	6.521131602759805e-05
ENSG00000166228	6.520769607974377e-05
ENSG00000183258	6.518067261350126e-05
ENSG00000138439	6.51595923251768e-05
ENSG00000101977	6.513870050007975e-05
ENSG00000068976	6.510840099905285e-05
ENSG00000173933	6.507052839072177e-05
ENSG00000168062	6.506782403180096e-05
ENSG00000144233	6.505335442359571e-05
ENSG00000156076	6.505116466203712e-05
ENSG00000168175	6.503596085394201e-05
ENSG00000090006	6.50264817057557e-05
ENSG00000138175	6.4993612366695e-05
ENSG00000167461	6.497874908289313e-05
ENSG00000134900	6.49677503550203e-05
ENSG00000134222	6.493974286670912e-05
ENSG00000161813	6.493154042781997e-05
ENSG00000111897	6.492933139330847e-05
ENSG00000172115	6.492049106137686e-05
ENSG00000099875	6.490117202830608e-05
ENSG00000171208	6.489829930534735e-05
ENSG00000099282	6.488911853673142e-05
ENSG00000067955	6.487353150965942e-05
ENSG00000170653	6.487291537363e-05
ENSG00000174697	6.486595738590236e-05
ENSG00000281277	6.486294428449347e-05
ENSG00000151348	6.481634531008695e-05
ENSG00000175970	6.475495545220802e-05
ENSG00000179943	6.474846661179349e-05
ENSG00000165879	6.474134803468394e-05
ENSG00000124608	6.473735738194111e-05
ENSG00000176386	6.471562316936577e-05
ENSG00000135503	6.471292682225376e-05
ENSG00000104859	6.470949037089442e-05
ENSG00000150337	6.469875606899274e-05
ENSG00000074370	6.469221389015453e-05
ENSG00000155980	6.467452300149796e-05
ENSG00000240857	6.465739806227058e-05
ENSG00000276726	6.46476530945895e-05
ENSG00000171403	6.464520816613682e-05
ENSG00000172243	6.463120460694873e-05
ENSG00000109881	6.462740480822281e-05
ENSG00000147533	6.455125170509585e-05
ENSG00000170276	6.454040433106047e-05
ENSG00000163394	6.45291558476635e-05
ENSG00000161654	6.451903618699226e-05
ENSG00000100124	6.449896852657862e-05
ENSG00000162222	6.449461154856962e-05
ENSG00000175110	6.447405892770899e-05
ENSG00000055950	6.442770242681399e-05
ENSG00000253873	6.442590808961985e-05
ENSG00000250506	6.441611393129517e-05
ENSG00000123505	6.437662944522638e-05
ENSG00000164736	6.436804271357883e-05
ENSG00000254093	6.435753448004962e-05
ENSG00000149557	6.43486791505878e-05
ENSG00000173163	6.433655166157482e-05
ENSG00000114982	6.428949533998266e-05
ENSG00000181847	6.428904569115284e-05
ENSG00000026751	6.419825594685313e-05
ENSG00000136717	6.419319573001402e-05
ENSG00000198836	6.418759349239901e-05
ENSG00000282853	6.417710924817751e-05
ENSG00000109436	6.413231515169383e-05
ENSG00000012822	6.412711547698349e-05
ENSG00000100246	6.410444063727395e-05
ENSG00000138646	6.409670360770222e-05
ENSG00000136244	6.409456989216753e-05
ENSG00000159322	6.408483072524931e-05
ENSG00000128283	6.408480918704775e-05
ENSG00000142675	6.405592315961545e-05
ENSG00000119844	6.403279176062446e-05
ENSG00000157303	6.403078178249529e-05
ENSG00000133773	6.402723164299933e-05
ENSG00000023330	6.401274721309249e-05
ENSG00000106268	6.399109412674816e-05
ENSG00000170776	6.396179768483199e-05
ENSG00000188827	6.394157599778322e-05
ENSG00000172322	6.393930073100288e-05
ENSG00000005102	6.391134570145399e-05
ENSG00000138613	6.390696151624921e-05
ENSG00000065268	6.389393268024236e-05
ENSG00000006715	6.386315411055295e-05
ENSG00000275221	6.38531546990555e-05
ENSG00000153560	6.38131985501688e-05
ENSG00000183161	6.37776301928719e-05
ENSG00000105662	6.377076636504003e-05
ENSG00000113361	6.376731456395832e-05
ENSG00000144848	6.37473627418458e-05
ENSG00000034152	6.374541054060037e-05
ENSG00000188603	6.374400419304018e-05
ENSG00000107099	6.373846685566839e-05
ENSG00000168267	6.37265845808644e-05
ENSG00000206172	6.371117249754976e-05
ENSG00000188807	6.367337143333621e-05
ENSG00000189129	6.364616101841986e-05
ENSG00000147378	6.364296145018543e-05
ENSG00000125630	6.363853787684089e-05
ENSG00000112214	6.360542245214641e-05
ENSG00000102038	6.359053056862363e-05
ENSG00000112339	6.358613275520715e-05
ENSG00000110931	6.355051584802117e-05
ENSG00000141985	6.352232494470243e-05
ENSG00000172732	6.351325961218215e-05
ENSG00000047621	6.344428545393252e-05
ENSG00000132681	6.344388629269202e-05
ENSG00000149639	6.342007480240017e-05
ENSG00000168310	6.341191197929909e-05
ENSG00000105700	6.33791819136265e-05
ENSG00000277424	6.337179680428522e-05
ENSG00000197448	6.335876038824808e-05
ENSG00000177311	6.332917050521504e-05
ENSG00000171222	6.33135326198584e-05
ENSG00000156162	6.331324453321019e-05
ENSG00000213015	6.323533555286299e-05
ENSG00000234704	6.322726273066427e-05
ENSG00000277909	6.322176532218695e-05
ENSG00000107186	6.319139953445863e-05
ENSG00000106541	6.318246730355661e-05
ENSG00000167081	6.317600257620943e-05
ENSG00000133083	6.317156892779335e-05
ENSG00000117868	6.313640045736115e-05
ENSG00000203747	6.313118123704222e-05
ENSG00000172724	6.312591892959299e-05
ENSG00000172037	6.310284078289366e-05
ENSG00000137177	6.307443764664395e-05
ENSG00000173653	6.304356475949796e-05
ENSG00000157259	6.303237621074034e-05
ENSG00000033867	6.301910678490493e-05
ENSG00000203760	6.301414628774626e-05
ENSG00000092847	6.301377685963724e-05
ENSG00000183475	6.298997295130857e-05
ENSG00000172379	6.296088878358435e-05
ENSG00000129910	6.295370332951974e-05
ENSG00000170604	6.2931725733383e-05
ENSG00000198625	6.291549059208062e-05
ENSG00000103199	6.290074416007386e-05
ENSG00000197548	6.289395206184476e-05
ENSG00000136205	6.289215423937552e-05
ENSG00000166888	6.288587327173019e-05
ENSG00000115317	6.2871958876013e-05
ENSG00000170948	6.286055909598455e-05
ENSG00000163435	6.285111895537501e-05
ENSG00000188157	6.28415601589194e-05
ENSG00000162747	6.282669655970469e-05
ENSG00000284916	6.282515826413682e-05
ENSG00000282899	6.280171745864325e-05
ENSG00000213465	6.279999460267694e-05
ENSG00000132698	6.277988957972008e-05
ENSG00000122585	6.275959556574451e-05
ENSG00000197249	6.273991512173675e-05
ENSG00000135744	6.273752065894362e-05
ENSG00000198947	6.271737026330925e-05
ENSG00000184752	6.270714882360004e-05
ENSG00000058729	6.269609887721586e-05
ENSG00000110075	6.260057845209889e-05
ENSG00000176533	6.259174590064424e-05
ENSG00000115946	6.257541562902733e-05
ENSG00000115661	6.256755285497495e-05
ENSG00000184162	6.254263822732499e-05
ENSG00000049449	6.254135276112634e-05
ENSG00000163207	6.252391298662938e-05
ENSG00000171490	6.247560777682465e-05
ENSG00000163993	6.242918169622706e-05
ENSG00000172336	6.238412626276018e-05
ENSG00000053918	6.237952221648859e-05
ENSG00000215193	6.237557146586577e-05
ENSG00000196659	6.234814503116012e-05
ENSG00000180263	6.234589052455452e-05
ENSG00000168924	6.232569393259479e-05
ENSG00000132912	6.22966030955307e-05
ENSG00000225950	6.224591358482633e-05
ENSG00000108830	6.221297468220563e-05
ENSG00000136535	6.220492459281865e-05
ENSG00000090621	6.220007502982012e-05
ENSG00000177045	6.218066064315901e-05
ENSG00000196154	6.217793141417234e-05
ENSG00000144560	6.215774680187417e-05
ENSG00000242616	6.209632442156928e-05
ENSG00000170989	6.206574585085598e-05
ENSG00000115084	6.205714930578644e-05
ENSG00000095485	6.201341155496905e-05
ENSG00000187522	6.200702381225415e-05
ENSG00000178921	6.200672434792954e-05
ENSG00000157766	6.19917208770223e-05
ENSG00000160305	6.19908825436774e-05
ENSG00000124089	6.198944670694565e-05
ENSG00000170381	6.196578785256949e-05
ENSG00000115216	6.193250983699611e-05
ENSG00000166863	6.193089742715039e-05
ENSG00000283681	6.189997829015744e-05
ENSG00000006071	6.187061155545767e-05
ENSG00000102144	6.181684483194029e-05
ENSG00000176108	6.181332208535829e-05
ENSG00000057657	6.181183792836635e-05
ENSG00000124702	6.179700945921467e-05
ENSG00000134815	6.178434404485886e-05
ENSG00000078401	6.173167988306723e-05
ENSG00000138375	6.171797790090976e-05
ENSG00000101132	6.170248477813811e-05
ENSG00000171643	6.16930289751428e-05
ENSG00000105383	6.168715503350365e-05
ENSG00000185504	6.16750954191563e-05
ENSG00000170323	6.167466583591506e-05
ENSG00000083937	6.164326552135033e-05
ENSG00000175220	6.162238308231386e-05
ENSG00000040731	6.160972227417902e-05
ENSG00000130164	6.156218432929346e-05
ENSG00000118160	6.153467999248289e-05
ENSG00000165672	6.151889108224882e-05
ENSG00000184270	6.150792524034868e-05
ENSG00000171444	6.147344874896001e-05
ENSG00000084710	6.146994743820389e-05
ENSG00000096080	6.145911882173522e-05
ENSG00000196189	6.144405541463568e-05
ENSG00000164252	6.143471824030421e-05
ENSG00000121931	6.142184693252934e-05
ENSG00000138002	6.139960042801293e-05
ENSG00000115738	6.138627392119272e-05
ENSG00000169403	6.138576245656128e-05
ENSG00000184524	6.138432915918193e-05
ENSG00000284021	6.138360154736062e-05
ENSG00000140553	6.134016581564574e-05
ENSG00000147050	6.133658503614847e-05
ENSG00000143324	6.133179036651034e-05
ENSG00000093183	6.131606039502646e-05
ENSG00000100722	6.131315177867421e-05
ENSG00000170178	6.129669587013951e-05
ENSG00000288611	6.128769132871404e-05
ENSG00000198911	6.128134128926071e-05
ENSG00000153922	6.127938398061379e-05
ENSG00000140854	6.12472618559444e-05
ENSG00000076662	6.120828839021526e-05
ENSG00000187531	6.11750812673906e-05
ENSG00000125351	6.115559625874606e-05
ENSG00000153561	6.114635628457877e-05
ENSG00000138381	6.110985356511867e-05
ENSG00000116752	6.10720184255054e-05
ENSG00000184007	6.106179679097844e-05
ENSG00000055118	6.1033259296322013e-05
ENSG00000120896	6.10156806802315e-05
ENSG00000008710	6.098690606891082e-05
ENSG00000156273	6.096841987834994e-05
ENSG00000100023	6.096239103048322e-05
ENSG00000170370	6.095252078173454e-05
ENSG00000120742	6.094356277536971e-05
ENSG00000113460	6.090452471171734e-05
ENSG00000115488	6.0876072668477814e-05
ENSG00000157869	6.0874124344214294e-05
ENSG00000118972	6.084128443834606e-05
ENSG00000033627	6.082043239315303e-05
ENSG00000138617	6.081697729284505e-05
ENSG00000169429	6.0814878082597665e-05
ENSG00000133636	6.080319845690616e-05
ENSG00000013561	6.0754856451888245e-05
ENSG00000091732	6.073790680334708e-05
ENSG00000099308	6.070521350195537e-05
ENSG00000170477	6.069343893881082e-05
ENSG00000148700	6.063893673664664e-05
ENSG00000196611	6.062385754040135e-05
ENSG00000144355	6.0619568595503793e-05
ENSG00000122779	6.060923028454705e-05
ENSG00000135723	6.059840041263476e-05
ENSG00000105392	6.059366164390417e-05
ENSG00000182196	6.0575168910103964e-05
ENSG00000274473	6.0563505725684565e-05
ENSG00000146909	6.056117173252176e-05
ENSG00000172667	6.052604532218797e-05
ENSG00000180573	6.0518029766118246e-05
ENSG00000235162	6.051151771442043e-05
ENSG00000134758	6.049178923365078e-05
ENSG00000101343	6.046618190358554e-05
ENSG00000103196	6.044689884086789e-05
ENSG00000132938	6.0438597041334225e-05
ENSG00000015153	6.043127295876561e-05
ENSG00000082515	6.0426604200217975e-05
ENSG00000113851	6.041804089554374e-05
ENSG00000172482	6.0407521574371454e-05
ENSG00000164949	6.0298914881722366e-05
ENSG00000168393	6.027483263943153e-05
ENSG00000133019	6.0257622371754775e-05
ENSG00000014138	6.018545073604165e-05
ENSG00000134717	6.016527025269867e-05
ENSG00000167768	6.0155235344901935e-05
ENSG00000150990	6.012986818126402e-05
ENSG00000072657	6.0094966994638345e-05
ENSG00000114857	6.0064435796560195e-05
ENSG00000139668	6.006073560875618e-05
ENSG00000184857	6.0057876750514276e-05
ENSG00000112038	6.005690037821046e-05
ENSG00000170684	6.003275543425322e-05
ENSG00000279247	5.995560054028434e-05
ENSG00000174562	5.995410021819222e-05
ENSG00000172380	5.99051052300909e-05
ENSG00000131037	5.9901710657603444e-05
ENSG00000006788	5.989781001766009e-05
ENSG00000186038	5.9897617336454274e-05
ENSG00000168710	5.9865190890641636e-05
ENSG00000172350	5.985118143117619e-05
ENSG00000274497	5.9841997123275135e-05
ENSG00000113048	5.981790601028469e-05
ENSG00000107165	5.9770550490512256e-05
ENSG00000136010	5.976539325706876e-05
ENSG00000175582	5.9729468016482425e-05
ENSG00000146374	5.970946518039508e-05
ENSG00000163530	5.966458372561364e-05
ENSG00000155660	5.965625875441297e-05
ENSG00000107833	5.962639916710069e-05
ENSG00000158470	5.962359339969835e-05
ENSG00000150712	5.9619791532911074e-05
ENSG00000188153	5.960587037182882e-05
ENSG00000132109	5.9591023114406045e-05
ENSG00000138032	5.9563070532850914e-05
ENSG00000182827	5.95402155931743e-05
ENSG00000136521	5.951452868277018e-05
ENSG00000143420	5.946200972530956e-05
ENSG00000105726	5.9455519099168394e-05
ENSG00000075275	5.945310869908208e-05
ENSG00000159479	5.944043491731299e-05
ENSG00000198648	5.941531946816422e-05
ENSG00000137699	5.940456804039063e-05
ENSG00000262814	5.9403833096172946e-05
ENSG00000164970	5.940279388795086e-05
ENSG00000113441	5.9394513235008455e-05
ENSG00000112983	5.938959424690717e-05
ENSG00000163956	5.936417732024773e-05
ENSG00000075975	5.936345748152439e-05
ENSG00000184060	5.935713772657836e-05
ENSG00000119514	5.934885856699473e-05
ENSG00000181472	5.9345052162266506e-05
ENSG00000119718	5.9331228153773555e-05
ENSG00000069018	5.9316143813670465e-05
ENSG00000198015	5.931220658483102e-05
ENSG00000164654	5.931030619003823e-05
ENSG00000068878	5.930691563297819e-05
ENSG00000284282	5.930067444849575e-05
ENSG00000099860	5.928157730699738e-05
ENSG00000170310	5.926750142213084e-05
ENSG00000122870	5.922005416064886e-05
ENSG00000070087	5.914852960045676e-05
ENSG00000115274	5.9130390266014686e-05
ENSG00000145708	5.905640368325669e-05
ENSG00000138674	5.905603926710149e-05
ENSG00000166261	5.902056453645064e-05
ENSG00000116459	5.9003526785520184e-05
ENSG00000173456	5.8967159589399746e-05
ENSG00000089737	5.896587449041915e-05
ENSG00000120049	5.8907558329126744e-05
ENSG00000273594	5.8906688130884565e-05
ENSG00000106803	5.8857976224012065e-05
ENSG00000013725	5.884180263060031e-05
ENSG00000025423	5.88254424339185e-05
ENSG00000116903	5.8817807669841316e-05
ENSG00000164118	5.8814171856452e-05
ENSG00000132002	5.881123142708128e-05
ENSG00000134597	5.8803569552717834e-05
ENSG00000168397	5.8794585044443724e-05
ENSG00000197471	5.87920328799256e-05
ENSG00000171855	5.8770470077782684e-05
ENSG00000122679	5.87613493154276e-05
ENSG00000058056	5.873253278581022e-05
ENSG00000110801	5.8727607385571684e-05
ENSG00000116288	5.872092238695065e-05
ENSG00000007171	5.8718232857924114e-05
ENSG00000160563	5.871519653429307e-05
ENSG00000288114	5.8677245124844475e-05
ENSG00000183751	5.865779975894405e-05
ENSG00000164296	5.863648300718605e-05
ENSG00000077684	5.861413369016416e-05
ENSG00000057252	5.8591425716165806e-05
ENSG00000285479	5.858420260030754e-05
ENSG00000102901	5.857995968424469e-05
ENSG00000140511	5.857628658797713e-05
ENSG00000153283	5.857133630802853e-05
ENSG00000236637	5.8537824213966336e-05
ENSG00000179364	5.853428114557003e-05
ENSG00000143612	5.8534031984332926e-05
ENSG00000168887	5.8515183703584636e-05
ENSG00000168653	5.8496051261901195e-05
ENSG00000106483	5.848312069000253e-05
ENSG00000111641	5.846128456402406e-05
ENSG00000134962	5.845794745031589e-05
ENSG00000106484	5.8450363671756e-05
ENSG00000122477	5.84381390271211e-05
ENSG00000066455	5.843203320688343e-05
ENSG00000156973	5.841596739538571e-05
ENSG00000140564	5.8414486402158026e-05
ENSG00000179915	5.838441894903704e-05
ENSG00000171435	5.838439834708946e-05
ENSG00000089091	5.836033779715947e-05
ENSG00000178502	5.834109482643836e-05
ENSG00000172493	5.8308174309529e-05
ENSG00000197429	5.8290744616885904e-05
ENSG00000158169	5.8278729187654126e-05
ENSG00000174840	5.824856403563741e-05
ENSG00000143469	5.8212572634792995e-05
ENSG00000123360	5.820784172021601e-05
ENSG00000152822	5.8195439480407355e-05
ENSG00000276191	5.817100746677909e-05
ENSG00000129170	5.817044325443822e-05
ENSG00000116815	5.813482304676653e-05
ENSG00000285049	5.8132997153118457e-05
ENSG00000167757	5.812185398557823e-05
ENSG00000164402	5.811861200070926e-05
ENSG00000160185	5.810864629615561e-05
ENSG00000156466	5.8046536998140304e-05
ENSG00000134108	5.796548114487547e-05
ENSG00000198042	5.7965355134534496e-05
ENSG00000109083	5.790034265319857e-05
ENSG00000211448	5.786276964861785e-05
ENSG00000272047	5.783155803934895e-05
ENSG00000132300	5.78297041203575e-05
ENSG00000105705	5.781561085862147e-05
ENSG00000278619	5.781156428121579e-05
ENSG00000173726	5.780956247394619e-05
ENSG00000181817	5.7796349981311246e-05
ENSG00000182544	5.776400847308839e-05
ENSG00000182621	5.774725656575004e-05
ENSG00000276561	5.7742134007430665e-05
ENSG00000184702	5.772595165899497e-05
ENSG00000220205	5.770729689552106e-05
ENSG00000118680	5.770537738555702e-05
ENSG00000064607	5.7689663386719604e-05
ENSG00000142892	5.768926261811274e-05
ENSG00000137168	5.767660779286144e-05
ENSG00000176142	5.763812135007519e-05
ENSG00000125834	5.763784893031574e-05
ENSG00000132692	5.7624436990863894e-05
ENSG00000133477	5.758099214530794e-05
ENSG00000091704	5.7575903813741503e-05
ENSG00000182606	5.754365168646895e-05
ENSG00000144712	5.753752469913289e-05
ENSG00000181092	5.752124061885917e-05
ENSG00000185053	5.751641691971676e-05
ENSG00000168591	5.750874594737106e-05
ENSG00000092964	5.7499555053820315e-05
ENSG00000120094	5.749577949643062e-05
ENSG00000157765	5.7490317819860876e-05
ENSG00000180914	5.7478802175747215e-05
ENSG00000112079	5.746417372276752e-05
ENSG00000175324	5.745091680552076e-05
ENSG00000128203	5.74425947581172e-05
ENSG00000100991	5.7436273557536477e-05
ENSG00000173991	5.738557048740707e-05
ENSG00000152904	5.738071213639235e-05
ENSG00000147408	5.736800460435305e-05
ENSG00000104218	5.732480786112715e-05
ENSG00000169410	5.731468645554098e-05
ENSG00000136950	5.7299388953410415e-05
ENSG00000107951	5.725972889931974e-05
ENSG00000186439	5.725463206336171e-05
ENSG00000242372	5.721044325439725e-05
ENSG00000158373	5.719796418797297e-05
ENSG00000174606	5.719286316786943e-05
ENSG00000128595	5.7188723825023826e-05
ENSG00000183785	5.718748869649787e-05
ENSG00000006659	5.716262618361628e-05
ENSG00000241468	5.715559736783781e-05
ENSG00000235568	5.7145845209697474e-05
ENSG00000169976	5.706188540659936e-05
ENSG00000231116	5.706034798150109e-05
ENSG00000117450	5.7054263590835885e-05
ENSG00000169592	5.703071866318731e-05
ENSG00000182985	5.7029633262993665e-05
ENSG00000105939	5.7022376430864416e-05
ENSG00000156009	5.7003760909067846e-05
ENSG00000132953	5.6997719562172294e-05
ENSG00000129221	5.698517455828841e-05
ENSG00000071127	5.695970126273738e-05
ENSG00000168454	5.6946542393073556e-05
ENSG00000004864	5.693221242522821e-05
ENSG00000088538	5.690951341718723e-05
ENSG00000104901	5.6887082361436206e-05
ENSG00000095752	5.688034320276786e-05
ENSG00000107554	5.68735540744135e-05
ENSG00000138759	5.6856120808640814e-05
ENSG00000182095	5.6854172806410974e-05
ENSG00000086712	5.68213376722548e-05
ENSG00000058668	5.68027576333989e-05
ENSG00000181625	5.680017220636437e-05
ENSG00000113407	5.6793370549196744e-05
ENSG00000138303	5.676125384297023e-05
ENSG00000167685	5.675550399539199e-05
ENSG00000008196	5.675105307793834e-05
ENSG00000154556	5.671030883456824e-05
ENSG00000170340	5.670213779729251e-05
ENSG00000119973	5.670184636076315e-05
ENSG00000160201	5.669996207046708e-05
ENSG00000091106	5.669957812741354e-05
ENSG00000242515	5.6676927216746936e-05
ENSG00000131263	5.663405580602254e-05
ENSG00000072195	5.654864221325857e-05
ENSG00000134769	5.6495903700207515e-05
ENSG00000164334	5.64804435889938e-05
ENSG00000274641	5.64331523847882e-05
ENSG00000130024	5.64199667290031e-05
ENSG00000130558	5.6410843069629784e-05
ENSG00000277258	5.6404051585837656e-05
ENSG00000213949	5.639739359973519e-05
ENSG00000107819	5.6391750905547245e-05
ENSG00000214717	5.637779616493862e-05
ENSG00000139515	5.637557444000858e-05
ENSG00000198001	5.635832603325878e-05
ENSG00000104671	5.6353281778524715e-05
ENSG00000120709	5.6346045139227255e-05
ENSG00000276072	5.63048257662679e-05
ENSG00000005810	5.630252807157949e-05
ENSG00000105968	5.6278318320129233e-05
ENSG00000187840	5.6267762402856845e-05
ENSG00000173113	5.622518812047726e-05
ENSG00000108963	5.621049690744061e-05
ENSG00000132313	5.619854822654765e-05
ENSG00000128346	5.6197946997398025e-05
ENSG00000136286	5.6140885630046866e-05
ENSG00000136002	5.613217037850913e-05
ENSG00000083520	5.6111673379066156e-05
ENSG00000136628	5.610864114533476e-05
ENSG00000173917	5.610758948301493e-05
ENSG00000099246	5.6104027069732296e-05
ENSG00000135346	5.608826241522016e-05
ENSG00000142252	5.6086402631631084e-05
ENSG00000105058	5.6080272974384726e-05
ENSG00000181804	5.607141329795591e-05
ENSG00000136636	5.606681547878446e-05
ENSG00000129625	5.605578612193295e-05
ENSG00000076067	5.605214468564882e-05
ENSG00000127463	5.602849944742576e-05
ENSG00000170214	5.6022420639019005e-05
ENSG00000179148	5.601704061843987e-05
ENSG00000185338	5.601458664519732e-05
ENSG00000110492	5.599548370211649e-05
ENSG00000112877	5.5982371402935194e-05
ENSG00000122641	5.597886485409894e-05
ENSG00000154589	5.595817126318445e-05
ENSG00000089012	5.595583699216383e-05
ENSG00000100109	5.5924424471187076e-05
ENSG00000186090	5.5879239806949714e-05
ENSG00000073861	5.587035350755875e-05
ENSG00000112936	5.586934795332383e-05
ENSG00000007080	5.584670977804293e-05
ENSG00000197172	5.58225365673589e-05
ENSG00000169435	5.5806144089779815e-05
ENSG00000175756	5.579814158571801e-05
ENSG00000174989	5.578941770295815e-05
ENSG00000078814	5.576095731459579e-05
ENSG00000166128	5.574647466649391e-05
ENSG00000168421	5.573357561672955e-05
ENSG00000117090	5.568385643783887e-05
ENSG00000143194	5.568142903922862e-05
ENSG00000160993	5.565852208104021e-05
ENSG00000122180	5.565298394123354e-05
ENSG00000130638	5.5630518311561233e-05
ENSG00000134987	5.557730425868187e-05
ENSG00000131477	5.557611398731138e-05
ENSG00000169189	5.557293774166769e-05
ENSG00000105677	5.556710275410338e-05
ENSG00000144589	5.556445993411187e-05
ENSG00000103591	5.5563016445675764e-05
ENSG00000169836	5.5546228284203295e-05
ENSG00000142949	5.5532134097932475e-05
ENSG00000176887	5.549735377838585e-05
ENSG00000149970	5.549120483571959e-05
ENSG00000156136	5.540022847312359e-05
ENSG00000100380	5.538828700232987e-05
ENSG00000243910	5.5371262046795425e-05
ENSG00000160505	5.536800987545666e-05
ENSG00000154721	5.5351536497167905e-05
ENSG00000188778	5.5348549004826856e-05
ENSG00000005844	5.5342271421155746e-05
ENSG00000148291	5.533641205005303e-05
ENSG00000159251	5.53227649537785e-05
ENSG00000125877	5.530435444038589e-05
ENSG00000162601	5.529872717150341e-05
ENSG00000083307	5.521500057788521e-05
ENSG00000047056	5.5200894550909794e-05
ENSG00000083844	5.5176870337277415e-05
ENSG00000078328	5.51757178631847e-05
ENSG00000114784	5.5173836479421084e-05
ENSG00000137338	5.517360840910165e-05
ENSG00000137078	5.5162889673248746e-05
ENSG00000051523	5.515975231773696e-05
ENSG00000138442	5.5155416306190146e-05
ENSG00000169641	5.514668435834857e-05
ENSG00000185129	5.512582311756126e-05
ENSG00000129696	5.511993968636734e-05
ENSG00000103449	5.507535852485901e-05
ENSG00000117533	5.5046110367122343e-05
ENSG00000187094	5.503056532689951e-05
ENSG00000185022	5.502678880669538e-05
ENSG00000213983	5.500656755828366e-05
ENSG00000122420	5.500612315023807e-05
ENSG00000144935	5.500285126047586e-05
ENSG00000196646	5.498419469104235e-05
ENSG00000008256	5.4968863639791646e-05
ENSG00000125971	5.496263035834187e-05
ENSG00000128596	5.495060832067368e-05
ENSG00000103148	5.492608101125823e-05
ENSG00000106113	5.492442058748955e-05
ENSG00000166938	5.490836032467034e-05
ENSG00000104756	5.486906895538303e-05
ENSG00000108622	5.486175063080394e-05
ENSG00000084674	5.485889262046043e-05
ENSG00000088682	5.483406639877108e-05
ENSG00000133794	5.482988505433147e-05
ENSG00000103034	5.4829601271769454e-05
ENSG00000144036	5.482832839845389e-05
ENSG00000163913	5.4828017234758e-05
ENSG00000126458	5.481672023868722e-05
ENSG00000118454	5.480958697545933e-05
ENSG00000118518	5.480267324789559e-05
ENSG00000165584	5.479644592649036e-05
ENSG00000007264	5.478520045184664e-05
ENSG00000048740	5.478420626561395e-05
ENSG00000118898	5.478385277968188e-05
ENSG00000167840	5.47828635095337e-05
ENSG00000063322	5.4780741707917836e-05
ENSG00000124159	5.477810127245493e-05
ENSG00000164867	5.476695956858411e-05
ENSG00000185043	5.4763257343187535e-05
ENSG00000243989	5.475549646659021e-05
ENSG00000177272	5.470597278777572e-05
ENSG00000105668	5.467781960192692e-05
ENSG00000112561	5.466128080115038e-05
ENSG00000169031	5.465757262906216e-05
ENSG00000125912	5.4623978905673076e-05
ENSG00000105983	5.4606927672635e-05
ENSG00000276977	5.45917906218503e-05
ENSG00000196411	5.457048372356428e-05
ENSG00000131652	5.45612981306757e-05
ENSG00000196139	5.45384503242681e-05
ENSG00000132849	5.453333697176289e-05
ENSG00000138459	5.452426687074724e-05
ENSG00000196975	5.4517541427728016e-05
ENSG00000129993	5.451506617773685e-05
ENSG00000136928	5.451103713448024e-05
ENSG00000170577	5.450591232466284e-05
ENSG00000068308	5.448944143325996e-05
ENSG00000174915	5.447758775158679e-05
ENSG00000115761	5.447141782046179e-05
ENSG00000106086	5.442780584795165e-05
ENSG00000183092	5.4410629416536275e-05
ENSG00000101017	5.440658210784303e-05
ENSG00000147123	5.440491712695981e-05
ENSG00000172175	5.439881977080389e-05
ENSG00000182168	5.436346621200501e-05
ENSG00000125657	5.43209232416553e-05
ENSG00000170881	5.43099838638665e-05
ENSG00000113812	5.4306183706310545e-05
ENSG00000288130	5.43037924526629e-05
ENSG00000080298	5.429790834959137e-05
ENSG00000162408	5.428728270361451e-05
ENSG00000063180	5.428293894928937e-05
ENSG00000176170	5.4256517470814554e-05
ENSG00000164442	5.422732434750142e-05
ENSG00000122862	5.42125892116467e-05
ENSG00000143536	5.4203951196857685e-05
ENSG00000150401	5.4190358232326827e-05
ENSG00000165283	5.416713275979416e-05
ENSG00000117707	5.4157298738654084e-05
ENSG00000066230	5.411181061677827e-05
ENSG00000003400	5.4092696787625364e-05
ENSG00000156587	5.408072951333646e-05
ENSG00000163481	5.4076646571326266e-05
ENSG00000162739	5.4046962448257224e-05
ENSG00000168827	5.403126845153233e-05
ENSG00000106852	5.40121085437412e-05
ENSG00000168566	5.399985441039124e-05
ENSG00000172262	5.39924211850179e-05
ENSG00000085760	5.3969508634487215e-05
ENSG00000170571	5.396238713644819e-05
ENSG00000149782	5.3955614339120707e-05
ENSG00000134762	5.395482404642806e-05
ENSG00000167635	5.3954521865065646e-05
ENSG00000127920	5.388059828252185e-05
ENSG00000075213	5.3862969156749035e-05
ENSG00000276410	5.385735435811498e-05
ENSG00000105270	5.3842552153060535e-05
ENSG00000165912	5.382619103947435e-05
ENSG00000109270	5.3820541857730265e-05
ENSG00000152402	5.3819308832815415e-05
ENSG00000123836	5.381342817472124e-05
ENSG00000084754	5.380985925281098e-05
ENSG00000067533	5.3801771264750025e-05
ENSG00000004468	5.379323346108234e-05
ENSG00000103319	5.3767052358265166e-05
ENSG00000196218	5.375479370437639e-05
ENSG00000167261	5.3717732814903913e-05
ENSG00000160131	5.369367689491756e-05
ENSG00000196782	5.3686788531509315e-05
ENSG00000258102	5.3685872275489704e-05
ENSG00000176406	5.3680041221043595e-05
ENSG00000151414	5.367187500666524e-05
ENSG00000143878	5.366817805585779e-05
ENSG00000175065	5.365418398892983e-05
ENSG00000056586	5.3646942631212785e-05
ENSG00000184672	5.361792444749192e-05
ENSG00000027075	5.3615270771796194e-05
ENSG00000100234	5.3605742976453174e-05
ENSG00000065060	5.357554629599501e-05
ENSG00000136810	5.356840447465452e-05
ENSG00000089289	5.356214824693194e-05
ENSG00000014123	5.3556473730214724e-05
ENSG00000111237	5.3507928911334586e-05
ENSG00000166091	5.3503964411285504e-05
ENSG00000072274	5.3502772685297206e-05
ENSG00000154174	5.346900442958585e-05
ENSG00000100916	5.3463722042090234e-05
ENSG00000008056	5.345090478466694e-05
ENSG00000137077	5.341637638126182e-05
ENSG00000141385	5.3395394165316285e-05
ENSG00000162510	5.337415196242392e-05
ENSG00000117322	5.3365544325814425e-05
ENSG00000077800	5.336057065650573e-05
ENSG00000188191	5.333474330642554e-05
ENSG00000131096	5.333258865062857e-05
ENSG00000126254	5.3328401913828365e-05
ENSG00000198198	5.332457264728932e-05
ENSG00000256453	5.332231323024653e-05
ENSG00000127561	5.330040470065364e-05
ENSG00000188488	5.32702788903279e-05
ENSG00000135740	5.325224346124752e-05
ENSG00000099399	5.3227622956311526e-05
ENSG00000049245	5.3208019066294404e-05
ENSG00000144746	5.3175468759445816e-05
ENSG00000120500	5.31549675968651e-05
ENSG00000123064	5.315068406918971e-05
ENSG00000167515	5.314678129400772e-05
ENSG00000116747	5.312597637876513e-05
ENSG00000089006	5.308340689586895e-05
ENSG00000013297	5.307731239205434e-05
ENSG00000123395	5.307676593691656e-05
ENSG00000002746	5.305812134698547e-05
ENSG00000123737	5.304852948000406e-05
ENSG00000137218	5.304163710081893e-05
ENSG00000285443	5.303666687981386e-05
ENSG00000124688	5.3004126579883446e-05
ENSG00000168286	5.296787556982884e-05
ENSG00000043591	5.29660043866812e-05
ENSG00000138030	5.2965565784726414e-05
ENSG00000105664	5.2953182927984595e-05
ENSG00000132589	5.2952266700825084e-05
ENSG00000069345	5.29320857253459e-05
ENSG00000070718	5.292596389151223e-05
ENSG00000043143	5.292458642068967e-05
ENSG00000187134	5.292340114932151e-05
ENSG00000105409	5.290328159725525e-05
ENSG00000168925	5.289127157114892e-05
ENSG00000153879	5.2862650520235684e-05
ENSG00000147676	5.28573674764375e-05
ENSG00000084652	5.285379648479258e-05
ENSG00000241837	5.2842301592610145e-05
ENSG00000244067	5.2840390162982355e-05
ENSG00000187147	5.2835131542183773e-05
ENSG00000282633	5.2806346666078455e-05
ENSG00000101608	5.2801406034827795e-05
ENSG00000105246	5.278588629082531e-05
ENSG00000164244	5.277137208241727e-05
ENSG00000157680	5.2752807734622276e-05
ENSG00000158186	5.2741184676705964e-05
ENSG00000135312	5.272128385231194e-05
ENSG00000149131	5.270548994066761e-05
ENSG00000105793	5.268920264558047e-05
ENSG00000116833	5.2687503534135346e-05
ENSG00000138031	5.268718374615107e-05
ENSG00000128604	5.268550784784482e-05
ENSG00000169393	5.26746967978997e-05
ENSG00000130175	5.2666011213573696e-05
ENSG00000174808	5.2661504520991495e-05
ENSG00000162104	5.265841690431045e-05
ENSG00000111331	5.264959946223522e-05
ENSG00000158864	5.263246587407671e-05
ENSG00000168003	5.262572513075732e-05
ENSG00000274233	5.261366776459453e-05
ENSG00000131143	5.260677235760628e-05
ENSG00000149179	5.260030422293075e-05
ENSG00000182208	5.2579403769024345e-05
ENSG00000078140	5.25707802544753e-05
ENSG00000157216	5.2570382778161455e-05
ENSG00000115844	5.256381563077608e-05
ENSG00000179091	5.2546381016647454e-05
ENSG00000040633	5.252596823389803e-05
ENSG00000117408	5.252427828438406e-05
ENSG00000133028	5.252226172027773e-05
ENSG00000159224	5.2511502185339244e-05
ENSG00000276838	5.2504507979665145e-05
ENSG00000137996	5.248964461083052e-05
ENSG00000196652	5.2485317477516495e-05
ENSG00000288474	5.247426678509136e-05
ENSG00000186564	5.2470978042586634e-05
ENSG00000172292	5.24364264242614e-05
ENSG00000183813	5.2431556458732554e-05
ENSG00000197217	5.2431469601951556e-05
ENSG00000157150	5.2400785890349474e-05
ENSG00000032742	5.2400526418619904e-05
ENSG00000088179	5.238309275988194e-05
ENSG00000134438	5.2377996350170015e-05
ENSG00000261150	5.2361925205568824e-05
ENSG00000100307	5.2345472303612596e-05
ENSG00000186416	5.233489940248807e-05
ENSG00000175215	5.232325747251212e-05
ENSG00000174010	5.2305419468001906e-05
ENSG00000173011	5.23048124728553e-05
ENSG00000129347	5.2298423442647983e-05
ENSG00000141198	5.22683472285952e-05
ENSG00000134569	5.224268767710476e-05
ENSG00000163867	5.224154151930408e-05
ENSG00000125726	5.222914346824687e-05
ENSG00000152467	5.22273126258545e-05
ENSG00000048140	5.220229676471823e-05
ENSG00000128602	5.217243239026547e-05
ENSG00000178750	5.2164645243680606e-05
ENSG00000167434	5.215545217069323e-05
ENSG00000173585	5.215499437491646e-05
ENSG00000124574	5.2154023742218846e-05
ENSG00000111231	5.212932843642644e-05
ENSG00000116604	5.208239544922952e-05
ENSG00000172403	5.208073219917772e-05
ENSG00000178252	5.206242446675545e-05
ENSG00000170458	5.205928077154929e-05
ENSG00000122741	5.205759088872677e-05
ENSG00000184357	5.205515205219869e-05
ENSG00000075461	5.204722102563647e-05
ENSG00000223355	5.203240807541832e-05
ENSG00000197870	5.202608029483163e-05
ENSG00000105185	5.199829166344284e-05
ENSG00000143224	5.1994811609413936e-05
ENSG00000203896	5.19925882608128e-05
ENSG00000115211	5.19859833019965e-05
ENSG00000064835	5.197686638084073e-05
ENSG00000152767	5.1974012019882743e-05
ENSG00000283060	5.19538024127975e-05
ENSG00000135870	5.1951303033536935e-05
ENSG00000083750	5.194114557091897e-05
ENSG00000105656	5.194109416655385e-05
ENSG00000178623	5.193752051992821e-05
ENSG00000167994	5.1932085290372506e-05
ENSG00000163736	5.1929553632562385e-05
ENSG00000134882	5.1923237974821886e-05
ENSG00000137710	5.1919282578001236e-05
ENSG00000135845	5.1911354396424924e-05
ENSG00000033050	5.187972763948731e-05
ENSG00000205220	5.1850647374298475e-05
ENSG00000145491	5.182846474682451e-05
ENSG00000090470	5.1818875424391036e-05
ENSG00000085872	5.179216799474008e-05
ENSG00000111832	5.177921374260833e-05
ENSG00000079257	5.1778980603281184e-05
ENSG00000276825	5.1776454408960696e-05
ENSG00000035928	5.177517610740095e-05
ENSG00000099821	5.1770920939364686e-05
ENSG00000170871	5.174725242220059e-05
ENSG00000102010	5.1746217932386725e-05
ENSG00000092758	5.1723463754483565e-05
ENSG00000066294	5.171984220520616e-05
ENSG00000099331	5.1702905994761995e-05
ENSG00000153487	5.169991878175004e-05
ENSG00000163166	5.16904808438925e-05
ENSG00000272196	5.167258617536852e-05
ENSG00000171853	5.167020575633253e-05
ENSG00000146757	5.1666230320583944e-05
ENSG00000114767	5.166400456635726e-05
ENSG00000164733	5.163349556572414e-05
ENSG00000133065	5.1618824897542715e-05
ENSG00000230034	5.158561617356075e-05
ENSG00000111752	5.1582342793786576e-05
ENSG00000163682	5.156304707083458e-05
ENSG00000106617	5.155724698868184e-05
ENSG00000228405	5.151435487026111e-05
ENSG00000184867	5.150221997895449e-05
ENSG00000102780	5.149905822543849e-05
ENSG00000272391	5.149577103472018e-05
ENSG00000184076	5.148165828309087e-05
ENSG00000136141	5.1476551743945914e-05
ENSG00000108788	5.1472151319621626e-05
ENSG00000139734	5.1463971292148895e-05
ENSG00000100226	5.145171788797208e-05
ENSG00000188559	5.142695472650147e-05
ENSG00000284889	5.142372540397455e-05
ENSG00000239732	5.141053102897272e-05
ENSG00000120162	5.1374190835929354e-05
ENSG00000143924	5.1362077612034584e-05
ENSG00000102349	5.135168766224412e-05
ENSG00000070785	5.134894325519985e-05
ENSG00000147400	5.1330345187296646e-05
ENSG00000105556	5.132990296925928e-05
ENSG00000117481	5.131634019303166e-05
ENSG00000135930	5.129954228031006e-05
ENSG00000092871	5.129824734644763e-05
ENSG00000105701	5.12858602419473e-05
ENSG00000101079	5.128368920366141e-05
ENSG00000205323	5.127960237258396e-05
ENSG00000171051	5.126523775849805e-05
ENSG00000213672	5.126353678507452e-05
ENSG00000172409	5.126020200081096e-05
ENSG00000145779	5.125994027192853e-05
ENSG00000119865	5.123376892934149e-05
ENSG00000240563	5.116001857139485e-05
ENSG00000153786	5.114549905458399e-05
ENSG00000152601	5.113877666509623e-05
ENSG00000131910	5.1137912024778956e-05
ENSG00000130830	5.113270288935892e-05
ENSG00000110514	5.112449374282494e-05
ENSG00000115514	5.111545873741879e-05
ENSG00000198353	5.1085137408648705e-05
ENSG00000242441	5.107403666003854e-05
ENSG00000100292	5.107145332229139e-05
ENSG00000186847	5.102428667881818e-05
ENSG00000131351	5.101147456597819e-05
ENSG00000119408	5.10013100919362e-05
ENSG00000178913	5.0987388584296195e-05
ENSG00000105778	5.09757834244632e-05
ENSG00000167207	5.095978122306736e-05
ENSG00000229937	5.094536835730997e-05
ENSG00000198075	5.0931549506412396e-05
ENSG00000082213	5.0899665013140416e-05
ENSG00000136888	5.0891717525456786e-05
ENSG00000125257	5.08561957195361e-05
ENSG00000186787	5.079900800723008e-05
ENSG00000101138	5.078401940132228e-05
ENSG00000176046	5.077816650323996e-05
ENSG00000061656	5.0777740627525914e-05
ENSG00000143376	5.077606950099517e-05
ENSG00000179583	5.0770296084212375e-05
ENSG00000067167	5.074888525050613e-05
ENSG00000142039	5.074666430965615e-05
ENSG00000119787	5.074444880410814e-05
ENSG00000133250	5.07342746741429e-05
ENSG00000188613	5.072112190404387e-05
ENSG00000104093	5.071615389126297e-05
ENSG00000108848	5.070591727452389e-05
ENSG00000128607	5.070553614049471e-05
ENSG00000121440	5.070129785638903e-05
ENSG00000108590	5.069910257845625e-05
ENSG00000120756	5.068580195276837e-05
ENSG00000172053	5.068519762343195e-05
ENSG00000173702	5.068335078077529e-05
ENSG00000169718	5.067674321169003e-05
ENSG00000162695	5.0665390380024615e-05
ENSG00000119523	5.066171410917535e-05
ENSG00000131507	5.065917562901966e-05
ENSG00000267796	5.0646991913514056e-05
ENSG00000113971	5.0610145622513876e-05
ENSG00000196704	5.060495442991228e-05
ENSG00000213186	5.0590218443607626e-05
ENSG00000108423	5.055786181902097e-05
ENSG00000120805	5.054405102315811e-05
ENSG00000122859	5.0529666962140976e-05
ENSG00000095397	5.0525805773023454e-05
ENSG00000106992	5.052401663227068e-05
ENSG00000106546	5.051976956824971e-05
ENSG00000198597	5.051157098559897e-05
ENSG00000196664	5.0508142702100006e-05
ENSG00000115956	5.048438683064884e-05
ENSG00000073756	5.047073690366286e-05
ENSG00000040933	5.0447398282641534e-05
ENSG00000086200	5.044153749813953e-05
ENSG00000102878	5.0431491390837186e-05
ENSG00000227746	5.041742282389595e-05
ENSG00000134909	5.040441585589538e-05
ENSG00000186642	5.037891523734866e-05
ENSG00000080371	5.034612374327955e-05
ENSG00000112305	5.0342646613982214e-05
ENSG00000115541	5.0291548618286e-05
ENSG00000213782	5.026703983439147e-05
ENSG00000069974	5.025400449343576e-05
ENSG00000181274	5.022511834012336e-05
ENSG00000108433	5.021305287390272e-05
ENSG00000183570	5.01977798353303e-05
ENSG00000198026	5.019484230414501e-05
ENSG00000168334	5.017235616777322e-05
ENSG00000104903	5.016456539722682e-05
ENSG00000124313	5.0161568998717646e-05
ENSG00000276262	5.015640246902068e-05
ENSG00000081248	5.014747689641367e-05
ENSG00000100596	5.014587105093718e-05
ENSG00000187961	5.013438723739461e-05
ENSG00000163661	5.012637608459864e-05
ENSG00000102230	5.012455291712314e-05
ENSG00000124172	5.011297464195569e-05
ENSG00000273859	5.010593560272936e-05
ENSG00000160193	5.008305336421639e-05
ENSG00000126218	5.0080781105321484e-05
ENSG00000158488	5.007168578375144e-05
ENSG00000122133	5.006420630458569e-05
ENSG00000139324	5.0034286525950795e-05
ENSG00000161944	5.0033636313691456e-05
ENSG00000198258	5.0020295724721795e-05
ENSG00000145423	4.9997607543677465e-05
ENSG00000118733	4.99901948554684e-05
ENSG00000262666	4.9987304564750564e-05
ENSG00000166326	4.9972968865423655e-05
ENSG00000273703	4.996938936945906e-05
ENSG00000116199	4.994703167558438e-05
ENSG00000133422	4.994304180266424e-05
ENSG00000100721	4.9921881430790286e-05
ENSG00000241484	4.991563173071951e-05
ENSG00000034533	4.991025423918589e-05
ENSG00000184371	4.9902385250647394e-05
ENSG00000077238	4.988371726776493e-05
ENSG00000085511	4.987988607704643e-05
ENSG00000125249	4.986003237310992e-05
ENSG00000155096	4.98125906973087e-05
ENSG00000131495	4.9803429723240536e-05
ENSG00000127980	4.9797618331773375e-05
ENSG00000130287	4.978692424104707e-05
ENSG00000284238	4.977647100486372e-05
ENSG00000178028	4.9773533337436775e-05
ENSG00000115165	4.9750846450700455e-05
ENSG00000182199	4.97033798535804e-05
ENSG00000143870	4.968604557450591e-05
ENSG00000136867	4.968157265733083e-05
ENSG00000027847	4.9640701923349156e-05
ENSG00000169862	4.962609212555022e-05
ENSG00000198863	4.961199963212011e-05
ENSG00000130748	4.960691494816016e-05
ENSG00000115307	4.9573601935077494e-05
ENSG00000197081	4.954965994114523e-05
ENSG00000175445	4.9544258912740537e-05
ENSG00000083099	4.95385592358412e-05
ENSG00000096088	4.953791093935635e-05
ENSG00000116731	4.9535941174493185e-05
ENSG00000139546	4.949456326942232e-05
ENSG00000130150	4.949147472003581e-05
ENSG00000168758	4.94768476685271e-05
ENSG00000196323	4.946793124021431e-05
ENSG00000082438	4.946565192379904e-05
ENSG00000183087	4.944815531005805e-05
ENSG00000134899	4.944595629780959e-05
ENSG00000136874	4.944120904683328e-05
ENSG00000197746	4.94397670236436e-05
ENSG00000249115	4.943633704132361e-05
ENSG00000152583	4.9426668103996074e-05
ENSG00000185728	4.93939062230417e-05
ENSG00000119614	4.9339877869099445e-05
ENSG00000152977	4.9337365962590126e-05
ENSG00000140350	4.9336402704186204e-05
ENSG00000132254	4.932963566219952e-05
ENSG00000161996	4.930464552291538e-05
ENSG00000105610	4.926730849487302e-05
ENSG00000121351	4.925406008740753e-05
ENSG00000103381	4.924592169252686e-05
ENSG00000135900	4.9243240669407014e-05
ENSG00000116711	4.923401781265439e-05
ENSG00000128159	4.923211341047004e-05
ENSG00000106952	4.922081447738279e-05
ENSG00000105821	4.921913024460334e-05
ENSG00000137601	4.9210672498478845e-05
ENSG00000177485	4.9193360446362476e-05
ENSG00000258890	4.918501082084148e-05
ENSG00000158321	4.918235312720999e-05
ENSG00000149798	4.915740951154234e-05
ENSG00000035720	4.9155664612469205e-05
ENSG00000197769	4.913770257620522e-05
ENSG00000168884	4.913381466564474e-05
ENSG00000135631	4.912735133117553e-05
ENSG00000134014	4.9116823831286076e-05
ENSG00000162814	4.911518439503566e-05
ENSG00000171773	4.9111559952217824e-05
ENSG00000135336	4.910201729161969e-05
ENSG00000104765	4.909067628403029e-05
ENSG00000100209	4.9066462054342745e-05
ENSG00000178462	4.906636208540485e-05
ENSG00000263761	4.9045244363697804e-05
ENSG00000170122	4.9038370848044934e-05
ENSG00000124201	4.899971161407004e-05
ENSG00000008294	4.898765323597285e-05
ENSG00000160075	4.897269570553312e-05
ENSG00000091157	4.896282399778572e-05
ENSG00000122877	4.895623439475135e-05
ENSG00000161634	4.891945416413608e-05
ENSG00000170525	4.888893391720697e-05
ENSG00000137161	4.8874054572281196e-05
ENSG00000196954	4.886467955343714e-05
ENSG00000167904	4.885836148029859e-05
ENSG00000115286	4.8841564663829775e-05
ENSG00000182162	4.884033476240993e-05
ENSG00000278129	4.883293938557915e-05
ENSG00000015413	4.881290067482165e-05
ENSG00000145740	4.881144823375532e-05
ENSG00000188624	4.8783940858353355e-05
ENSG00000075151	4.8775688447759975e-05
ENSG00000149313	4.873466958416543e-05
ENSG00000177169	4.8706658940999914e-05
ENSG00000105675	4.8665451774875006e-05
ENSG00000152404	4.8661452045655466e-05
ENSG00000143771	4.864928790962148e-05
ENSG00000168959	4.864486749114439e-05
ENSG00000172197	4.8616384093702255e-05
ENSG00000011201	4.857112105454902e-05
ENSG00000130158	4.8565040390910804e-05
ENSG00000121653	4.8558713813988175e-05
ENSG00000221867	4.85180404431817e-05
ENSG00000006116	4.85168819076013e-05
ENSG00000125910	4.851362100234575e-05
ENSG00000115008	4.851006895321538e-05
ENSG00000107669	4.850861344948275e-05
ENSG00000106366	4.8455531243418575e-05
ENSG00000175745	4.8453600398639976e-05
ENSG00000113083	4.845015158387696e-05
ENSG00000023318	4.8448207406993165e-05
ENSG00000035115	4.8444727901159994e-05
ENSG00000187513	4.8424120626548446e-05
ENSG00000160868	4.841149266821239e-05
ENSG00000236251	4.840241801578093e-05
ENSG00000164418	4.8398887979418274e-05
ENSG00000136156	4.8379501930595725e-05
ENSG00000159111	4.83473511293658e-05
ENSG00000197498	4.832305066718251e-05
ENSG00000083838	4.831456160376577e-05
ENSG00000070601	4.8297477365506745e-05
ENSG00000136938	4.828585391338989e-05
ENSG00000258366	4.826901315113077e-05
ENSG00000221826	4.826423095859933e-05
ENSG00000175567	4.8252033122184586e-05
ENSG00000253293	4.824059551353458e-05
ENSG00000182040	4.8236114195023856e-05
ENSG00000105732	4.822963774397925e-05
ENSG00000104812	4.821397598063083e-05
ENSG00000162188	4.820708816690048e-05
ENSG00000112357	4.81861384349514e-05
ENSG00000126246	4.8184998352562416e-05
ENSG00000197451	4.817055489067713e-05
ENSG00000103249	4.816905563906284e-05
ENSG00000138756	4.816746074256514e-05
ENSG00000106355	4.816155146860517e-05
ENSG00000061938	4.815572945753663e-05
ENSG00000090447	4.8132440796344384e-05
ENSG00000122224	4.812251851460975e-05
ENSG00000116691	4.8119758491930096e-05
ENSG00000132718	4.811001956476554e-05
ENSG00000125998	4.810851231565722e-05
ENSG00000156471	4.810549650046898e-05
ENSG00000057608	4.8094843935344355e-05
ENSG00000136213	4.807550864133112e-05
ENSG00000166012	4.806790770920635e-05
ENSG00000167468	4.804626079519103e-05
ENSG00000106809	4.8027892574443704e-05
ENSG00000177084	4.8024159470943354e-05
ENSG00000248333	4.801576402287479e-05
ENSG00000064726	4.8008576379732216e-05
ENSG00000143952	4.8006607651510904e-05
ENSG00000181143	4.800519799358776e-05
ENSG00000127452	4.7988571864846664e-05
ENSG00000168000	4.796770963708458e-05
ENSG00000039650	4.7967367160180565e-05
ENSG00000156925	4.79195780951556e-05
ENSG00000114107	4.7897163515245986e-05
ENSG00000124733	4.787833998729852e-05
ENSG00000179886	4.787324135979923e-05
ENSG00000079112	4.7832152859092875e-05
ENSG00000013588	4.78245574944384e-05
ENSG00000178988	4.782377140475671e-05
ENSG00000183304	4.780339291395508e-05
ENSG00000099795	4.7756496332453986e-05
ENSG00000068394	4.774900872684185e-05
ENSG00000197079	4.774614301970645e-05
ENSG00000061794	4.77420768921146e-05
ENSG00000163935	4.771741270727655e-05
ENSG00000102221	4.7703001759814774e-05
ENSG00000168743	4.769709544540443e-05
ENSG00000130560	4.7683696645532626e-05
ENSG00000140718	4.76742551440285e-05
ENSG00000049089	4.766741326595937e-05
ENSG00000230336	4.766719683052126e-05
ENSG00000198780	4.765341366336734e-05
ENSG00000185002	4.765083515778254e-05
ENSG00000112367	4.7627962883767826e-05
ENSG00000134627	4.762083891051655e-05
ENSG00000113196	4.761627050726558e-05
ENSG00000160349	4.760315898225481e-05
ENSG00000203883	4.7602469548380256e-05
ENSG00000166313	4.758271353259159e-05
ENSG00000087495	4.7554360250105055e-05
ENSG00000129455	4.748065898959376e-05
ENSG00000125817	4.7454394443898276e-05
ENSG00000163938	4.745079546643245e-05
ENSG00000111052	4.7446360113822354e-05
ENSG00000139973	4.744347127005677e-05
ENSG00000178473	4.743137463418251e-05
ENSG00000274726	4.740451391445154e-05
ENSG00000185875	4.739396767968561e-05
ENSG00000136861	4.7391102782024e-05
ENSG00000160654	4.733360742506964e-05
ENSG00000163961	4.733327193529416e-05
ENSG00000152359	4.7304951695964046e-05
ENSG00000144034	4.727610289680632e-05
ENSG00000101441	4.726299142019576e-05
ENSG00000188647	4.725861530553708e-05
ENSG00000198799	4.7257732298921e-05
ENSG00000125931	4.724562276998232e-05
ENSG00000106331	4.723087690879069e-05
ENSG00000131808	4.718059463471568e-05
ENSG00000164068	4.7165782703157685e-05
ENSG00000108528	4.7162775864173465e-05
ENSG00000100580	4.714325862749438e-05
ENSG00000168843	4.714134051828543e-05
ENSG00000008086	4.714047928711687e-05
ENSG00000113296	4.7124654778312575e-05
ENSG00000276787	4.711111856435341e-05
ENSG00000170677	4.7110734214998316e-05
ENSG00000214078	4.706711441227191e-05
ENSG00000157703	4.7052235058174086e-05
ENSG00000164715	4.7049781634600336e-05
ENSG00000135443	4.703923545726072e-05
ENSG00000132463	4.703917244534348e-05
ENSG00000075415	4.702658961489898e-05
ENSG00000157557	4.699967060511317e-05
ENSG00000240184	4.6998205994953984e-05
ENSG00000115419	4.698004346502042e-05
ENSG00000173198	4.695385732159921e-05
ENSG00000183137	4.6945225061221096e-05
ENSG00000136603	4.6919095168826523e-05
ENSG00000132768	4.6918630441551774e-05
ENSG00000167657	4.691349004271596e-05
ENSG00000162623	4.6894259601252064e-05
ENSG00000069702	4.688784628545188e-05
ENSG00000184708	4.688016082498622e-05
ENSG00000120215	4.6848231371452375e-05
ENSG00000089682	4.6845261434931507e-05
ENSG00000107815	4.6832954833057925e-05
ENSG00000068366	4.682875959248186e-05
ENSG00000133243	4.682109394195293e-05
ENSG00000149968	4.680421320463984e-05
ENSG00000168818	4.6803536477962944e-05
ENSG00000143776	4.6797895568311275e-05
ENSG00000056277	4.674719958377727e-05
ENSG00000059588	4.6741786709635e-05
ENSG00000082641	4.674031412900823e-05
ENSG00000198551	4.67226168901501e-05
ENSG00000164588	4.671154653975315e-05
ENSG00000148341	4.668204377097932e-05
ENSG00000102096	4.6679114653404194e-05
ENSG00000127666	4.667090151956716e-05
ENSG00000125898	4.666334165722554e-05
ENSG00000184207	4.665541439458378e-05
ENSG00000144063	4.6648276586377416e-05
ENSG00000106633	4.663856574274375e-05
ENSG00000117133	4.66364887771662e-05
ENSG00000136542	4.662291283057469e-05
ENSG00000069188	4.661190653435379e-05
ENSG00000177426	4.660127630152113e-05
ENSG00000106305	4.656178939627526e-05
ENSG00000146109	4.655634574425788e-05
ENSG00000162642	4.655408851592986e-05
ENSG00000167123	4.65159462882307e-05
ENSG00000040608	4.6511579269055685e-05
ENSG00000162734	4.649552236384534e-05
ENSG00000107872	4.648382912605019e-05
ENSG00000173706	4.648201497333306e-05
ENSG00000186051	4.647497232322956e-05
ENSG00000081026	4.6463566456791194e-05
ENSG00000062194	4.646249511153986e-05
ENSG00000112365	4.642659762291823e-05
ENSG00000136160	4.64199140376564e-05
ENSG00000107438	4.64057024884671e-05
ENSG00000185085	4.6394162631382065e-05
ENSG00000139438	4.639060879912995e-05
ENSG00000180316	4.638431211750629e-05
ENSG00000149930	4.638078866434974e-05
ENSG00000164346	4.637586284530475e-05
ENSG00000171241	4.635962838042249e-05
ENSG00000162009	4.635426686480449e-05
ENSG00000171360	4.6350527491238584e-05
ENSG00000163519	4.632926802635e-05
ENSG00000100129	4.6324308130938325e-05
ENSG00000171914	4.632250927942052e-05
ENSG00000102158	4.632103932181845e-05
ENSG00000237051	4.626966064637537e-05
ENSG00000164483	4.626899904672318e-05
ENSG00000016402	4.624641036206838e-05
ENSG00000171443	4.621558870827737e-05
ENSG00000086548	4.621445683065655e-05
ENSG00000178105	4.621356743823505e-05
ENSG00000060656	4.619125489543708e-05
ENSG00000179981	4.617224797451115e-05
ENSG00000163512	4.617020347330383e-05
ENSG00000153936	4.6143475630560065e-05
ENSG00000074590	4.612018963166506e-05
ENSG00000120314	4.611183593904717e-05
ENSG00000120875	4.6102371150402336e-05
ENSG00000174705	4.6074389554496353e-05
ENSG00000145901	4.6065757903788543e-05
ENSG00000169826	4.604810557359475e-05
ENSG00000160049	4.6038401809377134e-05
ENSG00000112110	4.6036896902853844e-05
ENSG00000184113	4.60134794319936e-05
ENSG00000079432	4.5998849240292607e-05
ENSG00000117148	4.598179689569596e-05
ENSG00000131737	4.596434141395733e-05
ENSG00000179010	4.596174496468811e-05
ENSG00000095637	4.594683986648553e-05
ENSG00000143653	4.594641688627708e-05
ENSG00000163064	4.594321811330112e-05
ENSG00000092978	4.591457832254264e-05
ENSG00000118508	4.5910402707669457e-05
ENSG00000247077	4.5874443667744235e-05
ENSG00000183291	4.585072541874826e-05
ENSG00000131389	4.582899922798346e-05
ENSG00000204498	4.582572978396922e-05
ENSG00000164086	4.581588309594975e-05
ENSG00000239887	4.581052362790656e-05
ENSG00000197321	4.5807075375236926e-05
ENSG00000189001	4.580616763149463e-05
ENSG00000136643	4.5778728992237684e-05
ENSG00000138594	4.57698354992312e-05
ENSG00000130165	4.576321017174248e-05
ENSG00000205426	4.57128893408968e-05
ENSG00000163811	4.5674177310514975e-05
ENSG00000103061	4.5673093163931154e-05
ENSG00000112855	4.5660221474397896e-05
ENSG00000159199	4.564048589278526e-05
ENSG00000043355	4.558887695148501e-05
ENSG00000161036	4.55866980993287e-05
ENSG00000164758	4.554531596178633e-05
ENSG00000137310	4.5525607520066706e-05
ENSG00000047936	4.5516805791586934e-05
ENSG00000139318	4.551278176789669e-05
ENSG00000133872	4.550345783610166e-05
ENSG00000185515	4.549250502332058e-05
ENSG00000101327	4.547506612028641e-05
ENSG00000143556	4.5460465371769436e-05
ENSG00000130348	4.5446244746118634e-05
ENSG00000075142	4.5433068676606763e-05
ENSG00000082556	4.5413675859427994e-05
ENSG00000072134	4.5412112081125907e-05
ENSG00000006740	4.5403620245753126e-05
ENSG00000257017	4.5387444873546256e-05
ENSG00000274768	4.5384653330279916e-05
ENSG00000101473	4.538088369866094e-05
ENSG00000102935	4.535966623702204e-05
ENSG00000133048	4.534431078309681e-05
ENSG00000108578	4.5343806945747245e-05
ENSG00000157796	4.534137587824711e-05
ENSG00000066135	4.53279707243008e-05
ENSG00000166405	4.5310589502390755e-05
ENSG00000129460	4.5302534872189665e-05
ENSG00000122884	4.52987177055611e-05
ENSG00000168826	4.5284168794307947e-05
ENSG00000174373	4.5282585043976824e-05
ENSG00000125571	4.5279847129741915e-05
ENSG00000085741	4.527355737305205e-05
ENSG00000112874	4.524711951608687e-05
ENSG00000150625	4.523426846848603e-05
ENSG00000055147	4.522544766521566e-05
ENSG00000146674	4.52036367858952e-05
ENSG00000162076	4.520060332802795e-05
ENSG00000145495	4.518985278626648e-05
ENSG00000197798	4.516789004503872e-05
ENSG00000077147	4.5165725155363625e-05
ENSG00000137857	4.516322021938699e-05
ENSG00000138107	4.516033635081418e-05
ENSG00000138593	4.51582063365974e-05
ENSG00000107679	4.5147662761879686e-05
ENSG00000172426	4.514462774524686e-05
ENSG00000177425	4.5118441611376364e-05
ENSG00000135940	4.51120726135948e-05
ENSG00000151465	4.510212225511764e-05
ENSG00000160883	4.507373031795411e-05
ENSG00000001497	4.505639091116277e-05
ENSG00000162444	4.503862152788726e-05
ENSG00000174123	4.503455283713874e-05
ENSG00000168269	4.502345542815093e-05
ENSG00000148926	4.5018779627929714e-05
ENSG00000141696	4.500719703658514e-05
ENSG00000067704	4.4993048633383136e-05
ENSG00000276618	4.498716246708964e-05
ENSG00000281614	4.497863384883959e-05
ENSG00000105447	4.495232255339484e-05
ENSG00000146425	4.4948528889954175e-05
ENSG00000204175	4.493835664477992e-05
ENSG00000099624	4.493733941343946e-05
ENSG00000240505	4.4931903092564524e-05
ENSG00000163719	4.49274012141042e-05
ENSG00000169884	4.49224257402282e-05
ENSG00000126602	4.490235381341038e-05
ENSG00000135269	4.48948907447193e-05
ENSG00000182195	4.486545900477178e-05
ENSG00000282608	4.483909781491714e-05
ENSG00000187239	4.479452149622055e-05
ENSG00000126562	4.478417616047734e-05
ENSG00000143382	4.47719997004023e-05
ENSG00000135404	4.4757261306695254e-05
ENSG00000276480	4.474683840096185e-05
ENSG00000107282	4.473688154009949e-05
ENSG00000127588	4.472976399126593e-05
ENSG00000179941	4.472924468506572e-05
ENSG00000151746	4.472506550704971e-05
ENSG00000091181	4.4719150605324344e-05
ENSG00000132436	4.471339726354337e-05
ENSG00000157782	4.470612424860371e-05
ENSG00000116260	4.4703875556643215e-05
ENSG00000132970	4.470002427517593e-05
ENSG00000173852	4.469772990077139e-05
ENSG00000104613	4.469048732295639e-05
ENSG00000175548	4.46453764225141e-05
ENSG00000147439	4.4632327168433555e-05
ENSG00000153944	4.461586819384016e-05
ENSG00000102595	4.4609217435377774e-05
ENSG00000093010	4.459159809981457e-05
ENSG00000128652	4.45773083188853e-05
ENSG00000175879	4.45773083188853e-05
ENSG00000140319	4.455243399105894e-05
ENSG00000182774	4.454653920017805e-05
ENSG00000130340	4.4527778581579534e-05
ENSG00000124802	4.4527507116635105e-05
ENSG00000163599	4.4523746265106135e-05
ENSG00000006704	4.452269946481417e-05
ENSG00000105321	4.451305102657456e-05
ENSG00000165072	4.4505716823602187e-05
ENSG00000142207	4.450313474359747e-05
ENSG00000105048	4.44939796659677e-05
ENSG00000186818	4.449314559466949e-05
ENSG00000135373	4.4453025064816e-05
ENSG00000262993	4.443729069847173e-05
ENSG00000134070	4.441729383463785e-05
ENSG00000109586	4.4413054111245246e-05
ENSG00000153113	4.44109685428131e-05
ENSG00000112972	4.439575591480184e-05
ENSG00000164292	4.433847519085929e-05
ENSG00000240592	4.4329448239356645e-05
ENSG00000115526	4.430332504627643e-05
ENSG00000181409	4.429460077919406e-05
ENSG00000135919	4.4275090107116164e-05
ENSG00000197329	4.427109054350557e-05
ENSG00000136279	4.4245589651724163e-05
ENSG00000160145	4.4202006663603075e-05
ENSG00000147419	4.417569991039461e-05
ENSG00000162980	4.41659735747239e-05
ENSG00000138738	4.416301671674242e-05
ENSG00000132471	4.415276810211922e-05
ENSG00000158055	4.415060627777131e-05
ENSG00000102030	4.414691068387025e-05
ENSG00000035862	4.414145634138434e-05
ENSG00000187908	4.412920065587797e-05
ENSG00000010327	4.411712394797091e-05
ENSG00000166887	4.409611377369025e-05
ENSG00000178585	4.40936602336309e-05
ENSG00000126432	4.408441936624602e-05
ENSG00000180104	4.407723555772772e-05
ENSG00000180329	4.407447486623907e-05
ENSG00000281449	4.405824273357361e-05
ENSG00000099622	4.405764298348991e-05
ENSG00000143815	4.403230581954288e-05
ENSG00000101280	4.402713472359058e-05
ENSG00000163914	4.402218256651414e-05
ENSG00000141527	4.4020709112331526e-05
ENSG00000153237	4.400547846131668e-05
ENSG00000004779	4.400438764854333e-05
ENSG00000162869	4.39935237160012e-05
ENSG00000159592	4.398456041759705e-05
ENSG00000108591	4.397194189721565e-05
ENSG00000102890	4.396987841467488e-05
ENSG00000275832	4.396366942090963e-05
ENSG00000107130	4.3938083505783775e-05
ENSG00000255501	4.39305824925083e-05
ENSG00000042088	4.3923980062529185e-05
ENSG00000177034	4.3916180238862034e-05
ENSG00000135148	4.390306680656062e-05
ENSG00000166987	4.390009793753342e-05
ENSG00000186063	4.3886201020440344e-05
ENSG00000095713	4.387931606283493e-05
ENSG00000148143	4.38761237629584e-05
ENSG00000124193	4.387041652355675e-05
ENSG00000179262	4.384235932827933e-05
ENSG00000103111	4.3833138680163055e-05
ENSG00000119888	4.381330679005112e-05
ENSG00000160410	4.3809391564553554e-05
ENSG00000011132	4.380243502086686e-05
ENSG00000168813	4.3785404746472044e-05
ENSG00000050130	4.377627634851596e-05
ENSG00000081386	4.372938912429203e-05
ENSG00000164219	4.370551741491675e-05
ENSG00000198301	4.370381473838924e-05
ENSG00000276323	4.369598392655194e-05
ENSG00000175279	4.369539821666905e-05
ENSG00000160460	4.3692403572310804e-05
ENSG00000108387	4.368690284248714e-05
ENSG00000162777	4.367599761759897e-05
ENSG00000184640	4.3674518884294664e-05
ENSG00000160339	4.367088943991e-05
ENSG00000136261	4.366232816808346e-05
ENSG00000109180	4.365887517126892e-05
ENSG00000168795	4.364538702565897e-05
ENSG00000169567	4.364311974900821e-05
ENSG00000033170	4.363246588220702e-05
ENSG00000125285	4.3611012239961255e-05
ENSG00000162819	4.36055589028339e-05
ENSG00000084731	4.356808768292796e-05
ENSG00000168556	4.3557879797181664e-05
ENSG00000214022	4.354822166155459e-05
ENSG00000152484	4.3541530097685225e-05
ENSG00000162733	4.35210932571985e-05
ENSG00000130764	4.351417115932155e-05
ENSG00000280962	4.351014839283901e-05
ENSG00000171243	4.350464993335301e-05
ENSG00000069399	4.3500592881174494e-05
ENSG00000157911	4.3475207550158314e-05
ENSG00000035687	4.347472756082703e-05
ENSG00000006534	4.346900928773445e-05
ENSG00000198589	4.345948475482545e-05
ENSG00000282958	4.3448998553531286e-05
ENSG00000137673	4.344760010736859e-05
ENSG00000152082	4.343759628687281e-05
ENSG00000166483	4.3385066313369176e-05
ENSG00000166148	4.3375405663296646e-05
ENSG00000103343	4.3372240379376164e-05
ENSG00000156697	4.336199142979707e-05
ENSG00000143333	4.335154471495498e-05
ENSG00000145192	4.335135465350767e-05
ENSG00000008405	4.334268365740554e-05
ENSG00000105376	4.334035565829255e-05
ENSG00000175376	4.332583738519835e-05
ENSG00000160683	4.3320846460674216e-05
ENSG00000186832	4.331808808089899e-05
ENSG00000174125	4.331606367858671e-05
ENSG00000166923	4.328218074678514e-05
ENSG00000085117	4.327654377435607e-05
ENSG00000116649	4.326743703408559e-05
ENSG00000151445	4.324970386374469e-05
ENSG00000242485	4.3245842932240186e-05
ENSG00000108823	4.320777968578606e-05
ENSG00000152086	4.318733454138686e-05
ENSG00000128524	4.318560186546981e-05
ENSG00000155366	4.3180155158560245e-05
ENSG00000145391	4.3134735760677614e-05
ENSG00000117906	4.313123895981595e-05
ENSG00000163832	4.312818927640902e-05
ENSG00000141580	4.3126897901728725e-05
ENSG00000188783	4.311029283045915e-05
ENSG00000262418	4.3092665815974525e-05
ENSG00000188994	4.30903687031839e-05
ENSG00000131142	4.308920639249033e-05
ENSG00000095585	4.308766624897013e-05
ENSG00000011009	4.3062601332510474e-05
ENSG00000165462	4.3030465982739794e-05
ENSG00000107960	4.3025148948906725e-05
ENSG00000104626	4.302500687985775e-05
ENSG00000173918	4.2954972329223155e-05
ENSG00000060566	4.29515675626917e-05
ENSG00000130382	4.294801729801415e-05
ENSG00000007944	4.292919541183397e-05
ENSG00000145743	4.2910755032091896e-05
ENSG00000211460	4.290827959965489e-05
ENSG00000273529	4.290392095190315e-05
ENSG00000003056	4.289681893204199e-05
ENSG00000128654	4.2892060315429736e-05
ENSG00000123595	4.288568724535853e-05
ENSG00000183117	4.287815332350455e-05
ENSG00000185808	4.285970711993e-05
ENSG00000131746	4.283197776895153e-05
ENSG00000125304	4.281939341109662e-05
ENSG00000092439	4.28088987654143e-05
ENSG00000134480	4.280576295096964e-05
ENSG00000103152	4.279831520146709e-05
ENSG00000154646	4.2782910623053686e-05
ENSG00000103326	4.27825004443871e-05
ENSG00000167771	4.27536874954171e-05
ENSG00000149591	4.275168130991909e-05
ENSG00000101188	4.272891129010184e-05
ENSG00000196387	4.272528693700559e-05
ENSG00000166111	4.271409478714605e-05
ENSG00000160396	4.2703370788360316e-05
ENSG00000129450	4.2700418460238026e-05
ENSG00000185008	4.269995199660189e-05
ENSG00000174903	4.268353419959773e-05
ENSG00000184056	4.267165945866343e-05
ENSG00000036672	4.266298946024796e-05
ENSG00000168685	4.265680956331322e-05
ENSG00000173905	4.265123883364346e-05
ENSG00000196793	4.265016244137817e-05
ENSG00000157927	4.2639401715726394e-05
ENSG00000120686	4.2618929705506805e-05
ENSG00000126353	4.260390406974679e-05
ENSG00000172888	4.260100556269755e-05
ENSG00000072364	4.260092644872157e-05
ENSG00000163697	4.2593365555726264e-05
ENSG00000144306	4.25530077102905e-05
ENSG00000170820	4.2551745269244565e-05
ENSG00000144959	4.254162801539215e-05
ENSG00000105696	4.252888542426717e-05
ENSG00000186471	4.250790406322678e-05
ENSG00000177058	4.250197835844511e-05
ENSG00000177646	4.249947367810898e-05
ENSG00000146063	4.249574981620443e-05
ENSG00000167528	4.248977570373932e-05
ENSG00000101452	4.246450732982265e-05
ENSG00000140395	4.2443802667674914e-05
ENSG00000164342	4.243293415651595e-05
ENSG00000112246	4.242084424043153e-05
ENSG00000169129	4.2418545131006334e-05
ENSG00000099139	4.241590145240167e-05
ENSG00000137269	4.241257144503409e-05
ENSG00000237190	4.24011172479393e-05
ENSG00000105671	4.239780817769234e-05
ENSG00000104783	4.239678437188075e-05
ENSG00000146021	4.237872739570646e-05
ENSG00000126756	4.2373386710513854e-05
ENSG00000197903	4.235039504953155e-05
ENSG00000176953	4.2322676416635024e-05
ENSG00000177030	4.231917901822507e-05
ENSG00000143147	4.231890029710144e-05
ENSG00000067066	4.231236351179981e-05
ENSG00000160888	4.230975997357077e-05
ENSG00000169550	4.229981010364317e-05
ENSG00000121552	4.229114919066494e-05
ENSG00000167393	4.229000746048749e-05
ENSG00000176774	4.2289218180520486e-05
ENSG00000080561	4.2283628976308606e-05
ENSG00000124233	4.2281303153646836e-05
ENSG00000133874	4.2252762776781274e-05
ENSG00000133121	4.224809725125024e-05
ENSG00000081019	4.223922799581629e-05
ENSG00000175573	4.221833770970563e-05
ENSG00000127334	4.2205245545648254e-05
ENSG00000185088	4.219166799874496e-05
ENSG00000134760	4.218130782831997e-05
ENSG00000177688	4.216891396893435e-05
ENSG00000163382	4.215750688247135e-05
ENSG00000169594	4.214808063203519e-05
ENSG00000155906	4.213016506985974e-05
ENSG00000213626	4.212959616987875e-05
ENSG00000156345	4.207135052152049e-05
ENSG00000156804	4.20368520346174e-05
ENSG00000079819	4.2031055200240684e-05
ENSG00000119185	4.202354362842628e-05
ENSG00000122386	4.201563350450689e-05
ENSG00000149927	4.2007784290138984e-05
ENSG00000174032	4.197308806393276e-05
ENSG00000010803	4.197214696645195e-05
ENSG00000111540	4.197048206596984e-05
ENSG00000134072	4.196952705574843e-05
ENSG00000196482	4.196010847862617e-05
ENSG00000173705	4.194732497560937e-05
ENSG00000165970	4.194489998640329e-05
ENSG00000147246	4.194319942717904e-05
ENSG00000167414	4.19347639934356e-05
ENSG00000152457	4.1928567702703426e-05
ENSG00000085644	4.192535055918524e-05
ENSG00000145781	4.192352402149064e-05
ENSG00000153208	4.191269811385754e-05
ENSG00000134684	4.190814669780206e-05
ENSG00000119801	4.189695558483946e-05
ENSG00000095574	4.189328006315543e-05
ENSG00000137642	4.189069358639013e-05
ENSG00000111671	4.188888627995977e-05
ENSG00000019549	4.185950796888663e-05
ENSG00000150782	4.1858316268765725e-05
ENSG00000136842	4.182704246954669e-05
ENSG00000196353	4.182560780054771e-05
ENSG00000169621	4.182466990629469e-05
ENSG00000148334	4.1808745866517736e-05
ENSG00000117152	4.180043044136148e-05
ENSG00000076716	4.1797998635808744e-05
ENSG00000162909	4.179479765105223e-05
ENSG00000149657	4.17873697952125e-05
ENSG00000288353	4.177470704738826e-05
ENSG00000117682	4.177347512905795e-05
ENSG00000176387	4.176266127250713e-05
ENSG00000105355	4.175592293238836e-05
ENSG00000120837	4.17484735401667e-05
ENSG00000161980	4.173522673271494e-05
ENSG00000163812	4.1725752972161406e-05
ENSG00000112319	4.1717513232579964e-05
ENSG00000285493	4.1706926223300616e-05
ENSG00000106443	4.169576085745118e-05
ENSG00000178093	4.166155738177116e-05
ENSG00000101236	4.164791837330201e-05
ENSG00000160796	4.163524807355216e-05
ENSG00000179299	4.1624674556448385e-05
ENSG00000103365	4.162179873479236e-05
ENSG00000130147	4.161905594242195e-05
ENSG00000229432	4.161618525061004e-05
ENSG00000103168	4.1613492047262665e-05
ENSG00000163312	4.1598703982097874e-05
ENSG00000155876	4.1596604767269845e-05
ENSG00000164284	4.157803415226118e-05
ENSG00000102034	4.15772947527703e-05
ENSG00000176101	4.157137158591957e-05
ENSG00000105429	4.156813531078853e-05
ENSG00000273562	4.155514114650834e-05
ENSG00000117691	4.1551721002220386e-05
ENSG00000171497	4.1545051214046793e-05
ENSG00000121743	4.153646913826877e-05
ENSG00000101413	4.153618235010221e-05
ENSG00000007541	4.1525939652375725e-05
ENSG00000101986	4.151445158052829e-05
ENSG00000173960	4.148510704843215e-05
ENSG00000180871	4.1482631554362626e-05
ENSG00000163249	4.14824674709924e-05
ENSG00000140968	4.1477107804182074e-05
ENSG00000138801	4.1469957727956104e-05
ENSG00000087299	4.146730071309799e-05
ENSG00000162522	4.145479303883845e-05
ENSG00000243955	4.144498785543164e-05
ENSG00000135441	4.1373664764363915e-05
ENSG00000101347	4.1356120127173496e-05
ENSG00000113638	4.1334875294811885e-05
ENSG00000136153	4.1334572061277825e-05
ENSG00000147724	4.132737485038229e-05
ENSG00000134363	4.1325919880072594e-05
ENSG00000152270	4.131590097102769e-05
ENSG00000148840	4.1312344324573994e-05
ENSG00000149932	4.129461082069698e-05
ENSG00000116221	4.1280989430886646e-05
ENSG00000274205	4.127244263609172e-05
ENSG00000177301	4.126741604134058e-05
ENSG00000084234	4.1264215150495886e-05
ENSG00000125703	4.12326658188952e-05
ENSG00000138029	4.122385666517584e-05
ENSG00000172020	4.122004184037841e-05
ENSG00000106460	4.1191283336779006e-05
ENSG00000085382	4.1176314692847925e-05
ENSG00000148308	4.116801610851312e-05
ENSG00000105176	4.1165804853504945e-05
ENSG00000107140	4.1156596958681404e-05
ENSG00000171487	4.113232236765119e-05
ENSG00000087269	4.111132373557869e-05
ENSG00000166348	4.110354423415483e-05
ENSG00000186838	4.10954055303585e-05
ENSG00000105993	4.107577173738647e-05
ENSG00000196104	4.103702696428021e-05
ENSG00000145819	4.102935124661181e-05
ENSG00000221823	4.102628691728094e-05
ENSG00000166862	4.1020134642268116e-05
ENSG00000260428	4.1018281054211045e-05
ENSG00000106004	4.101597843449086e-05
ENSG00000240694	4.101401112588133e-05
ENSG00000150687	4.0996328516952084e-05
ENSG00000121940	4.096798359043519e-05
ENSG00000168374	4.096713256973905e-05
ENSG00000261609	4.096038268878812e-05
ENSG00000169752	4.0937689543666806e-05
ENSG00000154118	4.093357987121937e-05
ENSG00000100883	4.092573903350234e-05
ENSG00000166974	4.0897210022981535e-05
ENSG00000198203	4.0885374902117365e-05
ENSG00000188747	4.087159254124717e-05
ENSG00000125459	4.086081682015371e-05
ENSG00000119535	4.084454656847271e-05
ENSG00000113161	4.083577432955078e-05
ENSG00000135766	4.0807548599749406e-05
ENSG00000096093	4.0784088829698034e-05
ENSG00000140379	4.077530977573282e-05
ENSG00000198576	4.077276718698387e-05
ENSG00000164828	4.077083390980785e-05
ENSG00000205268	4.075564922366216e-05
ENSG00000130540	4.075212767568692e-05
ENSG00000188848	4.0745404116639915e-05
ENSG00000166716	4.0741670792188006e-05
ENSG00000171450	4.07351502072947e-05
ENSG00000060069	4.0719116788807304e-05
ENSG00000140740	4.070497407993212e-05
ENSG00000288407	4.069988518617078e-05
ENSG00000204138	4.068941569162765e-05
ENSG00000164111	4.067827519769312e-05
ENSG00000019582	4.0674304450949996e-05
ENSG00000141756	4.067122746635599e-05
ENSG00000213366	4.0664524005561126e-05
ENSG00000182253	4.0663269165661575e-05
ENSG00000112659	4.066021913254161e-05
ENSG00000100065	4.0654261143309004e-05
ENSG00000101447	4.065313485770941e-05
ENSG00000121057	4.064413127244444e-05
ENSG00000170965	4.063105123716799e-05
ENSG00000113248	4.061933682910491e-05
ENSG00000197780	4.0615918013514825e-05
ENSG00000135899	4.061434819853624e-05
ENSG00000152422	4.061244878164961e-05
ENSG00000012504	4.060503723769134e-05
ENSG00000141232	4.0603424700726875e-05
ENSG00000170819	4.060076518781666e-05
ENSG00000185024	4.0593265931217526e-05
ENSG00000006210	4.058236881060144e-05
ENSG00000073737	4.0581935435525755e-05
ENSG00000011143	4.056591296470372e-05
ENSG00000167977	4.056416276843675e-05
ENSG00000115963	4.0562441249940566e-05
ENSG00000148444	4.054585743088389e-05
ENSG00000069667	4.0530633197845915e-05
ENSG00000182732	4.050885769824457e-05
ENSG00000155393	4.045803698431275e-05
ENSG00000162664	4.0457965341595854e-05
ENSG00000155858	4.044621696114885e-05
ENSG00000116251	4.0424003665406904e-05
ENSG00000178573	4.0402930812485815e-05
ENSG00000104976	4.037156195600383e-05
ENSG00000109089	4.0358022417871476e-05
ENSG00000110429	4.034520477704692e-05
ENSG00000103150	4.0333674957122225e-05
ENSG00000187054	4.033357245511501e-05
ENSG00000262334	4.032121477804521e-05
ENSG00000139437	4.030933796548957e-05
ENSG00000133818	4.03093270154648e-05
ENSG00000117069	4.0300869577512106e-05
ENSG00000174175	4.0296018751412995e-05
ENSG00000103043	4.029059146589805e-05
ENSG00000159496	4.026981167559668e-05
ENSG00000078687	4.022246409129031e-05
ENSG00000165629	4.019482880927035e-05
ENSG00000025039	4.018071755662733e-05
ENSG00000100417	4.0172279610627946e-05
ENSG00000164167	4.017102371916951e-05
ENSG00000104863	4.016989844113946e-05
ENSG00000164338	4.016483123188564e-05
ENSG00000196505	4.014921538627294e-05
ENSG00000107105	4.014887948692834e-05
ENSG00000135924	4.013982760327e-05
ENSG00000165863	4.0136267479284364e-05
ENSG00000099822	4.011985356063071e-05
ENSG00000000460	4.011026212750956e-05
ENSG00000157087	4.007398732445197e-05
ENSG00000135736	4.005081512013619e-05
ENSG00000284816	4.004543528714048e-05
ENSG00000267978	4.002074320383492e-05
ENSG00000135413	3.9999237124348864e-05
ENSG00000184428	3.999099947528125e-05
ENSG00000129071	3.9976134344321954e-05
ENSG00000130309	3.996860002171152e-05
ENSG00000165138	3.996857743063105e-05
ENSG00000161677	3.995785876708533e-05
ENSG00000077984	3.995567740041139e-05
ENSG00000100014	3.9948032605887125e-05
ENSG00000188372	3.993811398416954e-05
ENSG00000087842	3.9912000019105106e-05
ENSG00000136936	3.98922624195965e-05
ENSG00000124209	3.9881315380783216e-05
ENSG00000076554	3.987889573447766e-05
ENSG00000179094	3.987013864551619e-05
ENSG00000077157	3.986929019047872e-05
ENSG00000077942	3.98664083490644e-05
ENSG00000282928	3.98524517806727e-05
ENSG00000211455	3.9841613968999746e-05
ENSG00000114853	3.983284931438101e-05
ENSG00000166295	3.983241366367393e-05
ENSG00000185798	3.982942561997487e-05
ENSG00000107447	3.982057723031296e-05
ENSG00000198912	3.9817497384252696e-05
ENSG00000164880	3.981572132034068e-05
ENSG00000173976	3.980854970052252e-05
ENSG00000106397	3.980635796731475e-05
ENSG00000164061	3.980498646915837e-05
ENSG00000132467	3.979686199323239e-05
ENSG00000168246	3.979094905347229e-05
ENSG00000163803	3.978861242860856e-05
ENSG00000137976	3.9764277776460024e-05
ENSG00000115159	3.975182240706951e-05
ENSG00000130695	3.9745654747575574e-05
ENSG00000241253	3.974376607685936e-05
ENSG00000136111	3.971193435604236e-05
ENSG00000182022	3.9704607037382015e-05
ENSG00000282905	3.967819109322512e-05
ENSG00000130176	3.966885248572775e-05
ENSG00000129255	3.964700591282161e-05
ENSG00000138642	3.962466794441492e-05
ENSG00000147905	3.96138881237518e-05
ENSG00000168724	3.961186996567311e-05
ENSG00000128789	3.960370469926335e-05
ENSG00000138684	3.960045598902829e-05
ENSG00000113520	3.959224938688213e-05
ENSG00000004776	3.957484924201537e-05
ENSG00000189298	3.9573483692578546e-05
ENSG00000141279	3.9568789676170494e-05
ENSG00000100867	3.9545935113671265e-05
ENSG00000138785	3.953306070341426e-05
ENSG00000155034	3.952695407208683e-05
ENSG00000040199	3.9524146973967945e-05
ENSG00000116350	3.9514813893637695e-05
ENSG00000165678	3.951009390096553e-05
ENSG00000064999	3.950434515400321e-05
ENSG00000006016	3.948230426538856e-05
ENSG00000233801	3.9470789342528236e-05
ENSG00000121570	3.9459818059849004e-05
ENSG00000106246	3.9435568871032994e-05
ENSG00000155629	3.9421059192810695e-05
ENSG00000283068	3.941353345847023e-05
ENSG00000206579	3.9398047486568474e-05
ENSG00000187325	3.938768581181496e-05
ENSG00000102172	3.9385680395737666e-05
ENSG00000171566	3.938280230832076e-05
ENSG00000110245	3.9359123914314235e-05
ENSG00000153391	3.9342355214395994e-05
ENSG00000169962	3.9342087610561015e-05
ENSG00000214113	3.9340151486140715e-05
ENSG00000153956	3.93286479469125e-05
ENSG00000142657	3.9325114922264176e-05
ENSG00000117593	3.9319117558713836e-05
ENSG00000020426	3.931742684166782e-05
ENSG00000179562	3.931394305061129e-05
ENSG00000143537	3.931309975617381e-05
ENSG00000131773	3.9309691874067463e-05
ENSG00000152578	3.928891351504764e-05
ENSG00000078668	3.927268203063401e-05
ENSG00000023909	3.924640175742839e-05
ENSG00000131771	3.9241927683328626e-05
ENSG00000167749	3.921242325076954e-05
ENSG00000148843	3.9207607482190466e-05
ENSG00000115593	3.92075398169895e-05
ENSG00000141026	3.9204567310917305e-05
ENSG00000086619	3.9187747894849454e-05
ENSG00000197912	3.914735919509081e-05
ENSG00000102554	3.914328327747211e-05
ENSG00000121680	3.91145040303965e-05
ENSG00000285248	3.9099628997743986e-05
ENSG00000169297	3.9097419752534646e-05
ENSG00000125741	3.909644907269306e-05
ENSG00000196388	3.9094829947376505e-05
ENSG00000226479	3.9072662297981446e-05
ENSG00000011376	3.905904036546292e-05
ENSG00000143375	3.904194516697703e-05
ENSG00000174963	3.9039353249988414e-05
ENSG00000114738	3.903514389271425e-05
ENSG00000108984	3.902624189493125e-05
ENSG00000155329	3.901209196818083e-05
ENSG00000204271	3.900899828324188e-05
ENSG00000173467	3.8995534678710956e-05
ENSG00000177575	3.8992834706720215e-05
ENSG00000248746	3.898473720253156e-05
ENSG00000143971	3.896786220749001e-05
ENSG00000135390	3.8965580397272076e-05
ENSG00000114859	3.895955779342108e-05
ENSG00000104689	3.894750893415548e-05
ENSG00000132952	3.893188355323281e-05
ENSG00000175946	3.8921673141396345e-05
ENSG00000273889	3.8915588799621035e-05
ENSG00000002919	3.8910555142323094e-05
ENSG00000143847	3.890697478756826e-05
ENSG00000129518	3.8894562549818344e-05
ENSG00000048342	3.8881060462579356e-05
ENSG00000152214	3.88807965663339e-05
ENSG00000037637	3.886059869574762e-05
ENSG00000082996	3.885505152648497e-05
ENSG00000099256	3.885082157682475e-05
ENSG00000170632	3.884999020236967e-05
ENSG00000111252	3.884167100463344e-05
ENSG00000164287	3.883678399440278e-05
ENSG00000283781	3.883336260200628e-05
ENSG00000198171	3.883070547414922e-05
ENSG00000132824	3.8807741052254184e-05
ENSG00000275111	3.8795141686006085e-05
ENSG00000171603	3.878599088924032e-05
ENSG00000172023	3.8765273061446554e-05
ENSG00000142687	3.876470740969133e-05
ENSG00000129484	3.875751036963744e-05
ENSG00000132424	3.8742813560546855e-05
ENSG00000038945	3.87415692653799e-05
ENSG00000143457	3.872594089980264e-05
ENSG00000143858	3.872047855346706e-05
ENSG00000168955	3.871918439303461e-05
ENSG00000203668	3.871604500672422e-05
ENSG00000154917	3.870316281788094e-05
ENSG00000171772	3.869799256460643e-05
ENSG00000115677	3.8683523310611074e-05
ENSG00000151693	3.86676170474672e-05
ENSG00000101391	3.8662922513064084e-05
ENSG00000188761	3.865414309760503e-05
ENSG00000129667	3.864393377004148e-05
ENSG00000136319	3.863707731692641e-05
ENSG00000108523	3.863154266920678e-05
ENSG00000090530	3.8627764170066236e-05
ENSG00000136826	3.862665652230818e-05
ENSG00000058091	3.861301420004679e-05
ENSG00000175130	3.861040780573164e-05
ENSG00000158158	3.860614799967217e-05
ENSG00000152684	3.860550468862849e-05
ENSG00000197892	3.859591703071234e-05
ENSG00000012171	3.8587694785633176e-05
ENSG00000164591	3.8586395786030536e-05
ENSG00000169139	3.8583692233143555e-05
ENSG00000285032	3.858060145098715e-05
ENSG00000196976	3.857935524991628e-05
ENSG00000057294	3.8558886547045065e-05
ENSG00000183479	3.853513188868106e-05
ENSG00000240303	3.851529451544451e-05
ENSG00000214253	3.851304925875805e-05
ENSG00000171823	3.85045445977109e-05
ENSG00000177380	3.8500353454450543e-05
ENSG00000088808	3.8497481810428205e-05
ENSG00000168509	3.848675400764089e-05
ENSG00000183155	3.8475586763124986e-05
ENSG00000137831	3.846577891134303e-05
ENSG00000188379	3.844501683794008e-05
ENSG00000139626	3.8443716798129544e-05
ENSG00000185615	3.844125556030483e-05
ENSG00000143183	3.843604158805163e-05
ENSG00000088298	3.841788500206419e-05
ENSG00000176454	3.8417543288982604e-05
ENSG00000125454	3.840157917740141e-05
ENSG00000152464	3.8393379437402515e-05
ENSG00000177879	3.838539234157785e-05
ENSG00000162374	3.837996667617269e-05
ENSG00000117419	3.837416898461036e-05
ENSG00000131844	3.837050141208164e-05
ENSG00000168765	3.8363956406458816e-05
ENSG00000067445	3.83561652641479e-05
ENSG00000232839	3.835583318084554e-05
ENSG00000074201	3.834836180650536e-05
ENSG00000162849	3.8342180305512504e-05
ENSG00000140022	3.8334733568312054e-05
ENSG00000107104	3.83035324039371e-05
ENSG00000091428	3.829402426294868e-05
ENSG00000090339	3.829134788018808e-05
ENSG00000167671	3.82900466130216e-05
ENSG00000177432	3.827908488294483e-05
ENSG00000126768	3.8255937832791744e-05
ENSG00000135698	3.824951823495794e-05
ENSG00000125508	3.824845503318427e-05
ENSG00000127863	3.824662801895093e-05
ENSG00000243646	3.8243752243597673e-05
ENSG00000085449	3.821407101756319e-05
ENSG00000143013	3.820621539591666e-05
ENSG00000110047	3.819456288171861e-05
ENSG00000159164	3.8188947087124865e-05
ENSG00000128510	3.81869012039421e-05
ENSG00000108799	3.8174289769912035e-05
ENSG00000169020	3.8173820993801705e-05
ENSG00000065618	3.8171696966851356e-05
ENSG00000124155	3.8161301038925554e-05
ENSG00000198369	3.8157733488150006e-05
ENSG00000163584	3.8139313069815496e-05
ENSG00000185658	3.8131596259937025e-05
ENSG00000164953	3.812000829332386e-05
ENSG00000165125	3.8108819771766516e-05
ENSG00000100271	3.8106522352706415e-05
ENSG00000132141	3.810050321956963e-05
ENSG00000112041	3.809279804895418e-05
ENSG00000128242	3.808370965343969e-05
ENSG00000135077	3.805987483342678e-05
ENSG00000172367	3.803710209303189e-05
ENSG00000138686	3.803252141603138e-05
ENSG00000124507	3.803153113372761e-05
ENSG00000160182	3.8008934265928834e-05
ENSG00000258643	3.8005823753135284e-05
ENSG00000139445	3.8002447841814475e-05
ENSG00000114631	3.797963527878111e-05
ENSG00000105186	3.796905022647903e-05
ENSG00000164209	3.796689318886312e-05
ENSG00000135972	3.796493954222125e-05
ENSG00000000971	3.7958346914131636e-05
ENSG00000161513	3.7938539999652376e-05
ENSG00000143727	3.7934607001382134e-05
ENSG00000094841	3.7924304567944275e-05
ENSG00000165192	3.7918846226125155e-05
ENSG00000147465	3.7894763482014284e-05
ENSG00000160072	3.7888002586594615e-05
ENSG00000284850	3.7877567036243125e-05
ENSG00000138379	3.7864369353285636e-05
ENSG00000106100	3.7817720155459376e-05
ENSG00000110169	3.781103972253989e-05
ENSG00000111537	3.780796101553133e-05
ENSG00000008441	3.7795469351616064e-05
ENSG00000155265	3.778558257614942e-05
ENSG00000102302	3.775214588637391e-05
ENSG00000130559	3.7745021631727285e-05
ENSG00000198574	3.774137802879025e-05
ENSG00000179041	3.773124986429338e-05
ENSG00000172116	3.770727587992043e-05
ENSG00000101365	3.7688106940191696e-05
ENSG00000266074	3.767540328309772e-05
ENSG00000156453	3.767004729849954e-05
ENSG00000047188	3.767003026663482e-05
ENSG00000108406	3.766245945494448e-05
ENSG00000115107	3.760126299240702e-05
ENSG00000187151	3.759746968122649e-05
ENSG00000186265	3.758979107872932e-05
ENSG00000157107	3.75716665140702e-05
ENSG00000118432	3.756932500728592e-05
ENSG00000165495	3.756299942042309e-05
ENSG00000241186	3.754869293764198e-05
ENSG00000165806	3.750960257301828e-05
ENSG00000110080	3.749502215516317e-05
ENSG00000170485	3.749323675885808e-05
ENSG00000181007	3.749071081856309e-05
ENSG00000160753	3.748576147095027e-05
ENSG00000164128	3.7483168054233635e-05
ENSG00000171401	3.747548891136095e-05
ENSG00000108691	3.747524425276457e-05
ENSG00000136827	3.747438849629912e-05
ENSG00000152213	3.746608637688501e-05
ENSG00000144191	3.7461482328002305e-05
ENSG00000073008	3.745029978461655e-05
ENSG00000145365	3.743287834128786e-05
ENSG00000130783	3.7428080920371906e-05
ENSG00000104131	3.7409444372353835e-05
ENSG00000167291	3.7407376818231304e-05
ENSG00000133454	3.739744805802935e-05
ENSG00000148346	3.739088046963714e-05
ENSG00000182325	3.737689437291656e-05
ENSG00000169155	3.734069762048915e-05
ENSG00000188293	3.728767552020414e-05
ENSG00000111816	3.7246127255734794e-05
ENSG00000157954	3.724569916486857e-05
ENSG00000176401	3.722265366025108e-05
ENSG00000113327	3.7197138461600614e-05
ENSG00000107331	3.719608707246531e-05
ENSG00000172766	3.7170002619999004e-05
ENSG00000163472	3.716828089839043e-05
ENSG00000203710	3.716779827052427e-05
ENSG00000186442	3.716121189909026e-05
ENSG00000166869	3.715295488587031e-05
ENSG00000229117	3.715171375465793e-05
ENSG00000274429	3.715047769518754e-05
ENSG00000284137	3.714540092467799e-05
ENSG00000170236	3.7136091592406644e-05
ENSG00000070501	3.7128022431155635e-05
ENSG00000189334	3.712755365789123e-05
ENSG00000136155	3.711616407382567e-05
ENSG00000129250	3.710808308896416e-05
ENSG00000143742	3.7086468487856484e-05
ENSG00000188493	3.708544095731965e-05
ENSG00000070882	3.708364629933723e-05
ENSG00000007174	3.7067830242185964e-05
ENSG00000114638	3.7038116116183394e-05
ENSG00000127993	3.700485162308273e-05
ENSG00000156886	3.699902322214365e-05
ENSG00000058262	3.699775431237327e-05
ENSG00000144485	3.699120752909777e-05
ENSG00000107281	3.6990172986691916e-05
ENSG00000264522	3.698209766786833e-05
ENSG00000274513	3.6971739002277526e-05
ENSG00000137054	3.6966663521081705e-05
ENSG00000064199	3.694462295410027e-05
ENSG00000133195	3.692158104186064e-05
ENSG00000104154	3.689703256869096e-05
ENSG00000165792	3.689127057128246e-05
ENSG00000102100	3.6886991860868387e-05
ENSG00000119777	3.6876540567321934e-05
ENSG00000118263	3.6875466624467996e-05
ENSG00000167118	3.6873217037858223e-05
ENSG00000147526	3.686359840431037e-05
ENSG00000128422	3.685314193276884e-05
ENSG00000119396	3.68513782475946e-05
ENSG00000095564	3.684405429845856e-05
ENSG00000269858	3.6826739666284076e-05
ENSG00000164919	3.6812217842390556e-05
ENSG00000130347	3.680058378762214e-05
ENSG00000106605	3.6795216303498146e-05
ENSG00000122970	3.678380542205706e-05
ENSG00000142544	3.677086137235223e-05
ENSG00000107719	3.676507954360664e-05
ENSG00000215114	3.6751585548979774e-05
ENSG00000182541	3.6751044274648876e-05
ENSG00000198888	3.674044706138342e-05
ENSG00000135090	3.673954536200458e-05
ENSG00000151079	3.6739410439194826e-05
ENSG00000136848	3.670945112426906e-05
ENSG00000164574	3.6699018973180105e-05
ENSG00000135476	3.669578158668867e-05
ENSG00000109158	3.668239075329685e-05
ENSG00000155252	3.66784790242529e-05
ENSG00000203780	3.664317314174364e-05
ENSG00000164576	3.662769896414579e-05
ENSG00000114279	3.662137402220099e-05
ENSG00000136231	3.661009054790517e-05
ENSG00000274247	3.66023834807843e-05
ENSG00000120647	3.658797640834594e-05
ENSG00000111775	3.653831077820456e-05
ENSG00000112186	3.65361671241504e-05
ENSG00000221926	3.652078998543975e-05
ENSG00000102245	3.648129527707594e-05
ENSG00000162399	3.647279103042668e-05
ENSG00000116898	3.6472358285044976e-05
ENSG00000196136	3.6460178678258455e-05
ENSG00000122786	3.645326928071456e-05
ENSG00000128609	3.643711850878319e-05
ENSG00000169071	3.643693254936362e-05
ENSG00000141542	3.6424149131577024e-05
ENSG00000158828	3.641503044024882e-05
ENSG00000105327	3.64122756978518e-05
ENSG00000189180	3.639845074522338e-05
ENSG00000105855	3.637755407827897e-05
ENSG00000177200	3.637734848917121e-05
ENSG00000130758	3.6363087667072356e-05
ENSG00000000419	3.6332648407877646e-05
ENSG00000048392	3.632230708807722e-05
ENSG00000148798	3.631043402290302e-05
ENSG00000069011	3.629591694808107e-05
ENSG00000162910	3.6289588539986756e-05
ENSG00000112115	3.628816504487098e-05
ENSG00000162630	3.6278727057032174e-05
ENSG00000150768	3.6268269914135095e-05
ENSG00000147166	3.626435599959461e-05
ENSG00000183023	3.625979416377747e-05
ENSG00000180806	3.6259618846647524e-05
ENSG00000160179	3.625684415662006e-05
ENSG00000213190	3.6250796807620956e-05
ENSG00000178741	3.623043842621508e-05
ENSG00000113328	3.6212872527454596e-05
ENSG00000100077	3.619142107224948e-05
ENSG00000158604	3.617071655590839e-05
ENSG00000164985	3.616805797513641e-05
ENSG00000109832	3.616450558681503e-05
ENSG00000183638	3.6162267944541694e-05
ENSG00000159348	3.6161898282831224e-05
ENSG00000178974	3.615852330626022e-05
ENSG00000125247	3.6157093500494e-05
ENSG00000137207	3.613790347712168e-05
ENSG00000178732	3.613488584194281e-05
ENSG00000176788	3.6126574072622677e-05
ENSG00000284571	3.612474006233992e-05
ENSG00000119938	3.612096633980811e-05
ENSG00000173334	3.611269863796921e-05
ENSG00000102003	3.6096390210968926e-05
ENSG00000151702	3.609595017420217e-05
ENSG00000164082	3.608540065014717e-05
ENSG00000123106	3.607752736254041e-05
ENSG00000139625	3.603158531869147e-05
ENSG00000116032	3.60169488938008e-05
ENSG00000157734	3.601287228698902e-05
ENSG00000023041	3.6011842915331926e-05
ENSG00000149485	3.599496817231815e-05
ENSG00000100836	3.599305846335643e-05
ENSG00000228083	3.599159285200543e-05
ENSG00000160959	3.596189069094365e-05
ENSG00000115687	3.595867753130555e-05
ENSG00000152207	3.595789787630683e-05
ENSG00000118946	3.5930970327037466e-05
ENSG00000178372	3.5921295666291686e-05
ENSG00000162430	3.5913573963453974e-05
ENSG00000116685	3.591072826416413e-05
ENSG00000204941	3.587989217329023e-05
ENSG00000139725	3.5877890988987636e-05
ENSG00000140105	3.587768035069562e-05
ENSG00000012124	3.586556766378742e-05
ENSG00000121417	3.5864020663654e-05
ENSG00000198223	3.585565562875498e-05
ENSG00000120992	3.585472096597164e-05
ENSG00000065833	3.5851589859172993e-05
ENSG00000138039	3.58460045657671e-05
ENSG00000122188	3.583081947403047e-05
ENSG00000166136	3.582965100431805e-05
ENSG00000203618	3.581396337039596e-05
ENSG00000163412	3.580429857443786e-05
ENSG00000171703	3.5787000595854036e-05
ENSG00000139722	3.578642655936886e-05
ENSG00000186318	3.578351016084676e-05
ENSG00000119402	3.577935250739871e-05
ENSG00000080224	3.575656603474553e-05
ENSG00000164405	3.575471543673791e-05
ENSG00000262826	3.574744846577761e-05
ENSG00000167565	3.573399695960435e-05
ENSG00000166165	3.5731483103397686e-05
ENSG00000131115	3.570682143697913e-05
ENSG00000138698	3.569466388140116e-05
ENSG00000151532	3.5668318593323555e-05
ENSG00000141682	3.566786124083939e-05
ENSG00000170836	3.5635349039192345e-05
ENSG00000110711	3.5633332992660006e-05
ENSG00000138767	3.56286107060184e-05
ENSG00000064042	3.5619348894730705e-05
ENSG00000197045	3.561106542834278e-05
ENSG00000137941	3.560385571520482e-05
ENSG00000144426	3.557226616311843e-05
ENSG00000135409	3.555399446988962e-05
ENSG00000154415	3.554643591332818e-05
ENSG00000145390	3.553818293411994e-05
ENSG00000105369	3.5528628626460717e-05
ENSG00000146833	3.551730582717923e-05
ENSG00000175093	3.5513267433122085e-05
ENSG00000169946	3.5509652031621385e-05
ENSG00000102908	3.54920968006738e-05
ENSG00000165556	3.549174655510907e-05
ENSG00000180879	3.547930675616711e-05
ENSG00000167700	3.547802937761162e-05
ENSG00000102195	3.546795062209715e-05
ENSG00000174483	3.546248786080837e-05
ENSG00000138758	3.544336359105595e-05
ENSG00000005882	3.543114110887428e-05
ENSG00000126249	3.543028131880945e-05
ENSG00000113302	3.542820682297904e-05
ENSG00000139874	3.541716149459916e-05
ENSG00000277733	3.5402560835179205e-05
ENSG00000124333	3.5396624369032026e-05
ENSG00000128253	3.5394125668970707e-05
ENSG00000180447	3.539407528430281e-05
ENSG00000180098	3.5371782707650765e-05
ENSG00000103356	3.535768498625487e-05
ENSG00000104870	3.5336592224295085e-05
ENSG00000151498	3.533415074341506e-05
ENSG00000184588	3.532838854143379e-05
ENSG00000077458	3.532591056014724e-05
ENSG00000115041	3.5314999323554314e-05
ENSG00000185774	3.5314924449351794e-05
ENSG00000171345	3.529394237194693e-05
ENSG00000064270	3.528158930916452e-05
ENSG00000113088	3.5280998399833254e-05
ENSG00000138395	3.5272988177234556e-05
ENSG00000168280	3.526638051175847e-05
ENSG00000176746	3.526198185811755e-05
ENSG00000145293	3.5241414402367866e-05
ENSG00000186395	3.5231371178710274e-05
ENSG00000120254	3.521593565663461e-05
ENSG00000140521	3.5213712871299144e-05
ENSG00000162928	3.520940020537858e-05
ENSG00000151092	3.520784555452968e-05
ENSG00000108688	3.5190756141131154e-05
ENSG00000092421	3.518331016996838e-05
ENSG00000231924	3.516252052151206e-05
ENSG00000013619	3.515526899472972e-05
ENSG00000163754	3.5154677670928185e-05
ENSG00000092020	3.5149138424360216e-05
ENSG00000155511	3.5142473361912395e-05
ENSG00000141098	3.5135353596179614e-05
ENSG00000161798	3.511780695329644e-05
ENSG00000158480	3.5106033986359854e-05
ENSG00000205356	3.510077676935875e-05
ENSG00000149089	3.505228329794384e-05
ENSG00000175344	3.504707444604034e-05
ENSG00000076356	3.5046558658333735e-05
ENSG00000106948	3.502428998113395e-05
ENSG00000076641	3.5015148015309376e-05
ENSG00000034510	3.5007411773964324e-05
ENSG00000171466	3.496723305211981e-05
ENSG00000159399	3.496570195339611e-05
ENSG00000136159	3.496164546393537e-05
ENSG00000178409	3.495054422135006e-05
ENSG00000007545	3.4949068121335253e-05
ENSG00000165188	3.494881510188668e-05
ENSG00000167173	3.494356720417242e-05
ENSG00000168995	3.494245476795467e-05
ENSG00000068120	3.494171604375467e-05
ENSG00000141905	3.49240498428794e-05
ENSG00000077420	3.4923603615286725e-05
ENSG00000100461	3.492258464776065e-05
ENSG00000167578	3.4895235191616e-05
ENSG00000151640	3.48932459781031e-05
ENSG00000163464	3.488965705676685e-05
ENSG00000086189	3.488541676333871e-05
ENSG00000150637	3.487489210198703e-05
ENSG00000105971	3.485558817924215e-05
ENSG00000104313	3.485043206110596e-05
ENSG00000138101	3.483797753762244e-05
ENSG00000105419	3.4834644363826455e-05
ENSG00000242802	3.4820846557732594e-05
ENSG00000099204	3.481465464871842e-05
ENSG00000052841	3.479065716060235e-05
ENSG00000171700	3.478667168973653e-05
ENSG00000104880	3.477832003469192e-05
ENSG00000148468	3.473417866714372e-05
ENSG00000133612	3.4694944284830494e-05
ENSG00000115073	3.469462957947165e-05
ENSG00000151327	3.4694184613374606e-05
ENSG00000186907	3.468647999426054e-05
ENSG00000143257	3.4666890075152515e-05
ENSG00000198937	3.4659587241274415e-05
ENSG00000124782	3.4655148438501975e-05
ENSG00000167850	3.464583069308212e-05
ENSG00000099219	3.464057579222487e-05
ENSG00000143374	3.462923144117254e-05
ENSG00000110057	3.461276548401194e-05
ENSG00000221869	3.4612151298299694e-05
ENSG00000171316	3.458219124706108e-05
ENSG00000166557	3.455356318495808e-05
ENSG00000161217	3.455237941034365e-05
ENSG00000007402	3.453973212425824e-05
ENSG00000174607	3.453349182079023e-05
ENSG00000167613	3.450053913428501e-05
ENSG00000052749	3.4481680029351315e-05
ENSG00000137166	3.446858466460557e-05
ENSG00000092148	3.446223274986063e-05
ENSG00000165271	3.4451372541017836e-05
ENSG00000105227	3.443382330669558e-05
ENSG00000230900	3.443349578151604e-05
ENSG00000174013	3.4418527512223344e-05
ENSG00000196155	3.440383961531058e-05
ENSG00000134109	3.4391033648479216e-05
ENSG00000081277	3.438383764913537e-05
ENSG00000070061	3.437545959930981e-05
ENSG00000198363	3.437464579329136e-05
ENSG00000086015	3.437154839831062e-05
ENSG00000160214	3.435849517220832e-05
ENSG00000149792	3.433384401312986e-05
ENSG00000132405	3.433137161265248e-05
ENSG00000151883	3.430721891565516e-05
ENSG00000109466	3.430277802708243e-05
ENSG00000239264	3.429185088436867e-05
ENSG00000188782	3.42858426111448e-05
ENSG00000109861	3.427795712284364e-05
ENSG00000101444	3.4267813273817616e-05
ENSG00000111716	3.426716861618046e-05
ENSG00000181991	3.4256399748124344e-05
ENSG00000054654	3.4244310395521785e-05
ENSG00000113068	3.4238175138705526e-05
ENSG00000155850	3.419795098539026e-05
ENSG00000182871	3.4178482072751106e-05
ENSG00000144852	3.416356030371372e-05
ENSG00000088367	3.413453037433558e-05
ENSG00000162517	3.4120670113453454e-05
ENSG00000154040	3.4100212178801725e-05
ENSG00000132294	3.41001182671156e-05
ENSG00000162624	3.4089543338547316e-05
ENSG00000188878	3.4073046363099914e-05
ENSG00000008277	3.407030154913085e-05
ENSG00000183010	3.406745236860316e-05
ENSG00000105879	3.406519675614312e-05
ENSG00000185838	3.406417520430583e-05
ENSG00000168081	3.405291277220386e-05
ENSG00000137573	3.404021928635373e-05
ENSG00000197530	3.403226929619435e-05
ENSG00000158748	3.402014833153018e-05
ENSG00000131370	3.401509371431326e-05
ENSG00000105989	3.400025628309581e-05
ENSG00000140545	3.398920258600772e-05
ENSG00000119411	3.3984047603662554e-05
ENSG00000285281	3.398394014575279e-05
ENSG00000141562	3.397922943693472e-05
ENSG00000154710	3.397557315275105e-05
ENSG00000083535	3.397557108640106e-05
ENSG00000144152	3.397046316344298e-05
ENSG00000053501	3.3966689070410845e-05
ENSG00000080603	3.396666546137954e-05
ENSG00000170899	3.396546763288085e-05
ENSG00000174156	3.396546763288085e-05
ENSG00000164399	3.395991536348658e-05
ENSG00000169019	3.395860120304069e-05
ENSG00000145649	3.393962299287622e-05
ENSG00000100084	3.393405103632827e-05
ENSG00000152147	3.390938003514372e-05
ENSG00000107611	3.389908150303778e-05
ENSG00000169213	3.388832783979528e-05
ENSG00000135124	3.387820911902043e-05
ENSG00000158220	3.3874436417000135e-05
ENSG00000149231	3.387414009197317e-05
ENSG00000242265	3.3854139524702526e-05
ENSG00000103978	3.384155258651138e-05
ENSG00000132026	3.3838912298228386e-05
ENSG00000076864	3.3826206396020444e-05
ENSG00000117525	3.381759761932928e-05
ENSG00000145358	3.3816900106609754e-05
ENSG00000237335	3.381339735780068e-05
ENSG00000160813	3.379883241553566e-05
ENSG00000197375	3.3790563603536345e-05
ENSG00000152061	3.3784452306415534e-05
ENSG00000103056	3.378138786602118e-05
ENSG00000124659	3.378074699365761e-05
ENSG00000164291	3.3778216966788225e-05
ENSG00000184895	3.376965096651793e-05
ENSG00000182831	3.3752530122943486e-05
ENSG00000120278	3.3739415278053444e-05
ENSG00000003096	3.373579850272082e-05
ENSG00000134594	3.3718182269990636e-05
ENSG00000112514	3.3716467974880554e-05
ENSG00000070010	3.37073591185071e-05
ENSG00000198929	3.3702984809008976e-05
ENSG00000183779	3.369795386070234e-05
ENSG00000198783	3.3691035022928134e-05
ENSG00000100448	3.366825113195154e-05
ENSG00000143498	3.365586080148021e-05
ENSG00000152382	3.365355743402483e-05
ENSG00000122140	3.364895127021749e-05
ENSG00000203867	3.364401794658273e-05
ENSG00000140307	3.364384381023012e-05
ENSG00000101004	3.3642264761564846e-05
ENSG00000030304	3.364013929307868e-05
ENSG00000124942	3.363030798958164e-05
ENSG00000170967	3.3628376125247305e-05
ENSG00000183049	3.360645193344818e-05
ENSG00000140505	3.359536527847489e-05
ENSG00000161920	3.3590675849856754e-05
ENSG00000071994	3.358530587804505e-05
ENSG00000111732	3.3578087147752945e-05
ENSG00000154016	3.357415848730535e-05
ENSG00000134508	3.3571104374201035e-05
ENSG00000111796	3.356135557172676e-05
ENSG00000106665	3.355728627976222e-05
ENSG00000168754	3.354021677973562e-05
ENSG00000072135	3.353653282595104e-05
ENSG00000177143	3.3525913373730634e-05
ENSG00000125458	3.352336704304563e-05
ENSG00000091039	3.351170234148758e-05
ENSG00000043093	3.3508476531838124e-05
ENSG00000188095	3.350515871921535e-05
ENSG00000183856	3.349711325517572e-05
ENSG00000102531	3.348436792881601e-05
ENSG00000137100	3.346996560428083e-05
ENSG00000168329	3.3457842483956034e-05
ENSG00000164761	3.3452949736107254e-05
ENSG00000134779	3.34497671142521e-05
ENSG00000065000	3.3449541978047265e-05
ENSG00000073792	3.344879386080135e-05
ENSG00000124334	3.3443001734939305e-05
ENSG00000276051	3.344117216140584e-05
ENSG00000139641	3.3414122157683744e-05
ENSG00000099326	3.340520253289283e-05
ENSG00000129682	3.3397787907360645e-05
ENSG00000188158	3.339017430368119e-05
ENSG00000065413	3.3389713809907126e-05
ENSG00000158874	3.3374819945621446e-05
ENSG00000163281	3.3351482683373414e-05
ENSG00000165030	3.3315859988062807e-05
ENSG00000163660	3.331353904850547e-05
ENSG00000031698	3.331300583138843e-05
ENSG00000170448	3.331289651857126e-05
ENSG00000122367	3.33003447122726e-05
ENSG00000066136	3.330027318719409e-05
ENSG00000108306	3.3299416384644626e-05
ENSG00000006747	3.3288190227004515e-05
ENSG00000131503	3.328208574821587e-05
ENSG00000197265	3.327676940934437e-05
ENSG00000024422	3.327581825748539e-05
ENSG00000275272	3.3255172027405056e-05
ENSG00000137875	3.32540031419433e-05
ENSG00000184408	3.32381183964886e-05
ENSG00000114204	3.3231995738425023e-05
ENSG00000161999	3.322108610811004e-05
ENSG00000110693	3.320348587181241e-05
ENSG00000276230	3.319577505888887e-05
ENSG00000244607	3.3194409025995475e-05
ENSG00000165502	3.318463404135325e-05
ENSG00000167306	3.3184479315605814e-05
ENSG00000130208	3.317912338327093e-05
ENSG00000137094	3.3167497501806755e-05
ENSG00000198466	3.3167330370638374e-05
ENSG00000039560	3.3156736030791354e-05
ENSG00000143418	3.3156304210714506e-05
ENSG00000146276	3.3154863473716907e-05
ENSG00000134775	3.3154863473716907e-05
ENSG00000184939	3.315283198985856e-05
ENSG00000167799	3.311387062161559e-05
ENSG00000146592	3.3093070286211004e-05
ENSG00000118804	3.307446404244937e-05
ENSG00000150779	3.306686106168937e-05
ENSG00000198933	3.304942539860149e-05
ENSG00000156853	3.304453458278936e-05
ENSG00000105254	3.304399850770953e-05
ENSG00000105426	3.304252188294721e-05
ENSG00000196296	3.3042134948314364e-05
ENSG00000106927	3.302717587107912e-05
ENSG00000242173	3.301483269118875e-05
ENSG00000196866	3.3009726215952074e-05
ENSG00000182197	3.300366667203963e-05
ENSG00000166592	3.2998535468695675e-05
ENSG00000092067	3.2996553325253516e-05
ENSG00000156234	3.297881424739628e-05
ENSG00000154743	3.297141602126836e-05
ENSG00000100219	3.2969073295297114e-05
ENSG00000184047	3.295244696570809e-05
ENSG00000169248	3.29456594092087e-05
ENSG00000178188	3.2940603231698066e-05
ENSG00000169018	3.29163062409716e-05
ENSG00000170185	3.291370697789733e-05
ENSG00000164695	3.290313130991608e-05
ENSG00000206203	3.290273960800255e-05
ENSG00000283447	3.290048484416288e-05
ENSG00000165626	3.28889530305451e-05
ENSG00000174227	3.288310458023999e-05
ENSG00000150593	3.2880222512457085e-05
ENSG00000013563	3.287780294081043e-05
ENSG00000102547	3.2871444671519154e-05
ENSG00000164053	3.286810642493685e-05
ENSG00000187051	3.286459187557403e-05
ENSG00000141052	3.28571375778053e-05
ENSG00000103253	3.284830628159525e-05
ENSG00000170264	3.283754011206595e-05
ENSG00000110786	3.2831537540497694e-05
ENSG00000153558	3.2819157679991045e-05
ENSG00000141639	3.281692133377739e-05
ENSG00000101871	3.281567937519986e-05
ENSG00000087086	3.280777996291745e-05
ENSG00000128886	3.2807685596500205e-05
ENSG00000072422	3.279931126737829e-05
ENSG00000006453	3.279370338852173e-05
ENSG00000113532	3.279335668105082e-05
ENSG00000169704	3.279086052765196e-05
ENSG00000187713	3.279012964441298e-05
ENSG00000136682	3.278973624269774e-05
ENSG00000136935	3.278656417918165e-05
ENSG00000110435	3.278566844702678e-05
ENSG00000116147	3.2775642184972405e-05
ENSG00000181965	3.277441619937083e-05
ENSG00000105767	3.2756677098749915e-05
ENSG00000146216	3.274799388063143e-05
ENSG00000163346	3.2710172513807076e-05
ENSG00000141556	3.269140608739865e-05
ENSG00000159069	3.2687800817487776e-05
ENSG00000166407	3.2668366108096435e-05
ENSG00000157827	3.266471237109392e-05
ENSG00000173599	3.266460399791163e-05
ENSG00000005801	3.2661167845687704e-05
ENSG00000173848	3.2647910570523294e-05
ENSG00000131941	3.2639766273871846e-05
ENSG00000282986	3.263895229809743e-05
ENSG00000258429	3.263579003046879e-05
ENSG00000100592	3.262188913036544e-05
ENSG00000102580	3.257109574649649e-05
ENSG00000163611	3.25589393514475e-05
ENSG00000162378	3.2547335731777826e-05
ENSG00000105141	3.2532871572074976e-05
ENSG00000169174	3.252430835375977e-05
ENSG00000197622	3.2506465565512395e-05
ENSG00000057593	3.249647135642084e-05
ENSG00000033011	3.2490530007924995e-05
ENSG00000109854	3.248390903907251e-05
ENSG00000066557	3.248135310083379e-05
ENSG00000164535	3.24812299207654e-05
ENSG00000154734	3.24775148025362e-05
ENSG00000255150	3.24644143870235e-05
ENSG00000198887	3.245514226793363e-05
ENSG00000163110	3.243570851782432e-05
ENSG00000165006	3.243515050280439e-05
ENSG00000133789	3.242834347515318e-05
ENSG00000162396	3.2411032185535844e-05
ENSG00000090971	3.240210163522223e-05
ENSG00000168288	3.239922192252633e-05
ENSG00000100319	3.238121687927203e-05
ENSG00000178726	3.2374387367303035e-05
ENSG00000018510	3.2367599958687416e-05
ENSG00000174276	3.235932782861139e-05
ENSG00000231377	3.233312904080055e-05
ENSG00000161204	3.232979540781363e-05
ENSG00000152670	3.232095175729308e-05
ENSG00000143369	3.23194712271e-05
ENSG00000183979	3.231125282232368e-05
ENSG00000183971	3.231125282232368e-05
ENSG00000196935	3.230598731697952e-05
ENSG00000181754	3.230023995623977e-05
ENSG00000162390	3.2287177722976585e-05
ENSG00000152208	3.227796678445805e-05
ENSG00000139921	3.227249004163964e-05
ENSG00000218336	3.226713161408128e-05
ENSG00000112425	3.2265963160722263e-05
ENSG00000196950	3.2261099976857706e-05
ENSG00000104081	3.2258449056290845e-05
ENSG00000197024	3.2239516751080376e-05
ENSG00000132773	3.2234991626407916e-05
ENSG00000186074	3.2231367891808445e-05
ENSG00000137975	3.222148580214979e-05
ENSG00000173145	3.221508840409789e-05
ENSG00000250565	3.220151762707944e-05
ENSG00000126107	3.219356262117523e-05
ENSG00000168811	3.219214710964422e-05
ENSG00000127928	3.21767699356219e-05
ENSG00000172348	3.215678985516805e-05
ENSG00000186635	3.2128910269226336e-05
ENSG00000047457	3.2127740170056796e-05
ENSG00000184990	3.212020442101429e-05
ENSG00000160856	3.211762882048171e-05
ENSG00000132275	3.211184520039107e-05
ENSG00000081692	3.208526907128158e-05
ENSG00000082153	3.2061637627957084e-05
ENSG00000135521	3.205316566541121e-05
ENSG00000128408	3.203925220410135e-05
ENSG00000165572	3.203072618332892e-05
ENSG00000089639	3.201952628820511e-05
ENSG00000198722	3.201093429590606e-05
ENSG00000165637	3.200853872041462e-05
ENSG00000197702	3.19996053976181e-05
ENSG00000102858	3.199771386063403e-05
ENSG00000134539	3.199173216684954e-05
ENSG00000158106	3.199061891724847e-05
ENSG00000134216	3.1979947114086546e-05
ENSG00000104549	3.194363567799801e-05
ENSG00000164975	3.194257354876512e-05
ENSG00000104290	3.192751546383412e-05
ENSG00000170145	3.1909671210243184e-05
ENSG00000187959	3.1886781199057183e-05
ENSG00000103145	3.188593703705027e-05
ENSG00000233816	3.1885745591052545e-05
ENSG00000129646	3.1881730373620025e-05
ENSG00000162959	3.187740223684846e-05
ENSG00000109572	3.1876182588106396e-05
ENSG00000128590	3.187612303098077e-05
ENSG00000130703	3.186154198576615e-05
ENSG00000179163	3.185094329227618e-05
ENSG00000198276	3.1833512957825194e-05
ENSG00000101439	3.1831529768663075e-05
ENSG00000012211	3.18228687131097e-05
ENSG00000171847	3.180376447902403e-05
ENSG00000204103	3.18017138431529e-05
ENSG00000058866	3.179170457735443e-05
ENSG00000173208	3.17869153770427e-05
ENSG00000099889	3.1780394990477315e-05
ENSG00000248144	3.178027847531038e-05
ENSG00000010322	3.177722500265939e-05
ENSG00000141101	3.177454872761196e-05
ENSG00000177082	3.1766601376718064e-05
ENSG00000234545	3.1746965632021986e-05
ENSG00000164674	3.173382536418293e-05
ENSG00000100994	3.1712023669228826e-05
ENSG00000118363	3.169932772243164e-05
ENSG00000276231	3.169457872576984e-05
ENSG00000133107	3.169255083654161e-05
ENSG00000159445	3.165891069054559e-05
ENSG00000189337	3.1657372532815514e-05
ENSG00000158417	3.165214574758769e-05
ENSG00000146755	3.164913540893737e-05
ENSG00000155897	3.163536556173539e-05
ENSG00000167785	3.163344120136519e-05
ENSG00000131591	3.1632419963671496e-05
ENSG00000066629	3.1631995532134515e-05
ENSG00000124783	3.163115998995309e-05
ENSG00000135439	3.1630554987444666e-05
ENSG00000213380	3.161474239144108e-05
ENSG00000134812	3.1613604390562083e-05
ENSG00000196092	3.1602231012611946e-05
ENSG00000101200	3.160162720373376e-05
ENSG00000138587	3.1596618330888905e-05
ENSG00000244754	3.1594586498978096e-05
ENSG00000124508	3.159446321625732e-05
ENSG00000221866	3.159135312894787e-05
ENSG00000166670	3.158388315451849e-05
ENSG00000196338	3.157330752332737e-05
ENSG00000198055	3.15725640572255e-05
ENSG00000284944	3.156570395721007e-05
ENSG00000111674	3.155036309914566e-05
ENSG00000276799	3.152931568726103e-05
ENSG00000149016	3.152548554992123e-05
ENSG00000276996	3.151902879512632e-05
ENSG00000186732	3.150023903717514e-05
ENSG00000096872	3.149224852396693e-05
ENSG00000049323	3.1481021676422876e-05
ENSG00000138835	3.147958731662165e-05
ENSG00000134321	3.147825213398923e-05
ENSG00000164080	3.147516417523908e-05
ENSG00000101856	3.147461990155091e-05
ENSG00000184979	3.144849487770048e-05
ENSG00000171100	3.14261424772943e-05
ENSG00000141316	3.141115878679936e-05
ENSG00000117335	3.140671331588795e-05
ENSG00000092068	3.138870371423397e-05
ENSG00000066933	3.1387844244105935e-05
ENSG00000188312	3.1387684774766685e-05
ENSG00000058335	3.1374092008787784e-05
ENSG00000185479	3.136483734090455e-05
ENSG00000115267	3.1359404784031e-05
ENSG00000173272	3.134903700631025e-05
ENSG00000249139	3.134040598805662e-05
ENSG00000151835	3.133926838884442e-05
ENSG00000170860	3.132355549594003e-05
ENSG00000206072	3.131098579005957e-05
ENSG00000151233	3.130645691540056e-05
ENSG00000064651	3.130628528842947e-05
ENSG00000079385	3.130599685141969e-05
ENSG00000275023	3.130463026304106e-05
ENSG00000177853	3.1303580661142136e-05
ENSG00000106400	3.1302480026856277e-05
ENSG00000115386	3.1291774590296495e-05
ENSG00000116678	3.127582138024583e-05
ENSG00000165512	3.127194089233847e-05
ENSG00000186897	3.127112941340945e-05
ENSG00000129116	3.126954161572834e-05
ENSG00000166401	3.126832369494276e-05
ENSG00000072506	3.125835635588827e-05
ENSG00000158486	3.125523123074169e-05
ENSG00000166947	3.124756008910401e-05
ENSG00000081087	3.124194870630625e-05
ENSG00000140650	3.123621357185126e-05
ENSG00000145088	3.1227326563553954e-05
ENSG00000143164	3.122713424794866e-05
ENSG00000023839	3.120189809578766e-05
ENSG00000198720	3.1194124056522514e-05
ENSG00000011523	3.1184991505723355e-05
ENSG00000142235	3.1183322408286235e-05
ENSG00000139910	3.1153481011310526e-05
ENSG00000163840	3.114170367804383e-05
ENSG00000178078	3.113831383241434e-05
ENSG00000167476	3.113119497555916e-05
ENSG00000133401	3.111698138714258e-05
ENSG00000139352	3.111464853892951e-05
ENSG00000160703	3.1108935218895233e-05
ENSG00000134873	3.1090810409125585e-05
ENSG00000214114	3.1084916583612844e-05
ENSG00000143367	3.108292913670899e-05
ENSG00000058453	3.107934445630055e-05
ENSG00000153140	3.1039847474729315e-05
ENSG00000072778	3.103966984461604e-05
ENSG00000145555	3.103840318570425e-05
ENSG00000105737	3.1037373843445954e-05
ENSG00000169136	3.103200282907036e-05
ENSG00000158710	3.10204398884242e-05
ENSG00000175224	3.101301757479086e-05
ENSG00000139174	3.1006085754752875e-05
ENSG00000140332	3.100284609473635e-05
ENSG00000164627	3.09945548644087e-05
ENSG00000162769	3.0989149730521334e-05
ENSG00000107829	3.098872684195753e-05
ENSG00000136014	3.09609100243603e-05
ENSG00000163563	3.096062737903418e-05
ENSG00000067836	3.095779641233646e-05
ENSG00000125744	3.0945288305347385e-05
ENSG00000072315	3.094306715463988e-05
ENSG00000101751	3.093631598738294e-05
ENSG00000092621	3.0935002640252825e-05
ENSG00000182795	3.093406551686924e-05
ENSG00000129991	3.0932135013355315e-05
ENSG00000155275	3.0920090590262073e-05
ENSG00000085185	3.091346553133301e-05
ENSG00000137492	3.09090624898236e-05
ENSG00000186496	3.089062409244361e-05
ENSG00000136295	3.08760032959704e-05
ENSG00000103037	3.087066978913041e-05
ENSG00000197283	3.087050166712783e-05
ENSG00000188517	3.0865718886772766e-05
ENSG00000162441	3.086334265742952e-05
ENSG00000169245	3.0859449841949976e-05
ENSG00000182247	3.084738819913012e-05
ENSG00000140990	3.0826760069232196e-05
ENSG00000170266	3.081405901221747e-05
ENSG00000236826	3.080593662756082e-05
ENSG00000198146	3.080490599068418e-05
ENSG00000002745	3.080035612982178e-05
ENSG00000120659	3.079780174661932e-05
ENSG00000165521	3.079701619808575e-05
ENSG00000188706	3.0792364268726056e-05
ENSG00000104299	3.07878109175421e-05
ENSG00000124429	3.078007785256267e-05
ENSG00000111728	3.0771367249591036e-05
ENSG00000165661	3.076678015766026e-05
ENSG00000151882	3.076127314459648e-05
ENSG00000182185	3.075906531709145e-05
ENSG00000100106	3.072117025273757e-05
ENSG00000230128	3.0694295914986506e-05
ENSG00000274619	3.0688929825559066e-05
ENSG00000100934	3.067272055681537e-05
ENSG00000147155	3.06650445911242e-05
ENSG00000141378	3.065626444683128e-05
ENSG00000156113	3.0650031552320184e-05
ENSG00000075643	3.064070004767675e-05
ENSG00000130939	3.062758442876401e-05
ENSG00000176396	3.060978132659531e-05
ENSG00000156535	3.056305069468217e-05
ENSG00000243279	3.05610504025245e-05
ENSG00000167191	3.055287428955165e-05
ENSG00000182645	3.054809000441528e-05
ENSG00000141428	3.053547859551953e-05
ENSG00000163577	3.052481337863122e-05
ENSG00000223496	3.05202978729663e-05
ENSG00000102128	3.0502888149801835e-05
ENSG00000136929	3.0500442543621275e-05
ENSG00000169684	3.0493263442405285e-05
ENSG00000147432	3.0485072915821178e-05
ENSG00000107249	3.048266165418997e-05
ENSG00000136011	3.0482163782314338e-05
ENSG00000110218	3.0482065544672883e-05
ENSG00000143515	3.046446784855926e-05
ENSG00000104435	3.0463563532363056e-05
ENSG00000080845	3.0442876723999772e-05
ENSG00000262473	3.042791916544151e-05
ENSG00000146555	3.0424553877468384e-05
ENSG00000107742	3.0416645839992754e-05
ENSG00000178184	3.0395984402575642e-05
ENSG00000161542	3.0394276354275998e-05
ENSG00000007202	3.0379222432848333e-05
ENSG00000125846	3.0369779198310794e-05
ENSG00000169223	3.03562314260488e-05
ENSG00000129673	3.0344386680915216e-05
ENSG00000108001	3.0344134366792503e-05
ENSG00000247596	3.033442197948671e-05
ENSG00000118564	3.0330021377602246e-05
ENSG00000025796	3.0314690374143488e-05
ENSG00000258227	3.0314167952727055e-05
ENSG00000131149	3.03101072620495e-05
ENSG00000140939	3.030572926595798e-05
ENSG00000170917	3.0303324840170582e-05
ENSG00000144824	3.0274331873342933e-05
ENSG00000115539	3.025280536697778e-05
ENSG00000243335	3.024023425851321e-05
ENSG00000144029	3.021625363491297e-05
ENSG00000104921	3.018537867124048e-05
ENSG00000276833	3.0179733443602303e-05
ENSG00000288145	3.0179456552095707e-05
ENSG00000154143	3.01604735608465e-05
ENSG00000140497	3.015070749403591e-05
ENSG00000166503	3.014205628513008e-05
ENSG00000147650	3.014180630021927e-05
ENSG00000171522	3.014097811301424e-05
ENSG00000143643	3.013154558824513e-05
ENSG00000148604	3.0128685916614536e-05
ENSG00000138660	3.0123669970338247e-05
ENSG00000180644	3.0123224913038666e-05
ENSG00000263324	3.010213487636058e-05
ENSG00000179914	3.0101732966301903e-05
ENSG00000167972	3.009360611451706e-05
ENSG00000064692	3.008952244355813e-05
ENSG00000184368	3.0081054692520334e-05
ENSG00000124459	3.0063722855873442e-05
ENSG00000288307	3.0058017881665613e-05
ENSG00000119392	3.0049163695890586e-05
ENSG00000141424	3.0034597236683127e-05
ENSG00000166971	3.0026463931989332e-05
ENSG00000147459	3.002512081403485e-05
ENSG00000172578	3.0009951139553362e-05
ENSG00000185101	3.0007247135392323e-05
ENSG00000138772	3.00041972668356e-05
ENSG00000166866	2.9990104915691575e-05
ENSG00000171813	2.998866655072912e-05
ENSG00000166224	2.9984647866765765e-05
ENSG00000138286	2.998318237115287e-05
ENSG00000174938	2.9982557707611625e-05
ENSG00000203814	2.997952587224462e-05
ENSG00000035141	2.9973748707351074e-05
ENSG00000101935	2.9970021566137083e-05
ENSG00000196408	2.9961446611821025e-05
ENSG00000187607	2.995803448312296e-05
ENSG00000196214	2.9953009947975504e-05
ENSG00000108309	2.9951831749243632e-05
ENSG00000124222	2.994987243973897e-05
ENSG00000170180	2.9923687609854165e-05
ENSG00000138193	2.990977055631713e-05
ENSG00000108797	2.990879098297308e-05
ENSG00000050426	2.990196588288216e-05
ENSG00000159450	2.9897861279096964e-05
ENSG00000105655	2.9893372411232742e-05
ENSG00000213199	2.989281859768186e-05
ENSG00000153767	2.9876867609518686e-05
ENSG00000163904	2.9874824572392685e-05
ENSG00000130810	2.9829473215703742e-05
ENSG00000169230	2.9819715787377758e-05
ENSG00000198049	2.98129664439365e-05
ENSG00000067248	2.979405891522847e-05
ENSG00000152595	2.979352714603315e-05
ENSG00000179600	2.9786499966783417e-05
ENSG00000169814	2.977093388602727e-05
ENSG00000288368	2.9767512774197413e-05
ENSG00000185252	2.9762634211916573e-05
ENSG00000136273	2.9761394846804404e-05
ENSG00000143006	2.975923159621653e-05
ENSG00000139899	2.973876090518798e-05
ENSG00000111911	2.9738315137754825e-05
ENSG00000130427	2.9737731105059925e-05
ENSG00000168298	2.9733267070463697e-05
ENSG00000158887	2.9722184460076575e-05
ENSG00000170374	2.9702228692716583e-05
ENSG00000114349	2.9685356388365397e-05
ENSG00000028839	2.9682306739939348e-05
ENSG00000092345	2.968197147421717e-05
ENSG00000144791	2.967034836933395e-05
ENSG00000181418	2.9666266715984412e-05
ENSG00000135473	2.965912547392202e-05
ENSG00000106009	2.9644439185452365e-05
ENSG00000038002	2.9632456054217184e-05
ENSG00000128641	2.9631416664943557e-05
ENSG00000164897	2.9631011788549156e-05
ENSG00000169344	2.961923393317132e-05
ENSG00000118640	2.9596491084406066e-05
ENSG00000115828	2.9589106288423495e-05
ENSG00000110048	2.9582239710184708e-05
ENSG00000116141	2.9571131800663874e-05
ENSG00000075073	2.956793128695393e-05
ENSG00000003393	2.956638688978826e-05
ENSG00000104044	2.9565003317637213e-05
ENSG00000162676	2.9561022341751032e-05
ENSG00000263290	2.9531386303826668e-05
ENSG00000134153	2.952479067971971e-05
ENSG00000153395	2.9522115360917013e-05
ENSG00000005981	2.9521169199277972e-05
ENSG00000162373	2.952076100323257e-05
ENSG00000121390	2.9519376044435885e-05
ENSG00000171060	2.951876411079232e-05
ENSG00000225921	2.9517094049074788e-05
ENSG00000106804	2.9512563741181366e-05
ENSG00000123405	2.951012970574118e-05
ENSG00000120235	2.9507652150523722e-05
ENSG00000164440	2.950633513054973e-05
ENSG00000165084	2.9499731400083686e-05
ENSG00000205189	2.9498723119662803e-05
ENSG00000232367	2.9490962188048747e-05
ENSG00000174547	2.9473175420352097e-05
ENSG00000277405	2.9469021641742172e-05
ENSG00000078967	2.9459411565161048e-05
ENSG00000140795	2.945893857492035e-05
ENSG00000091127	2.9445669127717878e-05
ENSG00000087502	2.9431888999357493e-05
ENSG00000160213	2.9429528431378234e-05
ENSG00000015532	2.942294664934384e-05
ENSG00000167775	2.9420926807137586e-05
ENSG00000138496	2.940823515104588e-05
ENSG00000113966	2.9399458193073212e-05
ENSG00000169871	2.937604295468983e-05
ENSG00000144596	2.9371168150882775e-05
ENSG00000239900	2.9356858297293713e-05
ENSG00000135317	2.9352984809503124e-05
ENSG00000131848	2.9347134899837844e-05
ENSG00000162614	2.9344364200497772e-05
ENSG00000100290	2.9323343889121373e-05
ENSG00000149262	2.931470628885591e-05
ENSG00000234114	2.9289589729419144e-05
ENSG00000134910	2.928408169593289e-05
ENSG00000037042	2.927688107214672e-05
ENSG00000104537	2.925659502587269e-05
ENSG00000137496	2.9252020954198687e-05
ENSG00000175513	2.9248916347450917e-05
ENSG00000164251	2.9223363426998254e-05
ENSG00000109424	2.9215710449211736e-05
ENSG00000183691	2.9212371110537246e-05
ENSG00000280495	2.9210256476794216e-05
ENSG00000168398	2.9204003757492127e-05
ENSG00000022840	2.9190442712657447e-05
ENSG00000182158	2.9187398605306958e-05
ENSG00000105464	2.9171588193158546e-05
ENSG00000205476	2.9165843522214788e-05
ENSG00000130714	2.916583335048911e-05
ENSG00000100625	2.916317996040327e-05
ENSG00000119977	2.915926283003385e-05
ENSG00000115009	2.9135953469273412e-05
ENSG00000100266	2.9125123686482744e-05
ENSG00000064655	2.9117433851615643e-05
ENSG00000101346	2.910765647235662e-05
ENSG00000269096	2.9104100275721433e-05
ENSG00000123983	2.9098992919439433e-05
ENSG00000086232	2.909491290641324e-05
ENSG00000164076	2.9090613553567657e-05
ENSG00000183690	2.9081223466739083e-05
ENSG00000156253	2.9072801568994003e-05
ENSG00000153898	2.9069825124089713e-05
ENSG00000165443	2.9067784191306385e-05
ENSG00000152527	2.905792614887301e-05
ENSG00000213160	2.905285575222505e-05
ENSG00000112333	2.9048685688089167e-05
ENSG00000265491	2.904467188933821e-05
ENSG00000169951	2.904383829641927e-05
ENSG00000167531	2.9021618743201696e-05
ENSG00000176102	2.9007904231075614e-05
ENSG00000073536	2.899791602212693e-05
ENSG00000169515	2.8997678410756632e-05
ENSG00000005436	2.8983993796509587e-05
ENSG00000119508	2.8982699926577554e-05
ENSG00000136044	2.897337311590166e-05
ENSG00000165288	2.8972877225311423e-05
ENSG00000119878	2.896026313448154e-05
ENSG00000159763	2.8954665931030304e-05
ENSG00000175137	2.895114160538117e-05
ENSG00000021300	2.8925446844307468e-05
ENSG00000079482	2.892320470597385e-05
ENSG00000084090	2.892320183422037e-05
ENSG00000021762	2.8919928127724424e-05
ENSG00000100105	2.889765639743293e-05
ENSG00000065717	2.889648152083703e-05
ENSG00000169371	2.8887685084077527e-05
ENSG00000169762	2.8839527591961787e-05
ENSG00000188375	2.880556623778659e-05
ENSG00000085365	2.879287079450252e-05
ENSG00000170921	2.877131266109347e-05
ENSG00000111713	2.876645937435448e-05
ENSG00000137563	2.876594370333439e-05
ENSG00000014824	2.8761675954912054e-05
ENSG00000100258	2.8754689889822105e-05
ENSG00000223609	2.8754525271708443e-05
ENSG00000111199	2.875347156343776e-05
ENSG00000027697	2.8746510696677302e-05
ENSG00000275568	2.8746263467855357e-05
ENSG00000134265	2.8746083031786662e-05
ENSG00000266964	2.873303396186112e-05
ENSG00000241973	2.872399192358403e-05
ENSG00000153130	2.8715149649359116e-05
ENSG00000182670	2.8710587687597125e-05
ENSG00000148377	2.8694940495460557e-05
ENSG00000159184	2.8693986958929003e-05
ENSG00000117410	2.8688190148296137e-05
ENSG00000015475	2.8684126926209813e-05
ENSG00000243725	2.865670093512019e-05
ENSG00000101282	2.865485562451096e-05
ENSG00000120242	2.8649021142278595e-05
ENSG00000162896	2.8645715462959156e-05
ENSG00000115364	2.8638805676723788e-05
ENSG00000284260	2.863744970556439e-05
ENSG00000198843	2.8634513957868585e-05
ENSG00000013503	2.863118394059807e-05
ENSG00000196576	2.8626018723488902e-05
ENSG00000120509	2.8624196564748652e-05
ENSG00000107566	2.861769818873015e-05
ENSG00000229381	2.8602326843526106e-05
ENSG00000166886	2.859418081018834e-05
ENSG00000141540	2.8589929347325343e-05
ENSG00000056972	2.8589428108827993e-05
ENSG00000288453	2.8586459211162193e-05
ENSG00000214753	2.8575740230071795e-05
ENSG00000071054	2.8574016299698795e-05
ENSG00000103269	2.8573936011336116e-05
ENSG00000127948	2.8559267235428047e-05
ENSG00000285449	2.8553418271156577e-05
ENSG00000140374	2.8546941996647018e-05
ENSG00000090924	2.8535688760720513e-05
ENSG00000147206	2.8528411708411492e-05
ENSG00000103160	2.8523442164611895e-05
ENSG00000166529	2.8521769184961923e-05
ENSG00000106333	2.8516324383600712e-05
ENSG00000177984	2.8511447682846867e-05
ENSG00000145388	2.8487292283414008e-05
ENSG00000269313	2.8486876187453576e-05
ENSG00000184402	2.8484032087878304e-05
ENSG00000165675	2.8482105777658953e-05
ENSG00000132950	2.848011681365246e-05
ENSG00000188620	2.8478156796703836e-05
ENSG00000124243	2.847409120260955e-05
ENSG00000173611	2.847346131064683e-05
ENSG00000080493	2.846157752939969e-05
ENSG00000124145	2.844786366546205e-05
ENSG00000102699	2.8433104088151774e-05
ENSG00000132872	2.8425239789761628e-05
ENSG00000147421	2.8417928135586947e-05
ENSG00000167815	2.8412315817014208e-05
ENSG00000119397	2.840517713704064e-05
ENSG00000125148	2.8404190887340647e-05
ENSG00000146072	2.8386421472001453e-05
ENSG00000225697	2.8384868702052385e-05
ENSG00000167880	2.8377682686837884e-05
ENSG00000196352	2.8352020259650588e-05
ENSG00000213347	2.8337286212953128e-05
ENSG00000123213	2.8336471085011706e-05
ENSG00000116991	2.8312836843627573e-05
ENSG00000111319	2.8301874538220452e-05
ENSG00000139428	2.826089651189549e-05
ENSG00000109272	2.8222309505622715e-05
ENSG00000225553	2.8197771931997217e-05
ENSG00000145911	2.819315906507201e-05
ENSG00000090432	2.817575077607287e-05
ENSG00000144354	2.816330288823955e-05
ENSG00000114850	2.8146357477444315e-05
ENSG00000090539	2.814454178740251e-05
ENSG00000095970	2.8142305486727903e-05
ENSG00000196776	2.8119512285773667e-05
ENSG00000149541	2.808923474256822e-05
ENSG00000011590	2.8077439932413143e-05
ENSG00000106348	2.8072366952800816e-05
ENSG00000106012	2.8068068046642143e-05
ENSG00000173641	2.804932653314236e-05
ENSG00000137628	2.8028385015302304e-05
ENSG00000144645	2.8015087616376152e-05
ENSG00000141956	2.7997269061327197e-05
ENSG00000198924	2.7990529406505408e-05
ENSG00000137962	2.7981792539283907e-05
ENSG00000167378	2.797492808317535e-05
ENSG00000076650	2.797383246089008e-05
ENSG00000158985	2.7969662083781906e-05
ENSG00000142655	2.793105579887242e-05
ENSG00000135604	2.7917623950772177e-05
ENSG00000051108	2.7905487715677487e-05
ENSG00000132671	2.7898444077286085e-05
ENSG00000074527	2.788205866567155e-05
ENSG00000115297	2.7852665233354564e-05
ENSG00000156738	2.7851306165423737e-05
ENSG00000147883	2.7850642986729625e-05
ENSG00000218891	2.7848146105838777e-05
ENSG00000100242	2.7841356352854648e-05
ENSG00000284796	2.7826463076796504e-05
ENSG00000101115	2.7811241243416328e-05
ENSG00000277443	2.7806597961060357e-05
ENSG00000166788	2.7804200098234572e-05
ENSG00000243943	2.7791724673144323e-05
ENSG00000117859	2.7785377165370786e-05
ENSG00000166634	2.7783952880363713e-05
ENSG00000100220	2.777185981008345e-05
ENSG00000274577	2.7752379306035638e-05
ENSG00000149115	2.7751870696247712e-05
ENSG00000179455	2.7738964548356277e-05
ENSG00000167333	2.7735132674257676e-05
ENSG00000148572	2.772529065971998e-05
ENSG00000127554	2.771840077758864e-05
ENSG00000151718	2.7711076423829487e-05
ENSG00000034677	2.7705947040857746e-05
ENSG00000055957	2.7704617837832596e-05
ENSG00000171596	2.770172893768512e-05
ENSG00000155087	2.7700479725029557e-05
ENSG00000131697	2.768543192309095e-05
ENSG00000281917	2.7684566628753986e-05
ENSG00000133142	2.7679518732717036e-05
ENSG00000203785	2.7670429355172246e-05
ENSG00000154175	2.765054233656372e-05
ENSG00000185674	2.7637464044660306e-05
ENSG00000132031	2.7631841806642677e-05
ENSG00000231268	2.761239820838561e-05
ENSG00000112195	2.7611834806211843e-05
ENSG00000213023	2.7607451960133664e-05
ENSG00000272398	2.7603930462735102e-05
ENSG00000110375	2.7596503548289584e-05
ENSG00000197555	2.759351202621656e-05
ENSG00000198104	2.7581898452963268e-05
ENSG00000124217	2.7576716699330646e-05
ENSG00000131779	2.7570401246853088e-05
ENSG00000117984	2.7566529369520858e-05
ENSG00000139168	2.756567714751504e-05
ENSG00000282873	2.754279106184866e-05
ENSG00000010030	2.754185215302957e-05
ENSG00000138100	2.750689764135534e-05
ENSG00000108576	2.7503653435186813e-05
ENSG00000277571	2.750200245469178e-05
ENSG00000102076	2.7501165789526574e-05
ENSG00000122483	2.747809133727137e-05
ENSG00000182575	2.747700526803329e-05
ENSG00000168894	2.7472626505659296e-05
ENSG00000179348	2.7462412330459973e-05
ENSG00000087237	2.7420530725301663e-05
ENSG00000147862	2.741872408574254e-05
ENSG00000137478	2.741809900571188e-05
ENSG00000116285	2.7416972736839255e-05
ENSG00000013364	2.7408395412876615e-05
ENSG00000113594	2.7397334015940593e-05
ENSG00000137726	2.7375969412244154e-05
ENSG00000105717	2.7374325186493634e-05
ENSG00000166024	2.7368353700064283e-05
ENSG00000113387	2.736739683885857e-05
ENSG00000185760	2.7359387740364074e-05
ENSG00000101958	2.7339745152924943e-05
ENSG00000073060	2.731467988197241e-05
ENSG00000100038	2.7313104359490322e-05
ENSG00000151491	2.7308384262464794e-05
ENSG00000103313	2.7305776192360365e-05
ENSG00000150867	2.729448777824764e-05
ENSG00000128463	2.7284199814620834e-05
ENSG00000065518	2.7276628895196242e-05
ENSG00000106635	2.7275749834227562e-05
ENSG00000276082	2.7274288548945354e-05
ENSG00000198604	2.7273858065889983e-05
ENSG00000177374	2.7260840842856598e-05
ENSG00000117899	2.7255511941103078e-05
ENSG00000123545	2.7233110881779153e-05
ENSG00000116962	2.7189287326941082e-05
ENSG00000049247	2.7179598777097022e-05
ENSG00000104331	2.7177989189127603e-05
ENSG00000275932	2.7174517792823234e-05
ENSG00000077935	2.7173733585892036e-05
ENSG00000177614	2.7158535856288822e-05
ENSG00000144681	2.7154837699379398e-05
ENSG00000162892	2.714915480143924e-05
ENSG00000135241	2.714685519186367e-05
ENSG00000005469	2.7142462671754013e-05
ENSG00000185883	2.7139612012873345e-05
ENSG00000197557	2.7137416006987706e-05
ENSG00000141655	2.7119190936472073e-05
ENSG00000133317	2.7114231921025592e-05
ENSG00000196083	2.7105181840414822e-05
ENSG00000102393	2.7104682015797333e-05
ENSG00000105516	2.70778994046056e-05
ENSG00000101247	2.707640794927477e-05
ENSG00000038210	2.7046865132257664e-05
ENSG00000189410	2.7045097429507597e-05
ENSG00000085063	2.702818848730424e-05
ENSG00000288121	2.7026931833104864e-05
ENSG00000152910	2.700646330781243e-05
ENSG00000089094	2.700114391278687e-05
ENSG00000141425	2.6994295169696942e-05
ENSG00000122359	2.6976728939585214e-05
ENSG00000081177	2.6964231914637577e-05
ENSG00000276045	2.6963859898865013e-05
ENSG00000123643	2.6962671295130415e-05
ENSG00000100612	2.6962572245765053e-05
ENSG00000113269	2.696208341516144e-05
ENSG00000078549	2.6941421326564496e-05
ENSG00000168958	2.693286012582561e-05
ENSG00000133316	2.6932032905036283e-05
ENSG00000144642	2.6911661681700002e-05
ENSG00000102786	2.691028407215085e-05
ENSG00000147481	2.6905936619415846e-05
ENSG00000070404	2.6881772084674086e-05
ENSG00000265972	2.6875943321803875e-05
ENSG00000109618	2.6871709273222058e-05
ENSG00000037474	2.685731845794499e-05
ENSG00000135763	2.6855366269597442e-05
ENSG00000143507	2.6853743411346773e-05
ENSG00000133812	2.6844277383751157e-05
ENSG00000153179	2.6836704568623932e-05
ENSG00000136449	2.6807197715067614e-05
ENSG00000129562	2.6806463676072852e-05
ENSG00000137804	2.6795187721221963e-05
ENSG00000154134	2.679033327962679e-05
ENSG00000170748	2.6789241340515305e-05
ENSG00000139517	2.6785727887427336e-05
ENSG00000154997	2.6758775562129408e-05
ENSG00000198586	2.674183167055568e-05
ENSG00000119231	2.674155898703474e-05
ENSG00000266412	2.6741040607954076e-05
ENSG00000065183	2.6740633865162877e-05
ENSG00000172340	2.672820365322901e-05
ENSG00000133105	2.672501291969142e-05
ENSG00000022267	2.6723933479168053e-05
ENSG00000156219	2.671637866806704e-05
ENSG00000160685	2.6710175334640307e-05
ENSG00000261221	2.6705545264394294e-05
ENSG00000105438	2.6678786736691847e-05
ENSG00000164684	2.6676317519358865e-05
ENSG00000284807	2.6675082521824875e-05
ENSG00000206052	2.6673769103705893e-05
ENSG00000196873	2.6662026501353517e-05
ENSG00000132465	2.6654001988095116e-05
ENSG00000160445	2.6652000944214625e-05
ENSG00000177694	2.664181418486268e-05
ENSG00000171004	2.6619815342648795e-05
ENSG00000152642	2.6612961961309585e-05
ENSG00000128791	2.65950532887147e-05
ENSG00000066248	2.658834244947726e-05
ENSG00000169220	2.6585673832413746e-05
ENSG00000100600	2.6580962285033398e-05
ENSG00000167792	2.6576672986092206e-05
ENSG00000113319	2.6564996309661137e-05
ENSG00000178498	2.656312758968434e-05
ENSG00000069424	2.655696030145671e-05
ENSG00000153933	2.653439263857171e-05
ENSG00000281089	2.6524607515075446e-05
ENSG00000183837	2.6519414475954292e-05
ENSG00000169783	2.6518433812240348e-05
ENSG00000059728	2.6514265634913057e-05
ENSG00000144407	2.650108771538397e-05
ENSG00000198945	2.6462555260831284e-05
ENSG00000100364	2.6446959589349635e-05
ENSG00000125538	2.6440380604586294e-05
ENSG00000212935	2.6433672988898163e-05
ENSG00000284841	2.642493240692989e-05
ENSG00000182968	2.6417942800324814e-05
ENSG00000181827	2.6411780693335562e-05
ENSG00000155495	2.640268215150282e-05
ENSG00000128335	2.6399068592151116e-05
ENSG00000007866	2.6393596902057488e-05
ENSG00000164743	2.6392933712189093e-05
ENSG00000142784	2.639087973641777e-05
ENSG00000073712	2.638838295320851e-05
ENSG00000230961	2.637791960996697e-05
ENSG00000197971	2.6366717628272627e-05
ENSG00000147614	2.6339117133382813e-05
ENSG00000108509	2.6338402002971267e-05
ENSG00000165702	2.6332343431750484e-05
ENSG00000285048	2.6326126908536738e-05
ENSG00000112320	2.630881345553682e-05
ENSG00000130037	2.6306614632556658e-05
ENSG00000274327	2.630336208393694e-05
ENSG00000043514	2.6301308636323033e-05
ENSG00000068400	2.6294491172264136e-05
ENSG00000205927	2.627485580560563e-05
ENSG00000151413	2.6261452925320003e-05
ENSG00000128285	2.6248483298238713e-05
ENSG00000124496	2.6228406359099416e-05
ENSG00000119559	2.6213817475165354e-05
ENSG00000217128	2.62083314285133e-05
ENSG00000166349	2.6203130513968203e-05
ENSG00000162227	2.6196694261250805e-05
ENSG00000163006	2.618444110757218e-05
ENSG00000125124	2.6180819697486164e-05
ENSG00000159958	2.617394212368695e-05
ENSG00000173545	2.6168436482284846e-05
ENSG00000161180	2.6156657099110467e-05
ENSG00000182240	2.614683758069045e-05
ENSG00000119522	2.6142728268542614e-05
ENSG00000175505	2.6141591416274555e-05
ENSG00000234078	2.6138952353461337e-05
ENSG00000086848	2.6133495159461893e-05
ENSG00000225590	2.6125367012079756e-05
ENSG00000163545	2.6123578235502e-05
ENSG00000104983	2.6114120564390016e-05
ENSG00000064601	2.608010546173571e-05
ENSG00000143669	2.607935736355065e-05
ENSG00000186075	2.6078200138101397e-05
ENSG00000158615	2.6057722396731984e-05
ENSG00000119900	2.6047321593317602e-05
ENSG00000179546	2.6043593514708315e-05
ENSG00000115365	2.6042593336227477e-05
ENSG00000108825	2.603410347905306e-05
ENSG00000105053	2.6029680724550673e-05
ENSG00000212122	2.602737406702231e-05
ENSG00000125409	2.6025810447829804e-05
ENSG00000161896	2.6024426644505312e-05
ENSG00000189182	2.6023426826094093e-05
ENSG00000115594	2.6006371092743663e-05
ENSG00000123200	2.6002884416858257e-05
ENSG00000101000	2.599900632938701e-05
ENSG00000163141	2.5992108326204223e-05
ENSG00000124126	2.5951155603797933e-05
ENSG00000114388	2.5933967918402452e-05
ENSG00000127663	2.5931595051658223e-05
ENSG00000141448	2.5908726491105904e-05
ENSG00000069509	2.5878190311310116e-05
ENSG00000004142	2.586804547249521e-05
ENSG00000183775	2.5855476334339592e-05
ENSG00000104325	2.5837594421496824e-05
ENSG00000138347	2.583520442303129e-05
ENSG00000187231	2.5823920599226045e-05
ENSG00000102401	2.5817217179779173e-05
ENSG00000084693	2.5814653979293158e-05
ENSG00000197142	2.5806979511564388e-05
ENSG00000146232	2.579491541456847e-05
ENSG00000068650	2.578804310706991e-05
ENSG00000124226	2.577294451181436e-05
ENSG00000166451	2.577152328466473e-05
ENSG00000103811	2.576129129182794e-05
ENSG00000136870	2.575646622577066e-05
ENSG00000177542	2.5750395328974054e-05
ENSG00000116729	2.5737784847902615e-05
ENSG00000168229	2.5735892897134895e-05
ENSG00000137098	2.5732921749390397e-05
ENSG00000243480	2.573118797432891e-05
ENSG00000135297	2.5730611862549555e-05
ENSG00000137806	2.5724038461718358e-05
ENSG00000135778	2.5713865443699177e-05
ENSG00000118017	2.570867528782031e-05
ENSG00000185231	2.570830274233085e-05
ENSG00000162688	2.5693387204783467e-05
ENSG00000110944	2.5690438480440294e-05
ENSG00000184182	2.5681078277482674e-05
ENSG00000139117	2.5674833463485763e-05
ENSG00000137547	2.5653405195518973e-05
ENSG00000164022	2.5643933995612315e-05
ENSG00000142677	2.5643069496577548e-05
ENSG00000134107	2.5633140173538694e-05
ENSG00000126233	2.5632174289014178e-05
ENSG00000132004	2.5625377010036362e-05
ENSG00000205089	2.561541859280863e-05
ENSG00000285302	2.5606258624108906e-05
ENSG00000189067	2.5605602080776606e-05
ENSG00000108231	2.559956931994672e-05
ENSG00000172164	2.5582818165611737e-05
ENSG00000134183	2.557953953116888e-05
ENSG00000100987	2.5576461071121953e-05
ENSG00000213339	2.5566417115271053e-05
ENSG00000188786	2.554149219970529e-05
ENSG00000049769	2.5539357363712133e-05
ENSG00000155304	2.5524369288054155e-05
ENSG00000108639	2.552377761000727e-05
ENSG00000154059	2.5520282916884777e-05
ENSG00000182957	2.5515895159302103e-05
ENSG00000115840	2.5514405846236094e-05
ENSG00000154065	2.55072669789503e-05
ENSG00000198691	2.5489745095740453e-05
ENSG00000118194	2.5480514909007694e-05
ENSG00000119812	2.5476073131443424e-05
ENSG00000013374	2.547383749381587e-05
ENSG00000172867	2.546469865568375e-05
ENSG00000126368	2.5456621100775213e-05
ENSG00000151577	2.544436353528775e-05
ENSG00000168569	2.5441531576127177e-05
ENSG00000149516	2.5438954489777522e-05
ENSG00000163933	2.543305307255918e-05
ENSG00000125375	2.5432077437297348e-05
ENSG00000187446	2.5423933875252703e-05
ENSG00000089063	2.5419613395126232e-05
ENSG00000197641	2.540962632526236e-05
ENSG00000128951	2.53909981786892e-05
ENSG00000099864	2.5388423820300217e-05
ENSG00000162438	2.5386581535023543e-05
ENSG00000215045	2.537495791884572e-05
ENSG00000198833	2.5362622346907592e-05
ENSG00000123570	2.535195558752788e-05
ENSG00000165688	2.5338460545997728e-05
ENSG00000188021	2.5329528668438712e-05
ENSG00000179046	2.5329522504843684e-05
ENSG00000135070	2.5328223926519392e-05
ENSG00000198168	2.5326381150456945e-05
ENSG00000168116	2.531429132626712e-05
ENSG00000213398	2.5308664070893942e-05
ENSG00000126803	2.52934386946467e-05
ENSG00000100288	2.5287636851085912e-05
ENSG00000163114	2.528667979643012e-05
ENSG00000185518	2.528000269344296e-05
ENSG00000134376	2.5260046834249022e-05
ENSG00000165140	2.5245256218416065e-05
ENSG00000168065	2.5242685225693427e-05
ENSG00000108588	2.5240548841104033e-05
ENSG00000100075	2.5236954949820422e-05
ENSG00000121858	2.521351945780205e-05
ENSG00000158578	2.520112750069807e-05
ENSG00000140284	2.5192911928515644e-05
ENSG00000171033	2.516165334302143e-05
ENSG00000281540	2.5149201770500325e-05
ENSG00000124570	2.5141389547582256e-05
ENSG00000152056	2.5140663409174315e-05
ENSG00000021645	2.5136452652084233e-05
ENSG00000198336	2.513346188298199e-05
ENSG00000173818	2.511690150757094e-05
ENSG00000145194	2.5110004251986338e-05
ENSG00000168876	2.5109528639338155e-05
ENSG00000183048	2.5091619769531144e-05
ENSG00000178718	2.5090549643073858e-05
ENSG00000127124	2.508305113910462e-05
ENSG00000100239	2.507284505763955e-05
ENSG00000115850	2.506745206649971e-05
ENSG00000054965	2.505045984223873e-05
ENSG00000158769	2.50491949465277e-05
ENSG00000129493	2.5034752158528655e-05
ENSG00000125962	2.5028854863380718e-05
ENSG00000104381	2.5020756183912743e-05
ENSG00000110675	2.501754986091046e-05
ENSG00000133466	2.5005817065802673e-05
ENSG00000274669	2.499623571438014e-05
ENSG00000165953	2.498353964047204e-05
ENSG00000133069	2.4966216513259843e-05
ENSG00000134575	2.4955741493544253e-05
ENSG00000100360	2.4938364556722386e-05
ENSG00000109501	2.492808476216181e-05
ENSG00000150594	2.4912377192548935e-05
ENSG00000164099	2.4910148502601804e-05
ENSG00000134504	2.489261560796765e-05
ENSG00000125656	2.4860241247864702e-05
ENSG00000189043	2.484286048150137e-05
ENSG00000186283	2.4838270063135373e-05
ENSG00000143355	2.483279660885553e-05
ENSG00000284982	2.4815875250816805e-05
ENSG00000130224	2.4813507567462802e-05
ENSG00000277936	2.4813168547807338e-05
ENSG00000141376	2.479201743677118e-05
ENSG00000213927	2.478240715867607e-05
ENSG00000163815	2.4772479370429964e-05
ENSG00000121236	2.477130522555483e-05
ENSG00000188735	2.4770259966921577e-05
ENSG00000138600	2.4758143188111e-05
ENSG00000185291	2.4747160361126883e-05
ENSG00000283056	2.4732748010694668e-05
ENSG00000112249	2.473102495150074e-05
ENSG00000085662	2.4714212573394557e-05
ENSG00000058673	2.4711481192846753e-05
ENSG00000153037	2.4703917517248508e-05
ENSG00000107731	2.4689598639898537e-05
ENSG00000146085	2.4675671230855715e-05
ENSG00000122012	2.4634117984884932e-05
ENSG00000276458	2.4631114572594408e-05
ENSG00000198643	2.4629844882178814e-05
ENSG00000135587	2.4618220603910834e-05
ENSG00000164258	2.4608284290040126e-05
ENSG00000173480	2.4604152696266642e-05
ENSG00000111907	2.460363999448681e-05
ENSG00000184575	2.4602612527942267e-05
ENSG00000173141	2.4600351831326634e-05
ENSG00000120324	2.460016782104571e-05
ENSG00000041515	2.4591719228408447e-05
ENSG00000188167	2.457494697666772e-05
ENSG00000126217	2.456477481074211e-05
ENSG00000176058	2.4555795549527938e-05
ENSG00000125827	2.4555381389168065e-05
ENSG00000107201	2.4537473359924028e-05
ENSG00000137414	2.453349354632664e-05
ENSG00000152492	2.45291758575063e-05
ENSG00000162300	2.4518984403021102e-05
ENSG00000148200	2.4508145176477285e-05
ENSG00000170638	2.450121128608533e-05
ENSG00000108784	2.449467678493766e-05
ENSG00000088387	2.4488211089112566e-05
ENSG00000111245	2.448362081069139e-05
ENSG00000137055	2.446462196696323e-05
ENSG00000119946	2.4464377931298478e-05
ENSG00000198053	2.4451178016988964e-05
ENSG00000186866	2.444593067121495e-05
ENSG00000156675	2.4441923774763988e-05
ENSG00000113494	2.4436132996533838e-05
ENSG00000112245	2.442943406201181e-05
ENSG00000128050	2.4426476409878784e-05
ENSG00000125457	2.4416483889697362e-05
ENSG00000131148	2.441574951936058e-05
ENSG00000176714	2.441531268192804e-05
ENSG00000109065	2.440312932954742e-05
ENSG00000095066	2.4402012698943115e-05
ENSG00000113552	2.4384700624456982e-05
ENSG00000118246	2.4365619309998224e-05
ENSG00000121807	2.436160553948711e-05
ENSG00000108733	2.4359784592002385e-05
ENSG00000224200	2.4359639085948538e-05
ENSG00000049883	2.4358096953273205e-05
ENSG00000184992	2.4345228756022186e-05
ENSG00000136718	2.4345032538917742e-05
ENSG00000164933	2.4340150664143448e-05
ENSG00000100478	2.4315003693774202e-05
ENSG00000120910	2.4307221964984204e-05
ENSG00000147164	2.4300566086475026e-05
ENSG00000115507	2.4295953951386723e-05
ENSG00000184677	2.4272852019888318e-05
ENSG00000115977	2.427265275085799e-05
ENSG00000120907	2.4259384814917073e-05
ENSG00000092036	2.4254318588864523e-05
ENSG00000138709	2.4249240875742513e-05
ENSG00000265808	2.424919204234449e-05
ENSG00000139675	2.4243243932854935e-05
ENSG00000084110	2.424166226937145e-05
ENSG00000143633	2.4226170981860643e-05
ENSG00000131089	2.422586375417202e-05
ENSG00000134996	2.422024463201067e-05
ENSG00000173621	2.4219093842488352e-05
ENSG00000119013	2.4215680545923547e-05
ENSG00000168490	2.421050007550468e-05
ENSG00000113384	2.4200577336676898e-05
ENSG00000167186	2.419952777554396e-05
ENSG00000165997	2.4152201988006076e-05
ENSG00000103335	2.414956941854856e-05
ENSG00000100523	2.414584567489475e-05
ENSG00000140474	2.414483678781555e-05
ENSG00000152932	2.4134256769026712e-05
ENSG00000119711	2.4127246194326743e-05
ENSG00000275338	2.412641488622172e-05
ENSG00000283510	2.411077267554569e-05
ENSG00000149571	2.4088704359802933e-05
ENSG00000151490	2.4085659603744126e-05
ENSG00000176566	2.4060084677599937e-05
ENSG00000170275	2.405564370789656e-05
ENSG00000100347	2.4041122603202566e-05
ENSG00000122574	2.4035953037292485e-05
ENSG00000166396	2.4030317458304448e-05
ENSG00000127528	2.4029429020953376e-05
ENSG00000123992	2.4017734459953502e-05
ENSG00000169972	2.401636762946e-05
ENSG00000118557	2.4001377022179613e-05
ENSG00000203737	2.3998864571680862e-05
ENSG00000180992	2.3973542699993467e-05
ENSG00000137876	2.3961638677741055e-05
ENSG00000125510	2.3951638371493614e-05
ENSG00000198758	2.3950842531644525e-05
ENSG00000156127	2.395054125898326e-05
ENSG00000101134	2.3948675927261202e-05
ENSG00000165905	2.393840758368159e-05
ENSG00000106078	2.393741779986568e-05
ENSG00000092094	2.3893182135011872e-05
ENSG00000146416	2.389215105645923e-05
ENSG00000133657	2.3891433845272342e-05
ENSG00000154222	2.3874871742110927e-05
ENSG00000100453	2.3872724814106257e-05
ENSG00000167103	2.3860498839119682e-05
ENSG00000269405	2.3842838178849576e-05
ENSG00000143570	2.3838613813066243e-05
ENSG00000151292	2.3827703470474642e-05
ENSG00000066739	2.3807816791363814e-05
ENSG00000133639	2.3807526742051975e-05
ENSG00000143390	2.37743216405702e-05
ENSG00000106066	2.3768596896315642e-05
ENSG00000102921	2.3767123085569357e-05
ENSG00000196072	2.376701559390113e-05
ENSG00000132740	2.3763442286691577e-05
ENSG00000256812	2.376303027991587e-05
ENSG00000130032	2.373065814790692e-05
ENSG00000130544	2.3730559513358525e-05
ENSG00000100413	2.3727250699982026e-05
ENSG00000111046	2.3726817092985472e-05
ENSG00000100442	2.3716935793330427e-05
ENSG00000276701	2.369630134656756e-05
ENSG00000053254	2.3695521404371053e-05
ENSG00000175121	2.3692440270890037e-05
ENSG00000119383	2.3683094097595916e-05
ENSG00000169877	2.36558355812459e-05
ENSG00000283859	2.3643947122108735e-05
ENSG00000184232	2.3639547111902903e-05
ENSG00000143416	2.3638970285515308e-05
ENSG00000105402	2.3638014105624336e-05
ENSG00000183878	2.3628022794101497e-05
ENSG00000046774	2.3609212506186544e-05
ENSG00000082068	2.3587752022470046e-05
ENSG00000111639	2.358685574349378e-05
ENSG00000265354	2.358532773657933e-05
ENSG00000144451	2.3584451589213388e-05
ENSG00000114993	2.3575360342088047e-05
ENSG00000107187	2.356994339873338e-05
ENSG00000165655	2.3568320139995207e-05
ENSG00000101782	2.3561197121931537e-05
ENSG00000181195	2.355819535794713e-05
ENSG00000151655	2.3555936276958152e-05
ENSG00000139719	2.354586704761649e-05
ENSG00000179085	2.354208527772769e-05
ENSG00000134884	2.353888742639847e-05
ENSG00000244045	2.353343864391355e-05
ENSG00000079739	2.3531400293304426e-05
ENSG00000285053	2.3529971062769415e-05
ENSG00000213523	2.3508375719355566e-05
ENSG00000167112	2.3495380587822303e-05
ENSG00000114383	2.348421612144972e-05
ENSG00000149218	2.3473661888455883e-05
ENSG00000280610	2.3464598447289463e-05
ENSG00000172680	2.3458164484548223e-05
ENSG00000142279	2.345024279994342e-05
ENSG00000124102	2.3433623119866195e-05
ENSG00000179750	2.341063842968331e-05
ENSG00000114646	2.3405954622280107e-05
ENSG00000163728	2.340388195891697e-05
ENSG00000079337	2.3401241842857062e-05
ENSG00000004534	2.3399893230445793e-05
ENSG00000111727	2.3399039167846356e-05
ENSG00000143315	2.339851825354521e-05
ENSG00000169131	2.3383428953036997e-05
ENSG00000137760	2.3370940423722743e-05
ENSG00000198734	2.3363241242877278e-05
ENSG00000030419	2.3351797511494107e-05
ENSG00000283706	2.335097281006682e-05
ENSG00000196517	2.3345655120240904e-05
ENSG00000144579	2.3344355096398577e-05
ENSG00000127318	2.3343457028778988e-05
ENSG00000103351	2.3336307329865266e-05
ENSG00000151729	2.3322659067863508e-05
ENSG00000126822	2.3319857802175982e-05
ENSG00000163624	2.331888127313285e-05
ENSG00000135093	2.3314349573219517e-05
ENSG00000132561	2.3314046611704243e-05
ENSG00000198839	2.3312046106120854e-05
ENSG00000113240	2.330348592938338e-05
ENSG00000119689	2.328981684164562e-05
ENSG00000105550	2.3286918958137535e-05
ENSG00000101850	2.3278557558875483e-05
ENSG00000125841	2.325677483529566e-05
ENSG00000183826	2.3244081379388054e-05
ENSG00000065534	2.3241115491559834e-05
ENSG00000160211	2.3238356332659624e-05
ENSG00000174130	2.3237444592812955e-05
ENSG00000075089	2.3237415355588903e-05
ENSG00000170454	2.323422621669827e-05
ENSG00000104369	2.3228166280956223e-05
ENSG00000084764	2.3224141931301754e-05
ENSG00000172016	2.3219536763763793e-05
ENSG00000016490	2.3213592378094534e-05
ENSG00000143167	2.3209116312524097e-05
ENSG00000108861	2.320387420970708e-05
ENSG00000197566	2.3194463951833395e-05
ENSG00000255423	2.319125545256637e-05
ENSG00000115109	2.3185787842625467e-05
ENSG00000170260	2.3183663474680647e-05
ENSG00000145332	2.3176601677625e-05
ENSG00000103274	2.3170914664892624e-05
ENSG00000241794	2.3167066026136957e-05
ENSG00000237441	2.3165757537129118e-05
ENSG00000204991	2.3141911111457243e-05
ENSG00000188739	2.313816339959297e-05
ENSG00000077232	2.31377841550343e-05
ENSG00000274047	2.3124330963140256e-05
ENSG00000122515	2.3123245294989577e-05
ENSG00000049167	2.3111411302675477e-05
ENSG00000109133	2.310109122493257e-05
ENSG00000186675	2.3097967819432437e-05
ENSG00000137266	2.306936890714705e-05
ENSG00000185127	2.305845685690611e-05
ENSG00000134184	2.3055756481429146e-05
ENSG00000118096	2.30414713520704e-05
ENSG00000196547	2.3023364213868896e-05
ENSG00000177981	2.3021173008622862e-05
ENSG00000125503	2.3013371360209573e-05
ENSG00000011007	2.3010350238114696e-05
ENSG00000130477	2.2984110810370996e-05
ENSG00000110719	2.2969975015068943e-05
ENSG00000071967	2.296933794994891e-05
ENSG00000152669	2.295206876884606e-05
ENSG00000187244	2.2948230134542748e-05
ENSG00000276463	2.2931072388402514e-05
ENSG00000135577	2.2927381151799656e-05
ENSG00000141753	2.291749275023088e-05
ENSG00000158571	2.2908492331592315e-05
ENSG00000274221	2.290463572363894e-05
ENSG00000169188	2.288444237032808e-05
ENSG00000153064	2.2882639350614313e-05
ENSG00000123636	2.2882293194836287e-05
ENSG00000105388	2.2882000220663655e-05
ENSG00000099284	2.2871352047147746e-05
ENSG00000205903	2.2860483082081256e-05
ENSG00000282932	2.2847439852973055e-05
ENSG00000113790	2.2846522166434214e-05
ENSG00000197901	2.2829350654993704e-05
ENSG00000122787	2.282472866442566e-05
ENSG00000118004	2.2813885374904088e-05
ENSG00000181333	2.2805926193092208e-05
ENSG00000162999	2.28050764331237e-05
ENSG00000244274	2.2804577463075036e-05
ENSG00000171865	2.28028740478742e-05
ENSG00000100299	2.2799556577907233e-05
ENSG00000173175	2.2794787552868127e-05
ENSG00000023608	2.279443279789773e-05
ENSG00000140853	2.2767264071943573e-05
ENSG00000182180	2.2751001660475745e-05
ENSG00000164466	2.274167250590214e-05
ENSG00000128973	2.2726601693312683e-05
ENSG00000082146	2.2721367631335796e-05
ENSG00000188257	2.2720290321708317e-05
ENSG00000131373	2.2715534087666903e-05
ENSG00000025772	2.269162524200197e-05
ENSG00000075884	2.2688871860516404e-05
ENSG00000171469	2.2679715923070522e-05
ENSG00000108370	2.2652439986860218e-05
ENSG00000241635	2.2652439986860218e-05
ENSG00000100031	2.2652439986860218e-05
ENSG00000117620	2.2645717177756253e-05
ENSG00000106266	2.2643017036063044e-05
ENSG00000153162	2.2640756346647768e-05
ENSG00000189306	2.2616384055701268e-05
ENSG00000186106	2.2615361088241152e-05
ENSG00000168264	2.261273938364667e-05
ENSG00000117592	2.260197094297839e-05
ENSG00000167925	2.259869118298548e-05
ENSG00000151320	2.2594895542402985e-05
ENSG00000169469	2.259436256446793e-05
ENSG00000126759	2.2582631325571815e-05
ENSG00000139133	2.2582506250139115e-05
ENSG00000135902	2.2581940764269315e-05
ENSG00000129636	2.2580989770043784e-05
ENSG00000126775	2.2577470347601207e-05
ENSG00000186628	2.2575196330896046e-05
ENSG00000196141	2.2574226772527424e-05
ENSG00000157017	2.256793047570964e-05
ENSG00000170017	2.255312936327578e-05
ENSG00000141505	2.2545334741722295e-05
ENSG00000077585	2.2539455108995383e-05
ENSG00000124587	2.252183333048305e-05
ENSG00000277336	2.251769857638801e-05
ENSG00000275045	2.2512023453726595e-05
ENSG00000065609	2.25046952670066e-05
ENSG00000277016	2.2487772179596218e-05
ENSG00000159166	2.2487546014586575e-05
ENSG00000185272	2.2480544091681118e-05
ENSG00000133661	2.2478721847342246e-05
ENSG00000256797	2.2473282712278636e-05
ENSG00000226384	2.247290267855799e-05
ENSG00000171295	2.245229413177863e-05
ENSG00000007908	2.244099954349821e-05
ENSG00000178127	2.2437903135536716e-05
ENSG00000163879	2.2423163028600628e-05
ENSG00000105866	2.2403197581154314e-05
ENSG00000244005	2.2402437324886736e-05
ENSG00000178057	2.239264618366456e-05
ENSG00000242028	2.237651515696927e-05
ENSG00000164070	2.2372411199479674e-05
ENSG00000047644	2.236619547828837e-05
ENSG00000184205	2.23550306239839e-05
ENSG00000139131	2.2350088758146907e-05
ENSG00000284984	2.2347712768209934e-05
ENSG00000120256	2.2340850321246645e-05
ENSG00000103091	2.2331834618894298e-05
ENSG00000146469	2.2326216472228654e-05
ENSG00000280951	2.2304358430838306e-05
ENSG00000077009	2.2304292432971513e-05
ENSG00000273793	2.2290473570970577e-05
ENSG00000171763	2.2286450263592842e-05
ENSG00000185917	2.2278686187856606e-05
ENSG00000120437	2.226225191785453e-05
ENSG00000178951	2.2247709240900167e-05
ENSG00000116857	2.223256010686987e-05
ENSG00000089692	2.2230987401036672e-05
ENSG00000130299	2.222506088440962e-05
ENSG00000163032	2.222428657941536e-05
ENSG00000152952	2.222085431478835e-05
ENSG00000111704	2.2218569319466072e-05
ENSG00000184613	2.2213804312776303e-05
ENSG00000108852	2.221091749054694e-05
ENSG00000122965	2.220580596064406e-05
ENSG00000129226	2.2203414824338183e-05
ENSG00000112981	2.2197048060498172e-05
ENSG00000151474	2.2191268563085458e-05
ENSG00000138311	2.2182086067706058e-05
ENSG00000164400	2.217636256987333e-05
ENSG00000109686	2.2176063005865647e-05
ENSG00000085377	2.2169681069419903e-05
ENSG00000174238	2.2159776536590454e-05
ENSG00000101152	2.21564273777689e-05
ENSG00000147127	2.2154972410664155e-05
ENSG00000105877	2.21545080623785e-05
ENSG00000182389	2.215288355063935e-05
ENSG00000167323	2.2139943056264234e-05
ENSG00000074695	2.2135522665708108e-05
ENSG00000254997	2.2118847016808384e-05
ENSG00000132703	2.2116842852377233e-05
ENSG00000118520	2.2101478175136884e-05
ENSG00000125863	2.2098506066710934e-05
ENSG00000109066	2.2089510941617762e-05
ENSG00000138760	2.2087887751880116e-05
ENSG00000113108	2.2077328914060327e-05
ENSG00000128829	2.206375317243752e-05
ENSG00000113525	2.2061621734382386e-05
ENSG00000123843	2.2060906515084442e-05
ENSG00000164073	2.2057875401751795e-05
ENSG00000143486	2.2055285492075714e-05
ENSG00000095981	2.2044587257651648e-05
ENSG00000196365	2.2043522121340102e-05
ENSG00000159263	2.2026073574047678e-05
ENSG00000124491	2.2019903477976478e-05
ENSG00000197168	2.201060239830033e-05
ENSG00000125868	2.2007192983817397e-05
ENSG00000112651	2.2003013493290502e-05
ENSG00000143179	2.200002019342093e-05
ENSG00000197632	2.1987231608027632e-05
ENSG00000288283	2.1982178092479024e-05
ENSG00000086991	2.1980943260852828e-05
ENSG00000162604	2.1963635612190227e-05
ENSG00000184292	2.19403733829576e-05
ENSG00000166908	2.1937529961079914e-05
ENSG00000203485	2.1934374058877538e-05
ENSG00000121068	2.1934229558958767e-05
ENSG00000177119	2.193251172390481e-05
ENSG00000133619	2.192242932024613e-05
ENSG00000138755	2.190287658619385e-05
ENSG00000189266	2.1883043752584218e-05
ENSG00000107897	2.1869768360436847e-05
ENSG00000118707	2.1846027194349746e-05
ENSG00000123933	2.1844501660840272e-05
ENSG00000159063	2.1831478514635446e-05
ENSG00000130066	2.1819050728823485e-05
ENSG00000140326	2.181414877844757e-05
ENSG00000183230	2.1800920042074483e-05
ENSG00000189120	2.1799602160824254e-05
ENSG00000091640	2.1797783675128373e-05
ENSG00000147202	2.1775413207010475e-05
ENSG00000166689	2.1774203343215277e-05
ENSG00000135097	2.1774124550380577e-05
ENSG00000182901	2.177336775058405e-05
ENSG00000177519	2.17686792920699e-05
ENSG00000279116	2.1763163322869577e-05
ENSG00000198835	2.1763163322869577e-05
ENSG00000124120	2.1763163322869577e-05
ENSG00000197818	2.1763163322869577e-05
ENSG00000165966	2.1763163322869577e-05
ENSG00000152137	2.176253650961147e-05
ENSG00000135597	2.176063879813289e-05
ENSG00000157600	2.17604855233353e-05
ENSG00000172179	2.1748757172948417e-05
ENSG00000160908	2.1748621392565894e-05
ENSG00000125037	2.1744469537074844e-05
ENSG00000189367	2.174279853949691e-05
ENSG00000197915	2.1741787257455095e-05
ENSG00000125740	2.173813898895897e-05
ENSG00000149418	2.17161192566627e-05
ENSG00000123685	2.171248249716843e-05
ENSG00000175414	2.170915726627285e-05
ENSG00000197705	2.1687430881076977e-05
ENSG00000132792	2.1686810731327607e-05
ENSG00000107957	2.1686563516848363e-05
ENSG00000173674	2.1684408968586255e-05
ENSG00000142182	2.1683346266786527e-05
ENSG00000182154	2.1666866529505663e-05
ENSG00000136280	2.1661991718271463e-05
ENSG00000164270	2.163823527992338e-05
ENSG00000120519	2.163403318003836e-05
ENSG00000070444	2.1617554609686498e-05
ENSG00000275035	2.1613166512067272e-05
ENSG00000183032	2.161224928358043e-05
ENSG00000159556	2.161084627474116e-05
ENSG00000153815	2.1604369726410337e-05
ENSG00000144366	2.1602725079675986e-05
ENSG00000234539	2.1599019427287213e-05
ENSG00000053371	2.158325219291634e-05
ENSG00000185418	2.158210553478393e-05
ENSG00000170425	2.158043711608054e-05
ENSG00000101204	2.1548127542536226e-05
ENSG00000159388	2.154624864796205e-05
ENSG00000112182	2.1545661311199843e-05
ENSG00000165617	2.1539311244489137e-05
ENSG00000176658	2.153295726833989e-05
ENSG00000285348	2.1529233428373643e-05
ENSG00000277722	2.1526988028566064e-05
ENSG00000137825	2.151661737871065e-05
ENSG00000142494	2.1514477260550037e-05
ENSG00000237710	2.149117402243103e-05
ENSG00000239857	2.1487652249459978e-05
ENSG00000162761	2.1483571748385237e-05
ENSG00000184897	2.1478171874983718e-05
ENSG00000148584	2.1465758668398393e-05
ENSG00000121691	2.145980942636274e-05
ENSG00000213977	2.145373508485363e-05
ENSG00000132570	2.1447278962640043e-05
ENSG00000198841	2.1446530459736433e-05
ENSG00000173614	2.1437450234068132e-05
ENSG00000137474	2.1434827497197384e-05
ENSG00000129159	2.142593800671067e-05
ENSG00000182768	2.1415638148498702e-05
ENSG00000198252	2.1406394023200086e-05
ENSG00000187566	2.1400886247741737e-05
ENSG00000112379	2.1400101395849265e-05
ENSG00000170369	2.1389988885348988e-05
ENSG00000129824	2.1365284276768198e-05
ENSG00000196109	2.136046363833077e-05
ENSG00000188917	2.1350720614151677e-05
ENSG00000172432	2.134205009939036e-05
ENSG00000141447	2.1335947509534715e-05
ENSG00000186197	2.1334723218713855e-05
ENSG00000070961	2.1308335877571785e-05
ENSG00000155465	2.130306982446482e-05
ENSG00000177192	2.1298732604099152e-05
ENSG00000172468	2.1297772590907976e-05
ENSG00000152465	2.1291349173362733e-05
ENSG00000100997	2.1287891758021482e-05
ENSG00000105514	2.1276156172060233e-05
ENSG00000104805	2.1274865574276378e-05
ENSG00000107672	2.1259411976546706e-05
ENSG00000144909	2.1253496551809322e-05
ENSG00000133106	2.1246259978285756e-05
ENSG00000137074	2.1237360304028275e-05
ENSG00000157014	2.1218704278784074e-05
ENSG00000107874	2.1216997738766055e-05
ENSG00000164506	2.1200630012184363e-05
ENSG00000129055	2.1193635982903096e-05
ENSG00000113615	2.1188940455240442e-05
ENSG00000132256	2.1184790476177962e-05
ENSG00000162775	2.1172305898057966e-05
ENSG00000125901	2.1162136325388456e-05
ENSG00000170540	2.1161846252637812e-05
ENSG00000153714	2.11390594242282e-05
ENSG00000138829	2.113725805498852e-05
ENSG00000104731	2.1134695245610717e-05
ENSG00000131368	2.1133065974139877e-05
ENSG00000162129	2.1128236830875703e-05
ENSG00000162738	2.1124460243496746e-05
ENSG00000102265	2.1122672345004743e-05
ENSG00000213614	2.1119525017645324e-05
ENSG00000065989	2.1119200712804594e-05
ENSG00000160050	2.1116976720691968e-05
ENSG00000101220	2.1112818634809616e-05
ENSG00000214160	2.109626885324422e-05
ENSG00000163536	2.1092177052390375e-05
ENSG00000106628	2.107629717168386e-05
ENSG00000139220	2.1066517162325078e-05
ENSG00000177666	2.106622314090278e-05
ENSG00000163874	2.105688080233454e-05
ENSG00000262795	2.1041730410512577e-05
ENSG00000129988	2.1039266135346992e-05
ENSG00000073067	2.1034612933106463e-05
ENSG00000124532	2.1026250244725185e-05
ENSG00000114854	2.1024831502412545e-05
ENSG00000100403	2.1017820008650204e-05
ENSG00000169856	2.1009208498612806e-05
ENSG00000276644	2.1007035742172233e-05
ENSG00000184840	2.1005914132892415e-05
ENSG00000181781	2.1002324303275542e-05
ENSG00000163531	2.1000279472777852e-05
ENSG00000288701	2.0999614259612928e-05
ENSG00000113273	2.0998774293311655e-05
ENSG00000054793	2.0988760726499612e-05
ENSG00000115290	2.0981797840844316e-05
ENSG00000090382	2.0979789112208977e-05
ENSG00000164938	2.0979787042533397e-05
ENSG00000090097	2.097666580594535e-05
ENSG00000029639	2.09661681806114e-05
ENSG00000082196	2.096335992353032e-05
ENSG00000179862	2.0955639461429502e-05
ENSG00000067829	2.095040211995727e-05
ENSG00000102098	2.0949213203771612e-05
ENSG00000266714	2.0948935617585418e-05
ENSG00000288146	2.0948732615108214e-05
ENSG00000187091	2.0930390006308157e-05
ENSG00000087266	2.093001511879252e-05
ENSG00000107537	2.0925197498981498e-05
ENSG00000172159	2.0912729016240915e-05
ENSG00000206557	2.090876792241731e-05
ENSG00000112782	2.0903711918860404e-05
ENSG00000152689	2.0892920305667125e-05
ENSG00000168268	2.0890572679728913e-05
ENSG00000197256	2.0877550011745245e-05
ENSG00000178234	2.0867215235385486e-05
ENSG00000206485	2.0861448985219377e-05
ENSG00000119599	2.086043259822546e-05
ENSG00000127884	2.085980683966073e-05
ENSG00000108771	2.08590812920091e-05
ENSG00000150054	2.0857924118972328e-05
ENSG00000172469	2.0857363526116866e-05
ENSG00000197563	2.08518817255685e-05
ENSG00000160194	2.0847829076813278e-05
ENSG00000160202	2.083851564545667e-05
ENSG00000165195	2.082703617693759e-05
ENSG00000273936	2.082490680586858e-05
ENSG00000171940	2.0821177510797398e-05
ENSG00000079459	2.0814306635944396e-05
ENSG00000198804	2.0808711460482306e-05
ENSG00000100092	2.0806327144936006e-05
ENSG00000146350	2.0796790893169127e-05
ENSG00000167549	2.079501751056198e-05
ENSG00000115353	2.0794387313308336e-05
ENSG00000155816	2.078084477348815e-05
ENSG00000110628	2.076904614221364e-05
ENSG00000282954	2.0755346105375314e-05
ENSG00000243156	2.075524449230826e-05
ENSG00000144161	2.0753797350680517e-05
ENSG00000197223	2.0736030385678256e-05
ENSG00000102760	2.0726910063298173e-05
ENSG00000186827	2.0720601858569813e-05
ENSG00000171885	2.071357678397996e-05
ENSG00000172803	2.0711497119933443e-05
ENSG00000133111	2.0710126674179118e-05
ENSG00000178607	2.0703901449602398e-05
ENSG00000162836	2.069233769727839e-05
ENSG00000280549	2.068968788346948e-05
ENSG00000105722	2.0689651891783045e-05
ENSG00000143458	2.0686934496419125e-05
ENSG00000129197	2.067110569103339e-05
ENSG00000067082	2.066428804929452e-05
ENSG00000182628	2.0658521171858336e-05
ENSG00000168671	2.065720229949879e-05
ENSG00000146576	2.065185644797503e-05
ENSG00000119446	2.0649299217537647e-05
ENSG00000231408	2.0641245279549988e-05
ENSG00000284426	2.0636253022633543e-05
ENSG00000198860	2.0631078711794362e-05
ENSG00000125844	2.0622118447902226e-05
ENSG00000163295	2.0617196480643173e-05
ENSG00000168484	2.061313408708586e-05
ENSG00000101350	2.061044361643015e-05
ENSG00000274675	2.05834449847185e-05
ENSG00000185527	2.0566647444732954e-05
ENSG00000137714	2.0564524660983436e-05
ENSG00000175895	2.0562759965691984e-05
ENSG00000196663	2.056182448982147e-05
ENSG00000173559	2.0559588473372958e-05
ENSG00000101222	2.055743466279056e-05
ENSG00000148688	2.054939104878016e-05
ENSG00000125414	2.054323519959424e-05
ENSG00000173530	2.053475443788151e-05
ENSG00000234829	2.0530814221928522e-05
ENSG00000254535	2.0530423469885902e-05
ENSG00000136710	2.052349475110633e-05
ENSG00000012174	2.0519823599133904e-05
ENSG00000140386	2.0516894121840326e-05
ENSG00000178177	2.0483008582289502e-05
ENSG00000124067	2.0475206310524613e-05
ENSG00000047634	2.0472696166774947e-05
ENSG00000250361	2.0462670506019642e-05
ENSG00000165474	2.0462605510719393e-05
ENSG00000182791	2.0445957620908526e-05
ENSG00000108813	2.0436209744961917e-05
ENSG00000121671	2.0430601707768432e-05
ENSG00000110848	2.0430081752515188e-05
ENSG00000101888	2.0426353279643902e-05
ENSG00000108669	2.0419454554534226e-05
ENSG00000282725	2.040947662936564e-05
ENSG00000185189	2.0400750773524412e-05
ENSG00000136144	2.040028650447182e-05
ENSG00000260691	2.0398593130322486e-05
ENSG00000007237	2.0356599714798834e-05
ENSG00000075391	2.0337831291893386e-05
ENSG00000125384	2.033701782051438e-05
ENSG00000009830	2.0336220583271317e-05
ENSG00000137764	2.033406121135076e-05
ENSG00000046647	2.0323083920017147e-05
ENSG00000121211	2.032050526136846e-05
ENSG00000165868	2.030134322761806e-05
ENSG00000214706	2.0298374388907393e-05
ENSG00000104447	2.0277796595496827e-05
ENSG00000133112	2.0264880946306935e-05
ENSG00000107736	2.0253033670895672e-05
ENSG00000110777	2.023904136794478e-05
ENSG00000079335	2.0237888436584595e-05
ENSG00000160972	2.0227414753263558e-05
ENSG00000134905	2.022261129391074e-05
ENSG00000069275	2.021900899355782e-05
ENSG00000116514	2.021817533223034e-05
ENSG00000012817	2.0206170381958402e-05
ENSG00000197136	2.0202794376415342e-05
ENSG00000204084	2.020187987798074e-05
ENSG00000168487	2.0187417887292602e-05
ENSG00000285317	2.0177411170172298e-05
ENSG00000001617	2.0171562074567978e-05
ENSG00000115226	2.016572215694805e-05
ENSG00000177238	2.016559694355061e-05
ENSG00000285193	2.0156892598670322e-05
ENSG00000255112	2.0139318190215277e-05
ENSG00000064886	2.0122815645616547e-05
ENSG00000141404	2.0120210169836996e-05
ENSG00000170385	2.0113999462227355e-05
ENSG00000186470	2.0108440558314813e-05
ENSG00000124831	2.009809483317112e-05
ENSG00000107341	2.009443060039533e-05
ENSG00000143127	2.008971582620035e-05
ENSG00000229314	2.008886611660046e-05
ENSG00000281661	2.0088315084850726e-05
ENSG00000110046	2.0086733834219645e-05
ENSG00000005448	2.0077420053079902e-05
ENSG00000135776	2.0075984793827974e-05
ENSG00000140299	2.007504102428707e-05
ENSG00000164299	2.0073623424381806e-05
ENSG00000174738	2.007145605446749e-05
ENSG00000175283	2.006300122900717e-05
ENSG00000171055	2.0047345038751066e-05
ENSG00000173660	2.004479424422832e-05
ENSG00000123500	2.0042094799714576e-05
ENSG00000281022	2.0040333391785178e-05
ENSG00000167914	2.003978965798521e-05
ENSG00000143631	2.0031796303250564e-05
ENSG00000076513	2.0024554806172764e-05
ENSG00000112096	1.9993348854633925e-05
ENSG00000006576	1.9978598154770345e-05
ENSG00000141002	1.996972426309977e-05
ENSG00000184164	1.9956747363694596e-05
ENSG00000186583	1.993504292791483e-05
ENSG00000070729	1.99335791114149e-05
ENSG00000112294	1.9928358820782203e-05
ENSG00000157593	1.992428355862172e-05
ENSG00000278494	1.9921091352862972e-05
ENSG00000177414	1.9900174228839417e-05
ENSG00000198874	1.9898703531159428e-05
ENSG00000174485	1.9897636881050803e-05
ENSG00000215788	1.989735946486074e-05
ENSG00000158806	1.9885867598581465e-05
ENSG00000109911	1.988260984300852e-05
ENSG00000150045	1.9882222912979928e-05
ENSG00000006652	1.988125737881788e-05
ENSG00000103546	1.9880255763200003e-05
ENSG00000004866	1.9880069744512363e-05
ENSG00000244687	1.987956021460326e-05
ENSG00000128011	1.9878844144703884e-05
ENSG00000186480	1.9870085478933432e-05
ENSG00000108342	1.9857820018342024e-05
ENSG00000158445	1.9851298079709977e-05
ENSG00000155744	1.9844077095053735e-05
ENSG00000178860	1.9839379410503484e-05
ENSG00000135447	1.9837071307488173e-05
ENSG00000143753	1.9824560634159335e-05
ENSG00000181027	1.9823635110886198e-05
ENSG00000142002	1.9808183945599652e-05
ENSG00000099910	1.9807014212844763e-05
ENSG00000057019	1.9802739926640572e-05
ENSG00000010219	1.9786764125176572e-05
ENSG00000224145	1.9785487619399087e-05
ENSG00000130997	1.978543821863656e-05
ENSG00000167759	1.9783128681005837e-05
ENSG00000115275	1.97717937874375e-05
ENSG00000198498	1.9761938536517037e-05
ENSG00000196358	1.9755266791306877e-05
ENSG00000185414	1.9752520617394508e-05
ENSG00000143867	1.974397377479843e-05
ENSG00000164929	1.9743817493804164e-05
ENSG00000173193	1.9728354168131747e-05
ENSG00000170469	1.9707086328399307e-05
ENSG00000085998	1.97037430219705e-05
ENSG00000129151	1.9697584305820712e-05
ENSG00000135334	1.9694595697893324e-05
ENSG00000198205	1.967401478910507e-05
ENSG00000185640	1.967296806871323e-05
ENSG00000128294	1.9671717459167074e-05
ENSG00000158301	1.9656654097242376e-05
ENSG00000090487	1.96561710334663e-05
ENSG00000164463	1.9655084028627807e-05
ENSG00000198759	1.964128956446533e-05
ENSG00000227500	1.963790567676976e-05
ENSG00000110104	1.9632165732532483e-05
ENSG00000119655	1.9597447087675952e-05
ENSG00000181467	1.957054684319155e-05
ENSG00000130584	1.9568753837762652e-05
ENSG00000123838	1.9552411242099e-05
ENSG00000115616	1.9541533437994736e-05
ENSG00000114737	1.9529890189582616e-05
ENSG00000283030	1.9527127998128804e-05
ENSG00000179934	1.9525637871967808e-05
ENSG00000164326	1.9515958755926008e-05
ENSG00000084734	1.950975981430305e-05
ENSG00000196453	1.950952657447596e-05
ENSG00000129566	1.950409714786164e-05
ENSG00000137033	1.9502587297968488e-05
ENSG00000188937	1.9502437192230606e-05
ENSG00000091164	1.9496041357425633e-05
ENSG00000068001	1.94830347935753e-05
ENSG00000168404	1.946571320390443e-05
ENSG00000155463	1.9457386252990828e-05
ENSG00000130475	1.9446778535081224e-05
ENSG00000153234	1.9446168535888085e-05
ENSG00000165300	1.9443738501102837e-05
ENSG00000277101	1.942770750672234e-05
ENSG00000227804	1.9422968568801455e-05
ENSG00000170584	1.9414613817466843e-05
ENSG00000150316	1.940728249979753e-05
ENSG00000109046	1.9397491659001415e-05
ENSG00000127241	1.9397467949610136e-05
ENSG00000100034	1.938624500596948e-05
ENSG00000204010	1.93836589485265e-05
ENSG00000026950	1.9359664930756173e-05
ENSG00000198786	1.935256100146634e-05
ENSG00000049249	1.935248459721782e-05
ENSG00000072042	1.9345477903007883e-05
ENSG00000115652	1.9344839719527707e-05
ENSG00000177951	1.9344202098214167e-05
ENSG00000070669	1.9337612948445636e-05
ENSG00000198721	1.933581596387473e-05
ENSG00000086062	1.9326795936674375e-05
ENSG00000121486	1.9326532952719203e-05
ENSG00000183066	1.932354780159586e-05
ENSG00000172318	1.93176256709269e-05
ENSG00000133475	1.93176256709269e-05
ENSG00000059691	1.9314653136189645e-05
ENSG00000112077	1.93122788143334e-05
ENSG00000086102	1.9292641763551363e-05
ENSG00000099365	1.929169593612267e-05
ENSG00000071205	1.9290608388762983e-05
ENSG00000158552	1.9271774509781277e-05
ENSG00000128564	1.927095544468672e-05
ENSG00000103502	1.9268544815038562e-05
ENSG00000185608	1.9261040091375865e-05
ENSG00000134545	1.926040493378173e-05
ENSG00000206538	1.9251377389410594e-05
ENSG00000166166	1.9247534774094596e-05
ENSG00000198162	1.921802421111897e-05
ENSG00000213563	1.9208124056638995e-05
ENSG00000131435	1.9194566391593626e-05
ENSG00000146701	1.9192492215400473e-05
ENSG00000172315	1.9184625321491244e-05
ENSG00000237599	1.9175018975593868e-05
ENSG00000173083	1.917267136661114e-05
ENSG00000079332	1.916950750581221e-05
ENSG00000129538	1.9162922172674615e-05
ENSG00000149182	1.9160595642794873e-05
ENSG00000117262	1.9159102406921e-05
ENSG00000198712	1.914867735904319e-05
ENSG00000119669	1.91375854719623e-05
ENSG00000168930	1.9133334708411213e-05
ENSG00000100146	1.912745917864857e-05
ENSG00000067208	1.911654345791523e-05
ENSG00000110921	1.9113434811994967e-05
ENSG00000131242	1.910956663361434e-05
ENSG00000136750	1.910295038648652e-05
ENSG00000168763	1.9099379104590695e-05
ENSG00000156990	1.9092975945333594e-05
ENSG00000117601	1.9084099164014032e-05
ENSG00000156521	1.9080503241377633e-05
ENSG00000177150	1.9066200055798763e-05
ENSG00000120333	1.9062074796386314e-05
ENSG00000166510	1.9048297094825098e-05
ENSG00000285069	1.903587246981069e-05
ENSG00000102048	1.903534002375312e-05
ENSG00000133935	1.9021693694169774e-05
ENSG00000255302	1.9015239562951985e-05
ENSG00000172992	1.900915783402619e-05
ENSG00000103202	1.9008284068598476e-05
ENSG00000162174	1.8994071456570087e-05
ENSG00000188763	1.898970762490915e-05
ENSG00000186187	1.8988855871339917e-05
ENSG00000164620	1.8987055042698745e-05
ENSG00000017483	1.8979990732258703e-05
ENSG00000107242	1.897898377926596e-05
ENSG00000163482	1.89559676633583e-05
ENSG00000067221	1.8937204646415958e-05
ENSG00000143842	1.8920430232174565e-05
ENSG00000107959	1.891084010032751e-05
ENSG00000165322	1.8893753183775148e-05
ENSG00000108700	1.8885844592126244e-05
ENSG00000196937	1.8880765122800887e-05
ENSG00000164304	1.887527988837524e-05
ENSG00000182793	1.886900455340238e-05
ENSG00000177791	1.88685936537781e-05
ENSG00000158711	1.886623438765585e-05
ENSG00000083067	1.8865273576533267e-05
ENSG00000163060	1.8864925424812818e-05
ENSG00000142599	1.8862788580707712e-05
ENSG00000083223	1.8858340327545565e-05
ENSG00000116984	1.8855594744233485e-05
ENSG00000104450	1.884368256477972e-05
ENSG00000148484	1.8842345707605233e-05
ENSG00000185278	1.883754742547949e-05
ENSG00000074696	1.8835615176996846e-05
ENSG00000146858	1.8813977605132227e-05
ENSG00000086666	1.881054668130009e-05
ENSG00000130733	1.8800906026235935e-05
ENSG00000171873	1.8799426894607077e-05
ENSG00000104907	1.879404210212118e-05
ENSG00000166682	1.8766877474594023e-05
ENSG00000102962	1.8756535096317368e-05
ENSG00000163873	1.874710409265526e-05
ENSG00000140320	1.8739392926474423e-05
ENSG00000178773	1.87352935057178e-05
ENSG00000164008	1.8735267366998617e-05
ENSG00000152804	1.8732889969165898e-05
ENSG00000054983	1.872519529609683e-05
ENSG00000171793	1.8723050085486638e-05
ENSG00000205352	1.8715188059193302e-05
ENSG00000141298	1.8713036395364538e-05
ENSG00000198886	1.8704355642612655e-05
ENSG00000161647	1.869962402782514e-05
ENSG00000167286	1.86911900920218e-05
ENSG00000050327	1.8682029682812447e-05
ENSG00000097021	1.8681288296450145e-05
ENSG00000108039	1.8675228610205063e-05
ENSG00000169896	1.8672848333418307e-05
ENSG00000182667	1.8662299042211812e-05
ENSG00000167981	1.865900721336543e-05
ENSG00000198934	1.864569685480128e-05
ENSG00000155428	1.8631467586227938e-05
ENSG00000196850	1.8630925231897722e-05
ENSG00000151615	1.8630678479732127e-05
ENSG00000162599	1.8619566707667714e-05
ENSG00000105997	1.859792458229669e-05
ENSG00000175198	1.85941020595046e-05
ENSG00000198517	1.8573896139329026e-05
ENSG00000173153	1.8573015786840862e-05
ENSG00000111203	1.8570567580703018e-05
ENSG00000175575	1.856947968157045e-05
ENSG00000105357	1.8558955056894573e-05
ENSG00000182771	1.8557364817645754e-05
ENSG00000120332	1.8554909900438817e-05
ENSG00000163703	1.855362711430322e-05
ENSG00000196182	1.854306846804897e-05
ENSG00000083812	1.8536336736323643e-05
ENSG00000154813	1.853589054818282e-05
ENSG00000120937	1.853316403178313e-05
ENSG00000164237	1.853152435494615e-05
ENSG00000066926	1.8524564693864888e-05
ENSG00000188243	1.850217937335229e-05
ENSG00000196449	1.849148933586648e-05
ENSG00000006007	1.8470006732605153e-05
ENSG00000105699	1.846114075380296e-05
ENSG00000048462	1.84424698646042e-05
ENSG00000135144	1.8435852619453557e-05
ENSG00000104432	1.8435821350711344e-05
ENSG00000100221	1.8423684264740175e-05
ENSG00000131969	1.8404180273705566e-05
ENSG00000211890	1.8383466706561178e-05
ENSG00000142910	1.8373843435413368e-05
ENSG00000163017	1.83641633631687e-05
ENSG00000181029	1.8355850438016287e-05
ENSG00000162873	1.832729083131574e-05
ENSG00000074621	1.8323581329280057e-05
ENSG00000157514	1.832070525503527e-05
ENSG00000180815	1.8314916468738187e-05
ENSG00000011295	1.8286723581088365e-05
ENSG00000115425	1.828459032706795e-05
ENSG00000280969	1.8279634028566145e-05
ENSG00000155957	1.8274824901622542e-05
ENSG00000100842	1.8268605468446727e-05
ENSG00000064652	1.8235723724102055e-05
ENSG00000108255	1.822710924549112e-05
ENSG00000128342	1.82117357879476e-05
ENSG00000139926	1.8209579848390682e-05
ENSG00000110090	1.82088388013178e-05
ENSG00000278191	1.820794433896313e-05
ENSG00000274829	1.820745494940676e-05
ENSG00000154102	1.8203839932470837e-05
ENSG00000127526	1.8202561323856272e-05
ENSG00000050730	1.8173451549968166e-05
ENSG00000225312	1.816662279721392e-05
ENSG00000278787	1.8163430434605136e-05
ENSG00000003989	1.8155533341038757e-05
ENSG00000127585	1.812800921797557e-05
ENSG00000135541	1.8126639261337813e-05
ENSG00000198807	1.811286521874144e-05
ENSG00000281244	1.8109943080413275e-05
ENSG00000152430	1.810183126999888e-05
ENSG00000109063	1.809742885210704e-05
ENSG00000166411	1.809335602303758e-05
ENSG00000126705	1.8085735102488304e-05
ENSG00000108602	1.8052124052923786e-05
ENSG00000136237	1.8051994190695576e-05
ENSG00000161850	1.804771175112467e-05
ENSG00000091536	1.804697081092592e-05
ENSG00000082269	1.80459649916634e-05
ENSG00000109113	1.8043802173307878e-05
ENSG00000178425	1.803942221852678e-05
ENSG00000142082	1.8028590331090737e-05
ENSG00000103353	1.8019935913361664e-05
ENSG00000108582	1.8015331927818974e-05
ENSG00000163596	1.801019830290542e-05
ENSG00000121578	1.8009967888687454e-05
ENSG00000120129	1.8004317647996105e-05
ENSG00000064545	1.7994904800777397e-05
ENSG00000163347	1.799273890972269e-05
ENSG00000147180	1.7985285522620444e-05
ENSG00000114698	1.7975760221603015e-05
ENSG00000167105	1.7974382561647045e-05
ENSG00000149021	1.7973763686680336e-05
ENSG00000095794	1.797285847271941e-05
ENSG00000117298	1.7967088672812087e-05
ENSG00000288362	1.796074338870643e-05
ENSG00000157483	1.795099734977206e-05
ENSG00000143891	1.7949499653281054e-05
ENSG00000170703	1.7932691488624604e-05
ENSG00000184221	1.792266355624112e-05
ENSG00000163794	1.7922581853085802e-05
ENSG00000116031	1.7910881511154388e-05
ENSG00000151846	1.789510051792942e-05
ENSG00000166171	1.7894885277174472e-05
ENSG00000046653	1.7884510254801468e-05
ENSG00000273873	1.7871672458242755e-05
ENSG00000262771	1.786650321831704e-05
ENSG00000136811	1.786446332084383e-05
ENSG00000164741	1.7864168176913405e-05
ENSG00000115468	1.7863046604043166e-05
ENSG00000285262	1.7856950934187977e-05
ENSG00000128512	1.7835598454376415e-05
ENSG00000164344	1.7835007964828884e-05
ENSG00000132821	1.7816562795647e-05
ENSG00000066855	1.7783627877844348e-05
ENSG00000122507	1.778277301571916e-05
ENSG00000117602	1.7773046799652377e-05
ENSG00000076944	1.7762690369004873e-05
ENSG00000117569	1.7734070351181315e-05
ENSG00000100330	1.7731836158928006e-05
ENSG00000161682	1.7724008676369642e-05
ENSG00000138777	1.7709794604838636e-05
ENSG00000102362	1.7700601892196382e-05
ENSG00000159784	1.7699808866011006e-05
ENSG00000120798	1.7692661883440152e-05
ENSG00000185305	1.7690202872018275e-05
ENSG00000091138	1.769010702915062e-05
ENSG00000007255	1.7687357621445842e-05
ENSG00000171310	1.7681738165890414e-05
ENSG00000171202	1.7679647228806216e-05
ENSG00000157625	1.76759814556352e-05
ENSG00000146006	1.7666863574034737e-05
ENSG00000176160	1.7665080542982776e-05
ENSG00000263465	1.766133361161852e-05
ENSG00000225748	1.7655995360442255e-05
ENSG00000126749	1.7640161253388576e-05
ENSG00000081051	1.763779120160724e-05
ENSG00000262327	1.7637790634733204e-05
ENSG00000103642	1.763023113259166e-05
ENSG00000100504	1.7612180428295016e-05
ENSG00000156928	1.7610474268132595e-05
ENSG00000198089	1.7603294728779506e-05
ENSG00000132406	1.75850877843379e-05
ENSG00000108389	1.7584470754594733e-05
ENSG00000156515	1.757295959383213e-05
ENSG00000105538	1.756537842338735e-05
ENSG00000100376	1.7552518046760035e-05
ENSG00000132963	1.754969020545646e-05
ENSG00000117862	1.7549017910956542e-05
ENSG00000165410	1.754712080822894e-05
ENSG00000167065	1.7534882281657182e-05
ENSG00000215704	1.7529243899823096e-05
ENSG00000242689	1.7512007112635324e-05
ENSG00000137274	1.7506791527345723e-05
ENSG00000163162	1.750242924456472e-05
ENSG00000138378	1.749847320704999e-05
ENSG00000066697	1.7496812700916123e-05
ENSG00000049246	1.7490907496354962e-05
ENSG00000176623	1.7470209123539154e-05
ENSG00000198830	1.74575980377158e-05
ENSG00000187045	1.7443926709787066e-05
ENSG00000125352	1.743534950367482e-05
ENSG00000139211	1.7424588415855897e-05
ENSG00000177697	1.742034402475299e-05
ENSG00000138942	1.741916885371318e-05
ENSG00000136933	1.7413427045845122e-05
ENSG00000182557	1.7411392641017403e-05
ENSG00000167397	1.7403554072340935e-05
ENSG00000276495	1.7400444741609415e-05
ENSG00000176988	1.7395101032307017e-05
ENSG00000280682	1.7380130863427455e-05
ENSG00000164404	1.737727056325884e-05
ENSG00000115255	1.737463695067394e-05
ENSG00000180185	1.7363496668330523e-05
ENSG00000178307	1.7362729902507417e-05
ENSG00000148187	1.7355839845897195e-05
ENSG00000188643	1.7355451510422013e-05
ENSG00000003987	1.7349090369454025e-05
ENSG00000134262	1.733449784944756e-05
ENSG00000275165	1.7325920564025068e-05
ENSG00000181904	1.7313270739460665e-05
ENSG00000100284	1.7309473887063867e-05
ENSG00000198754	1.7284399852950317e-05
ENSG00000104980	1.727921051879334e-05
ENSG00000175581	1.7262801366847197e-05
ENSG00000244405	1.7257650192768062e-05
ENSG00000105707	1.725510803437684e-05
ENSG00000162341	1.7251753053835288e-05
ENSG00000088926	1.7228930571279365e-05
ENSG00000128250	1.7228495742251894e-05
ENSG00000170191	1.722617769682603e-05
ENSG00000260325	1.722558230934571e-05
ENSG00000122435	1.7222765354347846e-05
ENSG00000054148	1.719971978189042e-05
ENSG00000146828	1.719671973343009e-05
ENSG00000114670	1.71893189506437e-05
ENSG00000116254	1.7148557058807278e-05
ENSG00000109061	1.712515621773168e-05
ENSG00000230685	1.711549371690744e-05
ENSG00000108100	1.710314167556739e-05
ENSG00000161249	1.7100424363693703e-05
ENSG00000008517	1.7098779678894856e-05
ENSG00000124557	1.7075623461331195e-05
ENSG00000132581	1.707529295955902e-05
ENSG00000165650	1.7075146759574713e-05
ENSG00000170265	1.7067101729595625e-05
ENSG00000072609	1.7066583935102477e-05
ENSG00000005238	1.706546969312112e-05
ENSG00000078070	1.706521660583579e-05
ENSG00000116985	1.7063837601822627e-05
ENSG00000129158	1.7056735823008594e-05
ENSG00000161905	1.7044637720660782e-05
ENSG00000145864	1.7043054952709385e-05
ENSG00000118482	1.703981189491436e-05
ENSG00000029153	1.703106110255559e-05
ENSG00000198546	1.7026836632512813e-05
ENSG00000070476	1.702530407549494e-05
ENSG00000152700	1.7015205221179255e-05
ENSG00000130707	1.7000286243660278e-05
ENSG00000160602	1.6984288806622814e-05
ENSG00000151612	1.698263061509266e-05
ENSG00000167487	1.6981955998680337e-05
ENSG00000058799	1.6976737372737642e-05
ENSG00000166260	1.696819223055666e-05
ENSG00000119715	1.6963365685379523e-05
ENSG00000168309	1.6959443591538676e-05
ENSG00000104879	1.6955124945627943e-05
ENSG00000139988	1.6942007173454374e-05
ENSG00000283802	1.6939820158133836e-05
ENSG00000154723	1.6930652644656016e-05
ENSG00000106080	1.691443494616688e-05
ENSG00000164047	1.691188679243047e-05
ENSG00000280873	1.690739681993748e-05
ENSG00000090659	1.6901631789700664e-05
ENSG00000105711	1.6897887645022437e-05
ENSG00000185896	1.6891990587371077e-05
ENSG00000005889	1.688857629529487e-05
ENSG00000167861	1.687191255207695e-05
ENSG00000165055	1.6865152621936514e-05
ENSG00000157184	1.6864483180306316e-05
ENSG00000093167	1.686427012574427e-05
ENSG00000102910	1.686382060552188e-05
ENSG00000160062	1.6853409810636177e-05
ENSG00000283082	1.6848996353564573e-05
ENSG00000196502	1.684487010255068e-05
ENSG00000141627	1.6838010954658862e-05
ENSG00000244509	1.6824983255546492e-05
ENSG00000169764	1.6766700625385584e-05
ENSG00000112695	1.6763358103479543e-05
ENSG00000087250	1.6759810455041955e-05
ENSG00000177096	1.6758445071601692e-05
ENSG00000111450	1.6751694705478364e-05
ENSG00000149600	1.6732978297273118e-05
ENSG00000163947	1.6731881290290307e-05
ENSG00000111224	1.6728309211334207e-05
ENSG00000280908	1.672765879481903e-05
ENSG00000103067	1.6727056375783708e-05
ENSG00000275498	1.6726727777269353e-05
ENSG00000182132	1.672350424782136e-05
ENSG00000183054	1.6718620931706197e-05
ENSG00000163093	1.6715815574377698e-05
ENSG00000149054	1.6705918807083114e-05
ENSG00000165496	1.6682928083343535e-05
ENSG00000108828	1.667990841854195e-05
ENSG00000078269	1.6675605353229575e-05
ENSG00000144455	1.667151023514146e-05
ENSG00000198932	1.6669956533108667e-05
ENSG00000100503	1.6667349141847542e-05
ENSG00000130338	1.6665191157097232e-05
ENSG00000166920	1.6663933913941017e-05
ENSG00000143850	1.6662243075528954e-05
ENSG00000239961	1.66464381960572e-05
ENSG00000148841	1.6643160153851643e-05
ENSG00000159788	1.660931403466516e-05
ENSG00000148634	1.6602440456664307e-05
ENSG00000090263	1.6596527338821754e-05
ENSG00000089818	1.659335824650307e-05
ENSG00000131668	1.6582554644185172e-05
ENSG00000161610	1.6575431795297613e-05
ENSG00000132693	1.6556360297322253e-05
ENSG00000144591	1.6549989934661025e-05
ENSG00000278415	1.6549319916434286e-05
ENSG00000167114	1.6548715832614133e-05
ENSG00000116133	1.654816687642481e-05
ENSG00000262845	1.6532728935158365e-05
ENSG00000197594	1.6531471568040366e-05
ENSG00000130821	1.6529645942332927e-05
ENSG00000166535	1.652829164733215e-05
ENSG00000168944	1.6526221370270382e-05
ENSG00000118526	1.650981168170693e-05
ENSG00000181220	1.6479992514828112e-05
ENSG00000228278	1.6476365373612434e-05
ENSG00000119509	1.647376959649211e-05
ENSG00000197279	1.646840625065049e-05
ENSG00000213463	1.6466558227749773e-05
ENSG00000095203	1.6466213087545646e-05
ENSG00000102805	1.646596018694948e-05
ENSG00000005812	1.646495632785866e-05
ENSG00000136816	1.646180322423921e-05
ENSG00000284400	1.6454609229258234e-05
ENSG00000008282	1.6452404662195917e-05
ENSG00000187796	1.6452209336198693e-05
ENSG00000172830	1.6442773111436855e-05
ENSG00000118690	1.643941484254714e-05
ENSG00000268651	1.6437942460041855e-05
ENSG00000188092	1.642922197382238e-05
ENSG00000185475	1.6411924175642636e-05
ENSG00000165795	1.641028829156412e-05
ENSG00000143545	1.6389985848425486e-05
ENSG00000150656	1.6371878466704096e-05
ENSG00000165983	1.6354435945440676e-05
ENSG00000132781	1.6354148379977074e-05
ENSG00000163975	1.6351037562622138e-05
ENSG00000115756	1.6343074773529588e-05
ENSG00000041353	1.63259840740993e-05
ENSG00000120318	1.6308320301121262e-05
ENSG00000108474	1.629900631585034e-05
ENSG00000186687	1.629601863727858e-05
ENSG00000072041	1.6291039623394393e-05
ENSG00000116406	1.628615755986987e-05
ENSG00000169891	1.6274708492715468e-05
ENSG00000197822	1.6267068727137004e-05
ENSG00000160584	1.6265348327337e-05
ENSG00000075420	1.625524884909133e-05
ENSG00000120833	1.6249550831298983e-05
ENSG00000197969	1.6246583416544428e-05
ENSG00000173769	1.6245105381392775e-05
ENSG00000171307	1.6242923872756897e-05
ENSG00000091583	1.6241761158335602e-05
ENSG00000175906	1.6229412773231695e-05
ENSG00000143412	1.6215161203452984e-05
ENSG00000196632	1.6212110272074038e-05
ENSG00000112486	1.620173436793689e-05
ENSG00000152582	1.6197735295301223e-05
ENSG00000059573	1.619675882071387e-05
ENSG00000154146	1.6190979082329204e-05
ENSG00000170290	1.6146780138932673e-05
ENSG00000267855	1.6145943311480373e-05
ENSG00000140479	1.6145397270657894e-05
ENSG00000230930	1.6144321775308282e-05
ENSG00000116761	1.6127095364193484e-05
ENSG00000163209	1.612596153145701e-05
ENSG00000285301	1.6124583921424343e-05
ENSG00000007312	1.6119264518812988e-05
ENSG00000188015	1.6119147826661725e-05
ENSG00000137936	1.6109115401816844e-05
ENSG00000143126	1.6108420315251603e-05
ENSG00000186891	1.609368404425897e-05
ENSG00000187240	1.6088178640507195e-05
ENSG00000173714	1.608738859208502e-05
ENSG00000127578	1.608738859208502e-05
ENSG00000141569	1.607642397801543e-05
ENSG00000205981	1.6068757335904454e-05
ENSG00000101311	1.6045213469691918e-05
ENSG00000141401	1.603849189947111e-05
ENSG00000213930	1.6027822503530563e-05
ENSG00000146678	1.6000810675389078e-05
ENSG00000073417	1.5986510890317643e-05
ENSG00000065357	1.5978804164885034e-05
ENSG00000185090	1.5977615729933585e-05
ENSG00000139289	1.5956271702646128e-05
ENSG00000198727	1.5949579821857803e-05
ENSG00000198931	1.5924086693432786e-05
ENSG00000169035	1.5912991935987477e-05
ENSG00000135678	1.590692082663237e-05
ENSG00000188215	1.5897095070243118e-05
ENSG00000213047	1.589364902675244e-05
ENSG00000176531	1.5891470380957432e-05
ENSG00000160113	1.589073231326904e-05
ENSG00000145982	1.5888311623600775e-05
ENSG00000142459	1.58776172254379e-05
ENSG00000114054	1.5863420071566687e-05
ENSG00000147613	1.5859468620730604e-05
ENSG00000276920	1.5851482932461878e-05
ENSG00000164610	1.584946895512912e-05
ENSG00000151632	1.5826343180913483e-05
ENSG00000103657	1.5825276709488166e-05
ENSG00000124575	1.5819780391605428e-05
ENSG00000148459	1.5809814970147808e-05
ENSG00000197891	1.5802104357242498e-05
ENSG00000131080	1.5800587315594366e-05
ENSG00000117614	1.58003341230898e-05
ENSG00000169519	1.5797082546820722e-05
ENSG00000241343	1.578902179232324e-05
ENSG00000248098	1.578622660040263e-05
ENSG00000111666	1.5781788104872148e-05
ENSG00000198513	1.5777995566088185e-05
ENSG00000149328	1.5765902460052657e-05
ENSG00000134532	1.5764434532746625e-05
ENSG00000050344	1.576380576636483e-05
ENSG00000135525	1.5759610001340878e-05
ENSG00000095380	1.5758666502964667e-05
ENSG00000119471	1.575842536888959e-05
ENSG00000184160	1.5750791676881135e-05
ENSG00000275082	1.5746757345630366e-05
ENSG00000100373	1.5741200784045352e-05
ENSG00000117586	1.5738966322164868e-05
ENSG00000183734	1.573660654983017e-05
ENSG00000177548	1.57343272388713e-05
ENSG00000274636	1.5728057189379903e-05
ENSG00000223443	1.572219199101207e-05
ENSG00000135414	1.5718333072529295e-05
ENSG00000198814	1.5692267975304607e-05
ENSG00000080200	1.5686006717847204e-05
ENSG00000102743	1.568300326315451e-05
ENSG00000133169	1.568245845244169e-05
ENSG00000164007	1.568245845244169e-05
ENSG00000122852	1.567296502151006e-05
ENSG00000205809	1.566036523856307e-05
ENSG00000101049	1.5658368488255562e-05
ENSG00000106392	1.5658301575017473e-05
ENSG00000184792	1.5649488593451832e-05
ENSG00000174576	1.5649135177763977e-05
ENSG00000100249	1.5621553426575853e-05
ENSG00000142634	1.5610562130756454e-05
ENSG00000172985	1.5608189694944977e-05
ENSG00000008324	1.5586893895787404e-05
ENSG00000012232	1.557233579257897e-05
ENSG00000187554	1.5566766111277427e-05
ENSG00000075043	1.555676337690442e-05
ENSG00000166037	1.5550442675203543e-05
ENSG00000066322	1.5546243198587923e-05
ENSG00000168517	1.5527075578100706e-05
ENSG00000128683	1.5526868584317613e-05
ENSG00000180035	1.552462855654528e-05
ENSG00000198670	1.5515932083119918e-05
ENSG00000114650	1.551207102278299e-05
ENSG00000126337	1.5506780956400145e-05
ENSG00000135912	1.5506295022217438e-05
ENSG00000116218	1.550113749481255e-05
ENSG00000164180	1.549719604455108e-05
ENSG00000168300	1.5491504266187012e-05
ENSG00000197683	1.549087484748233e-05
ENSG00000088812	1.549044240683178e-05
ENSG00000259384	1.54770848665461e-05
ENSG00000180901	1.547672996897153e-05
ENSG00000167113	1.547401348611116e-05
ENSG00000152192	1.5470277671198337e-05
ENSG00000171621	1.5469403793986512e-05
ENSG00000111196	1.5464037514819647e-05
ENSG00000241258	1.5455919837390498e-05
ENSG00000197123	1.5448927186964242e-05
ENSG00000198650	1.544852317973793e-05
ENSG00000089127	1.5448321405963623e-05
ENSG00000176022	1.5446312039052177e-05
ENSG00000164713	1.543190190147377e-05
ENSG00000127311	1.5427540020941328e-05
ENSG00000007341	1.5421970811478963e-05
ENSG00000256269	1.541642368728229e-05
ENSG00000105245	1.5409570807358768e-05
ENSG00000115380	1.5399789614497552e-05
ENSG00000167210	1.53964274135541e-05
ENSG00000163541	1.538769569743989e-05
ENSG00000103855	1.537467348417342e-05
ENSG00000183617	1.537098240891125e-05
ENSG00000182087	1.537014098420264e-05
ENSG00000198178	1.5367469937454145e-05
ENSG00000129103	1.5343287131193393e-05
ENSG00000083544	1.5327491204437288e-05
ENSG00000133627	1.5320685356712272e-05
ENSG00000155846	1.5312598746831746e-05
ENSG00000164136	1.5307030300886885e-05
ENSG00000162437	1.529807755057304e-05
ENSG00000106688	1.529758372656278e-05
ENSG00000168152	1.5289219536855036e-05
ENSG00000157152	1.5288446224666612e-05
ENSG00000124827	1.5286279358235152e-05
ENSG00000148719	1.5276980020000167e-05
ENSG00000275051	1.5271593709349174e-05
ENSG00000105339	1.5262482483123608e-05
ENSG00000198182	1.5256329041227253e-05
ENSG00000227315	1.5249755641474664e-05
ENSG00000010818	1.5247422375770703e-05
ENSG00000051596	1.5246565431583915e-05
ENSG00000144895	1.524531831451959e-05
ENSG00000035664	1.5226083590875881e-05
ENSG00000131269	1.5225583321392995e-05
ENSG00000184500	1.5224614578291756e-05
ENSG00000109689	1.5223973775296956e-05
ENSG00000206181	1.5223525065799258e-05
ENSG00000215251	1.5222845581161217e-05
ENSG00000104267	1.5219953101651668e-05
ENSG00000240344	1.5217928718596852e-05
ENSG00000205838	1.5214615445292738e-05
ENSG00000089775	1.5211780074418591e-05
ENSG00000083720	1.5199001475992871e-05
ENSG00000283883	1.5189853280109188e-05
ENSG00000141161	1.5186705282402223e-05
ENSG00000180318	1.5170939688370702e-05
ENSG00000087076	1.5167011005080347e-05
ENSG00000205659	1.5161282110681178e-05
ENSG00000123191	1.5160103572103124e-05
ENSG00000157181	1.5151371732878601e-05
ENSG00000277943	1.5137643912153538e-05
ENSG00000134970	1.5133956502488185e-05
ENSG00000176171	1.5123206951036153e-05
ENSG00000163157	1.5114313002450535e-05
ENSG00000100150	1.5110119461645934e-05
ENSG00000126953	1.510935529563592e-05
ENSG00000165215	1.510690982634774e-05
ENSG00000112893	1.5104655888618507e-05
ENSG00000276175	1.5101026952550804e-05
ENSG00000123684	1.5100046380098593e-05
ENSG00000126970	1.5089624214347726e-05
ENSG00000104691	1.5084723296942009e-05
ENSG00000115486	1.5082430819977433e-05
ENSG00000134317	1.5080720351441555e-05
ENSG00000110442	1.5077172069948472e-05
ENSG00000149474	1.5070277169423861e-05
ENSG00000104938	1.5059055090436627e-05
ENSG00000117479	1.5053401350643251e-05
ENSG00000157978	1.5052352390424227e-05
ENSG00000223572	1.5028392175071434e-05
ENSG00000170745	1.5023392884160579e-05
ENSG00000065485	1.501212876415193e-05
ENSG00000140543	1.4994803408132884e-05
ENSG00000169427	1.4980206697733135e-05
ENSG00000111110	1.4980206697733135e-05
ENSG00000213593	1.497086539745576e-05
ENSG00000172156	1.4968068482235578e-05
ENSG00000101104	1.4950437693804775e-05
ENSG00000115592	1.4935154246041915e-05
ENSG00000162627	1.4935032864456758e-05
ENSG00000150773	1.493495734133152e-05
ENSG00000110717	1.492859167086687e-05
ENSG00000165476	1.4907001448180795e-05
ENSG00000145879	1.4901221491886476e-05
ENSG00000125848	1.489766147927002e-05
ENSG00000144182	1.4891689668706747e-05
ENSG00000278211	1.4890262739107914e-05
ENSG00000136167	1.4888042902051639e-05
ENSG00000129355	1.4887600395243515e-05
ENSG00000161955	1.488336281080793e-05
ENSG00000109323	1.4861944999929202e-05
ENSG00000155090	1.4860749578017576e-05
ENSG00000134256	1.4854314483113208e-05
ENSG00000147689	1.4846219138722464e-05
ENSG00000111254	1.4837811182207325e-05
ENSG00000132716	1.482162576433179e-05
ENSG00000288335	1.4813056660868716e-05
ENSG00000114200	1.4810585345267711e-05
ENSG00000116983	1.4810368193097209e-05
ENSG00000198183	1.4806562046166566e-05
ENSG00000125999	1.4806562046166566e-05
ENSG00000178537	1.479960898076127e-05
ENSG00000136802	1.479901202306892e-05
ENSG00000180138	1.479425988194995e-05
ENSG00000124275	1.4787774004683646e-05
ENSG00000262785	1.4783421935671415e-05
ENSG00000170890	1.4781404466207064e-05
ENSG00000189252	1.4779442523431937e-05
ENSG00000132334	1.4774028893283256e-05
ENSG00000172201	1.4756851686293955e-05
ENSG00000176055	1.4754485573937441e-05
ENSG00000184156	1.4753550085228957e-05
ENSG00000112992	1.474194691146314e-05
ENSG00000101443	1.47332830067733e-05
ENSG00000110925	1.4729855441158462e-05
ENSG00000152348	1.4724051600541834e-05
ENSG00000108961	1.4715382001649579e-05
ENSG00000169021	1.4701629299241452e-05
ENSG00000090013	1.4697479807888724e-05
ENSG00000131183	1.46974313848839e-05
ENSG00000180611	1.4691070823841031e-05
ENSG00000180481	1.4690744061936591e-05
ENSG00000132376	1.4674167787720369e-05
ENSG00000174177	1.4669335788234313e-05
ENSG00000131018	1.4665127070174826e-05
ENSG00000213246	1.4663029744235383e-05
ENSG00000173662	1.4655638426951019e-05
ENSG00000179002	1.4655638426951019e-05
ENSG00000169105	1.4651543873694303e-05
ENSG00000125675	1.4647458364009673e-05
ENSG00000114480	1.4646350136258408e-05
ENSG00000175183	1.4644361329915428e-05
ENSG00000134757	1.4639993193567194e-05
ENSG00000049860	1.4631823965273264e-05
ENSG00000136872	1.4623173452979853e-05
ENSG00000189369	1.4612196533912966e-05
ENSG00000171135	1.4611367163324381e-05
ENSG00000273397	1.4605392181039178e-05
ENSG00000108702	1.4593905999880822e-05
ENSG00000166130	1.4589034224989874e-05
ENSG00000135677	1.457215830784258e-05
ENSG00000223887	1.4570666148077236e-05
ENSG00000105953	1.4558340378353751e-05
ENSG00000120925	1.455160242745556e-05
ENSG00000142065	1.454956888696952e-05
ENSG00000166819	1.4535465646734523e-05
ENSG00000264424	1.4528890740627949e-05
ENSG00000118420	1.452635006137413e-05
ENSG00000166801	1.4523302693064896e-05
ENSG00000288445	1.4505818682710384e-05
ENSG00000105829	1.450120867150187e-05
ENSG00000108176	1.4500194628831897e-05
ENSG00000110888	1.4491583860550359e-05
ENSG00000196660	1.4491465385955756e-05
ENSG00000105835	1.4478230544661958e-05
ENSG00000138162	1.4476561756994642e-05
ENSG00000285241	1.4474350024201483e-05
ENSG00000186280	1.4460834616519326e-05
ENSG00000173581	1.4445878955237352e-05
ENSG00000115350	1.4445357847428462e-05
ENSG00000166199	1.4444673071269735e-05
ENSG00000117983	1.4444424514617699e-05
ENSG00000169548	1.4441153470018626e-05
ENSG00000178038	1.4427574816550423e-05
ENSG00000132423	1.442451129309067e-05
ENSG00000109519	1.4419411287561036e-05
ENSG00000168418	1.441812772224275e-05
ENSG00000113761	1.4416342936400156e-05
ENSG00000173275	1.4416034042238218e-05
ENSG00000079974	1.4393520857279115e-05
ENSG00000283104	1.4380448718881187e-05
ENSG00000070019	1.4378394102976023e-05
ENSG00000242247	1.4360399781111869e-05
ENSG00000145354	1.4359433335963237e-05
ENSG00000018625	1.4359394167618461e-05
ENSG00000142733	1.4354727650556412e-05
ENSG00000213809	1.4352623285954254e-05
ENSG00000008394	1.4343453633972737e-05
ENSG00000125813	1.4340437630460497e-05
ENSG00000198763	1.4321550124965165e-05
ENSG00000103248	1.43209513572506e-05
ENSG00000116005	1.4306440417526045e-05
ENSG00000004838	1.429720305207255e-05
ENSG00000004455	1.4292023354797569e-05
ENSG00000076826	1.4286859393519659e-05
ENSG00000165533	1.4278884520953148e-05
ENSG00000113734	1.426674013709431e-05
ENSG00000103942	1.4265856498370203e-05
ENSG00000140264	1.4256682296539937e-05
ENSG00000180739	1.423541619171561e-05
ENSG00000083444	1.4222033534867642e-05
ENSG00000010361	1.4208317317221563e-05
ENSG00000114115	1.4198897834783816e-05
ENSG00000009950	1.4185775873669498e-05
ENSG00000001630	1.4183258767794325e-05
ENSG00000108556	1.417290683221774e-05
ENSG00000128573	1.4170288057103578e-05
ENSG00000159921	1.4168872602470675e-05
ENSG00000035499	1.4160846268519735e-05
ENSG00000206150	1.415149077609463e-05
ENSG00000037897	1.4150002523829675e-05
ENSG00000135378	1.4149165951490161e-05
ENSG00000213445	1.4144398897787227e-05
ENSG00000162594	1.4144257554071607e-05
ENSG00000184302	1.4128663531542515e-05
ENSG00000139151	1.4127444176052545e-05
ENSG00000164935	1.4122038683291945e-05
ENSG00000180730	1.4112036056362655e-05
ENSG00000101911	1.4099967418943768e-05
ENSG00000109472	1.4099025786506075e-05
ENSG00000140044	1.4092796958778205e-05
ENSG00000169583	1.409080163083208e-05
ENSG00000120549	1.4087307033043208e-05
ENSG00000121310	1.4085277575358235e-05
ENSG00000172586	1.4083652835510312e-05
ENSG00000158079	1.4076651688537348e-05
ENSG00000163864	1.4066559884799642e-05
ENSG00000151224	1.4054759839577246e-05
ENSG00000124713	1.404424873262485e-05
ENSG00000122756	1.4024379848518772e-05
ENSG00000225737	1.4012243033928176e-05
ENSG00000198570	1.400134092434356e-05
ENSG00000171045	1.3999102974685371e-05
ENSG00000165684	1.3996359827934055e-05
ENSG00000097096	1.3995822395940883e-05
ENSG00000115648	1.3992710912444819e-05
ENSG00000107968	1.3977422020128664e-05
ENSG00000159873	1.3959091906824293e-05
ENSG00000182551	1.3958011327742046e-05
ENSG00000001561	1.3955588294833415e-05
ENSG00000131979	1.3945708264425854e-05
ENSG00000198380	1.3942578860369497e-05
ENSG00000143520	1.3929370818338148e-05
ENSG00000185482	1.3926543348375367e-05
ENSG00000278574	1.3922506060541349e-05
ENSG00000143344	1.3916459859455562e-05
ENSG00000109814	1.3915207835760686e-05
ENSG00000165775	1.3904615201608194e-05
ENSG00000259494	1.3900316753371e-05
ENSG00000112941	1.3890379766280744e-05
ENSG00000136457	1.3884865088878965e-05
ENSG00000124279	1.3880969306666983e-05
ENSG00000274736	1.3876282481040087e-05
ENSG00000197043	1.387492198986491e-05
ENSG00000224552	1.3864304982210722e-05
ENSG00000221837	1.3854195987296518e-05
ENSG00000145214	1.3849479885193306e-05
ENSG00000110076	1.3831928440682102e-05
ENSG00000198018	1.3823557511290402e-05
ENSG00000114902	1.3820695793233969e-05
ENSG00000125967	1.3816619984807225e-05
ENSG00000132530	1.3807969654386258e-05
ENSG00000062485	1.3796669364791398e-05
ENSG00000214415	1.3796611707866169e-05
ENSG00000079308	1.3793572932083239e-05
ENSG00000144834	1.3787124616547411e-05
ENSG00000283391	1.3786240619005157e-05
ENSG00000148672	1.378390968219385e-05
ENSG00000124839	1.377557970014738e-05
ENSG00000167566	1.3766229241444837e-05
ENSG00000074966	1.3753759749886794e-05
ENSG00000157916	1.3749788758374619e-05
ENSG00000134470	1.3746340248863484e-05
ENSG00000158014	1.373867023897957e-05
ENSG00000188542	1.372818028622941e-05
ENSG00000189241	1.3725846893222409e-05
ENSG00000169682	1.372524288775894e-05
ENSG00000167996	1.3724784758279045e-05
ENSG00000117054	1.3721442886291791e-05
ENSG00000175097	1.3719730148037756e-05
ENSG00000179598	1.37104601986322e-05
ENSG00000170542	1.3696956689492203e-05
ENSG00000122203	1.3695261357191606e-05
ENSG00000111670	1.3695000265310382e-05
ENSG00000213995	1.3688967855016895e-05
ENSG00000164265	1.3678337379071075e-05
ENSG00000112146	1.3677553272777532e-05
ENSG00000184470	1.3668082730801063e-05
ENSG00000067064	1.3665813711349002e-05
ENSG00000169860	1.3663293346013385e-05
ENSG00000196839	1.366153144401469e-05
ENSG00000171604	1.3658434101981905e-05
ENSG00000124092	1.3656158757409204e-05
ENSG00000164967	1.3653747877071605e-05
ENSG00000204866	1.3652429061284e-05
ENSG00000196998	1.364254206385718e-05
ENSG00000139190	1.3628754474461531e-05
ENSG00000123178	1.3615422371296391e-05
ENSG00000143839	1.360629067825949e-05
ENSG00000119705	1.3600906762970902e-05
ENSG00000146574	1.3598502471500427e-05
ENSG00000198919	1.3597190191103459e-05
ENSG00000125449	1.3595554167674344e-05
ENSG00000100564	1.3594281820083318e-05
ENSG00000072694	1.3586446543424042e-05
ENSG00000041988	1.3586276274219791e-05
ENSG00000116525	1.3583642051278934e-05
ENSG00000119650	1.3569253788866247e-05
ENSG00000163607	1.3564800928697409e-05
ENSG00000183036	1.3557585733229174e-05
ENSG00000169738	1.3527965664414076e-05
ENSG00000168993	1.3524619183415506e-05
ENSG00000136883	1.352172814609312e-05
ENSG00000138207	1.3516480276147703e-05
ENSG00000277086	1.3513974248222638e-05
ENSG00000197714	1.3509439450039294e-05
ENSG00000196616	1.3506621744345223e-05
ENSG00000114988	1.3506378599102477e-05
ENSG00000138764	1.3505856501720468e-05
ENSG00000243147	1.3487560011395293e-05
ENSG00000038274	1.3486248816779473e-05
ENSG00000185842	1.3464648844105352e-05
ENSG00000173166	1.3453518571364182e-05
ENSG00000103024	1.3449836355494217e-05
ENSG00000215126	1.3445330194444104e-05
ENSG00000078596	1.3436278122426443e-05
ENSG00000161533	1.3432621998852978e-05
ENSG00000047230	1.3431064749062658e-05
ENSG00000185019	1.342153745506135e-05
ENSG00000110436	1.3414614264794846e-05
ENSG00000111801	1.3411899773059624e-05
ENSG00000281178	1.3392212154179068e-05
ENSG00000165113	1.3391442855558337e-05
ENSG00000173540	1.337812494590229e-05
ENSG00000254550	1.3373740849103241e-05
ENSG00000113946	1.3373740849103241e-05
ENSG00000169258	1.336671964180744e-05
ENSG00000150477	1.3349383920788739e-05
ENSG00000074416	1.3348351148101626e-05
ENSG00000180176	1.3341110075291487e-05
ENSG00000204611	1.330901691565082e-05
ENSG00000204414	1.3305019614038159e-05
ENSG00000161914	1.3296446699799337e-05
ENSG00000120725	1.3294644072017567e-05
ENSG00000161835	1.3288012904396961e-05
ENSG00000186184	1.3286602844274501e-05
ENSG00000284501	1.3281728509198729e-05
ENSG00000112303	1.327716095048658e-05
ENSG00000166582	1.3255413123799882e-05
ENSG00000174136	1.324985488227842e-05
ENSG00000100865	1.3244252782032349e-05
ENSG00000165115	1.323800582874705e-05
ENSG00000179588	1.3233439034562835e-05
ENSG00000185869	1.3232786365310682e-05
ENSG00000108684	1.3226665155041315e-05
ENSG00000165828	1.3212612348903712e-05
ENSG00000156313	1.3210776676856027e-05
ENSG00000236149	1.3207832339803792e-05
ENSG00000241878	1.31970085099563e-05
ENSG00000124383	1.3196893723306292e-05
ENSG00000215853	1.3196598893842632e-05
ENSG00000267368	1.319038554711044e-05
ENSG00000204852	1.318794463837074e-05
ENSG00000147144	1.3183549187199254e-05
ENSG00000263012	1.3182074397533476e-05
ENSG00000283847	1.3179218502527795e-05
ENSG00000169570	1.3171695136424686e-05
ENSG00000159267	1.3171381738824954e-05
ENSG00000275385	1.3170186314026618e-05
ENSG00000122034	1.316976277064888e-05
ENSG00000166902	1.3162083411596054e-05
ENSG00000106591	1.3147610680555301e-05
ENSG00000115718	1.3140322842927115e-05
ENSG00000134759	1.3131915217806699e-05
ENSG00000214274	1.3116743627155337e-05
ENSG00000185324	1.3113526448120402e-05
ENSG00000106261	1.3105096468978546e-05
ENSG00000153823	1.3103736292242972e-05
ENSG00000138771	1.3095137916086423e-05
ENSG00000164176	1.3093840484142089e-05
ENSG00000106327	1.307954331166723e-05
ENSG00000104611	1.3078947083742891e-05
ENSG00000254709	1.307874421808204e-05
ENSG00000113722	1.3071239464158742e-05
ENSG00000189221	1.3065838688061211e-05
ENSG00000060709	1.3062071191758292e-05
ENSG00000183496	1.3061429689921374e-05
ENSG00000168172	1.3048531843595486e-05
ENSG00000115602	1.3040243277631242e-05
ENSG00000106524	1.3039908927411368e-05
ENSG00000054277	1.3038397934796647e-05
ENSG00000113504	1.3025341629601893e-05
ENSG00000121316	1.3021777193106566e-05
ENSG00000169306	1.301919307706983e-05
ENSG00000125814	1.3017786077027382e-05
ENSG00000164187	1.3003108738315053e-05
ENSG00000180251	1.3002309263608605e-05
ENSG00000229353	1.2994589619332306e-05
ENSG00000096092	1.2991709717958022e-05
ENSG00000006468	1.2973147334976136e-05
ENSG00000116209	1.2969690303402209e-05
ENSG00000113369	1.295916288670118e-05
ENSG00000196811	1.295884390979346e-05
ENSG00000112031	1.2936470195537382e-05
ENSG00000177558	1.2936235442622554e-05
ENSG00000186684	1.2934526593908861e-05
ENSG00000179820	1.2933655273123109e-05
ENSG00000092929	1.2932215311259958e-05
ENSG00000130940	1.2931563932328988e-05
ENSG00000166450	1.2929331025344501e-05
ENSG00000065802	1.2926312261761854e-05
ENSG00000166046	1.2924530785527454e-05
ENSG00000113719	1.2923161245791423e-05
ENSG00000285426	1.2916719204516628e-05
ENSG00000187730	1.2911222454315977e-05
ENSG00000159197	1.2905014227142531e-05
ENSG00000167130	1.2899878346351658e-05
ENSG00000124787	1.2878573123635658e-05
ENSG00000168453	1.2875376586591766e-05
ENSG00000132874	1.2870798822170497e-05
ENSG00000112234	1.2866119372004449e-05
ENSG00000028310	1.2862300196965574e-05
ENSG00000070610	1.2846702988748763e-05
ENSG00000125864	1.284335871608193e-05
ENSG00000140678	1.2841764470259229e-05
ENSG00000036565	1.2838496151541267e-05
ENSG00000118816	1.2832985919735238e-05
ENSG00000136267	1.2812672785048967e-05
ENSG00000182134	1.2805504879887482e-05
ENSG00000105366	1.2805018037895613e-05
ENSG00000116035	1.280429137784605e-05
ENSG00000174446	1.2798583962926741e-05
ENSG00000187772	1.2794711617557436e-05
ENSG00000128918	1.2785801208981363e-05
ENSG00000234508	1.2783770916396476e-05
ENSG00000104915	1.2781575046121423e-05
ENSG00000102893	1.2780240481223711e-05
ENSG00000196678	1.2780151853811243e-05
ENSG00000139684	1.2772551655947074e-05
ENSG00000099810	1.2772286220021256e-05
ENSG00000185112	1.2769484829287261e-05
ENSG00000183044	1.2765807900186695e-05
ENSG00000008516	1.2761272264719308e-05
ENSG00000162851	1.2759139730452362e-05
ENSG00000130818	1.2758536459598653e-05
ENSG00000142178	1.2756822974647727e-05
ENSG00000281230	1.274083694935559e-05
ENSG00000164532	1.2730326067811449e-05
ENSG00000161243	1.2724157586567495e-05
ENSG00000120658	1.2715186197334582e-05
ENSG00000143198	1.2713888890492159e-05
ENSG00000118514	1.2713520357188103e-05
ENSG00000118939	1.2710416935207398e-05
ENSG00000262911	1.2706384271194144e-05
ENSG00000009724	1.2699699852022526e-05
ENSG00000137824	1.2695887561581044e-05
ENSG00000102539	1.2689756864417781e-05
ENSG00000136193	1.2685486087672353e-05
ENSG00000183648	1.2685246156014905e-05
ENSG00000133731	1.2675944292903158e-05
ENSG00000188677	1.2663076240478839e-05
ENSG00000144401	1.2659457674640332e-05
ENSG00000167964	1.2656664573421315e-05
ENSG00000151650	1.2650232598652064e-05
ENSG00000087903	1.2646160962493067e-05
ENSG00000198838	1.2644981973259186e-05
ENSG00000136783	1.26428414912759e-05
ENSG00000197324	1.264206092544674e-05
ENSG00000102924	1.2638973445682587e-05
ENSG00000134780	1.2638490225258494e-05
ENSG00000283018	1.2633838997947266e-05
ENSG00000284194	1.2633100045686795e-05
ENSG00000101470	1.2631040950997418e-05
ENSG00000124157	1.2630029709391681e-05
ENSG00000182308	1.2625832810353374e-05
ENSG00000177239	1.2590217332943678e-05
ENSG00000135828	1.258845888606617e-05
ENSG00000185668	1.2585682855294112e-05
ENSG00000029993	1.2567612465952463e-05
ENSG00000147596	1.2566913922157555e-05
ENSG00000067048	1.2563740221873385e-05
ENSG00000167136	1.2539805924809368e-05
ENSG00000056998	1.2538466884947356e-05
ENSG00000130312	1.2534324333247151e-05
ENSG00000079156	1.2532501480887523e-05
ENSG00000100650	1.2524831878177455e-05
ENSG00000177352	1.2518120907665847e-05
ENSG00000138495	1.2516997736151787e-05
ENSG00000100285	1.2514954919659956e-05
ENSG00000158050	1.2513424594208126e-05
ENSG00000143641	1.2495421935364241e-05
ENSG00000275746	1.2486031109790771e-05
ENSG00000183098	1.2482590269856187e-05
ENSG00000198692	1.2479654165121739e-05
ENSG00000086730	1.2469523920003858e-05
ENSG00000278268	1.2450482927180004e-05
ENSG00000169919	1.2445172960923082e-05
ENSG00000178764	1.2437006119214803e-05
ENSG00000149922	1.2434537216397923e-05
ENSG00000121410	1.2428333578193344e-05
ENSG00000228716	1.2421169423371874e-05
ENSG00000227317	1.2420058781111002e-05
ENSG00000173846	1.2410452592261752e-05
ENSG00000173535	1.2409418450774928e-05
ENSG00000278624	1.2405587036763678e-05
ENSG00000248487	1.240434574388394e-05
ENSG00000109220	1.2391934494825186e-05
ENSG00000139323	1.2385939025328705e-05
ENSG00000180537	1.2372285236553057e-05
ENSG00000124374	1.236452730022184e-05
ENSG00000114026	1.2362674844400184e-05
ENSG00000080823	1.2361795006350223e-05
ENSG00000154640	1.2361635665050103e-05
ENSG00000120159	1.2349380551799257e-05
ENSG00000214063	1.2345635566431454e-05
ENSG00000169087	1.2340772511105612e-05
ENSG00000197312	1.2336377118398658e-05
ENSG00000164485	1.2334557909098793e-05
ENSG00000185519	1.2331244666028619e-05
ENSG00000117500	1.2322498154320383e-05
ENSG00000277656	1.2313850328179762e-05
ENSG00000167315	1.2306833054999502e-05
ENSG00000104490	1.2290014624380672e-05
ENSG00000166206	1.2285546129728272e-05
ENSG00000065882	1.2285443760403471e-05
ENSG00000135596	1.2282160699343276e-05
ENSG00000274286	1.227970383682031e-05
ENSG00000100170	1.227697617874765e-05
ENSG00000102970	1.2274953054397543e-05
ENSG00000123810	1.2273911666484583e-05
ENSG00000154803	1.2268868571044181e-05
ENSG00000073670	1.2256787181544118e-05
ENSG00000173486	1.224807627868207e-05
ENSG00000130234	1.2246568085352025e-05
ENSG00000138640	1.2245097619460455e-05
ENSG00000111860	1.2243293464094665e-05
ENSG00000198569	1.2241089588897275e-05
ENSG00000135622	1.2235577324122228e-05
ENSG00000145723	1.2209484006032327e-05
ENSG00000125780	1.220714824112889e-05
ENSG00000114796	1.2201846430892817e-05
ENSG00000281709	1.2198827799629358e-05
ENSG00000179168	1.2197626086420862e-05
ENSG00000165898	1.2191787223428213e-05
ENSG00000025708	1.2190507530945319e-05
ENSG00000141086	1.2179393517346103e-05
ENSG00000204403	1.2160826136152969e-05
ENSG00000165609	1.2150443289966387e-05
ENSG00000213694	1.2141612025959827e-05
ENSG00000173786	1.2127018116532589e-05
ENSG00000232062	1.2125639069423682e-05
ENSG00000044446	1.2125266591389706e-05
ENSG00000078114	1.2116338159930436e-05
ENSG00000185818	1.2113760979731934e-05
ENSG00000184515	1.211329917149429e-05
ENSG00000165338	1.2109603867879433e-05
ENSG00000086475	1.2106988970768845e-05
ENSG00000084073	1.2106500273585011e-05
ENSG00000154655	1.210087826167645e-05
ENSG00000145321	1.2097053665115828e-05
ENSG00000110200	1.2093464205930217e-05
ENSG00000102024	1.2085457219869782e-05
ENSG00000137513	1.2078058995748867e-05
ENSG00000070540	1.206990876637342e-05
ENSG00000143819	1.2064259797118843e-05
ENSG00000214021	1.2060780052381775e-05
ENSG00000108479	1.205308087786471e-05
ENSG00000132972	1.2042111837789254e-05
ENSG00000146938	1.2032581915292451e-05
ENSG00000144535	1.2024869523938028e-05
ENSG00000115665	1.1999743180681397e-05
ENSG00000158987	1.1989280619571318e-05
ENSG00000184635	1.198291576132751e-05
ENSG00000227420	1.1976201269691287e-05
ENSG00000285206	1.197146659934862e-05
ENSG00000109775	1.1968940255240713e-05
ENSG00000100575	1.1962705247790827e-05
ENSG00000138641	1.1961682197540882e-05
ENSG00000176194	1.1943901428789478e-05
ENSG00000092529	1.1942815402819108e-05
ENSG00000285344	1.1939737476768772e-05
ENSG00000155330	1.193723148009182e-05
ENSG00000133134	1.1929307819510021e-05
ENSG00000204822	1.1928602593846883e-05
ENSG00000196562	1.1925306050540214e-05
ENSG00000278613	1.1899036157386195e-05
ENSG00000074964	1.1891126152732309e-05
ENSG00000111879	1.1880129844651732e-05
ENSG00000014641	1.1868763986072988e-05
ENSG00000173928	1.1863233489874848e-05
ENSG00000171611	1.1862116063853655e-05
ENSG00000141295	1.1856814188248192e-05
ENSG00000001084	1.1855416774675517e-05
ENSG00000008952	1.1846971150834615e-05
ENSG00000122557	1.184079782271016e-05
ENSG00000174851	1.1833232115894483e-05
ENSG00000185650	1.1828857230822262e-05
ENSG00000081181	1.1824931444867915e-05
ENSG00000139287	1.18187838888925e-05
ENSG00000005020	1.1801271009213798e-05
ENSG00000172554	1.1801262727640575e-05
ENSG00000187676	1.1800482810731987e-05
ENSG00000275935	1.1799287422536082e-05
ENSG00000197121	1.1797620259696925e-05
ENSG00000117154	1.1785757270950663e-05
ENSG00000177000	1.1784204265422816e-05
ENSG00000278284	1.1782977741662978e-05
ENSG00000151623	1.1770172018531795e-05
ENSG00000076248	1.1755093701703887e-05
ENSG00000157637	1.1751297634646287e-05
ENSG00000108515	1.1738847653995508e-05
ENSG00000124253	1.1737180316585552e-05
ENSG00000102471	1.1736626257944695e-05
ENSG00000124523	1.1727748435902529e-05
ENSG00000101294	1.1720401010897306e-05
ENSG00000162066	1.1718640099934158e-05
ENSG00000175087	1.1715344565507371e-05
ENSG00000070778	1.1715079946295532e-05
ENSG00000164318	1.1708863197039187e-05
ENSG00000177468	1.1704085412488095e-05
ENSG00000142273	1.1694719390706912e-05
ENSG00000065911	1.1670619075475962e-05
ENSG00000129474	1.1662134062904612e-05
ENSG00000236515	1.1657987867327706e-05
ENSG00000152778	1.1651329571430702e-05
ENSG00000132669	1.1646550401387002e-05
ENSG00000163319	1.1644836573690945e-05
ENSG00000151176	1.1637178334441775e-05
ENSG00000147586	1.1635901072516887e-05
ENSG00000159640	1.1630542470212612e-05
ENSG00000168890	1.161718329808431e-05
ENSG00000116138	1.1611773874474078e-05
ENSG00000136720	1.1581801630134453e-05
ENSG00000163516	1.1573303457519142e-05
ENSG00000130513	1.156920926150543e-05
ENSG00000151338	1.1560664977541277e-05
ENSG00000160862	1.1559083178513465e-05
ENSG00000090612	1.1551165785029795e-05
ENSG00000103528	1.1547893244781662e-05
ENSG00000146278	1.1540051059820959e-05
ENSG00000151611	1.153908987645691e-05
ENSG00000174306	1.1537313823725776e-05
ENSG00000068079	1.1534154977757968e-05
ENSG00000203782	1.1533288724644053e-05
ENSG00000141429	1.1531233042691327e-05
ENSG00000137393	1.1523212276416962e-05
ENSG00000275013	1.1514221097410232e-05
ENSG00000115970	1.1512390940186735e-05
ENSG00000090857	1.1507916859983823e-05
ENSG00000010295	1.1506774680150853e-05
ENSG00000116157	1.150274950659755e-05
ENSG00000126243	1.1500868935699481e-05
ENSG00000164366	1.1498081930591723e-05
ENSG00000116679	1.1494495532927895e-05
ENSG00000134765	1.1493319285312978e-05
ENSG00000283630	1.1490588847212652e-05
ENSG00000168575	1.1490532629440167e-05
ENSG00000174788	1.1468368445463434e-05
ENSG00000165471	1.1464423899463895e-05
ENSG00000161664	1.1461593212391778e-05
ENSG00000114805	1.1461593212391778e-05
ENSG00000068354	1.144924036616761e-05
ENSG00000130529	1.1429847589769428e-05
ENSG00000158526	1.1404250349682424e-05
ENSG00000150510	1.140417948412489e-05
ENSG00000213390	1.1403124410075199e-05
ENSG00000105379	1.140125622174019e-05
ENSG00000124107	1.1394203348149767e-05
ENSG00000180667	1.1385026860264498e-05
ENSG00000197077	1.1380449249532763e-05
ENSG00000173548	1.1374704824528196e-05
ENSG00000182333	1.1371685066930266e-05
ENSG00000167995	1.1364072248561036e-05
ENSG00000075826	1.135530063412487e-05
ENSG00000174417	1.135212318449461e-05
ENSG00000101493	1.1351708581460028e-05
ENSG00000169991	1.134381027642266e-05
ENSG00000122547	1.134087239864785e-05
ENSG00000146285	1.1338252073529172e-05
ENSG00000064787	1.1332323854305585e-05
ENSG00000165169	1.1331891113347373e-05
ENSG00000148429	1.1330019428183534e-05
ENSG00000134709	1.132595229213618e-05
ENSG00000197961	1.1315511248052821e-05
ENSG00000011347	1.1313598016078804e-05
ENSG00000136770	1.130841597644203e-05
ENSG00000135960	1.1303932903367932e-05
ENSG00000162542	1.1296565237349728e-05
ENSG00000100664	1.129280505462231e-05
ENSG00000177556	1.1283066893124829e-05
ENSG00000274811	1.127727657912754e-05
ENSG00000121274	1.1275558816721839e-05
ENSG00000177971	1.1273782543454117e-05
ENSG00000152785	1.124083167469275e-05
ENSG00000136868	1.1218991707110781e-05
ENSG00000168515	1.1218438108060633e-05
ENSG00000183943	1.1189438427678333e-05
ENSG00000134294	1.1186046541983417e-05
ENSG00000116874	1.1181427898651692e-05
ENSG00000157322	1.1176326456561947e-05
ENSG00000125820	1.1166816757393919e-05
ENSG00000163788	1.1159560374124378e-05
ENSG00000117308	1.1158188845798314e-05
ENSG00000136444	1.1157159526933872e-05
ENSG00000168026	1.1156120178187107e-05
ENSG00000165630	1.1149064665615442e-05
ENSG00000148541	1.1127903302357168e-05
ENSG00000288219	1.1123267263463891e-05
ENSG00000169629	1.1111200026016569e-05
ENSG00000171530	1.110995537184126e-05
ENSG00000164877	1.1101475126710005e-05
ENSG00000083123	1.1094658453095676e-05
ENSG00000121413	1.1091882313919704e-05
ENSG00000112787	1.1082244344210594e-05
ENSG00000120729	1.10744541780264e-05
ENSG00000176020	1.105953195298769e-05
ENSG00000285121	1.105471968525214e-05
ENSG00000130303	1.1054623711594422e-05
ENSG00000198798	1.1043213193663821e-05
ENSG00000148154	1.104127349880877e-05
ENSG00000148834	1.1018294515755373e-05
ENSG00000101981	1.1014416267249625e-05
ENSG00000172893	1.1013134119218235e-05
ENSG00000128872	1.100607391160886e-05
ENSG00000143365	1.1005158818815352e-05
ENSG00000165376	1.0998399036929325e-05
ENSG00000089335	1.09981569826186e-05
ENSG00000074582	1.0992666622107684e-05
ENSG00000183527	1.0991962553729165e-05
ENSG00000197951	1.0979586384874137e-05
ENSG00000171786	1.0969726756594435e-05
ENSG00000131203	1.0967775838767104e-05
ENSG00000065029	1.0962898276843738e-05
ENSG00000112304	1.0961074588903097e-05
ENSG00000166997	1.0958709997998124e-05
ENSG00000134375	1.0952418390573e-05
ENSG00000171303	1.0939702513500685e-05
ENSG00000111912	1.093395786515724e-05
ENSG00000186918	1.092023871773858e-05
ENSG00000110975	1.0915958541640755e-05
ENSG00000019186	1.0905590024539627e-05
ENSG00000196422	1.0894488772198262e-05
ENSG00000076344	1.0891939343985579e-05
ENSG00000196981	1.089068885959929e-05
ENSG00000196116	1.0876791940319208e-05
ENSG00000196990	1.086954387400269e-05
ENSG00000213999	1.0868516143437572e-05
ENSG00000214413	1.086737453183155e-05
ENSG00000196236	1.0866667675929175e-05
ENSG00000123131	1.085323587438482e-05
ENSG00000283024	1.0839865817688775e-05
ENSG00000137124	1.0833001647072118e-05
ENSG00000169271	1.0830157430466597e-05
ENSG00000154262	1.0829314740378536e-05
ENSG00000124019	1.0823439430655991e-05
ENSG00000108932	1.0813806034704472e-05
ENSG00000099957	1.0811444926044248e-05
ENSG00000119782	1.0809433688690711e-05
ENSG00000167641	1.0806808420987721e-05
ENSG00000130517	1.080322114686232e-05
ENSG00000144840	1.079816050245912e-05
ENSG00000269058	1.079757354081988e-05
ENSG00000160180	1.0793998930856998e-05
ENSG00000138036	1.078839992646402e-05
ENSG00000139636	1.0788027066766985e-05
ENSG00000119927	1.0771342197570485e-05
ENSG00000141384	1.0770664667561951e-05
ENSG00000197165	1.076647990987472e-05
ENSG00000277926	1.0745399848451593e-05
ENSG00000168209	1.0738878031797843e-05
ENSG00000166507	1.071311449781026e-05
ENSG00000115271	1.070501363268968e-05
ENSG00000176422	1.070436832398886e-05
ENSG00000162595	1.0703743786061413e-05
ENSG00000164331	1.0702087978572515e-05
ENSG00000153250	1.0698629124793043e-05
ENSG00000132958	1.069839860875434e-05
ENSG00000128928	1.0698157076058544e-05
ENSG00000149380	1.0695340760770827e-05
ENSG00000109184	1.0688165050611807e-05
ENSG00000178074	1.0684140629248038e-05
ENSG00000149577	1.0666734292917267e-05
ENSG00000111802	1.0659096067583902e-05
ENSG00000013016	1.0650154636530551e-05
ENSG00000136689	1.0642429531540108e-05
ENSG00000168906	1.0635071880078223e-05
ENSG00000160058	1.062686655043353e-05
ENSG00000122912	1.0623464986575661e-05
ENSG00000135205	1.0622548525303003e-05
ENSG00000275544	1.0621749295651217e-05
ENSG00000130193	1.0615413352297892e-05
ENSG00000164096	1.060527173284154e-05
ENSG00000099992	1.0602604288879933e-05
ENSG00000170465	1.0580410342895046e-05
ENSG00000002549	1.0568007913216907e-05
ENSG00000185960	1.0566254094824435e-05
ENSG00000151914	1.055713857251799e-05
ENSG00000103966	1.0545050953975558e-05
ENSG00000231925	1.052650338959738e-05
ENSG00000288408	1.0523402343299405e-05
ENSG00000119929	1.0522895046212261e-05
ENSG00000168802	1.0521855634284058e-05
ENSG00000077454	1.052089872486831e-05
ENSG00000101246	1.0517258047028818e-05
ENSG00000167283	1.0503156625533836e-05
ENSG00000170802	1.0497246436568046e-05
ENSG00000284548	1.049002370947295e-05
ENSG00000140612	1.0475034127864765e-05
ENSG00000198142	1.047318490975702e-05
ENSG00000237808	1.0470934033376105e-05
ENSG00000007062	1.0467365473435896e-05
ENSG00000182810	1.0467332386420547e-05
ENSG00000121797	1.0463040581688107e-05
ENSG00000160191	1.045799295898506e-05
ENSG00000125144	1.0456708734945568e-05
ENSG00000168830	1.045427195569551e-05
ENSG00000117594	1.0443989522065518e-05
ENSG00000179407	1.0441480145478165e-05
ENSG00000171204	1.043294883767974e-05
ENSG00000102931	1.0425786374190326e-05
ENSG00000073734	1.0420523338513704e-05
ENSG00000100412	1.0417916586870722e-05
ENSG00000227402	1.0417406027879579e-05
ENSG00000144452	1.0417358022221745e-05
ENSG00000104497	1.041678054935665e-05
ENSG00000184787	1.0408256448221104e-05
ENSG00000063761	1.0406039955940193e-05
ENSG00000185885	1.0394499619021342e-05
ENSG00000172331	1.0385285852226356e-05
ENSG00000147324	1.0382340645855887e-05
ENSG00000181523	1.0379305414569477e-05
ENSG00000198108	1.0375775075053026e-05
ENSG00000126838	1.0359238041128165e-05
ENSG00000111783	1.0354379090712253e-05
ENSG00000156006	1.0345174572863865e-05
ENSG00000118507	1.0339325576824307e-05
ENSG00000196743	1.0335480470464818e-05
ENSG00000189171	1.0328709909645956e-05
ENSG00000164830	1.029990882864784e-05
ENSG00000178685	1.0293743752310126e-05
ENSG00000160570	1.029190347928879e-05
ENSG00000154783	1.0282893098459745e-05
ENSG00000278728	1.0274109876061547e-05
ENSG00000032444	1.0274055777338305e-05
ENSG00000282825	1.0270495611517624e-05
ENSG00000140675	1.0233295020231369e-05
ENSG00000184828	1.0223646624266664e-05
ENSG00000137509	1.022235349974347e-05
ENSG00000139278	1.0203007435218101e-05
ENSG00000100350	1.02005099016555e-05
ENSG00000276021	1.019346282101571e-05
ENSG00000171970	1.019175418700656e-05
ENSG00000166340	1.0179688104858104e-05
ENSG00000119899	1.0164251277630696e-05
ENSG00000132326	1.0151736924906693e-05
ENSG00000263155	1.0142008601411083e-05
ENSG00000153029	1.0138132911152484e-05
ENSG00000243414	1.013584900415002e-05
ENSG00000183828	1.0135285385069738e-05
ENSG00000083290	1.0132462355971516e-05
ENSG00000113905	1.012416377619472e-05
ENSG00000280477	1.0119346348897952e-05
ENSG00000176871	1.0113386235375974e-05
ENSG00000135916	1.0111064018627702e-05
ENSG00000156026	1.0094044078740068e-05
ENSG00000069943	1.0090072101028044e-05
ENSG00000205358	1.0086455444613153e-05
ENSG00000170088	1.0084266794684991e-05
ENSG00000254470	1.0072295245447513e-05
ENSG00000149534	1.0070835993228121e-05
ENSG00000187193	1.0067877358206748e-05
ENSG00000138802	1.0062301118144385e-05
ENSG00000087253	1.0062032325320907e-05
ENSG00000156049	1.005555237351798e-05
ENSG00000130762	1.00448129682102e-05
ENSG00000105088	1.0041138173338757e-05
ENSG00000148158	1.0039293862054741e-05
ENSG00000147041	1.0035280049738038e-05
ENSG00000147955	1.0032956293943272e-05
ENSG00000187650	1.0018032451666828e-05
ENSG00000113356	1.0016521653607352e-05
ENSG00000204370	1.0009156548397736e-05
ENSG00000131171	1.0006055126982117e-05
ENSG00000158856	1.0003811549634019e-05
ENSG00000198453	9.997078894556428e-06
ENSG00000108839	9.990240033424654e-06
ENSG00000156502	9.979775211360095e-06
ENSG00000276657	9.973474423713266e-06
ENSG00000206527	9.971934409654003e-06
ENSG00000159792	9.96296116115111e-06
ENSG00000136003	9.962821567818202e-06
ENSG00000205810	9.930650389424839e-06
ENSG00000186272	9.916265337237733e-06
ENSG00000169562	9.904807913937196e-06
ENSG00000288185	9.902125012547117e-06
ENSG00000259431	9.899181176798854e-06
ENSG00000274779	9.896217985545435e-06
ENSG00000137501	9.89549681904748e-06
ENSG00000141665	9.89336868455048e-06
ENSG00000245680	9.884668587233468e-06
ENSG00000276836	9.88428608590792e-06
ENSG00000110108	9.879519856146054e-06
ENSG00000114735	9.871699700760806e-06
ENSG00000133246	9.869944101009989e-06
ENSG00000113391	9.86664680200817e-06
ENSG00000099203	9.838904637591504e-06
ENSG00000138131	9.837134303808264e-06
ENSG00000152229	9.817317882582366e-06
ENSG00000131187	9.81425392100603e-06
ENSG00000033100	9.814161949210835e-06
ENSG00000136856	9.806400099676896e-06
ENSG00000110911	9.80029305754747e-06
ENSG00000183580	9.797836883020795e-06
ENSG00000253548	9.784785091595963e-06
ENSG00000165282	9.779689984580512e-06
ENSG00000204086	9.773701820945819e-06
ENSG00000141127	9.771402234415695e-06
ENSG00000227720	9.760175523197274e-06
ENSG00000177181	9.754106131413738e-06
ENSG00000288503	9.750321756029116e-06
ENSG00000241945	9.739336437530314e-06
ENSG00000104327	9.737940414785346e-06
ENSG00000223638	9.731267754599446e-06
ENSG00000173221	9.721147715705577e-06
ENSG00000115590	9.715680563945315e-06
ENSG00000197976	9.712854443025886e-06
ENSG00000109511	9.705461914062819e-06
ENSG00000281857	9.704530053483594e-06
ENSG00000129680	9.704470309058187e-06
ENSG00000254986	9.695926196790463e-06
ENSG00000141519	9.690616384183444e-06
ENSG00000133597	9.683722653455279e-06
ENSG00000280706	9.680272757910612e-06
ENSG00000100490	9.678553535864451e-06
ENSG00000170412	9.677101170883873e-06
ENSG00000243130	9.67688182105336e-06
ENSG00000258315	9.665521243505011e-06
ENSG00000186326	9.65881283546345e-06
ENSG00000186479	9.65881283546345e-06
ENSG00000272636	9.635827617592055e-06
ENSG00000188997	9.624251815801336e-06
ENSG00000081041	9.606231958307348e-06
ENSG00000157823	9.60112205375335e-06
ENSG00000123560	9.600773036052498e-06
ENSG00000146802	9.59764049916836e-06
ENSG00000176715	9.595133034887277e-06
ENSG00000187595	9.572997752186616e-06
ENSG00000140280	9.557005571904236e-06
ENSG00000188393	9.551145616509614e-06
ENSG00000165264	9.54123902493896e-06
ENSG00000100154	9.533753659518459e-06
ENSG00000129187	9.53118383002955e-06
ENSG00000234414	9.529865328486706e-06
ENSG00000188352	9.527552905528814e-06
ENSG00000204178	9.526618546800026e-06
ENSG00000087589	9.51568246515895e-06
ENSG00000089163	9.511157530270623e-06
ENSG00000124469	9.503725687928464e-06
ENSG00000172828	9.503127927729106e-06
ENSG00000168056	9.501243074336649e-06
ENSG00000170262	9.500964063599886e-06
ENSG00000135324	9.500964063599886e-06
ENSG00000074317	9.485605971391748e-06
ENSG00000148384	9.483361412849826e-06
ENSG00000044459	9.475474579571693e-06
ENSG00000154099	9.475265792979079e-06
ENSG00000089876	9.459924463554103e-06
ENSG00000152969	9.453249997928182e-06
ENSG00000135049	9.452998624205505e-06
ENSG00000165312	9.446695874617853e-06
ENSG00000168528	9.442132489622347e-06
ENSG00000249471	9.441963687436322e-06
ENSG00000106069	9.44099049598725e-06
ENSG00000118407	9.440263244859968e-06
ENSG00000204634	9.432254358108354e-06
ENSG00000135114	9.424819051984262e-06
ENSG00000159200	9.424160888634478e-06
ENSG00000141560	9.41983792694265e-06
ENSG00000189046	9.396184642110213e-06
ENSG00000161640	9.381836058210217e-06
ENSG00000147383	9.378088552080869e-06
ENSG00000280584	9.355151091818677e-06
ENSG00000164972	9.353200160331987e-06
ENSG00000276416	9.34803399558419e-06
ENSG00000137500	9.347198166842767e-06
ENSG00000187792	9.34078961975418e-06
ENSG00000179761	9.329258413117595e-06
ENSG00000274296	9.327319849697615e-06
ENSG00000069431	9.32277977822501e-06
ENSG00000154620	9.32193710789167e-06
ENSG00000267534	9.320160226542787e-06
ENSG00000108439	9.310841954891068e-06
ENSG00000042317	9.296967647923984e-06
ENSG00000273607	9.29081588733041e-06
ENSG00000151806	9.274120054522008e-06
ENSG00000125746	9.26778402183856e-06
ENSG00000285182	9.26291657006099e-06
ENSG00000105755	9.25460894430682e-06
ENSG00000237165	9.245899344666837e-06
ENSG00000148411	9.239177224053884e-06
ENSG00000163170	9.236523854204906e-06
ENSG00000135686	9.21481549885885e-06
ENSG00000197381	9.213446865929417e-06
ENSG00000167371	9.209929594983675e-06
ENSG00000102575	9.201813241268966e-06
ENSG00000221946	9.200963469511399e-06
ENSG00000275122	9.193609996988061e-06
ENSG00000282228	9.184843328039028e-06
ENSG00000162600	9.184365760947583e-06
ENSG00000277149	9.181720886702367e-06
ENSG00000131725	9.180335782178389e-06
ENSG00000162650	9.173611701867495e-06
ENSG00000109654	9.158937490516852e-06
ENSG00000185432	9.155928803207327e-06
ENSG00000100116	9.141467149130554e-06
ENSG00000144827	9.140271838713376e-06
ENSG00000285178	9.134813909021959e-06
ENSG00000187742	9.129055439843194e-06
ENSG00000173451	9.128182828203934e-06
ENSG00000122375	9.114716681625766e-06
ENSG00000173258	9.112102136420298e-06
ENSG00000166006	9.106023932027281e-06
ENSG00000274437	9.102295643564458e-06
ENSG00000019169	9.101042483373005e-06
ENSG00000171388	9.096763577002184e-06
ENSG00000016864	9.089840513873398e-06
ENSG00000171488	9.082429616301371e-06
ENSG00000174672	9.0817960173429e-06
ENSG00000148204	9.07825726769065e-06
ENSG00000115758	9.074939751468046e-06
ENSG00000164512	9.068830188452643e-06
ENSG00000288141	9.053898955221798e-06
ENSG00000170855	9.047305142657298e-06
ENSG00000157510	9.034823934392281e-06
ENSG00000159173	9.026877654090934e-06
ENSG00000169504	9.025109787321718e-06
ENSG00000118777	9.022041090038442e-06
ENSG00000174944	9.017252117650082e-06
ENSG00000114374	9.01683570444241e-06
ENSG00000133135	9.002389633103401e-06
ENSG00000133318	8.990367095320207e-06
ENSG00000103257	8.981284280789572e-06
ENSG00000104853	8.971502901654276e-06
ENSG00000113119	8.971245708869495e-06
ENSG00000285011	8.97039671940121e-06
ENSG00000172476	8.969557520883462e-06
ENSG00000285203	8.968837256798513e-06
ENSG00000095539	8.968000991169006e-06
ENSG00000134755	8.967414894340777e-06
ENSG00000128228	8.965581337379644e-06
ENSG00000070081	8.965091384043719e-06
ENSG00000105607	8.963064055748551e-06
ENSG00000140986	8.951356691255397e-06
ENSG00000100321	8.932225337445855e-06
ENSG00000205403	8.91887337759271e-06
ENSG00000166965	8.91818746566573e-06
ENSG00000131748	8.916185329240185e-06
ENSG00000106853	8.9114687278823e-06
ENSG00000143162	8.909485267672105e-06
ENSG00000163749	8.896802762151221e-06
ENSG00000176428	8.891095900128133e-06
ENSG00000179477	8.881319997195214e-06
ENSG00000125629	8.877852335016185e-06
ENSG00000161509	8.87541074220048e-06
ENSG00000140398	8.870899876012386e-06
ENSG00000175606	8.867087503418477e-06
ENSG00000158473	8.863153125133136e-06
ENSG00000184502	8.861345686011781e-06
ENSG00000115657	8.859916766202357e-06
ENSG00000278693	8.85851887032498e-06
ENSG00000064666	8.85666130167011e-06
ENSG00000105499	8.835956739160988e-06
ENSG00000080546	8.83497109194647e-06
ENSG00000169598	8.829474048490511e-06
ENSG00000164904	8.82612438347686e-06
ENSG00000038532	8.825154947474714e-06
ENSG00000155792	8.822238827441972e-06
ENSG00000117280	8.819965508798905e-06
ENSG00000176896	8.819803801531924e-06
ENSG00000134343	8.80989862004145e-06
ENSG00000110660	8.797637754070624e-06
ENSG00000173409	8.796914115872192e-06
ENSG00000169251	8.796188289070775e-06
ENSG00000160216	8.793683534636883e-06
ENSG00000111678	8.791370321952888e-06
ENSG00000005379	8.786773424637691e-06
ENSG00000159723	8.780350166149277e-06
ENSG00000182230	8.776158924194787e-06
ENSG00000263057	8.759063549034599e-06
ENSG00000065665	8.74645486627344e-06
ENSG00000167508	8.740199584981408e-06
ENSG00000155093	8.739593671979875e-06
ENSG00000132879	8.73199474548453e-06
ENSG00000172007	8.722911190794067e-06
ENSG00000108187	8.720051422715218e-06
ENSG00000172059	8.714034033347204e-06
ENSG00000288295	8.712660834459759e-06
ENSG00000189430	8.712154183253256e-06
ENSG00000117215	8.703281953016195e-06
ENSG00000283034	8.701158601338053e-06
ENSG00000164040	8.699615094169926e-06
ENSG00000135272	8.672569325361887e-06
ENSG00000181004	8.669610639573387e-06
ENSG00000204160	8.668346651170011e-06
ENSG00000042781	8.666294719455544e-06
ENSG00000132825	8.66531279092639e-06
ENSG00000154274	8.663917458193726e-06
ENSG00000263238	8.661520611113834e-06
ENSG00000171298	8.66099847755149e-06
ENSG00000162482	8.649785843138856e-06
ENSG00000198938	8.639795312778621e-06
ENSG00000091317	8.639319568766164e-06
ENSG00000229493	8.637658499793824e-06
ENSG00000091483	8.637177413292232e-06
ENSG00000153904	8.626204451046842e-06
ENSG00000205758	8.62584171705214e-06
ENSG00000171462	8.621827766182209e-06
ENSG00000178567	8.61849209229586e-06
ENSG00000184985	8.613791699284891e-06
ENSG00000138449	8.602151630601951e-06
ENSG00000163092	8.586287032779715e-06
ENSG00000187189	8.586016854802863e-06
ENSG00000052126	8.583083413922736e-06
ENSG00000142765	8.573247362811557e-06
ENSG00000171291	8.566741260738355e-06
ENSG00000105223	8.5383425177225e-06
ENSG00000122707	8.533444128174703e-06
ENSG00000155158	8.530795543997414e-06
ENSG00000243137	8.530570235229803e-06
ENSG00000004799	8.529603950993348e-06
ENSG00000134198	8.528708958729092e-06
ENSG00000110171	8.511431052547579e-06
ENSG00000138308	8.511071694923277e-06
ENSG00000268009	8.507527744278984e-06
ENSG00000131732	8.489724160591494e-06
ENSG00000164023	8.486478475930304e-06
ENSG00000147894	8.483664458400783e-06
ENSG00000139644	8.48013674294637e-06
ENSG00000106868	8.47886248928323e-06
ENSG00000092200	8.474091586493217e-06
ENSG00000198610	8.460958955569997e-06
ENSG00000115042	8.460782641402804e-06
ENSG00000147364	8.45925749139122e-06
ENSG00000170624	8.454814862543226e-06
ENSG00000141574	8.453848878233536e-06
ENSG00000064687	8.447308263860753e-06
ENSG00000162413	8.446093592094466e-06
ENSG00000080618	8.442667179053925e-06
ENSG00000153774	8.43860383447802e-06
ENSG00000171017	8.438523192617413e-06
ENSG00000087301	8.437608612076267e-06
ENSG00000197343	8.43012146915513e-06
ENSG00000182326	8.425674223513408e-06
ENSG00000065154	8.421563998471415e-06
ENSG00000011198	8.415859159052252e-06
ENSG00000072954	8.412950743978037e-06
ENSG00000008118	8.411172557605921e-06
ENSG00000182318	8.397118944691766e-06
ENSG00000283741	8.393701329097625e-06
ENSG00000127831	8.39084230576902e-06
ENSG00000255561	8.373247464630308e-06
ENSG00000120370	8.372145128777462e-06
ENSG00000079150	8.36855944441416e-06
ENSG00000139263	8.368034103853351e-06
ENSG00000141526	8.362788197629625e-06
ENSG00000173597	8.362693714473504e-06
ENSG00000149499	8.359299547029843e-06
ENSG00000129204	8.353766152940284e-06
ENSG00000115361	8.342362554330725e-06
ENSG00000050438	8.338777521609275e-06
ENSG00000107521	8.338603318513043e-06
ENSG00000180822	8.331507975341854e-06
ENSG00000178802	8.328826376274209e-06
ENSG00000282657	8.328649795774551e-06
ENSG00000116885	8.31904269683999e-06
ENSG00000137709	8.316392384578676e-06
ENSG00000132840	8.303782813362572e-06
ENSG00000242386	8.302778033579098e-06
ENSG00000125735	8.293987616137392e-06
ENSG00000145936	8.290875382297273e-06
ENSG00000147251	8.28149910373319e-06
ENSG00000102781	8.280762891419095e-06
ENSG00000281309	8.270626660943244e-06
ENSG00000131446	8.258563282297267e-06
ENSG00000144711	8.246807767975787e-06
ENSG00000180509	8.244792954914662e-06
ENSG00000099769	8.23680968930753e-06
ENSG00000236279	8.236343723399756e-06
ENSG00000147642	8.232033704525795e-06
ENSG00000188033	8.229930226464656e-06
ENSG00000130881	8.229917030453744e-06
ENSG00000175175	8.228089979755124e-06
ENSG00000134324	8.220608072888465e-06
ENSG00000187097	8.217074927457084e-06
ENSG00000168589	8.204143700394081e-06
ENSG00000278444	8.202273240934358e-06
ENSG00000198682	8.19816094141582e-06
ENSG00000111726	8.196786121806103e-06
ENSG00000134809	8.196094361600996e-06
ENSG00000041880	8.194102145811578e-06
ENSG00000073803	8.190993610125781e-06
ENSG00000111271	8.187896482268343e-06
ENSG00000262635	8.181102967807056e-06
ENSG00000244122	8.180638772672011e-06
ENSG00000163644	8.17987771553216e-06
ENSG00000060971	8.177493271985388e-06
ENSG00000133020	8.175778836062765e-06
ENSG00000181826	8.167510911388195e-06
ENSG00000066651	8.16459376623146e-06
ENSG00000162783	8.14816072165036e-06
ENSG00000186310	8.147003292548897e-06
ENSG00000163884	8.14005681598571e-06
ENSG00000119820	8.139569424225246e-06
ENSG00000132744	8.127121253646953e-06
ENSG00000166123	8.126865623918876e-06
ENSG00000158104	8.120769432082491e-06
ENSG00000139370	8.11650306126308e-06
ENSG00000161618	8.111982056481784e-06
ENSG00000130528	8.11107302861808e-06
ENSG00000100344	8.11054516822471e-06
ENSG00000102317	8.10159709884954e-06
ENSG00000188690	8.100542671493956e-06
ENSG00000151322	8.098059733598116e-06
ENSG00000119280	8.091080977347602e-06
ENSG00000108641	8.089831243687747e-06
ENSG00000138639	8.08896608308543e-06
ENSG00000233450	8.088135523671744e-06
ENSG00000158477	8.086353799630792e-06
ENSG00000013288	8.07361203795147e-06
ENSG00000276615	8.073253501182482e-06
ENSG00000070214	8.07053105911004e-06
ENSG00000274334	8.063272837497697e-06
ENSG00000137070	8.058050479223227e-06
ENSG00000178971	8.050596086882317e-06
ENSG00000115504	8.04288448562441e-06
ENSG00000100304	8.04204880520208e-06
ENSG00000166446	8.04138615473874e-06
ENSG00000285390	8.040465086703739e-06
ENSG00000144893	8.039448384764792e-06
ENSG00000154814	8.024705303918501e-06
ENSG00000120594	8.00973441224531e-06
ENSG00000151876	8.009176555931625e-06
ENSG00000122176	8.000211583608239e-06
ENSG00000095321	7.969322221549486e-06
ENSG00000172461	7.968596462376837e-06
ENSG00000277140	7.961346402059466e-06
ENSG00000090674	7.954165226323687e-06
ENSG00000170049	7.95265955034992e-06
ENSG00000138166	7.943984288025033e-06
ENSG00000079215	7.937231809863944e-06
ENSG00000114491	7.932593819037761e-06
ENSG00000100629	7.918438342609785e-06
ENSG00000144040	7.917775244159841e-06
ENSG00000021852	7.901916241108488e-06
ENSG00000132965	7.894825421676553e-06
ENSG00000174007	7.893183714658585e-06
ENSG00000183963	7.890884898556685e-06
ENSG00000110243	7.889108166046012e-06
ENSG00000104946	7.887770203073614e-06
ENSG00000169902	7.886730167613769e-06
ENSG00000168282	7.875556446233507e-06
ENSG00000182463	7.872678844536558e-06
ENSG00000211598	7.859566403213769e-06
ENSG00000197601	7.853924321019466e-06
ENSG00000150961	7.851089440412589e-06
ENSG00000197586	7.84057392049869e-06
ENSG00000148677	7.816596817875991e-06
ENSG00000197614	7.815745136853038e-06
ENSG00000203942	7.814709103719718e-06
ENSG00000186462	7.803406792533884e-06
ENSG00000172986	7.803406792533884e-06
ENSG00000213145	7.798646771697557e-06
ENSG00000180855	7.791961342005637e-06
ENSG00000198515	7.787522025363434e-06
ENSG00000166562	7.783698011181325e-06
ENSG00000153132	7.783150579333778e-06
ENSG00000152503	7.768511755348982e-06
ENSG00000110697	7.76750792845572e-06
ENSG00000171989	7.757226843354177e-06
ENSG00000178904	7.751462717917184e-06
ENSG00000126524	7.749272428152775e-06
ENSG00000196967	7.736857378094594e-06
ENSG00000108551	7.728984397322203e-06
ENSG00000172339	7.722825073289829e-06
ENSG00000005471	7.722447689084531e-06
ENSG00000282854	7.720293107866672e-06
ENSG00000021355	7.71399302412595e-06
ENSG00000151689	7.713099910222001e-06
ENSG00000014919	7.705323210911973e-06
ENSG00000149929	7.702609139694625e-06
ENSG00000059122	7.700761048740372e-06
ENSG00000101445	7.695777059362199e-06
ENSG00000167693	7.68910181500106e-06
ENSG00000280663	7.675121780468112e-06
ENSG00000114487	7.674730761537584e-06
ENSG00000153885	7.667071394695455e-06
ENSG00000188394	7.665011394987232e-06
ENSG00000135951	7.65562371728143e-06
ENSG00000117448	7.649376185260687e-06
ENSG00000111144	7.642317017994168e-06
ENSG00000006625	7.631509785700936e-06
ENSG00000135480	7.63089195605704e-06
ENSG00000196428	7.610758348196537e-06
ENSG00000008382	7.610359766610197e-06
ENSG00000100263	7.602232009259204e-06
ENSG00000064225	7.600101434997216e-06
ENSG00000213799	7.5921203401920726e-06
ENSG00000272804	7.588830499505347e-06
ENSG00000244752	7.586921022052819e-06
ENSG00000140450	7.583831505086875e-06
ENSG00000241123	7.578710910022727e-06
ENSG00000116273	7.567064436846901e-06
ENSG00000176155	7.5632469993699905e-06
ENSG00000163291	7.5600302717607676e-06
ENSG00000197893	7.5598099777892984e-06
ENSG00000164465	7.558922296417814e-06
ENSG00000162368	7.526646014332584e-06
ENSG00000148690	7.5234045935783175e-06
ENSG00000277964	7.51278213227388e-06
ENSG00000233573	7.510965683007048e-06
ENSG00000155961	7.506353178125716e-06
ENSG00000197050	7.50537011075259e-06
ENSG00000101974	7.497949284167333e-06
ENSG00000106415	7.486945052421963e-06
ENSG00000180346	7.486784346840777e-06
ENSG00000100276	7.483396247703431e-06
ENSG00000184307	7.483206273520655e-06
ENSG00000175352	7.479458429734621e-06
ENSG00000129235	7.472663328055691e-06
ENSG00000174080	7.468299026608922e-06
ENSG00000003147	7.463793793710628e-06
ENSG00000197361	7.448328515976545e-06
ENSG00000185187	7.437883664829248e-06
ENSG00000059378	7.436056557644209e-06
ENSG00000100983	7.435056778013948e-06
ENSG00000065371	7.423775722889281e-06
ENSG00000100294	7.4174861619846764e-06
ENSG00000010704	7.408607893303823e-06
ENSG00000278023	7.400525685967835e-06
ENSG00000185621	7.39603916075346e-06
ENSG00000168067	7.387819833467763e-06
ENSG00000277276	7.386908410050854e-06
ENSG00000172005	7.386830818369255e-06
ENSG00000148339	7.3859485090471175e-06
ENSG00000284468	7.382568944614665e-06
ENSG00000100599	7.366875543160491e-06
ENSG00000138813	7.355951398297338e-06
ENSG00000163710	7.355771147000278e-06
ENSG00000111701	7.331181335505354e-06
ENSG00000169299	7.329449081409314e-06
ENSG00000170788	7.326102243064949e-06
ENSG00000143473	7.325588658134868e-06
ENSG00000196693	7.322292551776978e-06
ENSG00000171936	7.31330038520731e-06
ENSG00000157884	7.3098754760486464e-06
ENSG00000181896	7.308965839108443e-06
ENSG00000131378	7.307711734860658e-06
ENSG00000186017	7.297613441676505e-06
ENSG00000121716	7.294088900197445e-06
ENSG00000141965	7.287023528921191e-06
ENSG00000120289	7.282823866810326e-06
ENSG00000169599	7.282116140268859e-06
ENSG00000117143	7.28194059927929e-06
ENSG00000187033	7.278543324592962e-06
ENSG00000185813	7.277316399745046e-06
ENSG00000082212	7.271786681233634e-06
ENSG00000068137	7.268743144998425e-06
ENSG00000172915	7.267655173942945e-06
ENSG00000176358	7.249438732320133e-06
ENSG00000147081	7.233724866797001e-06
ENSG00000163273	7.233349188401921e-06
ENSG00000167600	7.224433160223316e-06
ENSG00000111049	7.223581520935037e-06
ENSG00000167196	7.221031643095143e-06
ENSG00000008130	7.213775216195987e-06
ENSG00000111837	7.212204993875597e-06
ENSG00000174516	7.2109340337519865e-06
ENSG00000154080	7.208787371568704e-06
ENSG00000213625	7.201885841805741e-06
ENSG00000177383	7.197346910582066e-06
ENSG00000145287	7.1894590802454136e-06
ENSG00000271303	7.189145140438193e-06
ENSG00000151366	7.176036797702213e-06
ENSG00000168734	7.170260097576675e-06
ENSG00000079313	7.168071024182607e-06
ENSG00000168314	7.161347323976698e-06
ENSG00000173992	7.1490098601734176e-06
ENSG00000170430	7.144383515817416e-06
ENSG00000183396	7.1424683444199515e-06
ENSG00000061918	7.139411817414379e-06
ENSG00000198130	7.127986945187344e-06
ENSG00000140848	7.127260116730417e-06
ENSG00000169955	7.120081516053938e-06
ENSG00000126088	7.114571709144888e-06
ENSG00000170873	7.111737633508191e-06
ENSG00000132434	7.111479774428794e-06
ENSG00000165704	7.105084962159161e-06
ENSG00000067177	7.097634394922255e-06
ENSG00000187288	7.084145327576716e-06
ENSG00000186501	7.074595419001432e-06
ENSG00000172922	7.072410094687759e-06
ENSG00000121851	7.068830528660436e-06
ENSG00000175482	7.066793527137633e-06
ENSG00000091656	7.066428107529927e-06
ENSG00000196557	7.064753776958442e-06
ENSG00000213931	7.063002509074936e-06
ENSG00000166133	7.058785805068982e-06
ENSG00000150764	7.058545107966239e-06
ENSG00000140400	7.0519215082097345e-06
ENSG00000214456	7.044793228974935e-06
ENSG00000178386	7.038163675577805e-06
ENSG00000282838	7.037648492369915e-06
ENSG00000284495	7.029065860798738e-06
ENSG00000189195	7.026120055777501e-06
ENSG00000288357	7.006645688699696e-06
ENSG00000151164	7.001300710825527e-06
ENSG00000172890	7.001011254396208e-06
ENSG00000114626	6.990114094906406e-06
ENSG00000152558	6.9872150429979225e-06
ENSG00000205581	6.975977389062281e-06
ENSG00000140830	6.971880871031904e-06
ENSG00000272325	6.969026412371445e-06
ENSG00000140057	6.966869643933669e-06
ENSG00000085831	6.96534799918514e-06
ENSG00000170364	6.960813615264097e-06
ENSG00000196689	6.95906047099176e-06
ENSG00000139269	6.955767767918669e-06
ENSG00000198885	6.951557044143737e-06
ENSG00000204065	6.940241575920756e-06
ENSG00000178449	6.937809440888029e-06
ENSG00000158457	6.935253512939307e-06
ENSG00000120913	6.932987645428683e-06
ENSG00000144677	6.932067073693222e-06
ENSG00000174460	6.927131454377801e-06
ENSG00000180957	6.921148120785258e-06
ENSG00000073169	6.91983198661571e-06
ENSG00000184178	6.919124790277231e-06
ENSG00000159882	6.917286728035217e-06
ENSG00000143862	6.916721894977781e-06
ENSG00000239789	6.911185623553762e-06
ENSG00000127952	6.900456655661047e-06
ENSG00000151093	6.898287494033246e-06
ENSG00000173868	6.896153498132533e-06
ENSG00000160200	6.895431415002096e-06
ENSG00000129657	6.892471573005587e-06
ENSG00000164778	6.873040119467231e-06
ENSG00000049239	6.872994109869137e-06
ENSG00000133983	6.868862704717589e-06
ENSG00000139433	6.868777534959199e-06
ENSG00000171234	6.858294826440262e-06
ENSG00000168939	6.857223295134406e-06
ENSG00000187678	6.839220982006089e-06
ENSG00000121104	6.8342644206140346e-06
ENSG00000110871	6.828767245637088e-06
ENSG00000198805	6.827922327325621e-06
ENSG00000108179	6.825043688344315e-06
ENSG00000280165	6.824025655066585e-06
ENSG00000288293	6.8212318235293515e-06
ENSG00000119723	6.820374327752109e-06
ENSG00000182179	6.8195896931363694e-06
ENSG00000169908	6.809163893389265e-06
ENSG00000179083	6.809163893389265e-06
ENSG00000143450	6.805046752770607e-06
ENSG00000070614	6.7911939557469895e-06
ENSG00000126264	6.780835226789259e-06
ENSG00000081985	6.7755340321354266e-06
ENSG00000099260	6.769253056876278e-06
ENSG00000178996	6.758875514158753e-06
ENSG00000181722	6.750411883491633e-06
ENSG00000196372	6.74824598779661e-06
ENSG00000161671	6.7464052025536634e-06
ENSG00000172794	6.743856980943203e-06
ENSG00000109047	6.734490022926651e-06
ENSG00000110917	6.722505862677788e-06
ENSG00000139793	6.711228512458238e-06
ENSG00000132330	6.707708857546802e-06
ENSG00000196263	6.7023004351241235e-06
ENSG00000075239	6.700461583819029e-06
ENSG00000196684	6.696137767789199e-06
ENSG00000151575	6.680990891026345e-06
ENSG00000167701	6.671708278910182e-06
ENSG00000132196	6.671187785663439e-06
ENSG00000276559	6.670099586931988e-06
ENSG00000167550	6.663245211611595e-06
ENSG00000143740	6.662800236136437e-06
ENSG00000169857	6.647566801053735e-06
ENSG00000139233	6.647250953923848e-06
ENSG00000164756	6.646801430741231e-06
ENSG00000105501	6.6266594623496265e-06
ENSG00000123728	6.6215842765038e-06
ENSG00000163945	6.61695496085004e-06
ENSG00000197863	6.616382047982205e-06
ENSG00000116117	6.571574004016026e-06
ENSG00000171794	6.560269981492264e-06
ENSG00000105552	6.558652462601348e-06
ENSG00000256683	6.556138306779756e-06
ENSG00000196754	6.539387915295431e-06
ENSG00000151552	6.536796618171902e-06
ENSG00000283539	6.529966235809375e-06
ENSG00000009694	6.528141791283666e-06
ENSG00000100196	6.5045970719558974e-06
ENSG00000149547	6.497693257984841e-06
ENSG00000162032	6.495337485395529e-06
ENSG00000117400	6.480005132890605e-06
ENSG00000173335	6.475706947394707e-06
ENSG00000100505	6.475250051784267e-06
ENSG00000101746	6.4741555750201375e-06
ENSG00000106638	6.47354231260297e-06
ENSG00000170160	6.4678756838631074e-06
ENSG00000184330	6.46477511605259e-06
ENSG00000022355	6.457085275611557e-06
ENSG00000235233	6.4515922980135474e-06
ENSG00000276111	6.448399317916538e-06
ENSG00000154548	6.43322292624759e-06
ENSG00000179532	6.424028416000788e-06
ENSG00000198856	6.423813969219982e-06
ENSG00000124098	6.414180818167066e-06
ENSG00000155368	6.4105686163938955e-06
ENSG00000188282	6.405636549470195e-06
ENSG00000171201	6.400584317542209e-06
ENSG00000204131	6.3985002481193485e-06
ENSG00000276011	6.397401346600804e-06
ENSG00000163283	6.397373711581313e-06
ENSG00000183798	6.391121072312539e-06
ENSG00000285451	6.389713162731706e-06
ENSG00000110025	6.385800093318679e-06
ENSG00000288504	6.367473025565034e-06
ENSG00000154545	6.3672060146712836e-06
ENSG00000188315	6.35956013585939e-06
ENSG00000008438	6.352247561981463e-06
ENSG00000188522	6.35069606284383e-06
ENSG00000132819	6.33143761847963e-06
ENSG00000136161	6.329291015413099e-06
ENSG00000111961	6.318051570797076e-06
ENSG00000198157	6.301726829432115e-06
ENSG00000145945	6.301529914341557e-06
ENSG00000042493	6.285599003030053e-06
ENSG00000198816	6.284661690208393e-06
ENSG00000187210	6.283587842794124e-06
ENSG00000152049	6.275436519244157e-06
ENSG00000126545	6.271946498912514e-06
ENSG00000262860	6.265399390874135e-06
ENSG00000155962	6.261834178681327e-06
ENSG00000147573	6.26099370152722e-06
ENSG00000285485	6.25853309256257e-06
ENSG00000090861	6.255558167797272e-06
ENSG00000086696	6.254276364912055e-06
ENSG00000135299	6.249313070355979e-06
ENSG00000164221	6.243882183996173e-06
ENSG00000232040	6.233101423120159e-06
ENSG00000176894	6.21895808940489e-06
ENSG00000121690	6.218953728852302e-06
ENSG00000282830	6.208298527668421e-06
ENSG00000198917	6.180304470222897e-06
ENSG00000182521	6.166945278684473e-06
ENSG00000105289	6.164223110471892e-06
ENSG00000179242	6.159935935482876e-06
ENSG00000188886	6.154951996727078e-06
ENSG00000122728	6.14725449263717e-06
ENSG00000232312	6.141127904301678e-06
ENSG00000136197	6.1388810613856605e-06
ENSG00000283887	6.095967760000509e-06
ENSG00000136240	6.092687061491718e-06
ENSG00000171428	6.084653335386266e-06
ENSG00000150750	6.081860718427868e-06
ENSG00000284869	6.074850297464557e-06
ENSG00000174428	6.074705390057842e-06
ENSG00000135636	6.065001419599217e-06
ENSG00000275333	6.058339411657247e-06
ENSG00000100359	6.053748460307253e-06
ENSG00000187630	6.0527895908730475e-06
ENSG00000166189	6.051474652974897e-06
ENSG00000131264	6.044358269206858e-06
ENSG00000162636	6.040182008657005e-06
ENSG00000198785	6.034139141439159e-06
ENSG00000277804	6.032979532086653e-06
ENSG00000120697	6.025662457806203e-06
ENSG00000164253	6.0046141231592225e-06
ENSG00000226916	6.003934640600193e-06
ENSG00000145439	6.00375440428238e-06
ENSG00000198732	5.992855359405073e-06
ENSG00000162267	5.962650615336956e-06
ENSG00000100814	5.960981850646656e-06
ENSG00000181026	5.9510582366839564e-06
ENSG00000124568	5.945579740229205e-06
ENSG00000162366	5.945579740229205e-06
ENSG00000197208	5.945579740229205e-06
ENSG00000148335	5.941711912263353e-06
ENSG00000078804	5.941503465660734e-06
ENSG00000164077	5.920880715640225e-06
ENSG00000239697	5.915465715216384e-06
ENSG00000120451	5.9073027784799245e-06
ENSG00000162882	5.887393928525248e-06
ENSG00000198832	5.886493798473463e-06
ENSG00000119703	5.886202585077822e-06
ENSG00000100243	5.88306403233238e-06
ENSG00000108219	5.882165106931552e-06
ENSG00000166033	5.880182811263067e-06
ENSG00000089248	5.878292443361621e-06
ENSG00000167778	5.878078259025174e-06
ENSG00000057757	5.875611773610345e-06
ENSG00000183605	5.8667038380344605e-06
ENSG00000104886	5.861855128523114e-06
ENSG00000184226	5.859289632274055e-06
ENSG00000118242	5.856431369948273e-06
ENSG00000140006	5.8541609617465985e-06
ENSG00000213265	5.842593267531353e-06
ENSG00000205362	5.830229335038914e-06
ENSG00000172954	5.830209532974764e-06
ENSG00000186049	5.825941259437667e-06
ENSG00000143149	5.825086386609402e-06
ENSG00000278889	5.812996045494105e-06
ENSG00000175556	5.810880244998274e-06
ENSG00000188996	5.798285500874352e-06
ENSG00000156398	5.783479676022835e-06
ENSG00000164749	5.780681275561029e-06
ENSG00000146540	5.775781122107731e-06
ENSG00000152409	5.769437600650007e-06
ENSG00000181404	5.767540266291448e-06
ENSG00000112699	5.764996550825074e-06
ENSG00000178199	5.762793869713467e-06
ENSG00000185033	5.761124011370473e-06
ENSG00000124370	5.740019628180931e-06
ENSG00000280627	5.735475836580977e-06
ENSG00000048162	5.733920029945061e-06
ENSG00000170426	5.728506777154563e-06
ENSG00000124588	5.718104040227035e-06
ENSG00000174740	5.71384059410028e-06
ENSG00000183864	5.7086415703492805e-06
ENSG00000151967	5.7033015310757e-06
ENSG00000059804	5.700332194596849e-06
ENSG00000179922	5.693491673031993e-06
ENSG00000145384	5.687125093656723e-06
ENSG00000130649	5.68088185476626e-06
ENSG00000162572	5.680491065149255e-06
ENSG00000131379	5.680009838945765e-06
ENSG00000180332	5.656380369234099e-06
ENSG00000061455	5.641287158354042e-06
ENSG00000153814	5.635066507423988e-06
ENSG00000165526	5.632619118947188e-06
ENSG00000137960	5.628055024234228e-06
ENSG00000107864	5.62377343574445e-06
ENSG00000169372	5.620435420443132e-06
ENSG00000196843	5.614286393086069e-06
ENSG00000184227	5.611425500223321e-06
ENSG00000239305	5.606530224909454e-06
ENSG00000177106	5.600848261146445e-06
ENSG00000243056	5.594943305298521e-06
ENSG00000168917	5.5934918412356745e-06
ENSG00000130385	5.587699953875265e-06
ENSG00000179387	5.5873923569033e-06
ENSG00000137707	5.585961959461034e-06
ENSG00000285465	5.583017999747111e-06
ENSG00000006282	5.579915210526248e-06
ENSG00000104804	5.569019561746193e-06
ENSG00000163528	5.562168777924279e-06
ENSG00000069535	5.552981458283908e-06
ENSG00000023697	5.550691659551444e-06
ENSG00000103174	5.539518978977593e-06
ENSG00000138279	5.538886157082544e-06
ENSG00000034693	5.537900838918622e-06
ENSG00000133710	5.534784168580036e-06
ENSG00000018189	5.5217751869585565e-06
ENSG00000283882	5.518532928584204e-06
ENSG00000276004	5.518532928584204e-06
ENSG00000084070	5.503479154659613e-06
ENSG00000123472	5.4964397635652335e-06
ENSG00000196371	5.493419513495196e-06
ENSG00000128699	5.49272943200181e-06
ENSG00000285377	5.476281169485399e-06
ENSG00000182054	5.47496060207329e-06
ENSG00000284228	5.471911788250254e-06
ENSG00000122335	5.471837817283683e-06
ENSG00000106785	5.468644605197889e-06
ENSG00000141873	5.453517408623062e-06
ENSG00000186526	5.452862435630167e-06
ENSG00000163069	5.451090582602109e-06
ENSG00000244617	5.45065057777868e-06
ENSG00000104047	5.4485504405027975e-06
ENSG00000113209	5.445386165834404e-06
ENSG00000150893	5.445050541543338e-06
ENSG00000091542	5.443683458041025e-06
ENSG00000101577	5.440189281841599e-06
ENSG00000135074	5.434377122642691e-06
ENSG00000188321	5.420056437982787e-06
ENSG00000183255	5.407520518388822e-06
ENSG00000154639	5.406362862587947e-06
ENSG00000113272	5.401749523765342e-06
ENSG00000139835	5.3904047171814795e-06
ENSG00000106771	5.376092104921367e-06
ENSG00000138109	5.375885333437619e-06
ENSG00000080031	5.372141454850267e-06
ENSG00000119950	5.355280908212106e-06
ENSG00000283009	5.352897362055623e-06
ENSG00000104205	5.3522576854343264e-06
ENSG00000278495	5.351905639719557e-06
ENSG00000171174	5.348765781643711e-06
ENSG00000102387	5.3449609187377364e-06
ENSG00000100372	5.3434435039811135e-06
ENSG00000115604	5.33021886578423e-06
ENSG00000162543	5.322524140405487e-06
ENSG00000096264	5.309782318298714e-06
ENSG00000171206	5.2850212061727094e-06
ENSG00000096006	5.282042840249915e-06
ENSG00000152518	5.271039402066669e-06
ENSG00000137871	5.2653997993903325e-06
ENSG00000253276	5.2653997993903325e-06
ENSG00000178163	5.2653997993903325e-06
ENSG00000142686	5.253485155751641e-06
ENSG00000134588	5.249383965337604e-06
ENSG00000171314	5.235834287534634e-06
ENSG00000160404	5.225049625133692e-06
ENSG00000039600	5.22476927951152e-06
ENSG00000151458	5.221202260314189e-06
ENSG00000281665	5.219184537014598e-06
ENSG00000120675	5.214041778093971e-06
ENSG00000139970	5.197017261598817e-06
ENSG00000167968	5.196215170633819e-06
ENSG00000196361	5.190398393552495e-06
ENSG00000165553	5.1871099631665035e-06
ENSG00000241119	5.1794850475016915e-06
ENSG00000282880	5.1778242117969196e-06
ENSG00000111885	5.172471932611471e-06
ENSG00000147100	5.165483845264492e-06
ENSG00000026297	5.161826681557761e-06
ENSG00000074276	5.16117107714961e-06
ENSG00000181192	5.1531719071022935e-06
ENSG00000027001	5.152107742331027e-06
ENSG00000198695	5.147682571345633e-06
ENSG00000164951	5.143782816879943e-06
ENSG00000164062	5.138384865353896e-06
ENSG00000135469	5.1379781027065315e-06
ENSG00000187736	5.133723184977648e-06
ENSG00000165886	5.132863636807095e-06
ENSG00000172594	5.120450211733286e-06
ENSG00000171365	5.120089791930032e-06
ENSG00000149084	5.119454751252657e-06
ENSG00000146733	5.102942241582851e-06
ENSG00000116337	5.101029118183835e-06
ENSG00000262145	5.088262348863208e-06
ENSG00000103021	5.084229711322005e-06
ENSG00000130005	5.077987696233724e-06
ENSG00000129028	5.074279223276913e-06
ENSG00000162620	5.059091581109951e-06
ENSG00000099994	5.056575180260715e-06
ENSG00000119673	5.020107860559747e-06
ENSG00000039537	5.01713624724746e-06
ENSG00000158691	5.015149233169163e-06
ENSG00000116791	5.014168623203268e-06
ENSG00000105220	5.011228414187761e-06
ENSG00000130226	5.004562507137007e-06
ENSG00000186815	5.001543366807164e-06
ENSG00000187475	5.000447386857713e-06
ENSG00000285434	4.98084054648629e-06
ENSG00000285226	4.975318521553503e-06
ENSG00000176410	4.9640646884361934e-06
ENSG00000078177	4.960396732833012e-06
ENSG00000179918	4.951821701677638e-06
ENSG00000119862	4.9442554574327524e-06
ENSG00000149761	4.941335795705358e-06
ENSG00000182512	4.934345950668461e-06
ENSG00000198740	4.933309649972129e-06
ENSG00000274958	4.927146082978885e-06
ENSG00000273820	4.925758889831262e-06
ENSG00000112679	4.906414166862172e-06
ENSG00000171385	4.906336392979903e-06
ENSG00000205138	4.90413904759032e-06
ENSG00000169474	4.903805543366315e-06
ENSG00000107372	4.8949285846267416e-06
ENSG00000117519	4.884705501902739e-06
ENSG00000106436	4.879634537172749e-06
ENSG00000157036	4.877609209866171e-06
ENSG00000115944	4.872028917806188e-06
ENSG00000172840	4.8700906647293455e-06
ENSG00000231314	4.868561886360177e-06
ENSG00000124615	4.8667116268568754e-06
ENSG00000009765	4.859962169745276e-06
ENSG00000109917	4.848351119117992e-06
ENSG00000161849	4.847244470351973e-06
ENSG00000285343	4.846178641243181e-06
ENSG00000164011	4.844182809678586e-06
ENSG00000128394	4.843636120459534e-06
ENSG00000109762	4.841451851249076e-06
ENSG00000177047	4.839091272919839e-06
ENSG00000284009	4.836429551570518e-06
ENSG00000131094	4.83523367917826e-06
ENSG00000145949	4.8182446318809665e-06
ENSG00000101307	4.817432909844813e-06
ENSG00000180817	4.812186151609966e-06
ENSG00000197019	4.810386574878916e-06
ENSG00000221995	4.807081008716297e-06
ENSG00000064763	4.796916209559983e-06
ENSG00000131864	4.7957130205567335e-06
ENSG00000142089	4.793343432603392e-06
ENSG00000143774	4.790617761369002e-06
ENSG00000204936	4.779518595969773e-06
ENSG00000124440	4.769405092316412e-06
ENSG00000275618	4.767038256485237e-06
ENSG00000116212	4.759029318577173e-06
ENSG00000015592	4.757174585306282e-06
ENSG00000203667	4.750783359271458e-06
ENSG00000167037	4.749504523853233e-06
ENSG00000197457	4.723099414046435e-06
ENSG00000133665	4.71687276701113e-06
ENSG00000116191	4.713036350305658e-06
ENSG00000189060	4.7116644903700686e-06
ENSG00000170743	4.7070811568636586e-06
ENSG00000130948	4.696464710039943e-06
ENSG00000198502	4.6938478183727075e-06
ENSG00000179833	4.684961652108424e-06
ENSG00000187164	4.678890085864014e-06
ENSG00000125166	4.67396368658314e-06
ENSG00000205186	4.66321562924865e-06
ENSG00000147872	4.66321562924865e-06
ENSG00000154957	4.648804988774836e-06
ENSG00000235443	4.645281428596963e-06
ENSG00000183336	4.6388981644242935e-06
ENSG00000171551	4.6361202399738725e-06
ENSG00000168297	4.629895003209098e-06
ENSG00000167107	4.627945207479597e-06
ENSG00000129472	4.6200245605274855e-06
ENSG00000113389	4.618532482330867e-06
ENSG00000159899	4.618532482330867e-06
ENSG00000133863	4.6122507959916e-06
ENSG00000107745	4.59906438405351e-06
ENSG00000174992	4.59553014635023e-06
ENSG00000102870	4.590362470247518e-06
ENSG00000175938	4.583856463972784e-06
ENSG00000184905	4.569085440173403e-06
ENSG00000174928	4.549312648969087e-06
ENSG00000101160	4.548236405123879e-06
ENSG00000247626	4.532224560005232e-06
ENSG00000196683	4.5306490327617e-06
ENSG00000285516	4.529108442253954e-06
ENSG00000150540	4.528578215412325e-06
ENSG00000173418	4.527870249097159e-06
ENSG00000121053	4.5205116114249124e-06
ENSG00000275793	4.513320938757048e-06
ENSG00000242220	4.511094565543388e-06
ENSG00000099785	4.508485730999992e-06
ENSG00000198482	4.499344439764368e-06
ENSG00000170298	4.498399262771525e-06
ENSG00000108242	4.489351747625159e-06
ENSG00000162065	4.486151875431516e-06
ENSG00000175544	4.484248864569704e-06
ENSG00000006757	4.472633853241406e-06
ENSG00000181634	4.467690685503224e-06
ENSG00000160223	4.4645915340046625e-06
ENSG00000074935	4.463183511600946e-06
ENSG00000102309	4.462063093037761e-06
ENSG00000123415	4.458393598725634e-06
ENSG00000169282	4.455559990921577e-06
ENSG00000169800	4.441995142658235e-06
ENSG00000206561	4.439250962715985e-06
ENSG00000060491	4.434096973973497e-06
ENSG00000135108	4.431948013472363e-06
ENSG00000135540	4.42480250767838e-06
ENSG00000105996	4.414032872787427e-06
ENSG00000169228	4.412493642802654e-06
ENSG00000197181	4.406460301476908e-06
ENSG00000135482	4.403177370098925e-06
ENSG00000107789	4.388188097196679e-06
ENSG00000121542	4.381201939286078e-06
ENSG00000145850	4.374715693404581e-06
ENSG00000125246	4.372534971971451e-06
ENSG00000111684	4.3700140255725376e-06
ENSG00000243708	4.365642661722844e-06
ENSG00000256223	4.364230295613404e-06
ENSG00000013523	4.360472494867682e-06
ENSG00000141994	4.347667243741556e-06
ENSG00000285007	4.339706583685265e-06
ENSG00000139351	4.339706583685265e-06
ENSG00000174652	4.328458041795287e-06
ENSG00000084092	4.317189914362526e-06
ENSG00000133131	4.316583058361709e-06
ENSG00000125430	4.307851598333059e-06
ENSG00000284868	4.3006761194231815e-06
ENSG00000148985	4.288989638988867e-06
ENSG00000180304	4.280685933252301e-06
ENSG00000171209	4.278415828212936e-06
ENSG00000285199	4.273016260999943e-06
ENSG00000171357	4.272656731271201e-06
ENSG00000215271	4.270459754592746e-06
ENSG00000130717	4.261316826933099e-06
ENSG00000197444	4.258573584637205e-06
ENSG00000099968	4.257610004465702e-06
ENSG00000119138	4.257321692226344e-06
ENSG00000167720	4.25311477196688e-06
ENSG00000149212	4.248280629593128e-06
ENSG00000146530	4.241586106021037e-06
ENSG00000174950	4.2394634671652345e-06
ENSG00000163684	4.239130306107715e-06
ENSG00000167202	4.238264193849415e-06
ENSG00000113600	4.23618945238414e-06
ENSG00000004139	4.227549912849844e-06
ENSG00000178467	4.215464382969347e-06
ENSG00000179403	4.215271767247535e-06
ENSG00000181481	4.2141310160568705e-06
ENSG00000165078	4.204680431838854e-06
ENSG00000111696	4.1929354454361015e-06
ENSG00000184954	4.170913502474769e-06
ENSG00000120053	4.156893917834912e-06
ENSG00000101605	4.156609478908097e-06
ENSG00000274137	4.156609478908097e-06
ENSG00000163126	4.156609478908097e-06
ENSG00000005893	4.156593888784458e-06
ENSG00000178922	4.155840150766286e-06
ENSG00000101203	4.155840150766286e-06
ENSG00000228075	4.143601611626774e-06
ENSG00000015133	4.1404394207784144e-06
ENSG00000139946	4.13825945771511e-06
ENSG00000133055	4.131916068540976e-06
ENSG00000186977	4.131590826812046e-06
ENSG00000166035	4.128590700058391e-06
ENSG00000165175	4.117305209209114e-06
ENSG00000154217	4.115792118825282e-06
ENSG00000132357	4.113428688715261e-06
ENSG00000136732	4.1127478274262545e-06
ENSG00000182963	4.108294098792004e-06
ENSG00000089050	4.10531153904031e-06
ENSG00000102043	4.099188944955543e-06
ENSG00000010318	4.0952961601168914e-06
ENSG00000143942	4.0894250114083025e-06
ENSG00000109790	4.0839588069881995e-06
ENSG00000131067	4.081916697301493e-06
ENSG00000158764	4.081338096203005e-06
ENSG00000215455	4.080663004278119e-06
ENSG00000124731	4.0757799497281875e-06
ENSG00000162852	4.064163301418277e-06
ENSG00000105518	4.062065976113369e-06
ENSG00000164048	4.055163223865522e-06
ENSG00000282891	4.0391956317079105e-06
ENSG00000133313	4.0383085979340975e-06
ENSG00000062582	4.036246050408249e-06
ENSG00000242114	4.0326156476839205e-06
ENSG00000106077	4.032388558077133e-06
ENSG00000116353	4.02374525547935e-06
ENSG00000101546	4.022340591984298e-06
ENSG00000133878	4.013153307442406e-06
ENSG00000099937	4.010933357928306e-06
ENSG00000256771	4.002916625960401e-06
ENSG00000165355	4.0012721640223815e-06
ENSG00000101695	3.9915876766980905e-06
ENSG00000196867	3.988000955734491e-06
ENSG00000172123	3.987383249791676e-06
ENSG00000105549	3.970212663860851e-06
ENSG00000166387	3.968978567855135e-06
ENSG00000214827	3.967994289950726e-06
ENSG00000167272	3.963180323423687e-06
ENSG00000179965	3.94811952651203e-06
ENSG00000123165	3.941254026005816e-06
ENSG00000122481	3.933571388334556e-06
ENSG00000171169	3.923800952088616e-06
ENSG00000187003	3.923723964485308e-06
ENSG00000146070	3.901847190236794e-06
ENSG00000163072	3.90166668150775e-06
ENSG00000187766	3.8874508205027085e-06
ENSG00000121988	3.887183542697934e-06
ENSG00000166548	3.88253203343465e-06
ENSG00000123739	3.881991994729887e-06
ENSG00000198743	3.88154734042428e-06
ENSG00000138621	3.880452826920849e-06
ENSG00000121210	3.878737633245607e-06
ENSG00000261701	3.87613776857685e-06
ENSG00000139714	3.8753883067819545e-06
ENSG00000100053	3.873260948882497e-06
ENSG00000161055	3.867927075634821e-06
ENSG00000072133	3.865433225498911e-06
ENSG00000187601	3.861688535892633e-06
ENSG00000140691	3.8472886929745195e-06
ENSG00000196177	3.843956010721892e-06
ENSG00000088320	3.8421558941417015e-06
ENSG00000116785	3.839674048212634e-06
ENSG00000134365	3.839674048212634e-06
ENSG00000134389	3.839674048212634e-06
ENSG00000243509	3.82990435685979e-06
ENSG00000284752	3.829569748254201e-06
ENSG00000181773	3.8258823861353604e-06
ENSG00000119725	3.823378596673608e-06
ENSG00000101638	3.815817254741559e-06
ENSG00000162813	3.8114190472354898e-06
ENSG00000120158	3.7931679559316578e-06
ENSG00000283868	3.79248678885253e-06
ENSG00000146618	3.78981646821442e-06
ENSG00000198093	3.789565814582695e-06
ENSG00000184492	3.789328671347137e-06
ENSG00000226430	3.788266719976505e-06
ENSG00000145348	3.7878600623434676e-06
ENSG00000180878	3.786685777697961e-06
ENSG00000284598	3.7765434008406396e-06
ENSG00000090376	3.775407219398329e-06
ENSG00000006837	3.7650006729276013e-06
ENSG00000104774	3.7611912286872444e-06
ENSG00000148344	3.7567414552787163e-06
ENSG00000141933	3.754299414968945e-06
ENSG00000277236	3.7490378159921395e-06
ENSG00000188425	3.74893170851354e-06
ENSG00000143196	3.7438754380419666e-06
ENSG00000154359	3.7361281848936404e-06
ENSG00000169957	3.7304283577847626e-06
ENSG00000170074	3.7298675338747025e-06
ENSG00000198553	3.726704346452805e-06
ENSG00000197272	3.7228161102846873e-06
ENSG00000122971	3.722760807157922e-06
ENSG00000100744	3.7086893759856866e-06
ENSG00000156414	3.7068943685639926e-06
ENSG00000179630	3.7050333609842565e-06
ENSG00000121101	3.6988691223989316e-06
ENSG00000164708	3.697481741832974e-06
ENSG00000185100	3.6953518168964403e-06
ENSG00000132746	3.694865781604073e-06
ENSG00000141622	3.6918578039115316e-06
ENSG00000179331	3.691448368920614e-06
ENSG00000054938	3.6601565732853176e-06
ENSG00000163206	3.656148245962099e-06
ENSG00000112137	3.653560153811633e-06
ENSG00000170903	3.64202944516173e-06
ENSG00000167772	3.6413811584663188e-06
ENSG00000198547	3.629058704841891e-06
ENSG00000141337	3.6266374391772168e-06
ENSG00000141458	3.6266374391772168e-06
ENSG00000113811	3.6258817684070453e-06
ENSG00000181450	3.6206092525878364e-06
ENSG00000006327	3.61720526429584e-06
ENSG00000166471	3.6108831966798185e-06
ENSG00000233276	3.595453065448589e-06
ENSG00000136487	3.595116907324242e-06
ENSG00000271601	3.5942099857519717e-06
ENSG00000196437	3.5819268396468863e-06
ENSG00000261857	3.580760358356691e-06
ENSG00000166192	3.580499032059922e-06
ENSG00000277462	3.5785417870741452e-06
ENSG00000244414	3.5766753774608604e-06
ENSG00000158805	3.575594362839617e-06
ENSG00000118418	3.5746335119933293e-06
ENSG00000198840	3.5687954445283e-06
ENSG00000282269	3.56597890525428e-06
ENSG00000107593	3.561481189416993e-06
ENSG00000119326	3.5614605260181636e-06
ENSG00000170011	3.5596587462453694e-06
ENSG00000161911	3.556983236454938e-06
ENSG00000170801	3.5543775733217553e-06
ENSG00000153820	3.547541519728769e-06
ENSG00000087008	3.538937866566003e-06
ENSG00000109771	3.5320172221745517e-06
ENSG00000090975	3.5281510924925183e-06
ENSG00000181061	3.524577423113734e-06
ENSG00000164197	3.5227768646011777e-06
ENSG00000160785	3.5185531670144823e-06
ENSG00000128274	3.514564678747413e-06
ENSG00000062716	3.509277938293767e-06
ENSG00000100079	3.5090117540322998e-06
ENSG00000115282	3.5069065246199263e-06
ENSG00000197982	3.499312081753375e-06
ENSG00000150787	3.4906772942225006e-06
ENSG00000198680	3.48382893097836e-06
ENSG00000168016	3.4780940682972745e-06
ENSG00000106560	3.4773455532366827e-06
ENSG00000163586	3.4684052001120336e-06
ENSG00000165841	3.4679109182357177e-06
ENSG00000168916	3.4658924077440416e-06
ENSG00000275099	3.454399900436772e-06
ENSG00000171236	3.453270671916468e-06
ENSG00000105251	3.4489146008934327e-06
ENSG00000196275	3.442326272445201e-06
ENSG00000211450	3.436483716752464e-06
ENSG00000225824	3.435597508912426e-06
ENSG00000167536	3.430367606864946e-06
ENSG00000128185	3.4277760286792695e-06
ENSG00000159433	3.4209455954394374e-06
ENSG00000120337	3.419907863032269e-06
ENSG00000274671	3.4112681023922474e-06
ENSG00000186976	3.4064896206034427e-06
ENSG00000042445	3.4018925588957237e-06
ENSG00000184344	3.397298905458934e-06
ENSG00000125434	3.3694577801028614e-06
ENSG00000102021	3.3688354211979197e-06
ENSG00000253797	3.3638572099842372e-06
ENSG00000110011	3.363255189943649e-06
ENSG00000177842	3.348709502437009e-06
ENSG00000166800	3.3480794584798065e-06
ENSG00000275003	3.347123407509911e-06
ENSG00000282739	3.3353382293698935e-06
ENSG00000165996	3.330601828287743e-06
ENSG00000148824	3.320894081744437e-06
ENSG00000151014	3.3065009025434107e-06
ENSG00000198010	3.3050239706631692e-06
ENSG00000054690	3.29834034075171e-06
ENSG00000153048	3.285679422110264e-06
ENSG00000125089	3.2852891462983355e-06
ENSG00000204946	3.2843522837787067e-06
ENSG00000146776	3.2784453088904564e-06
ENSG00000162694	3.276985724470156e-06
ENSG00000288292	3.2708569951171454e-06
ENSG00000154553	3.265932925094577e-06
ENSG00000178605	3.2606285562090973e-06
ENSG00000176490	3.2335032178500244e-06
ENSG00000227600	3.2301311339912166e-06
ENSG00000203734	3.229017419799035e-06
ENSG00000197296	3.227640927111695e-06
ENSG00000131831	3.2254665865020415e-06
ENSG00000161973	3.2254597458404683e-06
ENSG00000125734	3.2234365510233744e-06
ENSG00000124140	3.221764657464259e-06
ENSG00000130656	3.221564932892628e-06
ENSG00000244057	3.2209516387648083e-06
ENSG00000184083	3.220011603723773e-06
ENSG00000183067	3.2185594159539783e-06
ENSG00000161558	3.2168696119945455e-06
ENSG00000115902	3.2168696119945455e-06
ENSG00000275600	3.2168696119945455e-06
ENSG00000147647	3.213216647303293e-06
ENSG00000176049	3.211920869075583e-06
ENSG00000205978	3.2095666627151814e-06
ENSG00000275365	3.2057332256685803e-06
ENSG00000213934	3.2040868809267292e-06
ENSG00000203797	3.201250634048987e-06
ENSG00000110063	3.195385585582903e-06
ENSG00000169193	3.192158249564363e-06
ENSG00000157653	3.1907538198851214e-06
ENSG00000184209	3.176697790138718e-06
ENSG00000215695	3.1760133439178487e-06
ENSG00000171606	3.1738155080763858e-06
ENSG00000160752	3.1728540459746658e-06
ENSG00000198881	3.1703218483860916e-06
ENSG00000176029	3.1663440243422023e-06
ENSG00000288275	3.1630951893326087e-06
ENSG00000164438	3.1569792123424973e-06
ENSG00000132386	3.1540009932146495e-06
ENSG00000205111	3.15302603266734e-06
ENSG00000131400	3.1511361464727696e-06
ENSG00000166452	3.1497020212006224e-06
ENSG00000107551	3.149666230462351e-06
ENSG00000277439	3.147636178621496e-06
ENSG00000171476	3.143396278255666e-06
ENSG00000178445	3.1417847475961604e-06
ENSG00000196565	3.1253049042822208e-06
ENSG00000159212	3.1216888210183113e-06
ENSG00000141504	3.1191198355833118e-06
ENSG00000066923	3.1101230753239436e-06
ENSG00000157429	3.1100712520186055e-06
ENSG00000159176	3.109016002824508e-06
ENSG00000076770	3.1048542982651117e-06
ENSG00000172057	3.08972467369507e-06
ENSG00000167646	3.0882769639412494e-06
ENSG00000139344	3.0868659195743787e-06
ENSG00000101323	3.071734895476468e-06
ENSG00000133315	3.071310892090202e-06
ENSG00000105136	3.0621871853735874e-06
ENSG00000138794	3.0544177435885e-06
ENSG00000184508	3.047026985989553e-06
ENSG00000144218	3.0450864405034694e-06
ENSG00000087085	3.0400027990486805e-06
ENSG00000242726	3.039113015711279e-06
ENSG00000168952	3.0191915886181314e-06
ENSG00000138604	3.007361822187197e-06
ENSG00000102032	2.995070400780485e-06
ENSG00000169084	2.995070400780485e-06
ENSG00000063241	2.9934817592660495e-06
ENSG00000147912	2.9921564484615918e-06
ENSG00000109016	2.990017129313591e-06
ENSG00000263090	2.9828568691021496e-06
ENSG00000134802	2.9805906298065673e-06
ENSG00000258289	2.9758673736100135e-06
ENSG00000197948	2.9741761987847016e-06
ENSG00000168679	2.969266051403649e-06
ENSG00000182566	2.968927064986388e-06
ENSG00000180233	2.967436971659826e-06
ENSG00000162571	2.964823281453044e-06
ENSG00000152439	2.9610746817132647e-06
ENSG00000166105	2.9474554255821057e-06
ENSG00000168661	2.9473751104716373e-06
ENSG00000164114	2.946035246788259e-06
ENSG00000112530	2.939355928527422e-06
ENSG00000118960	2.9370529152706188e-06
ENSG00000182272	2.9356590049657044e-06
ENSG00000139044	2.9356590049657044e-06
ENSG00000176204	2.9356590049657044e-06
ENSG00000288297	2.93244014665059e-06
ENSG00000276537	2.9320409975732634e-06
ENSG00000284120	2.930865738971509e-06
ENSG00000131050	2.930865738971509e-06
ENSG00000125648	2.9294918878778895e-06
ENSG00000183795	2.927968343221144e-06
ENSG00000146054	2.9267982223910952e-06
ENSG00000154478	2.9230510886458788e-06
ENSG00000274780	2.9221091334239158e-06
ENSG00000167232	2.9185663888025162e-06
ENSG00000128311	2.9176852756474297e-06
ENSG00000134278	2.9163481187167455e-06
ENSG00000164325	2.9054536208433296e-06
ENSG00000066382	2.904135442391695e-06
ENSG00000235961	2.891022230775719e-06
ENSG00000130038	2.8902154268619756e-06
ENSG00000160588	2.88959516829459e-06
ENSG00000243927	2.8886514079083242e-06
ENSG00000273574	2.8863215929432137e-06
ENSG00000198736	2.8847799938610277e-06
ENSG00000117245	2.8842606040747133e-06
ENSG00000181873	2.8829586829868764e-06
ENSG00000179029	2.873418816984934e-06
ENSG00000237056	2.8724700942866683e-06
ENSG00000148218	2.8593755925320897e-06
ENSG00000142552	2.8505296022191805e-06
ENSG00000166831	2.847084947236707e-06
ENSG00000283649	2.8467923330692378e-06
ENSG00000119943	2.8413157407954107e-06
ENSG00000188211	2.840178948361124e-06
ENSG00000109208	2.838442504159293e-06
ENSG00000257315	2.8284986940486487e-06
ENSG00000170486	2.8272480708593762e-06
ENSG00000151475	2.825017312528408e-06
ENSG00000173085	2.8216057065213957e-06
ENSG00000221821	2.815565157995286e-06
ENSG00000112343	2.8139576124356227e-06
ENSG00000089177	2.807371737178243e-06
ENSG00000164675	2.8012537283341147e-06
ENSG00000125872	2.8012537283341147e-06
ENSG00000119986	2.8012537283341147e-06
ENSG00000213965	2.799680523666604e-06
ENSG00000076555	2.798918617807459e-06
ENSG00000002586	2.7985900126655413e-06
ENSG00000152217	2.797633897413067e-06
ENSG00000114120	2.7838970242821657e-06
ENSG00000142794	2.783160240850225e-06
ENSG00000284900	2.77478490622287e-06
ENSG00000256618	2.773886189608662e-06
ENSG00000182263	2.7670255269878865e-06
ENSG00000204653	2.765529817662882e-06
ENSG00000154930	2.761602507687794e-06
ENSG00000288169	2.7592680529975733e-06
ENSG00000172456	2.748027417433467e-06
ENSG00000100099	2.7445578113919923e-06
ENSG00000130844	2.741895793077662e-06
ENSG00000196860	2.7325269270887314e-06
ENSG00000163286	2.7188837853437673e-06
ENSG00000099904	2.7157782782506545e-06
ENSG00000149150	2.71557511875149e-06
ENSG00000114544	2.71557511875149e-06
ENSG00000274611	2.7052569773027963e-06
ENSG00000101098	2.7052569773027963e-06
ENSG00000166347	2.699726722230199e-06
ENSG00000176148	2.6994477622419204e-06
ENSG00000121350	2.686304885769368e-06
ENSG00000257949	2.683944657616807e-06
ENSG00000113742	2.6804433398474624e-06
ENSG00000148950	2.6744734458157297e-06
ENSG00000228253	2.6738312971441752e-06
ENSG00000288188	2.66802902610896e-06
ENSG00000130035	2.6672657044649275e-06
ENSG00000099866	2.6650537189033506e-06
ENSG00000174132	2.6643401030678816e-06
ENSG00000288250	2.6507737997690598e-06
ENSG00000243489	2.64664764671937e-06
ENSG00000119771	2.6455934064721283e-06
ENSG00000175564	2.6214340680050525e-06
ENSG00000175206	2.617169609090797e-06
ENSG00000185966	2.6139048038640115e-06
ENSG00000005486	2.5945287814010993e-06
ENSG00000146005	2.5883983607493866e-06
ENSG00000235588	2.5861580831891962e-06
ENSG00000205730	2.5856268916688995e-06
ENSG00000182809	2.585586523214331e-06
ENSG00000235758	2.584471924810552e-06
ENSG00000282967	2.5800346902591676e-06
ENSG00000275679	2.5800346902591676e-06
ENSG00000283046	2.5800346902591676e-06
ENSG00000105612	2.5677574670690037e-06
ENSG00000274935	2.567174886137477e-06
ENSG00000139974	2.5658358373437115e-06
ENSG00000213918	2.5643594752280027e-06
ENSG00000283085	2.5586951525134082e-06
ENSG00000139291	2.5482846065842614e-06
ENSG00000122644	2.5479560252215597e-06
ENSG00000171368	2.5454524351992645e-06
ENSG00000178826	2.5440612870439616e-06
ENSG00000135002	2.5408415558722004e-06
ENSG00000103316	2.537654599947706e-06
ENSG00000187682	2.532564406762539e-06
ENSG00000008300	2.532482800129211e-06
ENSG00000198324	2.5283562500770352e-06
ENSG00000115919	2.5278419992455817e-06
ENSG00000164309	2.522524132675547e-06
ENSG00000197147	2.515832090138476e-06
ENSG00000133937	2.5146102242354903e-06
ENSG00000000003	2.50765521305911e-06
ENSG00000170419	2.50283565801102e-06
ENSG00000100665	2.4990025338063236e-06
ENSG00000118620	2.4975685064408467e-06
ENSG00000104635	2.493967786479789e-06
ENSG00000081923	2.492835982681246e-06
ENSG00000145029	2.483903280806527e-06
ENSG00000241822	2.4803581607367974e-06
ENSG00000109107	2.4777980149186305e-06
ENSG00000078237	2.4767372138148225e-06
ENSG00000154642	2.467496366685465e-06
ENSG00000102984	2.467496366685465e-06
ENSG00000037757	2.463488752582407e-06
ENSG00000198464	2.459385471833163e-06
ENSG00000276192	2.45815193368622e-06
ENSG00000140961	2.4554490732247812e-06
ENSG00000163806	2.451254099916564e-06
ENSG00000153721	2.44972427952557e-06
ENSG00000174327	2.4467599731239815e-06
ENSG00000112276	2.4449334952437898e-06
ENSG00000135709	2.4409641020660245e-06
ENSG00000198331	2.439365013600795e-06
ENSG00000140798	2.4348260628503815e-06
ENSG00000124767	2.4297362470878683e-06
ENSG00000180938	2.3986146234927246e-06
ENSG00000188010	2.3918249045704655e-06
ENSG00000136531	2.3913310626257504e-06
ENSG00000157578	2.38662106579338e-06
ENSG00000183696	2.3855624578456236e-06
ENSG00000180902	2.383120874883773e-06
ENSG00000137880	2.370770443948903e-06
ENSG00000156395	2.3689192795249555e-06
ENSG00000164403	2.3681530580772962e-06
ENSG00000177303	2.357450925236768e-06
ENSG00000145692	2.352738443520807e-06
ENSG00000172995	2.3512472182382136e-06
ENSG00000156011	2.3488291883084613e-06
ENSG00000185669	2.346789860605463e-06
ENSG00000198478	2.342984693408021e-06
ENSG00000143278	2.339614790417338e-06
ENSG00000124257	2.337065799638806e-06
ENSG00000175325	2.337065799638806e-06
ENSG00000106537	2.3320441685203514e-06
ENSG00000120306	2.3320441685203514e-06
ENSG00000177576	2.3320441685203514e-06
ENSG00000160781	2.3320441685203514e-06
ENSG00000278461	2.328103224433618e-06
ENSG00000288269	2.3221129152301347e-06
ENSG00000080819	2.3209087591100027e-06
ENSG00000175662	2.3181671036696286e-06
ENSG00000232641	2.309794683709649e-06
ENSG00000170293	2.305899676440472e-06
ENSG00000162591	2.305899676440472e-06
ENSG00000250722	2.305899676440472e-06
ENSG00000103876	2.305899676440472e-06
ENSG00000137463	2.305899676440472e-06
ENSG00000171714	2.305899676440472e-06
ENSG00000108381	2.3026843479156893e-06
ENSG00000284290	2.2990288644030505e-06
ENSG00000162433	2.2948958446214325e-06
ENSG00000187855	2.2858744250231755e-06
ENSG00000214013	2.2757501285460057e-06
ENSG00000111181	2.2669061334261448e-06
ENSG00000188991	2.2669061334261448e-06
ENSG00000155026	2.2648176129142304e-06
ENSG00000148730	2.264675391554228e-06
ENSG00000181035	2.2525161982061917e-06
ENSG00000258659	2.2508839774490593e-06
ENSG00000117480	2.2488051449304614e-06
ENSG00000086205	2.2488051449304614e-06
ENSG00000182359	2.2488051449304614e-06
ENSG00000144136	2.240522619404756e-06
ENSG00000163666	2.239098271915794e-06
ENSG00000100427	2.239098271915794e-06
ENSG00000141255	2.239098271915794e-06
ENSG00000261986	2.2285195947262254e-06
ENSG00000012660	2.227574588993466e-06
ENSG00000162975	2.2194941707492505e-06
ENSG00000263163	2.2174528973440293e-06
ENSG00000189037	2.216736768133705e-06
ENSG00000104228	2.2101797788093334e-06
ENSG00000103227	2.2086372216976415e-06
ENSG00000276286	2.2052260246929158e-06
ENSG00000169895	2.1960569921553487e-06
ENSG00000068745	2.1942757731158186e-06
ENSG00000187627	2.193704125403505e-06
ENSG00000144843	2.1930185448538646e-06
ENSG00000185962	2.192022537483358e-06
ENSG00000160961	2.186505988649623e-06
ENSG00000165060	2.182410186736518e-06
ENSG00000116771	2.1811351053492054e-06
ENSG00000008311	2.1778618540515897e-06
ENSG00000115525	2.177436657792539e-06
ENSG00000285482	2.1767317271104767e-06
ENSG00000166833	2.16451675434195e-06
ENSG00000182902	2.1637358474000903e-06
ENSG00000148842	2.162605332257417e-06
ENSG00000263296	2.156725854873032e-06
ENSG00000110881	2.156683018598492e-06
ENSG00000215269	2.15579262267454e-06
ENSG00000143158	2.1518679776733275e-06
ENSG00000182950	2.1513950614374735e-06
ENSG00000198951	2.1511937719733694e-06
ENSG00000165389	2.1494412512996933e-06
ENSG00000159214	2.149265158162862e-06
ENSG00000163013	2.149265158162862e-06
ENSG00000007001	2.1453378594223664e-06
ENSG00000123561	2.1424616555779697e-06
ENSG00000167216	2.1424616555779697e-06
ENSG00000274684	2.141300064118063e-06
ENSG00000170500	2.1377874026937373e-06
ENSG00000151687	2.136122284836641e-06
ENSG00000187987	2.1231637603607663e-06
ENSG00000166669	2.1170443244646735e-06
ENSG00000157131	2.1157099299714878e-06
ENSG00000262243	2.115679417451948e-06
ENSG00000262664	2.1156225333955072e-06
ENSG00000109929	2.1145965569326505e-06
ENSG00000158825	2.1120043003748678e-06
ENSG00000168263	2.109200579575601e-06
ENSG00000171126	2.109200579575601e-06
ENSG00000119125	2.10477468716279e-06
ENSG00000107020	2.100525529555464e-06
ENSG00000052795	2.0857076538372005e-06
ENSG00000149289	2.0811768655825256e-06
ENSG00000288118	2.077280302715107e-06
ENSG00000105583	2.0725956246422556e-06
ENSG00000161544	2.0725956246422556e-06
ENSG00000086288	2.06395491942093e-06
ENSG00000187634	2.062256927801448e-06
ENSG00000005243	2.0602258621007387e-06
ENSG00000138115	2.0579559288056993e-06
ENSG00000181619	2.04925425377846e-06
ENSG00000121634	2.0450709325571454e-06
ENSG00000189143	2.0450709325571454e-06
ENSG00000156284	2.0450709325571454e-06
ENSG00000184697	2.0450709325571454e-06
ENSG00000183153	2.0450709325571454e-06
ENSG00000152749	2.0403673942621106e-06
ENSG00000165105	2.0390821223000803e-06
ENSG00000151364	2.038965732837258e-06
ENSG00000042832	2.0388082906074044e-06
ENSG00000170423	2.0364673353016213e-06
ENSG00000204128	2.028085937478284e-06
ENSG00000149260	2.028085937478284e-06
ENSG00000117226	2.0239928266678275e-06
ENSG00000284017	2.0233081382777407e-06
ENSG00000156463	2.0233081382777407e-06
ENSG00000162148	2.0233081382777407e-06
ENSG00000111886	2.0187108063908132e-06
ENSG00000086289	2.0187108063908132e-06
ENSG00000181513	2.015920226115184e-06
ENSG00000235132	2.0127972859319952e-06
ENSG00000139890	2.0127972859319952e-06
ENSG00000112053	2.003398473614391e-06
ENSG00000114023	1.9978957765603367e-06
ENSG00000148090	1.995414352328527e-06
ENSG00000184731	1.9934496244668903e-06
ENSG00000144802	1.99246611022425e-06
ENSG00000010626	1.9806743829621837e-06
ENSG00000143479	1.978171655513016e-06
ENSG00000169418	1.969148708156692e-06
ENSG00000281931	1.966776894749994e-06
ENSG00000139737	1.9629826075784322e-06
ENSG00000169093	1.9513313235006368e-06
ENSG00000180999	1.9399843033938877e-06
ENSG00000198216	1.9259152984569606e-06
ENSG00000144395	1.9259152984569606e-06
ENSG00000176641	1.925740412714146e-06
ENSG00000170502	1.921565078789015e-06
ENSG00000149743	1.909051570847006e-06
ENSG00000189023	1.907807890869675e-06
ENSG00000134020	1.906822319177458e-06
ENSG00000102001	1.9058062097526627e-06
ENSG00000156381	1.9050653967057311e-06
ENSG00000020577	1.903784634182396e-06
ENSG00000183019	1.8868989667387283e-06
ENSG00000165323	1.8825221130837485e-06
ENSG00000145882	1.8804266259707065e-06
ENSG00000132481	1.8771340312184967e-06
ENSG00000095209	1.8708390796811362e-06
ENSG00000109193	1.8698149191831875e-06
ENSG00000163694	1.8683515725960178e-06
ENSG00000160183	1.8599286891968066e-06
ENSG00000228090	1.8439763049090814e-06
ENSG00000274952	1.8439763049090814e-06
ENSG00000164776	1.8436004443924909e-06
ENSG00000215915	1.8436004443924909e-06
ENSG00000149573	1.842102759029158e-06
ENSG00000136147	1.8303016040587824e-06
ENSG00000123353	1.8286505259563783e-06
ENSG00000257727	1.8244908091554603e-06
ENSG00000088970	1.8244196294890946e-06
ENSG00000278843	1.8134510109826512e-06
ENSG00000276358	1.81307334357826e-06
ENSG00000179639	1.8032479177894826e-06
ENSG00000118473	1.8029791636985579e-06
ENSG00000164054	1.8013045082604523e-06
ENSG00000127774	1.7902116451366783e-06
ENSG00000099377	1.7895062240925918e-06
ENSG00000130957	1.7882056657903974e-06
ENSG00000100711	1.7787365575332218e-06
ENSG00000166394	1.7785419109235926e-06
ENSG00000119431	1.7785419109235926e-06
ENSG00000182919	1.7785419109235926e-06
ENSG00000168237	1.7785419109235926e-06
ENSG00000204856	1.7784640672883541e-06
ENSG00000278243	1.7778380287221418e-06
ENSG00000216937	1.7777436525144134e-06
ENSG00000197658	1.7777436525144134e-06
ENSG00000128045	1.7777436525144134e-06
ENSG00000151778	1.7777436525144134e-06
ENSG00000135045	1.775051602298987e-06
ENSG00000187024	1.7720049862085031e-06
ENSG00000135517	1.7712738837711093e-06
ENSG00000129596	1.7711485383947732e-06
ENSG00000115841	1.76532316565202e-06
ENSG00000235744	1.764340501792506e-06
ENSG00000239457	1.764340501792506e-06
ENSG00000153165	1.7505639021659924e-06
ENSG00000120708	1.7492852496146769e-06
ENSG00000180398	1.7400346664298017e-06
ENSG00000151360	1.7355400054631607e-06
ENSG00000103647	1.729517577466719e-06
ENSG00000138823	1.7270392328470037e-06
ENSG00000131055	1.7244505315969621e-06
ENSG00000085465	1.7166587565154163e-06
ENSG00000275031	1.712536047422601e-06
ENSG00000068724	1.712536047422601e-06
ENSG00000196812	1.7111407085512705e-06
ENSG00000172009	1.7110771047177964e-06
ENSG00000013392	1.7057617432896851e-06
ENSG00000169933	1.7057442051204822e-06
ENSG00000288399	1.70482703739655e-06
ENSG00000163376	1.70482703739655e-06
ENSG00000213337	1.70482703739655e-06
ENSG00000170439	1.7035539174474173e-06
ENSG00000155256	1.6983593823801746e-06
ENSG00000165272	1.689591281461555e-06
ENSG00000110887	1.6859283739751172e-06
ENSG00000214941	1.6806247178586604e-06
ENSG00000167791	1.6605878122247749e-06
ENSG00000105507	1.6605878122247749e-06
ENSG00000005187	1.6563822322925667e-06
ENSG00000171532	1.6546937453033656e-06
ENSG00000149548	1.6537171217043599e-06
ENSG00000172927	1.651159924196911e-06
ENSG00000116783	1.6432696769436287e-06
ENSG00000285394	1.640300446020144e-06
ENSG00000136828	1.6386764935181862e-06
ENSG00000185361	1.6343900286329515e-06
ENSG00000162139	1.6317137034577174e-06
ENSG00000137198	1.6275672066441507e-06
ENSG00000184887	1.62534685520575e-06
ENSG00000170777	1.6242275093556494e-06
ENSG00000168904	1.6148489689301895e-06
ENSG00000102007	1.6111713685701398e-06
ENSG00000105982	1.6062533899574593e-06
ENSG00000124406	1.6058440439140465e-06
ENSG00000127743	1.6015471107179509e-06
ENSG00000123454	1.5978285739890966e-06
ENSG00000171433	1.5959793561269598e-06
ENSG00000166311	1.5941581057442123e-06
ENSG00000006025	1.583073570428993e-06
ENSG00000167588	1.5821682956880774e-06
ENSG00000141258	1.5821682956880774e-06
ENSG00000149124	1.5821682956880774e-06
ENSG00000169509	1.5821682956880774e-06
ENSG00000135454	1.5816375802224196e-06
ENSG00000187017	1.580687701828659e-06
ENSG00000167131	1.5804503518363001e-06
ENSG00000166821	1.5800465975654382e-06
ENSG00000101417	1.5800465975654382e-06
ENSG00000147119	1.5800465975654382e-06
ENSG00000198189	1.5800465975654382e-06
ENSG00000168781	1.5798351299503705e-06
ENSG00000148120	1.5776768558269809e-06
ENSG00000114547	1.5765174441480013e-06
ENSG00000198088	1.5739037043352558e-06
ENSG00000153086	1.5735550074487134e-06
ENSG00000115457	1.5706509850387596e-06
ENSG00000162551	1.5624154999236315e-06
ENSG00000051620	1.5584652495578589e-06
ENSG00000242259	1.5549937224946256e-06
ENSG00000115459	1.5443510169370496e-06
ENSG00000278326	1.5410576545194917e-06
ENSG00000203972	1.5410576545194917e-06
ENSG00000140905	1.5389555673115212e-06
ENSG00000276464	1.5389555673115212e-06
ENSG00000178149	1.5318703050895935e-06
ENSG00000140931	1.5260215380392706e-06
ENSG00000182187	1.5249674921779595e-06
ENSG00000168936	1.5212378809576632e-06
ENSG00000116667	1.5166149096986664e-06
ENSG00000128309	1.5164717811777541e-06
ENSG00000135722	1.50708660313333e-06
ENSG00000139410	1.5027526030420973e-06
ENSG00000179133	1.4936487569742916e-06
ENSG00000279486	1.4920191317698853e-06
ENSG00000124104	1.4863996862242227e-06
ENSG00000166289	1.482843240295294e-06
ENSG00000169989	1.482843240295294e-06
ENSG00000158716	1.4798922335073908e-06
ENSG00000256762	1.4778211588498586e-06
ENSG00000185046	1.4744001493568607e-06
ENSG00000285140	1.472383231887932e-06
ENSG00000114021	1.472383231887932e-06
ENSG00000288149	1.4679447494482528e-06
ENSG00000185267	1.4647747365872153e-06
ENSG00000143452	1.4614455967944251e-06
ENSG00000157368	1.459424718406145e-06
ENSG00000284320	1.456823196442919e-06
ENSG00000176720	1.4443068680295466e-06
ENSG00000144199	1.4383330669448089e-06
ENSG00000133742	1.4274882176148778e-06
ENSG00000146373	1.4269378404164618e-06
ENSG00000104129	1.4261331058189478e-06
ENSG00000275483	1.4206745292706345e-06
ENSG00000288359	1.418669160354407e-06
ENSG00000125821	1.416346406438616e-06
ENSG00000248485	1.416346406438616e-06
ENSG00000124602	1.414367400608731e-06
ENSG00000158869	1.4105256595754228e-06
ENSG00000164307	1.4065941890249248e-06
ENSG00000281123	1.403522595637322e-06
ENSG00000053438	1.3992887148066852e-06
ENSG00000136371	1.3971612617227841e-06
ENSG00000114999	1.3971612617227841e-06
ENSG00000282937	1.3951182384322467e-06
ENSG00000172260	1.3881525665991623e-06
ENSG00000145087	1.3856234049619335e-06
ENSG00000173210	1.3830691268770253e-06
ENSG00000158125	1.3821157675357644e-06
ENSG00000175287	1.3762340001344512e-06
ENSG00000175309	1.3762340001344512e-06
ENSG00000162645	1.3718214218618959e-06
ENSG00000185666	1.3659473997144283e-06
ENSG00000135069	1.3652602177688635e-06
ENSG00000122591	1.365221000780879e-06
ENSG00000115295	1.3650663023788956e-06
ENSG00000078487	1.3624143480363481e-06
ENSG00000166619	1.362184363149662e-06
ENSG00000173320	1.358490304206114e-06
ENSG00000169122	1.358490304206114e-06
ENSG00000177990	1.35734175344895e-06
ENSG00000176473	1.3537743192998287e-06
ENSG00000106336	1.3501039236198116e-06
ENSG00000132010	1.3389540925143916e-06
ENSG00000274538	1.336663704065222e-06
ENSG00000105784	1.336628412494088e-06
ENSG00000140043	1.3320288776227837e-06
ENSG00000151657	1.326739021020974e-06
ENSG00000101940	1.3264361173447212e-06
ENSG00000203943	1.3231277587059856e-06
ENSG00000183715	1.3219128636150272e-06
ENSG00000197889	1.3214064202464486e-06
ENSG00000273494	1.3197720958965104e-06
ENSG00000162526	1.3181224983133516e-06
ENSG00000163755	1.3135009225835195e-06
ENSG00000186190	1.3025564951563435e-06
ENSG00000108759	1.3005616417983732e-06
ENSG00000262749	1.3005616417983732e-06
ENSG00000186377	1.2955043333886023e-06
ENSG00000178935	1.2954590284706377e-06
ENSG00000229809	1.2954590284706377e-06
ENSG00000257591	1.2954590284706377e-06
ENSG00000120669	1.2939996232556062e-06
ENSG00000036473	1.2931086334401253e-06
ENSG00000213689	1.2901011721237125e-06
ENSG00000113430	1.2875222619291739e-06
ENSG00000169402	1.2849929026603463e-06
ENSG00000180219	1.2825299424037895e-06
ENSG00000175003	1.2810390482119635e-06
ENSG00000166183	1.2788986799875918e-06
ENSG00000086544	1.2642084948314819e-06
ENSG00000146243	1.262198875072916e-06
ENSG00000105398	1.2614108270374792e-06
ENSG00000139531	1.2562526286681396e-06
ENSG00000143845	1.2561412121900244e-06
ENSG00000156298	1.2544434426833138e-06
ENSG00000212864	1.2472222659730173e-06
ENSG00000229665	1.2472222659730173e-06
ENSG00000196862	1.2417835426325199e-06
ENSG00000150667	1.2297332281235136e-06
ENSG00000102904	1.226776946696389e-06
ENSG00000128965	1.22578606256e-06
ENSG00000136274	1.2257479471627571e-06
ENSG00000157103	1.2246036991031786e-06
ENSG00000145920	1.2246036991031786e-06
ENSG00000124103	1.2242557304473264e-06
ENSG00000169692	1.222437555685158e-06
ENSG00000182983	1.222437555685158e-06
ENSG00000155367	1.2218034633095089e-06
ENSG00000135750	1.2218034633095089e-06
ENSG00000163870	1.2198778120718122e-06
ENSG00000166750	1.2182218362287216e-06
ENSG00000101187	1.216899208865767e-06
ENSG00000166049	1.2157480176455014e-06
ENSG00000063854	1.2117002888923354e-06
ENSG00000144120	1.188429839428639e-06
ENSG00000123179	1.184785820967657e-06
ENSG00000198908	1.1841546978598207e-06
ENSG00000219481	1.1828430801164852e-06
ENSG00000166839	1.1755427776501243e-06
ENSG00000140948	1.1755427776501243e-06
ENSG00000092377	1.1725086718112344e-06
ENSG00000133739	1.1704587534310092e-06
ENSG00000140993	1.1658123807984242e-06
ENSG00000109680	1.1568051484171175e-06
ENSG00000186088	1.1533208909669404e-06
ENSG00000123892	1.1477600688898662e-06
ENSG00000106258	1.147383891848816e-06
ENSG00000276184	1.1442704154310184e-06
ENSG00000149489	1.1432500913592665e-06
ENSG00000125900	1.1395469293458782e-06
ENSG00000124299	1.1395469293458782e-06
ENSG00000146926	1.1395232739349504e-06
ENSG00000213424	1.1395232739349504e-06
ENSG00000266338	1.1395232739349504e-06
ENSG00000172780	1.1374480134164572e-06
ENSG00000123989	1.1323477525199719e-06
ENSG00000276876	1.1323477525199719e-06
ENSG00000165182	1.1213937022806186e-06
ENSG00000176393	1.1178971066102735e-06
ENSG00000128322	1.1116934153571777e-06
ENSG00000101474	1.1009200431302617e-06
ENSG00000276761	1.1002080278899153e-06
ENSG00000167644	1.1002080278899153e-06
ENSG00000088727	1.0995749979808433e-06
ENSG00000159527	1.0950490487236064e-06
ENSG00000235194	1.0892006785836305e-06
ENSG00000138769	1.0878330872748766e-06
ENSG00000185215	1.0819227910455038e-06
ENSG00000158966	1.081759386609858e-06
ENSG00000105519	1.0744411857271382e-06
ENSG00000072163	1.0718253078272444e-06
ENSG00000056736	1.065607211002786e-06
ENSG00000171492	1.059320680612814e-06
ENSG00000180543	1.0568441763756972e-06
ENSG00000197885	1.05395194362619e-06
ENSG00000155890	1.0530206153480501e-06
ENSG00000274145	1.0528238139383012e-06
ENSG00000138796	1.0424597342791054e-06
ENSG00000118922	1.0340575309038046e-06
ENSG00000161179	1.0288182979537917e-06
ENSG00000182362	1.0127698137349488e-06
ENSG00000198825	9.929946275325605e-07
ENSG00000179912	9.929946275325605e-07
ENSG00000166796	9.921628007114174e-07
ENSG00000160097	9.890251986973342e-07
ENSG00000187516	9.87823729191992e-07
ENSG00000198855	9.87823729191992e-07
ENSG00000146250	9.830176042793005e-07
ENSG00000102897	9.830176042793005e-07
ENSG00000149292	9.826565202199975e-07
ENSG00000131069	9.763945126307519e-07
ENSG00000283852	9.63909087217223e-07
ENSG00000277481	9.513255463738758e-07
ENSG00000278488	9.484963669033142e-07
ENSG00000126460	9.396833965776059e-07
ENSG00000254858	9.283616462277892e-07
ENSG00000237172	9.266382869694051e-07
ENSG00000282992	9.266382869694051e-07
ENSG00000166930	9.266382869694051e-07
ENSG00000048471	9.210109878031563e-07
ENSG00000120341	9.185307139195139e-07
ENSG00000167797	9.181529676062733e-07
ENSG00000132437	9.145113818300232e-07
ENSG00000169291	9.145113818300232e-07
ENSG00000189030	9.063834384410646e-07
ENSG00000160282	9.063834384410646e-07
ENSG00000173638	9.008859782720841e-07
ENSG00000134986	9.005347426482505e-07
ENSG00000176919	8.991768608396735e-07
ENSG00000054179	8.889918292626966e-07
ENSG00000144406	8.844370081407062e-07
ENSG00000275214	8.778063082991181e-07
ENSG00000147082	8.720415228020078e-07
ENSG00000107443	8.720415228020078e-07
ENSG00000125492	8.642048089000347e-07
ENSG00000275779	8.608098921762129e-07
ENSG00000063176	8.585678654854559e-07
ENSG00000163590	8.508747888663639e-07
ENSG00000125851	8.358801561297517e-07
ENSG00000198889	8.356108593803555e-07
ENSG00000176771	8.355601671341503e-07
ENSG00000137449	8.344134742833326e-07
ENSG00000151012	8.280612976811816e-07
ENSG00000122873	8.280612976811816e-07
ENSG00000103018	8.121704248018536e-07
ENSG00000223494	7.957460865158253e-07
ENSG00000167969	7.957460865158253e-07
ENSG00000159289	7.955489638408826e-07
ENSG00000159335	7.926241259220609e-07
ENSG00000278220	7.901722789524271e-07
ENSG00000158792	7.874933884605571e-07
ENSG00000226784	7.857148628369208e-07
ENSG00000145022	7.788973335383195e-07
ENSG00000197894	7.556080594332336e-07
ENSG00000100418	7.556080594332336e-07
ENSG00000164117	7.537647728883095e-07
ENSG00000125356	7.433042853395059e-07
ENSG00000167748	7.080507303411314e-07
ENSG00000062282	7.028697151233961e-07
ENSG00000170100	7.028697151233961e-07
ENSG00000070759	6.948533820267518e-07
ENSG00000150361	6.948533820267518e-07
ENSG00000142405	6.948533820267518e-07
ENSG00000197372	6.912336444433554e-07
ENSG00000116703	6.68445835493076e-07
ENSG00000120471	6.680313695525462e-07
ENSG00000139637	6.552505415930597e-07
ENSG00000135374	6.345094352684932e-07
ENSG00000182107	5.297276540163178e-07
ENSG00000110074	5.179337758537704e-07
ENSG00000167470	4.818473200672458e-07
ENSG00000073910	4.623290635736069e-07
ENSG00000166090	4.528823691644768e-07
ENSG00000236625	0.0
ENSG00000226560	0.0
ENSG00000175336	0.0
ENSG00000257594	0.0
ENSG00000282424	0.0
ENSG00000282584	0.0
ENSG00000211445	0.0
ENSG00000115129	0.0
ENSG00000102466	0.0
ENSG00000196876	0.0
