GeneNames	Score
ENSG00000146648	0.0036678259530154604
ENSG00000141510	0.0032238119264155238
ENSG00000168036	0.0025409755261058924
ENSG00000177885	0.002300290847377225
ENSG00000100393	0.0022256570284195916
ENSG00000116478	0.002150705123132455
ENSG00000136997	0.0020831049499203643
ENSG00000091831	0.002007820552046767
ENSG00000188612	0.001931396263717167
ENSG00000145675	0.0019185903782649111
ENSG00000100603	0.0017889096829554526
ENSG00000132434	0.0016674978208628488
ENSG00000173039	0.0015748211313121655
ENSG00000012048	0.001523943423529068
ENSG00000115414	0.0015029213150154824
ENSG00000142208	0.001494247945760303
ENSG00000177606	0.0014356178205603913
ENSG00000005339	0.0013656185698478216
ENSG00000080824	0.001342008415989884
ENSG00000135679	0.001309468310369509
ENSG00000197122	0.0012665267602818015
ENSG00000127191	0.0012638667382807859
ENSG00000196591	0.00119935986811591
ENSG00000166949	0.0011888342725292261
ENSG00000141736	0.0011705559216636107
ENSG00000123374	0.0011599596620624412
ENSG00000100030	0.0011524058720516037
ENSG00000096401	0.0011188893774807794
ENSG00000166913	0.0010902961307517835
ENSG00000169083	0.0010826691576730225
ENSG00000183579	0.0010271848811777454
ENSG00000116030	0.0010130256668106589
ENSG00000153187	0.0009947127341226388
ENSG00000105976	0.000973115349948602
ENSG00000181163	0.0009543467540700944
ENSG00000068078	0.0009371632150228135
ENSG00000148400	0.0009367033841668252
ENSG00000196781	0.0009339188263496114
ENSG00000164924	0.00093129910040733
ENSG00000168610	0.0009210357043559149
ENSG00000113916	0.0009205596996782488
ENSG00000141738	0.0009189010402639554
ENSG00000179295	0.0009187294369823432
ENSG00000096968	0.0009181325546584756
ENSG00000269335	0.0009135816503201362
ENSG00000100644	0.00091353424789982
ENSG00000163631	0.0009075138342561104
ENSG00000160691	0.0008987936438829985
ENSG00000082898	0.0008921181036592466
ENSG00000175387	0.0008921076551980633
ENSG00000132155	0.0008862382339735214
ENSG00000135829	0.0008861842891143014
ENSG00000102882	0.0008557821342869827
ENSG00000004487	0.000844396778366708
ENSG00000182944	0.0008278666895462714
ENSG00000105647	0.0008238973026041242
ENSG00000149554	0.000821291102679298
ENSG00000139687	0.0008200534971048449
ENSG00000147403	0.0008135170158329098
ENSG00000096384	0.0008103568250960618
ENSG00000170345	0.0008059832402409053
ENSG00000121879	0.0007960717192056967
ENSG00000115415	0.0007948956527667558
ENSG00000077782	0.0007926143365008711
ENSG00000141570	0.0007766895109373113
ENSG00000010810	0.0007730895120710828
ENSG00000112062	0.0007700754015821035
ENSG00000213341	0.0007679727641099703
ENSG00000082701	0.000764313720969575
ENSG00000162692	0.0007639503649058833
ENSG00000185591	0.0007627808511200011
ENSG00000141480	0.000758116795113782
ENSG00000286522	0.000756839340189589
ENSG00000149311	0.000753010924555153
ENSG00000129521	0.0007507053060919444
ENSG00000108424	0.0007484105297193276
ENSG00000132646	0.0007438045841402359
ENSG00000140464	0.0007338959540031715
ENSG00000104365	0.0007337397856904739
ENSG00000175104	0.0007335227291580118
ENSG00000121774	0.0007319590744970175
ENSG00000141646	0.0007277079065247507
ENSG00000115966	0.0007267676920277066
ENSG00000198898	0.0007126361219955717
ENSG00000115904	0.0007108741031960132
ENSG00000161011	0.0007057319479432214
ENSG00000075624	0.0007052076321504164
ENSG00000118260	0.0007047571697412325
ENSG00000166225	0.0007020144324227117
ENSG00000103275	0.0007018425788358986
ENSG00000105568	0.0007018400085720087
ENSG00000130159	0.0006958288350572739
ENSG00000127616	0.0006884957655261705
ENSG00000116560	0.0006842506194842114
ENSG00000036257	0.0006836447442801606
ENSG00000169398	0.0006772481096037242
ENSG00000106462	0.0006690553736779339
ENSG00000188486	0.0006661972458630048
ENSG00000165119	0.0006645238741233878
ENSG00000197299	0.0006614120560659496
ENSG00000172531	0.0006610330036674944
ENSG00000183421	0.0006606080516793077
ENSG00000147162	0.0006561520617208373
ENSG00000186298	0.0006547724596619515
ENSG00000127337	0.000648879552817868
ENSG00000143799	0.0006468475139706072
ENSG00000198793	0.0006415408328477836
ENSG00000170027	0.0006383165672922342
ENSG00000167193	0.000628670977657015
ENSG00000137486	0.0006285122858605613
ENSG00000100345	0.0006194081303934573
ENSG00000124181	0.0006192660428334743
ENSG00000110395	0.0006181851557362163
ENSG00000112081	0.0006146626122495659
ENSG00000099783	0.0006094206747090053
ENSG00000124762	0.0006049173999755616
ENSG00000051180	0.0006044824132887863
ENSG00000141367	0.0006036506355086089
ENSG00000109320	0.0006007468146759427
ENSG00000113575	0.0005999268541550755
ENSG00000113558	0.0005960148518652128
ENSG00000164754	0.0005946847521521425
ENSG00000131759	0.0005930873722474121
ENSG00000097007	0.0005884663017044434
ENSG00000136450	0.0005863277660467534
ENSG00000171720	0.0005847719413266297
ENSG00000141027	0.0005839281057710848
ENSG00000134352	0.0005820549384328207
ENSG00000134371	0.0005815111144336248
ENSG00000196961	0.0005801892001580738
ENSG00000092199	0.0005791876261299154
ENSG00000140009	0.0005782261210001763
ENSG00000101266	0.000573643038921446
ENSG00000120217	0.0005731938034071239
ENSG00000122566	0.0005716192234353916
ENSG00000170581	0.0005587724424554023
ENSG00000065361	0.0005579593934938074
ENSG00000103126	0.000557875579343847
ENSG00000140575	0.0005552086865843789
ENSG00000128513	0.0005550963548274217
ENSG00000066468	0.0005545278215882474
ENSG00000165280	0.0005534467113572838
ENSG00000156970	0.0005525426680081251
ENSG00000102466	0.0005524118730554999
ENSG00000167770	0.0005505891881841469
ENSG00000166226	0.0005501280093560669
ENSG00000011304	0.0005482461057737509
ENSG00000166848	0.0005468099050396974
ENSG00000162434	0.0005463340551440868
ENSG00000094916	0.0005434124251279802
ENSG00000029363	0.0005417821181780751
ENSG00000111679	0.0005403552879432513
ENSG00000135486	0.0005392166509466795
ENSG00000135341	0.0005335784380771965
ENSG00000166167	0.0005318970839762748
ENSG00000160789	0.0005311065073572851
ENSG00000070770	0.0005276301697013103
ENSG00000132383	0.0005240363939442174
ENSG00000160633	0.0005215282320904588
ENSG00000101945	0.0005208552080859891
ENSG00000111642	0.0005201831244336865
ENSG00000136807	0.0005184078165383235
ENSG00000117461	0.0005178102744621592
ENSG00000276536	0.0005154927950924004
ENSG00000168646	0.0005151447135451546
ENSG00000275126	0.0005137925462632924
ENSG00000254087	0.0005137313900636612
ENSG00000071564	0.0005130490017929891
ENSG00000115524	0.0005081796433140875
ENSG00000167862	0.0005072786832126771
ENSG00000102678	0.000505123637399053
ENSG00000172977	0.0005044481724443461
ENSG00000136238	0.0005043791108249347
ENSG00000196876	0.000504168178774882
ENSG00000101412	0.0005035411865082332
ENSG00000213639	0.000502487759396399
ENSG00000196504	0.0004981243229337893
ENSG00000196924	0.0004969869707281507
ENSG00000063244	0.0004966897449453448
ENSG00000157404	0.0004960421603080727
ENSG00000113721	0.0004958774662041424
ENSG00000182872	0.0004949832179195487
ENSG00000070831	0.0004931083000105076
ENSG00000134308	0.0004919714036685981
ENSG00000113580	0.0004904413314221336
ENSG00000115233	0.0004897262241654403
ENSG00000170312	0.0004886993010727249
ENSG00000100697	0.0004875327523783795
ENSG00000187555	0.00048580027934056494
ENSG00000205937	0.0004851101302849871
ENSG00000141568	0.0004844407528583175
ENSG00000134982	0.0004835268780756544
ENSG00000162521	0.00048006871523502995
ENSG00000138081	0.000479582515032209
ENSG00000139292	0.00047878434578566996
ENSG00000076242	0.0004785240066007983
ENSG00000139618	0.0004771962991779878
ENSG00000173894	0.00047595476742070137
ENSG00000111581	0.0004758112554378881
ENSG00000142166	0.0004748409940143634
ENSG00000161203	0.00047457369316109503
ENSG00000239306	0.0004726153112718104
ENSG00000171791	0.0004721274325739339
ENSG00000168214	0.0004717721464600598
ENSG00000108055	0.0004713917697872714
ENSG00000114331	0.0004682252101346796
ENSG00000120948	0.0004671423460049554
ENSG00000166851	0.0004654628359673909
ENSG00000001626	0.0004644245271410901
ENSG00000186350	0.000463277158809922
ENSG00000113712	0.00046306516227191257
ENSG00000153201	0.00046164427967148794
ENSG00000107882	0.0004605739028518996
ENSG00000107643	0.00045880598992182806
ENSG00000138376	0.0004571200289881863
ENSG00000169375	0.00045693821605547884
ENSG00000172534	0.0004565022112730802
ENSG00000075218	0.00045641239582752175
ENSG00000138083	0.0004558241990505645
ENSG00000108312	0.0004542123523809164
ENSG00000134644	0.00045417274890455147
ENSG00000196498	0.00045364072283238184
ENSG00000169679	0.0004529961784615086
ENSG00000136824	0.00045285466481380767
ENSG00000072501	0.0004499106687614517
ENSG00000067182	0.0004496791858481587
ENSG00000101361	0.0004491584594918915
ENSG00000165025	0.0004473017279182659
ENSG00000169032	0.0004469205493463135
ENSG00000136518	0.00044590990700129355
ENSG00000130726	0.0004439679486413419
ENSG00000047410	0.00044384834121935073
ENSG00000107854	0.0004435334287646067
ENSG00000067560	0.00044227179215746543
ENSG00000135316	0.00044184035055824935
ENSG00000148053	0.00044182991367649495
ENSG00000141582	0.00044141461796133103
ENSG00000144381	0.0004409813933722342
ENSG00000077150	0.00043992983378386377
ENSG00000079246	0.0004398929643336887
ENSG00000007372	0.0004384969014008326
ENSG00000145386	0.00043792408961464406
ENSG00000147601	0.00043572463235226595
ENSG00000109971	0.000434391094219244
ENSG00000088986	0.0004343760245604432
ENSG00000143970	0.00043428925192367444
ENSG00000138160	0.0004339364184846537
ENSG00000157764	0.00043256357537558714
ENSG00000112655	0.00043256311853133146
ENSG00000055130	0.0004323639889822583
ENSG00000124789	0.0004314500970630246
ENSG00000102974	0.00043075704705192717
ENSG00000104332	0.0004277765446175464
ENSG00000169047	0.0004263970008148644
ENSG00000186566	0.0004248677092755557
ENSG00000134086	0.0004223618165456059
ENSG00000064012	0.00042218260217829513
ENSG00000178568	0.0004197943545499035
ENSG00000221829	0.00041856514174671666
ENSG00000140443	0.00041784597356233656
ENSG00000196363	0.0004175558872545747
ENSG00000112592	0.00041703126805619155
ENSG00000146670	0.00041694465905575126
ENSG00000175793	0.0004163938284008371
ENSG00000013364	0.00041572600746980813
ENSG00000253729	0.0004153399992005731
ENSG00000068024	0.00041518703668670404
ENSG00000146047	0.0004148855486572101
ENSG00000087586	0.0004136536141515951
ENSG00000136709	0.00041361324788826993
ENSG00000105810	0.0004127900240941545
ENSG00000135446	0.0004126867505847332
ENSG00000101146	0.0004096335603240456
ENSG00000100811	0.000409111251083586
ENSG00000111321	0.0004088287478577512
ENSG00000153827	0.00040859590962639795
ENSG00000141968	0.00040800883319439603
ENSG00000142192	0.000407352477286516
ENSG00000131981	0.0004062683628338515
ENSG00000175832	0.0004057698818434654
ENSG00000187741	0.0004056748346032672
ENSG00000004897	0.00040283801950979095
ENSG00000171105	0.00040268940495531865
ENSG00000108375	0.0004024230314093749
ENSG00000073584	0.0004020287831377976
ENSG00000034713	0.00040086872585244805
ENSG00000166333	0.00040033958530676566
ENSG00000088305	0.00039992076227747265
ENSG00000183765	0.0003995700439300093
ENSG00000105173	0.0003987305598282068
ENSG00000077312	0.0003985989430478742
ENSG00000184216	0.00039775849603252913
ENSG00000100906	0.0003971370377124284
ENSG00000051382	0.00039540397369504696
ENSG00000121022	0.00039484028305871317
ENSG00000274474	0.0003947248500671486
ENSG00000087191	0.00039264862981912583
ENSG00000131323	0.0003926481381794433
ENSG00000144655	0.000392604340936952
ENSG00000117222	0.00039201911995692456
ENSG00000185130	0.0003917018223793206
ENSG00000125398	0.00039142029819033057
ENSG00000116017	0.00039104361410648836
ENSG00000096717	0.0003908226719970292
ENSG00000132604	0.00039074575076957304
ENSG00000120738	0.0003903146142617799
ENSG00000168066	0.0003895058356130093
ENSG00000183207	0.0003887876025004375
ENSG00000198909	0.0003886376752510712
ENSG00000069956	0.00038828350561661456
ENSG00000067369	0.00038778486045048865
ENSG00000175166	0.0003876206881238465
ENSG00000108654	0.00038665503353785144
ENSG00000103197	0.00038465557379973193
ENSG00000113578	0.00038403757215202
ENSG00000132341	0.00038347683129180465
ENSG00000100888	0.00038312224506668516
ENSG00000166135	0.0003823574380817381
ENSG00000144554	0.0003816554060608032
ENSG00000227046	0.0003801120258102916
ENSG00000185359	0.00037998996185178286
ENSG00000159216	0.00037949351538604917
ENSG00000102178	0.00037867992053639465
ENSG00000065970	0.0003776817202197003
ENSG00000119335	0.00037736304901835694
ENSG00000171475	0.0003770715702826274
ENSG00000101367	0.0003766692226603496
ENSG00000085999	0.00037517760483456804
ENSG00000136492	0.0003748939000337964
ENSG00000065135	0.00037455433816921207
ENSG00000141543	0.0003741076626476515
ENSG00000121892	0.0003740482742664826
ENSG00000109458	0.00037280602960573436
ENSG00000110713	0.0003727992931466074
ENSG00000174720	0.00037055508348626234
ENSG00000196628	0.00036926802056271507
ENSG00000084676	0.0003692364387153095
ENSG00000116815	0.0003683670806207067
ENSG00000083799	0.00036788703738442163
ENSG00000087365	0.00036774020829808855
ENSG00000165916	0.00036727516919039284
ENSG00000095002	0.0003672713476549381
ENSG00000122565	0.00036638778973624165
ENSG00000183337	0.000366229031481479
ENSG00000147133	0.0003661351231660698
ENSG00000102054	0.0003655479433228151
ENSG00000146834	0.0003654248421164063
ENSG00000159692	0.00036529249493314153
ENSG00000076003	0.0003641744752959373
ENSG00000056558	0.00036357253307592037
ENSG00000166266	0.00036272413458879554
ENSG00000099956	0.0003626962687886167
ENSG00000121481	0.00036232824541033016
ENSG00000055917	0.0003609832084335909
ENSG00000164327	0.0003608793144508478
ENSG00000115875	0.00036052599782938004
ENSG00000104320	0.0003604347550364845
ENSG00000133703	0.0003600621193564573
ENSG00000085840	0.0003600161031261821
ENSG00000117399	0.00035983276533811204
ENSG00000078061	0.00035976330801227425
ENSG00000134202	0.00035921130110083243
ENSG00000125686	0.0003580771646490482
ENSG00000116977	0.00035693895024005136
ENSG00000105401	0.0003567212142039315
ENSG00000026103	0.0003554921515188532
ENSG00000115053	0.0003554634415022453
ENSG00000131467	0.00035501138190031803
ENSG00000130816	0.0003542581394097603
ENSG00000137693	0.0003542328403770159
ENSG00000145715	0.0003535730751505765
ENSG00000128342	0.0003533860144887103
ENSG00000110958	0.0003508501958340213
ENSG00000039068	0.00035083914076244427
ENSG00000138795	0.0003508115683211991
ENSG00000244462	0.00035078537689256604
ENSG00000106459	0.0003504421011752354
ENSG00000189403	0.00034991129309997073
ENSG00000104412	0.0003497293035552111
ENSG00000182866	0.00034878023621747785
ENSG00000117751	0.0003485513596822524
ENSG00000074266	0.00034774114110070365
ENSG00000135100	0.0003475155896833561
ENSG00000183735	0.0003473871994164907
ENSG00000171608	0.00034594435153801137
ENSG00000197879	0.0003456290318999594
ENSG00000165392	0.00034518003349185095
ENSG00000126883	0.0003433061366933817
ENSG00000144485	0.00034297029646149284
ENSG00000126457	0.00034275276872270034
ENSG00000175054	0.00034201990409835146
ENSG00000284901	0.0003416771461319769
ENSG00000181544	0.00034145895233359246
ENSG00000148773	0.00034140117814751754
ENSG00000110092	0.0003413757922341504
ENSG00000183117	0.0003405971330764181
ENSG00000128245	0.00034019833734248874
ENSG00000104695	0.00033958204242028604
ENSG00000171456	0.00033907140743026426
ENSG00000181555	0.0003387276893677243
ENSG00000109805	0.0003386987110417663
ENSG00000092820	0.0003380174161227036
ENSG00000145907	0.0003377648968023682
ENSG00000105639	0.0003376564872124193
ENSG00000171855	0.00033757489067636083
ENSG00000137275	0.00033741717884055864
ENSG00000122482	0.00033740951403773875
ENSG00000162607	0.00033734383908116185
ENSG00000185920	0.0003373399413448682
ENSG00000161800	0.00033711890980512525
ENSG00000140525	0.00033632457010565505
ENSG00000130829	0.0003348545784433601
ENSG00000100387	0.00033470759907711897
ENSG00000128052	0.00033466928261081166
ENSG00000149136	0.0003341612579558081
ENSG00000109606	0.00033366067855944756
ENSG00000118434	0.0003333211412983225
ENSG00000184634	0.0003327785706061454
ENSG00000118972	0.000332477258568629
ENSG00000132170	0.00033203507663680476
ENSG00000143228	0.0003310313763656415
ENSG00000166508	0.0003309139205624054
ENSG00000171956	0.00033006711814791275
ENSG00000281324	0.0003288125317293747
ENSG00000150093	0.0003287749214515417
ENSG00000197102	0.000328492756043678
ENSG00000114166	0.0003280271043000061
ENSG00000103266	0.00032799291518068784
ENSG00000187790	0.00032746563737054413
ENSG00000134057	0.0003271904680671164
ENSG00000078747	0.0003269147249954346
ENSG00000079999	0.0003265224329369566
ENSG00000166326	0.00032630228678272115
ENSG00000069248	0.00032547384583666845
ENSG00000176678	0.00032545887885761303
ENSG00000078674	0.00032510331405267415
ENSG00000080503	0.0003250102193068153
ENSG00000198730	0.0003247974333577841
ENSG00000164109	0.00032477225026893933
ENSG00000147274	0.00032427692683885433
ENSG00000088325	0.00032386055679878626
ENSG00000118193	0.00032366322241391256
ENSG00000163558	0.00032363138581805015
ENSG00000080839	0.00032351569409202764
ENSG00000107175	0.0003229998697150545
ENSG00000215301	0.0003227380841566897
ENSG00000280548	0.00032267408470231434
ENSG00000109906	0.00032236523078868815
ENSG00000173757	0.0003220428977343515
ENSG00000142945	0.0003220380929333072
ENSG00000121152	0.00032188601445582853
ENSG00000129351	0.0003210786606096912
ENSG00000126561	0.00032101578414138286
ENSG00000089685	0.0003209745597992078
ENSG00000131023	0.00032058329693225124
ENSG00000188895	0.0003200365023369567
ENSG00000163513	0.00031908760012162537
ENSG00000163918	0.0003190873492862023
ENSG00000131944	0.00031867302547141334
ENSG00000108773	0.00031864980647328323
ENSG00000081138	0.00031836334264841393
ENSG00000173226	0.0003183493933504726
ENSG00000101109	0.00031823829060944665
ENSG00000131747	0.0003177372447392778
ENSG00000136352	0.0003176729847886313
ENSG00000105364	0.00031761924603551775
ENSG00000108094	0.00031761729608480903
ENSG00000101441	0.0003175952557991205
ENSG00000117748	0.0003174683004409229
ENSG00000188906	0.00031744070670266784
ENSG00000054118	0.00031717210025239537
ENSG00000102900	0.0003171553481128684
ENSG00000145604	0.0003167328840483847
ENSG00000138668	0.000316723580747361
ENSG00000139613	0.0003165419291543334
ENSG00000136527	0.0003158510136274407
ENSG00000138798	0.00031561810912431737
ENSG00000058804	0.00031542026751473434
ENSG00000163517	0.00031417735716304454
ENSG00000177084	0.0003132666903279085
ENSG00000131748	0.00031315144157866763
ENSG00000143379	0.0003124992611423123
ENSG00000198625	0.0003118719785666998
ENSG00000160282	0.00031172369469201265
ENSG00000085415	0.00031144067171150436
ENSG00000118137	0.0003110834453078067
ENSG00000159352	0.0003108376323747005
ENSG00000128944	0.0003105504264120415
ENSG00000126934	0.00031052898635577697
ENSG00000146276	0.0003103291420262611
ENSG00000108883	0.00031022131438673557
ENSG00000115484	0.00030989961951425785
ENSG00000106799	0.0003097924667079358
ENSG00000131969	0.00030933340626392584
ENSG00000198088	0.0003092819210214482
ENSG00000163565	0.00030859625099000326
ENSG00000288516	0.00030826911570819835
ENSG00000071051	0.0003082386916766107
ENSG00000154473	0.00030820594401647565
ENSG00000128585	0.0003081984316865771
ENSG00000141564	0.0003080705674615566
ENSG00000072803	0.0003076987685466224
ENSG00000068308	0.0003073619336617778
ENSG00000107984	0.0003072191631485465
ENSG00000165731	0.00030699767834081683
ENSG00000196535	0.0003069267276739267
ENSG00000138685	0.00030666478176664264
ENSG00000183770	0.00030656289069602553
ENSG00000099995	0.0003064724782629577
ENSG00000084093	0.00030604423536132396
ENSG00000149269	0.0003059476690968226
ENSG00000169696	0.00030587256288480176
ENSG00000105989	0.00030556437485278697
ENSG00000124813	0.0003055606680604522
ENSG00000133124	0.0003055139083388655
ENSG00000004975	0.00030421144053909975
ENSG00000152595	0.0003041315382930455
ENSG00000173473	0.00030403614184789236
ENSG00000124151	0.00030382022165633413
ENSG00000123358	0.0003037378439282971
ENSG00000113594	0.0003037207037227081
ENSG00000111602	0.00030348164108952763
ENSG00000120149	0.00030264594236880364
ENSG00000134243	0.000302576750669125
ENSG00000198900	0.0003025709800006463
ENSG00000196793	0.0003024714945517286
ENSG00000134627	0.00030241700776728885
ENSG00000126215	0.00030154613801216255
ENSG00000156876	0.00030098947054377814
ENSG00000105397	0.0003008746561505397
ENSG00000101558	0.0003008032961952177
ENSG00000275410	0.0003007690744936574
ENSG00000163781	0.0003003873095784615
ENSG00000130635	0.0003003418937569632
ENSG00000071553	0.0002998130359480136
ENSG00000084623	0.0002997707903318055
ENSG00000170365	0.0002996895374466871
ENSG00000077935	0.00029958507837112903
ENSG00000178919	0.0002995284507388357
ENSG00000186185	0.00029898014929790267
ENSG00000173193	0.0002983698968940869
ENSG00000124164	0.00029816164461439026
ENSG00000135250	0.00029697532565876487
ENSG00000125651	0.0002969516431188162
ENSG00000075388	0.00029688050291592203
ENSG00000107485	0.00029686824663111553
ENSG00000073282	0.00029682296550743537
ENSG00000099942	0.00029660114215451886
ENSG00000122952	0.00029603828022216084
ENSG00000132535	0.00029583582481206396
ENSG00000111276	0.00029557211041424835
ENSG00000158290	0.00029549660427343415
ENSG00000167553	0.0002954617633682228
ENSG00000123908	0.00029516163598883815
ENSG00000094880	0.0002950947055727649
ENSG00000120129	0.00029502035682252016
ENSG00000164362	0.00029467734199526156
ENSG00000162775	0.000294560913296375
ENSG00000162385	0.0002944580272903881
ENSG00000065526	0.0002943744112494091
ENSG00000090889	0.00029433027045014116
ENSG00000118007	0.0002936811089877241
ENSG00000158092	0.0002929664777963845
ENSG00000094631	0.00029279235672473655
ENSG00000116539	0.00029278832204564275
ENSG00000007062	0.00029262748155514033
ENSG00000118689	0.0002925123268133917
ENSG00000049768	0.0002923939671266681
ENSG00000204843	0.0002922703447800732
ENSG00000083168	0.0002922171143597815
ENSG00000105974	0.00029161093456658437
ENSG00000039600	0.00029152645540038837
ENSG00000092201	0.0002913664000579999
ENSG00000285246	0.0002908914986895081
ENSG00000136485	0.00029035204816340546
ENSG00000135624	0.00029007894271810734
ENSG00000171862	0.00028992781903876166
ENSG00000104856	0.0002897169185384368
ENSG00000139842	0.0002893686090076709
ENSG00000111087	0.0002891674445866255
ENSG00000010017	0.00028899376488685863
ENSG00000142731	0.0002880658754853748
ENSG00000168283	0.00028793301963934097
ENSG00000105221	0.0002877240891929298
ENSG00000108821	0.00028694867154190567
ENSG00000134690	0.0002866901166826286
ENSG00000166987	0.00028668866125074665
ENSG00000156009	0.0002864612579720801
ENSG00000170004	0.0002862508791894674
ENSG00000015479	0.00028609646900532726
ENSG00000083642	0.0002858608058757276
ENSG00000232960	0.0002857408910318141
ENSG00000162735	0.00028482464165081677
ENSG00000113522	0.00028478870486535484
ENSG00000170325	0.0002843876899256603
ENSG00000186908	0.0002843872864604258
ENSG00000115145	0.0002842064973865796
ENSG00000115392	0.0002841614016304099
ENSG00000178999	0.0002841065917652945
ENSG00000073111	0.00028404989304338087
ENSG00000005007	0.0002840396395683728
ENSG00000138592	0.00028372074122241347
ENSG00000112029	0.00028331883547856926
ENSG00000053900	0.0002824584313782759
ENSG00000075292	0.00028239525064942603
ENSG00000162367	0.00028162090818566
ENSG00000118046	0.0002815956979033763
ENSG00000112559	0.00028149680788648254
ENSG00000100567	0.00028134584883314246
ENSG00000107249	0.0002812016510430814
ENSG00000173805	0.0002810463091318337
ENSG00000160867	0.00028093586694092666
ENSG00000183495	0.000280509186984016
ENSG00000057149	0.00028029236135421924
ENSG00000284915	0.0002801967412635815
ENSG00000134853	0.0002800437302838908
ENSG00000167552	0.0002798348041394353
ENSG00000143321	0.0002795955420637078
ENSG00000104760	0.0002795338975400868
ENSG00000101972	0.0002794563419117963
ENSG00000140262	0.0002790579634193978
ENSG00000232810	0.0002789700325499514
ENSG00000075856	0.00027890331829226396
ENSG00000135407	0.000278646388680958
ENSG00000138398	0.00027863463581658725
ENSG00000125107	0.00027825557686299843
ENSG00000221914	0.0002781081842664247
ENSG00000079616	0.0002780021451765501
ENSG00000186895	0.000277322928641888
ENSG00000136603	0.00027686910203217867
ENSG00000131196	0.0002765871781560638
ENSG00000168040	0.00027605879379292736
ENSG00000120733	0.0002759143232046359
ENSG00000115808	0.0002758521353563272
ENSG00000082175	0.0002756507700354146
ENSG00000143995	0.00027517030285044593
ENSG00000234651	0.0002748901440984391
ENSG00000111711	0.0002748573421525572
ENSG00000171223	0.0002747326496223156
ENSG00000117724	0.0002747296919696481
ENSG00000019186	0.00027437534348612625
ENSG00000111445	0.0002742438647823704
ENSG00000007168	0.0002737012061456448
ENSG00000213186	0.0002732675553146101
ENSG00000116062	0.00027314250050549613
ENSG00000100614	0.00027263626360906647
ENSG00000105176	0.00027222403999145085
ENSG00000125798	0.000272058755262198
ENSG00000019991	0.00027205432733932164
ENSG00000076382	0.00027186952188275955
ENSG00000120526	0.00027117151697064805
ENSG00000111206	0.00027113429033978186
ENSG00000277401	0.0002711163513670349
ENSG00000168496	0.0002708045735676148
ENSG00000151503	0.0002706083223887702
ENSG00000109332	0.0002702059926853618
ENSG00000126787	0.0002701241058252228
ENSG00000185950	0.0002699592540841973
ENSG00000093009	0.00026992864350981955
ENSG00000198890	0.00026988795549588983
ENSG00000179772	0.00026925893053113823
ENSG00000120156	0.0002687557075842844
ENSG00000154143	0.000268338949357025
ENSG00000000460	0.0002675936857740209
ENSG00000171552	0.0002666225032080953
ENSG00000160973	0.0002661237650650321
ENSG00000101407	0.000266089937603176
ENSG00000174371	0.00026606463985931933
ENSG00000095015	0.00026581647249721506
ENSG00000196419	0.00026568973804295845
ENSG00000103657	0.00026545005470784543
ENSG00000111540	0.0002652839093525419
ENSG00000117707	0.00026469573397329795
ENSG00000138092	0.00026456135049192684
ENSG00000134313	0.00026452821932129066
ENSG00000138802	0.00026432278256085194
ENSG00000109685	0.000264035916578652
ENSG00000154928	0.0002637855719784938
ENSG00000172164	0.0002636220481103152
ENSG00000108561	0.00026358694130149113
ENSG00000142864	0.0002635803556925008
ENSG00000136875	0.00026310268954786453
ENSG00000198265	0.0002630765284303708
ENSG00000125347	0.00026303628460508675
ENSG00000157613	0.0002628242218068467
ENSG00000122641	0.0002627004255207467
ENSG00000159409	0.0002625105692904234
ENSG00000129315	0.00026210325583569407
ENSG00000127445	0.0002616783571263553
ENSG00000143476	0.00026158812857318605
ENSG00000251258	0.00026155028243026
ENSG00000146918	0.00026137247324061434
ENSG00000165671	0.0002610029833585388
ENSG00000156273	0.0002607804095661112
ENSG00000113194	0.00026068832520009956
ENSG00000066422	0.0002605173458717315
ENSG00000119596	0.00026034725124427914
ENSG00000114978	0.00026029502698340603
ENSG00000108349	0.0002602767922189576
ENSG00000066279	0.0002598381090571384
ENSG00000153147	0.0002598251987162683
ENSG00000114742	0.00025981448816173307
ENSG00000131626	0.00025968362921154775
ENSG00000184445	0.0002594161744696431
ENSG00000167986	0.0002591743796613128
ENSG00000180370	0.00025899922529867657
ENSG00000213079	0.0002589855595139315
ENSG00000113100	0.0002589492177331448
ENSG00000113758	0.0002587586338489432
ENSG00000198554	0.0002587577743588421
ENSG00000164031	0.00025803171994715857
ENSG00000137473	0.0002579339154172423
ENSG00000066117	0.00025769057262171245
ENSG00000055208	0.000257347544120688
ENSG00000050748	0.0002567822438123537
ENSG00000170759	0.00025671254285759886
ENSG00000166501	0.00025670677027812383
ENSG00000115163	0.00025665443315035574
ENSG00000159763	0.0002561694077697799
ENSG00000175931	0.00025605589225659916
ENSG00000010671	0.00025595104574989506
ENSG00000110422	0.0002558551444346834
ENSG00000177463	0.0002557041884273437
ENSG00000185630	0.0002555264377743837
ENSG00000197943	0.00025518761833337943
ENSG00000163930	0.000254566146840636
ENSG00000123405	0.00025446587057361536
ENSG00000161057	0.0002543082667772611
ENSG00000204217	0.0002542886405158383
ENSG00000165417	0.00025425407394502364
ENSG00000011422	0.000253981405938134
ENSG00000101126	0.00025372217313371744
ENSG00000130985	0.0002535973123467878
ENSG00000131653	0.00025355093113484735
ENSG00000107164	0.00025321063506796867
ENSG00000204262	0.00025304640240299975
ENSG00000090060	0.00025304442702870034
ENSG00000060688	0.00025303218367889673
ENSG00000172845	0.0002526845829966441
ENSG00000128731	0.0002525302459314725
ENSG00000160949	0.0002525281455658384
ENSG00000186660	0.0002524014531388745
ENSG00000188529	0.0002522706644019124
ENSG00000155561	0.0002520262856091678
ENSG00000089159	0.0002519936149921946
ENSG00000162344	0.00025173591108240744
ENSG00000101413	0.00025166320986443573
ENSG00000104408	0.00025155032030284286
ENSG00000104969	0.0002514180759274488
ENSG00000213024	0.0002512871932012427
ENSG00000155636	0.0002512446780877142
ENSG00000100813	0.00025119883660281345
ENSG00000129083	0.00025115681882827417
ENSG00000103490	0.0002508893258338751
ENSG00000071626	0.00025079361135670557
ENSG00000196396	0.0002504466390786583
ENSG00000175602	0.00025015564032360605
ENSG00000197323	0.000250150396943972
ENSG00000164379	0.0002501113400353776
ENSG00000135097	0.00024988281771087817
ENSG00000072518	0.00024980796684826486
ENSG00000196367	0.00024953785192907696
ENSG00000182979	0.0002492972968614195
ENSG00000100519	0.00024861747155350384
ENSG00000047315	0.00024845927922505906
ENSG00000183763	0.00024717208159459017
ENSG00000125450	0.0002469333586078991
ENSG00000142937	0.00024685296148877736
ENSG00000135999	0.00024640023280662605
ENSG00000187837	0.000246230441590884
ENSG00000011426	0.0002462047010166823
ENSG00000185811	0.0002461729312029806
ENSG00000172638	0.000246102731228794
ENSG00000134323	0.00024605663602627194
ENSG00000136754	0.0002450021626277681
ENSG00000129084	0.0002449687096763586
ENSG00000179222	0.0002449136935613019
ENSG00000165934	0.0002446663720841279
ENSG00000110330	0.00024463648710175466
ENSG00000163939	0.000244473196200217
ENSG00000175279	0.0002441125685437155
ENSG00000137713	0.00024405634022372458
ENSG00000188846	0.0002438402741993224
ENSG00000083312	0.00024353042082235656
ENSG00000181090	0.00024317455570347138
ENSG00000148848	0.0002430262986269914
ENSG00000158169	0.00024290289114055214
ENSG00000198400	0.00024288820554422609
ENSG00000162892	0.00024280687293690094
ENSG00000126070	0.00024254078698675066
ENSG00000147010	0.00024246402140762544
ENSG00000135945	0.000242330782737454
ENSG00000143190	0.0002422774455115756
ENSG00000196584	0.00024209730844971573
ENSG00000117560	0.00024209150463333528
ENSG00000133216	0.00024208684392303714
ENSG00000131508	0.00024201295887353507
ENSG00000122779	0.00024195287533978308
ENSG00000163161	0.00024169325445578957
ENSG00000127314	0.00024164891216017125
ENSG00000115170	0.0002411721150110963
ENSG00000126456	0.00024114176901714359
ENSG00000151490	0.0002411206402598577
ENSG00000184009	0.00024106901874117425
ENSG00000146731	0.0002408725318325395
ENSG00000068489	0.00024085401044296784
ENSG00000168259	0.0002406533676829556
ENSG00000140988	0.0002406158457980191
ENSG00000067992	0.00024054803120144365
ENSG00000137285	0.00024031575805418654
ENSG00000115464	0.0002401223836603603
ENSG00000120802	0.00024007655073833318
ENSG00000104884	0.00023979169673481575
ENSG00000101115	0.00023972420599852322
ENSG00000173889	0.00023971043181642584
ENSG00000176165	0.0002393748954145688
ENSG00000062822	0.00023931308586544722
ENSG00000198033	0.00023919846442384886
ENSG00000177889	0.00023918697715165496
ENSG00000172936	0.00023914569103672439
ENSG00000046651	0.00023874100395063078
ENSG00000070367	0.00023842838612224646
ENSG00000175216	0.00023791373895731984
ENSG00000089009	0.0002378635088125758
ENSG00000133895	0.0002375564222208628
ENSG00000128714	0.00023750053051252
ENSG00000142453	0.00023739664042078212
ENSG00000165219	0.0002372583657172512
ENSG00000183161	0.00023714443304422567
ENSG00000044115	0.00023712248587801966
ENSG00000151348	0.00023698451448520529
ENSG00000078399	0.0002369714408890801
ENSG00000035928	0.00023679481974224785
ENSG00000161202	0.0002367340567442028
ENSG00000182718	0.00023652290480078635
ENSG00000133119	0.00023648608716949867
ENSG00000143621	0.0002364527468647421
ENSG00000119969	0.00023624974256361718
ENSG00000020922	0.00023623570822424244
ENSG00000167881	0.00023621592710191107
ENSG00000101966	0.0002359831999482524
ENSG00000065320	0.00023581024826204824
ENSG00000143437	0.0002355905284308558
ENSG00000074219	0.00023558608395462697
ENSG00000166888	0.00023537112002630295
ENSG00000111605	0.00023507413856145614
ENSG00000125266	0.00023482163373106716
ENSG00000123485	0.00023479567925316854
ENSG00000181852	0.00023474409554386842
ENSG00000132356	0.0002347379515460762
ENSG00000119487	0.0002347026368258407
ENSG00000178567	0.0002346586206915055
ENSG00000120063	0.0002344020373647072
ENSG00000135870	0.00023418986595843914
ENSG00000121989	0.00023403232571382837
ENSG00000049618	0.00023362496886051838
ENSG00000108443	0.00023353956182338954
ENSG00000113763	0.00023350234314447596
ENSG00000087338	0.00023336582781826129
ENSG00000066044	0.00023334435967600897
ENSG00000232045	0.00023314314836794637
ENSG00000116698	0.00023306000865047015
ENSG00000044524	0.00023298321207468065
ENSG00000148396	0.00023298022340470327
ENSG00000162231	0.0002329467204637406
ENSG00000170558	0.0002329355171942191
ENSG00000112531	0.00023293129585651295
ENSG00000141655	0.00023256316936674071
ENSG00000100201	0.00023254143583329568
ENSG00000140853	0.00023252075189316554
ENSG00000106211	0.00023247361906433877
ENSG00000166986	0.00023235798251186376
ENSG00000197903	0.00023228769233488709
ENSG00000185024	0.0002321869558792672
ENSG00000068878	0.00023203460992846656
ENSG00000162613	0.0002318537417449013
ENSG00000136930	0.00023146124977426925
ENSG00000162736	0.00023138985862054012
ENSG00000110906	0.000231103081661851
ENSG00000078142	0.00023091338705224834
ENSG00000114867	0.00023066620909722578
ENSG00000140396	0.0002306514392201836
ENSG00000167642	0.00023055669085595898
ENSG00000127328	0.00023048318307485524
ENSG00000055044	0.00023047633160363262
ENSG00000167004	0.00023043975624187216
ENSG00000176102	0.00023042450684126057
ENSG00000196235	0.0002300389169401337
ENSG00000106399	0.00022938785308514054
ENSG00000135018	0.00022931748670365694
ENSG00000103241	0.00022928925479399223
ENSG00000075785	0.00022923656124862804
ENSG00000125977	0.00022921885757898745
ENSG00000120899	0.0002291126099529053
ENSG00000131462	0.0002290333885609086
ENSG00000139218	0.000228934477097788
ENSG00000116580	0.00022879331101892134
ENSG00000186153	0.0002287927294085343
ENSG00000157450	0.000228777073842799
ENSG00000104738	0.0002286840373682334
ENSG00000164885	0.00022848009779185657
ENSG00000198646	0.00022838267534377557
ENSG00000078098	0.000228379121470291
ENSG00000198286	0.0002283241414623147
ENSG00000164761	0.00022812621544447318
ENSG00000162402	0.00022806803666860657
ENSG00000160957	0.00022791972340564464
ENSG00000099381	0.00022758844731583103
ENSG00000111640	0.00022744179584934781
ENSG00000072364	0.00022740617717239843
ENSG00000176619	0.0002273368016644714
ENSG00000137770	0.00022713506836074133
ENSG00000101003	0.00022703737509092599
ENSG00000278372	0.00022666099052492386
ENSG00000196914	0.00022664643360998282
ENSG00000128710	0.0002263351812090056
ENSG00000169604	0.00022600867358083963
ENSG00000131791	0.00022599057101083868
ENSG00000163064	0.00022594479197103975
ENSG00000164404	0.00022562167730077833
ENSG00000104517	0.00022562147326100817
ENSG00000061273	0.0002255587856995188
ENSG00000186716	0.0002255316247439015
ENSG00000136937	0.0002254309197619117
ENSG00000124260	0.00022542907991878724
ENSG00000086827	0.0002252552698770946
ENSG00000188095	0.00022498793732380368
ENSG00000108840	0.0002249768066147803
ENSG00000143294	0.00022465442303248583
ENSG00000108344	0.00022455645314592505
ENSG00000107779	0.0002244731707244475
ENSG00000086758	0.0002243051369235524
ENSG00000106546	0.0002240398691935834
ENSG00000087460	0.00022397818638693592
ENSG00000140807	0.0002238570340043623
ENSG00000140992	0.0002237748579986332
ENSG00000102119	0.00022377343056366147
ENSG00000157456	0.00022367618146127812
ENSG00000164756	0.00022343267801599794
ENSG00000149480	0.00022329329212821125
ENSG00000167513	0.0002230832583762756
ENSG00000127511	0.00022307229594748545
ENSG00000139083	0.00022306700649008267
ENSG00000175643	0.00022288874193502503
ENSG00000172216	0.00022285141425797185
ENSG00000004455	0.0002226687753984752
ENSG00000087088	0.00022257508415092386
ENSG00000133704	0.00022253494540680182
ENSG00000054598	0.00022221425667284716
ENSG00000050405	0.00022217250154972973
ENSG00000080815	0.0002220234410860568
ENSG00000118513	0.00022198080573770286
ENSG00000130779	0.00022163620200236624
ENSG00000159377	0.00022148805564920355
ENSG00000100815	0.00022135159134232288
ENSG00000112742	0.00022115828209940793
ENSG00000153107	0.0002211442096245512
ENSG00000169217	0.00022107652039833882
ENSG00000137996	0.00022107473328964665
ENSG00000155897	0.00022106904606816792
ENSG00000163848	0.00022106772413320333
ENSG00000078814	0.00022091045843433473
ENSG00000047932	0.00022084606259338237
ENSG00000117713	0.0002207466978807397
ENSG00000136897	0.0002206737795032218
ENSG00000180210	0.0002202411804785262
ENSG00000169967	0.00021972651031423502
ENSG00000008838	0.00021971705234160398
ENSG00000122512	0.00021950587020397083
ENSG00000138182	0.00021948922313660212
ENSG00000137497	0.00021947078502808514
ENSG00000197860	0.00021945737701778504
ENSG00000092853	0.000219454821799661
ENSG00000073050	0.00021936999962493339
ENSG00000161405	0.00021924079450276137
ENSG00000134954	0.00021916722329118983
ENSG00000105851	0.00021916686496431601
ENSG00000157106	0.00021881956393342937
ENSG00000026025	0.00021854344755018124
ENSG00000272196	0.00021848127044168695
ENSG00000165702	0.00021813291604627657
ENSG00000170606	0.00021810758116431997
ENSG00000100764	0.0002178995630824542
ENSG00000129152	0.00021772314135115774
ENSG00000105085	0.00021764493170382335
ENSG00000105894	0.000217604902873501
ENSG00000144233	0.00021745817130231686
ENSG00000132964	0.0002174098667774479
ENSG00000135451	0.0002173153141891685
ENSG00000077152	0.00021729686764894785
ENSG00000092847	0.0002171353057056143
ENSG00000136522	0.00021698732111372453
ENSG00000078369	0.00021691082143329658
ENSG00000106571	0.0002168928736405867
ENSG00000072110	0.00021682682100878417
ENSG00000121903	0.0002165093291050307
ENSG00000108671	0.00021644486482581745
ENSG00000105281	0.0002161532284488821
ENSG00000119508	0.0002160875750748331
ENSG00000157110	0.0002159851386025312
ENSG00000172354	0.00021589091170465754
ENSG00000101255	0.0002156597223589557
ENSG00000147257	0.00021475025912839776
ENSG00000162302	0.0002142563969400429
ENSG00000085832	0.00021395019804579363
ENSG00000198176	0.00021362894377723352
ENSG00000107807	0.00021343177197433172
ENSG00000126003	0.00021337210390047468
ENSG00000099985	0.00021319348418193478
ENSG00000275903	0.0002131120358961921
ENSG00000143947	0.00021305907629784324
ENSG00000147548	0.00021301988559852073
ENSG00000136944	0.00021300239998677203
ENSG00000171109	0.0002129732477086858
ENSG00000157168	0.0002127221799615551
ENSG00000143106	0.00021270201380748662
ENSG00000141867	0.00021238762591785972
ENSG00000101752	0.00021214649697403544
ENSG00000134001	0.00021195213664555873
ENSG00000170734	0.00021177369189253072
ENSG00000105388	0.0002115136815509084
ENSG00000113360	0.00021144453285895998
ENSG00000147381	0.00021100282136713146
ENSG00000125354	0.00021072883006571848
ENSG00000185269	0.00021072618447626364
ENSG00000169813	0.00021065292748536412
ENSG00000145216	0.00021058500851357646
ENSG00000135409	0.00021056502903009193
ENSG00000149187	0.00021055068708397413
ENSG00000152455	0.00021041459855162333
ENSG00000156261	0.0002103946040088286
ENSG00000072401	0.00021026981035402215
ENSG00000100462	0.00021012134672757532
ENSG00000143977	0.00021007696952532554
ENSG00000138071	0.00021000919184947485
ENSG00000176208	0.00020986041799039135
ENSG00000187098	0.00020968617305795642
ENSG00000114354	0.00020944703050395768
ENSG00000154229	0.00020938360000840358
ENSG00000137801	0.00020935136053476451
ENSG00000163636	0.00020923677577376818
ENSG00000116918	0.0002092355502085678
ENSG00000161526	0.00020914239252964293
ENSG00000157259	0.00020910470146980834
ENSG00000163655	0.00020891539602476742
ENSG00000169057	0.000208899887330503
ENSG00000051341	0.00020886220244461615
ENSG00000164045	0.0002087844552180559
ENSG00000092758	0.00020878428203916318
ENSG00000023445	0.00020873700378583446
ENSG00000175029	0.0002086967245901641
ENSG00000115942	0.00020859936122588987
ENSG00000168961	0.0002082874806962877
ENSG00000134375	0.00020823262052990297
ENSG00000112118	0.0002080933671152585
ENSG00000127481	0.00020783902291484924
ENSG00000171435	0.00020782163443470447
ENSG00000168883	0.00020775477088845376
ENSG00000183741	0.0002076932608629679
ENSG00000043093	0.0002076108396586368
ENSG00000075711	0.00020756351430422626
ENSG00000033327	0.00020748424249467158
ENSG00000273993	0.00020747383813066484
ENSG00000124571	0.00020744998133253074
ENSG00000128708	0.00020726978072028852
ENSG00000204842	0.00020716183175160962
ENSG00000100029	0.00020709852940139158
ENSG00000198218	0.00020695198484319203
ENSG00000129691	0.00020694877822035273
ENSG00000196712	0.0002068894114433744
ENSG00000039319	0.00020679892433945956
ENSG00000086548	0.00020677478837780695
ENSG00000156802	0.00020665577599395316
ENSG00000235107	0.00020659452501138384
ENSG00000163468	0.00020657421856265515
ENSG00000187735	0.00020645623464926472
ENSG00000135503	0.00020645619571502274
ENSG00000263528	0.00020630822567435704
ENSG00000131558	0.00020627090149559404
ENSG00000154001	0.00020615305842022804
ENSG00000170367	0.00020615123288796825
ENSG00000196455	0.00020609111394490027
ENSG00000135362	0.00020582497503915116
ENSG00000070495	0.00020581374259424055
ENSG00000159140	0.00020579175008241852
ENSG00000115364	0.00020577987615905886
ENSG00000123473	0.0002057786106191885
ENSG00000186472	0.00020576401023472931
ENSG00000050820	0.0002056045147334649
ENSG00000205213	0.0002055083611649352
ENSG00000183576	0.00020509494364634207
ENSG00000124788	0.00020493162745078251
ENSG00000083093	0.00020482193181871087
ENSG00000149636	0.00020481639287911149
ENSG00000197170	0.00020466722070079803
ENSG00000101182	0.00020453132441321917
ENSG00000082258	0.0002044686391631807
ENSG00000107290	0.00020443430830547395
ENSG00000125952	0.00020442446358142006
ENSG00000177565	0.00020430800066941921
ENSG00000106683	0.00020425663402459508
ENSG00000118503	0.00020401351500673668
ENSG00000140937	0.00020398303485134558
ENSG00000135903	0.00020389900881255792
ENSG00000161547	0.00020383523896538134
ENSG00000169429	0.00020377537512742167
ENSG00000127980	0.00020372547921863218
ENSG00000065328	0.00020367652515925345
ENSG00000139219	0.0002034759770797231
ENSG00000113300	0.0002034409940757601
ENSG00000108587	0.0002033565633184119
ENSG00000011600	0.0002031220157336522
ENSG00000213923	0.0002030822058234789
ENSG00000148737	0.0002028929412107186
ENSG00000131721	0.0002026979342244552
ENSG00000169750	0.0002026049412469301
ENSG00000136504	0.0002025773035076319
ENSG00000157554	0.00020246700616763995
ENSG00000107186	0.0002022393203308542
ENSG00000065883	0.0002021912223006991
ENSG00000151702	0.00020215374554435816
ENSG00000079102	0.00020205150414710185
ENSG00000178084	0.00020204100537040207
ENSG00000163820	0.0002020010230330912
ENSG00000150907	0.0002018626342137919
ENSG00000100324	0.0002018272160757875
ENSG00000198755	0.00020176202446477352
ENSG00000083635	0.00020152932928625233
ENSG00000167491	0.00020129248226123962
ENSG00000197386	0.00020127430069409157
ENSG00000102977	0.00020123122140645023
ENSG00000067606	0.00020118724433313147
ENSG00000109670	0.000201131601479761
ENSG00000136699	0.00020110067218552833
ENSG00000147655	0.00020106910518935843
ENSG00000177602	0.00020105471649963988
ENSG00000157349	0.00020104530053726815
ENSG00000203852	0.00020067685941868487
ENSG00000277564	0.0002003887480026085
ENSG00000105656	0.00020031881234994925
ENSG00000015285	0.00020018728560684191
ENSG00000172270	0.0001998521539200004
ENSG00000185627	0.00019983231673002022
ENSG00000147804	0.00019965914662368046
ENSG00000160917	0.00019964920706827113
ENSG00000171617	0.00019962734062894835
ENSG00000163430	0.00019955815553488729
ENSG00000120889	0.0001993696946837667
ENSG00000099817	0.00019934506915513276
ENSG00000171843	0.00019928715326165465
ENSG00000175197	0.00019911457089753028
ENSG00000198108	0.0001990804452989747
ENSG00000014164	0.00019899118975705215
ENSG00000104885	0.00019888951592388779
ENSG00000004478	0.000198853256759843
ENSG00000110321	0.00019882099218560906
ENSG00000163083	0.000198773125082511
ENSG00000124171	0.0001987295164136294
ENSG00000163877	0.000198429362896278
ENSG00000108061	0.00019841705526530394
ENSG00000006062	0.00019841075462565563
ENSG00000160551	0.00019834512709121722
ENSG00000186907	0.00019831090789882339
ENSG00000147140	0.00019823085813127397
ENSG00000149308	0.00019801585600849497
ENSG00000119203	0.00019799277459186864
ENSG00000064933	0.00019791563537257354
ENSG00000164287	0.00019789491939224463
ENSG00000120253	0.00019781935868833515
ENSG00000060339	0.00019768722641868495
ENSG00000137573	0.0001975980805199595
ENSG00000186575	0.00019724834755993525
ENSG00000198681	0.00019717781711706638
ENSG00000065717	0.0001970954350717936
ENSG00000182446	0.0001970905198354789
ENSG00000162337	0.00019679225195731262
ENSG00000154582	0.00019678755063494354
ENSG00000162378	0.00019677974539256262
ENSG00000171634	0.00019670037177561025
ENSG00000145491	0.0001965496656523693
ENSG00000157933	0.00019640426699601198
ENSG00000167110	0.00019637853965010695
ENSG00000081307	0.0001963427480034216
ENSG00000074054	0.00019627035449287024
ENSG00000170315	0.00019610487915502442
ENSG00000101421	0.00019571326691279647
ENSG00000141294	0.00019560642324716707
ENSG00000137955	0.00019554449259431505
ENSG00000185728	0.00019554183340361132
ENSG00000182220	0.00019546547527767973
ENSG00000149968	0.000195384280069126
ENSG00000167978	0.00019537113815960874
ENSG00000184304	0.0001952827500130346
ENSG00000008018	0.00019511258716375994
ENSG00000164326	0.0001950570798526365
ENSG00000130513	0.0001948462322421805
ENSG00000155438	0.00019480728246672294
ENSG00000184343	0.0001947416382467666
ENSG00000101307	0.00019470433868701832
ENSG00000101158	0.00019461328454875194
ENSG00000037280	0.00019455841570566995
ENSG00000180198	0.00019442477297407736
ENSG00000163374	0.00019431482042475367
ENSG00000100804	0.00019429920389948913
ENSG00000196923	0.00019419644372981564
ENSG00000125820	0.0001941521687699999
ENSG00000067842	0.0001940091082688099
ENSG00000065978	0.00019398460574712444
ENSG00000128016	0.000193963881160845
ENSG00000171453	0.0001938653019963317
ENSG00000106588	0.00019385044551526853
ENSG00000081913	0.00019380580906197209
ENSG00000130935	0.00019370336503017797
ENSG00000135269	0.00019348890253636066
ENSG00000166669	0.00019338400817451456
ENSG00000100796	0.00019336302200477162
ENSG00000182578	0.00019322917744965908
ENSG00000079432	0.0001932068641978749
ENSG00000102871	0.0001931608323267365
ENSG00000137309	0.00019312227206399693
ENSG00000130826	0.00019309958407866764
ENSG00000055332	0.00019286553659993806
ENSG00000068654	0.00019268258314123816
ENSG00000121621	0.00019262036513059404
ENSG00000050628	0.00019256303472751102
ENSG00000122958	0.00019245308684454467
ENSG00000240508	0.00019229764571035765
ENSG00000125991	0.00019228189601374902
ENSG00000080986	0.00019215893831410827
ENSG00000120937	0.00019211511571083628
ENSG00000175354	0.00019191050114274438
ENSG00000167863	0.0001918434527667233
ENSG00000168090	0.00019168360757483354
ENSG00000188313	0.00019130204153976717
ENSG00000152670	0.00019126421784057605
ENSG00000121741	0.00019112288712033908
ENSG00000108262	0.0001910283854332547
ENSG00000162924	0.00019100456123770108
ENSG00000073921	0.00019094843318234593
ENSG00000100385	0.00019092789427091692
ENSG00000120438	0.0001908118604953064
ENSG00000113649	0.00019059489374499125
ENSG00000113140	0.00019057608256828608
ENSG00000160679	0.00019032941365051823
ENSG00000104312	0.00019025102458700442
ENSG00000197756	0.0001901936978971781
ENSG00000143575	0.00019017832009588084
ENSG00000163932	0.0001901203176766768
ENSG00000101057	0.00018998080298518992
ENSG00000275385	0.00018997151017605062
ENSG00000109339	0.00018994156890710218
ENSG00000125676	0.0001899210715897971
ENSG00000165699	0.00018991765932604467
ENSG00000119917	0.00018960565202294003
ENSG00000128011	0.0001895464366921858
ENSG00000182162	0.00018942277384280965
ENSG00000088247	0.00018939818055899014
ENSG00000123124	0.0001893443953552095
ENSG00000183072	0.00018929425593631523
ENSG00000186766	0.00018897156881961212
ENSG00000141446	0.00018895671245181938
ENSG00000102265	0.0001887938966810682
ENSG00000172493	0.00018861846404768926
ENSG00000126012	0.00018859868060400783
ENSG00000133997	0.0001884109607113407
ENSG00000137474	0.00018835325765094365
ENSG00000276618	0.00018832887903597162
ENSG00000162409	0.00018825115803020734
ENSG00000113643	0.00018823280720166514
ENSG00000037897	0.00018817245506450302
ENSG00000102125	0.0001880893526603147
ENSG00000130227	0.000188088509328836
ENSG00000122705	0.00018804865415906149
ENSG00000145147	0.00018803970260869
ENSG00000160271	0.00018799412440723007
ENSG00000174780	0.00018790046325752044
ENSG00000112578	0.00018778593443449174
ENSG00000196549	0.0001877130305124792
ENSG00000100335	0.00018762123383049195
ENSG00000138778	0.00018748095050299146
ENSG00000177426	0.0001874506842753655
ENSG00000153989	0.00018735855118446915
ENSG00000176903	0.00018733830178757773
ENSG00000165458	0.0001873341314674124
ENSG00000115594	0.00018731414605086978
ENSG00000109072	0.00018712529840513725
ENSG00000163975	0.00018709396937055317
ENSG00000134250	0.00018705097663817216
ENSG00000144597	0.00018703752408762763
ENSG00000168310	0.0001867145554086134
ENSG00000130175	0.00018669153600436847
ENSG00000011485	0.00018660911112289375
ENSG00000181392	0.00018647206946955283
ENSG00000121940	0.00018644429319506598
ENSG00000168412	0.00018630257752243716
ENSG00000129514	0.00018627596072611288
ENSG00000125835	0.00018627581318186333
ENSG00000167965	0.0001859418063459953
ENSG00000140153	0.0001856024576921885
ENSG00000236177	0.0001853352857721405
ENSG00000109756	0.000185291313822673
ENSG00000171992	0.0001852632626910166
ENSG00000119042	0.0001847547162580698
ENSG00000143889	0.00018451687405244034
ENSG00000099341	0.0001845024664639874
ENSG00000025772	0.00018445589666863253
ENSG00000273079	0.0001843391760567827
ENSG00000196154	0.00018425888609439789
ENSG00000134759	0.00018409702995968497
ENSG00000009954	0.00018392944320035987
ENSG00000115844	0.00018390492125860028
ENSG00000127838	0.00018390259710805013
ENSG00000116039	0.0001836890905039496
ENSG00000164305	0.0001836649607080942
ENSG00000172613	0.00018355331767660275
ENSG00000115760	0.0001835479989148965
ENSG00000087206	0.000183532182269161
ENSG00000011465	0.00018351695712686184
ENSG00000107581	0.00018344367405798622
ENSG00000120498	0.0001834059488788256
ENSG00000184481	0.00018340017892544544
ENSG00000182636	0.00018338341848558463
ENSG00000162063	0.00018329409721318653
ENSG00000167258	0.00018315524706201083
ENSG00000138675	0.0001831418088737143
ENSG00000120659	0.000183106807005898
ENSG00000112984	0.0001830734719088447
ENSG00000103479	0.00018304087151943036
ENSG00000070193	0.00018301556757578593
ENSG00000183762	0.00018300470225407944
ENSG00000175899	0.00018295578884003046
ENSG00000172500	0.000182716018262656
ENSG00000129245	0.0001826764181824545
ENSG00000163131	0.000182534847543456
ENSG00000102786	0.00018247317867528718
ENSG00000121864	0.00018242654676008284
ENSG00000133101	0.00018230696721761421
ENSG00000167005	0.00018205433169862477
ENSG00000124795	0.0001819850365430519
ENSG00000276644	0.00018195788581604243
ENSG00000146263	0.00018194634043076184
ENSG00000129993	0.00018174806626418963
ENSG00000188827	0.00018162588007964806
ENSG00000124635	0.000181582874692927
ENSG00000183853	0.00018135665988760114
ENSG00000008869	0.00018125392287479902
ENSG00000164587	0.00018121965266368169
ENSG00000167244	0.00018107738737761076
ENSG00000166579	0.00018094771683222516
ENSG00000125571	0.00018074389522119478
ENSG00000116489	0.00018067561721451776
ENSG00000100225	0.0001805010334995832
ENSG00000143226	0.00018040715393738071
ENSG00000133636	0.00018027483767766382
ENSG00000112200	0.0001800015935171359
ENSG00000111247	0.00017972266457360827
ENSG00000281221	0.00017956877278674308
ENSG00000163909	0.00017954923620483866
ENSG00000135069	0.0001795483139231036
ENSG00000087087	0.0001794733163989328
ENSG00000108604	0.00017944043225243792
ENSG00000162772	0.00017934263603868697
ENSG00000144357	0.00017932446615188767
ENSG00000095752	0.0001792994937918287
ENSG00000178691	0.00017910334874721026
ENSG00000175550	0.0001788699537126006
ENSG00000102978	0.00017884933274120687
ENSG00000127955	0.0001787330302900515
ENSG00000185504	0.000178713843300636
ENSG00000183431	0.0001786790304106192
ENSG00000139233	0.00017858097847229097
ENSG00000187391	0.00017817398934602668
ENSG00000126581	0.000178121192222454
ENSG00000204967	0.00017809231930673977
ENSG00000163635	0.00017808102572503044
ENSG00000077254	0.00017795303201418593
ENSG00000135900	0.0001778347022086865
ENSG00000074181	0.00017779441658084835
ENSG00000122025	0.00017754448434787086
ENSG00000169218	0.0001775185358818807
ENSG00000198728	0.00017751684405332147
ENSG00000069869	0.00017719768896702902
ENSG00000028277	0.00017718112608744566
ENSG00000070756	0.00017714803422048042
ENSG00000124466	0.00017704176436198076
ENSG00000017427	0.00017703648575991473
ENSG00000130177	0.0001765940865628679
ENSG00000168461	0.00017640246120772355
ENSG00000180818	0.00017637144320631034
ENSG00000101096	0.00017635518510593573
ENSG00000003756	0.0001763473935720064
ENSG00000126351	0.00017631449402955889
ENSG00000197905	0.0001761686253631622
ENSG00000125447	0.0001761653541049991
ENSG00000179218	0.00017613865325253993
ENSG00000211456	0.00017598911038834735
ENSG00000149503	0.00017587678158381345
ENSG00000145632	0.00017584085165620137
ENSG00000176853	0.00017569560159962213
ENSG00000101189	0.00017545316996999866
ENSG00000129654	0.00017526235586282085
ENSG00000164252	0.00017516014657694903
ENSG00000113263	0.00017494589410496227
ENSG00000175203	0.00017488406325002752
ENSG00000144535	0.0001747599036953507
ENSG00000127586	0.00017462198833496993
ENSG00000187266	0.00017456787973064503
ENSG00000042753	0.00017456689177528748
ENSG00000119535	0.0001745107518395769
ENSG00000114861	0.00017449930171950973
ENSG00000151849	0.00017449651846023815
ENSG00000175634	0.00017443371048498255
ENSG00000104419	0.00017441674960263188
ENSG00000176248	0.0001743071549264849
ENSG00000138231	0.00017421467084351077
ENSG00000125970	0.00017418615824012551
ENSG00000144231	0.0001741847916259483
ENSG00000168785	0.0001741590021361809
ENSG00000123066	0.00017414899793863532
ENSG00000148175	0.00017405880016174672
ENSG00000077097	0.00017390172234105425
ENSG00000168542	0.00017384052102427557
ENSG00000104442	0.00017375621643078013
ENSG00000144224	0.00017372791094615966
ENSG00000140829	0.00017367083245366203
ENSG00000130254	0.00017356796120472656
ENSG00000139193	0.00017347010334286698
ENSG00000143322	0.00017343937564581288
ENSG00000149923	0.0001733901403721027
ENSG00000288611	0.0001732955992951512
ENSG00000115839	0.000173273003686614
ENSG00000105676	0.00017320078588888726
ENSG00000178573	0.00017312596558041586
ENSG00000163554	0.00017311697980572344
ENSG00000067829	0.00017308697131168576
ENSG00000158773	0.0001730408237336533
ENSG00000107404	0.00017281670653421813
ENSG00000106299	0.00017262707724001466
ENSG00000181449	0.00017262613031550537
ENSG00000173801	0.00017241842804973265
ENSG00000139352	0.00017235188090960018
ENSG00000168062	0.00017227592415685158
ENSG00000180900	0.00017226636850286458
ENSG00000065559	0.0001722379333217861
ENSG00000196262	0.00017220601098602554
ENSG00000001629	0.00017214286201971436
ENSG00000172260	0.0001720474940871004
ENSG00000198795	0.00017192016884906114
ENSG00000001631	0.00017189010439159228
ENSG00000160710	0.00017182749754584564
ENSG00000100726	0.00017176476638300182
ENSG00000006118	0.00017162828160630797
ENSG00000184347	0.00017150727862519428
ENSG00000124641	0.00017150670713990485
ENSG00000041357	0.0001714826345196346
ENSG00000170178	0.00017141563924296226
ENSG00000101391	0.00017136891018255197
ENSG00000155495	0.00017132066740315098
ENSG00000143569	0.00017128298360170112
ENSG00000102226	0.00017110020686710004
ENSG00000028137	0.0001710784797934325
ENSG00000231135	0.00017103712506484742
ENSG00000101336	0.00017097630467196294
ENSG00000112640	0.0001708660862862624
ENSG00000050344	0.00017060723372400375
ENSG00000076321	0.00017059424445516476
ENSG00000275713	0.00017058766896937386
ENSG00000115935	0.00017056150650109533
ENSG00000162946	0.00017043997521716284
ENSG00000147065	0.00017041590988627967
ENSG00000137154	0.0001704097216219862
ENSG00000189079	0.00017023770277775592
ENSG00000171848	0.0001702213536122976
ENSG00000083520	0.00017021533429625852
ENSG00000154127	0.00017000979304910145
ENSG00000164078	0.00016989629006513183
ENSG00000148229	0.00016976864017052365
ENSG00000141380	0.00016976810442443345
ENSG00000150457	0.00016964865333626245
ENSG00000134698	0.00016960316461675837
ENSG00000095564	0.0001694942817737562
ENSG00000104897	0.00016949241099763746
ENSG00000205927	0.00016945201029596168
ENSG00000117650	0.00016935476402434298
ENSG00000136931	0.00016922228708982643
ENSG00000100151	0.00016920588406574153
ENSG00000111537	0.00016920462219594876
ENSG00000070366	0.00016914366412474366
ENSG00000234495	0.00016906018358103474
ENSG00000184486	0.00016905522186964883
ENSG00000112715	0.00016903928171192536
ENSG00000132694	0.00016889992880018842
ENSG00000146674	0.00016887660714931969
ENSG00000108395	0.00016883659584073982
ENSG00000204103	0.0001687040707278164
ENSG00000100084	0.0001684698219151716
ENSG00000164548	0.00016842449135253705
ENSG00000168002	0.00016839678303700047
ENSG00000101665	0.00016839152264006566
ENSG00000181929	0.0001680840674923782
ENSG00000122545	0.00016800659330937646
ENSG00000186812	0.00016799668668480497
ENSG00000077522	0.00016789401758755777
ENSG00000133275	0.00016787100491661713
ENSG00000263236	0.0001677938067525447
ENSG00000138035	0.00016774888332082537
ENSG00000180537	0.00016766364366938474
ENSG00000114353	0.0001676099039879789
ENSG00000160201	0.00016760694045475289
ENSG00000171564	0.0001675887974731866
ENSG00000120337	0.00016758081742745333
ENSG00000047579	0.00016749477821243397
ENSG00000167325	0.0001674460608182441
ENSG00000082512	0.00016733378672653646
ENSG00000134748	0.00016727697243615325
ENSG00000064703	0.0001672693756556718
ENSG00000159217	0.0001672548159373885
ENSG00000123999	0.0001672203042399848
ENSG00000165304	0.000167194403344093
ENSG00000145012	0.00016718507175802853
ENSG00000108774	0.00016712574346456366
ENSG00000197136	0.0001671247873906516
ENSG00000132153	0.00016708651861692042
ENSG00000141837	0.00016692093764833827
ENSG00000172175	0.0001668954330530014
ENSG00000109171	0.00016687141452138846
ENSG00000184863	0.00016671782713688558
ENSG00000118762	0.00016656906849590782
ENSG00000245848	0.00016652994237021152
ENSG00000184402	0.0001664911103076024
ENSG00000171320	0.00016645342862288184
ENSG00000118515	0.0001664042174263224
ENSG00000196470	0.00016637114493816825
ENSG00000185787	0.00016603571871925466
ENSG00000007392	0.00016592684893558188
ENSG00000157227	0.00016588482078991166
ENSG00000198959	0.00016587656056558405
ENSG00000152804	0.00016587080434867746
ENSG00000130725	0.00016580081209167962
ENSG00000060656	0.00016577452615574228
ENSG00000165409	0.00016576144015030192
ENSG00000066336	0.00016568596585105744
ENSG00000225830	0.00016552069663284467
ENSG00000119772	0.0001655088460934372
ENSG00000148843	0.00016547622551128793
ENSG00000171557	0.00016539038687991703
ENSG00000158402	0.0001653742681502712
ENSG00000204936	0.00016517236960089858
ENSG00000197442	0.00016506402175368515
ENSG00000135063	0.00016495097367402655
ENSG00000137265	0.0001648498888929542
ENSG00000127863	0.00016461176299398684
ENSG00000048052	0.00016457782712457668
ENSG00000275885	0.00016435350372655822
ENSG00000196290	0.00016430790280506924
ENSG00000150995	0.00016409008076575802
ENSG00000105723	0.00016399987169637506
ENSG00000113013	0.00016399546594138943
ENSG00000127993	0.00016399443546370087
ENSG00000134802	0.00016374296871322577
ENSG00000160791	0.000163717205012789
ENSG00000275052	0.00016344633340846217
ENSG00000168137	0.0001634257459054346
ENSG00000123154	0.00016341328657093184
ENSG00000122194	0.00016332829988226162
ENSG00000082805	0.0001630406136482167
ENSG00000105393	0.00016298388905577172
ENSG00000146828	0.00016295126604537832
ENSG00000004700	0.0001628700366534303
ENSG00000116128	0.00016284519187009466
ENSG00000198700	0.00016281886855959484
ENSG00000274352	0.00016281102049719724
ENSG00000112282	0.00016279528907012
ENSG00000134138	0.00016278881407894588
ENSG00000178966	0.0001627667767146712
ENSG00000114573	0.0001627361954038171
ENSG00000174903	0.00016273311543389007
ENSG00000135655	0.00016272044358221462
ENSG00000032219	0.00016266564249474674
ENSG00000151224	0.00016264786371519336
ENSG00000114857	0.00016253684063557113
ENSG00000106290	0.00016252541324042377
ENSG00000139445	0.00016244317488636842
ENSG00000166855	0.00016232685613082332
ENSG00000062725	0.00016217748845165342
ENSG00000078403	0.00016184582549780665
ENSG00000084774	0.00016179215431863864
ENSG00000119865	0.00016176814587425074
ENSG00000048991	0.00016173807170211666
ENSG00000169067	0.00016173394015257312
ENSG00000009307	0.00016157561174541145
ENSG00000167085	0.00016156040283709348
ENSG00000149575	0.0001614204775008623
ENSG00000166747	0.0001614091909985573
ENSG00000185900	0.00016138119699925523
ENSG00000185022	0.00016136465132131646
ENSG00000135333	0.00016133686197431093
ENSG00000166925	0.00016128061499728295
ENSG00000184678	0.0001611343384792114
ENSG00000106483	0.00016113190528014256
ENSG00000161996	0.00016106894557661034
ENSG00000162733	0.00016094165134260488
ENSG00000035403	0.00016068252042596216
ENSG00000049541	0.00016062351203674437
ENSG00000113658	0.0001605990210183496
ENSG00000130713	0.0001604936282321054
ENSG00000163435	0.0001603090541702614
ENSG00000169393	0.0001602117212181596
ENSG00000187079	0.00016021015745668033
ENSG00000166965	0.0001601970831982603
ENSG00000134684	0.0001601239813814042
ENSG00000038427	0.00016011137729959467
ENSG00000174197	0.00016010596993843001
ENSG00000167601	0.00016007086424799782
ENSG00000259207	0.00016003581763507273
ENSG00000184675	0.00016001331559072388
ENSG00000169252	0.00016000154317453752
ENSG00000047849	0.00015992340986255752
ENSG00000143006	0.0001599187713711905
ENSG00000128191	0.00015991660007259287
ENSG00000101464	0.00015987978245333436
ENSG00000124214	0.00015986904177710755
ENSG00000168522	0.00015986903772913843
ENSG00000030066	0.00015985614040572917
ENSG00000076108	0.00015983570150386836
ENSG00000100395	0.00015976280378240072
ENSG00000152217	0.00015972493351346133
ENSG00000091651	0.00015972140116491366
ENSG00000112182	0.0001596365683618734
ENSG00000162552	0.00015957828352843124
ENSG00000142875	0.0001595027644549769
ENSG00000110048	0.0001594814372442441
ENSG00000065243	0.00015945639786343297
ENSG00000156983	0.00015942988223238756
ENSG00000091513	0.00015940275830771122
ENSG00000090339	0.00015935614946160955
ENSG00000126016	0.0001592294421402693
ENSG00000078808	0.00015920159464901675
ENSG00000160255	0.00015900172388204402
ENSG00000115947	0.00015897256185882694
ENSG00000106723	0.00015883188008106842
ENSG00000123416	0.00015881794264969762
ENSG00000178171	0.00015861347460107168
ENSG00000128908	0.00015860226625064987
ENSG00000158636	0.00015853257283589923
ENSG00000283777	0.00015852808350053416
ENSG00000100368	0.00015847393907905758
ENSG00000163618	0.00015839902400466069
ENSG00000160293	0.00015828474475986694
ENSG00000142856	0.00015821226732632652
ENSG00000182492	0.0001581515761351707
ENSG00000163605	0.0001579843640392683
ENSG00000173991	0.00015792187429726636
ENSG00000175073	0.00015778119814637134
ENSG00000140285	0.00015770281948875695
ENSG00000258947	0.00015766331960185783
ENSG00000171560	0.0001576398246458457
ENSG00000007237	0.0001576060903401061
ENSG00000108946	0.00015758394391577216
ENSG00000113810	0.00015751103755337606
ENSG00000139343	0.00015745280463457412
ENSG00000086288	0.00015736479793823337
ENSG00000172432	0.00015727563988129066
ENSG00000140521	0.00015722756166572455
ENSG00000154727	0.0001571125551413699
ENSG00000203896	0.00015690266043453678
ENSG00000047936	0.00015684592997796594
ENSG00000198492	0.0001566775144704005
ENSG00000183530	0.00015666580187699658
ENSG00000184640	0.0001566477506878823
ENSG00000173692	0.00015661129302889943
ENSG00000142230	0.00015657160697789773
ENSG00000156976	0.00015645128794598013
ENSG00000136146	0.00015639410728570302
ENSG00000054267	0.00015637402288514192
ENSG00000112280	0.0001563469017141445
ENSG00000123496	0.00015631607287875954
ENSG00000102606	0.00015616966706442654
ENSG00000112242	0.00015608091136693302
ENSG00000117408	0.00015603086479978857
ENSG00000236279	0.00015599706923340024
ENSG00000136167	0.00015590413433685826
ENSG00000066427	0.0001558317624610827
ENSG00000198198	0.0001558201785661993
ENSG00000124207	0.0001557717582027865
ENSG00000100985	0.00015567327558317054
ENSG00000142173	0.00015563807031911716
ENSG00000102755	0.00015562509196232727
ENSG00000204673	0.00015556212496500965
ENSG00000164692	0.00015552249454745996
ENSG00000112164	0.00015551349989192313
ENSG00000145425	0.00015549521328499775
ENSG00000102384	0.00015530375274660452
ENSG00000105369	0.000155246745866137
ENSG00000185247	0.00015522824034719913
ENSG00000198862	0.0001551225620843902
ENSG00000130203	0.00015508732932332034
ENSG00000100453	0.00015501039263582776
ENSG00000139344	0.00015494410486191127
ENSG00000110934	0.0001549266232543541
ENSG00000169016	0.000154909015189823
ENSG00000116473	0.0001548523939143679
ENSG00000159899	0.0001548424300745127
ENSG00000141030	0.00015483119365057807
ENSG00000113456	0.00015481555440868857
ENSG00000100316	0.0001547810751528348
ENSG00000105576	0.00015469730914343196
ENSG00000164733	0.0001545850200187868
ENSG00000146963	0.0001545682973856254
ENSG00000196411	0.00015449149377321346
ENSG00000088930	0.00015448919459896374
ENSG00000163251	0.0001544662744684096
ENSG00000100297	0.0001543674204980964
ENSG00000169242	0.00015433600990114296
ENSG00000102539	0.00015428205799516357
ENSG00000103522	0.0001542491298170599
ENSG00000116213	0.0001542238104332227
ENSG00000157020	0.00015421665114400722
ENSG00000136982	0.000154179616490266
ENSG00000079134	0.00015408009879926392
ENSG00000189056	0.00015403391261776864
ENSG00000029725	0.00015402248697212582
ENSG00000136715	0.0001539758271434965
ENSG00000153207	0.00015396218253463487
ENSG00000163507	0.0001539492423227616
ENSG00000180182	0.00015394603569742626
ENSG00000149273	0.00015392390666647184
ENSG00000148835	0.00015366614310420703
ENSG00000067066	0.0001536324451884464
ENSG00000079805	0.0001535350080073541
ENSG00000188986	0.0001535264636667934
ENSG00000089157	0.00015340246596980077
ENSG00000141665	0.0001533762901672648
ENSG00000163041	0.00015320186497321073
ENSG00000116106	0.00015319496923329909
ENSG00000184557	0.0001531368331585393
ENSG00000107831	0.00015312277811880404
ENSG00000124766	0.0001530691407975901
ENSG00000176566	0.00015306252363430904
ENSG00000087077	0.00015301228402437512
ENSG00000274442	0.0001529638954208642
ENSG00000067596	0.000152845375390618
ENSG00000014216	0.0001527861653415398
ENSG00000123091	0.00015277610081823167
ENSG00000085224	0.00015275748109092624
ENSG00000247077	0.00015275013375436246
ENSG00000068366	0.00015274706805602553
ENSG00000103485	0.00015268460404618706
ENSG00000185104	0.00015261057518589692
ENSG00000103194	0.00015252952462777787
ENSG00000116016	0.00015248479646875348
ENSG00000089199	0.00015237192264403132
ENSG00000142507	0.00015231405197847482
ENSG00000131459	0.00015219957692684118
ENSG00000133030	0.00015198132734868674
ENSG00000172732	0.00015194285352627252
ENSG00000111596	0.00015185380856831113
ENSG00000142676	0.00015184874590712142
ENSG00000008130	0.00015184843011026083
ENSG00000120696	0.00015169865484955435
ENSG00000144909	0.00015165930382300856
ENSG00000105447	0.00015157708494410374
ENSG00000284238	0.000151558023578734
ENSG00000156052	0.00015143503293964616
ENSG00000206073	0.00015137294798279338
ENSG00000137563	0.000151270738779545
ENSG00000132549	0.00015126993988528466
ENSG00000029534	0.00015125337521419428
ENSG00000168439	0.00015117756108143628
ENSG00000172757	0.00015114841132067447
ENSG00000173327	0.00015104887800078084
ENSG00000111727	0.00015098532902844055
ENSG00000137575	0.0001509059744912551
ENSG00000276043	0.00015087713617926903
ENSG00000137807	0.00015087212321319136
ENSG00000094804	0.000150848471463135
ENSG00000159592	0.00015084380425982639
ENSG00000163564	0.00015080087872083582
ENSG00000274081	0.00015072691244746546
ENSG00000060982	0.00015051438211489764
ENSG00000116044	0.00015021750167754403
ENSG00000268651	0.00015019076950022095
ENSG00000168411	0.00015015858412640093
ENSG00000091129	0.00015015398239214494
ENSG00000147383	0.00015008088946447384
ENSG00000067955	0.00015002268877537547
ENSG00000101997	0.0001499556484042511
ENSG00000172046	0.00014990261487625328
ENSG00000141985	0.00014984067638010813
ENSG00000166090	0.00014983383973948914
ENSG00000100227	0.00014979906294157566
ENSG00000145743	0.00014979648792767995
ENSG00000088888	0.0001496497508320234
ENSG00000122877	0.00014963380516248755
ENSG00000160007	0.00014963153582017626
ENSG00000163743	0.00014952099448795766
ENSG00000102387	0.00014950824127564176
ENSG00000153044	0.00014950014662403098
ENSG00000177238	0.00014945050039200453
ENSG00000123607	0.00014944597938128574
ENSG00000119912	0.00014929789560336773
ENSG00000232575	0.00014929032055344956
ENSG00000101843	0.00014920485970776543
ENSG00000135837	0.00014914733926697698
ENSG00000157212	0.00014912881573160452
ENSG00000186891	0.0001489814937100525
ENSG00000283780	0.00014886498251409644
ENSG00000130382	0.00014884118669460724
ENSG00000123136	0.0001487509109607815
ENSG00000049540	0.00014850191336301214
ENSG00000163840	0.0001483944867812486
ENSG00000145819	0.00014838709806235504
ENSG00000104852	0.00014823198583326016
ENSG00000166147	0.00014818440577387375
ENSG00000177614	0.00014815095931422335
ENSG00000127824	0.00014804540686223365
ENSG00000100142	0.00014794992125633882
ENSG00000142541	0.00014793285465941212
ENSG00000068305	0.00014792046813108273
ENSG00000123219	0.0001478481518954788
ENSG00000104375	0.00014765288091984658
ENSG00000120694	0.00014759518141808264
ENSG00000057657	0.00014757868000443648
ENSG00000140941	0.00014756025987491017
ENSG00000149679	0.00014755289951554442
ENSG00000137076	0.00014753490170602707
ENSG00000105640	0.0001475262774327603
ENSG00000132842	0.00014743714605039575
ENSG00000166483	0.00014736355639426653
ENSG00000186111	0.00014730557803969665
ENSG00000015676	0.00014728703248372606
ENSG00000115593	0.00014727329942375753
ENSG00000012124	0.00014707602708940133
ENSG00000164032	0.00014705938750841503
ENSG00000130164	0.00014700614506830346
ENSG00000125730	0.00014698557676729972
ENSG00000087245	0.00014698352123249515
ENSG00000176029	0.00014695999625711145
ENSG00000057468	0.0001469325304488325
ENSG00000124383	0.00014691976204460455
ENSG00000140564	0.00014682789966332174
ENSG00000055732	0.00014674229409787257
ENSG00000166200	0.0001466443738661592
ENSG00000105655	0.00014657418207248988
ENSG00000176692	0.00014649085455518764
ENSG00000165799	0.0001464521317220025
ENSG00000115020	0.0001463787969376692
ENSG00000169856	0.0001462475252353137
ENSG00000285435	0.00014617088599414146
ENSG00000148444	0.00014606677910530908
ENSG00000095906	0.00014601252143801272
ENSG00000181104	0.00014594598167361281
ENSG00000151247	0.00014590768057406398
ENSG00000198399	0.00014586955320443064
ENSG00000163602	0.00014582783727652165
ENSG00000105963	0.0001457719449469117
ENSG00000010610	0.00014575748570376868
ENSG00000168288	0.0001457406482128584
ENSG00000198924	0.00014571565690373582
ENSG00000105229	0.00014566472295968885
ENSG00000114446	0.00014557007725665214
ENSG00000073008	0.00014555532259666085
ENSG00000171094	0.00014554424703709843
ENSG00000167842	0.00014553915486554352
ENSG00000164916	0.00014552664370404863
ENSG00000099949	0.0001454679430242069
ENSG00000160208	0.0001454538215500099
ENSG00000138363	0.00014540640621320017
ENSG00000275023	0.0001453890633847032
ENSG00000115267	0.00014535255831717896
ENSG00000119953	0.00014525992088766743
ENSG00000114739	0.00014517208730669754
ENSG00000176105	0.00014514480694171304
ENSG00000111358	0.0001451041884852073
ENSG00000113318	0.00014510058708853976
ENSG00000184661	0.00014507833776064704
ENSG00000021776	0.00014502770983354147
ENSG00000184281	0.00014501408916284438
ENSG00000166477	0.00014500851914662087
ENSG00000054116	0.00014500839100280752
ENSG00000134201	0.00014460392323090894
ENSG00000100941	0.0001445957159658971
ENSG00000027697	0.00014457099017452455
ENSG00000076984	0.00014449178150215908
ENSG00000001630	0.00014441387860895735
ENSG00000114062	0.00014438879484079305
ENSG00000099821	0.00014438701273318422
ENSG00000158874	0.00014426129546660072
ENSG00000100479	0.00014421563260594175
ENSG00000152977	0.00014417213897998692
ENSG00000104889	0.00014399468251325394
ENSG00000128253	0.0001439544330683549
ENSG00000167967	0.0001439519983689454
ENSG00000126067	0.00014390023091518793
ENSG00000163599	0.00014383948776581593
ENSG00000161016	0.00014379870863309656
ENSG00000125740	0.00014372511579880144
ENSG00000183454	0.0001436569857350148
ENSG00000196305	0.00014363323516850053
ENSG00000074071	0.00014359176899086002
ENSG00000131876	0.0001435813008260892
ENSG00000121579	0.00014355466129059908
ENSG00000143384	0.000143535629343937
ENSG00000066455	0.00014350922044974266
ENSG00000147206	0.0001434823691437603
ENSG00000198752	0.00014341122613541725
ENSG00000113368	0.00014331572000713047
ENSG00000166197	0.00014319931277204944
ENSG00000096063	0.00014316565245903892
ENSG00000170579	0.00014314364412848464
ENSG00000130255	0.00014310299507457814
ENSG00000133020	0.00014308695532138738
ENSG00000258227	0.00014286234520815175
ENSG00000143756	0.00014283218757665212
ENSG00000130396	0.0001427208999614354
ENSG00000188175	0.00014271100191629
ENSG00000101138	0.0001426995348296845
ENSG00000126945	0.00014268657489507094
ENSG00000118985	0.0001426677762295572
ENSG00000157540	0.00014262920386140957
ENSG00000112769	0.00014252018076878504
ENSG00000165494	0.00014243411589258574
ENSG00000115946	0.00014242239760463825
ENSG00000167081	0.00014240798623179704
ENSG00000078140	0.00014234462899133412
ENSG00000160224	0.0001423053974945087
ENSG00000115207	0.00014229959841543694
ENSG00000161542	0.0001421921121531245
ENSG00000114346	0.0001420338489950828
ENSG00000155959	0.00014198567902518465
ENSG00000093000	0.00014194167165633653
ENSG00000151725	0.0001418708993893624
ENSG00000175595	0.00014185963666553674
ENSG00000120693	0.00014184265085134018
ENSG00000141448	0.00014181448361619815
ENSG00000112739	0.00014181443097455363
ENSG00000129484	0.00014176782611228286
ENSG00000198216	0.00014176404832885284
ENSG00000091140	0.00014176142076849778
ENSG00000105146	0.0001416963947955559
ENSG00000205250	0.0001416079877189632
ENSG00000125818	0.00014158621681046321
ENSG00000133028	0.00014150469307555125
ENSG00000170608	0.00014143115077882017
ENSG00000152192	0.00014142967852080697
ENSG00000198791	0.00014140912981515266
ENSG00000077514	0.00014139422874706836
ENSG00000130699	0.00014131334579459183
ENSG00000113851	0.0001412944014968393
ENSG00000170515	0.00014123627692450377
ENSG00000073614	0.00014115879527927666
ENSG00000145192	0.0001411401371270978
ENSG00000278540	0.00014111436196173136
ENSG00000196159	0.00014109936046278112
ENSG00000101213	0.0001410881247693919
ENSG00000110107	0.00014107600449250068
ENSG00000018408	0.00014102716417773342
ENSG00000102195	0.0001410028660634493
ENSG00000122218	0.0001409812720119906
ENSG00000002330	0.00014094391996152014
ENSG00000118705	0.00014090489199869216
ENSG00000154997	0.00014089628530945667
ENSG00000096060	0.00014076304068733484
ENSG00000132792	0.0001406844354529783
ENSG00000163166	0.00014041482670943978
ENSG00000196482	0.00014040940997970072
ENSG00000108813	0.00014038222803843507
ENSG00000128713	0.00014037174459086545
ENSG00000082458	0.00014035619036682493
ENSG00000179454	0.0001403440178507045
ENSG00000140265	0.00014029637648750568
ENSG00000169855	0.00014023079174249958
ENSG00000091583	0.0001401720656443323
ENSG00000065413	0.00014014382168586544
ENSG00000124688	0.00014008944709376894
ENSG00000100281	0.0001400566901766484
ENSG00000183837	0.00014005561121840546
ENSG00000128881	0.00013999297445013115
ENSG00000101337	0.00013992000653606298
ENSG00000168769	0.00013990311449562533
ENSG00000110841	0.0001398653100800438
ENSG00000157152	0.00013983008618031714
ENSG00000101076	0.0001398179989315764
ENSG00000198121	0.0001397000485487666
ENSG00000118729	0.00013968841086619765
ENSG00000120265	0.00013968051469314535
ENSG00000100401	0.00013967593717355962
ENSG00000120539	0.00013967233299669822
ENSG00000182149	0.00013960617859643323
ENSG00000103496	0.0001395989123270475
ENSG00000100902	0.0001395808811807938
ENSG00000142627	0.0001395465315188348
ENSG00000196510	0.0001395265185968525
ENSG00000130204	0.00013950981950395657
ENSG00000146463	0.00013941297560491462
ENSG00000169564	0.0001392216098757335
ENSG00000112996	0.00013921682849427067
ENSG00000168538	0.00013916237049020342
ENSG00000010292	0.00013915226288499727
ENSG00000155096	0.00013912463925213234
ENSG00000115816	0.00013909959925363118
ENSG00000071655	0.00013905099614086429
ENSG00000189299	0.00013904806701470386
ENSG00000107295	0.0001390359311227003
ENSG00000135144	0.0001390264786258592
ENSG00000277273	0.0001389806190927745
ENSG00000164330	0.00013894394225460357
ENSG00000169554	0.00013894216713074961
ENSG00000278463	0.0001388992515141939
ENSG00000263001	0.0001388109225546322
ENSG00000185825	0.00013880881276719226
ENSG00000178951	0.00013875461042667085
ENSG00000170144	0.00013874005529517755
ENSG00000101210	0.00013872556554753442
ENSG00000172943	0.0001387164325655712
ENSG00000170373	0.00013871597612177296
ENSG00000184160	0.00013868660049911528
ENSG00000127329	0.00013865571860170942
ENSG00000100105	0.00013864029570186234
ENSG00000160219	0.00013858421139313902
ENSG00000198851	0.00013850092293673345
ENSG00000137462	0.00013849325832177573
ENSG00000213999	0.00013847694112530557
ENSG00000072201	0.00013837782337067147
ENSG00000168291	0.00013835819652693336
ENSG00000135218	0.00013834425165291995
ENSG00000215021	0.00013832396640654565
ENSG00000151929	0.000138321764134245
ENSG00000102021	0.00013824132236329935
ENSG00000114450	0.00013823141656385388
ENSG00000125538	0.00013820562045044547
ENSG00000268009	0.00013819263217168182
ENSG00000157193	0.00013816316520006423
ENSG00000185559	0.00013804097027171567
ENSG00000185917	0.00013801859716702002
ENSG00000092470	0.00013799878008646918
ENSG00000137221	0.0001379030841726162
ENSG00000111424	0.00013782190136621235
ENSG00000173575	0.00013775167468140471
ENSG00000183814	0.00013771602083112978
ENSG00000171316	0.00013766741880979404
ENSG00000178562	0.00013766321070275171
ENSG00000275349	0.00013764293195299982
ENSG00000109819	0.0001376342347331296
ENSG00000130749	0.00013763410447638458
ENSG00000213281	0.00013757124274373306
ENSG00000197616	0.0001374790696734156
ENSG00000163399	0.0001374549091053617
ENSG00000089195	0.0001373968775236056
ENSG00000104343	0.00013726621041548705
ENSG00000077348	0.00013726137342761485
ENSG00000176697	0.00013723254517980906
ENSG00000181638	0.00013715097246849687
ENSG00000163320	0.0001371033697693729
ENSG00000140368	0.00013705752451165443
ENSG00000116032	0.00013703521368975958
ENSG00000110169	0.00013700801597285874
ENSG00000111912	0.00013699217742346267
ENSG00000101224	0.00013698561268223638
ENSG00000170296	0.0001369745194576448
ENSG00000170471	0.00013695585670389833
ENSG00000167721	0.00013694851137747155
ENSG00000168028	0.00013693747295369518
ENSG00000182197	0.00013692510403021715
ENSG00000061337	0.0001369125162663847
ENSG00000183258	0.00013689376621125215
ENSG00000225201	0.00013688611575295818
ENSG00000146535	0.00013686537268300204
ENSG00000257727	0.0001368415862810416
ENSG00000147677	0.0001367656347075795
ENSG00000197702	0.00013676050080364848
ENSG00000177485	0.00013675800825778943
ENSG00000221983	0.0001367324565778826
ENSG00000256812	0.00013670294891737314
ENSG00000187498	0.00013666344901234882
ENSG00000155962	0.00013657646955417187
ENSG00000066294	0.00013650831948521747
ENSG00000101888	0.00013650318015652615
ENSG00000167625	0.0001364964142058195
ENSG00000169231	0.00013647356649535116
ENSG00000110700	0.00013638055782557977
ENSG00000198231	0.00013637500182444784
ENSG00000133226	0.00013621903139091513
ENSG00000138180	0.00013619473415519385
ENSG00000145868	0.00013614833285240926
ENSG00000180644	0.0001359899474354303
ENSG00000106443	0.00013596172263860492
ENSG00000138594	0.00013592898879340398
ENSG00000037965	0.00013587755061010608
ENSG00000130429	0.000135840657310875
ENSG00000090061	0.00013582232264486933
ENSG00000089234	0.00013580691204103122
ENSG00000145335	0.00013572770680238212
ENSG00000197157	0.00013567830602332002
ENSG00000122008	0.00013565692484491244
ENSG00000176884	0.00013558973400632998
ENSG00000113812	0.00013557950577685555
ENSG00000071539	0.00013555848313837138
ENSG00000179094	0.00013552533218906353
ENSG00000096093	0.00013548352813528135
ENSG00000135077	0.00013547344322534376
ENSG00000163029	0.00013547064104208297
ENSG00000147050	0.00013527263797270795
ENSG00000116750	0.00013525659725269388
ENSG00000064393	0.00013522981990439
ENSG00000123395	0.00013518843375894446
ENSG00000140983	0.0001351870656713587
ENSG00000142168	0.00013516522457017024
ENSG00000156471	0.00013511005785463588
ENSG00000108256	0.00013507969652378052
ENSG00000119866	0.00013506434595493043
ENSG00000126785	0.00013503416691571345
ENSG00000163539	0.00013502554020960287
ENSG00000147613	0.0001350176784975735
ENSG00000279116	0.00013501531043951
ENSG00000112576	0.0001349586694974768
ENSG00000075891	0.000134877928883941
ENSG00000113532	0.0001348156769702914
ENSG00000187239	0.0001347734232206233
ENSG00000111110	0.00013477033542749845
ENSG00000090372	0.0001347573685362218
ENSG00000133961	0.00013475522113612438
ENSG00000160349	0.00013475367504177247
ENSG00000163902	0.0001346874934500255
ENSG00000128709	0.0001346830450049315
ENSG00000043355	0.00013460784892807375
ENSG00000244005	0.0001345407843525331
ENSG00000116824	0.0001345213814225222
ENSG00000172167	0.00013451258493366885
ENSG00000103363	0.00013440368590605698
ENSG00000196604	0.00013438496217665284
ENSG00000284126	0.00013432208426099622
ENSG00000179776	0.00013431281502947345
ENSG00000181789	0.00013423690751475088
ENSG00000188342	0.0001341944573779508
ENSG00000106355	0.0001338023245528695
ENSG00000101282	0.00013362846753844657
ENSG00000169313	0.0001336254987622811
ENSG00000131013	0.00013361111494751524
ENSG00000156587	0.00013360052386872484
ENSG00000183580	0.00013358255771541395
ENSG00000124422	0.00013357164693134012
ENSG00000116329	0.00013353430363996212
ENSG00000144736	0.00013339803591914503
ENSG00000138698	0.00013337700657656815
ENSG00000153237	0.00013332598873318438
ENSG00000013810	0.00013329846556450894
ENSG00000149357	0.0001332582063259499
ENSG00000168078	0.00013317352570615343
ENSG00000174744	0.00013317114118011885
ENSG00000143772	0.00013315929937135308
ENSG00000115289	0.00013313615338843195
ENSG00000197256	0.0001331357643832928
ENSG00000140259	0.00013313362017512646
ENSG00000128654	0.00013304846901378303
ENSG00000109846	0.00013303551973954956
ENSG00000284096	0.00013301606843931247
ENSG00000110046	0.00013297045782146135
ENSG00000171723	0.0001328999154044148
ENSG00000140538	0.00013287755797776276
ENSG00000120334	0.0001328672850609179
ENSG00000187778	0.00013281571434706636
ENSG00000106927	0.00013279190978889016
ENSG00000111652	0.00013277180472378404
ENSG00000068394	0.00013276763033116899
ENSG00000182511	0.00013276499551312132
ENSG00000175455	0.00013272367183198678
ENSG00000127054	0.00013262366059019263
ENSG00000126778	0.0001326167993164204
ENSG00000134574	0.0001326027886032416
ENSG00000169727	0.00013257540650361114
ENSG00000132676	0.00013255525453935294
ENSG00000001167	0.0001325153437359627
ENSG00000122707	0.0001325116158034503
ENSG00000135913	0.00013248945135434942
ENSG00000125845	0.0001324878115376817
ENSG00000033800	0.00013241201648414035
ENSG00000143514	0.00013233638801246183
ENSG00000113083	0.0001323191816200019
ENSG00000172725	0.0001322185397451355
ENSG00000005844	0.00013211428079521368
ENSG00000024048	0.00013209805277746475
ENSG00000172578	0.00013208641896717257
ENSG00000008952	0.00013208400256181028
ENSG00000181904	0.0001319400177935206
ENSG00000113657	0.00013191221220495495
ENSG00000101849	0.00013179158792339066
ENSG00000105880	0.00013178832873306833
ENSG00000164400	0.00013173821403126732
ENSG00000139350	0.0001316719779850699
ENSG00000183873	0.0001316643862169899
ENSG00000166598	0.000131642864981866
ENSG00000128602	0.0001315654592289641
ENSG00000112685	0.00013155346269797238
ENSG00000108468	0.00013151050312338333
ENSG00000184937	0.00013150007485077678
ENSG00000167674	0.00013144748831658942
ENSG00000105695	0.00013143842585176888
ENSG00000169249	0.0001313957875866829
ENSG00000100351	0.000131394271310324
ENSG00000174405	0.00013133517441510674
ENSG00000123983	0.00013125511557281354
ENSG00000136152	0.00013113438348988016
ENSG00000126804	0.00013111577090757119
ENSG00000126214	0.00013110502962932976
ENSG00000123610	0.00013106981963490917
ENSG00000132002	0.00013104898994300144
ENSG00000159921	0.00013100862144230436
ENSG00000136273	0.00013100297215767873
ENSG00000116604	0.00013098596659470247
ENSG00000173821	0.00013092768873402047
ENSG00000110696	0.0001309206557179159
ENSG00000081479	0.00013091287889769655
ENSG00000213366	0.00013089317599319743
ENSG00000111275	0.00013083808723886016
ENSG00000112658	0.00013075397682803675
ENSG00000108474	0.00013072772291177785
ENSG00000186487	0.00013069406633845146
ENSG00000181143	0.00013068318003517889
ENSG00000125657	0.00013045904694422025
ENSG00000147536	0.00013043624445390872
ENSG00000167670	0.0001304031563785036
ENSG00000149948	0.00013039557718892597
ENSG00000127914	0.00013038335137534416
ENSG00000021574	0.0001302513739463439
ENSG00000105854	0.00013023804651941416
ENSG00000145241	0.00013022632829102506
ENSG00000173207	0.0001301959190718711
ENSG00000134480	0.00013018832055836137
ENSG00000168298	0.0001301640508274769
ENSG00000183087	0.00013013221456500035
ENSG00000106991	0.0001300746023827669
ENSG00000109083	0.00012999796883528475
ENSG00000092445	0.00012998065646412882
ENSG00000166170	0.00012996687756371258
ENSG00000198561	0.00012996120439841423
ENSG00000074603	0.00012986225709971571
ENSG00000082397	0.00012980051844161715
ENSG00000132824	0.0001297538603195906
ENSG00000099901	0.00012954586251181713
ENSG00000089280	0.00012953103483807752
ENSG00000138385	0.00012949677121313775
ENSG00000144857	0.00012949568125278179
ENSG00000170779	0.00012943780616927434
ENSG00000175305	0.00012941834713676477
ENSG00000049449	0.0001293967507134193
ENSG00000100296	0.00012938035472080228
ENSG00000154920	0.00012934948927093235
ENSG00000177143	0.00012932061726915125
ENSG00000100354	0.00012915689916798278
ENSG00000113141	0.0001291296514781791
ENSG00000078900	0.00012912838139464647
ENSG00000136381	0.00012900893145856288
ENSG00000120616	0.00012900141742821947
ENSG00000115421	0.00012898819440050935
ENSG00000132693	0.00012897439269430287
ENSG00000075413	0.00012893376806632747
ENSG00000102981	0.00012891883408626647
ENSG00000197757	0.0001288361626451442
ENSG00000105722	0.00012875846027123516
ENSG00000185652	0.00012874297405085597
ENSG00000112333	0.0001287404179285449
ENSG00000198720	0.00012858844265456275
ENSG00000075131	0.0001285606403304241
ENSG00000131153	0.0001285563514917405
ENSG00000101557	0.0001285518422140083
ENSG00000092148	0.00012854478676344806
ENSG00000125633	0.00012854139533618534
ENSG00000112237	0.00012852960032351958
ENSG00000067167	0.00012851058031342118
ENSG00000137752	0.0001284509809746712
ENSG00000141293	0.00012840310828616386
ENSG00000115827	0.00012837329217828622
ENSG00000152104	0.00012834208699710186
ENSG00000164162	0.00012828293971825318
ENSG00000157014	0.00012827099804590267
ENSG00000183283	0.00012821672190568674
ENSG00000088205	0.00012814201791845628
ENSG00000153487	0.00012810799607660978
ENSG00000097046	0.00012806746709098456
ENSG00000023734	0.00012803270597468844
ENSG00000143549	0.00012800466317928208
ENSG00000144713	0.0001279875613155547
ENSG00000163811	0.00012788958322563959
ENSG00000178394	0.00012788794693184362
ENSG00000185085	0.00012780976352092584
ENSG00000156599	0.00012779050287849562
ENSG00000134686	0.0001277705923471034
ENSG00000162399	0.00012775121254134707
ENSG00000125755	0.0001277276852354794
ENSG00000013573	0.00012770768144563125
ENSG00000147649	0.00012762943927750186
ENSG00000087258	0.00012756297731405855
ENSG00000112964	0.0001274579622082919
ENSG00000111011	0.00012744381072289998
ENSG00000151388	0.00012731123169301215
ENSG00000165480	0.00012730962441649413
ENSG00000181610	0.0001273065629464489
ENSG00000078043	0.00012729318786907504
ENSG00000106089	0.00012726657942981021
ENSG00000115306	0.0001272640021075221
ENSG00000020633	0.00012724881103753742
ENSG00000011332	0.00012716907924314978
ENSG00000197535	0.00012710531300313895
ENSG00000126777	0.00012710375357191284
ENSG00000204899	0.0001269184647988384
ENSG00000113303	0.00012690340217687255
ENSG00000133055	0.0001268202690895949
ENSG00000178105	0.00012680020861843187
ENSG00000149257	0.00012672318299945034
ENSG00000148516	0.00012672264167454557
ENSG00000166451	0.00012667306699854245
ENSG00000061918	0.00012666310192854617
ENSG00000165724	0.00012664955359260446
ENSG00000058729	0.00012658587932270373
ENSG00000138378	0.0001265330712562764
ENSG00000154096	0.0001264969029942223
ENSG00000177374	0.0001264389260796228
ENSG00000101040	0.00012642643863776265
ENSG00000226430	0.00012634472092445517
ENSG00000124575	0.0001263023112899075
ENSG00000166963	0.0001262214119790738
ENSG00000136874	0.00012621986013539686
ENSG00000138688	0.00012621821978095216
ENSG00000178445	0.00012613187773424214
ENSG00000106682	0.0001261241145587596
ENSG00000044090	0.00012612323276218622
ENSG00000188393	0.00012611608733577385
ENSG00000185800	0.0001260932589302676
ENSG00000183386	0.00012609024185775017
ENSG00000179583	0.00012608314642263902
ENSG00000149532	0.00012591251217926986
ENSG00000153982	0.00012591228118788485
ENSG00000120705	0.0001258422197773233
ENSG00000114982	0.00012583059736758073
ENSG00000140465	0.0001257523028573255
ENSG00000135363	0.00012570660945649876
ENSG00000155363	0.00012570521367888154
ENSG00000137413	0.0001256471027385008
ENSG00000166454	0.00012562342387223942
ENSG00000014138	0.00012562060745590755
ENSG00000183019	0.00012561646855405384
ENSG00000111305	0.00012560808007602595
ENSG00000148498	0.0001255907104905234
ENSG00000122778	0.0001255762111595207
ENSG00000169756	0.00012556250351507424
ENSG00000137822	0.00012554254401634193
ENSG00000112561	0.0001254411024427766
ENSG00000106344	0.00012538296344047665
ENSG00000198822	0.000125305517991988
ENSG00000137270	0.00012526670007887163
ENSG00000137947	0.0001251095537827521
ENSG00000108559	0.0001251029257533828
ENSG00000197771	0.00012506160056711076
ENSG00000072571	0.00012505529711742872
ENSG00000075618	0.00012504074476783284
ENSG00000100220	0.00012503964143682083
ENSG00000048471	0.00012496904016494388
ENSG00000006194	0.00012496694090684263
ENSG00000006125	0.0001249312931943315
ENSG00000128591	0.00012492412007324193
ENSG00000125630	0.00012486503240384273
ENSG00000196976	0.0001247326598796487
ENSG00000182004	0.0001247119290307241
ENSG00000147082	0.00012457335214517893
ENSG00000146223	0.000124555401594014
ENSG00000197265	0.00012453960010473742
ENSG00000138496	0.00012449523436420151
ENSG00000216490	0.00012449102949303097
ENSG00000053254	0.00012446971271561834
ENSG00000060566	0.0001244602619129155
ENSG00000140332	0.000124403291654784
ENSG00000141696	0.0001243500122759711
ENSG00000172551	0.0001242473405570238
ENSG00000100109	0.00012424430825557696
ENSG00000069399	0.00012423320308967595
ENSG00000168395	0.00012422577021718246
ENSG00000143436	0.0001241871217607583
ENSG00000115085	0.00012417600417707049
ENSG00000164934	0.00012412429965899725
ENSG00000068796	0.0001240914990366118
ENSG00000070371	0.00012406675432792357
ENSG00000143811	0.00012403358670623254
ENSG00000115091	0.0001240043491309352
ENSG00000133265	0.00012392404043945373
ENSG00000161905	0.00012388199718025403
ENSG00000075188	0.00012386957434503955
ENSG00000168269	0.00012376945562722228
ENSG00000166337	0.00012375600131987808
ENSG00000130165	0.00012371550273350567
ENSG00000164663	0.00012371403972769536
ENSG00000198160	0.00012369852138060177
ENSG00000008083	0.00012369647236750667
ENSG00000135966	0.00012358897124097593
ENSG00000113569	0.00012347706065186874
ENSG00000100410	0.00012332012584813837
ENSG00000196182	0.00012322016576668746
ENSG00000142273	0.00012320735156796817
ENSG00000100625	0.00012319806265718048
ENSG00000130224	0.0001231568790151504
ENSG00000030419	0.00012314873559911963
ENSG00000160908	0.00012314740132582657
ENSG00000186871	0.0001231184898663625
ENSG00000114315	0.00012306542866670272
ENSG00000148950	0.00012302721711551868
ENSG00000112335	0.0001229563384243215
ENSG00000172409	0.00012295550908995664
ENSG00000179348	0.00012295204609512697
ENSG00000189091	0.0001228610662642353
ENSG00000197785	0.00012283340647979428
ENSG00000169504	0.00012280126004922585
ENSG00000158373	0.00012279040258772662
ENSG00000102038	0.00012275659959966353
ENSG00000173020	0.00012272321192682864
ENSG00000164736	0.00012272160018030192
ENSG00000087152	0.00012270656647221125
ENSG00000080802	0.0001226764574281598
ENSG00000172349	0.00012255132562289032
ENSG00000147604	0.0001225373591708955
ENSG00000111530	0.000122535416533482
ENSG00000131848	0.0001225180458200294
ENSG00000144218	0.00012245288744780345
ENSG00000125753	0.00012244862854201457
ENSG00000010244	0.0001224474552885904
ENSG00000185379	0.0001223943072800919
ENSG00000188976	0.00012234891068729602
ENSG00000102879	0.0001223483591844367
ENSG00000122884	0.0001222913776118875
ENSG00000163872	0.000122245135284088
ENSG00000174740	0.0001222228031429793
ENSG00000140836	0.00012215798459626253
ENSG00000100473	0.00012212289924838683
ENSG00000147130	0.00012204262073711497
ENSG00000147571	0.00012199941867320495
ENSG00000136108	0.00012196723495250907
ENSG00000117395	0.00012191236913876862
ENSG00000095261	0.00012190803371928973
ENSG00000103264	0.00012190766497785335
ENSG00000138080	0.00012188184102585232
ENSG00000174442	0.00012183898194037006
ENSG00000184752	0.00012183381520123555
ENSG00000170836	0.00012182922761390045
ENSG00000101347	0.00012175774507819369
ENSG00000119684	0.0001217413086498421
ENSG00000180530	0.00012163558045105807
ENSG00000137936	0.00012155911196876459
ENSG00000126461	0.00012155085377276169
ENSG00000114648	0.00012151623712290662
ENSG00000136813	0.00012148373368197679
ENSG00000181938	0.00012148183519885442
ENSG00000136861	0.00012145292400961115
ENSG00000043462	0.00012143212439805503
ENSG00000064692	0.00012141520236178338
ENSG00000170248	0.00012141451958077923
ENSG00000159184	0.00012138252930808399
ENSG00000056097	0.0001213392253318823
ENSG00000099331	0.0001213369429933316
ENSG00000113621	0.00012127205164460626
ENSG00000041880	0.00012126556438656049
ENSG00000162244	0.0001212574928205853
ENSG00000179364	0.00012125486351184478
ENSG00000101000	0.00012114454801440952
ENSG00000119396	0.00012109663644548584
ENSG00000117632	0.0001210426915755286
ENSG00000160310	0.00012103035915833703
ENSG00000107929	0.0001210229216065288
ENSG00000198961	0.00012095776082920888
ENSG00000187605	0.00012085994773978387
ENSG00000105819	0.00012084590344885482
ENSG00000103148	0.0001208227372762058
ENSG00000115641	0.00012077577894890423
ENSG00000173273	0.00012071920137956307
ENSG00000141551	0.000120694128370961
ENSG00000120594	0.00012067702507116386
ENSG00000168685	0.00012067635579337849
ENSG00000135506	0.0001205765013451081
ENSG00000119541	0.00012054310376731516
ENSG00000128641	0.00012043718872273729
ENSG00000080298	0.00012042068550093945
ENSG00000196459	0.00012040291035629075
ENSG00000227322	0.00012039459307797792
ENSG00000198373	0.00012036847548113756
ENSG00000076924	0.00012034623090010974
ENSG00000131018	0.00012034483024548698
ENSG00000072274	0.00012033068192379566
ENSG00000139263	0.00012026797656520765
ENSG00000184371	0.00012023994929260324
ENSG00000132485	0.00012023946174130849
ENSG00000171847	0.00012020713169363263
ENSG00000183808	0.00012020363927327756
ENSG00000155508	0.00012018153036070596
ENSG00000158517	0.00012016739207589111
ENSG00000100167	0.00012012364594726255
ENSG00000156508	0.0001201175358934154
ENSG00000126217	0.00012011178801690074
ENSG00000186340	0.00012009565936679091
ENSG00000103549	0.0001200128410155746
ENSG00000145817	0.00012000644164236655
ENSG00000008735	0.00011999351586270245
ENSG00000186310	0.000119947525742842
ENSG00000128059	0.00011988148520393028
ENSG00000134899	0.00011987399313831593
ENSG00000116001	0.00011984798053467747
ENSG00000177455	0.00011977969114326383
ENSG00000002746	0.00011976584892924467
ENSG00000172172	0.00011973624996157824
ENSG00000116127	0.00011968174546815529
ENSG00000100146	0.00011963791470845536
ENSG00000163875	0.00011962282928219619
ENSG00000114956	0.0001196194873291728
ENSG00000133818	0.00011961038374653385
ENSG00000146143	0.00011958931625738098
ENSG00000162961	0.00011958341645099364
ENSG00000156284	0.00011951112797242103
ENSG00000138095	0.00011950122015221161
ENSG00000197956	0.00011947657117919863
ENSG00000124782	0.0001194413191640787
ENSG00000108384	0.00011944009957363789
ENSG00000127580	0.00011942747976240184
ENSG00000277956	0.000119386660199599
ENSG00000165572	0.00011933779962674488
ENSG00000184117	0.00011927395150596794
ENSG00000143368	0.00011926460364218596
ENSG00000136104	0.00011915753280555877
ENSG00000003400	0.00011915502617284725
ENSG00000124486	0.00011913938720078132
ENSG00000171150	0.00011908496281441905
ENSG00000129911	0.00011903624019484451
ENSG00000124608	0.00011898768582894045
ENSG00000115687	0.00011893334530244425
ENSG00000203879	0.0001189234251892041
ENSG00000269405	0.00011890768951094329
ENSG00000132466	0.00011886096770057826
ENSG00000184357	0.0001188459688452386
ENSG00000102189	0.00011883796628092421
ENSG00000049759	0.00011879315434893942
ENSG00000117155	0.00011872757474207859
ENSG00000140682	0.00011862416330774379
ENSG00000095951	0.00011855120281731308
ENSG00000132780	0.00011854164883159967
ENSG00000100307	0.00011838764444698017
ENSG00000186638	0.00011836601439521555
ENSG00000108799	0.00011832216259311682
ENSG00000150753	0.00011829328601237519
ENSG00000160714	0.0001182816403075112
ENSG00000179477	0.00011826776938532047
ENSG00000070423	0.00011821383131196271
ENSG00000105426	0.00011820596362292776
ENSG00000171148	0.00011818425041944906
ENSG00000171863	0.00011813743099885936
ENSG00000125885	0.00011813147265286464
ENSG00000178950	0.00011809576252166385
ENSG00000128272	0.00011809089600883423
ENSG00000071054	0.00011803513553473729
ENSG00000168765	0.00011799945932524831
ENSG00000130294	0.00011799542507486335
ENSG00000105246	0.00011799541399537217
ENSG00000050438	0.00011799167072574868
ENSG00000163114	0.00011797415326884127
ENSG00000145191	0.0001179602774867989
ENSG00000169714	0.00011795544535078584
ENSG00000171403	0.00011789570983613752
ENSG00000128422	0.00011767308284844427
ENSG00000165506	0.00011766903718492868
ENSG00000040199	0.00011764980387620426
ENSG00000244414	0.00011763708290920985
ENSG00000173599	0.00011763164252242812
ENSG00000124610	0.00011761682920342064
ENSG00000155868	0.00011760351895551831
ENSG00000147862	0.00011756399399908858
ENSG00000102524	0.00011735822170327904
ENSG00000206181	0.0001173488314691072
ENSG00000177283	0.0001173305643727514
ENSG00000101346	0.00011732791668423776
ENSG00000157765	0.0001173129336880113
ENSG00000058668	0.00011730810338608375
ENSG00000170832	0.00011730497985427369
ENSG00000166233	0.00011725723639904469
ENSG00000134769	0.0001172293908391592
ENSG00000124216	0.00011718763366988706
ENSG00000021826	0.00011715189099444988
ENSG00000011405	0.00011713842012888326
ENSG00000197063	0.00011713728225859749
ENSG00000143493	0.00011709017388777288
ENSG00000100425	0.00011705227585104275
ENSG00000169925	0.00011704521248108553
ENSG00000101868	0.00011703906935862266
ENSG00000162923	0.00011702465315671854
ENSG00000180628	0.00011702051141079427
ENSG00000123737	0.00011699194420083772
ENSG00000063978	0.00011697702726784006
ENSG00000116785	0.00011696520803749636
ENSG00000142534	0.00011696402118783129
ENSG00000140600	0.00011695857911603545
ENSG00000163629	0.00011692892959880547
ENSG00000063177	0.00011692703396285588
ENSG00000185338	0.00011690917415005373
ENSG00000104723	0.00011684789851186884
ENSG00000182287	0.0001168284275987269
ENSG00000124802	0.00011676883149032992
ENSG00000197321	0.00011670089700693863
ENSG00000158545	0.00011666666501642
ENSG00000099917	0.00011663741156162885
ENSG00000133131	0.00011661488783246563
ENSG00000197444	0.00011659885946542995
ENSG00000074047	0.00011657167639176167
ENSG00000147596	0.000116550286095421
ENSG00000101624	0.00011652567588740255
ENSG00000143398	0.00011646995464619441
ENSG00000164091	0.0001164683801821634
ENSG00000186174	0.00011643544511846534
ENSG00000185513	0.0001163735746939485
ENSG00000087303	0.00011635535036597199
ENSG00000128050	0.00011630680924139016
ENSG00000101460	0.00011628712238122823
ENSG00000156709	0.00011622280117906085
ENSG00000108091	0.00011621541438616159
ENSG00000152795	0.00011619817144641811
ENSG00000132938	0.00011619244978354205
ENSG00000005175	0.00011619054053251329
ENSG00000198947	0.000116180955022462
ENSG00000080618	0.00011614510727289985
ENSG00000141644	0.00011614449341987505
ENSG00000163634	0.00011600375464255703
ENSG00000152601	0.00011596472676416216
ENSG00000101052	0.00011594816707113596
ENSG00000175416	0.000115919337939208
ENSG00000165688	0.00011583686929393614
ENSG00000101639	0.00011577753972305917
ENSG00000185721	0.00011574175335621819
ENSG00000100722	0.00011572895632885218
ENSG00000124664	0.00011567852792916146
ENSG00000111229	0.00011557186460487433
ENSG00000147869	0.00011550663254580583
ENSG00000186810	0.00011549918422629978
ENSG00000171208	0.00011548451347647696
ENSG00000167526	0.00011540757086986916
ENSG00000257365	0.00011539979839661587
ENSG00000143924	0.00011537302836618635
ENSG00000106511	0.00011537235119021881
ENSG00000114686	0.00011534363135560909
ENSG00000102145	0.00011533211166854236
ENSG00000124225	0.00011533125241030026
ENSG00000055483	0.00011532592682138813
ENSG00000112232	0.00011523097675379123
ENSG00000105127	0.00011520508557980643
ENSG00000101680	0.00011516890555504719
ENSG00000103653	0.00011516511683338101
ENSG00000111783	0.00011515851123861661
ENSG00000165588	0.00011515480008321602
ENSG00000100503	0.00011513342063229817
ENSG00000105997	0.0001151042064075652
ENSG00000165704	0.00011506222824179884
ENSG00000121769	0.00011500701492786537
ENSG00000151502	0.00011500419742545151
ENSG00000113209	0.00011499336171571782
ENSG00000181240	0.00011499184069678982
ENSG00000004838	0.0001149713310628999
ENSG00000130695	0.00011496248229987396
ENSG00000115268	0.00011492491163653847
ENSG00000179119	0.00011487617099318973
ENSG00000100154	0.00011485986336729526
ENSG00000111875	0.00011483164619779408
ENSG00000118246	0.00011483058804844289
ENSG00000049249	0.00011481423138172288
ENSG00000084674	0.00011470696727619405
ENSG00000225614	0.00011469778767436829
ENSG00000095574	0.00011467380342829864
ENSG00000124702	0.0001146370574284145
ENSG00000058272	0.00011461204747402912
ENSG00000137203	0.00011460899313437034
ENSG00000185651	0.00011456629953244915
ENSG00000131051	0.000114537622905055
ENSG00000159110	0.00011450850966359384
ENSG00000174547	0.00011449795700080152
ENSG00000134343	0.00011449037219985504
ENSG00000101161	0.00011441327104896192
ENSG00000062650	0.00011441105400543348
ENSG00000102554	0.00011439829411131648
ENSG00000197045	0.00011438086456035084
ENSG00000053747	0.00011435695138483604
ENSG00000127311	0.00011434733926600622
ENSG00000089094	0.00011425604022958808
ENSG00000086504	0.00011423921007709709
ENSG00000196405	0.00011423085380438351
ENSG00000120008	0.00011418796991906818
ENSG00000167522	0.00011412307851802874
ENSG00000120992	0.00011411746167860692
ENSG00000153767	0.00011410199274800885
ENSG00000174106	0.00011409027939915107
ENSG00000066629	0.00011407555476920447
ENSG00000095794	0.00011390489558676803
ENSG00000133193	0.00011389147237454821
ENSG00000159259	0.00011385647334804277
ENSG00000136826	0.00011384732187541157
ENSG00000106070	0.00011383512519366125
ENSG00000023287	0.00011379503306742958
ENSG00000169635	0.00011373408131123184
ENSG00000175470	0.00011371657195139986
ENSG00000265241	0.00011368357627995579
ENSG00000165891	0.0001135718882470424
ENSG00000106100	0.00011356644712588794
ENSG00000151655	0.00011354404174722598
ENSG00000164944	0.00011352565737388617
ENSG00000028528	0.0001134484066634355
ENSG00000089053	0.00011342857320531312
ENSG00000147475	0.00011331539108983887
ENSG00000110237	0.00011329517725340155
ENSG00000133466	0.00011327902423145661
ENSG00000106077	0.00011327207421322
ENSG00000132141	0.00011319784881332053
ENSG00000173068	0.00011317896717120108
ENSG00000090615	0.00011315219671005301
ENSG00000159363	0.00011313213242238435
ENSG00000149212	0.0001131029215108731
ENSG00000135387	0.0001131029155617039
ENSG00000129450	0.0001130952320514241
ENSG00000122406	0.00011301033947302302
ENSG00000042429	0.00011294520989978571
ENSG00000174953	0.00011293641033150561
ENSG00000127837	0.00011292835939810369
ENSG00000142515	0.00011290735722063519
ENSG00000284254	0.00011289729534154271
ENSG00000124574	0.00011289576612082299
ENSG00000156735	0.00011287130864333792
ENSG00000181781	0.00011281161319645248
ENSG00000134070	0.00011279996211070373
ENSG00000174799	0.00011279938823738713
ENSG00000079313	0.00011279884095562815
ENSG00000136098	0.00011273444325748831
ENSG00000138442	0.00011272321795652923
ENSG00000183751	0.00011270600114556769
ENSG00000031691	0.00011268808692979057
ENSG00000120685	0.00011267145642017189
ENSG00000088256	0.00011264822714598152
ENSG00000076604	0.00011263718314698643
ENSG00000188488	0.00011257543230667151
ENSG00000185499	0.00011253933650329432
ENSG00000104973	0.00011248204721357982
ENSG00000116747	0.00011247715469297265
ENSG00000073712	0.00011244326686800998
ENSG00000119403	0.00011241865505676604
ENSG00000120820	0.00011239739523382184
ENSG00000081051	0.00011239378769831096
ENSG00000116251	0.0001123836497617315
ENSG00000145423	0.00011232818031748093
ENSG00000134900	0.00011231234609044194
ENSG00000116717	0.00011230465215686439
ENSG00000089693	0.00011224095705723923
ENSG00000175097	0.00011209650141416071
ENSG00000138443	0.00011203792187841143
ENSG00000167550	0.00011199405971175366
ENSG00000179361	0.00011197290355627104
ENSG00000116711	0.00011196386529199242
ENSG00000159459	0.00011191078249385013
ENSG00000119699	0.00011190450537662425
ENSG00000146701	0.00011176867952180579
ENSG00000288325	0.0001117420747095943
ENSG00000146374	0.00011168711543347227
ENSG00000196199	0.00011142982667890603
ENSG00000116285	0.00011136947239110754
ENSG00000172262	0.00011131912663946924
ENSG00000132661	0.00011126662173389106
ENSG00000266412	0.0001112079978620856
ENSG00000078618	0.00011115659998997371
ENSG00000161888	0.00011115064668810292
ENSG00000090520	0.0001111101584433101
ENSG00000109534	0.00011098953925175504
ENSG00000102287	0.00011098013717905831
ENSG00000169344	0.00011087013044451202
ENSG00000182473	0.00011086261626066436
ENSG00000153560	0.00011082301792464985
ENSG00000139977	0.00011081433882454966
ENSG00000065060	0.00011079058153819763
ENSG00000164985	0.00011064305858823613
ENSG00000116221	0.00011061965061821953
ENSG00000127946	0.0001106191479439546
ENSG00000107796	0.00011058883410152737
ENSG00000146678	0.0001105506377228759
ENSG00000154237	0.00011047931327664884
ENSG00000030110	0.00011040568198245355
ENSG00000183918	0.00011040249652619035
ENSG00000113048	0.00011036817741980798
ENSG00000156299	0.00011031726277242214
ENSG00000119414	0.00011026936532650825
ENSG00000136021	0.00011025568453735494
ENSG00000152256	0.0001102505419262191
ENSG00000158417	0.00011019473424385553
ENSG00000147443	0.00011015209984767386
ENSG00000179943	0.00011013570551524647
ENSG00000107862	0.00011012722759650647
ENSG00000158106	0.00011009013177807897
ENSG00000125084	0.00011007618433931231
ENSG00000101746	0.00011003912848500782
ENSG00000138246	0.00011000023988290983
ENSG00000221823	0.00010992480345265358
ENSG00000135720	0.00010991747406961807
ENSG00000074319	0.00010990542889627136
ENSG00000166887	0.00010974839239668594
ENSG00000130522	0.00010974759143120743
ENSG00000169245	0.00010973477128016463
ENSG00000188229	0.00010971377816528744
ENSG00000143761	0.0001096741709810952
ENSG00000122188	0.00010966203294589935
ENSG00000163960	0.00010965612397616207
ENSG00000144642	0.00010964394825987283
ENSG00000134013	0.00010959474170542961
ENSG00000169188	0.00010955229295675794
ENSG00000159399	0.00010952462641610064
ENSG00000145687	0.00010946604916916247
ENSG00000002549	0.00010941162277651891
ENSG00000114904	0.00010941089611824098
ENSG00000111300	0.00010937258594250801
ENSG00000184708	0.00010932227806862223
ENSG00000182568	0.0001093195487997195
ENSG00000132128	0.00010926247243004842
ENSG00000127870	0.00010908650656409253
ENSG00000184743	0.00010905179301802042
ENSG00000158571	0.00010904882849096216
ENSG00000162300	0.0001090137454496621
ENSG00000129625	0.00010900772611938293
ENSG00000164902	0.00010899172367302412
ENSG00000119321	0.00010897842034654049
ENSG00000170037	0.00010897293472412911
ENSG00000137207	0.00010894789667096876
ENSG00000053372	0.0001087474782546706
ENSG00000138755	0.00010874339276205442
ENSG00000135678	0.000108730450284308
ENSG00000166441	0.00010869079568082039
ENSG00000171467	0.00010857014052765151
ENSG00000114503	0.00010856771098318044
ENSG00000177963	0.00010856211878332083
ENSG00000116984	0.00010855444283081682
ENSG00000140382	0.00010851742662179356
ENSG00000178104	0.00010845209490201131
ENSG00000081154	0.00010843576020156813
ENSG00000175215	0.00010842880339983189
ENSG00000100403	0.00010838262489749025
ENSG00000108854	0.00010835717436500966
ENSG00000135457	0.00010835711436067149
ENSG00000143882	0.00010832783419607637
ENSG00000143512	0.00010829561803462992
ENSG00000153094	0.00010827087594161329
ENSG00000148584	0.00010822026692125493
ENSG00000080345	0.00010821883421665439
ENSG00000144283	0.00010820026703579628
ENSG00000112033	0.00010818083590502968
ENSG00000006451	0.00010817455463745837
ENSG00000186919	0.00010814956259195409
ENSG00000156374	0.00010812537701845607
ENSG00000143393	0.00010810162771476348
ENSG00000068383	0.000108054946270886
ENSG00000205476	0.00010803843770638424
ENSG00000118217	0.00010802541277682496
ENSG00000142611	0.00010800740172007777
ENSG00000107816	0.00010789918038873672
ENSG00000054356	0.0001078677699715632
ENSG00000099800	0.00010785154187335257
ENSG00000175390	0.00010779217353648335
ENSG00000133858	0.00010778656020484829
ENSG00000113460	0.00010767459899420606
ENSG00000276725	0.00010763959421606901
ENSG00000104388	0.00010762230251973098
ENSG00000074201	0.00010761281054350182
ENSG00000126259	0.00010759954501543207
ENSG00000154764	0.00010759592281357529
ENSG00000134697	0.00010759099244242654
ENSG00000066933	0.00010747219594371265
ENSG00000111725	0.00010739641141367579
ENSG00000091879	0.00010738707548686522
ENSG00000139718	0.00010734503549729507
ENSG00000165097	0.00010729890842796981
ENSG00000092439	0.00010728639794140741
ENSG00000116459	0.00010721175174137993
ENSG00000119397	0.00010719706707424736
ENSG00000106397	0.00010712870829992636
ENSG00000125618	0.00010711881479217061
ENSG00000155229	0.00010708581175706655
ENSG00000124233	0.00010706076774128481
ENSG00000117153	0.00010694145008417064
ENSG00000117407	0.00010688420460620302
ENSG00000224470	0.00010686022170602195
ENSG00000161944	0.00010684721813655887
ENSG00000175426	0.0001068293121605052
ENSG00000159784	0.00010682693560123
ENSG00000105193	0.00010674158744596176
ENSG00000123500	0.00010672830891363093
ENSG00000184900	0.00010664831269129458
ENSG00000130311	0.0001065524691173257
ENSG00000167685	0.00010653180450981254
ENSG00000140416	0.00010653162150013598
ENSG00000138134	0.00010647916233187717
ENSG00000257923	0.00010646460258337885
ENSG00000143033	0.00010643463783637476
ENSG00000075426	0.00010643447706805824
ENSG00000254093	0.00010642946648258708
ENSG00000122140	0.0001063423554408924
ENSG00000015153	0.00010630600946522921
ENSG00000136448	0.00010619857878174882
ENSG00000181690	0.00010619570545695081
ENSG00000125378	0.00010603330287478129
ENSG00000105967	0.00010602963168442072
ENSG00000171940	0.00010602552313019044
ENSG00000160999	0.00010591042627533587
ENSG00000010030	0.000105889402448362
ENSG00000173145	0.00010588564954298424
ENSG00000154721	0.00010586337845659871
ENSG00000085872	0.00010580705345722285
ENSG00000076641	0.0001057982576125586
ENSG00000278565	0.00010579278905654957
ENSG00000125485	0.00010575668952894637
ENSG00000070010	0.00010575660524036433
ENSG00000134438	0.00010569915567033602
ENSG00000103932	0.0001056914846088422
ENSG00000261992	0.00010552901147750365
ENSG00000168385	0.00010551209904277419
ENSG00000185386	0.00010549484048948997
ENSG00000285387	0.00010548457703617306
ENSG00000198821	0.00010544667429153852
ENSG00000123064	0.00010540963755995902
ENSG00000106628	0.00010536959846954333
ENSG00000204406	0.00010529395467794814
ENSG00000188620	0.00010528955395758006
ENSG00000215788	0.00010526730461446013
ENSG00000076685	0.00010525747696866338
ENSG00000139726	0.00010519305753743298
ENSG00000099940	0.00010518684300976343
ENSG00000117758	0.00010514808207791966
ENSG00000175866	0.00010514473545500809
ENSG00000068120	0.00010514459318825445
ENSG00000108298	0.00010513780732896466
ENSG00000136758	0.0001051215785776526
ENSG00000117000	0.0001050860313565416
ENSG00000167182	0.0001050422705205364
ENSG00000135249	0.00010502180608764342
ENSG00000145414	0.00010501152271608805
ENSG00000138674	0.00010498740011766405
ENSG00000137992	0.00010488104460816894
ENSG00000102468	0.00010487592401868383
ENSG00000204131	0.00010487354833728635
ENSG00000122787	0.00010472669355041576
ENSG00000111877	0.00010467180840814976
ENSG00000164053	0.00010465746128573552
ENSG00000268447	0.00010462420997582563
ENSG00000185722	0.00010461239394477298
ENSG00000137699	0.00010456925765173692
ENSG00000095319	0.00010452457462186503
ENSG00000119402	0.00010447293528168513
ENSG00000006468	0.00010445592864542827
ENSG00000285379	0.00010443624787381697
ENSG00000178896	0.00010443393586714053
ENSG00000213949	0.0001044271117958447
ENSG00000006634	0.00010439375365770898
ENSG00000144867	0.00010437570183039608
ENSG00000115138	0.00010429327400120341
ENSG00000106346	0.00010429148625198687
ENSG00000114251	0.00010427463568569908
ENSG00000130208	0.00010425956100308466
ENSG00000108599	0.00010422901724133261
ENSG00000120885	0.00010419041548141776
ENSG00000241484	0.0001041897980204199
ENSG00000198517	0.00010416779018777602
ENSG00000185515	0.00010413198875600246
ENSG00000135424	0.00010412806212686363
ENSG00000112078	0.00010411270897706162
ENSG00000149735	0.00010410872706244803
ENSG00000143498	0.00010410713627369986
ENSG00000160888	0.00010410416168198726
ENSG00000179115	0.00010403611350715485
ENSG00000078687	0.0001040070385401914
ENSG00000168172	0.00010399016640604961
ENSG00000136536	0.00010395940473221798
ENSG00000036828	0.00010393323185755401
ENSG00000153914	0.0001039078688504196
ENSG00000148840	0.00010389991821487302
ENSG00000100883	0.00010382974672655427
ENSG00000186416	0.00010372098958828698
ENSG00000144028	0.00010370568602187902
ENSG00000124157	0.00010365250561531102
ENSG00000172322	0.00010361387313772166
ENSG00000100485	0.00010355678035811566
ENSG00000184384	0.00010348116965878681
ENSG00000150768	0.00010344899855048938
ENSG00000185532	0.00010343222420790782
ENSG00000123268	0.00010340844278104751
ENSG00000078237	0.00010336607745933577
ENSG00000119041	0.00010331306156755949
ENSG00000129933	0.00010325270659303362
ENSG00000164338	0.00010324462091453549
ENSG00000140105	0.00010322609360357626
ENSG00000087274	0.0001031836910181712
ENSG00000149930	0.00010316246749695265
ENSG00000107443	0.0001030871136708217
ENSG00000198707	0.00010300548653202653
ENSG00000206560	0.00010300104595125377
ENSG00000132840	0.00010298234574816812
ENSG00000008710	0.00010287193510767539
ENSG00000107815	0.00010286108347850994
ENSG00000187608	0.0001028266356099757
ENSG00000035862	0.00010281740995192896
ENSG00000173120	0.00010278995565906589
ENSG00000153208	0.00010273915600935506
ENSG00000165733	0.00010270793533995831
ENSG00000163719	0.00010269861567284654
ENSG00000081189	0.00010268431035056715
ENSG00000181722	0.00010266175242997238
ENSG00000085514	0.0001026486723803556
ENSG00000143971	0.00010264166727932077
ENSG00000101442	0.00010258337348588023
ENSG00000273686	0.00010252338235338614
ENSG00000281877	0.00010251768188599611
ENSG00000173706	0.00010251585059201736
ENSG00000132781	0.00010246245584255464
ENSG00000150347	0.00010241572186056121
ENSG00000129071	0.00010237866127900012
ENSG00000145861	0.00010235579200315744
ENSG00000126453	0.00010228372772754407
ENSG00000166682	0.00010227224933693005
ENSG00000139734	0.00010227065813427743
ENSG00000104221	0.00010225993581530899
ENSG00000105849	0.00010222689522867309
ENSG00000142156	0.00010214507768109645
ENSG00000005075	0.00010207873009570313
ENSG00000167088	0.00010207411067227446
ENSG00000107669	0.0001020414706592216
ENSG00000136158	0.00010203394752036937
ENSG00000145242	0.00010201529332605903
ENSG00000179455	0.00010199929358455789
ENSG00000108679	0.00010199373040300729
ENSG00000132323	0.00010198223867673322
ENSG00000182175	0.00010195824883802767
ENSG00000078304	0.00010194351110105535
ENSG00000122299	0.0001019325721313815
ENSG00000158813	0.00010192131011453913
ENSG00000138663	0.00010188867597141241
ENSG00000136942	0.0001018393071317404
ENSG00000184349	0.00010179597647621156
ENSG00000118495	0.00010177943085034276
ENSG00000101197	0.00010168632975555259
ENSG00000127603	0.00010165365321197318
ENSG00000114391	0.00010164344533458659
ENSG00000087095	0.00010155801289583917
ENSG00000130707	0.00010150910850418702
ENSG00000114279	0.0001014982302730702
ENSG00000169093	0.00010147585185688428
ENSG00000134419	0.0001014169281116194
ENSG00000116741	0.00010141549067165755
ENSG00000060237	0.00010139148365491806
ENSG00000288130	0.00010138647971230755
ENSG00000167792	0.00010128662564736958
ENSG00000163348	0.00010126409001997112
ENSG00000161204	0.00010125747654808464
ENSG00000164741	0.00010125517340968465
ENSG00000119318	0.0001012344745123375
ENSG00000165732	0.00010122259642436886
ENSG00000189308	0.00010121498425217741
ENSG00000187323	0.00010120506620207551
ENSG00000011028	0.00010115903356582036
ENSG00000130669	0.00010115879882251235
ENSG00000040275	0.00010109524194916107
ENSG00000135932	0.00010109333249106118
ENSG00000221838	0.00010094279507296826
ENSG00000111653	0.00010091856017578567
ENSG00000114302	0.00010088373411030286
ENSG00000215305	0.00010085778018122285
ENSG00000119707	0.00010081894666918214
ENSG00000128340	0.00010079203082739292
ENSG00000129675	0.00010078106754598214
ENSG00000073350	0.00010077000640335797
ENSG00000163132	0.00010075663333510522
ENSG00000129204	0.00010074417441682561
ENSG00000244405	0.00010070891491984361
ENSG00000147481	0.00010069652850108995
ENSG00000168827	0.00010068198413565556
ENSG00000101162	0.00010066891398779446
ENSG00000131469	0.00010057457767705801
ENSG00000160801	0.0001005364524599381
ENSG00000126267	0.00010050597445293864
ENSG00000165156	0.0001004643020819758
ENSG00000170689	0.00010045625102351931
ENSG00000017797	0.00010044747686344109
ENSG00000163219	0.0001004264028680196
ENSG00000138757	0.00010041398015211689
ENSG00000115884	0.00010040165525984658
ENSG00000184277	0.00010036318038791576
ENSG00000134815	0.00010035448179144316
ENSG00000117877	0.0001003387029083624
ENSG00000104147	0.00010032402482541188
ENSG00000122986	0.00010029774979714881
ENSG00000091127	0.00010024345176811068
ENSG00000197780	0.00010023637341962954
ENSG00000182759	0.00010022766876557832
ENSG00000143401	0.00010022608366217491
ENSG00000135392	0.0001002161567247681
ENSG00000166169	0.00010019932531896746
ENSG00000185745	0.00010019644876697684
ENSG00000131165	0.00010019459262515535
ENSG00000136738	0.0001001904213845055
ENSG00000121067	0.00010008576423298233
ENSG00000131381	0.00010002991612487025
ENSG00000178150	0.00010001415878483207
ENSG00000254772	0.00010001189571710238
ENSG00000142733	9.996745633561386e-05
ENSG00000177479	9.991021011161058e-05
ENSG00000148019	9.98857979908023e-05
ENSG00000159055	9.988187868848771e-05
ENSG00000148634	9.975266543201224e-05
ENSG00000150764	9.969834289746459e-05
ENSG00000136986	9.965825009882346e-05
ENSG00000107099	9.957179029355651e-05
ENSG00000107833	9.95633645022879e-05
ENSG00000117505	9.950133938353982e-05
ENSG00000139436	9.949689164134994e-05
ENSG00000109787	9.947816546779722e-05
ENSG00000114853	9.93603139367521e-05
ENSG00000165644	9.930389313688453e-05
ENSG00000160877	9.930125890299121e-05
ENSG00000107951	9.923973707324431e-05
ENSG00000079459	9.921960904508466e-05
ENSG00000065150	9.918313717380061e-05
ENSG00000131711	9.909688700204533e-05
ENSG00000108106	9.906398553060788e-05
ENSG00000132953	9.902420177496918e-05
ENSG00000177000	9.901013002222708e-05
ENSG00000184887	9.899587935699884e-05
ENSG00000172530	9.898259243783219e-05
ENSG00000059122	9.896213363115549e-05
ENSG00000085185	9.893530253146093e-05
ENSG00000164022	9.889917608597699e-05
ENSG00000115232	9.889418336072316e-05
ENSG00000133884	9.887637420711592e-05
ENSG00000174827	9.887005047465707e-05
ENSG00000003393	9.883447918151502e-05
ENSG00000241685	9.883284024071562e-05
ENSG00000095637	9.881784335835516e-05
ENSG00000174243	9.881416043278482e-05
ENSG00000137267	9.880815926465529e-05
ENSG00000135111	9.880362793620302e-05
ENSG00000124380	9.879371426165513e-05
ENSG00000022267	9.87206040639991e-05
ENSG00000178971	9.86821801005905e-05
ENSG00000144810	9.865769121443262e-05
ENSG00000166313	9.86095452975577e-05
ENSG00000126746	9.860699136458389e-05
ENSG00000025800	9.8565466092007e-05
ENSG00000127564	9.85101342218193e-05
ENSG00000037241	9.84915177994619e-05
ENSG00000134186	9.84768769384155e-05
ENSG00000156795	9.845546048364058e-05
ENSG00000113196	9.843751911455281e-05
ENSG00000175745	9.843643829715582e-05
ENSG00000152778	9.834873538634732e-05
ENSG00000105698	9.834209317932252e-05
ENSG00000038358	9.832189658889493e-05
ENSG00000089597	9.829613435448112e-05
ENSG00000116761	9.821487792222837e-05
ENSG00000197635	9.820908773128343e-05
ENSG00000165684	9.820034776329722e-05
ENSG00000114127	9.818512957406755e-05
ENSG00000176749	9.813062922539233e-05
ENSG00000120071	9.812479618919102e-05
ENSG00000136811	9.80903163264851e-05
ENSG00000125445	9.808670323423363e-05
ENSG00000104356	9.807997152266931e-05
ENSG00000171204	9.807961133572832e-05
ENSG00000079308	9.807592282260185e-05
ENSG00000126216	9.800260246951598e-05
ENSG00000168569	9.799649979524674e-05
ENSG00000111707	9.797837862950946e-05
ENSG00000242689	9.796849456923334e-05
ENSG00000179409	9.79168967411097e-05
ENSG00000149658	9.784324758440735e-05
ENSG00000143319	9.783542629962662e-05
ENSG00000132382	9.783406927760486e-05
ENSG00000168724	9.780725276812797e-05
ENSG00000089356	9.778075163756704e-05
ENSG00000168702	9.767140834232071e-05
ENSG00000159479	9.765540477269287e-05
ENSG00000100028	9.764118023336295e-05
ENSG00000264364	9.762691260994495e-05
ENSG00000117148	9.760373940057173e-05
ENSG00000070950	9.759272611880345e-05
ENSG00000105472	9.75755546959544e-05
ENSG00000172239	9.756099718051022e-05
ENSG00000101654	9.755343044351538e-05
ENSG00000136436	9.749217160026951e-05
ENSG00000147168	9.748803436959213e-05
ENSG00000105486	9.748572445941877e-05
ENSG00000127152	9.741899595818773e-05
ENSG00000166068	9.739554703925469e-05
ENSG00000083857	9.737257862575059e-05
ENSG00000169592	9.736898581356383e-05
ENSG00000107890	9.736402056966052e-05
ENSG00000090447	9.732755222936025e-05
ENSG00000145833	9.731862247253565e-05
ENSG00000241839	9.730894546902342e-05
ENSG00000068323	9.730272334988778e-05
ENSG00000103855	9.729671471916204e-05
ENSG00000170965	9.726199107519347e-05
ENSG00000012817	9.723064837441941e-05
ENSG00000115541	9.716763926094984e-05
ENSG00000180353	9.716263192520378e-05
ENSG00000105270	9.713315333765447e-05
ENSG00000175376	9.712190573611711e-05
ENSG00000111752	9.707787946646347e-05
ENSG00000100568	9.705342595142464e-05
ENSG00000188994	9.698121790225195e-05
ENSG00000168653	9.688237244544391e-05
ENSG00000133657	9.681209485370475e-05
ENSG00000162493	9.681092534842803e-05
ENSG00000135763	9.680050470237772e-05
ENSG00000123575	9.678433432885835e-05
ENSG00000104763	9.677894005009446e-05
ENSG00000166091	9.662147159639717e-05
ENSG00000115368	9.654546448748457e-05
ENSG00000149657	9.652968586609468e-05
ENSG00000152944	9.651387741700959e-05
ENSG00000203734	9.647894721963074e-05
ENSG00000057935	9.643297402096386e-05
ENSG00000111218	9.64185948056911e-05
ENSG00000164061	9.634978473356933e-05
ENSG00000164190	9.631858821560357e-05
ENSG00000101452	9.630895404611565e-05
ENSG00000157823	9.627849887615424e-05
ENSG00000079785	9.621741769942732e-05
ENSG00000157851	9.620018681293041e-05
ENSG00000117593	9.619149489737174e-05
ENSG00000186081	9.608853520254097e-05
ENSG00000243678	9.606046782227302e-05
ENSG00000158480	9.605775322919303e-05
ENSG00000197563	9.605594835156297e-05
ENSG00000170180	9.603898228245787e-05
ENSG00000105197	9.603484017058829e-05
ENSG00000136010	9.596189820626544e-05
ENSG00000135476	9.594705713261435e-05
ENSG00000124356	9.594169990699814e-05
ENSG00000100083	9.592285691147179e-05
ENSG00000124145	9.591408649981262e-05
ENSG00000138750	9.590861946529622e-05
ENSG00000115041	9.589064467633093e-05
ENSG00000135046	9.588690378471093e-05
ENSG00000152382	9.587321949820787e-05
ENSG00000154342	9.584995564483693e-05
ENSG00000123384	9.582475755437417e-05
ENSG00000171444	9.582142706819848e-05
ENSG00000121060	9.581987756459559e-05
ENSG00000174343	9.580137740766679e-05
ENSG00000131504	9.573822548764952e-05
ENSG00000138814	9.569666079746708e-05
ENSG00000120800	9.565974122261451e-05
ENSG00000173846	9.565258206454244e-05
ENSG00000106771	9.564246919545585e-05
ENSG00000104866	9.558135148821087e-05
ENSG00000147852	9.551666714569973e-05
ENSG00000139112	9.550312132757358e-05
ENSG00000114316	9.550053548650142e-05
ENSG00000163006	9.548996454465829e-05
ENSG00000145990	9.544912747367147e-05
ENSG00000096996	9.54345173934304e-05
ENSG00000198932	9.535060430473379e-05
ENSG00000112208	9.532799892746175e-05
ENSG00000184428	9.528832717638567e-05
ENSG00000169071	9.52364109441558e-05
ENSG00000186625	9.523166082921186e-05
ENSG00000171060	9.521789411917924e-05
ENSG00000164438	9.520645738438466e-05
ENSG00000079462	9.518893377238161e-05
ENSG00000146013	9.510929655882787e-05
ENSG00000169826	9.50972917821123e-05
ENSG00000118162	9.509276088549142e-05
ENSG00000152467	9.503524986643173e-05
ENSG00000196296	9.503400924707405e-05
ENSG00000105662	9.501640481519112e-05
ENSG00000167771	9.501467129261807e-05
ENSG00000136244	9.489986112388163e-05
ENSG00000149313	9.48934516160162e-05
ENSG00000175221	9.488606152741283e-05
ENSG00000102837	9.487161216063264e-05
ENSG00000123159	9.48164488471628e-05
ENSG00000065268	9.480963714883599e-05
ENSG00000148356	9.476385696112165e-05
ENSG00000149582	9.475886123420391e-05
ENSG00000063245	9.464159034947496e-05
ENSG00000168280	9.46020682230311e-05
ENSG00000106266	9.459883375786867e-05
ENSG00000100632	9.457021243130974e-05
ENSG00000163104	9.456171372846998e-05
ENSG00000135547	9.451827778851596e-05
ENSG00000117601	9.450858589844816e-05
ENSG00000198034	9.448537443638901e-05
ENSG00000154719	9.44816596318478e-05
ENSG00000015475	9.445578077427519e-05
ENSG00000112425	9.443684444280159e-05
ENSG00000203972	9.442997772117098e-05
ENSG00000104872	9.441079626786404e-05
ENSG00000185736	9.440565914773776e-05
ENSG00000110436	9.43913000437359e-05
ENSG00000214367	9.438777658216307e-05
ENSG00000185697	9.436809368173766e-05
ENSG00000125870	9.43389303885763e-05
ENSG00000007520	9.421910707750803e-05
ENSG00000141378	9.42083932537538e-05
ENSG00000105705	9.42063283712479e-05
ENSG00000105372	9.416135042610328e-05
ENSG00000184432	9.416086691028693e-05
ENSG00000170458	9.412055964617898e-05
ENSG00000136731	9.411380276099168e-05
ENSG00000084112	9.402823311548713e-05
ENSG00000155313	9.401887023772447e-05
ENSG00000173402	9.401772809972249e-05
ENSG00000173418	9.401612901446438e-05
ENSG00000165271	9.395793543074137e-05
ENSG00000240563	9.393301870992607e-05
ENSG00000136891	9.393089210330295e-05
ENSG00000167208	9.387145385893958e-05
ENSG00000065427	9.383295598273849e-05
ENSG00000166025	9.378148136145459e-05
ENSG00000106263	9.377549123603857e-05
ENSG00000174748	9.373100789760099e-05
ENSG00000115761	9.372022518344824e-05
ENSG00000066557	9.370576415038629e-05
ENSG00000137171	9.370453621006308e-05
ENSG00000167900	9.366747232975771e-05
ENSG00000126464	9.366250021273123e-05
ENSG00000188958	9.363306395191104e-05
ENSG00000144566	9.359091360615423e-05
ENSG00000188158	9.356562784387265e-05
ENSG00000112306	9.356445205325326e-05
ENSG00000142544	9.354542193223667e-05
ENSG00000198015	9.35177945144959e-05
ENSG00000165661	9.351304110591327e-05
ENSG00000283100	9.349392785724475e-05
ENSG00000155659	9.343488509497003e-05
ENSG00000113889	9.342680031935137e-05
ENSG00000143801	9.340795097010021e-05
ENSG00000100209	9.339230422217142e-05
ENSG00000155111	9.337369678238773e-05
ENSG00000264424	9.335799853459707e-05
ENSG00000129170	9.33015775532711e-05
ENSG00000084463	9.325386371182889e-05
ENSG00000076201	9.32470783412309e-05
ENSG00000183520	9.323425746986281e-05
ENSG00000119048	9.319775182972609e-05
ENSG00000161956	9.319475198026308e-05
ENSG00000156482	9.312105796410138e-05
ENSG00000196950	9.311603350473044e-05
ENSG00000237344	9.310030039216985e-05
ENSG00000101365	9.309969884047576e-05
ENSG00000168556	9.305526302019868e-05
ENSG00000213658	9.305422134765466e-05
ENSG00000071082	9.29852664401145e-05
ENSG00000176476	9.298143362284811e-05
ENSG00000152234	9.296756640316948e-05
ENSG00000082515	9.286140272095144e-05
ENSG00000166886	9.285753161056694e-05
ENSG00000117360	9.285122443387179e-05
ENSG00000086061	9.280475188636139e-05
ENSG00000173653	9.27755526962225e-05
ENSG00000105821	9.274273112154609e-05
ENSG00000169418	9.273629928122459e-05
ENSG00000162191	9.271286411963653e-05
ENSG00000204104	9.269031058041262e-05
ENSG00000165527	9.267534452839328e-05
ENSG00000184575	9.267350952631654e-05
ENSG00000167037	9.266543715205194e-05
ENSG00000007047	9.266240595795756e-05
ENSG00000198523	9.264976859587659e-05
ENSG00000185650	9.264918088784332e-05
ENSG00000136842	9.261442678816108e-05
ENSG00000158301	9.256768996550356e-05
ENSG00000185624	9.255054578866394e-05
ENSG00000259956	9.249575345781945e-05
ENSG00000132300	9.247445331638527e-05
ENSG00000160062	9.240110503152856e-05
ENSG00000090054	9.239693692608949e-05
ENSG00000139180	9.236412954180525e-05
ENSG00000128833	9.228671706050154e-05
ENSG00000261893	9.228231075657342e-05
ENSG00000142867	9.225671072040139e-05
ENSG00000163682	9.22398775631368e-05
ENSG00000064313	9.22314986939265e-05
ENSG00000186197	9.222026975010475e-05
ENSG00000165059	9.219308197783521e-05
ENSG00000146457	9.216923018722901e-05
ENSG00000163681	9.211348471325725e-05
ENSG00000181773	9.209446478684415e-05
ENSG00000139641	9.209322111962146e-05
ENSG00000119922	9.205583038121878e-05
ENSG00000119421	9.197171874767789e-05
ENSG00000077549	9.195756077430141e-05
ENSG00000109452	9.195517154197086e-05
ENSG00000099899	9.188593905444444e-05
ENSG00000072832	9.188434187176063e-05
ENSG00000166128	9.187430021357649e-05
ENSG00000075945	9.18695869512899e-05
ENSG00000129354	9.181460974463136e-05
ENSG00000163714	9.18130536784121e-05
ENSG00000188130	9.178681112711813e-05
ENSG00000109111	9.178423693223062e-05
ENSG00000143515	9.177428795781373e-05
ENSG00000105323	9.177392848066176e-05
ENSG00000106633	9.175632681057469e-05
ENSG00000163882	9.172480504404859e-05
ENSG00000107625	9.169743318532749e-05
ENSG00000124243	9.167552846619258e-05
ENSG00000138336	9.166390289468775e-05
ENSG00000163485	9.162662981871936e-05
ENSG00000122484	9.154256361156859e-05
ENSG00000196090	9.15284204692517e-05
ENSG00000105376	9.15276014079576e-05
ENSG00000156531	9.145155832820195e-05
ENSG00000102030	9.14485571065366e-05
ENSG00000117400	9.144368205395685e-05
ENSG00000062524	9.14142559288065e-05
ENSG00000132906	9.14097718938118e-05
ENSG00000115694	9.139483886080168e-05
ENSG00000077721	9.134598848586651e-05
ENSG00000197172	9.132073459240585e-05
ENSG00000163568	9.125858039435656e-05
ENSG00000124541	9.124143802098141e-05
ENSG00000112679	9.122220289013217e-05
ENSG00000002016	9.118224242225445e-05
ENSG00000073803	9.117435153438276e-05
ENSG00000205413	9.114622912734524e-05
ENSG00000130844	9.114082263825451e-05
ENSG00000061794	9.10944084513356e-05
ENSG00000135116	9.109386984301186e-05
ENSG00000061676	9.102590711633652e-05
ENSG00000064300	9.102133023779987e-05
ENSG00000108064	9.08917595348868e-05
ENSG00000072506	9.088644386413986e-05
ENSG00000230989	9.08227806219215e-05
ENSG00000281320	9.078907022244209e-05
ENSG00000133056	9.078274136873653e-05
ENSG00000180329	9.068194013434885e-05
ENSG00000152518	9.065478975067746e-05
ENSG00000185049	9.0642353936287e-05
ENSG00000147679	9.057456122084153e-05
ENSG00000107140	9.057084964651281e-05
ENSG00000133398	9.055619157489063e-05
ENSG00000110245	9.05447181972801e-05
ENSG00000085563	9.053580961877938e-05
ENSG00000099937	9.052119658289891e-05
ENSG00000267534	9.050102504299222e-05
ENSG00000108823	9.046386382320241e-05
ENSG00000085511	9.046027752807105e-05
ENSG00000102034	9.042462160383156e-05
ENSG00000169359	9.034848868425689e-05
ENSG00000105327	9.034656623119669e-05
ENSG00000136521	9.029248455480218e-05
ENSG00000116670	9.026914030266591e-05
ENSG00000213741	9.025968471033112e-05
ENSG00000025770	9.024628865268588e-05
ENSG00000186469	9.022858705499678e-05
ENSG00000284774	9.022323257525131e-05
ENSG00000101811	9.019459962769385e-05
ENSG00000135744	9.015362955980057e-05
ENSG00000116266	9.010424488095596e-05
ENSG00000147873	9.008889396313354e-05
ENSG00000134987	9.006180130075767e-05
ENSG00000138758	9.004925105112235e-05
ENSG00000067334	9.002453059066126e-05
ENSG00000141384	9.001848327472363e-05
ENSG00000130477	9.001823919881274e-05
ENSG00000104613	8.995263910846889e-05
ENSG00000023697	8.993267124812842e-05
ENSG00000134283	8.993037691834582e-05
ENSG00000166228	8.987505268603934e-05
ENSG00000196878	8.987443853091652e-05
ENSG00000160392	8.978123300297907e-05
ENSG00000188641	8.969795634631294e-05
ENSG00000183668	8.969402320164694e-05
ENSG00000172785	8.96909818330505e-05
ENSG00000082516	8.964004410514925e-05
ENSG00000145782	8.962586774032607e-05
ENSG00000150337	8.949539970043656e-05
ENSG00000171735	8.945825725865238e-05
ENSG00000086205	8.9430447104269e-05
ENSG00000151332	8.94070871318857e-05
ENSG00000105793	8.940045095550764e-05
ENSG00000170421	8.93692044391094e-05
ENSG00000124302	8.93666364328485e-05
ENSG00000170322	8.936389353402747e-05
ENSG00000107262	8.935257358086536e-05
ENSG00000129988	8.93274245643721e-05
ENSG00000132703	8.932704570766765e-05
ENSG00000119392	8.930093009438508e-05
ENSG00000009790	8.928826551535611e-05
ENSG00000112877	8.927501403645643e-05
ENSG00000059758	8.923781587143802e-05
ENSG00000106244	8.917913513930251e-05
ENSG00000176014	8.916404179504501e-05
ENSG00000174373	8.906517173217605e-05
ENSG00000149932	8.901096569355468e-05
ENSG00000136634	8.891112835861877e-05
ENSG00000151923	8.88634832190498e-05
ENSG00000101544	8.885001153410233e-05
ENSG00000175324	8.884168067551278e-05
ENSG00000106052	8.88126937285006e-05
ENSG00000152284	8.881202688245182e-05
ENSG00000117481	8.881035280500159e-05
ENSG00000165410	8.879904688041515e-05
ENSG00000162664	8.879539797044522e-05
ENSG00000105483	8.877359720964378e-05
ENSG00000172716	8.876460483896086e-05
ENSG00000105063	8.8750739814511e-05
ENSG00000100311	8.871552031295343e-05
ENSG00000131778	8.866419118652876e-05
ENSG00000172466	8.865754408312353e-05
ENSG00000160299	8.865497297991641e-05
ENSG00000011275	8.8636641044377e-05
ENSG00000112039	8.861511589527755e-05
ENSG00000103037	8.855112456621676e-05
ENSG00000197070	8.855039579031981e-05
ENSG00000130811	8.854224688967515e-05
ENSG00000197111	8.852112042835386e-05
ENSG00000166900	8.850649634164406e-05
ENSG00000131910	8.850286373756612e-05
ENSG00000182963	8.846685243522053e-05
ENSG00000137094	8.845063572303485e-05
ENSG00000282947	8.844171208687402e-05
ENSG00000253293	8.840007611118698e-05
ENSG00000083838	8.839563867331315e-05
ENSG00000169118	8.838523952062766e-05
ENSG00000135775	8.83724073270623e-05
ENSG00000070061	8.833314978488967e-05
ENSG00000151466	8.830994345705415e-05
ENSG00000025434	8.830800095970844e-05
ENSG00000132376	8.830268300569277e-05
ENSG00000125834	8.82896478044056e-05
ENSG00000085760	8.828256858351204e-05
ENSG00000111667	8.826829196572399e-05
ENSG00000213585	8.821752636364955e-05
ENSG00000174444	8.818597415386964e-05
ENSG00000163823	8.811420030067018e-05
ENSG00000116954	8.808752036079608e-05
ENSG00000169194	8.804137644605368e-05
ENSG00000110367	8.800257535149529e-05
ENSG00000034152	8.797979671278456e-05
ENSG00000114487	8.797827547575275e-05
ENSG00000135365	8.797411098882415e-05
ENSG00000066855	8.790006278949453e-05
ENSG00000137161	8.78396172388987e-05
ENSG00000180096	8.779991660480569e-05
ENSG00000119655	8.777804753005655e-05
ENSG00000070501	8.777581910259721e-05
ENSG00000107201	8.77566942239498e-05
ENSG00000241186	8.775493166082511e-05
ENSG00000198771	8.76464353967401e-05
ENSG00000114784	8.762237468710527e-05
ENSG00000288114	8.757487035090667e-05
ENSG00000113638	8.75589426369462e-05
ENSG00000170142	8.754364767577263e-05
ENSG00000116852	8.752511197643476e-05
ENSG00000171877	8.750608749337436e-05
ENSG00000130222	8.750557966160307e-05
ENSG00000186818	8.748614721772863e-05
ENSG00000256269	8.74581045471057e-05
ENSG00000100097	8.745018229884317e-05
ENSG00000186010	8.742323090707705e-05
ENSG00000131931	8.740769889898228e-05
ENSG00000173230	8.739976332522834e-05
ENSG00000147044	8.739949104931134e-05
ENSG00000138768	8.738167563197887e-05
ENSG00000274290	8.736253678292455e-05
ENSG00000217128	8.733281938628252e-05
ENSG00000184270	8.732517202053205e-05
ENSG00000110324	8.727841549891006e-05
ENSG00000136045	8.725432930073154e-05
ENSG00000104756	8.720725635551172e-05
ENSG00000130427	8.719348956518099e-05
ENSG00000103494	8.717598256965458e-05
ENSG00000069345	8.714112674371823e-05
ENSG00000092978	8.710861813618183e-05
ENSG00000056736	8.708415675077762e-05
ENSG00000150455	8.70694169202937e-05
ENSG00000152583	8.706567478563322e-05
ENSG00000074706	8.704247307480298e-05
ENSG00000157111	8.70225721891248e-05
ENSG00000117335	8.700126451598083e-05
ENSG00000143442	8.699357809026877e-05
ENSG00000156873	8.694505597375193e-05
ENSG00000151617	8.694343256496171e-05
ENSG00000171566	8.69357843134437e-05
ENSG00000104689	8.691385423877313e-05
ENSG00000240694	8.689071400474425e-05
ENSG00000181625	8.686205101452458e-05
ENSG00000160688	8.682076884711286e-05
ENSG00000132664	8.679258122185063e-05
ENSG00000173372	8.677380161824676e-05
ENSG00000136628	8.675376026523162e-05
ENSG00000136271	8.668670354096377e-05
ENSG00000136573	8.665845097501322e-05
ENSG00000163159	8.662101201469354e-05
ENSG00000090273	8.662002168707884e-05
ENSG00000169288	8.654986001208608e-05
ENSG00000007202	8.653723350551457e-05
ENSG00000110955	8.653490957236488e-05
ENSG00000165682	8.649605112900672e-05
ENSG00000164690	8.643668418600364e-05
ENSG00000100749	8.641549814370563e-05
ENSG00000088356	8.64081994572414e-05
ENSG00000079385	8.63835003094367e-05
ENSG00000244754	8.637230655453479e-05
ENSG00000138448	8.636141781557795e-05
ENSG00000099308	8.635834599668351e-05
ENSG00000140577	8.631540702519179e-05
ENSG00000170264	8.62733674767302e-05
ENSG00000102858	8.619456828605151e-05
ENSG00000198522	8.616880090002981e-05
ENSG00000021852	8.612641935337133e-05
ENSG00000058056	8.605045862981275e-05
ENSG00000146729	8.604095333282857e-05
ENSG00000123143	8.60250163908894e-05
ENSG00000114098	8.598555007015849e-05
ENSG00000144320	8.59824491828356e-05
ENSG00000167914	8.595321330204947e-05
ENSG00000165584	8.593078089278214e-05
ENSG00000133422	8.59255540671389e-05
ENSG00000164050	8.58900075729295e-05
ENSG00000163832	8.580021851184714e-05
ENSG00000146094	8.579093248576104e-05
ENSG00000181788	8.572477905196813e-05
ENSG00000114125	8.566140871375114e-05
ENSG00000164164	8.566025196128536e-05
ENSG00000165637	8.562889382660046e-05
ENSG00000065675	8.560394365524936e-05
ENSG00000288508	8.559053877705614e-05
ENSG00000127774	8.555632270007266e-05
ENSG00000168077	8.555509916109618e-05
ENSG00000117090	8.551984431083883e-05
ENSG00000070182	8.546043201323322e-05
ENSG00000051108	8.545078922374223e-05
ENSG00000180992	8.54504636464701e-05
ENSG00000168906	8.542996115071322e-05
ENSG00000155657	8.539072175230615e-05
ENSG00000108622	8.538015819542274e-05
ENSG00000139154	8.533457087886232e-05
ENSG00000131788	8.533024221061086e-05
ENSG00000089902	8.532845519274673e-05
ENSG00000114416	8.531578685584595e-05
ENSG00000154975	8.531480741499004e-05
ENSG00000153071	8.531474117748635e-05
ENSG00000119801	8.529507024429458e-05
ENSG00000167671	8.527649923055177e-05
ENSG00000030582	8.527018514877714e-05
ENSG00000106153	8.522464378430604e-05
ENSG00000110013	8.52197737692738e-05
ENSG00000187123	8.520268508909753e-05
ENSG00000112701	8.519680911115664e-05
ENSG00000040341	8.51872759279766e-05
ENSG00000123562	8.518037586954665e-05
ENSG00000152520	8.517011628501307e-05
ENSG00000103723	8.512417516450299e-05
ENSG00000197713	8.509677989784067e-05
ENSG00000048649	8.504377578076063e-05
ENSG00000145741	8.503982729352773e-05
ENSG00000132612	8.503033453875349e-05
ENSG00000186951	8.495383542393749e-05
ENSG00000179335	8.491834630493155e-05
ENSG00000113595	8.48896823627086e-05
ENSG00000198836	8.488757673436522e-05
ENSG00000075420	8.485746869585832e-05
ENSG00000123240	8.485559438022542e-05
ENSG00000149262	8.483743269074807e-05
ENSG00000166821	8.481935236922676e-05
ENSG00000136100	8.480686599795958e-05
ENSG00000154553	8.479027823804128e-05
ENSG00000139746	8.47696817795653e-05
ENSG00000146587	8.473826701147286e-05
ENSG00000112339	8.473823156950425e-05
ENSG00000187109	8.466248227331129e-05
ENSG00000055163	8.463756420412637e-05
ENSG00000122692	8.462217204035258e-05
ENSG00000125656	8.461085969326659e-05
ENSG00000129116	8.460811745476388e-05
ENSG00000187514	8.459391893979387e-05
ENSG00000112195	8.458786307410879e-05
ENSG00000159069	8.454714442024836e-05
ENSG00000241697	8.454684774216469e-05
ENSG00000100023	8.451919086054535e-05
ENSG00000137574	8.451572833572441e-05
ENSG00000227345	8.443525474093063e-05
ENSG00000168813	8.44185968187603e-05
ENSG00000113312	8.427496301273986e-05
ENSG00000110651	8.42204509956728e-05
ENSG00000105392	8.421747856081223e-05
ENSG00000107263	8.416771324856726e-05
ENSG00000143850	8.411849051988297e-05
ENSG00000158485	8.410772333362793e-05
ENSG00000234545	8.405039117012174e-05
ENSG00000155506	8.400380134026078e-05
ENSG00000035141	8.39937628847583e-05
ENSG00000275575	8.397152077316134e-05
ENSG00000130560	8.39571747874392e-05
ENSG00000145388	8.393479883952e-05
ENSG00000002919	8.390878948567514e-05
ENSG00000125482	8.388729305367478e-05
ENSG00000164299	8.385251618183932e-05
ENSG00000173660	8.385048186622328e-05
ENSG00000116754	8.384499444001233e-05
ENSG00000134014	8.383979776966704e-05
ENSG00000196365	8.381823993860959e-05
ENSG00000174437	8.381708634794784e-05
ENSG00000119285	8.38021520312662e-05
ENSG00000111361	8.376486965732754e-05
ENSG00000184436	8.375663391893681e-05
ENSG00000069493	8.36969639751423e-05
ENSG00000126767	8.363920853510367e-05
ENSG00000109103	8.362827940635453e-05
ENSG00000087263	8.362037949285854e-05
ENSG00000136869	8.357273314036983e-05
ENSG00000122786	8.355183887438742e-05
ENSG00000005810	8.353996887299137e-05
ENSG00000179271	8.351576481598023e-05
ENSG00000151779	8.345911036129733e-05
ENSG00000134516	8.34203164701179e-05
ENSG00000134871	8.341004807045899e-05
ENSG00000130348	8.340591189941659e-05
ENSG00000126583	8.338508991897277e-05
ENSG00000165495	8.338041449829905e-05
ENSG00000205420	8.337654436992268e-05
ENSG00000127554	8.337459915030942e-05
ENSG00000269556	8.333218188599472e-05
ENSG00000161677	8.33320986216375e-05
ENSG00000166816	8.329905562906596e-05
ENSG00000138767	8.3287134187539e-05
ENSG00000100591	8.32830594356016e-05
ENSG00000148331	8.325940687705667e-05
ENSG00000116809	8.323519442362378e-05
ENSG00000136560	8.322130569681786e-05
ENSG00000188120	8.320482799520408e-05
ENSG00000008128	8.316395023961058e-05
ENSG00000166736	8.315355933828255e-05
ENSG00000239789	8.314157694408453e-05
ENSG00000039650	8.313724831286661e-05
ENSG00000165863	8.313535207375903e-05
ENSG00000132639	8.312255916029121e-05
ENSG00000180901	8.311584145638484e-05
ENSG00000118873	8.307160818201226e-05
ENSG00000106617	8.300095767580904e-05
ENSG00000160716	8.293687827666738e-05
ENSG00000091622	8.291104616810708e-05
ENSG00000247315	8.289998720425188e-05
ENSG00000197114	8.288746331323902e-05
ENSG00000163530	8.285613383800424e-05
ENSG00000124193	8.27984751823463e-05
ENSG00000082014	8.279213885263598e-05
ENSG00000175065	8.274637901793448e-05
ENSG00000261371	8.273102878248355e-05
ENSG00000134640	8.272081433265997e-05
ENSG00000165821	8.271357138592705e-05
ENSG00000100353	8.270740817651325e-05
ENSG00000103510	8.267129629161546e-05
ENSG00000285049	8.253707414543817e-05
ENSG00000148411	8.249236122386492e-05
ENSG00000081014	8.244713950882347e-05
ENSG00000179262	8.239622906375333e-05
ENSG00000164897	8.238938028309267e-05
ENSG00000166024	8.235551375386919e-05
ENSG00000156113	8.235113319752839e-05
ENSG00000143256	8.232525888773357e-05
ENSG00000121390	8.232185322056325e-05
ENSG00000142599	8.231060184583919e-05
ENSG00000065000	8.230438290040808e-05
ENSG00000135346	8.227678678523281e-05
ENSG00000038219	8.226391912643164e-05
ENSG00000282905	8.2240243407629e-05
ENSG00000066027	8.223155797527049e-05
ENSG00000084110	8.215555309151676e-05
ENSG00000095787	8.214044148375409e-05
ENSG00000171311	8.2138030324852e-05
ENSG00000141522	8.21225248396034e-05
ENSG00000134215	8.209648726203708e-05
ENSG00000168564	8.209517272969735e-05
ENSG00000130640	8.208925824399538e-05
ENSG00000134962	8.200701245991659e-05
ENSG00000282844	8.199025998833657e-05
ENSG00000173546	8.196474588923055e-05
ENSG00000011132	8.195888438103769e-05
ENSG00000163510	8.191691345832431e-05
ENSG00000240592	8.187615077333318e-05
ENSG00000187672	8.184966358254061e-05
ENSG00000136878	8.17907136915621e-05
ENSG00000075884	8.176532107911859e-05
ENSG00000115241	8.173731413211619e-05
ENSG00000196776	8.171810824631257e-05
ENSG00000084652	8.170656371711832e-05
ENSG00000100055	8.170562059055085e-05
ENSG00000052723	8.16947800629681e-05
ENSG00000125484	8.168876961539845e-05
ENSG00000108306	8.168325281067479e-05
ENSG00000187713	8.164092858807392e-05
ENSG00000111664	8.161894344095277e-05
ENSG00000111790	8.159776603599295e-05
ENSG00000126254	8.159571479322901e-05
ENSG00000170989	8.159023923864781e-05
ENSG00000005156	8.158273298299944e-05
ENSG00000167984	8.157195550445863e-05
ENSG00000071537	8.156025873965194e-05
ENSG00000169248	8.155100611002184e-05
ENSG00000114491	8.154979984250022e-05
ENSG00000164167	8.154511572894455e-05
ENSG00000132463	8.153702351487084e-05
ENSG00000276293	8.142236938297657e-05
ENSG00000173011	8.140540835802402e-05
ENSG00000161847	8.13675113927861e-05
ENSG00000197451	8.136067074343708e-05
ENSG00000177954	8.13601827841567e-05
ENSG00000178952	8.133372966579433e-05
ENSG00000196313	8.130987682229843e-05
ENSG00000158270	8.127427452710941e-05
ENSG00000100280	8.125130011847784e-05
ENSG00000041802	8.119857227744312e-05
ENSG00000272886	8.118246356099254e-05
ENSG00000004948	8.116502085597564e-05
ENSG00000157077	8.114930784695753e-05
ENSG00000124209	8.114605421475485e-05
ENSG00000112659	8.114329508657282e-05
ENSG00000172061	8.108817501312035e-05
ENSG00000187522	8.105636938201359e-05
ENSG00000168876	8.104977558798261e-05
ENSG00000117625	8.102785610115947e-05
ENSG00000156711	8.100820806524294e-05
ENSG00000177192	8.099472235671815e-05
ENSG00000215269	8.09941850683764e-05
ENSG00000132670	8.096028657318223e-05
ENSG00000065534	8.095675160305924e-05
ENSG00000127483	8.089913407075402e-05
ENSG00000277258	8.087200199519126e-05
ENSG00000285178	8.086224095738763e-05
ENSG00000144021	8.081111745357635e-05
ENSG00000164068	8.079756440764483e-05
ENSG00000282853	8.0765559947698e-05
ENSG00000114698	8.076236973934321e-05
ENSG00000166181	8.07168597117009e-05
ENSG00000230336	8.065177292407251e-05
ENSG00000277263	8.06479994052199e-05
ENSG00000165471	8.064617477575152e-05
ENSG00000135338	8.063675356812074e-05
ENSG00000203747	8.0632156408437e-05
ENSG00000184954	8.062164393858653e-05
ENSG00000111786	8.061922004834316e-05
ENSG00000167306	8.058880720560166e-05
ENSG00000182087	8.053969429174317e-05
ENSG00000139579	8.05323027343958e-05
ENSG00000079689	8.051969204026427e-05
ENSG00000152240	8.048528286847106e-05
ENSG00000125743	8.04763908995179e-05
ENSG00000182628	8.046229530053934e-05
ENSG00000186652	8.046210998072168e-05
ENSG00000064419	8.046184509768622e-05
ENSG00000223443	8.042798409731039e-05
ENSG00000114744	8.042489045657381e-05
ENSG00000168621	8.035684759060613e-05
ENSG00000006116	8.032790699119721e-05
ENSG00000214078	8.02466063320569e-05
ENSG00000007944	8.015451907883821e-05
ENSG00000131828	7.995778305436554e-05
ENSG00000167123	7.995046291312436e-05
ENSG00000145220	7.99477480591535e-05
ENSG00000164107	7.993623920609123e-05
ENSG00000116833	7.992665112762031e-05
ENSG00000077157	7.991226102295002e-05
ENSG00000166484	7.988923598244418e-05
ENSG00000158717	7.98785193665508e-05
ENSG00000035687	7.987158281428005e-05
ENSG00000138107	7.985831305884224e-05
ENSG00000161692	7.985564723479229e-05
ENSG00000183434	7.985216159184522e-05
ENSG00000066777	7.98116285617164e-05
ENSG00000062598	7.980499632193638e-05
ENSG00000144935	7.970472941904095e-05
ENSG00000182326	7.969413105524218e-05
ENSG00000131871	7.96453430266854e-05
ENSG00000129534	7.963800106107444e-05
ENSG00000175467	7.963328870326861e-05
ENSG00000109471	7.960395915062403e-05
ENSG00000164171	7.955654443181584e-05
ENSG00000104904	7.953905947922393e-05
ENSG00000143278	7.945082979750114e-05
ENSG00000142002	7.944878686808347e-05
ENSG00000183020	7.940295513644235e-05
ENSG00000137504	7.939080216249876e-05
ENSG00000139174	7.938849064016425e-05
ENSG00000003402	7.933292088002675e-05
ENSG00000241973	7.929926624724406e-05
ENSG00000100138	7.926357312643405e-05
ENSG00000144635	7.926285265319927e-05
ENSG00000177051	7.925695207739618e-05
ENSG00000138696	7.925163629385395e-05
ENSG00000128564	7.924652996889062e-05
ENSG00000086232	7.92450301951447e-05
ENSG00000088833	7.924407148317375e-05
ENSG00000182557	7.923879724435012e-05
ENSG00000076053	7.922880915121948e-05
ENSG00000254535	7.921233258215427e-05
ENSG00000070808	7.917305741258277e-05
ENSG00000117595	7.917213729914912e-05
ENSG00000137100	7.908540363906365e-05
ENSG00000122257	7.908506713470573e-05
ENSG00000111348	7.904489791635154e-05
ENSG00000154319	7.903287948508374e-05
ENSG00000037749	7.89816977885034e-05
ENSG00000174606	7.897922674344129e-05
ENSG00000164610	7.897770840451352e-05
ENSG00000157131	7.896357480967239e-05
ENSG00000146414	7.89201204603324e-05
ENSG00000130347	7.891617254032915e-05
ENSG00000064995	7.890766151297238e-05
ENSG00000127334	7.88909355809986e-05
ENSG00000120756	7.887358525272679e-05
ENSG00000187955	7.885508416607849e-05
ENSG00000198242	7.877424176557909e-05
ENSG00000197217	7.875609604990147e-05
ENSG00000090316	7.875311105235825e-05
ENSG00000055957	7.873407684045729e-05
ENSG00000108010	7.871238684278776e-05
ENSG00000004779	7.86530807516336e-05
ENSG00000102738	7.863755482641741e-05
ENSG00000100422	7.85831499605141e-05
ENSG00000215114	7.857579077461621e-05
ENSG00000109066	7.854431608013319e-05
ENSG00000163867	7.854159118734026e-05
ENSG00000107130	7.848344812528136e-05
ENSG00000115993	7.84675403841445e-05
ENSG00000176406	7.844994218984003e-05
ENSG00000073861	7.843735286579224e-05
ENSG00000123338	7.842729388331677e-05
ENSG00000130528	7.84077293108633e-05
ENSG00000117523	7.839506384764073e-05
ENSG00000145362	7.836339091898015e-05
ENSG00000099910	7.828060368892235e-05
ENSG00000182173	7.826870413322891e-05
ENSG00000132591	7.826275234099459e-05
ENSG00000132313	7.824832239450314e-05
ENSG00000026508	7.82212707682189e-05
ENSG00000184226	7.819832697583489e-05
ENSG00000127463	7.819583524716134e-05
ENSG00000118971	7.81162691771985e-05
ENSG00000137656	7.80933804678655e-05
ENSG00000007923	7.799876830410231e-05
ENSG00000132952	7.798672041910363e-05
ENSG00000185414	7.796168733792004e-05
ENSG00000278619	7.795530946686753e-05
ENSG00000221978	7.794943793906939e-05
ENSG00000125810	7.792949853544172e-05
ENSG00000100823	7.790245780676304e-05
ENSG00000166086	7.787130415446333e-05
ENSG00000185246	7.785400258890717e-05
ENSG00000161638	7.784265073949108e-05
ENSG00000084090	7.7833718036017e-05
ENSG00000152137	7.783300053474781e-05
ENSG00000150760	7.781797124404324e-05
ENSG00000157593	7.778791762488957e-05
ENSG00000091039	7.773356200382543e-05
ENSG00000273899	7.772774055103688e-05
ENSG00000167613	7.770544623549571e-05
ENSG00000176890	7.770216292541728e-05
ENSG00000158850	7.769071242800385e-05
ENSG00000274233	7.767875896333367e-05
ENSG00000116161	7.767558389970026e-05
ENSG00000203867	7.76506663506983e-05
ENSG00000164134	7.763272114693053e-05
ENSG00000185252	7.762224572612503e-05
ENSG00000164778	7.759198995125249e-05
ENSG00000122068	7.759167789278457e-05
ENSG00000130479	7.756308871739899e-05
ENSG00000099399	7.750181878765641e-05
ENSG00000183091	7.749956438830056e-05
ENSG00000169689	7.744771924586997e-05
ENSG00000131238	7.743700147659331e-05
ENSG00000101343	7.743135824653256e-05
ENSG00000134389	7.742020376812489e-05
ENSG00000137074	7.741797998642887e-05
ENSG00000101188	7.740669827073248e-05
ENSG00000169946	7.740226020831137e-05
ENSG00000133937	7.740102854428046e-05
ENSG00000197275	7.732517089133107e-05
ENSG00000000938	7.729563344791245e-05
ENSG00000101216	7.727740115423278e-05
ENSG00000156076	7.726425438137627e-05
ENSG00000086200	7.722974406778406e-05
ENSG00000111057	7.71908659316894e-05
ENSG00000090376	7.718896833146352e-05
ENSG00000177150	7.71844924657315e-05
ENSG00000136925	7.715374997261042e-05
ENSG00000102245	7.713011883079354e-05
ENSG00000244038	7.705608228574204e-05
ENSG00000166164	7.702900924950634e-05
ENSG00000164081	7.70191777209621e-05
ENSG00000124177	7.694484351532325e-05
ENSG00000004939	7.69423357972338e-05
ENSG00000181847	7.693621846112587e-05
ENSG00000120254	7.693436073081763e-05
ENSG00000138069	7.690954595446009e-05
ENSG00000188783	7.68853164547113e-05
ENSG00000164104	7.688515931209724e-05
ENSG00000160447	7.688291480810836e-05
ENSG00000163798	7.687849205643309e-05
ENSG00000131263	7.685584856848318e-05
ENSG00000149380	7.682240769463497e-05
ENSG00000221867	7.681841534589476e-05
ENSG00000186635	7.681594651821644e-05
ENSG00000174996	7.681086607135765e-05
ENSG00000097033	7.679990984857087e-05
ENSG00000167754	7.679427885482292e-05
ENSG00000003436	7.6777467038358e-05
ENSG00000101017	7.673771155155083e-05
ENSG00000104980	7.673101033325086e-05
ENSG00000165905	7.670615704253911e-05
ENSG00000128573	7.669363453535596e-05
ENSG00000137834	7.667199039732681e-05
ENSG00000160803	7.665825122072194e-05
ENSG00000172053	7.663171731689643e-05
ENSG00000149294	7.65568156386581e-05
ENSG00000196659	7.654645228340095e-05
ENSG00000049323	7.653117721149572e-05
ENSG00000155660	7.652975498600652e-05
ENSG00000123609	7.650139723095461e-05
ENSG00000143337	7.648818656106854e-05
ENSG00000213397	7.647300529312557e-05
ENSG00000188419	7.647134676564615e-05
ENSG00000130706	7.645523835772246e-05
ENSG00000198300	7.639587158125898e-05
ENSG00000172348	7.63600846618701e-05
ENSG00000042088	7.633196364652195e-05
ENSG00000159873	7.63101565359262e-05
ENSG00000080561	7.630392707152716e-05
ENSG00000174013	7.627442684720717e-05
ENSG00000158887	7.627429473087037e-05
ENSG00000152102	7.619948258246724e-05
ENSG00000105409	7.619076023537574e-05
ENSG00000004059	7.61443562519812e-05
ENSG00000006638	7.61414541334531e-05
ENSG00000182871	7.613589623819007e-05
ENSG00000143258	7.613112748356805e-05
ENSG00000164197	7.611050666433278e-05
ENSG00000254986	7.608191402264962e-05
ENSG00000162236	7.607911087562417e-05
ENSG00000145349	7.605395672931308e-05
ENSG00000143171	7.605221813462857e-05
ENSG00000151461	7.601590013559372e-05
ENSG00000119401	7.600773554276848e-05
ENSG00000101082	7.600061081820858e-05
ENSG00000106689	7.595629448520458e-05
ENSG00000198954	7.594286357198688e-05
ENSG00000081386	7.593699859357792e-05
ENSG00000159720	7.591466345299218e-05
ENSG00000122223	7.584267995781723e-05
ENSG00000112038	7.580225423236731e-05
ENSG00000158796	7.579389457361181e-05
ENSG00000126882	7.578710481815132e-05
ENSG00000102901	7.576808492738904e-05
ENSG00000107341	7.575184255586096e-05
ENSG00000012061	7.573310301145484e-05
ENSG00000052841	7.570942302914427e-05
ENSG00000162889	7.570838713736789e-05
ENSG00000111880	7.570611023628991e-05
ENSG00000121570	7.568204620168575e-05
ENSG00000239672	7.567318335817908e-05
ENSG00000168397	7.56681519486271e-05
ENSG00000110931	7.565898524373175e-05
ENSG00000135801	7.56360555626356e-05
ENSG00000025156	7.561441983962102e-05
ENSG00000068400	7.556167575916028e-05
ENSG00000205356	7.554989015343597e-05
ENSG00000103326	7.55490623589822e-05
ENSG00000038274	7.551244302679101e-05
ENSG00000162419	7.550355950356164e-05
ENSG00000026950	7.548846944741163e-05
ENSG00000131475	7.548745383813204e-05
ENSG00000173611	7.54722971072556e-05
ENSG00000134453	7.546023409141671e-05
ENSG00000130881	7.54526903927074e-05
ENSG00000213265	7.542387726190223e-05
ENSG00000135040	7.542373635045114e-05
ENSG00000276561	7.540665183770073e-05
ENSG00000115355	7.540439476355702e-05
ENSG00000148153	7.539867084293705e-05
ENSG00000165197	7.53634616670065e-05
ENSG00000104064	7.534240294254092e-05
ENSG00000163519	7.530271235784631e-05
ENSG00000163950	7.528951678841572e-05
ENSG00000118785	7.527554993818287e-05
ENSG00000085265	7.526971032953526e-05
ENSG00000184260	7.526780114417343e-05
ENSG00000118257	7.524397634022408e-05
ENSG00000117266	7.520730067337486e-05
ENSG00000116641	7.520685657084111e-05
ENSG00000114013	7.519884190791008e-05
ENSG00000103051	7.519439843830542e-05
ENSG00000113845	7.510814574316415e-05
ENSG00000229381	7.510533818464474e-05
ENSG00000147099	7.510339422190278e-05
ENSG00000160959	7.51020861470109e-05
ENSG00000124222	7.509937450264625e-05
ENSG00000271601	7.508994371523413e-05
ENSG00000143742	7.50761078124741e-05
ENSG00000110497	7.506037619182235e-05
ENSG00000143155	7.504319847243404e-05
ENSG00000130307	7.504314460684552e-05
ENSG00000164597	7.503435125240269e-05
ENSG00000103160	7.50262367231262e-05
ENSG00000091157	7.501802367024592e-05
ENSG00000148180	7.501532892593368e-05
ENSG00000141385	7.495076795342224e-05
ENSG00000100991	7.481115247574465e-05
ENSG00000198001	7.47691219378508e-05
ENSG00000033030	7.475595790578751e-05
ENSG00000164303	7.474632999729711e-05
ENSG00000163125	7.467455819494487e-05
ENSG00000188404	7.467190953427268e-05
ENSG00000170624	7.466573670466951e-05
ENSG00000198467	7.466404898141024e-05
ENSG00000106591	7.463865133927115e-05
ENSG00000128408	7.460546110566244e-05
ENSG00000197958	7.459618749533998e-05
ENSG00000164062	7.457965611757549e-05
ENSG00000108984	7.453416711740976e-05
ENSG00000165966	7.45299915091023e-05
ENSG00000156931	7.452144433062653e-05
ENSG00000086598	7.451415246773821e-05
ENSG00000048405	7.448953507563512e-05
ENSG00000125775	7.448473101391119e-05
ENSG00000151292	7.448238055306617e-05
ENSG00000106852	7.445020430287416e-05
ENSG00000180357	7.442915573996674e-05
ENSG00000064199	7.437869058232132e-05
ENSG00000078902	7.433850272513418e-05
ENSG00000162624	7.431400119498094e-05
ENSG00000176101	7.430940162649082e-05
ENSG00000148943	7.430540082074553e-05
ENSG00000131470	7.42962100160961e-05
ENSG00000108309	7.428548953474503e-05
ENSG00000106333	7.416324646977042e-05
ENSG00000115762	7.415044036016348e-05
ENSG00000076706	7.411993522474954e-05
ENSG00000157741	7.411278736290525e-05
ENSG00000178913	7.408947290548889e-05
ENSG00000119138	7.407956954988098e-05
ENSG00000143870	7.407138351161697e-05
ENSG00000186468	7.406849260916155e-05
ENSG00000096070	7.40559053420126e-05
ENSG00000113441	7.405144665892072e-05
ENSG00000111328	7.403996911339111e-05
ENSG00000121653	7.403185370291149e-05
ENSG00000105879	7.401237657517422e-05
ENSG00000064309	7.400098756197092e-05
ENSG00000161955	7.399117863864038e-05
ENSG00000087470	7.393972574837821e-05
ENSG00000048740	7.393815895362329e-05
ENSG00000168286	7.39354396926182e-05
ENSG00000189114	7.393311501763417e-05
ENSG00000138433	7.390169873277622e-05
ENSG00000185236	7.387121577359581e-05
ENSG00000106804	7.377970016271692e-05
ENSG00000139116	7.3733423445097e-05
ENSG00000112186	7.370340014160295e-05
ENSG00000015171	7.369316354042269e-05
ENSG00000072315	7.36268865406993e-05
ENSG00000167210	7.359079876259906e-05
ENSG00000129910	7.35643788638261e-05
ENSG00000123329	7.3557720950777e-05
ENSG00000198824	7.355525767589047e-05
ENSG00000136732	7.3550040984932e-05
ENSG00000285048	7.354126978811178e-05
ENSG00000005100	7.353358938489574e-05
ENSG00000172243	7.353107925332059e-05
ENSG00000132603	7.350202900690417e-05
ENSG00000156475	7.349713656680384e-05
ENSG00000158445	7.343201935880205e-05
ENSG00000081059	7.342430446526727e-05
ENSG00000106246	7.340416308041555e-05
ENSG00000138964	7.340399733537522e-05
ENSG00000162992	7.338873023858848e-05
ENSG00000182504	7.33755931896075e-05
ENSG00000157017	7.33508817512992e-05
ENSG00000109062	7.332183939466623e-05
ENSG00000111641	7.331935829031634e-05
ENSG00000196730	7.329131242167585e-05
ENSG00000241553	7.328662713427266e-05
ENSG00000176095	7.325753408315465e-05
ENSG00000183291	7.319923303280693e-05
ENSG00000096746	7.319569306149523e-05
ENSG00000177169	7.317462436169913e-05
ENSG00000168488	7.316687174387851e-05
ENSG00000162704	7.315248241491857e-05
ENSG00000106245	7.313723572610271e-05
ENSG00000071205	7.313235977254382e-05
ENSG00000139990	7.31093650811627e-05
ENSG00000119231	7.306596606779808e-05
ENSG00000175334	7.305581581450646e-05
ENSG00000153317	7.300091850655596e-05
ENSG00000112367	7.298987929283298e-05
ENSG00000109061	7.297329770418324e-05
ENSG00000138744	7.292949084998615e-05
ENSG00000132688	7.292180787270022e-05
ENSG00000281614	7.290072908131538e-05
ENSG00000063046	7.288412739455847e-05
ENSG00000004142	7.287626543019261e-05
ENSG00000163214	7.287606430752821e-05
ENSG00000162851	7.284487337395108e-05
ENSG00000106948	7.279549781123342e-05
ENSG00000155849	7.278478651479024e-05
ENSG00000179934	7.278164063856725e-05
ENSG00000204130	7.273210736718866e-05
ENSG00000285339	7.270638439930315e-05
ENSG00000118898	7.268503815671067e-05
ENSG00000119787	7.258160902535462e-05
ENSG00000180806	7.257394595135597e-05
ENSG00000183715	7.257171770177599e-05
ENSG00000136274	7.254578658637361e-05
ENSG00000100426	7.25182657994007e-05
ENSG00000125851	7.244715752334855e-05
ENSG00000125247	7.239300430949205e-05
ENSG00000034971	7.238999657058316e-05
ENSG00000144034	7.236979952152865e-05
ENSG00000185420	7.231465595916634e-05
ENSG00000105649	7.225637308261545e-05
ENSG00000150459	7.223566216649252e-05
ENSG00000155975	7.222862785228901e-05
ENSG00000145321	7.222857499322098e-05
ENSG00000175482	7.221782160611847e-05
ENSG00000188219	7.221171464850703e-05
ENSG00000095139	7.218056409712499e-05
ENSG00000108518	7.21761931952855e-05
ENSG00000103995	7.217424113018005e-05
ENSG00000198060	7.21537043964048e-05
ENSG00000149970	7.215328330378611e-05
ENSG00000102103	7.212774215312287e-05
ENSG00000198056	7.207251450661842e-05
ENSG00000125901	7.207079694638227e-05
ENSG00000102781	7.202666943362e-05
ENSG00000010256	7.19446559682391e-05
ENSG00000168421	7.19431082555572e-05
ENSG00000228913	7.19295232737572e-05
ENSG00000144824	7.192852013389889e-05
ENSG00000072195	7.191788237443105e-05
ENSG00000005022	7.190264878846148e-05
ENSG00000130827	7.189501729511181e-05
ENSG00000120656	7.182592867378612e-05
ENSG00000128242	7.181390787048515e-05
ENSG00000109381	7.170647656462047e-05
ENSG00000153339	7.170265540237754e-05
ENSG00000160883	7.166177417436034e-05
ENSG00000143373	7.164981804144545e-05
ENSG00000213672	7.15974248715376e-05
ENSG00000142655	7.157764091023205e-05
ENSG00000102081	7.157130698344939e-05
ENSG00000008988	7.149246490559925e-05
ENSG00000075673	7.148911030221866e-05
ENSG00000172667	7.145068587951103e-05
ENSG00000137692	7.143100354314531e-05
ENSG00000099624	7.139561935963148e-05
ENSG00000072210	7.139050663055715e-05
ENSG00000177646	7.138700690777694e-05
ENSG00000116871	7.138246642553951e-05
ENSG00000196557	7.134466607852598e-05
ENSG00000132109	7.133619702403e-05
ENSG00000107938	7.132691596012716e-05
ENSG00000151148	7.132603960524838e-05
ENSG00000155329	7.130367737535071e-05
ENSG00000004776	7.130360485639181e-05
ENSG00000136940	7.124363501588777e-05
ENSG00000168944	7.123241210829169e-05
ENSG00000162599	7.120989702632212e-05
ENSG00000144791	7.120636034799666e-05
ENSG00000056586	7.120110109015148e-05
ENSG00000176407	7.119238829626287e-05
ENSG00000083750	7.119154927045527e-05
ENSG00000150637	7.115787051533164e-05
ENSG00000134460	7.113480773169261e-05
ENSG00000132386	7.112378946172366e-05
ENSG00000104368	7.108610661439016e-05
ENSG00000119314	7.106398522129919e-05
ENSG00000143632	7.100172987319006e-05
ENSG00000163904	7.096970776815701e-05
ENSG00000048544	7.09243440501529e-05
ENSG00000160712	7.09215449889518e-05
ENSG00000213160	7.092017572374672e-05
ENSG00000112276	7.087722174182838e-05
ENSG00000166813	7.084954106019778e-05
ENSG00000119638	7.084904214828897e-05
ENSG00000101150	7.082617745362188e-05
ENSG00000164880	7.082615427186269e-05
ENSG00000182308	7.080169958763576e-05
ENSG00000125503	7.079198467432361e-05
ENSG00000111671	7.076669790914152e-05
ENSG00000129173	7.076425940486166e-05
ENSG00000092208	7.076328819283731e-05
ENSG00000133706	7.073908065526297e-05
ENSG00000011451	7.073547523306174e-05
ENSG00000120075	7.071543134760285e-05
ENSG00000161036	7.067735531943474e-05
ENSG00000162739	7.065518941084768e-05
ENSG00000261701	7.064790444246195e-05
ENSG00000100678	7.063988800923854e-05
ENSG00000196611	7.06387012353631e-05
ENSG00000177600	7.060077099188196e-05
ENSG00000067225	7.06006152620921e-05
ENSG00000123975	7.057850844087863e-05
ENSG00000196792	7.05692283030244e-05
ENSG00000086712	7.056576392478649e-05
ENSG00000155827	7.056326650424613e-05
ENSG00000142347	7.055979210181545e-05
ENSG00000066056	7.055290180863307e-05
ENSG00000111704	7.053444635951395e-05
ENSG00000007312	7.052606301607796e-05
ENSG00000162542	7.052138713841702e-05
ENSG00000100379	7.047852642750024e-05
ENSG00000233816	7.047301404286645e-05
ENSG00000125386	7.043500836177807e-05
ENSG00000196586	7.04048524226785e-05
ENSG00000146872	7.03933969325331e-05
ENSG00000077800	7.037316053492396e-05
ENSG00000160218	7.035409730526653e-05
ENSG00000138759	7.026156324183941e-05
ENSG00000175084	7.023503469650945e-05
ENSG00000167112	7.018131588541246e-05
ENSG00000130703	7.016020916775485e-05
ENSG00000079387	7.015824469394416e-05
ENSG00000166265	7.012137339123825e-05
ENSG00000083812	7.01067584071796e-05
ENSG00000058085	7.009456099183504e-05
ENSG00000111231	7.006843938752935e-05
ENSG00000111237	7.006124476899001e-05
ENSG00000161960	7.005964140576398e-05
ENSG00000164346	7.004324665573454e-05
ENSG00000070882	7.002623625049429e-05
ENSG00000135823	7.000332660582142e-05
ENSG00000116586	6.999508658170427e-05
ENSG00000163625	6.998463416511441e-05
ENSG00000120699	6.994436862350601e-05
ENSG00000144395	6.993968253842482e-05
ENSG00000116350	6.993079916470535e-05
ENSG00000163466	6.987320476950613e-05
ENSG00000104960	6.985701048810777e-05
ENSG00000173674	6.98500088485729e-05
ENSG00000230624	6.982749478265843e-05
ENSG00000088832	6.980806701719643e-05
ENSG00000122133	6.979940366996373e-05
ENSG00000109101	6.97841504110861e-05
ENSG00000166794	6.977667492544838e-05
ENSG00000130764	6.976486763861055e-05
ENSG00000116288	6.97512853612431e-05
ENSG00000167751	6.972853244920671e-05
ENSG00000137776	6.96628590996117e-05
ENSG00000196422	6.965930971913995e-05
ENSG00000177917	6.964114985481843e-05
ENSG00000144712	6.961908902936821e-05
ENSG00000168615	6.957213241770091e-05
ENSG00000174886	6.956567118573902e-05
ENSG00000108465	6.956422792372472e-05
ENSG00000154767	6.955052927100236e-05
ENSG00000115365	6.954453650274335e-05
ENSG00000163171	6.954073497067064e-05
ENSG00000144891	6.95274257382711e-05
ENSG00000164611	6.949657686736356e-05
ENSG00000114547	6.946483623326383e-05
ENSG00000131148	6.944704928300381e-05
ENSG00000126545	6.942842052567102e-05
ENSG00000184330	6.942744247341194e-05
ENSG00000159579	6.942384910823163e-05
ENSG00000177842	6.941354970163669e-05
ENSG00000095981	6.939444796814475e-05
ENSG00000123570	6.936842098027335e-05
ENSG00000120158	6.934784155277416e-05
ENSG00000168438	6.933937770563831e-05
ENSG00000100211	6.932257846551603e-05
ENSG00000130414	6.926917048346443e-05
ENSG00000104611	6.926304942309142e-05
ENSG00000173198	6.924910848913932e-05
ENSG00000114423	6.920238065696568e-05
ENSG00000117139	6.918047604411337e-05
ENSG00000125510	6.916164032027849e-05
ENSG00000136827	6.912913524327258e-05
ENSG00000198258	6.911836479757848e-05
ENSG00000140463	6.910373510406141e-05
ENSG00000171824	6.909869475504864e-05
ENSG00000152409	6.909567179443405e-05
ENSG00000147789	6.905277304669158e-05
ENSG00000164867	6.905170677459352e-05
ENSG00000275565	6.902735925395538e-05
ENSG00000171132	6.901265957018628e-05
ENSG00000162734	6.89800341204812e-05
ENSG00000135698	6.897324959604498e-05
ENSG00000198610	6.897308557522748e-05
ENSG00000003989	6.895739360538424e-05
ENSG00000155876	6.888218838092166e-05
ENSG00000121210	6.888141674646825e-05
ENSG00000237508	6.876209174716992e-05
ENSG00000155926	6.873091784097789e-05
ENSG00000117697	6.870290741348378e-05
ENSG00000011523	6.86945413509288e-05
ENSG00000149115	6.86934091844151e-05
ENSG00000137513	6.864738416737122e-05
ENSG00000184677	6.864724123818826e-05
ENSG00000147416	6.864079515021091e-05
ENSG00000163961	6.863446025261097e-05
ENSG00000173517	6.862931840959151e-05
ENSG00000090863	6.861277366988124e-05
ENSG00000164187	6.856328683637613e-05
ENSG00000102572	6.854855037334028e-05
ENSG00000143878	6.85398478112519e-05
ENSG00000006712	6.851871494450328e-05
ENSG00000171051	6.850056393310896e-05
ENSG00000141759	6.849237820430385e-05
ENSG00000010404	6.848783813538452e-05
ENSG00000169439	6.844957886114057e-05
ENSG00000122367	6.842706044744086e-05
ENSG00000116663	6.842236507181513e-05
ENSG00000058262	6.838349796802525e-05
ENSG00000037474	6.833894972280127e-05
ENSG00000188257	6.831965269763943e-05
ENSG00000122180	6.825228600975482e-05
ENSG00000161179	6.824649315240926e-05
ENSG00000108510	6.823722573306275e-05
ENSG00000162702	6.821340321553601e-05
ENSG00000157303	6.821163583685887e-05
ENSG00000196704	6.819603889664554e-05
ENSG00000119013	6.814929572667741e-05
ENSG00000144355	6.814676098318403e-05
ENSG00000141084	6.813338421583582e-05
ENSG00000128609	6.813326000701991e-05
ENSG00000127527	6.812920120263779e-05
ENSG00000261221	6.811910728569692e-05
ENSG00000198000	6.810271330858985e-05
ENSG00000172057	6.807549897198911e-05
ENSG00000144668	6.806177158832102e-05
ENSG00000100014	6.804824529797826e-05
ENSG00000154380	6.803528205722233e-05
ENSG00000118407	6.795909344861711e-05
ENSG00000114520	6.791873306677544e-05
ENSG00000141506	6.790811466687662e-05
ENSG00000013725	6.788311583321047e-05
ENSG00000150672	6.788205603572932e-05
ENSG00000145087	6.78228119535115e-05
ENSG00000090470	6.780501575381776e-05
ENSG00000153283	6.77675151458334e-05
ENSG00000140379	6.774570544062162e-05
ENSG00000110344	6.769645790272049e-05
ENSG00000002834	6.76353943048757e-05
ENSG00000162601	6.762167021986521e-05
ENSG00000164105	6.7620245122662e-05
ENSG00000183856	6.759464752421336e-05
ENSG00000103449	6.757659703151992e-05
ENSG00000121966	6.752098300582961e-05
ENSG00000122870	6.751032813355114e-05
ENSG00000118579	6.747230673585882e-05
ENSG00000020426	6.744572654263172e-05
ENSG00000106144	6.742671158953435e-05
ENSG00000111775	6.73955608713381e-05
ENSG00000131408	6.735607639679831e-05
ENSG00000196233	6.733979116786205e-05
ENSG00000277079	6.73395568426412e-05
ENSG00000149591	6.733908962933896e-05
ENSG00000137814	6.728169352288e-05
ENSG00000154310	6.727327254870782e-05
ENSG00000266094	6.726600755821037e-05
ENSG00000111669	6.725008685366855e-05
ENSG00000146006	6.722664107912434e-05
ENSG00000178363	6.722366250415238e-05
ENSG00000073536	6.72001156671456e-05
ENSG00000066654	6.719278283480535e-05
ENSG00000163938	6.718538288009044e-05
ENSG00000027869	6.716471565105042e-05
ENSG00000228083	6.715928646305738e-05
ENSG00000143418	6.714683339471619e-05
ENSG00000111859	6.714293117328918e-05
ENSG00000170348	6.709843896138506e-05
ENSG00000103199	6.708486997021553e-05
ENSG00000169508	6.706810666899555e-05
ENSG00000155393	6.705454933502751e-05
ENSG00000129946	6.705229020497563e-05
ENSG00000048140	6.704973713710623e-05
ENSG00000130287	6.704630075664682e-05
ENSG00000135336	6.702948720185835e-05
ENSG00000062485	6.701787733008098e-05
ENSG00000164758	6.69778887826529e-05
ENSG00000099991	6.696438738828033e-05
ENSG00000138303	6.690706312804037e-05
ENSG00000147432	6.690453692800997e-05
ENSG00000076826	6.690282998483545e-05
ENSG00000038945	6.686365791712977e-05
ENSG00000163520	6.685714931470342e-05
ENSG00000288210	6.684644188317822e-05
ENSG00000002822	6.681583065429208e-05
ENSG00000062194	6.679055457415402e-05
ENSG00000152430	6.67803801227804e-05
ENSG00000048028	6.676646976775919e-05
ENSG00000161513	6.676524386566971e-05
ENSG00000167994	6.671628626741895e-05
ENSG00000060069	6.670099168945543e-05
ENSG00000084072	6.668561145734372e-05
ENSG00000057608	6.664598358424806e-05
ENSG00000149596	6.663882790847314e-05
ENSG00000134970	6.66153644643297e-05
ENSG00000138032	6.661212749950613e-05
ENSG00000266173	6.65864323940471e-05
ENSG00000100139	6.65776533274279e-05
ENSG00000150510	6.656779805748143e-05
ENSG00000160563	6.655458225045815e-05
ENSG00000151090	6.654928755024893e-05
ENSG00000288299	6.652455352922673e-05
ENSG00000141956	6.651436707316438e-05
ENSG00000019102	6.648494223270665e-05
ENSG00000108798	6.647705489313663e-05
ENSG00000158321	6.640097618912036e-05
ENSG00000112183	6.639605096544234e-05
ENSG00000227500	6.639527672192602e-05
ENSG00000144730	6.638721331916237e-05
ENSG00000188554	6.637694444826286e-05
ENSG00000231408	6.63654103455777e-05
ENSG00000278152	6.634140148977527e-05
ENSG00000284916	6.625507786027554e-05
ENSG00000161813	6.625294520286906e-05
ENSG00000158615	6.624065853843867e-05
ENSG00000111254	6.62262704852505e-05
ENSG00000100162	6.621458307254748e-05
ENSG00000164929	6.620019689434375e-05
ENSG00000005243	6.618583325538519e-05
ENSG00000118298	6.616636380080948e-05
ENSG00000122756	6.607786620860526e-05
ENSG00000170776	6.607642710885288e-05
ENSG00000187954	6.604710427765808e-05
ENSG00000159082	6.604330041966034e-05
ENSG00000074211	6.603056335871947e-05
ENSG00000275074	6.602164130644032e-05
ENSG00000079277	6.601727270993019e-05
ENSG00000009335	6.599818934180721e-05
ENSG00000185668	6.596509433664182e-05
ENSG00000082213	6.596304131499261e-05
ENSG00000163283	6.596031047655816e-05
ENSG00000120868	6.59575025496221e-05
ENSG00000008277	6.595460317161542e-05
ENSG00000148082	6.59332302251877e-05
ENSG00000181541	6.592945312557456e-05
ENSG00000197223	6.592805094841939e-05
ENSG00000141756	6.59190780084588e-05
ENSG00000182533	6.590266930716187e-05
ENSG00000172939	6.588320878611599e-05
ENSG00000092531	6.585304909665789e-05
ENSG00000125245	6.584240861786425e-05
ENSG00000103769	6.583839737617007e-05
ENSG00000164654	6.576606188078936e-05
ENSG00000005194	6.575950754183588e-05
ENSG00000134539	6.574589168392926e-05
ENSG00000155974	6.572064700923251e-05
ENSG00000105220	6.571383254870458e-05
ENSG00000126001	6.56726605812763e-05
ENSG00000136068	6.565347452655824e-05
ENSG00000183963	6.563019096430945e-05
ENSG00000141627	6.561102563124157e-05
ENSG00000069431	6.559942186999574e-05
ENSG00000139329	6.55984325547068e-05
ENSG00000165553	6.556824684433758e-05
ENSG00000137673	6.554245668637127e-05
ENSG00000285023	6.553008186836268e-05
ENSG00000069018	6.550742823460829e-05
ENSG00000077264	6.55033432170479e-05
ENSG00000106066	6.546722039323083e-05
ENSG00000173933	6.54577126846026e-05
ENSG00000137073	6.540840743503578e-05
ENSG00000168887	6.539233529155046e-05
ENSG00000105737	6.539233246223485e-05
ENSG00000169139	6.537129167063259e-05
ENSG00000117500	6.536985169559871e-05
ENSG00000131732	6.536194744940857e-05
ENSG00000170236	6.535556696530061e-05
ENSG00000113391	6.535124095607176e-05
ENSG00000091009	6.533094561538256e-05
ENSG00000196569	6.530585305008531e-05
ENSG00000092969	6.527701423703826e-05
ENSG00000101882	6.525593143682159e-05
ENSG00000119946	6.518716313472811e-05
ENSG00000189057	6.51483763331615e-05
ENSG00000262635	6.51130085625989e-05
ENSG00000147647	6.508980751429927e-05
ENSG00000077380	6.508393409738012e-05
ENSG00000068028	6.507373022157199e-05
ENSG00000142528	6.503175560303505e-05
ENSG00000166295	6.501081495267737e-05
ENSG00000024422	6.499717045980228e-05
ENSG00000172795	6.498659951993774e-05
ENSG00000275434	6.496053602421281e-05
ENSG00000140092	6.495928344455655e-05
ENSG00000108819	6.495787921211435e-05
ENSG00000107758	6.491911481784815e-05
ENSG00000123094	6.491622620254756e-05
ENSG00000244734	6.490591715267186e-05
ENSG00000065518	6.488573457821899e-05
ENSG00000178252	6.488571407354225e-05
ENSG00000099804	6.482978918403569e-05
ENSG00000165029	6.482207851196324e-05
ENSG00000166012	6.481979617234638e-05
ENSG00000162869	6.478615923302862e-05
ENSG00000147509	6.471587729333134e-05
ENSG00000159189	6.469962966285714e-05
ENSG00000205726	6.469740926156287e-05
ENSG00000005471	6.467905677166779e-05
ENSG00000132530	6.465689936701704e-05
ENSG00000241837	6.46393821365707e-05
ENSG00000171450	6.461324519772893e-05
ENSG00000128159	6.461306998962321e-05
ENSG00000004961	6.457057180001669e-05
ENSG00000186834	6.453967246557597e-05
ENSG00000146247	6.45154696053276e-05
ENSG00000111897	6.450650124855802e-05
ENSG00000198844	6.447597997503643e-05
ENSG00000166946	6.446933578663519e-05
ENSG00000106392	6.445209116608751e-05
ENSG00000134259	6.443959833366015e-05
ENSG00000161970	6.443795677721652e-05
ENSG00000178028	6.440849291013466e-05
ENSG00000133048	6.440636192126441e-05
ENSG00000101265	6.43886880334339e-05
ENSG00000107371	6.4379439723077e-05
ENSG00000012822	6.437745027457446e-05
ENSG00000154914	6.437629357353372e-05
ENSG00000145936	6.437206508416694e-05
ENSG00000089048	6.434630297322753e-05
ENSG00000110243	6.433199526943903e-05
ENSG00000138593	6.432572258710969e-05
ENSG00000167461	6.42977529046923e-05
ENSG00000188937	6.429173649592493e-05
ENSG00000160654	6.426053990436572e-05
ENSG00000106615	6.424572021390713e-05
ENSG00000128886	6.424306824950814e-05
ENSG00000096080	6.422555137584581e-05
ENSG00000133107	6.42046369537499e-05
ENSG00000169896	6.420026680357304e-05
ENSG00000083845	6.419509976240148e-05
ENSG00000110514	6.418559142814888e-05
ENSG00000153561	6.41011046907579e-05
ENSG00000167632	6.410020262039883e-05
ENSG00000115325	6.40903624853036e-05
ENSG00000143727	6.407112766036092e-05
ENSG00000198087	6.403986677683519e-05
ENSG00000162630	6.40142128571854e-05
ENSG00000163453	6.393619281687966e-05
ENSG00000176624	6.393380383033513e-05
ENSG00000196139	6.391325949980844e-05
ENSG00000185658	6.388193706361932e-05
ENSG00000089022	6.387901066334983e-05
ENSG00000138686	6.386394712236092e-05
ENSG00000105383	6.385548685307397e-05
ENSG00000134363	6.383521291507378e-05
ENSG00000174705	6.380412668087516e-05
ENSG00000124784	6.37646419443338e-05
ENSG00000171532	6.376185522629373e-05
ENSG00000157500	6.369070237692855e-05
ENSG00000273514	6.367270126688421e-05
ENSG00000162512	6.362510220989795e-05
ENSG00000112320	6.36197352403037e-05
ENSG00000105255	6.35808779008136e-05
ENSG00000131808	6.357847792377726e-05
ENSG00000115286	6.35535262478069e-05
ENSG00000197272	6.351809044378439e-05
ENSG00000160961	6.34829796459446e-05
ENSG00000176623	6.347385674653501e-05
ENSG00000130803	6.346911987307513e-05
ENSG00000104892	6.342332575113324e-05
ENSG00000136143	6.34022213278933e-05
ENSG00000174485	6.339930721955167e-05
ENSG00000172115	6.334871501739992e-05
ENSG00000013561	6.334354904968723e-05
ENSG00000100226	6.334309553553491e-05
ENSG00000185046	6.332499712712381e-05
ENSG00000113648	6.332154067347291e-05
ENSG00000162814	6.330725614906348e-05
ENSG00000113520	6.330355238875857e-05
ENSG00000115353	6.330263887799219e-05
ENSG00000052749	6.32868820049197e-05
ENSG00000100979	6.328150020418732e-05
ENSG00000157916	6.326829848604749e-05
ENSG00000054611	6.32491374044052e-05
ENSG00000183023	6.316409263329827e-05
ENSG00000075702	6.316144791491605e-05
ENSG00000134255	6.314207806510276e-05
ENSG00000158864	6.31283642539018e-05
ENSG00000135902	6.311519359084865e-05
ENSG00000121680	6.31125112409314e-05
ENSG00000140365	6.30868883782345e-05
ENSG00000128590	6.308664856973981e-05
ENSG00000144134	6.308214345299084e-05
ENSG00000120910	6.306110846557829e-05
ENSG00000174579	6.304844346973851e-05
ENSG00000141068	6.304381031059068e-05
ENSG00000135318	6.30350341793747e-05
ENSG00000164815	6.303045906993305e-05
ENSG00000118496	6.300490863706299e-05
ENSG00000067248	6.295967329259832e-05
ENSG00000178921	6.295767898049631e-05
ENSG00000130741	6.295524940442868e-05
ENSG00000072849	6.285763586693228e-05
ENSG00000189431	6.280604630567348e-05
ENSG00000150630	6.274325392811736e-05
ENSG00000153563	6.271722722464622e-05
ENSG00000262826	6.269062430669617e-05
ENSG00000167283	6.268613448239091e-05
ENSG00000186977	6.265901921041014e-05
ENSG00000137193	6.265301310012352e-05
ENSG00000177700	6.263879697240069e-05
ENSG00000048828	6.262916141872629e-05
ENSG00000110031	6.260052056799514e-05
ENSG00000154734	6.25906080378172e-05
ENSG00000115806	6.258798725616837e-05
ENSG00000198604	6.254902076753808e-05
ENSG00000124469	6.252965299277267e-05
ENSG00000006744	6.246648633798378e-05
ENSG00000100285	6.246465572420482e-05
ENSG00000171953	6.24424041018307e-05
ENSG00000143612	6.243779973790537e-05
ENSG00000189120	6.242203711367714e-05
ENSG00000254647	6.240463184795813e-05
ENSG00000109475	6.238742879013641e-05
ENSG00000170265	6.238008230695929e-05
ENSG00000127947	6.233318545074368e-05
ENSG00000067900	6.232276592693302e-05
ENSG00000253710	6.231162080057888e-05
ENSG00000106367	6.225057023887047e-05
ENSG00000172426	6.22435964858982e-05
ENSG00000175513	6.223907465357013e-05
ENSG00000079950	6.223830611468545e-05
ENSG00000171346	6.220514375774793e-05
ENSG00000184144	6.220225531857452e-05
ENSG00000105556	6.219809983337593e-05
ENSG00000154845	6.216921188208725e-05
ENSG00000276191	6.216175728613036e-05
ENSG00000109881	6.21535771646108e-05
ENSG00000162614	6.215058152283881e-05
ENSG00000103168	6.211482621150498e-05
ENSG00000005961	6.210495155746768e-05
ENSG00000140678	6.21034081019961e-05
ENSG00000134376	6.209169267253403e-05
ENSG00000106400	6.204472993929114e-05
ENSG00000117262	6.2009617610861e-05
ENSG00000177468	6.200508828070653e-05
ENSG00000172315	6.195251042424303e-05
ENSG00000129460	6.194302341880742e-05
ENSG00000131375	6.190731891956272e-05
ENSG00000182253	6.189796411518381e-05
ENSG00000122026	6.189118268289486e-05
ENSG00000153922	6.188010954052038e-05
ENSG00000161914	6.187847263283149e-05
ENSG00000065911	6.186276633229203e-05
ENSG00000198952	6.185460006623049e-05
ENSG00000175283	6.181637696252283e-05
ENSG00000131966	6.18028674041752e-05
ENSG00000019549	6.179867511413465e-05
ENSG00000166407	6.172081617798845e-05
ENSG00000101751	6.171372526763867e-05
ENSG00000110799	6.169343595302427e-05
ENSG00000116922	6.166825724330532e-05
ENSG00000008056	6.164479216020468e-05
ENSG00000113407	6.163251219575583e-05
ENSG00000137547	6.159963188859343e-05
ENSG00000164111	6.159805615078251e-05
ENSG00000068354	6.159177489378195e-05
ENSG00000131374	6.157965370347604e-05
ENSG00000155629	6.157856072525789e-05
ENSG00000115307	6.157640592699417e-05
ENSG00000262634	6.157538613324459e-05
ENSG00000277909	6.156997399617422e-05
ENSG00000121440	6.155629897871488e-05
ENSG00000165501	6.154646421045666e-05
ENSG00000168000	6.152514421040312e-05
ENSG00000138942	6.151714101689579e-05
ENSG00000146282	6.14942109395229e-05
ENSG00000178718	6.148175112858463e-05
ENSG00000181619	6.147389779810294e-05
ENSG00000169221	6.146074072696011e-05
ENSG00000126953	6.143949395452514e-05
ENSG00000124092	6.135176863820716e-05
ENSG00000128604	6.135162793383514e-05
ENSG00000197562	6.134796620578004e-05
ENSG00000174021	6.132761748900131e-05
ENSG00000072163	6.132687796878147e-05
ENSG00000184515	6.127593075917944e-05
ENSG00000006625	6.121937052405378e-05
ENSG00000163785	6.119397337180367e-05
ENSG00000198901	6.115458050582758e-05
ENSG00000065054	6.113776207828444e-05
ENSG00000240857	6.109834989434355e-05
ENSG00000133059	6.107515058215607e-05
ENSG00000122224	6.10653927898871e-05
ENSG00000035681	6.106435140131662e-05
ENSG00000117528	6.105276090244057e-05
ENSG00000138435	6.104295418850676e-05
ENSG00000010295	6.10411624839129e-05
ENSG00000011243	6.103500845023227e-05
ENSG00000007174	6.099144570280549e-05
ENSG00000115216	6.098428472741989e-05
ENSG00000157954	6.097922119060609e-05
ENSG00000213465	6.096734288605075e-05
ENSG00000171202	6.096439183813259e-05
ENSG00000063322	6.09258550280786e-05
ENSG00000112130	6.092569082543864e-05
ENSG00000169251	6.089984330180497e-05
ENSG00000124614	6.088386790828965e-05
ENSG00000143546	6.088241296504909e-05
ENSG00000006453	6.083506581562705e-05
ENSG00000106636	6.0816554861775255e-05
ENSG00000108255	6.081163529027823e-05
ENSG00000123552	6.081140458376623e-05
ENSG00000156860	6.0788471068898835e-05
ENSG00000023902	6.07674593356794e-05
ENSG00000274768	6.072431250805228e-05
ENSG00000134046	6.06900375664604e-05
ENSG00000139625	6.068091530929717e-05
ENSG00000115738	6.067694581344481e-05
ENSG00000105983	6.067328639120546e-05
ENSG00000131115	6.067258346085294e-05
ENSG00000147687	6.063175304241976e-05
ENSG00000169962	6.062910907596285e-05
ENSG00000118564	6.0618799140282385e-05
ENSG00000148337	6.06135345136816e-05
ENSG00000108797	6.060969099582876e-05
ENSG00000109118	6.0566275986147336e-05
ENSG00000174125	6.055774118185413e-05
ENSG00000115828	6.054671305259081e-05
ENSG00000139567	6.0545251970067685e-05
ENSG00000075651	6.049733924581898e-05
ENSG00000142798	6.0492664028005483e-05
ENSG00000206075	6.0475287882769665e-05
ENSG00000135083	6.047269546588596e-05
ENSG00000163349	6.046772527847359e-05
ENSG00000077238	6.043563959480425e-05
ENSG00000100934	6.041960892777028e-05
ENSG00000105404	6.040299292366162e-05
ENSG00000170185	6.0395695018229025e-05
ENSG00000152332	6.038057986566664e-05
ENSG00000073792	6.037674565106074e-05
ENSG00000135604	6.036648364088935e-05
ENSG00000099250	6.0335998753070594e-05
ENSG00000129757	6.0335902724592896e-05
ENSG00000166831	6.03337107992102e-05
ENSG00000228836	6.030946767963847e-05
ENSG00000168995	6.030268936623554e-05
ENSG00000108469	6.029888077384034e-05
ENSG00000167286	6.0288516367184996e-05
ENSG00000137760	6.027066386973598e-05
ENSG00000180573	6.025825489880053e-05
ENSG00000167925	6.02500614462818e-05
ENSG00000070476	6.023914647709502e-05
ENSG00000102218	6.02289016812833e-05
ENSG00000131697	6.0215056378107266e-05
ENSG00000106331	6.020651226925616e-05
ENSG00000100554	6.020379305532667e-05
ENSG00000181408	6.018873821463428e-05
ENSG00000115310	6.0167008238360435e-05
ENSG00000141052	6.0166086636296396e-05
ENSG00000198569	6.012268340394241e-05
ENSG00000167645	6.011315568622244e-05
ENSG00000130702	6.006484713757443e-05
ENSG00000162374	6.00614250200779e-05
ENSG00000272047	6.005917971318921e-05
ENSG00000152214	6.004451018630684e-05
ENSG00000157778	6.00356684747843e-05
ENSG00000170035	6.001532920304431e-05
ENSG00000174059	5.9988209620055935e-05
ENSG00000197448	5.9987918631033194e-05
ENSG00000179526	5.9973971989497925e-05
ENSG00000185730	5.995285045472446e-05
ENSG00000162298	5.992269482164867e-05
ENSG00000198223	5.988555955028065e-05
ENSG00000160193	5.9880251841875705e-05
ENSG00000127588	5.98428558690281e-05
ENSG00000057663	5.982992194444709e-05
ENSG00000143119	5.980124049270928e-05
ENSG00000132718	5.979757203036739e-05
ENSG00000110777	5.978283407647094e-05
ENSG00000114767	5.976257216117867e-05
ENSG00000115685	5.975878120775928e-05
ENSG00000104671	5.974211007891004e-05
ENSG00000064490	5.9696403380688416e-05
ENSG00000104936	5.967771124573762e-05
ENSG00000165209	5.9667533272246284e-05
ENSG00000176386	5.9653255338300694e-05
ENSG00000125968	5.9627890837760814e-05
ENSG00000179010	5.9620415358177596e-05
ENSG00000169710	5.9603962624360694e-05
ENSG00000152291	5.9550941652923345e-05
ENSG00000129932	5.9550934092818696e-05
ENSG00000182667	5.952735744806392e-05
ENSG00000140990	5.951907541429198e-05
ENSG00000110711	5.9516403833855323e-05
ENSG00000125691	5.951341031821061e-05
ENSG00000075975	5.948981724615616e-05
ENSG00000206072	5.944833762588164e-05
ENSG00000288368	5.941695409362631e-05
ENSG00000118900	5.9414307161745655e-05
ENSG00000162761	5.941047153913429e-05
ENSG00000133026	5.940779436814902e-05
ENSG00000159176	5.939909379126664e-05
ENSG00000173914	5.9390308611027005e-05
ENSG00000186654	5.9383164545337395e-05
ENSG00000169255	5.93701703742552e-05
ENSG00000140968	5.936833246665897e-05
ENSG00000136286	5.9362739576649324e-05
ENSG00000114126	5.9360449500666114e-05
ENSG00000197769	5.93582706152842e-05
ENSG00000091106	5.935095802088093e-05
ENSG00000149927	5.93376240493426e-05
ENSG00000131724	5.9319338005217124e-05
ENSG00000011007	5.9315282503901285e-05
ENSG00000283681	5.9304950956527763e-05
ENSG00000018625	5.9289762720830654e-05
ENSG00000145692	5.918370224869213e-05
ENSG00000143748	5.917869817690201e-05
ENSG00000182185	5.916628915894586e-05
ENSG00000173208	5.915921804855016e-05
ENSG00000077235	5.9151098667219756e-05
ENSG00000206557	5.914632700165467e-05
ENSG00000186141	5.913411741041281e-05
ENSG00000136631	5.913230325004957e-05
ENSG00000019995	5.9129676625174315e-05
ENSG00000205339	5.911445459099242e-05
ENSG00000106976	5.9078500005230435e-05
ENSG00000160396	5.904889514553671e-05
ENSG00000151079	5.903831529196914e-05
ENSG00000046774	5.9016257454958664e-05
ENSG00000182831	5.901315782293101e-05
ENSG00000151748	5.8962590993848595e-05
ENSG00000166908	5.895961279162311e-05
ENSG00000091073	5.8950796829808214e-05
ENSG00000182179	5.894314406718955e-05
ENSG00000196660	5.893447134618891e-05
ENSG00000188991	5.892270746465359e-05
ENSG00000153721	5.889235991350881e-05
ENSG00000075415	5.885898594510748e-05
ENSG00000140350	5.8851469396344794e-05
ENSG00000101335	5.881929392224249e-05
ENSG00000158195	5.8814366334295773e-05
ENSG00000188603	5.880982275331442e-05
ENSG00000139546	5.880044304700531e-05
ENSG00000125351	5.8781777064891015e-05
ENSG00000108666	5.877839635605145e-05
ENSG00000006128	5.8778116962784156e-05
ENSG00000158161	5.875259892891095e-05
ENSG00000104983	5.875007488025249e-05
ENSG00000258890	5.8736124943569184e-05
ENSG00000084733	5.870659926576379e-05
ENSG00000000419	5.8702658933464163e-05
ENSG00000137070	5.867857901295666e-05
ENSG00000129515	5.866509305594978e-05
ENSG00000066032	5.863670471031052e-05
ENSG00000112697	5.862464798542313e-05
ENSG00000175756	5.860250754540935e-05
ENSG00000163156	5.8595584684909196e-05
ENSG00000065371	5.8560080402332045e-05
ENSG00000067836	5.852514423162042e-05
ENSG00000136231	5.850798260589484e-05
ENSG00000288283	5.85057897578075e-05
ENSG00000107863	5.84978973580542e-05
ENSG00000138834	5.848293010194088e-05
ENSG00000198171	5.847763973761582e-05
ENSG00000138131	5.842057552552819e-05
ENSG00000167759	5.8376726643581465e-05
ENSG00000143952	5.837386473872892e-05
ENSG00000005073	5.834745758428988e-05
ENSG00000114388	5.833616715833375e-05
ENSG00000024526	5.833560433086216e-05
ENSG00000284282	5.833252672122404e-05
ENSG00000108557	5.8298390160475735e-05
ENSG00000140718	5.829271718767338e-05
ENSG00000151150	5.8283188524907515e-05
ENSG00000132581	5.8261032363613474e-05
ENSG00000161940	5.825676873067622e-05
ENSG00000151320	5.820618762062028e-05
ENSG00000096696	5.819856208202345e-05
ENSG00000197361	5.8198535741186874e-05
ENSG00000162975	5.817948048740502e-05
ENSG00000123200	5.814510120538043e-05
ENSG00000140391	5.812830620791579e-05
ENSG00000278570	5.810345245440763e-05
ENSG00000130511	5.806920642697114e-05
ENSG00000106366	5.806869134298477e-05
ENSG00000140632	5.804984378030462e-05
ENSG00000177189	5.8041538387477174e-05
ENSG00000181220	5.803922145723927e-05
ENSG00000078699	5.801081607794032e-05
ENSG00000116701	5.800274627736273e-05
ENSG00000095485	5.8000225601720506e-05
ENSG00000086065	5.799228623851871e-05
ENSG00000163697	5.795618843819087e-05
ENSG00000198815	5.795538929932997e-05
ENSG00000142675	5.794011901100905e-05
ENSG00000120690	5.792678018123924e-05
ENSG00000138185	5.788541434011705e-05
ENSG00000275911	5.7877109548585814e-05
ENSG00000124562	5.787128484185184e-05
ENSG00000127666	5.785923250633366e-05
ENSG00000230034	5.783685761419979e-05
ENSG00000154174	5.782610194257419e-05
ENSG00000130158	5.7795921621864354e-05
ENSG00000128789	5.778579726260683e-05
ENSG00000007545	5.777490838147623e-05
ENSG00000090776	5.777459721759381e-05
ENSG00000164715	5.769441259128647e-05
ENSG00000075073	5.764081425404087e-05
ENSG00000172766	5.76108775118084e-05
ENSG00000173726	5.759276370302848e-05
ENSG00000122691	5.757329655197683e-05
ENSG00000144524	5.756856950749706e-05
ENSG00000105610	5.7539410249479285e-05
ENSG00000288217	5.7523152244749364e-05
ENSG00000161791	5.750957208163952e-05
ENSG00000130332	5.7507819659482984e-05
ENSG00000160813	5.746949368930893e-05
ENSG00000105732	5.746472524419086e-05
ENSG00000160185	5.745397586535824e-05
ENSG00000186318	5.7399841133172794e-05
ENSG00000139372	5.736762308112668e-05
ENSG00000149925	5.736136424376344e-05
ENSG00000131437	5.7336876743125556e-05
ENSG00000198876	5.726576867768118e-05
ENSG00000198863	5.725724926952883e-05
ENSG00000129518	5.724518961249557e-05
ENSG00000163154	5.720747539942103e-05
ENSG00000105726	5.7202220223314864e-05
ENSG00000104142	5.7195654973396764e-05
ENSG00000047249	5.718653450540379e-05
ENSG00000166049	5.718131638416503e-05
ENSG00000132182	5.717847775425673e-05
ENSG00000113494	5.7145774249151916e-05
ENSG00000178741	5.712039303818839e-05
ENSG00000101310	5.7090375523747044e-05
ENSG00000162928	5.7089456241353604e-05
ENSG00000012211	5.7083866634057684e-05
ENSG00000109180	5.703897000426595e-05
ENSG00000169180	5.70262499485304e-05
ENSG00000067715	5.701940526955001e-05
ENSG00000170633	5.693990056390175e-05
ENSG00000185043	5.6926552964243185e-05
ENSG00000058335	5.690413577808311e-05
ENSG00000158022	5.6868630512548644e-05
ENSG00000141753	5.6856199558476114e-05
ENSG00000288401	5.684650956118347e-05
ENSG00000134874	5.683817049458282e-05
ENSG00000035720	5.679535956007399e-05
ENSG00000146070	5.679519193876024e-05
ENSG00000182400	5.678325501808567e-05
ENSG00000125868	5.677907262457051e-05
ENSG00000187325	5.67711709983403e-05
ENSG00000085788	5.676866873883023e-05
ENSG00000177575	5.6766359299835366e-05
ENSG00000172179	5.669241450397787e-05
ENSG00000167658	5.667239402037923e-05
ENSG00000148308	5.664741751787631e-05
ENSG00000106952	5.6645151947011116e-05
ENSG00000134072	5.6629070735102105e-05
ENSG00000066739	5.6592177341039805e-05
ENSG00000101892	5.6513907906211155e-05
ENSG00000180999	5.651016838748562e-05
ENSG00000136717	5.650371753663514e-05
ENSG00000105700	5.649800483785338e-05
ENSG00000157557	5.647934470793138e-05
ENSG00000126756	5.646577108240807e-05
ENSG00000102225	5.645568136103859e-05
ENSG00000198586	5.645122303625092e-05
ENSG00000135631	5.6432697435619664e-05
ENSG00000069329	5.633355908031528e-05
ENSG00000189410	5.631316543756252e-05
ENSG00000101350	5.631070572652339e-05
ENSG00000121274	5.6261686356003007e-05
ENSG00000112983	5.6245733435668347e-05
ENSG00000174483	5.6243202032563886e-05
ENSG00000163235	5.6234571041979535e-05
ENSG00000284889	5.6228860029809695e-05
ENSG00000089737	5.621331517392301e-05
ENSG00000197147	5.621119886472189e-05
ENSG00000149100	5.620639678835773e-05
ENSG00000148541	5.6163524631188174e-05
ENSG00000285109	5.616282878003118e-05
ENSG00000177138	5.614800240398549e-05
ENSG00000139921	5.6142353883799196e-05
ENSG00000143536	5.612893984483801e-05
ENSG00000125779	5.6096368033429984e-05
ENSG00000101191	5.609571115941131e-05
ENSG00000124659	5.607692481313633e-05
ENSG00000118518	5.605425853842787e-05
ENSG00000095970	5.6035067348299275e-05
ENSG00000156697	5.6032995171641974e-05
ENSG00000077942	5.6017193550972425e-05
ENSG00000073067	5.5996066597742285e-05
ENSG00000008405	5.599412697305697e-05
ENSG00000125912	5.5989779176914195e-05
ENSG00000107960	5.595388773190775e-05
ENSG00000108389	5.5930438505981934e-05
ENSG00000123364	5.592032672510134e-05
ENSG00000145730	5.590006391004327e-05
ENSG00000169291	5.589244416279583e-05
ENSG00000175224	5.587141114841009e-05
ENSG00000178053	5.584114594158524e-05
ENSG00000104313	5.5804555800106076e-05
ENSG00000151327	5.5783967907632594e-05
ENSG00000164309	5.573920808503793e-05
ENSG00000104331	5.5727170027676966e-05
ENSG00000110880	5.5725191977291546e-05
ENSG00000160013	5.5719801596903526e-05
ENSG00000132294	5.5707868571076553e-05
ENSG00000211455	5.569835846013772e-05
ENSG00000155034	5.567045361674684e-05
ENSG00000276323	5.566659344796583e-05
ENSG00000141542	5.566381765496193e-05
ENSG00000131100	5.565660063075579e-05
ENSG00000147614	5.562081290743478e-05
ENSG00000177058	5.55570622761653e-05
ENSG00000233927	5.5553916534079434e-05
ENSG00000164144	5.547619007337287e-05
ENSG00000115592	5.5448708223221654e-05
ENSG00000142149	5.543636722097765e-05
ENSG00000158467	5.542748248223696e-05
ENSG00000184845	5.5416835652868964e-05
ENSG00000156804	5.54165654705814e-05
ENSG00000140395	5.541087015562494e-05
ENSG00000112110	5.53848540807684e-05
ENSG00000018510	5.536987646729489e-05
ENSG00000183137	5.53513822188067e-05
ENSG00000159063	5.53195466572136e-05
ENSG00000131143	5.5244965069162396e-05
ENSG00000116455	5.523689906288308e-05
ENSG00000013588	5.522215012807383e-05
ENSG00000109519	5.521887837141438e-05
ENSG00000087299	5.519914235892979e-05
ENSG00000225921	5.519648085620604e-05
ENSG00000120235	5.518966748978626e-05
ENSG00000164683	5.5167522733488516e-05
ENSG00000143502	5.516423069716972e-05
ENSG00000125741	5.515744486275994e-05
ENSG00000169018	5.514743062381058e-05
ENSG00000107438	5.51060284155151e-05
ENSG00000143314	5.51044689753085e-05
ENSG00000086102	5.5052334222795436e-05
ENSG00000116903	5.503307630196059e-05
ENSG00000170677	5.5028390611954276e-05
ENSG00000123505	5.5013673666529885e-05
ENSG00000100372	5.50136234498873e-05
ENSG00000179091	5.4982971222945054e-05
ENSG00000054965	5.4979322266542875e-05
ENSG00000141905	5.497111694253286e-05
ENSG00000136943	5.4967984258843534e-05
ENSG00000162910	5.492000242780507e-05
ENSG00000164535	5.488304459397149e-05
ENSG00000186090	5.487708318071813e-05
ENSG00000170214	5.4864668294322146e-05
ENSG00000117091	5.482320078828146e-05
ENSG00000120949	5.481742089585947e-05
ENSG00000205683	5.4784984254998795e-05
ENSG00000168958	5.472559730782425e-05
ENSG00000154945	5.470705355015405e-05
ENSG00000113070	5.4689870175960847e-05
ENSG00000285493	5.4636076405056113e-05
ENSG00000069667	5.463521888758371e-05
ENSG00000009844	5.461961271771117e-05
ENSG00000104853	5.458859238243727e-05
ENSG00000147224	5.458105983031766e-05
ENSG00000105669	5.457898155867152e-05
ENSG00000106031	5.454046914358563e-05
ENSG00000277722	5.453796387312029e-05
ENSG00000075151	5.4528443692975586e-05
ENSG00000008441	5.450669047119825e-05
ENSG00000129003	5.4463747152905575e-05
ENSG00000136122	5.446061584143521e-05
ENSG00000277424	5.445201241987059e-05
ENSG00000110851	5.444874923698988e-05
ENSG00000135443	5.435596560055264e-05
ENSG00000112365	5.4311641433370674e-05
ENSG00000119446	5.430960098167143e-05
ENSG00000167083	5.4298883725866405e-05
ENSG00000155097	5.4287279439559414e-05
ENSG00000115488	5.4265283253351936e-05
ENSG00000117122	5.426302520750682e-05
ENSG00000102898	5.425600687636126e-05
ENSG00000112290	5.425485312987095e-05
ENSG00000126261	5.424914734594691e-05
ENSG00000122126	5.4199984262177994e-05
ENSG00000137976	5.419913263494889e-05
ENSG00000113645	5.417700817396885e-05
ENSG00000078246	5.4140616717438e-05
ENSG00000132872	5.411067214652775e-05
ENSG00000119139	5.4093366773730926e-05
ENSG00000125037	5.4085370557869763e-05
ENSG00000115194	5.408221262815522e-05
ENSG00000183734	5.407628635746253e-05
ENSG00000197548	5.4060436187876834e-05
ENSG00000103507	5.4060018871580596e-05
ENSG00000236251	5.4055968856477254e-05
ENSG00000104833	5.4042401013666855e-05
ENSG00000077092	5.4002759212765086e-05
ENSG00000130385	5.398403353208041e-05
ENSG00000167447	5.394343414465479e-05
ENSG00000164329	5.392460500738443e-05
ENSG00000082641	5.392269056467764e-05
ENSG00000170234	5.391009342161028e-05
ENSG00000134153	5.3895070253810634e-05
ENSG00000165672	5.389143082653765e-05
ENSG00000086991	5.387522288336708e-05
ENSG00000004866	5.387147934156512e-05
ENSG00000211460	5.386715987570941e-05
ENSG00000165832	5.385080241248445e-05
ENSG00000242515	5.3831629451616176e-05
ENSG00000092964	5.381870972542802e-05
ENSG00000168710	5.381250924526748e-05
ENSG00000064961	5.3809728805777914e-05
ENSG00000092108	5.3798266874835276e-05
ENSG00000145198	5.379768729206796e-05
ENSG00000121905	5.378530581332193e-05
ENSG00000102241	5.37837277077327e-05
ENSG00000094914	5.378265127241449e-05
ENSG00000121552	5.377288054480874e-05
ENSG00000172830	5.3766429153222805e-05
ENSG00000163737	5.376386855115784e-05
ENSG00000132334	5.3754404583265315e-05
ENSG00000180318	5.371900199048325e-05
ENSG00000156502	5.364944432093197e-05
ENSG00000147874	5.361391717956457e-05
ENSG00000256797	5.3599804833635575e-05
ENSG00000125726	5.359406209976726e-05
ENSG00000133789	5.3580672410376353e-05
ENSG00000077458	5.3575247245134733e-05
ENSG00000139668	5.3569686259585205e-05
ENSG00000198774	5.354519974195171e-05
ENSG00000228405	5.353960082251299e-05
ENSG00000134207	5.353329391434137e-05
ENSG00000162819	5.351687101945544e-05
ENSG00000204941	5.3488316641062695e-05
ENSG00000262993	5.342832568371278e-05
ENSG00000159958	5.339027704590537e-05
ENSG00000281277	5.336387490895207e-05
ENSG00000139620	5.334178750372424e-05
ENSG00000164402	5.3331933774904236e-05
ENSG00000135930	5.3329688085143385e-05
ENSG00000120647	5.3321454853055746e-05
ENSG00000221826	5.3317152118727104e-05
ENSG00000159433	5.331181778286891e-05
ENSG00000083535	5.330924252701474e-05
ENSG00000175489	5.3302953176195775e-05
ENSG00000187045	5.3294154101423904e-05
ENSG00000126653	5.328702249041766e-05
ENSG00000167378	5.3278012030130304e-05
ENSG00000167785	5.326725983574376e-05
ENSG00000234704	5.321385733133367e-05
ENSG00000161904	5.3196296668019154e-05
ENSG00000129292	5.31774189998446e-05
ENSG00000123595	5.313438134288271e-05
ENSG00000130508	5.313418564571415e-05
ENSG00000115718	5.3131492459498456e-05
ENSG00000157510	5.311718806310375e-05
ENSG00000255529	5.311401537245062e-05
ENSG00000136279	5.309696660305328e-05
ENSG00000119559	5.309190194664334e-05
ENSG00000141552	5.309032863341976e-05
ENSG00000225950	5.3087098890146263e-05
ENSG00000136888	5.306776040323144e-05
ENSG00000082153	5.303818576531239e-05
ENSG00000282972	5.303448345617458e-05
ENSG00000120318	5.30288005103662e-05
ENSG00000132849	5.299686593660979e-05
ENSG00000146576	5.295690148478744e-05
ENSG00000198104	5.293772086965429e-05
ENSG00000197079	5.29131052104156e-05
ENSG00000230143	5.2888422272070235e-05
ENSG00000133773	5.287852681715646e-05
ENSG00000285344	5.287537268979387e-05
ENSG00000081277	5.285299899390431e-05
ENSG00000136267	5.2849215028852154e-05
ENSG00000173545	5.2809060753077084e-05
ENSG00000173404	5.2779480187428e-05
ENSG00000256525	5.277061857215903e-05
ENSG00000285152	5.2767957953941423e-05
ENSG00000165349	5.2766166796289904e-05
ENSG00000205903	5.2763643470567584e-05
ENSG00000153879	5.275269801694462e-05
ENSG00000160683	5.2730743635390155e-05
ENSG00000123560	5.272729926992507e-05
ENSG00000146063	5.2726321129465694e-05
ENSG00000133627	5.2714228224903464e-05
ENSG00000226384	5.269309547571645e-05
ENSG00000179562	5.267843487113106e-05
ENSG00000198382	5.267529543702299e-05
ENSG00000120837	5.2667142209532266e-05
ENSG00000110801	5.265315700710214e-05
ENSG00000118454	5.264683113248429e-05
ENSG00000197471	5.260841345737594e-05
ENSG00000214717	5.260754488655139e-05
ENSG00000008294	5.259623424071565e-05
ENSG00000113240	5.257780133877766e-05
ENSG00000134061	5.2577268084030806e-05
ENSG00000265354	5.2572927928475606e-05
ENSG00000095585	5.254321989005645e-05
ENSG00000168509	5.253269456935131e-05
ENSG00000112855	5.252569063007608e-05
ENSG00000147324	5.25072144343498e-05
ENSG00000162747	5.250660053217835e-05
ENSG00000163794	5.24945835693433e-05
ENSG00000115165	5.2494177034196475e-05
ENSG00000254470	5.245346015665278e-05
ENSG00000093183	5.245210430438058e-05
ENSG00000117385	5.244467273466027e-05
ENSG00000132388	5.2442402820613376e-05
ENSG00000171853	5.242403901400504e-05
ENSG00000099875	5.242385510205552e-05
ENSG00000131378	5.242022611871631e-05
ENSG00000165474	5.241845808586152e-05
ENSG00000168515	5.241756110818403e-05
ENSG00000108924	5.240998054960785e-05
ENSG00000140623	5.2391362523268465e-05
ENSG00000095209	5.238178642216367e-05
ENSG00000169100	5.233695721583159e-05
ENSG00000276072	5.2328136895536015e-05
ENSG00000061936	5.2324422101024295e-05
ENSG00000164463	5.2292011606437084e-05
ENSG00000113282	5.228753284881007e-05
ENSG00000125170	5.2280902490207946e-05
ENSG00000148660	5.22561626665251e-05
ENSG00000164219	5.224399596572672e-05
ENSG00000147166	5.22199557672007e-05
ENSG00000156831	5.2187827684590855e-05
ENSG00000166349	5.2163530365738044e-05
ENSG00000070610	5.213051924523434e-05
ENSG00000162227	5.2103456636318295e-05
ENSG00000172071	5.208737797656672e-05
ENSG00000124159	5.2085027871280554e-05
ENSG00000105996	5.208420388110261e-05
ENSG00000164008	5.2081051575892007e-05
ENSG00000215251	5.207846225931208e-05
ENSG00000240682	5.2040607012396344e-05
ENSG00000033627	5.20059505441572e-05
ENSG00000164080	5.199562436076991e-05
ENSG00000103043	5.1973080338966394e-05
ENSG00000051128	5.1956448774276145e-05
ENSG00000280831	5.1944519734371645e-05
ENSG00000177272	5.19408935403121e-05
ENSG00000064607	5.194075224578464e-05
ENSG00000088808	5.1926408483472386e-05
ENSG00000064999	5.1923308795274525e-05
ENSG00000092203	5.190324577291639e-05
ENSG00000117322	5.1898624135520044e-05
ENSG00000090539	5.183718618405194e-05
ENSG00000172932	5.1835041108744746e-05
ENSG00000104177	5.179094511056741e-05
ENSG00000176533	5.178576045286707e-05
ENSG00000005302	5.178028955084971e-05
ENSG00000239697	5.177371683146967e-05
ENSG00000197557	5.176424550778504e-05
ENSG00000103152	5.1731637484002255e-05
ENSG00000198888	5.17280429876482e-05
ENSG00000104903	5.170579040111422e-05
ENSG00000167394	5.170566709750093e-05
ENSG00000187140	5.1705430776185326e-05
ENSG00000167646	5.170113346966129e-05
ENSG00000143157	5.169840046251724e-05
ENSG00000144048	5.1692452567461255e-05
ENSG00000101958	5.168834934646316e-05
ENSG00000117682	5.1683475914431595e-05
ENSG00000135070	5.168067621135736e-05
ENSG00000182670	5.166880436812053e-05
ENSG00000203485	5.164640873174872e-05
ENSG00000123843	5.164556628686329e-05
ENSG00000137054	5.164365914029028e-05
ENSG00000111181	5.162897906107551e-05
ENSG00000276082	5.161845408124343e-05
ENSG00000085719	5.159424767072265e-05
ENSG00000196839	5.155664593388959e-05
ENSG00000163207	5.153860201490029e-05
ENSG00000086589	5.152929103873148e-05
ENSG00000213694	5.148976945600641e-05
ENSG00000167207	5.147208276797285e-05
ENSG00000163563	5.145052817620462e-05
ENSG00000132972	5.1425577025198554e-05
ENSG00000132768	5.1398392144777416e-05
ENSG00000185009	5.13758356628595e-05
ENSG00000171681	5.1375216945199966e-05
ENSG00000185883	5.137467415960622e-05
ENSG00000198889	5.1363446266564246e-05
ENSG00000089006	5.131695364839216e-05
ENSG00000083223	5.130165093550378e-05
ENSG00000168487	5.130078709534207e-05
ENSG00000135972	5.1283163579919626e-05
ENSG00000165006	5.125098758047153e-05
ENSG00000139190	5.1227376514425204e-05
ENSG00000104765	5.1225607892329164e-05
ENSG00000178988	5.122301930158377e-05
ENSG00000135605	5.1217598166101416e-05
ENSG00000101474	5.1187264896298964e-05
ENSG00000181418	5.1144556947415125e-05
ENSG00000168092	5.1067770444549586e-05
ENSG00000163898	5.104086283388098e-05
ENSG00000117569	5.1026639537363696e-05
ENSG00000152056	5.10116242410807e-05
ENSG00000275199	5.093948509650466e-05
ENSG00000263761	5.0923583008082126e-05
ENSG00000197249	5.0919749298192664e-05
ENSG00000142082	5.089864224370314e-05
ENSG00000187566	5.087154986339383e-05
ENSG00000077463	5.0859526210264614e-05
ENSG00000136854	5.082617262766069e-05
ENSG00000157107	5.0790059306055286e-05
ENSG00000047230	5.076078117450285e-05
ENSG00000184374	5.072952242927397e-05
ENSG00000167257	5.0706014368256834e-05
ENSG00000189001	5.068894463784924e-05
ENSG00000101144	5.067939568748559e-05
ENSG00000143156	5.064416860528744e-05
ENSG00000150990	5.063147285209536e-05
ENSG00000186001	5.0623803800841384e-05
ENSG00000172336	5.061904451191173e-05
ENSG00000167985	5.0614436315050326e-05
ENSG00000126458	5.060636449381527e-05
ENSG00000071242	5.060417422119413e-05
ENSG00000048162	5.0593145635882174e-05
ENSG00000110583	5.0558080531901656e-05
ENSG00000128607	5.0535281542327995e-05
ENSG00000181472	5.0523387967504894e-05
ENSG00000158055	5.0518243639907464e-05
ENSG00000119669	5.051061635700663e-05
ENSG00000124201	5.050949198654167e-05
ENSG00000135047	5.049768776320086e-05
ENSG00000108651	5.049295688019161e-05
ENSG00000233822	5.045776106449124e-05
ENSG00000175582	5.045585050317033e-05
ENSG00000147854	5.044043495264002e-05
ENSG00000135587	5.0438434546183766e-05
ENSG00000109270	5.042875173560501e-05
ENSG00000133794	5.041388679597609e-05
ENSG00000143851	5.0412995462539633e-05
ENSG00000105717	5.0412857155608594e-05
ENSG00000148572	5.0396485617702975e-05
ENSG00000141456	5.039054555781327e-05
ENSG00000084207	5.037092780514612e-05
ENSG00000188379	5.036337584595513e-05
ENSG00000124226	5.036261874186962e-05
ENSG00000149295	5.0347351950280034e-05
ENSG00000178035	5.034589248712439e-05
ENSG00000187054	5.034139788843328e-05
ENSG00000077080	5.033936686677888e-05
ENSG00000109189	5.032404561658562e-05
ENSG00000186051	5.0309735626039205e-05
ENSG00000147419	5.0308426337853754e-05
ENSG00000132970	5.030466981103333e-05
ENSG00000139679	5.0266251233088386e-05
ENSG00000261456	5.0250087215055167e-05
ENSG00000162714	5.0247565105115875e-05
ENSG00000198574	5.0247265183335416e-05
ENSG00000134077	5.024303094101758e-05
ENSG00000232367	5.02403466959157e-05
ENSG00000173406	5.0224378496715956e-05
ENSG00000180228	5.020549183317868e-05
ENSG00000162520	5.018893314224039e-05
ENSG00000214160	5.01756259813521e-05
ENSG00000044446	5.013135356291806e-05
ENSG00000168778	5.01234406208698e-05
ENSG00000173175	5.009620730925087e-05
ENSG00000185340	5.009584860886044e-05
ENSG00000152422	5.00955056781399e-05
ENSG00000020577	5.0092431303052776e-05
ENSG00000026751	5.0091010798597184e-05
ENSG00000067704	5.0076059832726575e-05
ENSG00000205323	5.00657868901042e-05
ENSG00000164615	5.005748450049569e-05
ENSG00000119408	5.005050393982555e-05
ENSG00000220205	5.0045239378996266e-05
ENSG00000107672	5.00221541843776e-05
ENSG00000122861	4.996696332556362e-05
ENSG00000215193	4.9962511897261084e-05
ENSG00000090989	4.996062089841958e-05
ENSG00000115750	4.995020795847706e-05
ENSG00000128228	4.994434549316151e-05
ENSG00000135677	4.992138668482303e-05
ENSG00000107187	4.991064919430716e-05
ENSG00000168081	4.990982184187187e-05
ENSG00000110080	4.990174516991431e-05
ENSG00000071243	4.98960272339984e-05
ENSG00000132716	4.9891561638771854e-05
ENSG00000145723	4.987298099878175e-05
ENSG00000140455	4.977843361043295e-05
ENSG00000168872	4.9774929053028914e-05
ENSG00000068912	4.977310034761657e-05
ENSG00000204060	4.973325510610058e-05
ENSG00000231116	4.972847220988548e-05
ENSG00000244752	4.968211918175293e-05
ENSG00000147669	4.966517511920513e-05
ENSG00000137078	4.964754570708311e-05
ENSG00000127124	4.963011319322001e-05
ENSG00000138430	4.961878504898671e-05
ENSG00000288461	4.961679687581151e-05
ENSG00000131771	4.96093924020022e-05
ENSG00000080603	4.958762087285534e-05
ENSG00000171700	4.958356325139828e-05
ENSG00000174562	4.958035947805404e-05
ENSG00000163220	4.955700359486876e-05
ENSG00000148346	4.955450158400669e-05
ENSG00000104131	4.95263463089889e-05
ENSG00000186787	4.950993116192544e-05
ENSG00000112763	4.9497065325671146e-05
ENSG00000074800	4.9491773682981584e-05
ENSG00000049283	4.9484416757648813e-05
ENSG00000124172	4.946519145484138e-05
ENSG00000156858	4.943365680055974e-05
ENSG00000086619	4.942116203152401e-05
ENSG00000178473	4.9411582589239565e-05
ENSG00000106993	4.9396870038355935e-05
ENSG00000162616	4.937406931528784e-05
ENSG00000198689	4.936866839474149e-05
ENSG00000124459	4.9355016679271995e-05
ENSG00000172379	4.932651162237317e-05
ENSG00000172602	4.924159188995124e-05
ENSG00000117450	4.921973464561956e-05
ENSG00000064989	4.921443061985208e-05
ENSG00000125826	4.919571415606661e-05
ENSG00000135372	4.919319283992872e-05
ENSG00000147123	4.9170757401330346e-05
ENSG00000105550	4.916488175896817e-05
ENSG00000228278	4.9153859608116434e-05
ENSG00000203760	4.914665782824203e-05
ENSG00000119729	4.914503242915692e-05
ENSG00000196155	4.908667134790047e-05
ENSG00000102003	4.9060679626953606e-05
ENSG00000164713	4.90355520785185e-05
ENSG00000131864	4.901418410433522e-05
ENSG00000122435	4.8990384155176166e-05
ENSG00000036565	4.898909143871739e-05
ENSG00000215704	4.897897349433584e-05
ENSG00000128266	4.8941120579595683e-05
ENSG00000102804	4.892099635801726e-05
ENSG00000135960	4.888763456823238e-05
ENSG00000148700	4.8880318821054734e-05
ENSG00000262814	4.8853964919882834e-05
ENSG00000197312	4.883345987790019e-05
ENSG00000160695	4.8823591088380095e-05
ENSG00000168418	4.8822268816719916e-05
ENSG00000178093	4.88167263145141e-05
ENSG00000079150	4.881550204371365e-05
ENSG00000165996	4.88125189580175e-05
ENSG00000120533	4.8792652795697885e-05
ENSG00000163319	4.878865066029429e-05
ENSG00000177156	4.876813084641106e-05
ENSG00000162490	4.8759196323850086e-05
ENSG00000136026	4.875514567974786e-05
ENSG00000129451	4.875067481099085e-05
ENSG00000106009	4.87232166963742e-05
ENSG00000164930	4.871207081780596e-05
ENSG00000144285	4.86909914088033e-05
ENSG00000019144	4.868618577567729e-05
ENSG00000116898	4.868599699149819e-05
ENSG00000139517	4.868123341900356e-05
ENSG00000153037	4.8678471796192965e-05
ENSG00000163249	4.867249544679476e-05
ENSG00000171858	4.8659240110569105e-05
ENSG00000280858	4.865860694339009e-05
ENSG00000118640	4.865290253058474e-05
ENSG00000160741	4.862886762518402e-05
ENSG00000197658	4.8577322091149615e-05
ENSG00000166862	4.857001516906719e-05
ENSG00000055950	4.85693970596553e-05
ENSG00000260916	4.8563847345385185e-05
ENSG00000112312	4.8554089610840554e-05
ENSG00000128276	4.8554065308956786e-05
ENSG00000180008	4.851680166264023e-05
ENSG00000167904	4.851013864432887e-05
ENSG00000280682	4.849867596415622e-05
ENSG00000010322	4.849404490675892e-05
ENSG00000007541	4.8449800773915184e-05
ENSG00000167434	4.844577217363203e-05
ENSG00000099377	4.8429596740697926e-05
ENSG00000178409	4.8412585142893425e-05
ENSG00000101384	4.841035343408543e-05
ENSG00000164440	4.8409692394684505e-05
ENSG00000170890	4.840677491952676e-05
ENSG00000151338	4.838485257423894e-05
ENSG00000023516	4.838416512141319e-05
ENSG00000169621	4.836654704086314e-05
ENSG00000154175	4.834447307849662e-05
ENSG00000072958	4.833188702570361e-05
ENSG00000131171	4.832890636233131e-05
ENSG00000106305	4.831519763048309e-05
ENSG00000125872	4.831443914687734e-05
ENSG00000116962	4.8314284292965896e-05
ENSG00000158186	4.830076616366892e-05
ENSG00000147439	4.8288037600813606e-05
ENSG00000127920	4.82717881155537e-05
ENSG00000181450	4.826788210882986e-05
ENSG00000121594	4.826393072917728e-05
ENSG00000114115	4.825534588470656e-05
ENSG00000165526	4.8248283838741576e-05
ENSG00000149131	4.822160014638159e-05
ENSG00000167261	4.821976848284589e-05
ENSG00000108107	4.821522183556078e-05
ENSG00000119938	4.8208184172915955e-05
ENSG00000282633	4.819645692479482e-05
ENSG00000141556	4.819492391726668e-05
ENSG00000125459	4.818203679803058e-05
ENSG00000117362	4.8170390389072267e-05
ENSG00000128322	4.816319179389943e-05
ENSG00000129167	4.815848212766331e-05
ENSG00000197912	4.8156082325607687e-05
ENSG00000121931	4.815565046812408e-05
ENSG00000147145	4.813347709958223e-05
ENSG00000150316	4.8112120585776034e-05
ENSG00000139131	4.8110346039867684e-05
ENSG00000158806	4.8082882101177195e-05
ENSG00000075914	4.808250830205938e-05
ENSG00000107338	4.8076898479888144e-05
ENSG00000006788	4.8073389684806164e-05
ENSG00000134440	4.8062756460578396e-05
ENSG00000169174	4.8062350883964674e-05
ENSG00000005889	4.8049116691539495e-05
ENSG00000124160	4.8042164306685796e-05
ENSG00000121350	4.8041227945504346e-05
ENSG00000137274	4.803550673579624e-05
ENSG00000197579	4.801746589705719e-05
ENSG00000288185	4.799238361270151e-05
ENSG00000089250	4.795472493041876e-05
ENSG00000156162	4.7866215207621186e-05
ENSG00000058091	4.7852835428578145e-05
ENSG00000175315	4.7827345004015355e-05
ENSG00000171466	4.781492241946284e-05
ENSG00000203668	4.779269446910106e-05
ENSG00000115159	4.778863051999261e-05
ENSG00000159593	4.778693652628409e-05
ENSG00000080031	4.777865619638879e-05
ENSG00000275835	4.777060547260627e-05
ENSG00000181804	4.775101037562816e-05
ENSG00000168434	4.774864444181364e-05
ENSG00000108861	4.774625364989216e-05
ENSG00000111639	4.772995968121384e-05
ENSG00000102531	4.772315674934671e-05
ENSG00000258366	4.7694970032169e-05
ENSG00000129474	4.7685081285653625e-05
ENSG00000276051	4.7650027439793736e-05
ENSG00000106113	4.764662831762712e-05
ENSG00000167549	4.763640740147925e-05
ENSG00000172273	4.763379786689588e-05
ENSG00000110076	4.761751171854871e-05
ENSG00000071127	4.7609583908288716e-05
ENSG00000105048	4.759019544693874e-05
ENSG00000105287	4.757695965629651e-05
ENSG00000160783	4.75723473231244e-05
ENSG00000137841	4.756770799908127e-05
ENSG00000173621	4.756578490692999e-05
ENSG00000167460	4.750909970042887e-05
ENSG00000069849	4.747430892738316e-05
ENSG00000198740	4.745258853372146e-05
ENSG00000146216	4.744768393085293e-05
ENSG00000197959	4.7445318575928174e-05
ENSG00000187475	4.743259327678105e-05
ENSG00000031823	4.739068985633262e-05
ENSG00000276833	4.7380026754312365e-05
ENSG00000152229	4.737041306118197e-05
ENSG00000188566	4.736239548534192e-05
ENSG00000108829	4.733856897862953e-05
ENSG00000198042	4.7332363474302204e-05
ENSG00000171487	4.731458706103061e-05
ENSG00000173641	4.730932364151065e-05
ENSG00000164244	4.7302228343288995e-05
ENSG00000167130	4.723427326518143e-05
ENSG00000163956	4.723230467811022e-05
ENSG00000160131	4.7222154909671655e-05
ENSG00000129990	4.721318431898741e-05
ENSG00000137101	4.717112632335027e-05
ENSG00000089012	4.716793485054921e-05
ENSG00000100263	4.716603707937916e-05
ENSG00000162009	4.714050320598837e-05
ENSG00000087495	4.711510909466871e-05
ENSG00000140320	4.710040521473043e-05
ENSG00000145495	4.70940001878922e-05
ENSG00000130176	4.7072673902881726e-05
ENSG00000120742	4.706386626638921e-05
ENSG00000104472	4.705799031716535e-05
ENSG00000114270	4.703655847131416e-05
ENSG00000124731	4.7023393899659486e-05
ENSG00000147081	4.699947948212755e-05
ENSG00000168875	4.6946821023510734e-05
ENSG00000160307	4.6938468996879015e-05
ENSG00000179151	4.68932111356308e-05
ENSG00000185019	4.6874287073324055e-05
ENSG00000101856	4.686767870924529e-05
ENSG00000163673	4.6866519934270945e-05
ENSG00000148719	4.685906563999454e-05
ENSG00000138617	4.6853645829392115e-05
ENSG00000011258	4.683743943361868e-05
ENSG00000204316	4.682307945464704e-05
ENSG00000162980	4.68001507218472e-05
ENSG00000198626	4.6791225579648175e-05
ENSG00000177628	4.6780185963696634e-05
ENSG00000128567	4.676372645846137e-05
ENSG00000113389	4.6760963602150735e-05
ENSG00000158623	4.675000649635326e-05
ENSG00000111647	4.672123602943609e-05
ENSG00000149792	4.670885772883728e-05
ENSG00000129422	4.67082344052465e-05
ENSG00000196083	4.669089380829507e-05
ENSG00000127951	4.668469123702124e-05
ENSG00000187151	4.667237431780407e-05
ENSG00000111726	4.665329718914196e-05
ENSG00000182923	4.664459025535917e-05
ENSG00000016082	4.663148086375961e-05
ENSG00000175213	4.662831901569565e-05
ENSG00000082068	4.662594879560223e-05
ENSG00000165675	4.662533644856193e-05
ENSG00000133250	4.6607007105438216e-05
ENSG00000103342	4.659021388507805e-05
ENSG00000168884	4.657604009081346e-05
ENSG00000090686	4.6573107068438116e-05
ENSG00000274577	4.651032837134598e-05
ENSG00000205220	4.6493367377949666e-05
ENSG00000196505	4.648818896508083e-05
ENSG00000169062	4.648195969782711e-05
ENSG00000023318	4.6478725407378234e-05
ENSG00000115350	4.647515153588856e-05
ENSG00000197728	4.6462133161477955e-05
ENSG00000156467	4.644305982178267e-05
ENSG00000136750	4.642707683363252e-05
ENSG00000054523	4.642558716218228e-05
ENSG00000241468	4.641710370008166e-05
ENSG00000120314	4.641384021414387e-05
ENSG00000152413	4.64077229541678e-05
ENSG00000136295	4.6392553041420635e-05
ENSG00000124333	4.6389761642240785e-05
ENSG00000205981	4.638569229417874e-05
ENSG00000100034	4.637373154058631e-05
ENSG00000131652	4.637098682412616e-05
ENSG00000262473	4.636806376163532e-05
ENSG00000242372	4.635730558658314e-05
ENSG00000147378	4.6350655289075716e-05
ENSG00000156973	4.634669709894962e-05
ENSG00000171812	4.634560677239808e-05
ENSG00000206527	4.633472491207627e-05
ENSG00000249915	4.629218066426916e-05
ENSG00000106809	4.6289557290450085e-05
ENSG00000168818	4.628225532769234e-05
ENSG00000223367	4.6272134263955273e-05
ENSG00000104812	4.62595417216507e-05
ENSG00000160584	4.625293140975337e-05
ENSG00000014123	4.622037906480127e-05
ENSG00000038532	4.621790767790302e-05
ENSG00000125877	4.621170974088372e-05
ENSG00000159256	4.6122205458132736e-05
ENSG00000087085	4.609400734662433e-05
ENSG00000198799	4.608123301890915e-05
ENSG00000048392	4.6065484542309156e-05
ENSG00000184672	4.6062277444139156e-05
ENSG00000134321	4.604922914967061e-05
ENSG00000100242	4.604751352668532e-05
ENSG00000198612	4.603014118462557e-05
ENSG00000150401	4.602831243024111e-05
ENSG00000169223	4.602745455297276e-05
ENSG00000082996	4.602237380517477e-05
ENSG00000104967	4.601733814331717e-05
ENSG00000196663	4.596941850687078e-05
ENSG00000101199	4.596824262616607e-05
ENSG00000103495	4.594404932367911e-05
ENSG00000162373	4.592159951564628e-05
ENSG00000164442	4.590699700593535e-05
ENSG00000185551	4.588593539563455e-05
ENSG00000110876	4.5884412165835414e-05
ENSG00000102172	4.5869248192910144e-05
ENSG00000100852	4.586510735135411e-05
ENSG00000170374	4.585511347557328e-05
ENSG00000118200	4.582511844321221e-05
ENSG00000012983	4.578998826364353e-05
ENSG00000161634	4.5769957457875314e-05
ENSG00000144674	4.5742343761772374e-05
ENSG00000108176	4.562874446448944e-05
ENSG00000186184	4.56266033345275e-05
ENSG00000196652	4.562630745432482e-05
ENSG00000175063	4.562058390368135e-05
ENSG00000117614	4.555196573480372e-05
ENSG00000182541	4.554777855481724e-05
ENSG00000171103	4.554194288123595e-05
ENSG00000170743	4.553754476650782e-05
ENSG00000131236	4.5537100357773816e-05
ENSG00000133454	4.553234119939834e-05
ENSG00000265190	4.553004068381894e-05
ENSG00000161999	4.552360999767744e-05
ENSG00000175581	4.552311038051319e-05
ENSG00000133316	4.552210615245351e-05
ENSG00000108588	4.5507106695675606e-05
ENSG00000137672	4.548791099640625e-05
ENSG00000165525	4.547401667063361e-05
ENSG00000162642	4.547158136273535e-05
ENSG00000150681	4.542827158483398e-05
ENSG00000071575	4.5427314268563705e-05
ENSG00000179242	4.540815676047449e-05
ENSG00000198912	4.539412547063365e-05
ENSG00000165609	4.5378677925123805e-05
ENSG00000125861	4.5307397043572463e-05
ENSG00000144029	4.53033450575953e-05
ENSG00000160410	4.529773020580712e-05
ENSG00000165556	4.529010910366899e-05
ENSG00000136810	4.528155401938472e-05
ENSG00000179841	4.5271908326835385e-05
ENSG00000124279	4.526057515620258e-05
ENSG00000135148	4.525738535391296e-05
ENSG00000065548	4.525173068852079e-05
ENSG00000124882	4.522969498357894e-05
ENSG00000166685	4.522765897993864e-05
ENSG00000105258	4.521800362343579e-05
ENSG00000186642	4.521474282311489e-05
ENSG00000167768	4.5212964782736645e-05
ENSG00000138175	4.5212529508849704e-05
ENSG00000141873	4.520849034948107e-05
ENSG00000174943	4.5205767021963744e-05
ENSG00000276726	4.520084046864845e-05
ENSG00000197696	4.51922356689288e-05
ENSG00000160993	4.5181148701640946e-05
ENSG00000136950	4.5179165928690285e-05
ENSG00000101444	4.515038439333046e-05
ENSG00000142546	4.5143193244568125e-05
ENSG00000087111	4.5133250971085524e-05
ENSG00000100150	4.5130452876870475e-05
ENSG00000189023	4.5125536473258096e-05
ENSG00000110075	4.51149863732736e-05
ENSG00000115008	4.5094512604923656e-05
ENSG00000148798	4.5088712766348384e-05
ENSG00000176142	4.5025651090522503e-05
ENSG00000125746	4.5019780326238606e-05
ENSG00000160199	4.501938015487336e-05
ENSG00000250506	4.5018338961038784e-05
ENSG00000166136	4.495370196650411e-05
ENSG00000072134	4.4953631005051394e-05
ENSG00000081721	4.494902045094451e-05
ENSG00000105438	4.492072883246332e-05
ENSG00000129219	4.4916729874900307e-05
ENSG00000140326	4.491492480091693e-05
ENSG00000165804	4.490474484264584e-05
ENSG00000107562	4.489906905766785e-05
ENSG00000167118	4.486939778048046e-05
ENSG00000137642	4.4852341698296194e-05
ENSG00000144744	4.4824445349275784e-05
ENSG00000006611	4.481030531677846e-05
ENSG00000137815	4.479515530096267e-05
ENSG00000185344	4.4782245647477104e-05
ENSG00000282956	4.4754666531315206e-05
ENSG00000134109	4.4733324042265514e-05
ENSG00000068976	4.4726836246362906e-05
ENSG00000123080	4.4725590814238695e-05
ENSG00000258839	4.47051387825111e-05
ENSG00000171988	4.4701411493099575e-05
ENSG00000168763	4.467702089906405e-05
ENSG00000165629	4.4667066334470595e-05
ENSG00000158560	4.4658597232344666e-05
ENSG00000141161	4.4655436785491875e-05
ENSG00000010803	4.4623823380830446e-05
ENSG00000132912	4.461868690267486e-05
ENSG00000170242	4.459901680543467e-05
ENSG00000138741	4.457224504185233e-05
ENSG00000159882	4.4568819153930353e-05
ENSG00000160182	4.4565401744008975e-05
ENSG00000025423	4.452682591864886e-05
ENSG00000182199	4.452613785100291e-05
ENSG00000182899	4.450703791664074e-05
ENSG00000135317	4.449748964455384e-05
ENSG00000172403	4.449661339011449e-05
ENSG00000164258	4.448729889201587e-05
ENSG00000101955	4.447432236449425e-05
ENSG00000104299	4.4459320179286874e-05
ENSG00000184979	4.44454083919443e-05
ENSG00000135632	4.443676159997366e-05
ENSG00000033178	4.441880462540582e-05
ENSG00000177971	4.44131238717082e-05
ENSG00000105664	4.440286397665381e-05
ENSG00000019505	4.439782523873325e-05
ENSG00000144227	4.439438527880835e-05
ENSG00000152242	4.439375134878028e-05
ENSG00000079156	4.437449107338316e-05
ENSG00000115274	4.4357118802901655e-05
ENSG00000105679	4.4357089730768404e-05
ENSG00000065882	4.435453680508417e-05
ENSG00000078053	4.433651017825362e-05
ENSG00000170260	4.431962094546626e-05
ENSG00000132031	4.430185740596947e-05
ENSG00000135480	4.429865088622021e-05
ENSG00000136487	4.429849290356306e-05
ENSG00000182333	4.4297438211240094e-05
ENSG00000282958	4.427504056028622e-05
ENSG00000177301	4.4259204353119e-05
ENSG00000126858	4.4237829380982183e-05
ENSG00000143553	4.423564218659849e-05
ENSG00000066135	4.4225027780245685e-05
ENSG00000167202	4.421636825464844e-05
ENSG00000198843	4.4208577390454046e-05
ENSG00000144848	4.418354343692605e-05
ENSG00000121236	4.418280470984108e-05
ENSG00000180447	4.417199139275806e-05
ENSG00000138660	4.4158978064786835e-05
ENSG00000130830	4.415182924489579e-05
ENSG00000126860	4.4088139423105584e-05
ENSG00000138326	4.4084966155538284e-05
ENSG00000134318	4.4083008284509165e-05
ENSG00000056972	4.404650759820874e-05
ENSG00000082781	4.40376064661305e-05
ENSG00000085063	4.403617080350203e-05
ENSG00000049130	4.402322137582595e-05
ENSG00000188191	4.401732706651615e-05
ENSG00000168246	4.401663740236359e-05
ENSG00000163879	4.3990354629602245e-05
ENSG00000099968	4.3985391966733003e-05
ENSG00000288453	4.395698465310623e-05
ENSG00000146909	4.3953854948511194e-05
ENSG00000111196	4.3944783163139745e-05
ENSG00000112357	4.393186129891355e-05
ENSG00000156853	4.3929737159818856e-05
ENSG00000067533	4.392881124203366e-05
ENSG00000113248	4.3921271585478744e-05
ENSG00000091409	4.390741112991146e-05
ENSG00000164332	4.388843491303971e-05
ENSG00000146425	4.386012231731637e-05
ENSG00000154832	4.3837743227146996e-05
ENSG00000163935	4.383152311394703e-05
ENSG00000185245	4.382473532917152e-05
ENSG00000156738	4.382349700840623e-05
ENSG00000102385	4.3799545865886494e-05
ENSG00000109079	4.379877835893867e-05
ENSG00000130520	4.373977093705547e-05
ENSG00000119705	4.373299967387408e-05
ENSG00000170122	4.3731374954111954e-05
ENSG00000274726	4.372808583196887e-05
ENSG00000104626	4.3714311130326e-05
ENSG00000101280	4.370612051780385e-05
ENSG00000178538	4.367533008155704e-05
ENSG00000101247	4.365318737612291e-05
ENSG00000100239	4.364039131090281e-05
ENSG00000173141	4.3638442009656196e-05
ENSG00000057252	4.3627952118863996e-05
ENSG00000138411	4.360311371011535e-05
ENSG00000138777	4.359770744830882e-05
ENSG00000126233	4.358308693271129e-05
ENSG00000197123	4.357446247169286e-05
ENSG00000198929	4.3564305935922475e-05
ENSG00000142949	4.356428466603174e-05
ENSG00000160200	4.3559153447754314e-05
ENSG00000167657	4.3533757766713315e-05
ENSG00000152484	4.352736859513252e-05
ENSG00000175110	4.350979511019733e-05
ENSG00000104327	4.3497895668744034e-05
ENSG00000262795	4.3445037591146865e-05
ENSG00000163017	4.3412370485434876e-05
ENSG00000149781	4.3392389608976904e-05
ENSG00000288301	4.339139362901277e-05
ENSG00000170638	4.338384877107035e-05
ENSG00000076928	4.3377376007396465e-05
ENSG00000100526	4.3376333034790954e-05
ENSG00000179604	4.337316893411974e-05
ENSG00000072310	4.336902400874507e-05
ENSG00000047634	4.335812636959399e-05
ENSG00000144426	4.333667741524374e-05
ENSG00000186265	4.332505567527381e-05
ENSG00000170775	4.3318064256263234e-05
ENSG00000137601	4.329369979930151e-05
ENSG00000114019	4.327213263349818e-05
ENSG00000170369	4.3261839794114835e-05
ENSG00000013503	4.324790484940284e-05
ENSG00000129991	4.324371465191261e-05
ENSG00000050730	4.3209034378553646e-05
ENSG00000138190	4.3205892547020915e-05
ENSG00000137338	4.319449987776837e-05
ENSG00000151632	4.318927161783491e-05
ENSG00000248333	4.3183162329956216e-05
ENSG00000151657	4.3178179037750356e-05
ENSG00000278023	4.3177854682639945e-05
ENSG00000171360	4.317780448887152e-05
ENSG00000183048	4.315630010831589e-05
ENSG00000275045	4.3136484570668234e-05
ENSG00000185798	4.312350796414684e-05
ENSG00000285193	4.312308133256903e-05
ENSG00000145864	4.3103195979769506e-05
ENSG00000071967	4.3102597694044236e-05
ENSG00000133103	4.3087327929289886e-05
ENSG00000124713	4.306761644248915e-05
ENSG00000003987	4.306718279011558e-05
ENSG00000087086	4.304669469460484e-05
ENSG00000109472	4.303400689780843e-05
ENSG00000168118	4.3031187305065584e-05
ENSG00000107165	4.2996702005070536e-05
ENSG00000118526	4.2987415093539355e-05
ENSG00000116685	4.298352740311322e-05
ENSG00000126226	4.296586355940882e-05
ENSG00000005801	4.29655762095214e-05
ENSG00000275555	4.2964309483528544e-05
ENSG00000177200	4.296052128711348e-05
ENSG00000137845	4.293481338605415e-05
ENSG00000167797	4.293157140505034e-05
ENSG00000041982	4.2923991887028325e-05
ENSG00000178750	4.2919785208284014e-05
ENSG00000092841	4.2895807162868446e-05
ENSG00000113384	4.289185257552382e-05
ENSG00000174576	4.2890006377938716e-05
ENSG00000288407	4.2884666086959885e-05
ENSG00000160445	4.2877062134826076e-05
ENSG00000184363	4.286852983782573e-05
ENSG00000242616	4.285453907068004e-05
ENSG00000124733	4.28468343020585e-05
ENSG00000119844	4.28282447095647e-05
ENSG00000126768	4.2822390146402494e-05
ENSG00000124557	4.281967994458893e-05
ENSG00000149091	4.281881867355095e-05
ENSG00000164609	4.2817355790015756e-05
ENSG00000162849	4.28058967976649e-05
ENSG00000014824	4.277310001307414e-05
ENSG00000047056	4.277068698900307e-05
ENSG00000197461	4.274951332655645e-05
ENSG00000163600	4.27318107293525e-05
ENSG00000058404	4.273104971887234e-05
ENSG00000175003	4.2721070677001374e-05
ENSG00000196284	4.2700670849819605e-05
ENSG00000057593	4.2694751149192774e-05
ENSG00000110148	4.269357237186397e-05
ENSG00000120805	4.268962382340177e-05
ENSG00000125508	4.267256883704724e-05
ENSG00000240505	4.26655820249077e-05
ENSG00000273859	4.263173915791082e-05
ENSG00000174989	4.2606699042957314e-05
ENSG00000123992	4.2605968108792496e-05
ENSG00000152661	4.259518640617421e-05
ENSG00000154133	4.257632419062462e-05
ENSG00000108506	4.252654845842574e-05
ENSG00000103671	4.2526040457948744e-05
ENSG00000142892	4.25083289310088e-05
ENSG00000145194	4.249045560852758e-05
ENSG00000160305	4.248107865749347e-05
ENSG00000171497	4.2466375334808924e-05
ENSG00000100234	4.2456523635000365e-05
ENSG00000139645	4.2448266536620084e-05
ENSG00000175294	4.2446669613114184e-05
ENSG00000118271	4.242811187702424e-05
ENSG00000197283	4.239729289973437e-05
ENSG00000138375	4.237829043134195e-05
ENSG00000156603	4.236582133287675e-05
ENSG00000172009	4.2365709183908476e-05
ENSG00000173272	4.2356766957485015e-05
ENSG00000163531	4.235059418118104e-05
ENSG00000142252	4.232775784333129e-05
ENSG00000170604	4.2295767840896037e-05
ENSG00000101745	4.229392947974339e-05
ENSG00000167815	4.226209887519524e-05
ENSG00000255112	4.2257152522762546e-05
ENSG00000176022	4.2245938480447664e-05
ENSG00000134765	4.222974061081606e-05
ENSG00000138785	4.221631230155813e-05
ENSG00000116688	4.2205930349105365e-05
ENSG00000214253	4.2196297608972135e-05
ENSG00000198838	4.2193896035359524e-05
ENSG00000206052	4.217083992878937e-05
ENSG00000164082	4.216244795746023e-05
ENSG00000167196	4.2150671083240865e-05
ENSG00000133935	4.213179848895861e-05
ENSG00000070785	4.212716193532513e-05
ENSG00000196678	4.2125808297225024e-05
ENSG00000173110	4.212535198568131e-05
ENSG00000120251	4.211083876705531e-05
ENSG00000129696	4.210058150577516e-05
ENSG00000171189	4.208704285806978e-05
ENSG00000124006	4.2052887750611924e-05
ENSG00000109790	4.204536224629278e-05
ENSG00000171469	4.203706878195132e-05
ENSG00000120658	4.20137278482333e-05
ENSG00000135597	4.199073022091931e-05
ENSG00000105771	4.194314250309685e-05
ENSG00000115073	4.1937041690760777e-05
ENSG00000113068	4.1933574625946245e-05
ENSG00000140943	4.192588264414571e-05
ENSG00000179912	4.19079667246972e-05
ENSG00000019582	4.1896991469206506e-05
ENSG00000186439	4.1887328947991385e-05
ENSG00000141503	4.188603128623622e-05
ENSG00000176046	4.188265563251963e-05
ENSG00000100997	4.186430285841899e-05
ENSG00000163864	4.1845533570106314e-05
ENSG00000164086	4.1838924474091655e-05
ENSG00000141026	4.181543734151815e-05
ENSG00000108788	4.181410601595514e-05
ENSG00000129347	4.180341229719963e-05
ENSG00000134882	4.1797644038050395e-05
ENSG00000075089	4.179763573374868e-05
ENSG00000166411	4.1793807096386785e-05
ENSG00000172869	4.1783846004013056e-05
ENSG00000099864	4.178370879830021e-05
ENSG00000115540	4.1778666522990025e-05
ENSG00000119760	4.177264429700611e-05
ENSG00000134910	4.1741016499598155e-05
ENSG00000025293	4.172317119841907e-05
ENSG00000187840	4.171495953417844e-05
ENSG00000174842	4.166881519827174e-05
ENSG00000151465	4.166257731936674e-05
ENSG00000111554	4.165190641870406e-05
ENSG00000272391	4.164124865034191e-05
ENSG00000157796	4.161433521693906e-05
ENSG00000181827	4.1596197225111804e-05
ENSG00000281449	4.1589368099074894e-05
ENSG00000081320	4.158583181214296e-05
ENSG00000169410	4.156933158458482e-05
ENSG00000115548	4.153557988960445e-05
ENSG00000145708	4.152650995966335e-05
ENSG00000144354	4.152180169141076e-05
ENSG00000162511	4.150256514604965e-05
ENSG00000231377	4.148263599429093e-05
ENSG00000008324	4.146961486106171e-05
ENSG00000096433	4.145760549772554e-05
ENSG00000108528	4.144363600137037e-05
ENSG00000082556	4.143956861239828e-05
ENSG00000172986	4.142129892485721e-05
ENSG00000167977	4.141494043879329e-05
ENSG00000170653	4.140711168174022e-05
ENSG00000169862	4.139488157865781e-05
ENSG00000107611	4.1387559425116523e-05
ENSG00000125780	4.1371540198781114e-05
ENSG00000025039	4.1366185725236544e-05
ENSG00000137124	4.135909093841595e-05
ENSG00000231924	4.135784480912577e-05
ENSG00000126353	4.135483343092489e-05
ENSG00000148291	4.1306486497604016e-05
ENSG00000138495	4.127826710319073e-05
ENSG00000163754	4.127354895574976e-05
ENSG00000145916	4.12724457814997e-05
ENSG00000281089	4.123716346326296e-05
ENSG00000113448	4.123373767753056e-05
ENSG00000259494	4.121214817034834e-05
ENSG00000137478	4.121179011577444e-05
ENSG00000136159	4.1170766951279666e-05
ENSG00000124508	4.11645386406118e-05
ENSG00000167941	4.116162571482748e-05
ENSG00000170577	4.115712711680634e-05
ENSG00000198301	4.115063638917448e-05
ENSG00000173898	4.114338392607101e-05
ENSG00000100461	4.1133851892584314e-05
ENSG00000170370	4.112818875430276e-05
ENSG00000107554	4.11264660087855e-05
ENSG00000131095	4.1123378723879466e-05
ENSG00000169509	4.1094423689792794e-05
ENSG00000205302	4.108399606546724e-05
ENSG00000143355	4.10704188955879e-05
ENSG00000036672	4.10648628077897e-05
ENSG00000187626	4.105925707540666e-05
ENSG00000160087	4.105361343528778e-05
ENSG00000115661	4.1048793226572186e-05
ENSG00000145623	4.104118491715496e-05
ENSG00000276262	4.103099096428808e-05
ENSG00000115514	4.101833624769789e-05
ENSG00000006715	4.1007098654725904e-05
ENSG00000196189	4.09963347329922e-05
ENSG00000103154	4.099549402567633e-05
ENSG00000147246	4.097400731976046e-05
ENSG00000283447	4.0953615297281745e-05
ENSG00000114107	4.0938045317573926e-05
ENSG00000124198	4.093580134762763e-05
ENSG00000137726	4.0921432925153934e-05
ENSG00000111832	4.088276549851658e-05
ENSG00000010278	4.087421144105499e-05
ENSG00000142039	4.086867607597373e-05
ENSG00000107281	4.085253860813344e-05
ENSG00000174963	4.084112278365039e-05
ENSG00000127578	4.083607901533718e-05
ENSG00000130724	4.082070907190302e-05
ENSG00000159228	4.080365724224607e-05
ENSG00000188807	4.0800126638858094e-05
ENSG00000106992	4.079270917089716e-05
ENSG00000157514	4.078892765577474e-05
ENSG00000143420	4.078834794296508e-05
ENSG00000107560	4.07751309390062e-05
ENSG00000185619	4.0749244302397206e-05
ENSG00000115211	4.07261560446363e-05
ENSG00000081087	4.071610195163792e-05
ENSG00000110104	4.070184618146743e-05
ENSG00000064545	4.070132330467438e-05
ENSG00000182325	4.068890100341454e-05
ENSG00000248746	4.068291141990194e-05
ENSG00000255302	4.0656890150919804e-05
ENSG00000012223	4.0654751462448156e-05
ENSG00000130300	4.0650522295724376e-05
ENSG00000130559	4.0641913463132364e-05
ENSG00000099326	4.063464850082739e-05
ENSG00000122741	4.063214210415376e-05
ENSG00000134594	4.060015356205732e-05
ENSG00000115295	4.059157119195291e-05
ENSG00000113273	4.0574991597780566e-05
ENSG00000284021	4.0572869849435554e-05
ENSG00000170948	4.056917314912515e-05
ENSG00000164466	4.056654061014781e-05
ENSG00000087269	4.05369052013335e-05
ENSG00000173559	4.0532657791546226e-05
ENSG00000169895	4.051638970014691e-05
ENSG00000157216	4.0514190191325646e-05
ENSG00000186496	4.051350760467347e-05
ENSG00000232839	4.0509521046011073e-05
ENSG00000064726	4.050517636831435e-05
ENSG00000136938	4.0503705259972054e-05
ENSG00000165322	4.046652570221646e-05
ENSG00000109674	4.0426660837830945e-05
ENSG00000107949	4.040866131438073e-05
ENSG00000113272	4.040353797708374e-05
ENSG00000197056	4.039575555292669e-05
ENSG00000155906	4.039128636518556e-05
ENSG00000168267	4.035154961038548e-05
ENSG00000121058	4.034149169383323e-05
ENSG00000132026	4.033021925980034e-05
ENSG00000173542	4.032562270025181e-05
ENSG00000141433	4.0310963751967105e-05
ENSG00000005102	4.0304775713023586e-05
ENSG00000205809	4.028045030618239e-05
ENSG00000186074	4.027280664654702e-05
ENSG00000267796	4.0262077835487074e-05
ENSG00000183625	4.02568216136408e-05
ENSG00000156256	4.021609477215887e-05
ENSG00000119383	4.0199004264383754e-05
ENSG00000106086	4.019537253658237e-05
ENSG00000166535	4.0191234659504144e-05
ENSG00000182580	4.0152768671971856e-05
ENSG00000176194	4.015059149104723e-05
ENSG00000188064	4.014687770572142e-05
ENSG00000183813	4.014092517210357e-05
ENSG00000089220	4.012960811070874e-05
ENSG00000110680	4.012525058577421e-05
ENSG00000126247	4.012183423222824e-05
ENSG00000169021	4.010562944654229e-05
ENSG00000109099	4.008949001977408e-05
ENSG00000115234	4.008737029227401e-05
ENSG00000071994	4.007599404037109e-05
ENSG00000143590	4.0073605470152294e-05
ENSG00000119614	4.006473223039838e-05
ENSG00000171222	4.006265407587829e-05
ENSG00000145494	4.0059674167361704e-05
ENSG00000189180	4.004359603730393e-05
ENSG00000028203	4.0041247048079414e-05
ENSG00000143570	4.003663915828616e-05
ENSG00000163527	4.0035076432795015e-05
ENSG00000036054	4.0034525821878555e-05
ENSG00000273889	4.002840580250508e-05
ENSG00000057294	4.001679843977056e-05
ENSG00000126759	4.000200712756088e-05
ENSG00000141298	3.9995560514765366e-05
ENSG00000109943	3.999476970500798e-05
ENSG00000205155	3.998943374903189e-05
ENSG00000115866	3.9974260634917505e-05
ENSG00000273594	3.99716335394939e-05
ENSG00000063601	3.996457697601284e-05
ENSG00000135912	3.9960865454847866e-05
ENSG00000115009	3.993001750442876e-05
ENSG00000104154	3.992988910038017e-05
ENSG00000158473	3.992383818933235e-05
ENSG00000111676	3.9921063469812596e-05
ENSG00000111796	3.9918631779881326e-05
ENSG00000087903	3.99048298698497e-05
ENSG00000187244	3.988953215386799e-05
ENSG00000114631	3.988845614573257e-05
ENSG00000031698	3.987312420839229e-05
ENSG00000135862	3.9867253822306865e-05
ENSG00000165819	3.985356651396438e-05
ENSG00000168393	3.984145569078009e-05
ENSG00000154370	3.9841329517949426e-05
ENSG00000152683	3.98338879900218e-05
ENSG00000185482	3.9828135453708775e-05
ENSG00000143257	3.982356980029046e-05
ENSG00000156345	3.981503302032397e-05
ENSG00000112214	3.980418690493865e-05
ENSG00000108509	3.979301988295807e-05
ENSG00000171793	3.9786171767712685e-05
ENSG00000101473	3.977831028605543e-05
ENSG00000170340	3.976850788810639e-05
ENSG00000277586	3.975077647804833e-05
ENSG00000174175	3.9690746303196726e-05
ENSG00000277462	3.9689486739247864e-05
ENSG00000007080	3.9681512857712734e-05
ENSG00000185238	3.9680539470896055e-05
ENSG00000152049	3.966259315845429e-05
ENSG00000083307	3.965615342710734e-05
ENSG00000181027	3.963224668816928e-05
ENSG00000160785	3.9632144291490895e-05
ENSG00000171763	3.961715141716736e-05
ENSG00000119523	3.961237074458976e-05
ENSG00000189367	3.961170331916063e-05
ENSG00000123545	3.958964132678679e-05
ENSG00000198650	3.958125683653066e-05
ENSG00000182985	3.9565010642855505e-05
ENSG00000130758	3.9560252133433314e-05
ENSG00000115970	3.952670602574781e-05
ENSG00000162148	3.9499535480405076e-05
ENSG00000184916	3.949476223993876e-05
ENSG00000113905	3.9490133507131575e-05
ENSG00000176988	3.9479192840449344e-05
ENSG00000171488	3.9468119075595164e-05
ENSG00000185008	3.9456927962051435e-05
ENSG00000105058	3.945261985328818e-05
ENSG00000124491	3.9443545289718566e-05
ENSG00000185875	3.9434932061714785e-05
ENSG00000058673	3.943313766509701e-05
ENSG00000174804	3.9399206599380006e-05
ENSG00000130024	3.9381033958733227e-05
ENSG00000139151	3.9375243034335456e-05
ENSG00000174307	3.9374612745887e-05
ENSG00000078668	3.934806179418917e-05
ENSG00000164296	3.933866629943446e-05
ENSG00000134852	3.933625009045021e-05
ENSG00000145088	3.9316835855571614e-05
ENSG00000179915	3.931328907123661e-05
ENSG00000066136	3.9311106331792814e-05
ENSG00000073711	3.927554602736658e-05
ENSG00000272398	3.926816067322079e-05
ENSG00000185608	3.925319684169365e-05
ENSG00000151498	3.9246720815606e-05
ENSG00000100129	3.9225097612664315e-05
ENSG00000140400	3.920949892541823e-05
ENSG00000172819	3.9190820176795196e-05
ENSG00000116584	3.91907095918285e-05
ENSG00000048342	3.9175773870505746e-05
ENSG00000243646	3.915944176905969e-05
ENSG00000127526	3.915708879088454e-05
ENSG00000242265	3.9154367427800504e-05
ENSG00000169641	3.9145858961531174e-05
ENSG00000247626	3.914538667755242e-05
ENSG00000168925	3.9128284469721266e-05
ENSG00000118655	3.9115030506837996e-05
ENSG00000163347	3.911149427846886e-05
ENSG00000172399	3.9094807689277346e-05
ENSG00000163346	3.9085700987786354e-05
ENSG00000183304	3.900402744840177e-05
ENSG00000107874	3.900378175652817e-05
ENSG00000136160	3.9001632716708075e-05
ENSG00000129562	3.899133385138711e-05
ENSG00000149798	3.8939859359147144e-05
ENSG00000139289	3.8930042732660185e-05
ENSG00000133169	3.8915574176112894e-05
ENSG00000137168	3.8910258085621835e-05
ENSG00000102144	3.88629575148235e-05
ENSG00000168754	3.8855156388093576e-05
ENSG00000144852	3.885135940965628e-05
ENSG00000197024	3.883956277728732e-05
ENSG00000198276	3.883935114355028e-05
ENSG00000262666	3.883909556964214e-05
ENSG00000182022	3.883668360301657e-05
ENSG00000161544	3.8784694135191505e-05
ENSG00000105939	3.876160421383501e-05
ENSG00000268606	3.875277424589909e-05
ENSG00000153395	3.8750087061635346e-05
ENSG00000119973	3.872502948107984e-05
ENSG00000169972	3.870068400368073e-05
ENSG00000198547	3.8695356502574573e-05
ENSG00000188883	3.868514723883273e-05
ENSG00000132424	3.8681554292129995e-05
ENSG00000099860	3.867827649136264e-05
ENSG00000198910	3.866558957456936e-05
ENSG00000131831	3.866270254544206e-05
ENSG00000166938	3.865442332373236e-05
ENSG00000134020	3.864925799602721e-05
ENSG00000165283	3.864482049435001e-05
ENSG00000137218	3.8641442224573256e-05
ENSG00000130544	3.86390229329964e-05
ENSG00000136928	3.86309191319181e-05
ENSG00000126602	3.859307873824638e-05
ENSG00000163512	3.857063669726896e-05
ENSG00000205138	3.857061871075587e-05
ENSG00000174276	3.855556743304365e-05
ENSG00000118680	3.855488332071015e-05
ENSG00000277633	3.855202155033207e-05
ENSG00000173153	3.851146884689261e-05
ENSG00000165632	3.847201895570223e-05
ENSG00000168807	3.8441024327592844e-05
ENSG00000143164	3.843132939563319e-05
ENSG00000241343	3.841991702885868e-05
ENSG00000131495	3.8417160818902854e-05
ENSG00000122136	3.841587497133486e-05
ENSG00000164076	3.841528023109779e-05
ENSG00000197858	3.840270292993657e-05
ENSG00000285443	3.839541464144141e-05
ENSG00000105701	3.83496078554194e-05
ENSG00000124067	3.833796468665271e-05
ENSG00000233801	3.8316466577318214e-05
ENSG00000140374	3.8293511905676445e-05
ENSG00000260325	3.829035056062347e-05
ENSG00000129221	3.8284799278038945e-05
ENSG00000110047	3.825494265110521e-05
ENSG00000274211	3.825279967329339e-05
ENSG00000158014	3.8244145514626283e-05
ENSG00000177425	3.821717168640613e-05
ENSG00000168014	3.820935594525275e-05
ENSG00000035499	3.8196405865722695e-05
ENSG00000175592	3.818902830142163e-05
ENSG00000069424	3.817538235129825e-05
ENSG00000067445	3.817249256505745e-05
ENSG00000196092	3.816061467307633e-05
ENSG00000277571	3.815366052075949e-05
ENSG00000167216	3.8146288285482946e-05
ENSG00000082212	3.814335940082869e-05
ENSG00000145912	3.809336668955853e-05
ENSG00000187796	3.806466116855781e-05
ENSG00000172197	3.805147053125045e-05
ENSG00000105141	3.802616593083247e-05
ENSG00000166670	3.800048251894304e-05
ENSG00000128683	3.799446258394926e-05
ENSG00000134184	3.79751793265499e-05
ENSG00000106484	3.7959261482170884e-05
ENSG00000105538	3.7952643117096644e-05
ENSG00000114738	3.7947020585184125e-05
ENSG00000120709	3.7938089336936315e-05
ENSG00000179886	3.793582223931393e-05
ENSG00000186732	3.793555146940348e-05
ENSG00000160049	3.792746711987651e-05
ENSG00000173163	3.7916512093844896e-05
ENSG00000018236	3.791515371200607e-05
ENSG00000113504	3.79091977189039e-05
ENSG00000120333	3.786310980544631e-05
ENSG00000176058	3.784417995339692e-05
ENSG00000185010	3.7839346687594114e-05
ENSG00000013441	3.779645615211629e-05
ENSG00000181817	3.778716047743085e-05
ENSG00000089289	3.778345145682557e-05
ENSG00000111052	3.777912009477045e-05
ENSG00000025796	3.7768221135379425e-05
ENSG00000118557	3.7766224555537885e-05
ENSG00000125249	3.771924267159236e-05
ENSG00000152147	3.7697380624766374e-05
ENSG00000111670	3.768981367446003e-05
ENSG00000103111	3.7682685896380934e-05
ENSG00000198853	3.7677056638598365e-05
ENSG00000167034	3.76464432038105e-05
ENSG00000167515	3.76359956224236e-05
ENSG00000084070	3.762433156886195e-05
ENSG00000103196	3.7623963255208286e-05
ENSG00000184857	3.7618855015092945e-05
ENSG00000091181	3.760390642350632e-05
ENSG00000103091	3.759356110874011e-05
ENSG00000196220	3.759081909575749e-05
ENSG00000105778	3.756371328045423e-05
ENSG00000151239	3.755090924605504e-05
ENSG00000177879	3.754954530936887e-05
ENSG00000130299	3.754605789814826e-05
ENSG00000161509	3.754017531925343e-05
ENSG00000049245	3.753413145951071e-05
ENSG00000107651	3.753381131327252e-05
ENSG00000011454	3.750519485086529e-05
ENSG00000196136	3.750232605001589e-05
ENSG00000126775	3.750161024131157e-05
ENSG00000119509	3.7495469950461093e-05
ENSG00000111911	3.7447745951656695e-05
ENSG00000172809	3.744703619299282e-05
ENSG00000083720	3.744519720238257e-05
ENSG00000136802	3.7432005877364435e-05
ENSG00000146592	3.742806872009707e-05
ENSG00000132589	3.7423571305744775e-05
ENSG00000143669	3.740009634027419e-05
ENSG00000118690	3.7388392760976474e-05
ENSG00000178585	3.738768114770106e-05
ENSG00000101608	3.738134440923419e-05
ENSG00000114850	3.737554505867543e-05
ENSG00000131203	3.7355697560837134e-05
ENSG00000283510	3.7352119088638925e-05
ENSG00000138468	3.735095080499476e-05
ENSG00000159322	3.733996129575466e-05
ENSG00000168734	3.7312231064383553e-05
ENSG00000136689	3.731040508376371e-05
ENSG00000136935	3.7303297301318165e-05
ENSG00000134884	3.7302055154744585e-05
ENSG00000283068	3.722400372100543e-05
ENSG00000137975	3.7195375820856395e-05
ENSG00000158793	3.718187894731569e-05
ENSG00000123838	3.715827392191915e-05
ENSG00000180957	3.715408068261532e-05
ENSG00000103502	3.714861790351955e-05
ENSG00000115461	3.712579450361723e-05
ENSG00000110944	3.712524318429209e-05
ENSG00000187855	3.7107857677073896e-05
ENSG00000158042	3.7088820756122755e-05
ENSG00000241563	3.707971827101523e-05
ENSG00000124334	3.7072357413327884e-05
ENSG00000121542	3.70661946306836e-05
ENSG00000148606	3.706554005227589e-05
ENSG00000131668	3.7061608463380866e-05
ENSG00000102158	3.705494009811645e-05
ENSG00000064655	3.704755304790141e-05
ENSG00000197498	3.704477509267195e-05
ENSG00000158578	3.7044186212943705e-05
ENSG00000147684	3.704244459180207e-05
ENSG00000183979	3.703714527988408e-05
ENSG00000183971	3.703714527988408e-05
ENSG00000143376	3.702543378337351e-05
ENSG00000116678	3.7021115702995575e-05
ENSG00000105993	3.6998264542067194e-05
ENSG00000100429	3.697598095152714e-05
ENSG00000115317	3.697246876665172e-05
ENSG00000164342	3.69693607553882e-05
ENSG00000111245	3.69655931861794e-05
ENSG00000138646	3.6950557462722675e-05
ENSG00000223496	3.694752611208372e-05
ENSG00000170871	3.692192538935604e-05
ENSG00000138650	3.69158008117617e-05
ENSG00000206172	3.6880993666515375e-05
ENSG00000198589	3.687058589194456e-05
ENSG00000187147	3.686028873372645e-05
ENSG00000180104	3.683602037672009e-05
ENSG00000144893	3.6825324821981345e-05
ENSG00000183475	3.682059318895523e-05
ENSG00000173928	3.681251087001392e-05
ENSG00000065613	3.674298490958074e-05
ENSG00000151304	3.669593552106124e-05
ENSG00000162571	3.669468711323633e-05
ENSG00000001497	3.6684239867809436e-05
ENSG00000117906	3.668351331037635e-05
ENSG00000178372	3.66437894733461e-05
ENSG00000135272	3.6632221228632375e-05
ENSG00000101400	3.661788973086469e-05
ENSG00000091164	3.66078107828118e-05
ENSG00000100814	3.6586037688613276e-05
ENSG00000165792	3.658436277958479e-05
ENSG00000103710	3.6578779578797513e-05
ENSG00000017260	3.657224900931247e-05
ENSG00000143153	3.656255355470022e-05
ENSG00000166206	3.655920698818247e-05
ENSG00000105290	3.6557131319226315e-05
ENSG00000211890	3.655617895578358e-05
ENSG00000120686	3.655072400753801e-05
ENSG00000116830	3.6539840973007084e-05
ENSG00000127561	3.652608159332761e-05
ENSG00000172724	3.651190341705488e-05
ENSG00000168811	3.649151691060224e-05
ENSG00000133111	3.648870497327594e-05
ENSG00000168495	3.648176164587394e-05
ENSG00000243364	3.647502413693184e-05
ENSG00000130810	3.646111580686644e-05
ENSG00000138061	3.644368382772011e-05
ENSG00000149806	3.64267608781018e-05
ENSG00000166439	3.6426676778328556e-05
ENSG00000143556	3.640903118162086e-05
ENSG00000115677	3.6408949832453806e-05
ENSG00000196954	3.640444706154491e-05
ENSG00000104731	3.6402814659831105e-05
ENSG00000109424	3.638427123632925e-05
ENSG00000139714	3.637846534018152e-05
ENSG00000119685	3.63735880345471e-05
ENSG00000170748	3.6368489578709544e-05
ENSG00000163060	3.6364808489342436e-05
ENSG00000174130	3.636178487247737e-05
ENSG00000283060	3.6361782966834745e-05
ENSG00000175414	3.634513581642387e-05
ENSG00000147526	3.634112528363351e-05
ENSG00000177951	3.631096486783207e-05
ENSG00000143387	3.6307461129754115e-05
ENSG00000124939	3.6307265362928886e-05
ENSG00000182621	3.629915951141953e-05
ENSG00000011260	3.627316499826673e-05
ENSG00000168671	3.622980680392199e-05
ENSG00000180739	3.62186351556075e-05
ENSG00000160856	3.62060686155538e-05
ENSG00000088179	3.61895558814113e-05
ENSG00000249471	3.618934464151533e-05
ENSG00000006659	3.618912359228595e-05
ENSG00000211448	3.6183991252973064e-05
ENSG00000060709	3.617916158417629e-05
ENSG00000174123	3.617136893878074e-05
ENSG00000124126	3.6160457979416183e-05
ENSG00000162438	3.6153024435835805e-05
ENSG00000124217	3.612867530773372e-05
ENSG00000124155	3.6122419663883706e-05
ENSG00000175206	3.611840279825738e-05
ENSG00000205581	3.609325017899344e-05
ENSG00000164967	3.608056864880142e-05
ENSG00000276787	3.607932572062626e-05
ENSG00000070159	3.606614591804444e-05
ENSG00000103343	3.602346941388339e-05
ENSG00000172380	3.6002933592929505e-05
ENSG00000167641	3.5999101792960277e-05
ENSG00000164035	3.5996295195885814e-05
ENSG00000121957	3.593823516083648e-05
ENSG00000126749	3.589255865144276e-05
ENSG00000170619	3.5875511341571697e-05
ENSG00000100784	3.5853166385869536e-05
ENSG00000138030	3.5843628474868734e-05
ENSG00000198162	3.584284689603332e-05
ENSG00000173960	3.584235503543688e-05
ENSG00000091656	3.582500842792599e-05
ENSG00000101445	3.5819801985570046e-05
ENSG00000103540	3.581571156072429e-05
ENSG00000165282	3.578248291161137e-05
ENSG00000243284	3.5759320382647516e-05
ENSG00000102096	3.5757410068146984e-05
ENSG00000151967	3.574982150880269e-05
ENSG00000059691	3.5746352008109435e-05
ENSG00000165323	3.5732062627931896e-05
ENSG00000074755	3.5730864604100586e-05
ENSG00000109466	3.572422556963698e-05
ENSG00000153391	3.571911376488522e-05
ENSG00000118508	3.571749798468952e-05
ENSG00000140859	3.5709700629915446e-05
ENSG00000165912	3.570809431145796e-05
ENSG00000137809	3.570778200284427e-05
ENSG00000120242	3.570440344919764e-05
ENSG00000178175	3.570237059926093e-05
ENSG00000164161	3.5674526819439944e-05
ENSG00000138029	3.5670440110269195e-05
ENSG00000138381	3.566041437561969e-05
ENSG00000197971	3.564814946765607e-05
ENSG00000077943	3.56426373354521e-05
ENSG00000157240	3.5641506848503326e-05
ENSG00000111331	3.561420949771074e-05
ENSG00000128271	3.557098130378866e-05
ENSG00000282725	3.5552301336813644e-05
ENSG00000129159	3.554634944967704e-05
ENSG00000151640	3.553787152941826e-05
ENSG00000163273	3.5483823353550295e-05
ENSG00000092067	3.547948310411136e-05
ENSG00000047188	3.545378573498515e-05
ENSG00000166845	3.5441431810254865e-05
ENSG00000154556	3.544063917308312e-05
ENSG00000111665	3.5440129507486996e-05
ENSG00000143776	3.543708006624987e-05
ENSG00000152464	3.540724521117872e-05
ENSG00000136155	3.540702384657531e-05
ENSG00000146232	3.5395196917971074e-05
ENSG00000112874	3.538944492938879e-05
ENSG00000094841	3.5381376142472094e-05
ENSG00000153814	3.537613332803504e-05
ENSG00000073734	3.5364923926021264e-05
ENSG00000012504	3.531510491918372e-05
ENSG00000143819	3.531393985556364e-05
ENSG00000100325	3.531137427350178e-05
ENSG00000186470	3.528864055807025e-05
ENSG00000134216	3.527928653021427e-05
ENSG00000131773	3.527185177062477e-05
ENSG00000149177	3.526843901587173e-05
ENSG00000101311	3.526055987447163e-05
ENSG00000070087	3.524706302825843e-05
ENSG00000174010	3.524636121108138e-05
ENSG00000149016	3.522370010803567e-05
ENSG00000148672	3.521817258784894e-05
ENSG00000120925	3.5210079311004924e-05
ENSG00000130305	3.520642232120748e-05
ENSG00000145293	3.519305310526131e-05
ENSG00000225553	3.5191201216742496e-05
ENSG00000139644	3.518717325463612e-05
ENSG00000107223	3.515844835983586e-05
ENSG00000077585	3.5151762820223684e-05
ENSG00000162104	3.5111620992964634e-05
ENSG00000085449	3.510191209892529e-05
ENSG00000116729	3.508219180907471e-05
ENSG00000113734	3.507827867628048e-05
ENSG00000119185	3.507265131771747e-05
ENSG00000116095	3.503534071346095e-05
ENSG00000198734	3.5027514196562406e-05
ENSG00000091704	3.49930580506004e-05
ENSG00000100075	3.498624947609505e-05
ENSG00000257017	3.497413367720264e-05
ENSG00000175220	3.497235706563929e-05
ENSG00000151892	3.49670173696621e-05
ENSG00000177311	3.492925431957983e-05
ENSG00000101004	3.4904648442338267e-05
ENSG00000164117	3.488781722014001e-05
ENSG00000179750	3.487774326047586e-05
ENSG00000169213	3.487399346105337e-05
ENSG00000179041	3.486665496790116e-05
ENSG00000186130	3.484176642865672e-05
ENSG00000112782	3.48226362083985e-05
ENSG00000154277	3.481962824786737e-05
ENSG00000005981	3.4797448356746037e-05
ENSG00000170860	3.479006040230514e-05
ENSG00000196576	3.47891912313136e-05
ENSG00000162222	3.478744924210873e-05
ENSG00000258429	3.4784275330078457e-05
ENSG00000138813	3.477060661004901e-05
ENSG00000166111	3.4769168511099956e-05
ENSG00000100413	3.476652997712601e-05
ENSG00000175505	3.474890498415518e-05
ENSG00000221869	3.469533500586889e-05
ENSG00000178188	3.469228582685526e-05
ENSG00000158528	3.469008923045902e-05
ENSG00000069011	3.468969664265696e-05
ENSG00000213221	3.468644796316932e-05
ENSG00000155087	3.468125874144517e-05
ENSG00000163584	3.465515920946848e-05
ENSG00000127884	3.465508144052638e-05
ENSG00000164093	3.463829925851842e-05
ENSG00000186583	3.463431469479316e-05
ENSG00000091136	3.4622659613465175e-05
ENSG00000132600	3.4620010664863e-05
ENSG00000106803	3.4600607512584395e-05
ENSG00000099889	3.458974989297119e-05
ENSG00000164751	3.458605581291414e-05
ENSG00000160072	3.457271645169235e-05
ENSG00000163209	3.456511844514048e-05
ENSG00000175567	3.4564354491759667e-05
ENSG00000172340	3.455812588579917e-05
ENSG00000157637	3.4536202358152434e-05
ENSG00000166889	3.452391219865023e-05
ENSG00000078401	3.452111301131898e-05
ENSG00000185215	3.451564566344736e-05
ENSG00000166405	3.451437599881537e-05
ENSG00000239713	3.4509297543704584e-05
ENSG00000165338	3.450706410799425e-05
ENSG00000136872	3.447092132284924e-05
ENSG00000130475	3.444469599404792e-05
ENSG00000132471	3.4429089785750895e-05
ENSG00000104881	3.442195569805921e-05
ENSG00000100294	3.441699154228694e-05
ENSG00000105968	3.439430479384186e-05
ENSG00000172292	3.43860121840278e-05
ENSG00000150625	3.43733938543702e-05
ENSG00000160075	3.4373302672936686e-05
ENSG00000120896	3.4371148783790606e-05
ENSG00000084754	3.436959714940495e-05
ENSG00000105185	3.43688288662551e-05
ENSG00000105671	3.4360174052806527e-05
ENSG00000221986	3.434616933324228e-05
ENSG00000100714	3.4345550991744706e-05
ENSG00000157322	3.434075723348198e-05
ENSG00000108387	3.431220758149292e-05
ENSG00000159210	3.430288742343329e-05
ENSG00000284807	3.4286519722200555e-05
ENSG00000135766	3.426325406348764e-05
ENSG00000069702	3.423994945738755e-05
ENSG00000154188	3.4227996236924454e-05
ENSG00000102780	3.421464883338687e-05
ENSG00000125812	3.4205302685299746e-05
ENSG00000110057	3.4198716226124836e-05
ENSG00000105419	3.4196255432028945e-05
ENSG00000284571	3.4188283331259894e-05
ENSG00000237599	3.418520553879156e-05
ENSG00000278494	3.417075420576345e-05
ENSG00000087510	3.411200897763106e-05
ENSG00000137166	3.409270938812516e-05
ENSG00000109133	3.4091504663918994e-05
ENSG00000164209	3.4062643426874816e-05
ENSG00000099364	3.4057444884873626e-05
ENSG00000107829	3.405338806662495e-05
ENSG00000164163	3.405282535406532e-05
ENSG00000139324	3.404834201649001e-05
ENSG00000184060	3.403793908425067e-05
ENSG00000115977	3.403414711529554e-05
ENSG00000121766	3.401895028221667e-05
ENSG00000117475	3.401727923322796e-05
ENSG00000170802	3.401508026513729e-05
ENSG00000154447	3.39829969808911e-05
ENSG00000085365	3.3982089325639686e-05
ENSG00000198804	3.3981399656808074e-05
ENSG00000168374	3.395746796767983e-05
ENSG00000171310	3.394284799766764e-05
ENSG00000214706	3.3928899894193984e-05
ENSG00000136040	3.392574202853938e-05
ENSG00000162777	3.391726106229785e-05
ENSG00000090432	3.3899026742620266e-05
ENSG00000198146	3.38990131499728e-05
ENSG00000007264	3.386304421847838e-05
ENSG00000108590	3.3852211185457285e-05
ENSG00000187535	3.385094635285022e-05
ENSG00000184697	3.382869578952056e-05
ENSG00000105443	3.381958462498179e-05
ENSG00000108826	3.381584554849336e-05
ENSG00000166529	3.3799082815763625e-05
ENSG00000164483	3.379335750274921e-05
ENSG00000151577	3.37842516825758e-05
ENSG00000184635	3.374663904479871e-05
ENSG00000125863	3.374566896798247e-05
ENSG00000139572	3.37405900923134e-05
ENSG00000185002	3.3733516242053944e-05
ENSG00000235568	3.3713003372640865e-05
ENSG00000143375	3.370255299264844e-05
ENSG00000177239	3.369520194460628e-05
ENSG00000092054	3.3678879506357485e-05
ENSG00000146833	3.366745147158344e-05
ENSG00000120094	3.366561393760417e-05
ENSG00000114737	3.3658003670090004e-05
ENSG00000145681	3.3654037897490254e-05
ENSG00000137806	3.3642335324873826e-05
ENSG00000105507	3.3632373899471496e-05
ENSG00000163257	3.362884694947234e-05
ENSG00000134108	3.3617617223362156e-05
ENSG00000186564	3.3599017204071556e-05
ENSG00000116120	3.359468389440791e-05
ENSG00000158552	3.358806314521758e-05
ENSG00000115419	3.356298589981052e-05
ENSG00000112941	3.355853918290422e-05
ENSG00000103274	3.355126999002006e-05
ENSG00000125817	3.354369176785929e-05
ENSG00000182575	3.3541623022236994e-05
ENSG00000121634	3.3529941892871515e-05
ENSG00000183153	3.3529941892871515e-05
ENSG00000100380	3.352959719346277e-05
ENSG00000186063	3.3514685720784304e-05
ENSG00000131351	3.349834003924731e-05
ENSG00000172037	3.3486714353086264e-05
ENSG00000157766	3.347637990279528e-05
ENSG00000049167	3.346214851833023e-05
ENSG00000174233	3.344975030676764e-05
ENSG00000100347	3.3445301738168796e-05
ENSG00000117859	3.344435253516426e-05
ENSG00000174227	3.343204567512628e-05
ENSG00000274513	3.342655151121384e-05
ENSG00000121671	3.34197586982631e-05
ENSG00000114209	3.341274336901692e-05
ENSG00000085644	3.341258183079138e-05
ENSG00000205189	3.339642010708411e-05
ENSG00000163206	3.33962914652487e-05
ENSG00000100271	3.3395082337953975e-05
ENSG00000103248	3.3348649099347493e-05
ENSG00000147400	3.333426626070225e-05
ENSG00000180879	3.332962431260866e-05
ENSG00000120688	3.330295746802223e-05
ENSG00000163736	3.3299947164423276e-05
ENSG00000118160	3.3290618403010394e-05
ENSG00000189298	3.328182184924725e-05
ENSG00000155252	3.327756429830314e-05
ENSG00000276463	3.327706601004723e-05
ENSG00000105464	3.326740682026317e-05
ENSG00000169474	3.326591748224369e-05
ENSG00000185674	3.324495051330507e-05
ENSG00000079931	3.324312513516417e-05
ENSG00000152457	3.3233951274432054e-05
ENSG00000275221	3.322719652680578e-05
ENSG00000099385	3.322527858881369e-05
ENSG00000100532	3.3215119549744066e-05
ENSG00000133243	3.320947726878385e-05
ENSG00000165072	3.318997286277498e-05
ENSG00000063660	3.316353367174953e-05
ENSG00000198074	3.315664010914293e-05
ENSG00000065802	3.314033260252579e-05
ENSG00000156414	3.3136340915131604e-05
ENSG00000198252	3.313602714340754e-05
ENSG00000079819	3.313382515917919e-05
ENSG00000127948	3.311939289649752e-05
ENSG00000177613	3.3112692453153876e-05
ENSG00000083937	3.310419785918708e-05
ENSG00000148677	3.309967450255668e-05
ENSG00000170584	3.3088402555702035e-05
ENSG00000104267	3.307649228548975e-05
ENSG00000121454	3.3057261726367255e-05
ENSG00000134107	3.304092046763043e-05
ENSG00000151164	3.302766168623141e-05
ENSG00000163464	3.3017443164453606e-05
ENSG00000108406	3.3011992906228075e-05
ENSG00000095370	3.298260752879298e-05
ENSG00000143222	3.2979567590127375e-05
ENSG00000122862	3.2977652672677656e-05
ENSG00000156886	3.2975327527918424e-05
ENSG00000166819	3.297066568935929e-05
ENSG00000128595	3.294859345711935e-05
ENSG00000072135	3.293692087816112e-05
ENSG00000166133	3.293665862118076e-05
ENSG00000140650	3.2935709560831704e-05
ENSG00000197429	3.2929172667503535e-05
ENSG00000116752	3.2929098789683156e-05
ENSG00000152359	3.291527173377659e-05
ENSG00000112799	3.291171155943583e-05
ENSG00000135521	3.290007844563452e-05
ENSG00000117899	3.2900020104945615e-05
ENSG00000169548	3.289546425369206e-05
ENSG00000137409	3.289517418896913e-05
ENSG00000151693	3.286733151342679e-05
ENSG00000196150	3.285704939868786e-05
ENSG00000023892	3.285343426499539e-05
ENSG00000131844	3.284309857337509e-05
ENSG00000143793	3.28267392291558e-05
ENSG00000111341	3.281981284650089e-05
ENSG00000123411	3.281763273926379e-05
ENSG00000184840	3.278862488747832e-05
ENSG00000196091	3.2780904001637275e-05
ENSG00000164253	3.2741173167640956e-05
ENSG00000114204	3.27315567747282e-05
ENSG00000147905	3.272758272782532e-05
ENSG00000174791	3.272495966642571e-05
ENSG00000157601	3.2704051809573725e-05
ENSG00000049883	3.269717399453592e-05
ENSG00000159199	3.2695910225282053e-05
ENSG00000175573	3.269328358750326e-05
ENSG00000135413	3.269246937796392e-05
ENSG00000197381	3.268924601879016e-05
ENSG00000148925	3.2684954802954664e-05
ENSG00000163312	3.268361797350017e-05
ENSG00000074590	3.26824374019855e-05
ENSG00000198168	3.267343923282899e-05
ENSG00000173171	3.266543437109913e-05
ENSG00000140795	3.265805793219312e-05
ENSG00000102580	3.26410651155651e-05
ENSG00000156928	3.263353607939856e-05
ENSG00000014919	3.2607803278791806e-05
ENSG00000158869	3.259834037780878e-05
ENSG00000109572	3.25934205392776e-05
ENSG00000165078	3.259246958226239e-05
ENSG00000043143	3.257094422256227e-05
ENSG00000115956	3.256897453364549e-05
ENSG00000130762	3.256633846502757e-05
ENSG00000164283	3.2563011210017825e-05
ENSG00000040608	3.256164356310964e-05
ENSG00000170323	3.255473283891371e-05
ENSG00000180185	3.254674452719208e-05
ENSG00000182606	3.254019081208705e-05
ENSG00000170788	3.252083434827177e-05
ENSG00000119725	3.251550455801916e-05
ENSG00000021645	3.251493227721452e-05
ENSG00000047457	3.2492336079435426e-05
ENSG00000173769	3.2483559926406436e-05
ENSG00000185567	3.248350584086721e-05
ENSG00000122965	3.2437026033144005e-05
ENSG00000169764	3.243221750435347e-05
ENSG00000182768	3.2425229917887425e-05
ENSG00000163536	3.2424842377931786e-05
ENSG00000100292	3.2418293336053134e-05
ENSG00000132470	3.241718768569229e-05
ENSG00000153956	3.2391686453527005e-05
ENSG00000181092	3.2378190018045394e-05
ENSG00000269058	3.235695456576891e-05
ENSG00000187531	3.235099219571421e-05
ENSG00000025708	3.233720083498667e-05
ENSG00000131503	3.231996067842247e-05
ENSG00000108784	3.231858474934358e-05
ENSG00000182901	3.231656204605365e-05
ENSG00000104228	3.228632492343608e-05
ENSG00000173905	3.2265392776531e-05
ENSG00000106714	3.2249698904959306e-05
ENSG00000196968	3.224933926199372e-05
ENSG00000254999	3.2242105071101946e-05
ENSG00000282932	3.223626421478473e-05
ENSG00000179134	3.223431927834728e-05
ENSG00000140854	3.2210676275818404e-05
ENSG00000100266	3.220669928394591e-05
ENSG00000111046	3.219491830235628e-05
ENSG00000123349	3.2176743590324235e-05
ENSG00000276410	3.216449910304373e-05
ENSG00000169683	3.216411962165011e-05
ENSG00000168256	3.216211329490825e-05
ENSG00000189058	3.2135812608354714e-05
ENSG00000188782	3.213477431494211e-05
ENSG00000279247	3.2126501025303104e-05
ENSG00000097096	3.212487592180079e-05
ENSG00000100448	3.212337967683023e-05
ENSG00000145901	3.211275702967402e-05
ENSG00000145390	3.210898941879163e-05
ENSG00000152465	3.209632581154625e-05
ENSG00000127928	3.2090035566755385e-05
ENSG00000285032	3.2065579498126296e-05
ENSG00000170166	3.2061450720483055e-05
ENSG00000165806	3.205746864337095e-05
ENSG00000179632	3.2053289565240404e-05
ENSG00000186591	3.204869149508802e-05
ENSG00000144579	3.20425555462956e-05
ENSG00000133710	3.204233276708449e-05
ENSG00000103253	3.203217966332332e-05
ENSG00000182307	3.202916301456491e-05
ENSG00000168758	3.2018106798216535e-05
ENSG00000281931	3.199671906494917e-05
ENSG00000108100	3.1978037036370665e-05
ENSG00000197965	3.196091840590596e-05
ENSG00000123561	3.195920175336288e-05
ENSG00000131080	3.1949392060740266e-05
ENSG00000143815	3.1943892747573386e-05
ENSG00000171401	3.1942875550169516e-05
ENSG00000110435	3.1942342040445785e-05
ENSG00000175606	3.189866204666275e-05
ENSG00000108848	3.189067380337773e-05
ENSG00000013016	3.188306116238213e-05
ENSG00000148688	3.187837403517182e-05
ENSG00000213983	3.187073445492194e-05
ENSG00000171241	3.186647814543428e-05
ENSG00000243989	3.186276908785006e-05
ENSG00000108702	3.184500182418474e-05
ENSG00000043514	3.183805117872103e-05
ENSG00000160972	3.179540523008035e-05
ENSG00000123836	3.1794579286280736e-05
ENSG00000134905	3.179329613307533e-05
ENSG00000158828	3.179257697008678e-05
ENSG00000007866	3.1785909046980284e-05
ENSG00000234127	3.1777089663098876e-05
ENSG00000067208	3.177089539642998e-05
ENSG00000112936	3.177005360383005e-05
ENSG00000135297	3.176784955499738e-05
ENSG00000125846	3.175953531145136e-05
ENSG00000267978	3.175281191074162e-05
ENSG00000134996	3.175052204617571e-05
ENSG00000132740	3.174031035677162e-05
ENSG00000136636	3.173785406351646e-05
ENSG00000188312	3.1733443266088076e-05
ENSG00000106278	3.172669917230061e-05
ENSG00000138078	3.171687111069306e-05
ENSG00000168175	3.1704321695377226e-05
ENSG00000141219	3.169224578364559e-05
ENSG00000153064	3.169115671569359e-05
ENSG00000170852	3.168552211148925e-05
ENSG00000164933	3.167125489715776e-05
ENSG00000197081	3.166340079351977e-05
ENSG00000106609	3.163158694956318e-05
ENSG00000125733	3.1629067031186264e-05
ENSG00000244122	3.162228021690374e-05
ENSG00000068971	3.161678185166813e-05
ENSG00000132436	3.1596973053779804e-05
ENSG00000117069	3.1591509015834294e-05
ENSG00000163788	3.1580325590970776e-05
ENSG00000071794	3.15785311459977e-05
ENSG00000118965	3.155723881236464e-05
ENSG00000178209	3.154890629449151e-05
ENSG00000277104	3.154744767399762e-05
ENSG00000163644	3.15437691637517e-05
ENSG00000145740	3.152519420396633e-05
ENSG00000185960	3.1516354833554853e-05
ENSG00000004534	3.150610762464021e-05
ENSG00000152492	3.149536221462494e-05
ENSG00000166947	3.1485447863787825e-05
ENSG00000163472	3.1479723670237065e-05
ENSG00000107331	3.147804867371331e-05
ENSG00000239779	3.1477182205940884e-05
ENSG00000115380	3.146847438053584e-05
ENSG00000127412	3.146747671024447e-05
ENSG00000173480	3.1455648590274536e-05
ENSG00000183092	3.1445730193049994e-05
ENSG00000100365	3.1442086292830535e-05
ENSG00000130338	3.14251525207168e-05
ENSG00000274205	3.1416517744547896e-05
ENSG00000149761	3.141358606434269e-05
ENSG00000237710	3.1411931146144586e-05
ENSG00000149021	3.13985434969035e-05
ENSG00000022840	3.138677044562646e-05
ENSG00000109321	3.138396375570474e-05
ENSG00000164896	3.138071103219231e-05
ENSG00000182154	3.137064710067597e-05
ENSG00000166503	3.1365738779421626e-05
ENSG00000171303	3.135234540978829e-05
ENSG00000175445	3.135030863675843e-05
ENSG00000184500	3.1340539541535644e-05
ENSG00000154743	3.1335581253895144e-05
ENSG00000032444	3.133263815749411e-05
ENSG00000141425	3.132521007504174e-05
ENSG00000152207	3.132417413645128e-05
ENSG00000115107	3.132071100695154e-05
ENSG00000163141	3.132068297576742e-05
ENSG00000139675	3.13137604567873e-05
ENSG00000188886	3.130709580045263e-05
ENSG00000196338	3.130540075678003e-05
ENSG00000153936	3.130537866011911e-05
ENSG00000179331	3.1302126762268054e-05
ENSG00000141428	3.129211449826598e-05
ENSG00000105088	3.127192727917537e-05
ENSG00000169519	3.126822038557563e-05
ENSG00000033867	3.126230823955007e-05
ENSG00000158486	3.125045893951247e-05
ENSG00000066735	3.125045893951247e-05
ENSG00000004399	3.124688522700403e-05
ENSG00000171425	3.124299965498642e-05
ENSG00000284137	3.1234826392725314e-05
ENSG00000138684	3.1233060544059136e-05
ENSG00000133195	3.121920461959453e-05
ENSG00000134222	3.120302279484741e-05
ENSG00000174840	3.120261423654399e-05
ENSG00000185291	3.119406815764585e-05
ENSG00000105402	3.1173594482450816e-05
ENSG00000181192	3.11690750484454e-05
ENSG00000133112	3.116638319263814e-05
ENSG00000112053	3.1163271693621505e-05
ENSG00000113302	3.1156580753278636e-05
ENSG00000197683	3.114443633399e-05
ENSG00000175175	3.1139170923018334e-05
ENSG00000167333	3.113543914127619e-05
ENSG00000136144	3.110770103870868e-05
ENSG00000178074	3.1093239167754464e-05
ENSG00000132640	3.108631929935981e-05
ENSG00000101850	3.10664203404724e-05
ENSG00000155890	3.105814138347926e-05
ENSG00000185267	3.105707790920715e-05
ENSG00000125352	3.104762378748465e-05
ENSG00000109911	3.103315458150556e-05
ENSG00000145649	3.102369193133694e-05
ENSG00000068079	3.102213289523299e-05
ENSG00000104218	3.101497276964714e-05
ENSG00000101871	3.0999943485780726e-05
ENSG00000186075	3.099222184562447e-05
ENSG00000184113	3.098318132244476e-05
ENSG00000248099	3.095856782770438e-05
ENSG00000168894	3.095504937086485e-05
ENSG00000285053	3.0937949139895306e-05
ENSG00000144747	3.092861813552638e-05
ENSG00000102699	3.092768782393921e-05
ENSG00000124120	3.092304408378184e-05
ENSG00000186847	3.0896592940635336e-05
ENSG00000187682	3.089130838449692e-05
ENSG00000138722	3.087738425323431e-05
ENSG00000092345	3.084932717261883e-05
ENSG00000177105	3.0845245905541827e-05
ENSG00000135093	3.0844089635199245e-05
ENSG00000236826	3.081873058830179e-05
ENSG00000184047	3.081759271272523e-05
ENSG00000005436	3.08071372572139e-05
ENSG00000167395	3.079293061532108e-05
ENSG00000185418	3.079186356290811e-05
ENSG00000163344	3.0789289921035184e-05
ENSG00000239732	3.0786184421200695e-05
ENSG00000150782	3.078130569367496e-05
ENSG00000048540	3.0773276837044396e-05
ENSG00000158458	3.077155783172774e-05
ENSG00000213593	3.0768958048447596e-05
ENSG00000174564	3.0764746005153877e-05
ENSG00000183691	3.076146134724982e-05
ENSG00000278211	3.0761389462531926e-05
ENSG00000110693	3.074931965676318e-05
ENSG00000164007	3.073298866481349e-05
ENSG00000158764	3.0731401989328544e-05
ENSG00000038210	3.0728854743851247e-05
ENSG00000108688	3.063532359791803e-05
ENSG00000139505	3.0632152764721575e-05
ENSG00000100417	3.0630752027626366e-05
ENSG00000163110	3.0618354424121695e-05
ENSG00000285069	3.061251228225799e-05
ENSG00000162852	3.061236016299111e-05
ENSG00000107968	3.0605863913573216e-05
ENSG00000106268	3.057502304792912e-05
ENSG00000176170	3.055649623133067e-05
ENSG00000085433	3.052524165740043e-05
ENSG00000089682	3.0518995695448395e-05
ENSG00000117394	3.0509463060044338e-05
ENSG00000162729	3.0508620147097306e-05
ENSG00000181991	3.0495344217368976e-05
ENSG00000120833	3.048881486089064e-05
ENSG00000198911	3.04870587932831e-05
ENSG00000096006	3.047664496696075e-05
ENSG00000137055	3.0417774998167604e-05
ENSG00000170632	3.0412000571410553e-05
ENSG00000028839	3.0407318499334256e-05
ENSG00000140284	3.0401075897373004e-05
ENSG00000164576	3.039288148322799e-05
ENSG00000173258	3.0382340957241676e-05
ENSG00000104093	3.0381208277825443e-05
ENSG00000165678	3.0379094218165098e-05
ENSG00000185774	3.0374204390838287e-05
ENSG00000153234	3.036051829719889e-05
ENSG00000155545	3.0349454704138634e-05
ENSG00000168003	3.0348288318467928e-05
ENSG00000111481	3.0341153846535154e-05
ENSG00000101132	3.0330586690406573e-05
ENSG00000156466	3.0327759640073412e-05
ENSG00000181333	3.0325568767305262e-05
ENSG00000101981	3.032414196801536e-05
ENSG00000007402	3.0316014249196846e-05
ENSG00000115507	3.0293423881633752e-05
ENSG00000137818	3.0290390134559013e-05
ENSG00000108523	3.0281715088792522e-05
ENSG00000117533	3.02801995642142e-05
ENSG00000141316	3.0279280391201765e-05
ENSG00000242802	3.0278408068617136e-05
ENSG00000167971	3.02680729359273e-05
ENSG00000077279	3.0267668697527154e-05
ENSG00000131016	3.0249402399818963e-05
ENSG00000174238	3.0239769842519295e-05
ENSG00000137463	3.0236950912615224e-05
ENSG00000176108	3.0222252129078283e-05
ENSG00000212935	3.0186273802342058e-05
ENSG00000114745	3.0168300162308132e-05
ENSG00000130309	3.0158618978514198e-05
ENSG00000100867	3.0139444873697712e-05
ENSG00000133740	3.0135401756463603e-05
ENSG00000119777	3.012883649700381e-05
ENSG00000100216	3.0099659160948214e-05
ENSG00000172468	3.0081517187837897e-05
ENSG00000169718	3.0081273210150642e-05
ENSG00000170477	3.007976472354748e-05
ENSG00000178386	3.0077167346882127e-05
ENSG00000213380	3.006444082353047e-05
ENSG00000166634	3.005731327279507e-05
ENSG00000054654	3.005638292635754e-05
ENSG00000100592	3.00435235008312e-05
ENSG00000091542	3.004320806576758e-05
ENSG00000152402	3.0040955716468324e-05
ENSG00000110274	3.0034219471803477e-05
ENSG00000167525	3.002311477530434e-05
ENSG00000284944	3.0021920395688554e-05
ENSG00000070814	2.9994766329041786e-05
ENSG00000113946	2.99829820757864e-05
ENSG00000108825	2.9982397661132368e-05
ENSG00000090621	2.997744787653556e-05
ENSG00000138756	2.9976835889642045e-05
ENSG00000167840	2.996080074164469e-05
ENSG00000081692	2.9957430662316357e-05
ENSG00000205426	2.9945487848134867e-05
ENSG00000029993	2.993651808339429e-05
ENSG00000285248	2.992453200888857e-05
ENSG00000155755	2.991275431636475e-05
ENSG00000170631	2.9903615024670774e-05
ENSG00000061938	2.9888731710481016e-05
ENSG00000255150	2.9885274014338698e-05
ENSG00000139549	2.987992541427503e-05
ENSG00000166105	2.9875419444037237e-05
ENSG00000080822	2.987253097609032e-05
ENSG00000118946	2.986451934740104e-05
ENSG00000130638	2.984676195359535e-05
ENSG00000086475	2.9840604160888085e-05
ENSG00000046653	2.9805328409754012e-05
ENSG00000092094	2.977999184085119e-05
ENSG00000126803	2.9741836051061642e-05
ENSG00000078269	2.9738252554286456e-05
ENSG00000166260	2.972899525835962e-05
ENSG00000072736	2.9728812151316905e-05
ENSG00000084731	2.9726285652112146e-05
ENSG00000165516	2.970652830751361e-05
ENSG00000167531	2.9704605403363958e-05
ENSG00000177432	2.9702685491404303e-05
ENSG00000114200	2.968951272134387e-05
ENSG00000167889	2.9680593423645408e-05
ENSG00000242485	2.9667751822622606e-05
ENSG00000182318	2.9665814613976404e-05
ENSG00000119689	2.9660186508976504e-05
ENSG00000140022	2.96526674692955e-05
ENSG00000187134	2.9647880351926987e-05
ENSG00000242386	2.9644753555088245e-05
ENSG00000141622	2.962332615557031e-05
ENSG00000100330	2.96092740215992e-05
ENSG00000079841	2.958179153470642e-05
ENSG00000186628	2.957617681896543e-05
ENSG00000122420	2.9571176326315103e-05
ENSG00000000971	2.9561742520475065e-05
ENSG00000122970	2.9561290413166914e-05
ENSG00000213563	2.9548120838436512e-05
ENSG00000163611	2.954362609149796e-05
ENSG00000136682	2.9540718850595326e-05
ENSG00000177674	2.9527523063513554e-05
ENSG00000109158	2.950203111896371e-05
ENSG00000084073	2.9498604536096832e-05
ENSG00000112079	2.949388043355512e-05
ENSG00000137269	2.9490174100364544e-05
ENSG00000273936	2.9488742692427184e-05
ENSG00000152082	2.947239321060697e-05
ENSG00000188372	2.9470371325868966e-05
ENSG00000151623	2.946182332079779e-05
ENSG00000125454	2.943067271438962e-05
ENSG00000282986	2.942766137274332e-05
ENSG00000157181	2.942556401497656e-05
ENSG00000158604	2.9415018745802232e-05
ENSG00000152404	2.9407169405131346e-05
ENSG00000249115	2.939833951329661e-05
ENSG00000116138	2.9388405066071584e-05
ENSG00000188425	2.938511400389563e-05
ENSG00000100504	2.937970373535206e-05
ENSG00000087074	2.937901793716315e-05
ENSG00000131591	2.93385571450206e-05
ENSG00000172888	2.9335475043933453e-05
ENSG00000008196	2.933168975371118e-05
ENSG00000171246	2.9327973098663645e-05
ENSG00000153933	2.9317992902585794e-05
ENSG00000115561	2.9317335079189375e-05
ENSG00000188157	2.926876549222789e-05
ENSG00000230900	2.925844091768501e-05
ENSG00000102935	2.924476146325741e-05
ENSG00000183785	2.9243309112022665e-05
ENSG00000156127	2.9217422786492097e-05
ENSG00000165434	2.92164532782015e-05
ENSG00000166478	2.9208465913918546e-05
ENSG00000113328	2.9202590040416746e-05
ENSG00000184302	2.9199264511452925e-05
ENSG00000105677	2.918999031172462e-05
ENSG00000086848	2.9185997738329513e-05
ENSG00000178127	2.918524003340198e-05
ENSG00000169951	2.9179849912177423e-05
ENSG00000066926	2.9173373757038082e-05
ENSG00000170310	2.916873141731554e-05
ENSG00000184007	2.916151609821725e-05
ENSG00000104722	2.915424351872995e-05
ENSG00000151615	2.9150259750183334e-05
ENSG00000151422	2.9133460814054877e-05
ENSG00000075568	2.9123843591275257e-05
ENSG00000014641	2.9092781107682758e-05
ENSG00000119514	2.9089413973079238e-05
ENSG00000086730	2.9088575437071772e-05
ENSG00000011295	2.907578154804884e-05
ENSG00000182168	2.9067460777242172e-05
ENSG00000141682	2.9062071249913376e-05
ENSG00000124783	2.906132520907544e-05
ENSG00000127663	2.9039769422995797e-05
ENSG00000175121	2.9031200745990435e-05
ENSG00000125449	2.9007032666344e-05
ENSG00000150779	2.8987671067554734e-05
ENSG00000242028	2.898317864391735e-05
ENSG00000108433	2.8979784231895987e-05
ENSG00000277936	2.8962429613863322e-05
ENSG00000103591	2.8959796538469157e-05
ENSG00000136280	2.8929183723867954e-05
ENSG00000101844	2.890786850827961e-05
ENSG00000100302	2.888369353007907e-05
ENSG00000275272	2.887908388611348e-05
ENSG00000070404	2.8872277247142627e-05
ENSG00000282899	2.887172922758079e-05
ENSG00000114480	2.8860599470291212e-05
ENSG00000117525	2.885506968187012e-05
ENSG00000113600	2.884815590439583e-05
ENSG00000122679	2.884488547914683e-05
ENSG00000141526	2.883592619187303e-05
ENSG00000181634	2.883563418778527e-05
ENSG00000158711	2.8829333168972545e-05
ENSG00000166923	2.882067824437992e-05
ENSG00000075643	2.881980334194879e-05
ENSG00000141562	2.8814609566064446e-05
ENSG00000108551	2.8796412639498383e-05
ENSG00000091317	2.8789478396553053e-05
ENSG00000182158	2.878653125368753e-05
ENSG00000136643	2.878549088307461e-05
ENSG00000173511	2.877523461422235e-05
ENSG00000131873	2.876717264531286e-05
ENSG00000135821	2.8758900937998838e-05
ENSG00000130787	2.8755525035337704e-05
ENSG00000161920	2.873042504795618e-05
ENSG00000095059	2.8719371711001735e-05
ENSG00000137710	2.8718291893291003e-05
ENSG00000105607	2.870208655383969e-05
ENSG00000071189	2.8652899854513968e-05
ENSG00000172867	2.8650404018037916e-05
ENSG00000185518	2.863304329411902e-05
ENSG00000133110	2.8598979541222328e-05
ENSG00000107566	2.8585179171871474e-05
ENSG00000151729	2.8577641708207203e-05
ENSG00000177733	2.857436713964647e-05
ENSG00000183878	2.8567571664604973e-05
ENSG00000112246	2.8556983330461537e-05
ENSG00000135636	2.854103347601294e-05
ENSG00000225590	2.8521058259746752e-05
ENSG00000088298	2.8511352934249837e-05
ENSG00000173267	2.848739767453558e-05
ENSG00000168936	2.8481887268768843e-05
ENSG00000110925	2.8479814432497713e-05
ENSG00000165140	2.846095401764814e-05
ENSG00000127452	2.8451350301834407e-05
ENSG00000124587	2.8448233416588446e-05
ENSG00000103313	2.8445699965834145e-05
ENSG00000163630	2.844255190026603e-05
ENSG00000132478	2.8439158806461694e-05
ENSG00000137764	2.8436603637566835e-05
ENSG00000124568	2.8433287806847836e-05
ENSG00000203965	2.8405374575921343e-05
ENSG00000188559	2.8394821519045058e-05
ENSG00000117152	2.838860980948815e-05
ENSG00000223355	2.8355652987593273e-05
ENSG00000157191	2.834257957597115e-05
ENSG00000136936	2.8328007967745696e-05
ENSG00000102878	2.831061059644669e-05
ENSG00000129055	2.830602925870072e-05
ENSG00000090020	2.829620717824639e-05
ENSG00000139269	2.8282028894499875e-05
ENSG00000160213	2.8229680875800226e-05
ENSG00000140511	2.8182167016707487e-05
ENSG00000122203	2.818149559895908e-05
ENSG00000139168	2.817764647264748e-05
ENSG00000213023	2.8177594975826387e-05
ENSG00000003096	2.8165970366949058e-05
ENSG00000141744	2.816479510143884e-05
ENSG00000169297	2.8158066286086595e-05
ENSG00000148948	2.814981371832972e-05
ENSG00000138347	2.814827458485773e-05
ENSG00000005884	2.8144544734957e-05
ENSG00000176049	2.8110843192682373e-05
ENSG00000075461	2.809139754521034e-05
ENSG00000197705	2.808940728373483e-05
ENSG00000103365	2.807909536050934e-05
ENSG00000167749	2.8078598431001203e-05
ENSG00000150687	2.8066189903411185e-05
ENSG00000074370	2.8057079593414178e-05
ENSG00000182117	2.805528987272136e-05
ENSG00000213995	2.8048674389357173e-05
ENSG00000151414	2.804468773365732e-05
ENSG00000121858	2.8040931586137752e-05
ENSG00000160799	2.8030477711915243e-05
ENSG00000147408	2.8027917879487228e-05
ENSG00000187033	2.801989388857656e-05
ENSG00000159111	2.801783662287352e-05
ENSG00000137941	2.800230455055034e-05
ENSG00000166562	2.8000270866662168e-05
ENSG00000163499	2.798675948566744e-05
ENSG00000213231	2.798478983571245e-05
ENSG00000168447	2.7981546023359836e-05
ENSG00000121749	2.7962976238565272e-05
ENSG00000006704	2.795791305863189e-05
ENSG00000135899	2.7940209018876778e-05
ENSG00000224200	2.791892630116889e-05
ENSG00000178057	2.7918198908682937e-05
ENSG00000169567	2.7910737271696028e-05
ENSG00000113525	2.7901285433439406e-05
ENSG00000105675	2.7900641119684516e-05
ENSG00000105398	2.7886814185146302e-05
ENSG00000188613	2.787136609385315e-05
ENSG00000128596	2.7868657076751548e-05
ENSG00000139626	2.785756222881066e-05
ENSG00000145526	2.7849192895017742e-05
ENSG00000159388	2.7842576179398865e-05
ENSG00000269096	2.78194061663808e-05
ENSG00000112787	2.7812192602977753e-05
ENSG00000160113	2.7807312662360436e-05
ENSG00000288353	2.7806885477414734e-05
ENSG00000139890	2.7806608087694386e-05
ENSG00000108578	2.7779462106005194e-05
ENSG00000254709	2.777389647651117e-05
ENSG00000198855	2.7772986522632713e-05
ENSG00000107736	2.77598982531493e-05
ENSG00000153113	2.775974518520387e-05
ENSG00000237441	2.775080004802281e-05
ENSG00000119820	2.7748874084350502e-05
ENSG00000109436	2.7737964798111617e-05
ENSG00000166788	2.7717658809374593e-05
ENSG00000115840	2.7687165885803386e-05
ENSG00000133606	2.768442973306594e-05
ENSG00000172915	2.7681352254098352e-05
ENSG00000134779	2.766318028447534e-05
ENSG00000276480	2.7650263516334873e-05
ENSG00000101104	2.7649524274507565e-05
ENSG00000135940	2.762152330760979e-05
ENSG00000152684	2.7614558632902673e-05
ENSG00000148334	2.7608137127263494e-05
ENSG00000134762	2.7596142923220847e-05
ENSG00000158062	2.758576390905937e-05
ENSG00000168264	2.757764210233141e-05
ENSG00000144182	2.7572877248964917e-05
ENSG00000184205	2.7561509362714492e-05
ENSG00000178695	2.7538285946005165e-05
ENSG00000111701	2.753736055270991e-05
ENSG00000089775	2.7521610928397206e-05
ENSG00000235961	2.7516278136281424e-05
ENSG00000173482	2.7511546844258083e-05
ENSG00000138002	2.7503322298888974e-05
ENSG00000102316	2.747526992282373e-05
ENSG00000171262	2.7474389302014733e-05
ENSG00000124019	2.7449488035097565e-05
ENSG00000198759	2.7424881086810693e-05
ENSG00000007255	2.7407857419831485e-05
ENSG00000118520	2.7382775943479734e-05
ENSG00000006607	2.7381318583853997e-05
ENSG00000127743	2.7379721549135277e-05
ENSG00000139515	2.7370739653793587e-05
ENSG00000185324	2.736864821566725e-05
ENSG00000008438	2.7352788410319328e-05
ENSG00000172590	2.7320735225782812e-05
ENSG00000185634	2.731362062516426e-05
ENSG00000165626	2.7309803949637693e-05
ENSG00000102743	2.730959359721977e-05
ENSG00000172244	2.7300248243917514e-05
ENSG00000264522	2.72929243747294e-05
ENSG00000284400	2.7291065904492215e-05
ENSG00000118004	2.728635160597093e-05
ENSG00000103249	2.7284201959630885e-05
ENSG00000117133	2.727952873466653e-05
ENSG00000076662	2.7276524602378327e-05
ENSG00000218891	2.7262031807033875e-05
ENSG00000138613	2.7251263289461096e-05
ENSG00000178307	2.7243340954498453e-05
ENSG00000166847	2.724304229425975e-05
ENSG00000099617	2.721718167600014e-05
ENSG00000170043	2.7216394637728513e-05
ENSG00000107282	2.7182070965853597e-05
ENSG00000148384	2.7177097138142257e-05
ENSG00000027847	2.7171318693725663e-05
ENSG00000105053	2.7144437913844113e-05
ENSG00000174177	2.7128067240223126e-05
ENSG00000182247	2.7124968750727583e-05
ENSG00000151806	2.7096514156644234e-05
ENSG00000128699	2.7088054067010464e-05
ENSG00000146469	2.7079715525224143e-05
ENSG00000198886	2.70550280781232e-05
ENSG00000149231	2.7051025133640495e-05
ENSG00000101986	2.7038026612076916e-05
ENSG00000141012	2.7031959413729526e-05
ENSG00000160678	2.701849499678566e-05
ENSG00000130340	2.7015575132521853e-05
ENSG00000153179	2.7004786204190415e-05
ENSG00000111713	2.70047588506527e-05
ENSG00000183010	2.7000024611557894e-05
ENSG00000167487	2.6986979790707083e-05
ENSG00000285485	2.69858825636268e-05
ENSG00000103742	2.6985668086498145e-05
ENSG00000162695	2.6969377363810067e-05
ENSG00000111145	2.6965631985196845e-05
ENSG00000150477	2.693877220945441e-05
ENSG00000130312	2.6933799394273393e-05
ENSG00000162408	2.691655700554312e-05
ENSG00000122335	2.6886306284941e-05
ENSG00000113387	2.6886171307730113e-05
ENSG00000102595	2.6879081124637808e-05
ENSG00000156535	2.6870245302885032e-05
ENSG00000075142	2.685771781749579e-05
ENSG00000105887	2.6855083466392793e-05
ENSG00000164180	2.6829558593196116e-05
ENSG00000196664	2.6829438220661236e-05
ENSG00000276701	2.6825986770506382e-05
ENSG00000174697	2.682420566350234e-05
ENSG00000196526	2.6802609028091205e-05
ENSG00000183648	2.6801539962859987e-05
ENSG00000138279	2.6796963511834325e-05
ENSG00000198945	2.6786304902905943e-05
ENSG00000104325	2.678192479907489e-05
ENSG00000099204	2.6779797905681182e-05
ENSG00000109680	2.6779397067905905e-05
ENSG00000177666	2.6778871050056462e-05
ENSG00000141505	2.6776433579791667e-05
ENSG00000198860	2.6769694055196037e-05
ENSG00000113838	2.6762415459663487e-05
ENSG00000164970	2.6756661727094496e-05
ENSG00000144749	2.6755534349935156e-05
ENSG00000135924	2.6754076356165102e-05
ENSG00000167635	2.674649980573921e-05
ENSG00000135736	2.6745877250922738e-05
ENSG00000140505	2.6739379249576096e-05
ENSG00000256453	2.6728815275711513e-05
ENSG00000203618	2.67258112266612e-05
ENSG00000114554	2.6725161563705227e-05
ENSG00000119718	2.6721737675309472e-05
ENSG00000170448	2.6715812704161232e-05
ENSG00000054793	2.6714761309759837e-05
ENSG00000106004	2.669277030240399e-05
ENSG00000115944	2.667934104514783e-05
ENSG00000177119	2.665514493877252e-05
ENSG00000178773	2.664605186900405e-05
ENSG00000177125	2.66416755663302e-05
ENSG00000018189	2.661947647949402e-05
ENSG00000139437	2.6618744725189924e-05
ENSG00000138835	2.6613831366848374e-05
ENSG00000244045	2.6609670307948523e-05
ENSG00000196218	2.6601743804917924e-05
ENSG00000214114	2.657748914881595e-05
ENSG00000212122	2.6576380010670352e-05
ENSG00000131737	2.6569338759946373e-05
ENSG00000168546	2.656752946133119e-05
ENSG00000091483	2.6562437322716774e-05
ENSG00000107447	2.6549804792221637e-05
ENSG00000166510	2.6548454479659504e-05
ENSG00000099795	2.6538430728135544e-05
ENSG00000164828	2.6538195377898107e-05
ENSG00000185818	2.6535915046805854e-05
ENSG00000164919	2.6533987406743786e-05
ENSG00000144959	2.652970718505461e-05
ENSG00000164334	2.6525355709935768e-05
ENSG00000023041	2.6509784163008256e-05
ENSG00000110492	2.646954633999162e-05
ENSG00000197822	2.646488845881882e-05
ENSG00000169783	2.6414559543306615e-05
ENSG00000074935	2.6408573299247524e-05
ENSG00000113615	2.6393875551138816e-05
ENSG00000171016	2.6391306543058307e-05
ENSG00000213782	2.638039768160532e-05
ENSG00000170423	2.6369146998361482e-05
ENSG00000213445	2.635806487352096e-05
ENSG00000164532	2.6346455323439585e-05
ENSG00000161618	2.63263648613541e-05
ENSG00000198786	2.632399291514712e-05
ENSG00000110200	2.6317532419585103e-05
ENSG00000231925	2.629705952655091e-05
ENSG00000133142	2.6287965940324567e-05
ENSG00000102870	2.628761529554674e-05
ENSG00000282954	2.6273265652753265e-05
ENSG00000116661	2.627191609699728e-05
ENSG00000180660	2.6271004071683488e-05
ENSG00000132773	2.626206702752119e-05
ENSG00000143382	2.6254770752195553e-05
ENSG00000155100	2.6253745528283806e-05
ENSG00000070444	2.625093851371945e-05
ENSG00000160194	2.6243571613221233e-05
ENSG00000176986	2.6241401425077015e-05
ENSG00000132467	2.6235414143783187e-05
ENSG00000108947	2.6229936923029525e-05
ENSG00000119878	2.622730745223525e-05
ENSG00000204084	2.6226354595828882e-05
ENSG00000101323	2.6218501699431736e-05
ENSG00000004848	2.6180853785903904e-05
ENSG00000163624	2.6167023108644462e-05
ENSG00000007171	2.613291037646571e-05
ENSG00000005893	2.6127311109864442e-05
ENSG00000285281	2.612136538404287e-05
ENSG00000274497	2.6087805626451878e-05
ENSG00000165879	2.6085815475420096e-05
ENSG00000197641	2.608219563691957e-05
ENSG00000135404	2.6074432221995185e-05
ENSG00000104859	2.6063001553327814e-05
ENSG00000106605	2.6062671916539317e-05
ENSG00000239887	2.6057987900586664e-05
ENSG00000137876	2.6057203822337465e-05
ENSG00000180340	2.6056833810727544e-05
ENSG00000166930	2.6054956802309682e-05
ENSG00000136261	2.6049959177364766e-05
ENSG00000113739	2.603637615636587e-05
ENSG00000176171	2.6020221341905282e-05
ENSG00000111252	2.6006934215003853e-05
ENSG00000258643	2.600062767722207e-05
ENSG00000125166	2.5996583084167087e-05
ENSG00000176915	2.5990954167731328e-05
ENSG00000134287	2.5986531347790394e-05
ENSG00000100284	2.5984401315107096e-05
ENSG00000168924	2.597859037713978e-05
ENSG00000126218	2.5976108064319578e-05
ENSG00000198732	2.5974131189327782e-05
ENSG00000140553	2.5930739190242352e-05
ENSG00000203786	2.5926027225575715e-05
ENSG00000145879	2.591746879826254e-05
ENSG00000171729	2.591648544623751e-05
ENSG00000185896	2.5904263925470577e-05
ENSG00000141101	2.589024092344591e-05
ENSG00000182774	2.587811024288978e-05
ENSG00000052126	2.5875585870043535e-05
ENSG00000049247	2.5864170439314285e-05
ENSG00000051596	2.5862166794920365e-05
ENSG00000070614	2.586027614741374e-05
ENSG00000129355	2.5855354844577206e-05
ENSG00000118363	2.585261631112297e-05
ENSG00000250565	2.5848561230348498e-05
ENSG00000178184	2.584547121135415e-05
ENSG00000116675	2.5844817567602955e-05
ENSG00000143315	2.584407810405932e-05
ENSG00000221837	2.5830817788261783e-05
ENSG00000166997	2.5829248088095965e-05
ENSG00000164399	2.5826948050854252e-05
ENSG00000105514	2.5825844697404177e-05
ENSG00000162522	2.582493544493142e-05
ENSG00000174788	2.5806904087067167e-05
ENSG00000135447	2.5804260251691832e-05
ENSG00000164949	2.5789624709276984e-05
ENSG00000114439	2.5784479519450286e-05
ENSG00000152785	2.5783473317326163e-05
ENSG00000164935	2.5780396055560222e-05
ENSG00000137871	2.5774944329466465e-05
ENSG00000117410	2.5761318485225876e-05
ENSG00000173334	2.5729201561615303e-05
ENSG00000108342	2.569639720008596e-05
ENSG00000120798	2.569111095843294e-05
ENSG00000126432	2.5687516289945868e-05
ENSG00000132692	2.5685823808038156e-05
ENSG00000141994	2.566317956587837e-05
ENSG00000089063	2.5662052248852464e-05
ENSG00000197646	2.565337103748377e-05
ENSG00000204414	2.5637827502668868e-05
ENSG00000123728	2.563493331247234e-05
ENSG00000129226	2.5621049766166893e-05
ENSG00000198756	2.561304814524853e-05
ENSG00000073756	2.561286665803274e-05
ENSG00000167113	2.5611375585328954e-05
ENSG00000172007	2.5610581371503965e-05
ENSG00000198887	2.560767619050011e-05
ENSG00000059145	2.559688140392049e-05
ENSG00000180043	2.5585941192005097e-05
ENSG00000164291	2.558413342195888e-05
ENSG00000169884	2.556070743234965e-05
ENSG00000198807	2.5557412572546703e-05
ENSG00000160202	2.5554331734754863e-05
ENSG00000165997	2.5530413835961882e-05
ENSG00000124275	2.552251080466199e-05
ENSG00000117419	2.5514421636840625e-05
ENSG00000134758	2.5503456901006175e-05
ENSG00000152822	2.5503197049443175e-05
ENSG00000137843	2.549838773053142e-05
ENSG00000053438	2.54958834246875e-05
ENSG00000130584	2.5474876307500244e-05
ENSG00000185129	2.5474155524244383e-05
ENSG00000111364	2.5465654911459835e-05
ENSG00000163607	2.5447422133364866e-05
ENSG00000131473	2.5437227148254403e-05
ENSG00000055118	2.5419769367274637e-05
ENSG00000088367	2.539691612352583e-05
ENSG00000150593	2.536521582098967e-05
ENSG00000102243	2.5359519420829992e-05
ENSG00000185100	2.5347285221791097e-05
ENSG00000111716	2.534623899897454e-05
ENSG00000065989	2.5345806792803137e-05
ENSG00000163660	2.533218424652317e-05
ENSG00000170290	2.5307730391802514e-05
ENSG00000107872	2.530461314804283e-05
ENSG00000074696	2.5303683855654425e-05
ENSG00000147180	2.528981088292869e-05
ENSG00000145354	2.5276847811784457e-05
ENSG00000170927	2.5273185831798687e-05
ENSG00000112294	2.5242738281659934e-05
ENSG00000198832	2.5225971681271943e-05
ENSG00000234829	2.521635396810608e-05
ENSG00000112041	2.517719323312495e-05
ENSG00000114999	2.5175507329030117e-05
ENSG00000214753	2.5171886222655245e-05
ENSG00000033050	2.5165584731398884e-05
ENSG00000173156	2.513999654000258e-05
ENSG00000134760	2.5130715063756872e-05
ENSG00000126107	2.512562399442474e-05
ENSG00000123178	2.5124635403694956e-05
ENSG00000147465	2.510870022143947e-05
ENSG00000077684	2.509917650383324e-05
ENSG00000134909	2.5094869817282966e-05
ENSG00000125827	2.5093675478535328e-05
ENSG00000189030	2.5088386998156426e-05
ENSG00000121057	2.5077650131995897e-05
ENSG00000151366	2.5072776974566232e-05
ENSG00000160360	2.5069986344401794e-05
ENSG00000197279	2.50500734515226e-05
ENSG00000165195	2.5042051148491104e-05
ENSG00000154059	2.503597203159177e-05
ENSG00000080224	2.5030961830980912e-05
ENSG00000143369	2.501723021526047e-05
ENSG00000046604	2.5009431205964213e-05
ENSG00000282928	2.4996053481114695e-05
ENSG00000171443	2.499561855340841e-05
ENSG00000013374	2.4992926313111608e-05
ENSG00000113811	2.499169825071355e-05
ENSG00000280610	2.4989725297943826e-05
ENSG00000165953	2.4969496004431898e-05
ENSG00000180263	2.493589024656141e-05
ENSG00000121417	2.4931606123813628e-05
ENSG00000178096	2.4924179257482034e-05
ENSG00000152904	2.4919648176393096e-05
ENSG00000186190	2.4911099474864736e-05
ENSG00000110717	2.4906670696320085e-05
ENSG00000099256	2.4900369584286652e-05
ENSG00000183230	2.4899163706765842e-05
ENSG00000185090	2.489883888921876e-05
ENSG00000265808	2.4875316012560854e-05
ENSG00000184451	2.487408678995918e-05
ENSG00000156234	2.4843085048964988e-05
ENSG00000070886	2.4839518096437558e-05
ENSG00000115665	2.4829342071761137e-05
ENSG00000157087	2.4828945312893566e-05
ENSG00000155858	2.4827869231393665e-05
ENSG00000196616	2.4810898557420745e-05
ENSG00000149557	2.480911977941532e-05
ENSG00000197976	2.4805033938579202e-05
ENSG00000059588	2.480071426386514e-05
ENSG00000100106	2.4796687011154543e-05
ENSG00000100241	2.479270149376966e-05
ENSG00000089225	2.4788973743065574e-05
ENSG00000112249	2.4786014827052505e-05
ENSG00000247596	2.47782074061035e-05
ENSG00000093010	2.4777157247091626e-05
ENSG00000122859	2.4776724469315256e-05
ENSG00000185278	2.476641331109701e-05
ENSG00000072694	2.4765422415537967e-05
ENSG00000171365	2.476410963859382e-05
ENSG00000132275	2.476101250460733e-05
ENSG00000129493	2.4758231283824333e-05
ENSG00000149782	2.475043119723473e-05
ENSG00000136156	2.474588710402113e-05
ENSG00000124535	2.473904144339639e-05
ENSG00000144061	2.4736893258462452e-05
ENSG00000166263	2.4727641760963398e-05
ENSG00000175193	2.4720300400188855e-05
ENSG00000101457	2.4717391758267886e-05
ENSG00000129317	2.4700292544210438e-05
ENSG00000136848	2.4699314079874462e-05
ENSG00000162631	2.4698601293421534e-05
ENSG00000162517	2.4661312077407766e-05
ENSG00000159527	2.466048089096527e-05
ENSG00000109686	2.4660267278633363e-05
ENSG00000186462	2.463899117099799e-05
ENSG00000176390	2.4627895656116022e-05
ENSG00000160145	2.4625576885004368e-05
ENSG00000125148	2.4611529105327448e-05
ENSG00000086189	2.4607712670929615e-05
ENSG00000273562	2.460498670338722e-05
ENSG00000163914	2.460202640760989e-05
ENSG00000132561	2.4592178572604218e-05
ENSG00000119715	2.4587604400766618e-05
ENSG00000177082	2.4570753511872903e-05
ENSG00000123685	2.4566117627110677e-05
ENSG00000119630	2.4563008969433674e-05
ENSG00000174851	2.4558224513270182e-05
ENSG00000055147	2.4540925376289192e-05
ENSG00000155980	2.4531020113862974e-05
ENSG00000154222	2.4524754165651686e-05
ENSG00000169230	2.4522458457305956e-05
ENSG00000010219	2.4521086205098606e-05
ENSG00000196782	2.452045739612668e-05
ENSG00000067141	2.4502364543987286e-05
ENSG00000117174	2.447455094331335e-05
ENSG00000176953	2.4468322462152785e-05
ENSG00000146530	2.4456584885519704e-05
ENSG00000170426	2.445473216921019e-05
ENSG00000137709	2.4454695466645532e-05
ENSG00000230961	2.4451282373074017e-05
ENSG00000149089	2.4449984517287193e-05
ENSG00000182180	2.4417893850612268e-05
ENSG00000110811	2.4411558218049252e-05
ENSG00000138207	2.44017360486651e-05
ENSG00000079435	2.4390589678266694e-05
ENSG00000105321	2.4387775839753176e-05
ENSG00000060749	2.437431042328513e-05
ENSG00000282228	2.4362145575729726e-05
ENSG00000141002	2.4360273182583113e-05
ENSG00000129151	2.4356854752441913e-05
ENSG00000182208	2.4355859058167917e-05
ENSG00000075213	2.434757866186647e-05
ENSG00000101306	2.4339392503069318e-05
ENSG00000144895	2.4333302853387787e-05
ENSG00000146109	2.4328059363372096e-05
ENSG00000139318	2.432511337839257e-05
ENSG00000148377	2.4323043397932374e-05
ENSG00000149182	2.431610234295873e-05
ENSG00000101204	2.4310768020934924e-05
ENSG00000149639	2.4308300578804168e-05
ENSG00000205659	2.430155729383139e-05
ENSG00000163913	2.4293269016710973e-05
ENSG00000143653	2.4278073175090655e-05
ENSG00000103202	2.4241215405923988e-05
ENSG00000114757	2.423260214213097e-05
ENSG00000166828	2.4203148802098432e-05
ENSG00000165617	2.420310412186939e-05
ENSG00000198792	2.4196816147071244e-05
ENSG00000127318	2.419264813104468e-05
ENSG00000116731	2.4191474052953413e-05
ENSG00000076248	2.4188014092002057e-05
ENSG00000170145	2.418327287513062e-05
ENSG00000169155	2.4177316866493238e-05
ENSG00000088682	2.4156298037159392e-05
ENSG00000104915	2.4151900350339683e-05
ENSG00000164512	2.4151448549107016e-05
ENSG00000174938	2.4131970102168067e-05
ENSG00000140307	2.412981727764983e-05
ENSG00000229314	2.412610533526442e-05
ENSG00000133105	2.412530033544311e-05
ENSG00000198712	2.411883039613017e-05
ENSG00000163606	2.41170997914296e-05
ENSG00000135049	2.410260502881803e-05
ENSG00000100346	2.4102582863384308e-05
ENSG00000010327	2.4101016591938674e-05
ENSG00000188375	2.4088979073436366e-05
ENSG00000143867	2.4074471311261957e-05
ENSG00000125735	2.4071841667693373e-05
ENSG00000280495	2.4070080094814483e-05
ENSG00000187595	2.4069531248999476e-05
ENSG00000140319	2.4049022314153204e-05
ENSG00000166166	2.4047187375610804e-05
ENSG00000102471	2.4041428989155724e-05
ENSG00000128791	2.4040480282535632e-05
ENSG00000279486	2.4028251885469833e-05
ENSG00000182196	2.4022876840157155e-05
ENSG00000116199	2.3996905069194587e-05
ENSG00000169371	2.398315824494567e-05
ENSG00000285348	2.396941994829532e-05
ENSG00000106692	2.396586700080401e-05
ENSG00000181409	2.3964506861646072e-05
ENSG00000131094	2.3947150235553893e-05
ENSG00000152700	2.3936241149082463e-05
ENSG00000112486	2.3931106378062526e-05
ENSG00000172005	2.3928136266668473e-05
ENSG00000197747	2.3923867499279572e-05
ENSG00000167850	2.3908155352589458e-05
ENSG00000196449	2.390727189440472e-05
ENSG00000203737	2.389340975967963e-05
ENSG00000288145	2.3854716815868505e-05
ENSG00000163874	2.385377368014596e-05
ENSG00000106261	2.3850941852976507e-05
ENSG00000185298	2.3850060052706725e-05
ENSG00000074695	2.384687868144283e-05
ENSG00000101134	2.3823370930157014e-05
ENSG00000164118	2.38141552596812e-05
ENSG00000134757	2.380401993642128e-05
ENSG00000174672	2.379947583728948e-05
ENSG00000172586	2.3799181615817986e-05
ENSG00000128524	2.37961224784502e-05
ENSG00000100350	2.379443237758367e-05
ENSG00000134183	2.3791943360640035e-05
ENSG00000173113	2.379040750353246e-05
ENSG00000146733	2.37818529634607e-05
ENSG00000163541	2.376433840347706e-05
ENSG00000039560	2.3754491529892316e-05
ENSG00000164011	2.3748856642472124e-05
ENSG00000112031	2.3740333029594963e-05
ENSG00000243489	2.3740056680365e-05
ENSG00000111203	2.3738916716004263e-05
ENSG00000168517	2.3734220707472782e-05
ENSG00000182263	2.372136766818111e-05
ENSG00000081985	2.3721117009635974e-05
ENSG00000171914	2.3720475305827814e-05
ENSG00000196263	2.371318580409485e-05
ENSG00000240303	2.3708158850576177e-05
ENSG00000124440	2.370765477881975e-05
ENSG00000138286	2.3698570159778544e-05
ENSG00000203710	2.3690357424035707e-05
ENSG00000131477	2.3678069378354433e-05
ENSG00000158526	2.366345386149645e-05
ENSG00000276230	2.3644081907497365e-05
ENSG00000059728	2.3630214936292535e-05
ENSG00000134588	2.362642657731574e-05
ENSG00000108839	2.3623291602707625e-05
ENSG00000131370	2.3616569093250005e-05
ENSG00000134317	2.359518661205876e-05
ENSG00000170881	2.3590478224213728e-05
ENSG00000144401	2.3586246221888463e-05
ENSG00000125650	2.3582362756032338e-05
ENSG00000135241	2.356360543258761e-05
ENSG00000152270	2.355158068936666e-05
ENSG00000179588	2.3539733780213074e-05
ENSG00000068097	2.3534517363305888e-05
ENSG00000143740	2.349933711617898e-05
ENSG00000100219	2.3492403181254948e-05
ENSG00000114854	2.3479889108472756e-05
ENSG00000169738	2.345626179306116e-05
ENSG00000005812	2.3450607377588014e-05
ENSG00000174808	2.3445025897489187e-05
ENSG00000174738	2.3439354624497485e-05
ENSG00000111049	2.343693786802492e-05
ENSG00000161270	2.342872695191605e-05
ENSG00000165502	2.342856265212491e-05
ENSG00000144118	2.3426334982611195e-05
ENSG00000123213	2.3413178821621757e-05
ENSG00000169019	2.3398018588260277e-05
ENSG00000105738	2.3386961107390894e-05
ENSG00000078549	2.3372859190166702e-05
ENSG00000158769	2.3359356752603002e-05
ENSG00000196873	2.3334395286464873e-05
ENSG00000145779	2.3326678842170353e-05
ENSG00000137145	2.331261106561502e-05
ENSG00000138100	2.3308358196937234e-05
ENSG00000142494	2.329439949116405e-05
ENSG00000237335	2.329372393066443e-05
ENSG00000231268	2.3289249315067008e-05
ENSG00000107719	2.3287456695107823e-05
ENSG00000068885	2.3286728228170634e-05
ENSG00000080823	2.3241586261605942e-05
ENSG00000277481	2.3219045076058475e-05
ENSG00000119616	2.3215974174109108e-05
ENSG00000125931	2.321287675956169e-05
ENSG00000185088	2.3211102439428365e-05
ENSG00000092020	2.321081966926229e-05
ENSG00000144560	2.321080310102822e-05
ENSG00000182827	2.320344823841477e-05
ENSG00000164889	2.3202236965963693e-05
ENSG00000234539	2.320213589262372e-05
ENSG00000004864	2.3191088584777648e-05
ENSG00000067048	2.318739532029382e-05
ENSG00000125998	2.318310442330943e-05
ENSG00000283706	2.3180736482218054e-05
ENSG00000081026	2.3180510531118508e-05
ENSG00000143499	2.3178492665116535e-05
ENSG00000112115	2.317190205599004e-05
ENSG00000168065	2.3167382152789723e-05
ENSG00000092621	2.3155218030090697e-05
ENSG00000184702	2.3124957933140137e-05
ENSG00000129250	2.3119812091559503e-05
ENSG00000166971	2.3116930173887778e-05
ENSG00000162188	2.308010964819608e-05
ENSG00000275165	2.3067429306570604e-05
ENSG00000141279	2.3063166874798335e-05
ENSG00000032742	2.3061426992955118e-05
ENSG00000114859	2.3047361391586417e-05
ENSG00000169851	2.303962778473325e-05
ENSG00000140740	2.3027030069430627e-05
ENSG00000138399	2.3025749880982654e-05
ENSG00000142687	2.3010063639195403e-05
ENSG00000197901	2.3008374579665483e-05
ENSG00000205111	2.3000623350993724e-05
ENSG00000096872	2.2999084755262963e-05
ENSG00000132963	2.2998825539793907e-05
ENSG00000084234	2.2991261402588042e-05
ENSG00000165030	2.2984621454651037e-05
ENSG00000154723	2.296827321656002e-05
ENSG00000165288	2.296522676766006e-05
ENSG00000174891	2.2961606328946414e-05
ENSG00000183779	2.2955786316941277e-05
ENSG00000137831	2.2944544079224788e-05
ENSG00000100836	2.2936488383170692e-05
ENSG00000187446	2.2928171056065642e-05
ENSG00000160505	2.292698774049994e-05
ENSG00000161896	2.2925802437706968e-05
ENSG00000152086	2.2920479229299707e-05
ENSG00000276977	2.291377784816825e-05
ENSG00000269858	2.29136684954542e-05
ENSG00000077009	2.2897190988011164e-05
ENSG00000126249	2.288255799543411e-05
ENSG00000172954	2.287429755452153e-05
ENSG00000180871	2.286375527061003e-05
ENSG00000196850	2.285739440479816e-05
ENSG00000118804	2.284979383606727e-05
ENSG00000171195	2.2847089377764684e-05
ENSG00000133872	2.2842857559641065e-05
ENSG00000274221	2.281791992171709e-05
ENSG00000142207	2.2786919653297182e-05
ENSG00000184207	2.2781267154183576e-05
ENSG00000102547	2.2780423823010513e-05
ENSG00000137040	2.2772460964530864e-05
ENSG00000126368	2.275509401673044e-05
ENSG00000243137	2.2748850168418598e-05
ENSG00000130147	2.2730427085518146e-05
ENSG00000099203	2.2730337230833794e-05
ENSG00000103319	2.271289888240097e-05
ENSG00000130748	2.2705847590194127e-05
ENSG00000130066	2.27007241234949e-05
ENSG00000176396	2.2692707070747136e-05
ENSG00000169020	2.2663673625817476e-05
ENSG00000118939	2.2655697357259116e-05
ENSG00000151694	2.2603386768629575e-05
ENSG00000114812	2.2599521732093524e-05
ENSG00000128739	2.2574717426584067e-05
ENSG00000138829	2.2570117675779232e-05
ENSG00000138101	2.2570036490048537e-05
ENSG00000103351	2.2559221023997226e-05
ENSG00000111732	2.2558654395494004e-05
ENSG00000214517	2.255714022161535e-05
ENSG00000116906	2.2543900471984467e-05
ENSG00000148429	2.253643407872758e-05
ENSG00000288701	2.2533042451439634e-05
ENSG00000148143	2.2516268445803302e-05
ENSG00000132465	2.2496627034376322e-05
ENSG00000072042	2.2487661781720335e-05
ENSG00000111728	2.2487156390331275e-05
ENSG00000078328	2.247957480138267e-05
ENSG00000164237	2.2474746573980936e-05
ENSG00000132744	2.2468640039917285e-05
ENSG00000126705	2.2455761831381465e-05
ENSG00000277641	2.2434621492058923e-05
ENSG00000167186	2.243175464355883e-05
ENSG00000064835	2.241497173848163e-05
ENSG00000136933	2.241061456920363e-05
ENSG00000108669	2.24001032375742e-05
ENSG00000204498	2.2397711975441374e-05
ENSG00000171703	2.236137896044053e-05
ENSG00000011347	2.2351749011780682e-05
ENSG00000175093	2.232663379182533e-05
ENSG00000137496	2.2309694129526667e-05
ENSG00000150867	2.2304256330123484e-05
ENSG00000150750	2.2294762798146967e-05
ENSG00000122483	2.227852071309892e-05
ENSG00000203814	2.2257688413072777e-05
ENSG00000130226	2.2238988978796114e-05
ENSG00000112245	2.22386043224332e-05
ENSG00000130717	2.2226873384557385e-05
ENSG00000284850	2.221429344808688e-05
ENSG00000101782	2.221363024156993e-05
ENSG00000244057	2.220834215241405e-05
ENSG00000100038	2.2200476784935366e-05
ENSG00000135312	2.218945146647861e-05
ENSG00000164294	2.2186974538078742e-05
ENSG00000108963	2.217716202471448e-05
ENSG00000184076	2.2171843782167003e-05
ENSG00000187730	2.214982315670402e-05
ENSG00000130517	2.2129413457754332e-05
ENSG00000114650	2.211765373166707e-05
ENSG00000102760	2.210706428421872e-05
ENSG00000104432	2.2093420218688974e-05
ENSG00000104805	2.208560124990143e-05
ENSG00000125965	2.2067334227938512e-05
ENSG00000145781	2.2053751639485238e-05
ENSG00000169570	2.205335413222813e-05
ENSG00000028116	2.203771775921049e-05
ENSG00000105429	2.20370866272213e-05
ENSG00000076944	2.202939603425464e-05
ENSG00000278889	2.201788714054325e-05
ENSG00000101327	2.201245372049048e-05
ENSG00000125304	2.1992936961912464e-05
ENSG00000176746	2.198837608546694e-05
ENSG00000172572	2.196610266646357e-05
ENSG00000083067	2.1961468860165646e-05
ENSG00000131149	2.1945894084372254e-05
ENSG00000198648	2.1945091906345758e-05
ENSG00000119977	2.1923165929768223e-05
ENSG00000184613	2.1921929256039368e-05
ENSG00000104447	2.190489704384203e-05
ENSG00000164938	2.1893101454694447e-05
ENSG00000008256	2.188149587323391e-05
ENSG00000100865	2.1868678751158822e-05
ENSG00000130193	2.1835313186400516e-05
ENSG00000165376	2.182734959720697e-05
ENSG00000023608	2.1805209392116255e-05
ENSG00000160570	2.180002373255883e-05
ENSG00000204065	2.1797403525460254e-05
ENSG00000068650	2.1766941607092917e-05
ENSG00000196998	2.1766380204026324e-05
ENSG00000136531	2.1762249842986797e-05
ENSG00000167397	2.1749363882700723e-05
ENSG00000162909	2.1737841451781674e-05
ENSG00000186187	2.1731021197871487e-05
ENSG00000188021	2.1716302211619364e-05
ENSG00000125703	2.1706230189536135e-05
ENSG00000120725	2.1699308459569593e-05
ENSG00000157985	2.1698870600996982e-05
ENSG00000140543	2.169662408869826e-05
ENSG00000133083	2.1694710583161793e-05
ENSG00000146005	2.1688766847345172e-05
ENSG00000074657	2.168516034759079e-05
ENSG00000078967	2.1663552809328383e-05
ENSG00000196072	2.1648308062481717e-05
ENSG00000084092	2.1643887408657604e-05
ENSG00000198670	2.1619833778156846e-05
ENSG00000198722	2.160468405623531e-05
ENSG00000174136	2.1604471477550298e-05
ENSG00000166261	2.16041428057949e-05
ENSG00000008086	2.159702339156229e-05
ENSG00000285301	2.159580890510357e-05
ENSG00000163286	2.157320033725523e-05
ENSG00000177853	2.1568038873927573e-05
ENSG00000177034	2.155294292283525e-05
ENSG00000108591	2.1544603429064446e-05
ENSG00000196547	2.152630015298442e-05
ENSG00000008394	2.152036084527126e-05
ENSG00000085117	2.1510759082541523e-05
ENSG00000134247	2.14898142658286e-05
ENSG00000095066	2.1459279188954205e-05
ENSG00000165215	2.1457352339087232e-05
ENSG00000155511	2.145447849435089e-05
ENSG00000111801	2.1418411227419623e-05
ENSG00000186838	2.1379795259419474e-05
ENSG00000157911	2.1364404029850704e-05
ENSG00000261609	2.1362516691857915e-05
ENSG00000135473	2.1355948958048177e-05
ENSG00000280962	2.1352654841597263e-05
ENSG00000148204	2.1348550862439895e-05
ENSG00000182195	2.1342520200038068e-05
ENSG00000198918	2.134075088829955e-05
ENSG00000164073	2.132350828286817e-05
ENSG00000015532	2.1319115697353825e-05
ENSG00000157927	2.131585231170641e-05
ENSG00000183527	2.1315268681069077e-05
ENSG00000134575	2.131003339563145e-05
ENSG00000225312	2.1300414318677954e-05
ENSG00000138162	2.1287011296126863e-05
ENSG00000198925	2.1279923980270612e-05
ENSG00000173548	2.1279483480174005e-05
ENSG00000005882	2.1267230825520866e-05
ENSG00000100664	2.1260860242107104e-05
ENSG00000276458	2.1229334278414414e-05
ENSG00000138386	2.1226444719652668e-05
ENSG00000123104	2.122465571065224e-05
ENSG00000116649	2.122346427983511e-05
ENSG00000278624	2.122268729377548e-05
ENSG00000143416	2.1222040708013777e-05
ENSG00000176788	2.1220003781317643e-05
ENSG00000280951	2.1218854916923772e-05
ENSG00000196277	2.121477646806886e-05
ENSG00000281917	2.1176405144789935e-05
ENSG00000262418	2.117467985726523e-05
ENSG00000168309	2.1168221943108926e-05
ENSG00000051825	2.116725059159301e-05
ENSG00000170275	2.1164059244929827e-05
ENSG00000140403	2.1160081160831572e-05
ENSG00000108556	2.1157050749714927e-05
ENSG00000168096	2.112846299686759e-05
ENSG00000234114	2.1121702764961808e-05
ENSG00000151532	2.111715664496134e-05
ENSG00000162594	2.111624941546897e-05
ENSG00000162510	2.1108059575566216e-05
ENSG00000092036	2.1099657337473115e-05
ENSG00000059573	2.1071674057118436e-05
ENSG00000139719	2.1045150897903733e-05
ENSG00000141404	2.1039743585762923e-05
ENSG00000139926	2.1038534997165795e-05
ENSG00000167757	2.1038500359675585e-05
ENSG00000162896	2.103553896342787e-05
ENSG00000100994	2.103285338935424e-05
ENSG00000065183	2.103256894266527e-05
ENSG00000107957	2.1024354245256207e-05
ENSG00000262334	2.1021675599358617e-05
ENSG00000080493	2.1012571318453505e-05
ENSG00000186897	2.100348991193299e-05
ENSG00000186832	2.1001701225199727e-05
ENSG00000205423	2.0978267958210025e-05
ENSG00000181704	2.097279425384326e-05
ENSG00000039537	2.0965456146963266e-05
ENSG00000103978	2.0958758306174474e-05
ENSG00000169031	2.0956736938560076e-05
ENSG00000072778	2.095602157460801e-05
ENSG00000018699	2.0955285198618423e-05
ENSG00000130037	2.095502873913895e-05
ENSG00000132254	2.0930885767540598e-05
ENSG00000203785	2.0916402686067882e-05
ENSG00000119711	2.0912429385533652e-05
ENSG00000113761	2.0910933018059386e-05
ENSG00000169189	2.0902055980439445e-05
ENSG00000105982	2.089872793575725e-05
ENSG00000122359	2.085392672990836e-05
ENSG00000275932	2.0838694336420525e-05
ENSG00000170571	2.081302735053612e-05
ENSG00000166716	2.080487666016839e-05
ENSG00000169136	2.080292706114089e-05
ENSG00000100650	2.0797401975267828e-05
ENSG00000158691	2.0791074797468645e-05
ENSG00000132256	2.0763520398301485e-05
ENSG00000163818	2.074839684958924e-05
ENSG00000276231	2.0742544179865224e-05
ENSG00000125971	2.0735216906987953e-05
ENSG00000131507	2.0732745508111736e-05
ENSG00000167578	2.0722012735767718e-05
ENSG00000123106	2.071588281140986e-05
ENSG00000114993	2.071585649103036e-05
ENSG00000168490	2.0699976891609567e-05
ENSG00000110448	2.0697255986499032e-05
ENSG00000163812	2.069212161205207e-05
ENSG00000239857	2.068687885389477e-05
ENSG00000182095	2.0673558591703664e-05
ENSG00000122515	2.0669975521733015e-05
ENSG00000144036	2.0664933791508033e-05
ENSG00000100721	2.0663957757120657e-05
ENSG00000254997	2.066184423768221e-05
ENSG00000187742	2.0659556763302095e-05
ENSG00000127241	2.0648936564976095e-05
ENSG00000154814	2.0645770026058978e-05
ENSG00000130939	2.064234000447742e-05
ENSG00000154803	2.0632878720875267e-05
ENSG00000115282	2.061482832178986e-05
ENSG00000108039	2.0601440754142315e-05
ENSG00000167414	2.0601003171544094e-05
ENSG00000164292	2.0594668013659728e-05
ENSG00000283056	2.0584523304255402e-05
ENSG00000149179	2.0577707886784028e-05
ENSG00000124357	2.0559992320520213e-05
ENSG00000198783	2.0550397304704416e-05
ENSG00000198642	2.0533211957810425e-05
ENSG00000131941	2.0520284344765595e-05
ENSG00000144455	2.05096131532076e-05
ENSG00000141232	2.0509480370250186e-05
ENSG00000182544	2.050678926444242e-05
ENSG00000278129	2.0506025704277326e-05
ENSG00000143842	2.049904149418784e-05
ENSG00000162676	2.049474788509982e-05
ENSG00000276825	2.048650628324978e-05
ENSG00000185479	2.0483195356105157e-05
ENSG00000068784	2.0468849063766186e-05
ENSG00000198353	2.0452608871739685e-05
ENSG00000175115	2.0420727357923404e-05
ENSG00000185483	2.0407730754845032e-05
ENSG00000100299	2.0404171927309496e-05
ENSG00000123095	2.04021349519993e-05
ENSG00000184162	2.0401271906530498e-05
ENSG00000138379	2.039837757358678e-05
ENSG00000140830	2.0382596058658576e-05
ENSG00000169469	2.0377671495115183e-05
ENSG00000137077	2.0369657963758283e-05
ENSG00000198466	2.0368813673576093e-05
ENSG00000102805	2.0358879287049696e-05
ENSG00000244067	2.0356999193836337e-05
ENSG00000183049	2.033454721622676e-05
ENSG00000163993	2.0314191121174587e-05
ENSG00000267855	2.0313419346875143e-05
ENSG00000134851	2.0291677819911113e-05
ENSG00000276838	2.028907112571192e-05
ENSG00000213246	2.0281476984957155e-05
ENSG00000135919	2.0276407451185374e-05
ENSG00000115255	2.0267120080662743e-05
ENSG00000162076	2.0262335551145995e-05
ENSG00000144645	2.025677625489586e-05
ENSG00000154359	2.0234648030456468e-05
ENSG00000151575	2.02138268266829e-05
ENSG00000132570	2.019652667251937e-05
ENSG00000106080	2.0196292089799675e-05
ENSG00000196700	2.018600316355419e-05
ENSG00000198677	2.018205263441529e-05
ENSG00000116691	2.018139211368613e-05
ENSG00000189043	2.017441090497084e-05
ENSG00000109184	2.0165462261260985e-05
ENSG00000133246	2.0157282005753117e-05
ENSG00000186471	2.0123571322382317e-05
ENSG00000164972	2.012293138203998e-05
ENSG00000043591	2.0115718409338708e-05
ENSG00000011143	2.010281189207655e-05
ENSG00000187772	2.0099710857191292e-05
ENSG00000166165	2.009036198571017e-05
ENSG00000161835	2.0089977821022865e-05
ENSG00000188243	2.008150415241888e-05
ENSG00000147459	2.007495578282928e-05
ENSG00000121413	2.0066251484093106e-05
ENSG00000099622	2.005489011033865e-05
ENSG00000175087	2.0050210337495854e-05
ENSG00000053501	2.004226891286636e-05
ENSG00000187764	2.0008172360197436e-05
ENSG00000060491	2.000579876333288e-05
ENSG00000105518	1.9980695984858557e-05
ENSG00000100258	1.9954643635496384e-05
ENSG00000091972	1.9945638837819727e-05
ENSG00000117425	1.9945371281686466e-05
ENSG00000169084	1.9935116024738904e-05
ENSG00000145703	1.9929919969016743e-05
ENSG00000128563	1.9925312203529152e-05
ENSG00000241258	1.991620288574738e-05
ENSG00000153574	1.9914250637345818e-05
ENSG00000164405	1.9904595702406167e-05
ENSG00000122557	1.990253906953793e-05
ENSG00000163412	1.988451679210534e-05
ENSG00000073060	1.9882802042479462e-05
ENSG00000188739	1.9882335919161076e-05
ENSG00000143537	1.988009412300074e-05
ENSG00000120093	1.9865401620718562e-05
ENSG00000166130	1.9864192785288088e-05
ENSG00000124942	1.9845996001065996e-05
ENSG00000103257	1.98398306557249e-05
ENSG00000011376	1.983854981104642e-05
ENSG00000165970	1.983803235893757e-05
ENSG00000148484	1.9833967836506066e-05
ENSG00000006210	1.983328744361289e-05
ENSG00000066084	1.9828704638003867e-05
ENSG00000237190	1.9824997593731982e-05
ENSG00000149328	1.9816680889596974e-05
ENSG00000015592	1.981489827231689e-05
ENSG00000142751	1.981272310659483e-05
ENSG00000171119	1.980306565832555e-05
ENSG00000263290	1.9797110686373987e-05
ENSG00000277336	1.9797016328351777e-05
ENSG00000171936	1.979685536842106e-05
ENSG00000065491	1.9792706180959378e-05
ENSG00000243955	1.978555362426525e-05
ENSG00000135124	1.9781650236073643e-05
ENSG00000076555	1.9776528517151693e-05
ENSG00000149516	1.9775486280741277e-05
ENSG00000122550	1.974377591245869e-05
ENSG00000197077	1.97397178279999e-05
ENSG00000169957	1.973955952089766e-05
ENSG00000111615	1.9732444089174078e-05
ENSG00000175137	1.9725943237043608e-05
ENSG00000234906	1.9725437564719028e-05
ENSG00000213523	1.971202756418439e-05
ENSG00000084734	1.9709848525251307e-05
ENSG00000021762	1.970834816550263e-05
ENSG00000099139	1.970795945743851e-05
ENSG00000213398	1.970730486164665e-05
ENSG00000144746	1.9705268198620385e-05
ENSG00000076650	1.969845468379946e-05
ENSG00000033170	1.969453785246881e-05
ENSG00000167880	1.9686860449737476e-05
ENSG00000184792	1.967520346735147e-05
ENSG00000153714	1.9674519582427046e-05
ENSG00000136718	1.9671373131006004e-05
ENSG00000181754	1.9664839016005997e-05
ENSG00000170191	1.965566838510606e-05
ENSG00000048462	1.9645605187068142e-05
ENSG00000178498	1.9643671912650062e-05
ENSG00000112893	1.9642622792463e-05
ENSG00000284260	1.9638224160097755e-05
ENSG00000241878	1.9638161650960125e-05
ENSG00000178537	1.9637545832095392e-05
ENSG00000181965	1.9632074972493133e-05
ENSG00000274669	1.9623443648213352e-05
ENSG00000144589	1.9621992953224568e-05
ENSG00000029639	1.9617194872082005e-05
ENSG00000263238	1.9603223385871722e-05
ENSG00000185963	1.9601232264436936e-05
ENSG00000172889	1.9568040583728066e-05
ENSG00000109272	1.955707542872925e-05
ENSG00000143194	1.9553473069592208e-05
ENSG00000197714	1.9542958930135168e-05
ENSG00000118096	1.9539048955247988e-05
ENSG00000158411	1.9529153337663153e-05
ENSG00000122507	1.9513848779836378e-05
ENSG00000174446	1.9512875421329007e-05
ENSG00000235162	1.9512673057343456e-05
ENSG00000198874	1.9504163774068924e-05
ENSG00000161980	1.949926405797282e-05
ENSG00000261150	1.948486070839578e-05
ENSG00000180219	1.948316382673818e-05
ENSG00000126895	1.9479951757401414e-05
ENSG00000213463	1.9479834727797494e-05
ENSG00000100147	1.9459527247319014e-05
ENSG00000170419	1.9455836145874543e-05
ENSG00000180332	1.9453393579142006e-05
ENSG00000149600	1.9432963166560597e-05
ENSG00000175325	1.9429315821671203e-05
ENSG00000114374	1.9424736320980454e-05
ENSG00000177519	1.94214375567143e-05
ENSG00000135577	1.9418243067670625e-05
ENSG00000047644	1.941000969580314e-05
ENSG00000184990	1.939348208482489e-05
ENSG00000120675	1.9384184704686194e-05
ENSG00000146676	1.938039711338149e-05
ENSG00000109065	1.9374304769126834e-05
ENSG00000157625	1.9372192232701217e-05
ENSG00000100319	1.936301803666721e-05
ENSG00000091732	1.9358193184434554e-05
ENSG00000118432	1.9355581412805565e-05
ENSG00000168314	1.9353765840321677e-05
ENSG00000108691	1.9352227378395945e-05
ENSG00000136153	1.9343309381638575e-05
ENSG00000130558	1.934079351134855e-05
ENSG00000177542	1.933631391785924e-05
ENSG00000168143	1.933504147795535e-05
ENSG00000197969	1.9334162306494127e-05
ENSG00000173702	1.9326312246397494e-05
ENSG00000169955	1.932265882027648e-05
ENSG00000004660	1.931642312180824e-05
ENSG00000165630	1.931539828413135e-05
ENSG00000135541	1.930863010754563e-05
ENSG00000145431	1.92967313464271e-05
ENSG00000134532	1.9293281713589773e-05
ENSG00000133318	1.9279440411395452e-05
ENSG00000099810	1.9277638290468303e-05
ENSG00000116212	1.92673691520286e-05
ENSG00000111262	1.9264699480790286e-05
ENSG00000185760	1.9261987450405894e-05
ENSG00000070540	1.9259762349484514e-05
ENSG00000197870	1.925832153208021e-05
ENSG00000189306	1.9232175519373922e-05
ENSG00000108511	1.9231592544750716e-05
ENSG00000155463	1.9220878176865952e-05
ENSG00000159202	1.9216319488091494e-05
ENSG00000128346	1.9212790273891992e-05
ENSG00000275338	1.918825104414854e-05
ENSG00000163755	1.9186980542751512e-05
ENSG00000134597	1.917872925218406e-05
ENSG00000138039	1.9150822843971702e-05
ENSG00000179407	1.914955277805828e-05
ENSG00000162065	1.9121333253973396e-05
ENSG00000174607	1.910853109261935e-05
ENSG00000162694	1.9097977674393473e-05
ENSG00000152061	1.909770755334747e-05
ENSG00000198873	1.907494671054747e-05
ENSG00000138459	1.9067995459620525e-05
ENSG00000167393	1.9066698955623533e-05
ENSG00000196323	1.9064732699758632e-05
ENSG00000147955	1.906153021955324e-05
ENSG00000186522	1.9059728126606465e-05
ENSG00000213625	1.9027369161500887e-05
ENSG00000214021	1.9019686202104316e-05
ENSG00000143390	1.9019539165008184e-05
ENSG00000162999	1.899742085150919e-05
ENSG00000166863	1.8992167883064764e-05
ENSG00000189067	1.8990463645297468e-05
ENSG00000229493	1.8980575574364318e-05
ENSG00000064763	1.8966204143355406e-05
ENSG00000140199	1.8965809246522897e-05
ENSG00000143753	1.8957121902010108e-05
ENSG00000183775	1.8948655439423394e-05
ENSG00000101079	1.8936210221264207e-05
ENSG00000170542	1.893345066462578e-05
ENSG00000288146	1.8931113513434826e-05
ENSG00000078070	1.8925008991026723e-05
ENSG00000154262	1.8921154596493228e-05
ENSG00000147883	1.8921115373942453e-05
ENSG00000150667	1.8910386430335393e-05
ENSG00000123684	1.8910243072245573e-05
ENSG00000136877	1.8909018506529278e-05
ENSG00000041353	1.8908596950708526e-05
ENSG00000129197	1.888259085562513e-05
ENSG00000176919	1.8881962393861243e-05
ENSG00000196453	1.8872031339728164e-05
ENSG00000232040	1.887129432965594e-05
ENSG00000196109	1.8829060406413147e-05
ENSG00000128045	1.8825406741881905e-05
ENSG00000283781	1.8823901782926364e-05
ENSG00000185519	1.8809288153996184e-05
ENSG00000085377	1.879840357227936e-05
ENSG00000136111	1.8796534495074764e-05
ENSG00000173456	1.877763019524786e-05
ENSG00000187513	1.8753083496757805e-05
ENSG00000138622	1.8744848124873065e-05
ENSG00000170266	1.8743110881603548e-05
ENSG00000143183	1.87205425101987e-05
ENSG00000115263	1.87186300732551e-05
ENSG00000198053	1.8716252575379528e-05
ENSG00000176658	1.8712800633434756e-05
ENSG00000273397	1.87075845113228e-05
ENSG00000164975	1.8690741586328423e-05
ENSG00000179913	1.86855075061639e-05
ENSG00000109738	1.8682898346904324e-05
ENSG00000154710	1.8681929971644237e-05
ENSG00000167173	1.8678051526567823e-05
ENSG00000138735	1.8676480734359834e-05
ENSG00000198039	1.86698346856667e-05
ENSG00000180855	1.8660396629921077e-05
ENSG00000173451	1.864774779419432e-05
ENSG00000171490	1.864761273488808e-05
ENSG00000274641	1.864759153195722e-05
ENSG00000090487	1.8641653513006578e-05
ENSG00000170465	1.8640940647052364e-05
ENSG00000183617	1.863658766299356e-05
ENSG00000103353	1.862114010802057e-05
ENSG00000204370	1.8618066109754004e-05
ENSG00000117592	1.8603732739674344e-05
ENSG00000243147	1.8599330626606547e-05
ENSG00000113269	1.858448887438475e-05
ENSG00000242441	1.8584176324758515e-05
ENSG00000137098	1.8566122051389623e-05
ENSG00000166035	1.856228778736774e-05
ENSG00000140945	1.855841208075267e-05
ENSG00000076356	1.8545764170683135e-05
ENSG00000184408	1.854443612369387e-05
ENSG00000106635	1.8521161721005542e-05
ENSG00000100478	1.852104693423209e-05
ENSG00000099797	1.851553116772686e-05
ENSG00000108771	1.849479980830032e-05
ENSG00000115602	1.848774162552369e-05
ENSG00000115109	1.8486813404765207e-05
ENSG00000102181	1.8484815123757047e-05
ENSG00000168301	1.8484803356849632e-05
ENSG00000149474	1.8481944150173555e-05
ENSG00000168826	1.8470067953517295e-05
ENSG00000198692	1.8466999529808387e-05
ENSG00000185838	1.8463758254238545e-05
ENSG00000135414	1.845851395418691e-05
ENSG00000160460	1.8454205758920877e-05
ENSG00000242173	1.844594205532483e-05
ENSG00000099246	1.8445386950154234e-05
ENSG00000119812	1.8439965710770947e-05
ENSG00000152910	1.8418206077821924e-05
ENSG00000169594	1.8411308008076652e-05
ENSG00000159251	1.8400144546568596e-05
ENSG00000122386	1.8399277795731515e-05
ENSG00000145911	1.8394993104012075e-05
ENSG00000166289	1.8389701334951543e-05
ENSG00000050130	1.8371706878228576e-05
ENSG00000274047	1.8368170600553955e-05
ENSG00000266472	1.8366523314720872e-05
ENSG00000149929	1.835614915796742e-05
ENSG00000110429	1.8354914062948928e-05
ENSG00000171873	1.8333821654710113e-05
ENSG00000117036	1.832898923608004e-05
ENSG00000126970	1.8307592170972386e-05
ENSG00000177981	1.8299146624160264e-05
ENSG00000145214	1.8298317829442323e-05
ENSG00000260027	1.8280794329399695e-05
ENSG00000102010	1.8280439345787122e-05
ENSG00000138760	1.826861129571903e-05
ENSG00000116133	1.8252279348242347e-05
ENSG00000148187	1.8246071966406122e-05
ENSG00000143469	1.8242619585806776e-05
ENSG00000178078	1.8238221387254846e-05
ENSG00000198026	1.8233262135629158e-05
ENSG00000231314	1.8227048748045633e-05
ENSG00000120942	1.821147813984788e-05
ENSG00000173848	1.8201023901877755e-05
ENSG00000134709	1.8189433132748263e-05
ENSG00000198727	1.8161934644386243e-05
ENSG00000170017	1.814436849982398e-05
ENSG00000232312	1.8133985769650184e-05
ENSG00000196104	1.813143536977114e-05
ENSG00000152558	1.8124276647015125e-05
ENSG00000101294	1.8120381445538617e-05
ENSG00000108830	1.8114434726449354e-05
ENSG00000067082	1.811441285017e-05
ENSG00000241794	1.8108497805465042e-05
ENSG00000125814	1.8096044282596664e-05
ENSG00000081923	1.809456596617495e-05
ENSG00000122642	1.8063045594407766e-05
ENSG00000166037	1.8058720436956927e-05
ENSG00000146350	1.8046967319683707e-05
ENSG00000145391	1.803991925673833e-05
ENSG00000273873	1.80352506295052e-05
ENSG00000155957	1.8023539948797703e-05
ENSG00000166557	1.798799527389541e-05
ENSG00000131368	1.7987747041003268e-05
ENSG00000180098	1.798724051597631e-05
ENSG00000100575	1.7983926900604014e-05
ENSG00000277733	1.7958039333589815e-05
ENSG00000146085	1.7918088690089578e-05
ENSG00000213977	1.791212185420114e-05
ENSG00000102128	1.7903718234440165e-05
ENSG00000112651	1.7900105265712476e-05
ENSG00000115226	1.7897066084731025e-05
ENSG00000170500	1.7884058388545765e-05
ENSG00000148604	1.7883100963446755e-05
ENSG00000137714	1.788245052723807e-05
ENSG00000128335	1.788101180575414e-05
ENSG00000278195	1.786480596992892e-05
ENSG00000050426	1.7864292729055002e-05
ENSG00000196431	1.7863574403370376e-05
ENSG00000197043	1.7863242271184622e-05
ENSG00000160214	1.785207021167004e-05
ENSG00000086062	1.7827649629814068e-05
ENSG00000149133	1.782453136613941e-05
ENSG00000145949	1.7812780920491126e-05
ENSG00000163501	1.780341643090083e-05
ENSG00000243156	1.7792474234874232e-05
ENSG00000011590	1.7787245860750793e-05
ENSG00000162688	1.7785547288998544e-05
ENSG00000006534	1.7778901610983997e-05
ENSG00000168334	1.7769175749093608e-05
ENSG00000128487	1.7765935220393244e-05
ENSG00000142698	1.7764036916562605e-05
ENSG00000158987	1.774983397774176e-05
ENSG00000151445	1.7737213340458106e-05
ENSG00000117868	1.7721426687499903e-05
ENSG00000111816	1.7720372450716542e-05
ENSG00000147124	1.7708930287650987e-05
ENSG00000113971	1.7706942689366038e-05
ENSG00000134262	1.76963017974161e-05
ENSG00000186106	1.7689246860654944e-05
ENSG00000128510	1.768291960299618e-05
ENSG00000105835	1.7665032475460117e-05
ENSG00000155816	1.7651046332106484e-05
ENSG00000276175	1.7650664724285573e-05
ENSG00000173786	1.7650310680754833e-05
ENSG00000145850	1.764864428740478e-05
ENSG00000102302	1.7622463573711246e-05
ENSG00000064651	1.7616517711080083e-05
ENSG00000121410	1.758743405779629e-05
ENSG00000182521	1.758306660994471e-05
ENSG00000185127	1.7582256655148586e-05
ENSG00000085741	1.757627664648914e-05
ENSG00000102221	1.757200322090233e-05
ENSG00000125124	1.7570686780536347e-05
ENSG00000169299	1.756768598072671e-05
ENSG00000187678	1.7563455681063173e-05
ENSG00000100599	1.754617049008989e-05
ENSG00000156253	1.7545295373117087e-05
ENSG00000174306	1.750159046996063e-05
ENSG00000152127	1.7501484938028583e-05
ENSG00000124429	1.749263362882813e-05
ENSG00000146757	1.7488004487376778e-05
ENSG00000143127	1.7472998478608816e-05
ENSG00000178234	1.7468699418375568e-05
ENSG00000283859	1.7464536337146157e-05
ENSG00000146574	1.7450557885375745e-05
ENSG00000144840	1.7444417226488308e-05
ENSG00000143520	1.7438554175137503e-05
ENSG00000115425	1.7409934621604653e-05
ENSG00000134265	1.7388046850690245e-05
ENSG00000163032	1.7380157849704e-05
ENSG00000213551	1.737446439068856e-05
ENSG00000150656	1.737407319894496e-05
ENSG00000188033	1.736609242980033e-05
ENSG00000163069	1.733255863792174e-05
ENSG00000135441	1.7327642153959668e-05
ENSG00000103335	1.7326986627077756e-05
ENSG00000154358	1.731542860775679e-05
ENSG00000167136	1.7313268378169082e-05
ENSG00000155760	1.730831589248513e-05
ENSG00000105971	1.729264090660644e-05
ENSG00000133069	1.72902831295135e-05
ENSG00000090006	1.7285399613818603e-05
ENSG00000171492	1.7253520697536163e-05
ENSG00000073737	1.723436703057014e-05
ENSG00000188706	1.722576478482658e-05
ENSG00000117305	1.721608317153079e-05
ENSG00000184939	1.7210237497962607e-05
ENSG00000284194	1.7208196832418764e-05
ENSG00000262785	1.72067373854163e-05
ENSG00000250361	1.720203692840659e-05
ENSG00000106078	1.7199730636564304e-05
ENSG00000117984	1.7195535592138332e-05
ENSG00000135596	1.7188902720610345e-05
ENSG00000285241	1.7188538751350585e-05
ENSG00000147894	1.717701062135884e-05
ENSG00000228716	1.7146873788855776e-05
ENSG00000154080	1.7129730460874982e-05
ENSG00000049246	1.7125495027658946e-05
ENSG00000143374	1.7108500940740674e-05
ENSG00000141401	1.71058190753708e-05
ENSG00000232062	1.7105742942375006e-05
ENSG00000102076	1.708815907442562e-05
ENSG00000169220	1.7074818594022726e-05
ENSG00000188282	1.707225585489717e-05
ENSG00000282608	1.7071502841827902e-05
ENSG00000088727	1.7071084720202743e-05
ENSG00000087589	1.706199926999461e-05
ENSG00000262771	1.7053458239539004e-05
ENSG00000213339	1.7049449038966938e-05
ENSG00000112234	1.7046941347641112e-05
ENSG00000150048	1.704085374604908e-05
ENSG00000100523	1.7029646568936685e-05
ENSG00000138395	1.702797571032166e-05
ENSG00000145920	1.7011257326781062e-05
ENSG00000198431	1.7008121266131567e-05
ENSG00000198839	1.700477083646596e-05
ENSG00000136319	1.6986735199924384e-05
ENSG00000138709	1.6964688577059313e-05
ENSG00000135525	1.6954966145411305e-05
ENSG00000145365	1.6953479533626375e-05
ENSG00000185966	1.6944613139596914e-05
ENSG00000041515	1.694196612043102e-05
ENSG00000115275	1.6925505766990888e-05
ENSG00000099769	1.690649590024725e-05
ENSG00000105227	1.6903218812838268e-05
ENSG00000168404	1.6901561623305163e-05
ENSG00000089169	1.6885572630981497e-05
ENSG00000101911	1.688223572965056e-05
ENSG00000165138	1.6881809594286132e-05
ENSG00000124532	1.686929175063173e-05
ENSG00000206485	1.6867780589112997e-05
ENSG00000169744	1.685888916213321e-05
ENSG00000027075	1.6857763779585572e-05
ENSG00000185053	1.6856314189661432e-05
ENSG00000281540	1.6852003641454133e-05
ENSG00000198570	1.684840515999806e-05
ENSG00000188786	1.6847628225471593e-05
ENSG00000204138	1.6837866976847733e-05
ENSG00000147155	1.6829615881835034e-05
ENSG00000101160	1.6828637366872156e-05
ENSG00000120053	1.68229649946403e-05
ENSG00000237051	1.6807742039838392e-05
ENSG00000153140	1.680559151067687e-05
ENSG00000081177	1.680507185484042e-05
ENSG00000170876	1.680379659053794e-05
ENSG00000115590	1.6801175858246914e-05
ENSG00000108175	1.6796394430002267e-05
ENSG00000171786	1.6795644417946103e-05
ENSG00000120370	1.679553265848936e-05
ENSG00000116260	1.679379022739639e-05
ENSG00000262845	1.6785817792313736e-05
ENSG00000161681	1.678361330597176e-05
ENSG00000179914	1.6781821809895204e-05
ENSG00000118420	1.6760370216065973e-05
ENSG00000188878	1.675917590725637e-05
ENSG00000198205	1.6757872269357122e-05
ENSG00000116514	1.6753183326385045e-05
ENSG00000205352	1.6739573694513238e-05
ENSG00000159231	1.671986560706107e-05
ENSG00000102230	1.6706010851332778e-05
ENSG00000272804	1.6703407343592694e-05
ENSG00000132004	1.6696264683446026e-05
ENSG00000179958	1.6693495984972444e-05
ENSG00000084764	1.6687743617042273e-05
ENSG00000132950	1.6668362090585892e-05
ENSG00000175575	1.666208315984828e-05
ENSG00000281709	1.6655757584524955e-05
ENSG00000139433	1.665450448111742e-05
ENSG00000169515	1.664462482249658e-05
ENSG00000138031	1.6642592019851027e-05
ENSG00000284796	1.6640415078269936e-05
ENSG00000182255	1.6636319227900053e-05
ENSG00000108932	1.6628786007788093e-05
ENSG00000165512	1.6617827358875773e-05
ENSG00000223510	1.661069782151096e-05
ENSG00000179922	1.6605686817042022e-05
ENSG00000115290	1.6598768722954134e-05
ENSG00000056277	1.6596261422074416e-05
ENSG00000198814	1.6580344539990146e-05
ENSG00000132405	1.6580127807864343e-05
ENSG00000240184	1.6578446269936688e-05
ENSG00000168300	1.656391243218454e-05
ENSG00000051523	1.6561550046152383e-05
ENSG00000130775	1.6553904951458508e-05
ENSG00000254550	1.65391534245198e-05
ENSG00000134365	1.653204729271484e-05
ENSG00000137198	1.6531819929614365e-05
ENSG00000008282	1.6518514683130872e-05
ENSG00000126562	1.6516866704133442e-05
ENSG00000137273	1.651226536147586e-05
ENSG00000111666	1.650925842402567e-05
ENSG00000168904	1.650821910093791e-05
ENSG00000163162	1.650559157466144e-05
ENSG00000143631	1.649622614012016e-05
ENSG00000087266	1.6493106719434094e-05
ENSG00000135686	1.6482841800798355e-05
ENSG00000092850	1.6466076807745092e-05
ENSG00000169976	1.6460015702254328e-05
ENSG00000107959	1.645710323027459e-05
ENSG00000139117	1.64542753470295e-05
ENSG00000166902	1.6453048926855765e-05
ENSG00000154016	1.6411297561673448e-05
ENSG00000143324	1.6405224110396134e-05
ENSG00000180938	1.6402360715379895e-05
ENSG00000070718	1.6397568351853783e-05
ENSG00000184897	1.639201272639302e-05
ENSG00000104879	1.637889487165893e-05
ENSG00000065609	1.6376103219464646e-05
ENSG00000276996	1.6373222780407763e-05
ENSG00000269313	1.6369029286605478e-05
ENSG00000135778	1.6359966369041057e-05
ENSG00000162959	1.635680616497957e-05
ENSG00000172116	1.634644285017128e-05
ENSG00000176160	1.6342293281910622e-05
ENSG00000118017	1.6338036188776122e-05
ENSG00000283034	1.632537840811932e-05
ENSG00000085382	1.6321049429274952e-05
ENSG00000274829	1.6320292079086814e-05
ENSG00000162066	1.631702755802496e-05
ENSG00000274429	1.631056158702316e-05
ENSG00000115271	1.6306564114337358e-05
ENSG00000087301	1.6306151713999653e-05
ENSG00000282873	1.6304528676854744e-05
ENSG00000162105	1.628859579831613e-05
ENSG00000117143	1.6283732005788022e-05
ENSG00000152749	1.628186333216943e-05
ENSG00000077232	1.627922914724649e-05
ENSG00000120471	1.6273964320657324e-05
ENSG00000143079	1.626514492820919e-05
ENSG00000266964	1.6259357661969792e-05
ENSG00000066322	1.6254748380308046e-05
ENSG00000180316	1.625132698799697e-05
ENSG00000011201	1.6244240129064405e-05
ENSG00000139220	1.6239370472507972e-05
ENSG00000117154	1.6235518255996135e-05
ENSG00000168802	1.622965530913394e-05
ENSG00000153162	1.6229159416753276e-05
ENSG00000023330	1.6225140408490605e-05
ENSG00000178607	1.6218192420913106e-05
ENSG00000090971	1.6216784560215e-05
ENSG00000102962	1.6215288874129302e-05
ENSG00000107537	1.6208366433349668e-05
ENSG00000216937	1.6208265939218843e-05
ENSG00000075340	1.6199680507695084e-05
ENSG00000168993	1.618890980661241e-05
ENSG00000100612	1.617223187446483e-05
ENSG00000152348	1.6167339911625766e-05
ENSG00000236637	1.616647923561212e-05
ENSG00000129680	1.6163590297602012e-05
ENSG00000288455	1.6156783548762785e-05
ENSG00000153066	1.6151214162899347e-05
ENSG00000184905	1.614523758238109e-05
ENSG00000095380	1.6144902395201525e-05
ENSG00000140534	1.6140704049060823e-05
ENSG00000164070	1.61366156775937e-05
ENSG00000005486	1.613651958931264e-05
ENSG00000288121	1.613380640971137e-05
ENSG00000186272	1.6113124954254425e-05
ENSG00000157978	1.611169217498594e-05
ENSG00000206561	1.6104033213022485e-05
ENSG00000189241	1.6083818346884894e-05
ENSG00000111802	1.6080142155767547e-05
ENSG00000136240	1.606618727298974e-05
ENSG00000135334	1.6057485192006813e-05
ENSG00000178502	1.604857482934558e-05
ENSG00000275568	1.6004988034251374e-05
ENSG00000166401	1.5980932449471138e-05
ENSG00000122966	1.595758879242367e-05
ENSG00000158104	1.594867856395857e-05
ENSG00000263465	1.5942494793952566e-05
ENSG00000197892	1.5941349607423464e-05
ENSG00000197915	1.5937818862458353e-05
ENSG00000076513	1.592582838143984e-05
ENSG00000125375	1.5921644480547636e-05
ENSG00000285479	1.591910259265055e-05
ENSG00000184203	1.5914334201998202e-05
ENSG00000075539	1.591367566467953e-05
ENSG00000030304	1.5877519845570067e-05
ENSG00000113319	1.587110439566405e-05
ENSG00000230128	1.5853324372117784e-05
ENSG00000166348	1.58468871626693e-05
ENSG00000151092	1.5838819949960624e-05
ENSG00000196565	1.5821911958026005e-05
ENSG00000214575	1.581856154513269e-05
ENSG00000183054	1.580686789134811e-05
ENSG00000214022	1.5798679383567175e-05
ENSG00000161850	1.5793249554154874e-05
ENSG00000141580	1.5778143706683e-05
ENSG00000156006	1.5775654413811044e-05
ENSG00000157869	1.5770493006935474e-05
ENSG00000281022	1.5763392515788936e-05
ENSG00000113088	1.5759228195966232e-05
ENSG00000102893	1.5746179327543047e-05
ENSG00000241253	1.5744715719691006e-05
ENSG00000112972	1.5726063525032604e-05
ENSG00000196465	1.5709161842829924e-05
ENSG00000171126	1.57088984254809e-05
ENSG00000275935	1.5695999751005944e-05
ENSG00000112695	1.568323217912666e-05
ENSG00000147650	1.568107359135426e-05
ENSG00000198798	1.567298898653493e-05
ENSG00000170485	1.5670540082428596e-05
ENSG00000160753	1.5667314078261812e-05
ENSG00000185962	1.565416509002053e-05
ENSG00000128512	1.5641680445181708e-05
ENSG00000134294	1.5635285942994406e-05
ENSG00000156453	1.5626942180649596e-05
ENSG00000173714	1.5625484135547214e-05
ENSG00000164418	1.5619371389382207e-05
ENSG00000169877	1.5616179281538197e-05
ENSG00000092421	1.5615153450093776e-05
ENSG00000180772	1.5609536469621695e-05
ENSG00000179546	1.5602357742607175e-05
ENSG00000169684	1.558504264963301e-05
ENSG00000109758	1.5581026430030428e-05
ENSG00000215853	1.5574354468409618e-05
ENSG00000169814	1.55572329054794e-05
ENSG00000121310	1.555003705443721e-05
ENSG00000203942	1.554509526812955e-05
ENSG00000149485	1.5528208388231663e-05
ENSG00000133639	1.552299637581366e-05
ENSG00000104691	1.5509850414400985e-05
ENSG00000132423	1.5504772027241553e-05
ENSG00000077063	1.5500716798059284e-05
ENSG00000170454	1.5499261644633844e-05
ENSG00000160685	1.5497308959340124e-05
ENSG00000135374	1.5495263308726283e-05
ENSG00000184232	1.5493345032079156e-05
ENSG00000111450	1.549097078365465e-05
ENSG00000136883	1.5484936541045236e-05
ENSG00000040633	1.547181740545954e-05
ENSG00000125734	1.5467313097932966e-05
ENSG00000105953	1.546223579203231e-05
ENSG00000136213	1.5452490482768943e-05
ENSG00000170276	1.544388546284213e-05
ENSG00000198933	1.54249091576957e-05
ENSG00000198763	1.5424047694951545e-05
ENSG00000104435	1.5413302158124425e-05
ENSG00000122477	1.5393524153990122e-05
ENSG00000130818	1.5379715977257194e-05
ENSG00000117691	1.537913913937291e-05
ENSG00000100221	1.5371304852533268e-05
ENSG00000118707	1.536244339568111e-05
ENSG00000188677	1.5359576973045587e-05
ENSG00000172156	1.5354331622019324e-05
ENSG00000198502	1.5353845741097876e-05
ENSG00000165462	1.5347149419376253e-05
ENSG00000171960	1.533856752525561e-05
ENSG00000146285	1.5323961067828217e-05
ENSG00000173852	1.5313303487880697e-05
ENSG00000146007	1.5307627458546642e-05
ENSG00000161849	1.5307222779458256e-05
ENSG00000244687	1.5290434187265986e-05
ENSG00000166681	1.5284357467579054e-05
ENSG00000170855	1.5282283648353707e-05
ENSG00000011478	1.5281717649673447e-05
ENSG00000140474	1.5278686086415824e-05
ENSG00000182957	1.5278044791226153e-05
ENSG00000143622	1.5277367853343482e-05
ENSG00000090659	1.5273644990121263e-05
ENSG00000197961	1.5273515834665073e-05
ENSG00000213413	1.5265579732324795e-05
ENSG00000089876	1.5264867033618148e-05
ENSG00000168476	1.5260619765932273e-05
ENSG00000163482	1.5248456801783735e-05
ENSG00000178860	1.5242212856110556e-05
ENSG00000007908	1.5239640337241221e-05
ENSG00000120500	1.5236889476453393e-05
ENSG00000288445	1.5217305702043209e-05
ENSG00000004468	1.5207571377072092e-05
ENSG00000172171	1.5207423334208187e-05
ENSG00000196670	1.5198814817051287e-05
ENSG00000059378	1.5194745257916242e-05
ENSG00000167565	1.5193619167591664e-05
ENSG00000101596	1.519301572977546e-05
ENSG00000105552	1.5188437737652696e-05
ENSG00000057757	1.5185450038361459e-05
ENSG00000278787	1.518406251134527e-05
ENSG00000197555	1.518116091810701e-05
ENSG00000277101	1.5170433876373477e-05
ENSG00000180616	1.5168989600547234e-05
ENSG00000185565	1.5162761390328134e-05
ENSG00000285449	1.5162337165047075e-05
ENSG00000173218	1.5158979823036825e-05
ENSG00000171551	1.5151677642591957e-05
ENSG00000126337	1.51511024579463e-05
ENSG00000183690	1.515046072885632e-05
ENSG00000283009	1.5145348313142036e-05
ENSG00000145016	1.5143317419734434e-05
ENSG00000124507	1.5131388306949088e-05
ENSG00000144161	1.5124417378796204e-05
ENSG00000162129	1.5119676644614138e-05
ENSG00000034677	1.5118214272837114e-05
ENSG00000158158	1.5117025221725534e-05
ENSG00000198010	1.5107879597581017e-05
ENSG00000130119	1.510722408009394e-05
ENSG00000082146	1.5098086249340029e-05
ENSG00000163931	1.5092252311504947e-05
ENSG00000136868	1.5089591899984364e-05
ENSG00000225748	1.5088209408225547e-05
ENSG00000105186	1.5085664242705289e-05
ENSG00000069482	1.5084710698008233e-05
ENSG00000175895	1.5084277134451873e-05
ENSG00000164591	1.508323953745638e-05
ENSG00000140743	1.5077920309928232e-05
ENSG00000148335	1.5077651051869715e-05
ENSG00000171135	1.5063852790160108e-05
ENSG00000132698	1.5048305866410283e-05
ENSG00000079335	1.5047730922431426e-05
ENSG00000141447	1.5037422506754667e-05
ENSG00000170540	1.50353162801659e-05
ENSG00000100065	1.5032343843827242e-05
ENSG00000136003	1.5019667577641997e-05
ENSG00000170381	1.5018317312230654e-05
ENSG00000173530	1.4998538305432127e-05
ENSG00000132669	1.499721738893481e-05
ENSG00000162836	1.4996904963428213e-05
ENSG00000197746	1.498556470754788e-05
ENSG00000109625	1.4984987221732515e-05
ENSG00000205362	1.498155580688811e-05
ENSG00000186687	1.4980241146055744e-05
ENSG00000149541	1.4951226210848487e-05
ENSG00000074582	1.4949935535001207e-05
ENSG00000241119	1.4943402684549179e-05
ENSG00000126822	1.493129775251624e-05
ENSG00000198833	1.492669918608482e-05
ENSG00000157703	1.4902149194499717e-05
ENSG00000110218	1.4890521475334683e-05
ENSG00000129636	1.4886756809330666e-05
ENSG00000151093	1.4881063262811819e-05
ENSG00000196361	1.4872904074674434e-05
ENSG00000139722	1.4869155200946251e-05
ENSG00000107105	1.4838254908916425e-05
ENSG00000160050	1.4835155286773201e-05
ENSG00000170298	1.4834871278090529e-05
ENSG00000146842	1.4808268972628319e-05
ENSG00000198055	1.4789570204835829e-05
ENSG00000177380	1.4773675344040631e-05
ENSG00000156026	1.4765594799967189e-05
ENSG00000070778	1.4749553605440726e-05
ENSG00000100360	1.4740631759814394e-05
ENSG00000116273	1.473793488362934e-05
ENSG00000140691	1.473383746830663e-05
ENSG00000111319	1.4733766767789129e-05
ENSG00000128185	1.4733183619420537e-05
ENSG00000134470	1.4721768326636516e-05
ENSG00000136014	1.4717188616336832e-05
ENSG00000197614	1.47136650118943e-05
ENSG00000197632	1.471277153850577e-05
ENSG00000120549	1.4704744472719512e-05
ENSG00000205208	1.4700102803901754e-05
ENSG00000198780	1.4696826855886699e-05
ENSG00000166974	1.4691660752055477e-05
ENSG00000227804	1.4683996387907426e-05
ENSG00000169379	1.4682623994285006e-05
ENSG00000104921	1.4682594896733767e-05
ENSG00000135845	1.4672163091918508e-05
ENSG00000173744	1.4662318672648394e-05
ENSG00000265491	1.4647464969474517e-05
ENSG00000178623	1.4631476937925339e-05
ENSG00000175336	1.4629850940252333e-05
ENSG00000248144	1.4614588302284918e-05
ENSG00000133313	1.4613568228419037e-05
ENSG00000160179	1.4600042975305234e-05
ENSG00000143198	1.4587839802366733e-05
ENSG00000006016	1.458374490226997e-05
ENSG00000137075	1.4583616702172652e-05
ENSG00000104863	1.4579306221300377e-05
ENSG00000170917	1.4570544872866257e-05
ENSG00000137492	1.456849148479924e-05
ENSG00000136044	1.4565318629580118e-05
ENSG00000116117	1.4564384919785083e-05
ENSG00000196843	1.455617377863475e-05
ENSG00000121486	1.455558432441806e-05
ENSG00000164136	1.4533197779633999e-05
ENSG00000120669	1.4531690330778297e-05
ENSG00000120875	1.4513523313402484e-05
ENSG00000173540	1.4497556823265999e-05
ENSG00000120697	1.4495620765781588e-05
ENSG00000185615	1.4490982805673443e-05
ENSG00000133812	1.4490340139040101e-05
ENSG00000159212	1.4483474125655354e-05
ENSG00000135052	1.4474799595459664e-05
ENSG00000110848	1.4467881719565225e-05
ENSG00000155846	1.4463056446147173e-05
ENSG00000175970	1.4460255301241189e-05
ENSG00000277943	1.4451429562775834e-05
ENSG00000196388	1.4450553867791802e-05
ENSG00000277276	1.4437170661596338e-05
ENSG00000134812	1.4418917679692134e-05
ENSG00000144451	1.4412558240533837e-05
ENSG00000115526	1.4405391624199153e-05
ENSG00000181467	1.4404962282751129e-05
ENSG00000104907	1.4401188077247068e-05
ENSG00000275051	1.439601659828167e-05
ENSG00000167987	1.4392187326442781e-05
ENSG00000187634	1.4391496216374866e-05
ENSG00000196937	1.4390855027334084e-05
ENSG00000155026	1.4388685266979073e-05
ENSG00000093167	1.4384939745196068e-05
ENSG00000181915	1.4383196130302931e-05
ENSG00000186827	1.438195569206928e-05
ENSG00000087494	1.4374805430137297e-05
ENSG00000196743	1.4370121789075874e-05
ENSG00000180667	1.4362938093759834e-05
ENSG00000257949	1.4360610881358856e-05
ENSG00000173662	1.4351113677247954e-05
ENSG00000020129	1.4347385739183667e-05
ENSG00000109917	1.4345352853225573e-05
ENSG00000150054	1.4339680554903091e-05
ENSG00000004799	1.4337194974036541e-05
ENSG00000116147	1.433410493451147e-05
ENSG00000089127	1.4322037283992765e-05
ENSG00000082438	1.431766914181144e-05
ENSG00000170385	1.4315492090406993e-05
ENSG00000130150	1.4315024135755336e-05
ENSG00000274327	1.4301733494131108e-05
ENSG00000152932	1.429968328964987e-05
ENSG00000143126	1.4297027453598135e-05
ENSG00000159197	1.4292932235770388e-05
ENSG00000079332	1.4287417123192372e-05
ENSG00000177045	1.428397897076376e-05
ENSG00000160181	1.4259826382389752e-05
ENSG00000169035	1.4249655089222848e-05
ENSG00000110442	1.4241173297145151e-05
ENSG00000087842	1.4239891858945874e-05
ENSG00000010310	1.4239328596693408e-05
ENSG00000179981	1.4238946663814363e-05
ENSG00000187766	1.4232774265593692e-05
ENSG00000185842	1.4223317970568862e-05
ENSG00000273703	1.4221597214875858e-05
ENSG00000164506	1.4208826224197042e-05
ENSG00000196754	1.4197980443970548e-05
ENSG00000164056	1.4189806736490051e-05
ENSG00000239264	1.4189788605571958e-05
ENSG00000139323	1.418878490868232e-05
ENSG00000163661	1.4186086892198145e-05
ENSG00000188167	1.4180817986219527e-05
ENSG00000135373	1.4176137718638071e-05
ENSG00000151692	1.4166232070328472e-05
ENSG00000112319	1.4160033565396901e-05
ENSG00000136816	1.4127246075578622e-05
ENSG00000107731	1.411255269773353e-05
ENSG00000283082	1.4109624187398266e-05
ENSG00000244617	1.4109184069652068e-05
ENSG00000156675	1.409550530062636e-05
ENSG00000166340	1.4095141153915289e-05
ENSG00000178462	1.4088716852747795e-05
ENSG00000144827	1.4082814501710225e-05
ENSG00000154589	1.4067612488199664e-05
ENSG00000133135	1.4067230801174338e-05
ENSG00000057019	1.4066887314057486e-05
ENSG00000159348	1.4065085236152902e-05
ENSG00000158710	1.4050066558200692e-05
ENSG00000144596	1.4049752877468306e-05
ENSG00000171621	1.4049298199437842e-05
ENSG00000077984	1.403938447823049e-05
ENSG00000276657	1.402683606958735e-05
ENSG00000288335	1.4018520526696877e-05
ENSG00000104976	1.400901260893899e-05
ENSG00000079257	1.4005772321125815e-05
ENSG00000077147	1.4003888204572733e-05
ENSG00000243130	1.4002847211505438e-05
ENSG00000010438	1.3985605538516394e-05
ENSG00000265681	1.3985094897146011e-05
ENSG00000100288	1.3979485395593768e-05
ENSG00000125257	1.3962677469216271e-05
ENSG00000163933	1.3961150774525844e-05
ENSG00000112096	1.3960098159987471e-05
ENSG00000180891	1.3947162800625932e-05
ENSG00000167566	1.3939780319703367e-05
ENSG00000145592	1.3932550983752724e-05
ENSG00000182645	1.3896947059813036e-05
ENSG00000121716	1.3892465949968345e-05
ENSG00000131435	1.3891750839855144e-05
ENSG00000275082	1.3885101709045595e-05
ENSG00000285317	1.388419100585625e-05
ENSG00000285262	1.3883489298712078e-05
ENSG00000101049	1.3876526458362595e-05
ENSG00000169860	1.3857701075094284e-05
ENSG00000183570	1.38527486638619e-05
ENSG00000171055	1.3833966484885192e-05
ENSG00000122012	1.3828030258677886e-05
ENSG00000110786	1.382801080078781e-05
ENSG00000132326	1.3825048454759376e-05
ENSG00000077420	1.3824486764094247e-05
ENSG00000179761	1.3821012291455382e-05
ENSG00000283883	1.3819155614453575e-05
ENSG00000204086	1.3818434568451208e-05
ENSG00000132821	1.3799878456457188e-05
ENSG00000140939	1.3799808807898802e-05
ENSG00000163528	1.3799081842465958e-05
ENSG00000034533	1.3792694793315417e-05
ENSG00000133835	1.3791823357051047e-05
ENSG00000189369	1.3791167794522203e-05
ENSG00000182272	1.378873195807632e-05
ENSG00000105254	1.3754634958242849e-05
ENSG00000153944	1.3747294983509784e-05
ENSG00000121289	1.3740216893643302e-05
ENSG00000109323	1.373850543013685e-05
ENSG00000121797	1.3735634795669717e-05
ENSG00000101605	1.3733116379274648e-05
ENSG00000138642	1.373228707899171e-05
ENSG00000117602	1.372948807297295e-05
ENSG00000177791	1.3719223959166454e-05
ENSG00000186283	1.371757339604689e-05
ENSG00000163518	1.3706261421638982e-05
ENSG00000162882	1.3695423106067553e-05
ENSG00000277405	1.3693606951174884e-05
ENSG00000101152	1.367937471927354e-05
ENSG00000144591	1.3675902350063704e-05
ENSG00000157483	1.3675088226814245e-05
ENSG00000100116	1.3668248176425537e-05
ENSG00000198721	1.3668237381766454e-05
ENSG00000105613	1.364745452716185e-05
ENSG00000167791	1.3646879175354964e-05
ENSG00000118514	1.3646032704932142e-05
ENSG00000109255	1.3645831825376916e-05
ENSG00000100206	1.3643177225534708e-05
ENSG00000119650	1.3638201781257768e-05
ENSG00000204611	1.363704379764277e-05
ENSG00000151491	1.3588411012730053e-05
ENSG00000129187	1.3583001131217673e-05
ENSG00000142677	1.3581931619101214e-05
ENSG00000167332	1.358098568069933e-05
ENSG00000265972	1.3566306799633721e-05
ENSG00000010704	1.3550791616890168e-05
ENSG00000111224	1.3548881145412477e-05
ENSG00000128829	1.3548557426084952e-05
ENSG00000168955	1.354520034383502e-05
ENSG00000152689	1.3532057571791393e-05
ENSG00000159263	1.3528505436349903e-05
ENSG00000167969	1.3525680085535237e-05
ENSG00000106789	1.3523141278997745e-05
ENSG00000116141	1.3522605197863473e-05
ENSG00000089050	1.3517895432511423e-05
ENSG00000174516	1.3516153509905844e-05
ENSG00000105366	1.3510347544150728e-05
ENSG00000189283	1.35012158428575e-05
ENSG00000077454	1.3500408931391876e-05
ENSG00000188010	1.3489201840828489e-05
ENSG00000243509	1.3477921207538506e-05
ENSG00000283018	1.3469732356242622e-05
ENSG00000121807	1.3468337776491016e-05
ENSG00000166224	1.3457313003660078e-05
ENSG00000159496	1.345721769031208e-05
ENSG00000227746	1.3455733855335457e-05
ENSG00000165113	1.3454136771686279e-05
ENSG00000100412	1.3430354314019674e-05
ENSG00000164941	1.3425878430410071e-05
ENSG00000124787	1.3418723136862578e-05
ENSG00000176148	1.3416093322056896e-05
ENSG00000197343	1.3412793791613715e-05
ENSG00000152208	1.340786737477969e-05
ENSG00000118733	1.3401728687228978e-05
ENSG00000137942	1.340007567803133e-05
ENSG00000182810	1.339637156317907e-05
ENSG00000281230	1.3393985591663904e-05
ENSG00000038382	1.3393374730674439e-05
ENSG00000060971	1.3375231799918803e-05
ENSG00000124827	1.33740004702517e-05
ENSG00000166145	1.3359531305415698e-05
ENSG00000151846	1.333047476096999e-05
ENSG00000104886	1.3314390701063092e-05
ENSG00000090382	1.3313972791981494e-05
ENSG00000275333	1.3301935279750615e-05
ENSG00000138600	1.3300513633959727e-05
ENSG00000120068	1.329888881568172e-05
ENSG00000145982	1.3297822567363529e-05
ENSG00000083544	1.3290190697974679e-05
ENSG00000066382	1.3269459500099084e-05
ENSG00000188848	1.3269358455507594e-05
ENSG00000177984	1.322625622478733e-05
ENSG00000166199	1.3194109883488487e-05
ENSG00000138801	1.3187634674929773e-05
ENSG00000196646	1.3184441301151566e-05
ENSG00000134508	1.3181998468320476e-05
ENSG00000100596	1.3173108940625644e-05
ENSG00000165192	1.3170467620105528e-05
ENSG00000104946	1.3156735782753522e-05
ENSG00000107679	1.3155232235800715e-05
ENSG00000134569	1.315385466769951e-05
ENSG00000157734	1.3151556149784472e-05
ENSG00000136161	1.3148250403660648e-05
ENSG00000102309	1.3145762060003633e-05
ENSG00000111737	1.3143618203615916e-05
ENSG00000197594	1.3140219322548492e-05
ENSG00000009724	1.3129137898844068e-05
ENSG00000053371	1.3124753570164731e-05
ENSG00000135968	1.31176624859565e-05
ENSG00000179002	1.3095230062021812e-05
ENSG00000109814	1.3094632295882831e-05
ENSG00000148344	1.3093142740705105e-05
ENSG00000134242	1.308058847709176e-05
ENSG00000181029	1.307789639832998e-05
ENSG00000197930	1.3071233434736206e-05
ENSG00000104497	1.3070898115532395e-05
ENSG00000177663	1.3062295997120606e-05
ENSG00000069974	1.3062160279000155e-05
ENSG00000243414	1.3046624141058748e-05
ENSG00000285302	1.3042859403003907e-05
ENSG00000083099	1.3034669137333725e-05
ENSG00000073169	1.3024369823045205e-05
ENSG00000101447	1.3013893888549225e-05
ENSG00000135723	1.3013436940347404e-05
ENSG00000180481	1.3008491313582386e-05
ENSG00000175556	1.2996794356879256e-05
ENSG00000033011	1.2987222294134775e-05
ENSG00000196811	1.2970204455328433e-05
ENSG00000168484	1.2969731095359781e-05
ENSG00000075826	1.2925771639686087e-05
ENSG00000169760	1.2925329611713766e-05
ENSG00000164743	1.29234634536537e-05
ENSG00000164347	1.2907466775275038e-05
ENSG00000162623	1.289900041625802e-05
ENSG00000139211	1.2893566994936369e-05
ENSG00000139910	1.2873223958887285e-05
ENSG00000161217	1.2868959322544391e-05
ENSG00000128463	1.2865663898476124e-05
ENSG00000169598	1.28593152867696e-05
ENSG00000040933	1.285728626207366e-05
ENSG00000277439	1.284216261803206e-05
ENSG00000186442	1.2841164558140743e-05
ENSG00000187091	1.2831849193172346e-05
ENSG00000203883	1.2831836142294257e-05
ENSG00000095203	1.2831624635704586e-05
ENSG00000128918	1.2830862791877108e-05
ENSG00000188153	1.2817222980943317e-05
ENSG00000121211	1.2811963479269454e-05
ENSG00000165983	1.2791449206576004e-05
ENSG00000198938	1.2784166497414647e-05
ENSG00000108515	1.2777334950661867e-05
ENSG00000136235	1.276790354396743e-05
ENSG00000109854	1.2766762057384758e-05
ENSG00000165887	1.2762578235601213e-05
ENSG00000139988	1.2762103845304481e-05
ENSG00000064666	1.2757936653538408e-05
ENSG00000166582	1.2746829910958716e-05
ENSG00000107897	1.2726899993167532e-05
ENSG00000284982	1.2723764360281629e-05
ENSG00000132825	1.2718017396295524e-05
ENSG00000159556	1.2716946410210299e-05
ENSG00000151650	1.2710986559093664e-05
ENSG00000099219	1.2710016669013846e-05
ENSG00000188997	1.2707898427274093e-05
ENSG00000167701	1.2707113849295463e-05
ENSG00000173166	1.2704685581479695e-05
ENSG00000168067	1.2688581153623566e-05
ENSG00000130714	1.2681169222151445e-05
ENSG00000101546	1.2662369346923881e-05
ENSG00000230685	1.2661988507203553e-05
ENSG00000155366	1.2654067031656424e-05
ENSG00000161911	1.2647954504622271e-05
ENSG00000107104	1.2646104236973952e-05
ENSG00000083844	1.263142824843265e-05
ENSG00000072954	1.2629157441168159e-05
ENSG00000177106	1.2623577436544934e-05
ENSG00000092871	1.2603489942277959e-05
ENSG00000172554	1.2599177418284495e-05
ENSG00000123131	1.2599169466254652e-05
ENSG00000136929	1.2598696576122907e-05
ENSG00000186017	1.2597170350758773e-05
ENSG00000125962	1.2594716225417567e-05
ENSG00000163516	1.2585745979216993e-05
ENSG00000100600	1.258277885645531e-05
ENSG00000174156	1.2578690233991186e-05
ENSG00000283802	1.2572266582236037e-05
ENSG00000137804	1.2564708480473507e-05
ENSG00000156925	1.25623923408837e-05
ENSG00000023909	1.2561497791736865e-05
ENSG00000130303	1.2553742270871693e-05
ENSG00000007341	1.2552067671231736e-05
ENSG00000274675	1.2548604331611039e-05
ENSG00000112992	1.25481704793765e-05
ENSG00000239900	1.2547452840278873e-05
ENSG00000149922	1.254688730410478e-05
ENSG00000196353	1.2538884432549378e-05
ENSG00000143333	1.2538778463122219e-05
ENSG00000283104	1.253514567577948e-05
ENSG00000162620	1.2520460091824731e-05
ENSG00000133878	1.2518853574312285e-05
ENSG00000243725	1.2509142936163577e-05
ENSG00000140264	1.250401239137607e-05
ENSG00000178199	1.250288114632623e-05
ENSG00000061987	1.2494058055316206e-05
ENSG00000163481	1.2490499180679418e-05
ENSG00000120907	1.2483564390022534e-05
ENSG00000141639	1.2481951638748114e-05
ENSG00000278268	1.2472618258944483e-05
ENSG00000240583	1.2460800573907308e-05
ENSG00000178425	1.2445074793419867e-05
ENSG00000166507	1.2442074496310613e-05
ENSG00000206562	1.243433269916447e-05
ENSG00000090530	1.2433330795878172e-05
ENSG00000102910	1.2432752700307716e-05
ENSG00000090013	1.2429970880426378e-05
ENSG00000236515	1.2420188895020244e-05
ENSG00000103034	1.2418609081944483e-05
ENSG00000166603	1.241810552538245e-05
ENSG00000155256	1.2414022267407727e-05
ENSG00000256683	1.2406580761738953e-05
ENSG00000140006	1.2390354225325263e-05
ENSG00000124839	1.2381290513352128e-05
ENSG00000225697	1.2375645714304608e-05
ENSG00000123352	1.2369511217720733e-05
ENSG00000130313	1.236727502244859e-05
ENSG00000198753	1.2358620567565389e-05
ENSG00000206150	1.2356031114448058e-05
ENSG00000092200	1.2345525322410993e-05
ENSG00000166148	1.2324822532296234e-05
ENSG00000170820	1.2324612580098156e-05
ENSG00000172469	1.231549656992136e-05
ENSG00000161671	1.2314300874209911e-05
ENSG00000225824	1.2313495247390807e-05
ENSG00000284426	1.2313027358703733e-05
ENSG00000103811	1.2311867126043024e-05
ENSG00000047621	1.2303072082224837e-05
ENSG00000103942	1.2295488840428821e-05
ENSG00000160796	1.2294422769111092e-05
ENSG00000184005	1.2290089258687605e-05
ENSG00000143633	1.2283983588153944e-05
ENSG00000167654	1.2283831849844513e-05
ENSG00000254858	1.2281453595061209e-05
ENSG00000196866	1.2276895750148039e-05
ENSG00000179021	1.2275780517227163e-05
ENSG00000139636	1.2259041854445549e-05
ENSG00000196116	1.225212806596869e-05
ENSG00000186038	1.225077660444172e-05
ENSG00000107745	1.224399463534277e-05
ENSG00000243279	1.2240819446700169e-05
ENSG00000259384	1.2231408808202255e-05
ENSG00000168795	1.22146484968105e-05
ENSG00000115756	1.2202800856696261e-05
ENSG00000176422	1.2192038253134212e-05
ENSG00000144406	1.2186961275737937e-05
ENSG00000107819	1.2181016280927052e-05
ENSG00000070214	1.2174312945406892e-05
ENSG00000172367	1.2171710282469938e-05
ENSG00000283847	1.217064235953155e-05
ENSG00000009830	1.2151433252725172e-05
ENSG00000182551	1.2141835958846475e-05
ENSG00000105696	1.212023849678572e-05
ENSG00000141198	1.2116327825284235e-05
ENSG00000223887	1.2110210968356541e-05
ENSG00000068001	1.210624732146848e-05
ENSG00000076716	1.2102342602659296e-05
ENSG00000197345	1.2093004704152669e-05
ENSG00000198363	1.2088820842248356e-05
ENSG00000089163	1.2084395190289833e-05
ENSG00000186480	1.2077486385209567e-05
ENSG00000144711	1.2071328263214534e-05
ENSG00000198830	1.2071230571963507e-05
ENSG00000154415	1.205303476752215e-05
ENSG00000214063	1.2048693514076272e-05
ENSG00000005020	1.2045699837371597e-05
ENSG00000147533	1.2038110927234612e-05
ENSG00000105355	1.2029110176814837e-05
ENSG00000197586	1.2024396709289173e-05
ENSG00000167105	1.2016083469600226e-05
ENSG00000143013	1.2013590596415863e-05
ENSG00000131183	1.2013265468591286e-05
ENSG00000075391	1.2006724634274746e-05
ENSG00000110244	1.1999070236550942e-05
ENSG00000131089	1.1979446966416883e-05
ENSG00000119723	1.1978942434513346e-05
ENSG00000165300	1.1976867870446693e-05
ENSG00000037042	1.197614107980263e-05
ENSG00000223638	1.1967480222689507e-05
ENSG00000125744	1.1964681534478337e-05
ENSG00000214113	1.1958236823893039e-05
ENSG00000187736	1.1953418051447594e-05
ENSG00000227317	1.1935822271935266e-05
ENSG00000165240	1.1932273240846653e-05
ENSG00000158805	1.1930058621674256e-05
ENSG00000028310	1.1915174241423089e-05
ENSG00000188092	1.1900685791228467e-05
ENSG00000006007	1.1895062350849922e-05
ENSG00000125844	1.1886899590611856e-05
ENSG00000123472	1.187922233814882e-05
ENSG00000164077	1.1875116951293809e-05
ENSG00000100427	1.1874281900078517e-05
ENSG00000213390	1.1872182683009508e-05
ENSG00000102921	1.186310483844738e-05
ENSG00000065485	1.1863020172979442e-05
ENSG00000164284	1.184584864600083e-05
ENSG00000166189	1.1841656297286222e-05
ENSG00000078177	1.1832868157059216e-05
ENSG00000171206	1.1825615162742228e-05
ENSG00000277016	1.181822972409877e-05
ENSG00000169919	1.179988415450866e-05
ENSG00000243480	1.1797464037529902e-05
ENSG00000133121	1.1774951211650627e-05
ENSG00000171345	1.1759496464303342e-05
ENSG00000169891	1.1748200352001269e-05
ENSG00000182389	1.1735574945462906e-05
ENSG00000137824	1.1726244888744986e-05
ENSG00000144040	1.1720724742916767e-05
ENSG00000198856	1.1718808699675012e-05
ENSG00000115525	1.1708541530326576e-05
ENSG00000113719	1.1693246585918464e-05
ENSG00000178764	1.1685421798208324e-05
ENSG00000156313	1.168148095988418e-05
ENSG00000183826	1.1681199805061397e-05
ENSG00000196141	1.1680995035865952e-05
ENSG00000163577	1.1669104325813323e-05
ENSG00000186395	1.1666148496252363e-05
ENSG00000165264	1.1649584693118776e-05
ENSG00000159267	1.1641223730966944e-05
ENSG00000102349	1.162513392000415e-05
ENSG00000115504	1.1623560401322007e-05
ENSG00000101935	1.1620317136563767e-05
ENSG00000132879	1.1611811492619445e-05
ENSG00000168229	1.1610502812718904e-05
ENSG00000183864	1.16030998202219e-05
ENSG00000172840	1.1596109863808625e-05
ENSG00000148341	1.1586124752893793e-05
ENSG00000102401	1.1579470170417865e-05
ENSG00000176531	1.1569847248378635e-05
ENSG00000171017	1.1567937696175505e-05
ENSG00000002745	1.1563653322028801e-05
ENSG00000089639	1.1550093781540091e-05
ENSG00000168016	1.1548237032516936e-05
ENSG00000087053	1.1534176892710862e-05
ENSG00000273529	1.1527911017967526e-05
ENSG00000023839	1.1515082455536255e-05
ENSG00000122912	1.150846487561573e-05
ENSG00000179862	1.148392568566566e-05
ENSG00000070669	1.1478902400029776e-05
ENSG00000108187	1.1448045737839517e-05
ENSG00000066230	1.1437703869188807e-05
ENSG00000278613	1.1433695628383376e-05
ENSG00000090097	1.1384893583305876e-05
ENSG00000171530	1.1376421765788941e-05
ENSG00000116679	1.1373594992436843e-05
ENSG00000127952	1.1367919974271476e-05
ENSG00000140044	1.1362810032689424e-05
ENSG00000111817	1.1351384166454321e-05
ENSG00000149743	1.134685623566465e-05
ENSG00000229809	1.1342326301697699e-05
ENSG00000102890	1.1337293811031692e-05
ENSG00000080200	1.1326427668776033e-05
ENSG00000172893	1.1318562004239322e-05
ENSG00000158748	1.1316630890267301e-05
ENSG00000124299	1.1315965856242878e-05
ENSG00000197622	1.1294816746612248e-05
ENSG00000162341	1.1289054931863117e-05
ENSG00000148154	1.1283364451981157e-05
ENSG00000156219	1.1283154397619845e-05
ENSG00000138780	1.1273213394967514e-05
ENSG00000152767	1.1272895994053555e-05
ENSG00000160703	1.1262797456979977e-05
ENSG00000156990	1.1260416422786677e-05
ENSG00000167700	1.125821588439232e-05
ENSG00000118263	1.1253790865155242e-05
ENSG00000109775	1.1253226970901382e-05
ENSG00000155090	1.124982291844574e-05
ENSG00000099365	1.1241591317695509e-05
ENSG00000054967	1.1238016711771562e-05
ENSG00000187257	1.1235615869145334e-05
ENSG00000172680	1.1229416621393885e-05
ENSG00000198931	1.1225705930041627e-05
ENSG00000155850	1.1224204741873273e-05
ENSG00000150787	1.1223413981035053e-05
ENSG00000017483	1.1212105846082279e-05
ENSG00000168056	1.1199913469355227e-05
ENSG00000102931	1.1198081809757582e-05
ENSG00000171045	1.1194848466036274e-05
ENSG00000121691	1.1186308949024767e-05
ENSG00000134198	1.1185428090350886e-05
ENSG00000120049	1.1172448540842822e-05
ENSG00000186526	1.1170203846641676e-05
ENSG00000274247	1.1168291808235828e-05
ENSG00000118922	1.1167880093321713e-05
ENSG00000196352	1.1160607976332017e-05
ENSG00000145919	1.1157039089538025e-05
ENSG00000278053	1.1156010314358127e-05
ENSG00000169836	1.114392583258892e-05
ENSG00000156515	1.1129688848483276e-05
ENSG00000106327	1.1129026558053214e-05
ENSG00000099260	1.1125833491950511e-05
ENSG00000172020	1.1123067455181742e-05
ENSG00000153233	1.1122705676343292e-05
ENSG00000205542	1.1115244142444642e-05
ENSG00000197324	1.1099745892247801e-05
ENSG00000164251	1.108574207602275e-05
ENSG00000171291	1.1082159273279017e-05
ENSG00000227420	1.1070974311693112e-05
ENSG00000160216	1.1059501525118612e-05
ENSG00000116005	1.1057413654133471e-05
ENSG00000116985	1.1051891009369713e-05
ENSG00000171388	1.1042289021529444e-05
ENSG00000152578	1.1036467160771937e-05
ENSG00000160211	1.1035455897232165e-05
ENSG00000105699	1.1020193411779803e-05
ENSG00000149534	1.1011611707321623e-05
ENSG00000189129	1.1010432246611016e-05
ENSG00000179918	1.1006280933098957e-05
ENSG00000213614	1.100575485063531e-05
ENSG00000090612	1.1004996557645875e-05
ENSG00000102575	1.0987742695771131e-05
ENSG00000138439	1.0985194076449526e-05
ENSG00000248098	1.0982381544928367e-05
ENSG00000154957	1.0981085776956364e-05
ENSG00000154102	1.0979029449640878e-05
ENSG00000128294	1.0978906250709224e-05
ENSG00000115239	1.0972550723426968e-05
ENSG00000006652	1.097138271204654e-05
ENSG00000091640	1.094834961853846e-05
ENSG00000152076	1.092790538353629e-05
ENSG00000165868	1.0921920334162705e-05
ENSG00000185808	1.0919420181194592e-05
ENSG00000176896	1.0917194896751203e-05
ENSG00000165533	1.0915289525142667e-05
ENSG00000155275	1.0912699046379064e-05
ENSG00000117594	1.0910036803022481e-05
ENSG00000129455	1.0909697258315516e-05
ENSG00000113356	1.0908167186064327e-05
ENSG00000197885	1.0900375225271202e-05
ENSG00000129038	1.0896689443071759e-05
ENSG00000126243	1.0894873159023777e-05
ENSG00000165828	1.0881399793473043e-05
ENSG00000108759	1.0880419169784268e-05
ENSG00000081041	1.0878616367939449e-05
ENSG00000163873	1.0870978543957135e-05
ENSG00000150045	1.086907682166664e-05
ENSG00000204852	1.0864596828690852e-05
ENSG00000173818	1.086447709422754e-05
ENSG00000148908	1.0860661668894144e-05
ENSG00000058866	1.084755838973312e-05
ENSG00000064601	1.0846609359824455e-05
ENSG00000142182	1.0842145063042164e-05
ENSG00000277926	1.0837471392798854e-05
ENSG00000184221	1.0829204700897044e-05
ENSG00000070961	1.0828297300963574e-05
ENSG00000132965	1.082817558035299e-05
ENSG00000241945	1.0817675836295561e-05
ENSG00000079739	1.0809705543512653e-05
ENSG00000124570	1.0807105290108844e-05
ENSG00000140497	1.079774600635707e-05
ENSG00000182983	1.0796797323903657e-05
ENSG00000278284	1.0790616615574952e-05
ENSG00000179046	1.079035066743207e-05
ENSG00000161714	1.0789942799569501e-05
ENSG00000159214	1.0780214240558415e-05
ENSG00000163013	1.0780214240558415e-05
ENSG00000197818	1.0770674763474703e-05
ENSG00000064547	1.0765129585127535e-05
ENSG00000131725	1.0759930170801802e-05
ENSG00000143450	1.0759018767079477e-05
ENSG00000141127	1.0756283919701956e-05
ENSG00000108423	1.0754158667486497e-05
ENSG00000164627	1.0743719048143329e-05
ENSG00000008300	1.0739842335709228e-05
ENSG00000196562	1.0727022168939426e-05
ENSG00000196689	1.0723331364080955e-05
ENSG00000197566	1.0716248398073326e-05
ENSG00000182512	1.07111896514994e-05
ENSG00000171606	1.0710679589900804e-05
ENSG00000167323	1.0709682111797628e-05
ENSG00000112305	1.0708946612661625e-05
ENSG00000124496	1.0708431940628098e-05
ENSG00000063761	1.0700378234040351e-05
ENSG00000162396	1.0691243153954468e-05
ENSG00000198369	1.0689320338323905e-05
ENSG00000187792	1.0683895691006657e-05
ENSG00000072682	1.0677061683946018e-05
ENSG00000176894	1.0675466523945467e-05
ENSG00000174460	1.0672602083066114e-05
ENSG00000079337	1.0667436434685197e-05
ENSG00000160752	1.0637269471627314e-05
ENSG00000149418	1.0636894275825576e-05
ENSG00000196935	1.0636748757707882e-05
ENSG00000158985	1.0636500912626945e-05
ENSG00000163735	1.0635989211347434e-05
ENSG00000188015	1.0635543244879965e-05
ENSG00000183044	1.0635457362101722e-05
ENSG00000277804	1.0635050564865348e-05
ENSG00000110888	1.0634074290733237e-05
ENSG00000090857	1.0628378807400058e-05
ENSG00000144724	1.0626867668828524e-05
ENSG00000282880	1.0625050351921955e-05
ENSG00000165795	1.061794208644967e-05
ENSG00000076344	1.0617126761108583e-05
ENSG00000147421	1.0612009963091139e-05
ENSG00000160339	1.060651398987058e-05
ENSG00000198951	1.0602633161599362e-05
ENSG00000148690	1.059884551977149e-05
ENSG00000143367	1.059743184413007e-05
ENSG00000184182	1.0591642290233603e-05
ENSG00000141295	1.0587796031539027e-05
ENSG00000105668	1.0584118459484107e-05
ENSG00000123130	1.0583986348370098e-05
ENSG00000285011	1.0582794606273715e-05
ENSG00000187051	1.0579386385541902e-05
ENSG00000168398	1.0567730765305387e-05
ENSG00000105516	1.0565186154922008e-05
ENSG00000280873	1.0547629109374569e-05
ENSG00000119599	1.0542200226923622e-05
ENSG00000136205	1.0521266251494176e-05
ENSG00000100077	1.051690464137427e-05
ENSG00000188215	1.051160743593597e-05
ENSG00000076864	1.0508806693230353e-05
ENSG00000146066	1.0489258732673641e-05
ENSG00000120159	1.0488971096390894e-05
ENSG00000132329	1.0487619101518494e-05
ENSG00000064042	1.0486543314726204e-05
ENSG00000037637	1.0460645522043728e-05
ENSG00000136867	1.0453178976374897e-05
ENSG00000163053	1.0450885800340941e-05
ENSG00000143771	1.0448301325221377e-05
ENSG00000188735	1.0444751498510341e-05
ENSG00000128283	1.0444518404969046e-05
ENSG00000163815	1.0443984903496766e-05
ENSG00000121101	1.0437306680563731e-05
ENSG00000104870	1.0429710575549848e-05
ENSG00000167996	1.0405799245119505e-05
ENSG00000167535	1.0398723936462295e-05
ENSG00000089818	1.0388383069284736e-05
ENSG00000021300	1.0385594001836355e-05
ENSG00000179133	1.0381926323637285e-05
ENSG00000143196	1.0380213370530463e-05
ENSG00000197329	1.037793465885088e-05
ENSG00000162891	1.0376308472857027e-05
ENSG00000136542	1.0370596183371175e-05
ENSG00000008517	1.036850781164577e-05
ENSG00000169692	1.0357237783953585e-05
ENSG00000180817	1.0355383935467094e-05
ENSG00000165188	1.0336708974769403e-05
ENSG00000285206	1.033347144323225e-05
ENSG00000130733	1.0330792852328957e-05
ENSG00000104549	1.0326846386042262e-05
ENSG00000162139	1.0316243983194617e-05
ENSG00000166866	1.0313322555200663e-05
ENSG00000145979	1.0302909486455703e-05
ENSG00000143248	1.0302875065058142e-05
ENSG00000134755	1.0300622474868721e-05
ENSG00000163945	1.0284360484983584e-05
ENSG00000117479	1.0282462756158402e-05
ENSG00000166446	1.0269988073078759e-05
ENSG00000275013	1.0269680304415567e-05
ENSG00000248485	1.0267710660571237e-05
ENSG00000163870	1.0261302838270185e-05
ENSG00000108439	1.0261254790398705e-05
ENSG00000177047	1.0260738942171407e-05
ENSG00000140948	1.0260247834658611e-05
ENSG00000165898	1.0252256406760003e-05
ENSG00000135439	1.0245863694131044e-05
ENSG00000118194	1.0231084539502793e-05
ENSG00000103024	1.0218725876529022e-05
ENSG00000183605	1.021788342109668e-05
ENSG00000173614	1.0216217397565358e-05
ENSG00000140931	1.0213758686115776e-05
ENSG00000143641	1.0204823397916387e-05
ENSG00000213930	1.0200898335370343e-05
ENSG00000276920	1.0197228982352782e-05
ENSG00000113966	1.0190866964943945e-05
ENSG00000046647	1.0189586974955983e-05
ENSG00000110719	1.018947778685767e-05
ENSG00000053918	1.0183347008500477e-05
ENSG00000162551	1.0180127024882143e-05
ENSG00000203782	1.017661707762685e-05
ENSG00000169105	1.0174509419164122e-05
ENSG00000114120	1.0159379609660641e-05
ENSG00000275498	1.0152432122168777e-05
ENSG00000188352	1.0130372425732932e-05
ENSG00000111674	1.0109430151455284e-05
ENSG00000224145	1.0104748136270301e-05
ENSG00000136770	1.0102683068643636e-05
ENSG00000153250	1.0102204286414983e-05
ENSG00000105357	1.0101026781848117e-05
ENSG00000142910	1.0090039808950271e-05
ENSG00000110887	1.0087402230801757e-05
ENSG00000198840	1.0083522352347904e-05
ENSG00000198695	1.0077689073544381e-05
ENSG00000140280	1.0064639393620824e-05
ENSG00000281661	1.0063373125252775e-05
ENSG00000170364	1.0059284913136725e-05
ENSG00000273607	1.0045170700555883e-05
ENSG00000001561	1.0042820646074222e-05
ENSG00000162627	1.003190097708189e-05
ENSG00000074966	1.002131990381694e-05
ENSG00000076554	1.0020240242081261e-05
ENSG00000113552	1.0019637136545483e-05
ENSG00000130643	1.0006768325086698e-05
ENSG00000104490	1.0001637451553051e-05
ENSG00000140263	1.0001501336376375e-05
ENSG00000196990	1.0001343809127614e-05
ENSG00000128872	9.99746485963188e-06
ENSG00000119522	9.996574803759883e-06
ENSG00000163157	9.993846379211838e-06
ENSG00000134545	9.991922290148485e-06
ENSG00000137962	9.986273855100564e-06
ENSG00000132681	9.970729178204956e-06
ENSG00000178974	9.969774258726688e-06
ENSG00000137440	9.965461530975046e-06
ENSG00000169676	9.954489972600943e-06
ENSG00000027001	9.943355670025993e-06
ENSG00000111199	9.94321251921221e-06
ENSG00000080371	9.93449767132367e-06
ENSG00000176136	9.92114373522886e-06
ENSG00000124089	9.92114373522886e-06
ENSG00000171603	9.902651055382331e-06
ENSG00000245680	9.902634406478635e-06
ENSG00000074317	9.902555376255707e-06
ENSG00000183798	9.897805495847062e-06
ENSG00000114796	9.884209085742005e-06
ENSG00000204822	9.873232800531426e-06
ENSG00000203780	9.869338302962904e-06
ENSG00000204175	9.823402246014184e-06
ENSG00000168890	9.822657401684971e-06
ENSG00000196981	9.812287443052186e-06
ENSG00000183155	9.81217948469829e-06
ENSG00000100243	9.802961949163104e-06
ENSG00000121988	9.79823578551003e-06
ENSG00000110375	9.79782104210971e-06
ENSG00000165055	9.794927484069474e-06
ENSG00000188321	9.791788469117728e-06
ENSG00000107521	9.776504854234526e-06
ENSG00000054938	9.775147921766628e-06
ENSG00000148841	9.772235092767021e-06
ENSG00000115758	9.771717414808395e-06
ENSG00000284548	9.759294473088887e-06
ENSG00000139973	9.754922778119831e-06
ENSG00000101977	9.754782124350845e-06
ENSG00000139946	9.749517034684451e-06
ENSG00000149571	9.74264765012348e-06
ENSG00000135090	9.74192930098707e-06
ENSG00000167103	9.735412852644543e-06
ENSG00000236149	9.731928902572287e-06
ENSG00000171989	9.730008765331848e-06
ENSG00000102393	9.728629962352696e-06
ENSG00000181019	9.728329461392538e-06
ENSG00000100983	9.721019483006268e-06
ENSG00000187189	9.717101125643956e-06
ENSG00000125457	9.712313259477143e-06
ENSG00000179299	9.709321423790886e-06
ENSG00000111860	9.706915649679825e-06
ENSG00000092529	9.699076634728916e-06
ENSG00000233573	9.687926118542868e-06
ENSG00000135074	9.686878230894438e-06
ENSG00000164588	9.68678486690782e-06
ENSG00000124523	9.686128390273136e-06
ENSG00000198919	9.682529905856236e-06
ENSG00000140057	9.67696654615193e-06
ENSG00000136444	9.673637610953008e-06
ENSG00000016402	9.672837885036932e-06
ENSG00000108576	9.668924562024384e-06
ENSG00000188522	9.666290962266208e-06
ENSG00000097021	9.665161768076685e-06
ENSG00000136783	9.664302829305783e-06
ENSG00000189266	9.654867520549008e-06
ENSG00000241123	9.650081892215605e-06
ENSG00000164096	9.648308556849752e-06
ENSG00000288503	9.64476057484314e-06
ENSG00000113361	9.637948959187293e-06
ENSG00000166171	9.633799204241683e-06
ENSG00000185621	9.633232766762671e-06
ENSG00000141424	9.625515869407867e-06
ENSG00000102048	9.609705850995548e-06
ENSG00000175130	9.609082154432883e-06
ENSG00000177688	9.60864355381303e-06
ENSG00000275544	9.573601443780731e-06
ENSG00000197530	9.56818258574342e-06
ENSG00000166471	9.562380030238031e-06
ENSG00000109618	9.558746084095243e-06
ENSG00000177181	9.553624510195813e-06
ENSG00000176055	9.548405450555609e-06
ENSG00000110921	9.547316861955872e-06
ENSG00000064652	9.547064004283595e-06
ENSG00000000003	9.537594473105608e-06
ENSG00000104938	9.523224772476905e-06
ENSG00000198963	9.5201056291018e-06
ENSG00000104081	9.518058285694496e-06
ENSG00000197296	9.51559239179076e-06
ENSG00000169583	9.514963424205418e-06
ENSG00000136457	9.495962896786305e-06
ENSG00000104369	9.48548227531102e-06
ENSG00000237808	9.483900990928338e-06
ENSG00000109063	9.482133246328998e-06
ENSG00000038002	9.472879159147323e-06
ENSG00000100364	9.468246617701055e-06
ENSG00000072609	9.454526377908901e-06
ENSG00000171100	9.441816578295218e-06
ENSG00000249139	9.438510021266634e-06
ENSG00000283024	9.437461134121681e-06
ENSG00000134717	9.432912681683795e-06
ENSG00000184867	9.431451409779836e-06
ENSG00000171004	9.428951863583585e-06
ENSG00000154642	9.424668897064155e-06
ENSG00000135776	9.41907177868389e-06
ENSG00000148408	9.401110842458342e-06
ENSG00000113296	9.393389421322323e-06
ENSG00000108639	9.389939450960319e-06
ENSG00000197050	9.387437312612478e-06
ENSG00000171772	9.364473758763775e-06
ENSG00000181004	9.360065462135238e-06
ENSG00000275035	9.35913581176032e-06
ENSG00000187094	9.35900932307746e-06
ENSG00000178935	9.346404541504945e-06
ENSG00000205758	9.345278108197402e-06
ENSG00000288219	9.33976719281471e-06
ENSG00000074527	9.337245986614811e-06
ENSG00000164708	9.332994622452736e-06
ENSG00000163093	9.331382308691496e-06
ENSG00000115539	9.32613121940149e-06
ENSG00000171643	9.321012472329175e-06
ENSG00000147586	9.318983280893615e-06
ENSG00000157184	9.31625244217745e-06
ENSG00000135390	9.310912254712545e-06
ENSG00000166689	9.308714425469978e-06
ENSG00000139874	9.308138973677394e-06
ENSG00000288295	9.300749185178517e-06
ENSG00000139133	9.294494110754771e-06
ENSG00000172331	9.288924971541728e-06
ENSG00000070019	9.287590517993068e-06
ENSG00000168591	9.28741417151783e-06
ENSG00000133983	9.284022658064804e-06
ENSG00000102362	9.282225462816594e-06
ENSG00000284228	9.281816490468335e-06
ENSG00000035115	9.279042194484787e-06
ENSG00000103021	9.278847844728078e-06
ENSG00000148459	9.275013511260851e-06
ENSG00000288141	9.27433795959767e-06
ENSG00000180304	9.270737367204628e-06
ENSG00000154917	9.265517914595705e-06
ENSG00000109586	9.264170173429933e-06
ENSG00000112146	9.262842118889789e-06
ENSG00000109220	9.260317423310792e-06
ENSG00000069943	9.259456600311221e-06
ENSG00000178467	9.253176924650583e-06
ENSG00000155792	9.24746440967304e-06
ENSG00000150961	9.246793739398631e-06
ENSG00000013288	9.242769866581325e-06
ENSG00000174944	9.241583108143774e-06
ENSG00000123933	9.24153811814047e-06
ENSG00000184787	9.239390913173574e-06
ENSG00000198498	9.238980936198092e-06
ENSG00000149305	9.237562494291137e-06
ENSG00000110090	9.226054760226602e-06
ENSG00000157782	9.225912769932924e-06
ENSG00000138669	9.207426091624413e-06
ENSG00000182040	9.192212011512448e-06
ENSG00000164649	9.186189792255286e-06
ENSG00000184985	9.184852683379095e-06
ENSG00000100304	9.18016874323169e-06
ENSG00000110628	9.170077888300764e-06
ENSG00000276495	9.16852310064971e-06
ENSG00000096264	9.166321008238866e-06
ENSG00000116983	9.163829941730256e-06
ENSG00000178605	9.162267820540147e-06
ENSG00000169403	9.141365859979634e-06
ENSG00000171865	9.129258417775853e-06
ENSG00000133401	9.128940379427229e-06
ENSG00000167508	9.10970079294656e-06
ENSG00000203667	9.105670354944799e-06
ENSG00000134369	9.102237033877168e-06
ENSG00000197798	9.090665824411274e-06
ENSG00000278574	9.085202086468245e-06
ENSG00000152266	9.080426734430896e-06
ENSG00000214819	9.079454977819821e-06
ENSG00000122034	9.07589234737508e-06
ENSG00000285121	9.075420086022805e-06
ENSG00000235744	9.06998906130434e-06
ENSG00000239457	9.06998906130434e-06
ENSG00000166573	9.063722551140632e-06
ENSG00000173581	9.062597228194029e-06
ENSG00000206579	9.054765172239059e-06
ENSG00000230930	9.044592034786494e-06
ENSG00000104047	9.04144808992113e-06
ENSG00000100099	9.038609852168532e-06
ENSG00000134504	9.031565678928403e-06
ENSG00000154118	9.021660464819272e-06
ENSG00000062038	9.018831547096987e-06
ENSG00000001617	9.017389341541617e-06
ENSG00000224552	9.01512058715325e-06
ENSG00000100564	8.986387440799864e-06
ENSG00000065029	8.977211812915222e-06
ENSG00000157680	8.971328251408054e-06
ENSG00000274296	8.969990431197937e-06
ENSG00000104290	8.961265310023794e-06
ENSG00000179403	8.952873513883921e-06
ENSG00000090674	8.94354732914437e-06
ENSG00000173275	8.942074634667963e-06
ENSG00000171604	8.932089671482488e-06
ENSG00000188690	8.92712321565055e-06
ENSG00000170684	8.920062180581955e-06
ENSG00000162390	8.919865772290784e-06
ENSG00000120162	8.915983768207893e-06
ENSG00000088002	8.901583435509903e-06
ENSG00000116991	8.900813042007591e-06
ENSG00000284984	8.886699489587176e-06
ENSG00000129824	8.859044503899607e-06
ENSG00000113161	8.853106329691288e-06
ENSG00000242247	8.851241489124535e-06
ENSG00000052850	8.845889303225157e-06
ENSG00000089335	8.839079624086273e-06
ENSG00000147676	8.833890870388096e-06
ENSG00000123179	8.829045325633649e-06
ENSG00000124107	8.82466765649642e-06
ENSG00000147251	8.82245530247246e-06
ENSG00000154639	8.817064315983454e-06
ENSG00000136141	8.816843972960554e-06
ENSG00000141376	8.816461919774882e-06
ENSG00000103356	8.812518885190923e-06
ENSG00000147144	8.799643138619673e-06
ENSG00000115616	8.790167632436983e-06
ENSG00000108242	8.78423150371868e-06
ENSG00000106348	8.78305881924557e-06
ENSG00000133731	8.779542879609734e-06
ENSG00000124479	8.774828511177373e-06
ENSG00000169629	8.77443404266657e-06
ENSG00000115963	8.754065950936658e-06
ENSG00000060558	8.747187585179765e-06
ENSG00000167114	8.745079474390155e-06
ENSG00000284752	8.744497767241206e-06
ENSG00000145555	8.744007108319275e-06
ENSG00000049089	8.742442752430242e-06
ENSG00000280706	8.741716111136733e-06
ENSG00000149577	8.741649121608763e-06
ENSG00000005448	8.739427529157142e-06
ENSG00000137033	8.738959477733996e-06
ENSG00000272636	8.735614396113414e-06
ENSG00000177697	8.725358506662533e-06
ENSG00000275746	8.724895434087216e-06
ENSG00000179085	8.72314585017337e-06
ENSG00000129255	8.70771294175183e-06
ENSG00000162430	8.704977970592719e-06
ENSG00000066248	8.702062363043019e-06
ENSG00000163126	8.700662314984201e-06
ENSG00000155265	8.698078867093077e-06
ENSG00000181191	8.694117345248012e-06
ENSG00000113369	8.682101018960211e-06
ENSG00000003147	8.677373738857062e-06
ENSG00000167981	8.676675736926724e-06
ENSG00000167468	8.673208120949226e-06
ENSG00000132196	8.6729076806195e-06
ENSG00000148926	8.668858622102634e-06
ENSG00000185187	8.656810652830267e-06
ENSG00000113119	8.648690002598831e-06
ENSG00000159173	8.640298544901894e-06
ENSG00000123191	8.633251957718986e-06
ENSG00000109016	8.627840441288377e-06
ENSG00000133317	8.620961996682345e-06
ENSG00000090861	8.606673894300953e-06
ENSG00000100629	8.604251859011187e-06
ENSG00000114054	8.599203258213043e-06
ENSG00000196437	8.59450805355436e-06
ENSG00000171295	8.589512117821801e-06
ENSG00000145439	8.576547220472254e-06
ENSG00000135828	8.57016248528532e-06
ENSG00000006327	8.567591964935998e-06
ENSG00000119929	8.555161049222427e-06
ENSG00000163947	8.552800879429947e-06
ENSG00000166592	8.540255026502979e-06
ENSG00000101439	8.53327172371806e-06
ENSG00000103528	8.526496480828496e-06
ENSG00000177383	8.5201946568451e-06
ENSG00000165169	8.507903335283093e-06
ENSG00000164904	8.505228575505802e-06
ENSG00000158856	8.49993298481432e-06
ENSG00000132671	8.493191559153674e-06
ENSG00000259431	8.49232180908277e-06
ENSG00000099284	8.49130822173106e-06
ENSG00000110871	8.483931757499517e-06
ENSG00000274391	8.473989156216739e-06
ENSG00000184588	8.470985561857885e-06
ENSG00000170899	8.469421073116307e-06
ENSG00000196214	8.4644780373476e-06
ENSG00000136011	8.462425241120179e-06
ENSG00000196632	8.46136906898713e-06
ENSG00000106460	8.46049867799136e-06
ENSG00000150712	8.457632925902898e-06
ENSG00000109861	8.447720165365932e-06
ENSG00000009950	8.44746671592632e-06
ENSG00000205403	8.444842354249757e-06
ENSG00000151718	8.439438652603432e-06
ENSG00000100122	8.427474147304817e-06
ENSG00000100490	8.40102942866252e-06
ENSG00000139793	8.397900518784993e-06
ENSG00000262911	8.393072461297617e-06
ENSG00000115221	8.391182793651917e-06
ENSG00000169752	8.39008835782428e-06
ENSG00000166869	8.37940916092991e-06
ENSG00000080819	8.375844641649932e-06
ENSG00000138621	8.371345971222045e-06
ENSG00000185361	8.362723961908772e-06
ENSG00000243943	8.349113771612448e-06
ENSG00000138771	8.33811314340192e-06
ENSG00000169871	8.334933846259344e-06
ENSG00000106665	8.328495010344188e-06
ENSG00000100505	8.328269701589035e-06
ENSG00000180535	8.32604661058991e-06
ENSG00000155158	8.3241706254722e-06
ENSG00000186479	8.313734492485257e-06
ENSG00000161180	8.311865499455447e-06
ENSG00000277149	8.309560396151465e-06
ENSG00000088538	8.30141632469607e-06
ENSG00000189430	8.294314114186104e-06
ENSG00000168152	8.288552632760218e-06
ENSG00000100916	8.286552628394025e-06
ENSG00000154065	8.282615661449e-06
ENSG00000170967	8.275143903187407e-06
ENSG00000115604	8.274725348301319e-06
ENSG00000171243	8.273275444689606e-06
ENSG00000166396	8.272976842710726e-06
ENSG00000114021	8.27233691413611e-06
ENSG00000184470	8.267854978631276e-06
ENSG00000104341	8.260654097063482e-06
ENSG00000056998	8.255860276194522e-06
ENSG00000229432	8.255122047210481e-06
ENSG00000240344	8.249216543860004e-06
ENSG00000187231	8.246848415117815e-06
ENSG00000184492	8.23930984153653e-06
ENSG00000179600	8.231215275699583e-06
ENSG00000227720	8.224795638748937e-06
ENSG00000167528	8.219355180796137e-06
ENSG00000169704	8.218622343252395e-06
ENSG00000108231	8.212659780448622e-06
ENSG00000090263	8.205229824086715e-06
ENSG00000283391	8.204723994538696e-06
ENSG00000165312	8.204513541139885e-06
ENSG00000113108	8.203954593827342e-06
ENSG00000143344	8.201843105731997e-06
ENSG00000161654	8.201182937477651e-06
ENSG00000147364	8.197485419124968e-06
ENSG00000078114	8.195057473061431e-06
ENSG00000164485	8.190401667966213e-06
ENSG00000088926	8.18358201537288e-06
ENSG00000167371	8.179819091550371e-06
ENSG00000170412	8.166062286046173e-06
ENSG00000285199	8.16199066778207e-06
ENSG00000288362	8.149898314509768e-06
ENSG00000136908	8.144980703896645e-06
ENSG00000196236	8.143492052341102e-06
ENSG00000227315	8.141979357113295e-06
ENSG00000006747	8.135044208662263e-06
ENSG00000138641	8.128967404855353e-06
ENSG00000161610	8.127769776342651e-06
ENSG00000277964	8.12706689398674e-06
ENSG00000119927	8.118939129505306e-06
ENSG00000184368	8.115462960412712e-06
ENSG00000124098	8.11254440604787e-06
ENSG00000100842	8.094080671510348e-06
ENSG00000099785	8.094008424918567e-06
ENSG00000146555	8.085584306643429e-06
ENSG00000183032	8.076851622064576e-06
ENSG00000103642	8.076291436825755e-06
ENSG00000183943	8.06472299792133e-06
ENSG00000135951	8.057204995899844e-06
ENSG00000119703	8.039582659820762e-06
ENSG00000198597	8.032620819873779e-06
ENSG00000213199	8.030287864809744e-06
ENSG00000167476	8.029062414853034e-06
ENSG00000100290	8.012756830579043e-06
ENSG00000101974	8.009798552129482e-06
ENSG00000179387	8.003401012260409e-06
ENSG00000183496	7.988296235823786e-06
ENSG00000189252	7.987169054101858e-06
ENSG00000161533	7.983437566053811e-06
ENSG00000087076	7.975610295537853e-06
ENSG00000142784	7.975310158690635e-06
ENSG00000105136	7.975260351587883e-06
ENSG00000234414	7.965021232067024e-06
ENSG00000176714	7.963003985166182e-06
ENSG00000109046	7.962994907873962e-06
ENSG00000274684	7.953704793913574e-06
ENSG00000171522	7.951811318806306e-06
ENSG00000172575	7.950415882870256e-06
ENSG00000175198	7.94995088153732e-06
ENSG00000198157	7.942277680574785e-06
ENSG00000162595	7.941715653406179e-06
ENSG00000188647	7.939188628354474e-06
ENSG00000101470	7.92130139400451e-06
ENSG00000164023	7.91786907859237e-06
ENSG00000162543	7.914623026818591e-06
ENSG00000185272	7.913048706242947e-06
ENSG00000139370	7.909930701291519e-06
ENSG00000198513	7.908117690601925e-06
ENSG00000168454	7.903645180394926e-06
ENSG00000103067	7.90348218810736e-06
ENSG00000099957	7.896344390997996e-06
ENSG00000198203	7.895859316810685e-06
ENSG00000164331	7.893766470737635e-06
ENSG00000152439	7.883348267043204e-06
ENSG00000103489	7.87794608069417e-06
ENSG00000111271	7.876747641907865e-06
ENSG00000137802	7.87319740773039e-06
ENSG00000156521	7.87025683230984e-06
ENSG00000188542	7.87025683230984e-06
ENSG00000104979	7.85698190383697e-06
ENSG00000102100	7.85690820994553e-06
ENSG00000105245	7.854648953499904e-06
ENSG00000135469	7.854145704293455e-06
ENSG00000137393	7.850582310411624e-06
ENSG00000142459	7.846330489030467e-06
ENSG00000164366	7.838818559341518e-06
ENSG00000114383	7.833236339311827e-06
ENSG00000111907	7.832009868532668e-06
ENSG00000105829	7.828378146222682e-06
ENSG00000197165	7.825663865950084e-06
ENSG00000080546	7.82306407350735e-06
ENSG00000213337	7.811438040489586e-06
ENSG00000127528	7.806943399248742e-06
ENSG00000126088	7.799832713607937e-06
ENSG00000198546	7.794863139217808e-06
ENSG00000163694	7.790225521882417e-06
ENSG00000196387	7.790187584051687e-06
ENSG00000163170	7.787451046849684e-06
ENSG00000285182	7.786703527626007e-06
ENSG00000154134	7.780863443098499e-06
ENSG00000105289	7.77680068799762e-06
ENSG00000151176	7.774347067988483e-06
ENSG00000110074	7.769295089915775e-06
ENSG00000107242	7.748212865951422e-06
ENSG00000049860	7.747045117015828e-06
ENSG00000267368	7.7448156353899e-06
ENSG00000107159	7.743470638174727e-06
ENSG00000153015	7.738662917059377e-06
ENSG00000164695	7.736296177444619e-06
ENSG00000187650	7.729920667015346e-06
ENSG00000142657	7.724824135841096e-06
ENSG00000081019	7.722327520120821e-06
ENSG00000162458	7.716020755277763e-06
ENSG00000176401	7.710548720602006e-06
ENSG00000102317	7.710089167223902e-06
ENSG00000278415	7.70854760863824e-06
ENSG00000147573	7.692236268349596e-06
ENSG00000175906	7.69150436822692e-06
ENSG00000198093	7.69140466087291e-06
ENSG00000131142	7.68446553563351e-06
ENSG00000134744	7.672964646199803e-06
ENSG00000010818	7.672416507093157e-06
ENSG00000173868	7.66704336198774e-06
ENSG00000116791	7.654056825711374e-06
ENSG00000155304	7.652434510336298e-06
ENSG00000110171	7.649301053538482e-06
ENSG00000138119	7.626837372020349e-06
ENSG00000143320	7.6214759901274845e-06
ENSG00000262860	7.616409868517984e-06
ENSG00000198089	7.614649723994635e-06
ENSG00000131264	7.595912360969625e-06
ENSG00000204160	7.595758796126637e-06
ENSG00000153130	7.591072597634727e-06
ENSG00000124374	7.589909793533009e-06
ENSG00000130940	7.586600390932578e-06
ENSG00000138109	7.5860684129765674e-06
ENSG00000135299	7.581455574964175e-06
ENSG00000165886	7.577138011678459e-06
ENSG00000184895	7.565908467755419e-06
ENSG00000104129	7.561784310778165e-06
ENSG00000164325	7.559939494408064e-06
ENSG00000130783	7.556200793451623e-06
ENSG00000154620	7.555360267507885e-06
ENSG00000166006	7.5536056227629525e-06
ENSG00000159640	7.550202009646841e-06
ENSG00000185189	7.546305880758791e-06
ENSG00000166801	7.538790514914809e-06
ENSG00000133134	7.536587172350339e-06
ENSG00000110025	7.533669893436904e-06
ENSG00000167779	7.529790310278739e-06
ENSG00000143643	7.517608953239707e-06
ENSG00000069275	7.516350022573671e-06
ENSG00000011198	7.516133897340213e-06
ENSG00000005469	7.510115352989565e-06
ENSG00000176774	7.492654755793793e-06
ENSG00000116353	7.486604428559763e-06
ENSG00000137509	7.480948532703485e-06
ENSG00000258102	7.466537990299075e-06
ENSG00000041988	7.462122746956517e-06
ENSG00000163281	7.4521876942197365e-06
ENSG00000161647	7.4507141827284065e-06
ENSG00000141519	7.444584164807635e-06
ENSG00000135108	7.443614004291519e-06
ENSG00000165272	7.438575073809456e-06
ENSG00000115042	7.437999324710705e-06
ENSG00000280663	7.432601814929822e-06
ENSG00000187630	7.431925700030141e-06
ENSG00000022355	7.42528135897875e-06
ENSG00000153029	7.424589383380557e-06
ENSG00000281178	7.419395469779414e-06
ENSG00000088812	7.409156211080331e-06
ENSG00000134571	7.406512069877887e-06
ENSG00000126524	7.401956559979748e-06
ENSG00000104804	7.394195481710673e-06
ENSG00000274636	7.391841360617817e-06
ENSG00000182240	7.3906472944355645e-06
ENSG00000072133	7.385502576593144e-06
ENSG00000120727	7.38179218466092e-06
ENSG00000133863	7.381517427692685e-06
ENSG00000255423	7.381014048773407e-06
ENSG00000132406	7.378129697864831e-06
ENSG00000184056	7.377743399336127e-06
ENSG00000101222	7.3767767832183435e-06
ENSG00000128203	7.370201379345514e-06
ENSG00000117298	7.3684389371866595e-06
ENSG00000275111	7.365872932195317e-06
ENSG00000274811	7.357701702724504e-06
ENSG00000153786	7.342809423624884e-06
ENSG00000120256	7.3319461921653916e-06
ENSG00000065618	7.328469191854314e-06
ENSG00000054983	7.325368489146577e-06
ENSG00000205629	7.321628340619185e-06
ENSG00000177548	7.319121720318853e-06
ENSG00000171201	7.314318275570148e-06
ENSG00000158079	7.309059358621796e-06
ENSG00000129646	7.298343779057826e-06
ENSG00000150594	7.297585722010577e-06
ENSG00000263057	7.296409160144252e-06
ENSG00000284869	7.295865173513528e-06
ENSG00000180035	7.293115338438004e-06
ENSG00000115648	7.2865265005256284e-06
ENSG00000215455	7.264186418803609e-06
ENSG00000063854	7.259061423631382e-06
ENSG00000284501	7.256611014146367e-06
ENSG00000164221	7.253198937262206e-06
ENSG00000114902	7.2519705569360406e-06
ENSG00000276045	7.25107209249166e-06
ENSG00000133619	7.2486677303594895e-06
ENSG00000100092	7.243050263863824e-06
ENSG00000135205	7.237191252770135e-06
ENSG00000198934	7.232717568236097e-06
ENSG00000147642	7.213191754791511e-06
ENSG00000112981	7.212762450149152e-06
ENSG00000054148	7.202305784406145e-06
ENSG00000285377	7.201116194688554e-06
ENSG00000035664	7.197714214247228e-06
ENSG00000112077	7.1896522908395286e-06
ENSG00000109654	7.185600418321446e-06
ENSG00000125675	7.185167784353163e-06
ENSG00000148834	7.182820904003753e-06
ENSG00000114735	7.17214635760456e-06
ENSG00000136710	7.156324171938687e-06
ENSG00000165650	7.148162662157317e-06
ENSG00000263012	7.147049340094765e-06
ENSG00000106688	7.133511115060007e-06
ENSG00000103174	7.129667773659943e-06
ENSG00000143365	7.126640932514962e-06
ENSG00000122574	7.124900848165993e-06
ENSG00000151835	7.121879469789693e-06
ENSG00000173976	7.121282669238399e-06
ENSG00000198130	7.119137018971468e-06
ENSG00000128250	7.103312152306563e-06
ENSG00000159445	7.0939759281786106e-06
ENSG00000178726	7.09205763829172e-06
ENSG00000167291	7.0895251211197455e-06
ENSG00000054277	7.081673717647509e-06
ENSG00000083123	7.076642354630658e-06
ENSG00000115652	7.07080609657134e-06
ENSG00000070081	7.068658894189395e-06
ENSG00000117215	7.064101905864971e-06
ENSG00000164344	7.054761303575918e-06
ENSG00000178449	7.05227439583392e-06
ENSG00000168209	7.050262831863983e-06
ENSG00000008853	7.047738810293358e-06
ENSG00000076770	7.040716145107732e-06
ENSG00000124831	7.032822097457274e-06
ENSG00000168959	7.031758790423575e-06
ENSG00000187240	7.030274851860366e-06
ENSG00000159200	7.023037538506824e-06
ENSG00000169087	7.021890766033445e-06
ENSG00000129158	7.018612199792837e-06
ENSG00000185885	7.016560074517097e-06
ENSG00000213799	7.015404943985699e-06
ENSG00000124253	7.0059892645468525e-06
ENSG00000174007	6.9937418627939656e-06
ENSG00000187959	6.986676494006498e-06
ENSG00000149547	6.982642569087635e-06
ENSG00000136002	6.982434893287519e-06
ENSG00000103966	6.982220524942114e-06
ENSG00000114923	6.978125809270501e-06
ENSG00000118507	6.975291663462386e-06
ENSG00000064225	6.9731029963456806e-06
ENSG00000143847	6.9666881165785585e-06
ENSG00000204946	6.965633480969691e-06
ENSG00000196693	6.9618703789791185e-06
ENSG00000142178	6.958101129003035e-06
ENSG00000117519	6.954639890069047e-06
ENSG00000106524	6.9467680517222374e-06
ENSG00000130957	6.944220477507712e-06
ENSG00000162600	6.944067723271652e-06
ENSG00000146021	6.936710970874925e-06
ENSG00000142224	6.93053752516422e-06
ENSG00000172992	6.900995504320432e-06
ENSG00000125813	6.898553408177779e-06
ENSG00000130540	6.897601245927487e-06
ENSG00000175548	6.896029278674288e-06
ENSG00000113722	6.895220218227336e-06
ENSG00000103061	6.895039274182311e-06
ENSG00000151233	6.8949868147740245e-06
ENSG00000146373	6.891367415769123e-06
ENSG00000117448	6.884632900229339e-06
ENSG00000100196	6.882906461589498e-06
ENSG00000167191	6.8783026634132605e-06
ENSG00000138587	6.875323503125553e-06
ENSG00000089692	6.870943270798866e-06
ENSG00000120289	6.870211523333695e-06
ENSG00000185666	6.868524709686386e-06
ENSG00000178904	6.867633376088672e-06
ENSG00000102024	6.855346359660886e-06
ENSG00000282838	6.81690019636579e-06
ENSG00000167315	6.815492440020454e-06
ENSG00000105707	6.814246597042306e-06
ENSG00000164048	6.800071338903185e-06
ENSG00000288357	6.7960521044390095e-06
ENSG00000198841	6.79469838034115e-06
ENSG00000278728	6.775827705943628e-06
ENSG00000182134	6.77497137452129e-06
ENSG00000106436	6.7670555256944615e-06
ENSG00000117620	6.765499031005958e-06
ENSG00000285343	6.7648978565368004e-06
ENSG00000100246	6.762130315315973e-06
ENSG00000180251	6.75851537542296e-06
ENSG00000154640	6.756143738895057e-06
ENSG00000135114	6.753645448286725e-06
ENSG00000213809	6.75189787065836e-06
ENSG00000159289	6.741909600990243e-06
ENSG00000189221	6.734020485506086e-06
ENSG00000172922	6.7251176595447896e-06
ENSG00000099822	6.721444916237832e-06
ENSG00000263324	6.721444916237832e-06
ENSG00000104450	6.7208057713364796e-06
ENSG00000112379	6.716649427323755e-06
ENSG00000133661	6.715463215785401e-06
ENSG00000121851	6.715015120071735e-06
ENSG00000164953	6.712960930917091e-06
ENSG00000198754	6.703630252393751e-06
ENSG00000108001	6.695839502438531e-06
ENSG00000140612	6.682504354756721e-06
ENSG00000181274	6.682087805366557e-06
ENSG00000197121	6.6727360915597755e-06
ENSG00000269404	6.669262432995386e-06
ENSG00000169372	6.661042664890713e-06
ENSG00000281244	6.657082544431028e-06
ENSG00000158792	6.656691736070068e-06
ENSG00000168781	6.632955284231297e-06
ENSG00000173486	6.632439938007113e-06
ENSG00000105855	6.629178745184215e-06
ENSG00000129103	6.627846318311716e-06
ENSG00000099992	6.626174808752172e-06
ENSG00000140299	6.624968447832263e-06
ENSG00000003056	6.622583558062236e-06
ENSG00000213927	6.6171035935795556e-06
ENSG00000124370	6.612018085544725e-06
ENSG00000166033	6.61113348073858e-06
ENSG00000153820	6.608457194903e-06
ENSG00000067177	6.59960228310189e-06
ENSG00000167693	6.596739238477792e-06
ENSG00000171823	6.596097926386893e-06
ENSG00000064687	6.595141572834094e-06
ENSG00000129596	6.592778468313571e-06
ENSG00000152952	6.590027033185499e-06
ENSG00000122585	6.5881565506242404e-06
ENSG00000163291	6.585107854433341e-06
ENSG00000221926	6.5846407018680146e-06
ENSG00000105767	6.5813739470213705e-06
ENSG00000175183	6.570321423539824e-06
ENSG00000169129	6.563557478854205e-06
ENSG00000285451	6.559576664799598e-06
ENSG00000196860	6.559533750721321e-06
ENSG00000110917	6.557399254031173e-06
ENSG00000108828	6.554009978939145e-06
ENSG00000214413	6.552606921197039e-06
ENSG00000089248	6.545028819586511e-06
ENSG00000146802	6.544126002457923e-06
ENSG00000165115	6.543712518604901e-06
ENSG00000086015	6.539796782040862e-06
ENSG00000171219	6.5385484044119985e-06
ENSG00000189143	6.535395148586118e-06
ENSG00000274473	6.53243897805703e-06
ENSG00000165443	6.523075469641502e-06
ENSG00000120437	6.5212825981546635e-06
ENSG00000141527	6.5202281099383855e-06
ENSG00000165775	6.518246449590849e-06
ENSG00000177303	6.517672733658806e-06
ENSG00000139725	6.517559340652214e-06
ENSG00000257594	6.516451957975851e-06
ENSG00000153774	6.509027387808138e-06
ENSG00000260428	6.497513792678252e-06
ENSG00000121578	6.495654212563548e-06
ENSG00000104537	6.494844591175689e-06
ENSG00000185869	6.490903848945837e-06
ENSG00000262327	6.482483537959571e-06
ENSG00000173918	6.478739079729262e-06
ENSG00000187210	6.477096193180116e-06
ENSG00000173992	6.466730606565603e-06
ENSG00000115129	6.466323410711664e-06
ENSG00000075239	6.465351210941067e-06
ENSG00000158050	6.463703279473732e-06
ENSG00000011009	6.4635998504145035e-06
ENSG00000162441	6.462068233525032e-06
ENSG00000100053	6.461238329810018e-06
ENSG00000139684	6.458323613908899e-06
ENSG00000027644	6.4541854084009545e-06
ENSG00000100276	6.4470135371590556e-06
ENSG00000171462	6.4462315886443075e-06
ENSG00000214415	6.443726274962363e-06
ENSG00000167600	6.437059924605042e-06
ENSG00000164176	6.4348535640485e-06
ENSG00000120729	6.432171388992113e-06
ENSG00000130948	6.4299697928802374e-06
ENSG00000169857	6.428950584834768e-06
ENSG00000121690	6.418498215956038e-06
ENSG00000172350	6.4165413414531095e-06
ENSG00000157368	6.414347800084992e-06
ENSG00000130997	6.412796307535325e-06
ENSG00000173535	6.41045042798854e-06
ENSG00000285390	6.404471641981614e-06
ENSG00000283887	6.396187077822559e-06
ENSG00000133874	6.388827582321945e-06
ENSG00000130656	6.387066107465754e-06
ENSG00000111144	6.385007662683692e-06
ENSG00000227402	6.3826368257331025e-06
ENSG00000276799	6.370749898846681e-06
ENSG00000167972	6.362623975229849e-06
ENSG00000114026	6.362360248633116e-06
ENSG00000182132	6.362140404314792e-06
ENSG00000274779	6.361738070763573e-06
ENSG00000225737	6.359810141823984e-06
ENSG00000196683	6.359719476656974e-06
ENSG00000107864	6.359107593932459e-06
ENSG00000140848	6.356795447999946e-06
ENSG00000169258	6.353974598372626e-06
ENSG00000105379	6.348591435991031e-06
ENSG00000114670	6.341573144800696e-06
ENSG00000116254	6.329851742670137e-06
ENSG00000234078	6.328826249309719e-06
ENSG00000169599	6.327959954988353e-06
ENSG00000120913	6.327316489090586e-06
ENSG00000138794	6.327212075078868e-06
ENSG00000154099	6.3270493646903036e-06
ENSG00000034510	6.323504798945829e-06
ENSG00000172985	6.316796448423565e-06
ENSG00000176715	6.31318736562569e-06
ENSG00000149218	6.305075876587684e-06
ENSG00000133019	6.302289937422381e-06
ENSG00000179820	6.280318037121797e-06
ENSG00000130956	6.273836584219761e-06
ENSG00000187024	6.273093317596872e-06
ENSG00000285426	6.268051135852439e-06
ENSG00000170819	6.260833420795727e-06
ENSG00000143839	6.259010824154665e-06
ENSG00000081248	6.252967412367611e-06
ENSG00000042317	6.252446333644052e-06
ENSG00000169131	6.250877488827589e-06
ENSG00000008382	6.24295445477961e-06
ENSG00000154548	6.231446119964446e-06
ENSG00000069188	6.22483068699662e-06
ENSG00000165476	6.219346781310672e-06
ENSG00000187607	6.217871838732177e-06
ENSG00000242259	6.201860604820234e-06
ENSG00000283630	6.190946523458179e-06
ENSG00000101200	6.185677756185668e-06
ENSG00000283539	6.183478127466408e-06
ENSG00000258315	6.181374938706716e-06
ENSG00000126264	6.176556168969941e-06
ENSG00000137821	6.162023287909159e-06
ENSG00000153898	6.151097493660822e-06
ENSG00000100124	6.1506665210281844e-06
ENSG00000198380	6.150270172284692e-06
ENSG00000168566	6.141724561426574e-06
ENSG00000288408	6.1351667930711705e-06
ENSG00000156298	6.134241983350036e-06
ENSG00000009765	6.133080750298157e-06
ENSG00000235443	6.132259157890385e-06
ENSG00000248487	6.125013886697388e-06
ENSG00000196502	6.11809098372711e-06
ENSG00000140545	6.115229464167735e-06
ENSG00000114349	6.1109062100343875e-06
ENSG00000171773	6.108328471762222e-06
ENSG00000136870	6.106318931910741e-06
ENSG00000143507	6.103505108886198e-06
ENSG00000079974	6.09807832976848e-06
ENSG00000143457	6.0943470820109925e-06
ENSG00000061656	6.085092627575141e-06
ENSG00000281309	6.077942716936965e-06
ENSG00000141098	6.069553724263423e-06
ENSG00000086666	6.06877680183229e-06
ENSG00000135517	6.067671984819358e-06
ENSG00000138738	6.063712073654709e-06
ENSG00000168026	6.062762369473296e-06
ENSG00000143774	6.062598086430855e-06
ENSG00000137177	6.062520273113132e-06
ENSG00000112699	6.060835680968524e-06
ENSG00000151458	6.06029646079719e-06
ENSG00000196967	6.05772610652304e-06
ENSG00000257591	6.05772610652304e-06
ENSG00000167720	6.052374976795106e-06
ENSG00000091428	6.042383931586225e-06
ENSG00000068137	6.041738559558632e-06
ENSG00000119950	6.041670027514288e-06
ENSG00000049239	6.029613204759557e-06
ENSG00000173335	6.017450045934799e-06
ENSG00000278693	5.991895239447074e-06
ENSG00000179148	5.990896021722412e-06
ENSG00000197863	5.985969039603677e-06
ENSG00000213424	5.9743215081203085e-06
ENSG00000182968	5.974318585327259e-06
ENSG00000197982	5.972788012860863e-06
ENSG00000169762	5.972035721114541e-06
ENSG00000274619	5.97001926895346e-06
ENSG00000162413	5.966762617799041e-06
ENSG00000151612	5.961250209908225e-06
ENSG00000145348	5.960508466565558e-06
ENSG00000188293	5.955742715376677e-06
ENSG00000021355	5.954395748915097e-06
ENSG00000125384	5.9469742603916886e-06
ENSG00000256223	5.946827803504671e-06
ENSG00000141560	5.9448007072944544e-06
ENSG00000065357	5.942324417850979e-06
ENSG00000137628	5.940591473260585e-06
ENSG00000065154	5.9384927261122345e-06
ENSG00000107593	5.920196080811621e-06
ENSG00000142552	5.905020922300037e-06
ENSG00000168939	5.901431697434761e-06
ENSG00000142065	5.8927100654269215e-06
ENSG00000162482	5.873800374818298e-06
ENSG00000116406	5.871948344389561e-06
ENSG00000108370	5.862601081360725e-06
ENSG00000167775	5.854690460285192e-06
ENSG00000123636	5.850788535877373e-06
ENSG00000114988	5.8453013376738256e-06
ENSG00000103187	5.845118186115853e-06
ENSG00000112293	5.8426544384048175e-06
ENSG00000235233	5.841648162822513e-06
ENSG00000211445	5.841020643390067e-06
ENSG00000170525	5.836901989326635e-06
ENSG00000288292	5.826334324235548e-06
ENSG00000182687	5.824783750073808e-06
ENSG00000164877	5.823109353635717e-06
ENSG00000168589	5.822450821640312e-06
ENSG00000061455	5.814270223725698e-06
ENSG00000136535	5.8034608366119375e-06
ENSG00000006757	5.795681093024306e-06
ENSG00000074416	5.792552077653332e-06
ENSG00000172828	5.78880840878651e-06
ENSG00000116337	5.781408780924654e-06
ENSG00000167107	5.779429350396937e-06
ENSG00000185527	5.776367366249438e-06
ENSG00000241822	5.764943765207022e-06
ENSG00000179532	5.762393719468215e-06
ENSG00000118482	5.759302558184901e-06
ENSG00000063241	5.7553523801227245e-06
ENSG00000168528	5.755142882518805e-06
ENSG00000162267	5.751735126811886e-06
ENSG00000188917	5.747645035156532e-06
ENSG00000126861	5.747008838438659e-06
ENSG00000013619	5.745544400671287e-06
ENSG00000137414	5.742323866872648e-06
ENSG00000104205	5.738265562808506e-06
ENSG00000182566	5.736360810314213e-06
ENSG00000122728	5.732592060516212e-06
ENSG00000177558	5.731840610644836e-06
ENSG00000197891	5.731621055975861e-06
ENSG00000168329	5.729428752974845e-06
ENSG00000005379	5.723164784516632e-06
ENSG00000118777	5.714556414409502e-06
ENSG00000179965	5.714104984908482e-06
ENSG00000137875	5.71202039332591e-06
ENSG00000120278	5.704626691389177e-06
ENSG00000227600	5.703017915986375e-06
ENSG00000274958	5.6992207684042155e-06
ENSG00000139624	5.695385308716606e-06
ENSG00000058453	5.692282448259841e-06
ENSG00000110975	5.687913367321949e-06
ENSG00000163684	5.680935259319342e-06
ENSG00000117586	5.66993730198685e-06
ENSG00000123415	5.666131599741877e-06
ENSG00000282657	5.6638902181215035e-06
ENSG00000109113	5.663833481939745e-06
ENSG00000221995	5.6627243722203394e-06
ENSG00000136856	5.654539015110161e-06
ENSG00000115468	5.654470091468774e-06
ENSG00000129566	5.650284330624947e-06
ENSG00000108961	5.648419803681308e-06
ENSG00000172476	5.646730783222081e-06
ENSG00000131269	5.6454846917631335e-06
ENSG00000143921	5.640706175174085e-06
ENSG00000138075	5.640706175174085e-06
ENSG00000106541	5.636629616032568e-06
ENSG00000147041	5.632219259276638e-06
ENSG00000087250	5.628864830470632e-06
ENSG00000173083	5.6223330893921835e-06
ENSG00000120509	5.61735554431209e-06
ENSG00000151475	5.617020229239708e-06
ENSG00000253797	5.615434907412565e-06
ENSG00000274935	5.59853383322547e-06
ENSG00000070601	5.596923649930424e-06
ENSG00000150636	5.595802473797169e-06
ENSG00000148090	5.58738264053194e-06
ENSG00000100580	5.576687803449824e-06
ENSG00000288307	5.574707040411412e-06
ENSG00000160868	5.570662434126571e-06
ENSG00000181523	5.5611472060675605e-06
ENSG00000124103	5.558012528473503e-06
ENSG00000114626	5.552154020539342e-06
ENSG00000109762	5.552072784629344e-06
ENSG00000127831	5.551698007836646e-06
ENSG00000109689	5.548088498386296e-06
ENSG00000198917	5.53337658049699e-06
ENSG00000174428	5.532968921798618e-06
ENSG00000233450	5.532150615008652e-06
ENSG00000124615	5.5320246567742485e-06
ENSG00000162738	5.529649320805719e-06
ENSG00000163382	5.529379756707136e-06
ENSG00000288169	5.529375211006699e-06
ENSG00000184828	5.52642512519764e-06
ENSG00000186815	5.523496368379383e-06
ENSG00000102001	5.523462736155877e-06
ENSG00000134873	5.52256185063969e-06
ENSG00000154146	5.522157671170273e-06
ENSG00000157036	5.518757459722373e-06
ENSG00000197019	5.511366813351728e-06
ENSG00000214274	5.508886600864189e-06
ENSG00000128394	5.508242068022357e-06
ENSG00000072422	5.500009080455795e-06
ENSG00000176155	5.495945563659833e-06
ENSG00000052795	5.488216471743536e-06
ENSG00000173762	5.4824766097701865e-06
ENSG00000157827	5.480745187208911e-06
ENSG00000080845	5.4737906012534925e-06
ENSG00000170921	5.464065528363409e-06
ENSG00000111879	5.462916473318014e-06
ENSG00000124102	5.461608395118342e-06
ENSG00000283741	5.457561385381553e-06
ENSG00000175344	5.457079872799299e-06
ENSG00000281665	5.454975638013667e-06
ENSG00000083444	5.450927060038416e-06
ENSG00000162437	5.446766098117666e-06
ENSG00000063180	5.442584601018004e-06
ENSG00000121775	5.4399762903439765e-06
ENSG00000198576	5.434212955491448e-06
ENSG00000108733	5.433743628492114e-06
ENSG00000143147	5.43207737236205e-06
ENSG00000187601	5.430540168402476e-06
ENSG00000284841	5.4209907128031605e-06
ENSG00000154493	5.409651660996419e-06
ENSG00000160191	5.406959748508752e-06
ENSG00000149499	5.401186408214572e-06
ENSG00000152642	5.399788340313785e-06
ENSG00000159788	5.397855031252423e-06
ENSG00000170430	5.382113418934274e-06
ENSG00000131373	5.372676648544849e-06
ENSG00000121351	5.372562171435118e-06
ENSG00000188763	5.367484182037996e-06
ENSG00000070190	5.366103129722957e-06
ENSG00000105784	5.36068631247569e-06
ENSG00000115825	5.354252676300943e-06
ENSG00000182793	5.349555495426468e-06
ENSG00000198453	5.34907875507421e-06
ENSG00000143862	5.345987416871007e-06
ENSG00000034693	5.344371063796208e-06
ENSG00000226479	5.343083504664676e-06
ENSG00000148200	5.337652329448422e-06
ENSG00000284009	5.332264116525939e-06
ENSG00000029153	5.3309667307842895e-06
ENSG00000153132	5.328851941846222e-06
ENSG00000118242	5.3263809433806485e-06
ENSG00000001084	5.319235362782922e-06
ENSG00000181481	5.316288210534392e-06
ENSG00000213047	5.314111779535759e-06
ENSG00000121068	5.3126111943396495e-06
ENSG00000143179	5.311112816217461e-06
ENSG00000145996	5.308009490265908e-06
ENSG00000124767	5.306451877471632e-06
ENSG00000078804	5.305816541795073e-06
ENSG00000235758	5.305026344197464e-06
ENSG00000135898	5.301317662596308e-06
ENSG00000109208	5.298730450105847e-06
ENSG00000177694	5.297463807999298e-06
ENSG00000185947	5.296526417693466e-06
ENSG00000187908	5.294050250664007e-06
ENSG00000069509	5.293310710678479e-06
ENSG00000187288	5.277928531412194e-06
ENSG00000128652	5.2632537537796205e-06
ENSG00000146618	5.26067412997141e-06
ENSG00000284468	5.256194951723438e-06
ENSG00000102908	5.255029683386009e-06
ENSG00000189046	5.237877510205038e-06
ENSG00000105755	5.232849221872848e-06
ENSG00000125841	5.229557781029676e-06
ENSG00000168907	5.209658403623151e-06
ENSG00000104880	5.199026916065799e-06
ENSG00000177414	5.191514817686506e-06
ENSG00000120324	5.186715309079278e-06
ENSG00000132330	5.186289173679153e-06
ENSG00000184344	5.184300910930154e-06
ENSG00000115361	5.182581588158887e-06
ENSG00000083290	5.179129353415094e-06
ENSG00000171307	5.175851170233195e-06
ENSG00000155961	5.173508811499426e-06
ENSG00000163710	5.168993029313802e-06
ENSG00000162636	5.166345290507405e-06
ENSG00000115486	5.159984289244571e-06
ENSG00000187676	5.156516618144332e-06
ENSG00000176887	5.1510886789020515e-06
ENSG00000169306	5.148605482906771e-06
ENSG00000155330	5.144720882374378e-06
ENSG00000110844	5.137506279368834e-06
ENSG00000107742	5.137248663838105e-06
ENSG00000130529	5.137135738568013e-06
ENSG00000101638	5.137064991128749e-06
ENSG00000171428	5.136352620741494e-06
ENSG00000163191	5.133372586922555e-06
ENSG00000175544	5.126560431425635e-06
ENSG00000177202	5.121024195507918e-06
ENSG00000157429	5.110937963195778e-06
ENSG00000166192	5.109784052879651e-06
ENSG00000176020	5.109676139022158e-06
ENSG00000126838	5.089911573371532e-06
ENSG00000131979	5.065807304879601e-06
ENSG00000136720	5.064955294149746e-06
ENSG00000284816	5.057975404200496e-06
ENSG00000153885	5.054027025364281e-06
ENSG00000167968	5.052790527881563e-06
ENSG00000131746	5.047912339522484e-06
ENSG00000170486	5.041578370232368e-06
ENSG00000156398	5.040116717113938e-06
ENSG00000132819	5.034969245252033e-06
ENSG00000213145	5.028962185604466e-06
ENSG00000139428	5.023823249789223e-06
ENSG00000170088	5.021953932749137e-06
ENSG00000161055	5.019293811501061e-06
ENSG00000160602	5.013649925513785e-06
ENSG00000151014	5.010706481364314e-06
ENSG00000151746	5.009748879930088e-06
ENSG00000171174	5.00883549391341e-06
ENSG00000130649	5.004882303422202e-06
ENSG00000116525	5.004044330762524e-06
ENSG00000163666	5.000274518212505e-06
ENSG00000125967	4.997567837700532e-06
ENSG00000196867	4.990296711271804e-06
ENSG00000182732	4.98922699481171e-06
ENSG00000016864	4.986769914156444e-06
ENSG00000105866	4.984135444860839e-06
ENSG00000197601	4.975886082969294e-06
ENSG00000189171	4.975198973742775e-06
ENSG00000284495	4.9718666853438115e-06
ENSG00000171314	4.961643626378619e-06
ENSG00000137501	4.9589298820052565e-06
ENSG00000087008	4.957457536864368e-06
ENSG00000135540	4.949352174575631e-06
ENSG00000283030	4.945598527663274e-06
ENSG00000178149	4.943810969889705e-06
ENSG00000166387	4.93755658179588e-06
ENSG00000169550	4.933499455445325e-06
ENSG00000101220	4.931507092241353e-06
ENSG00000176490	4.925253281928566e-06
ENSG00000288504	4.925212251799078e-06
ENSG00000068745	4.923699284396759e-06
ENSG00000276111	4.918118895923676e-06
ENSG00000176393	4.909780073419743e-06
ENSG00000226916	4.902367762137387e-06
ENSG00000148339	4.898683610099335e-06
ENSG00000168453	4.890404677979516e-06
ENSG00000164270	4.8830647270959455e-06
ENSG00000196975	4.882030161863548e-06
ENSG00000126246	4.88177049954882e-06
ENSG00000186049	4.87381851008391e-06
ENSG00000183340	4.8726688769136785e-06
ENSG00000184307	4.866727147987711e-06
ENSG00000175879	4.860765865238553e-06
ENSG00000012171	4.8542374816446666e-06
ENSG00000170049	4.8472809224327e-06
ENSG00000173917	4.8462940758341075e-06
ENSG00000101493	4.844444118298467e-06
ENSG00000108852	4.843227331435363e-06
ENSG00000165917	4.834992841982626e-06
ENSG00000108602	4.829161472711865e-06
ENSG00000049769	4.81439288448006e-06
ENSG00000082196	4.810244025315286e-06
ENSG00000087502	4.809175189240146e-06
ENSG00000125848	4.805528650314556e-06
ENSG00000131096	4.796181325915334e-06
ENSG00000185112	4.794648718409601e-06
ENSG00000129028	4.791466865595241e-06
ENSG00000167964	4.789596691539936e-06
ENSG00000100344	4.784126184288576e-06
ENSG00000151611	4.783465244997742e-06
ENSG00000113430	4.781790038030269e-06
ENSG00000198182	4.778160572125366e-06
ENSG00000149084	4.760367667789723e-06
ENSG00000198885	4.759217056231196e-06
ENSG00000183066	4.7531236799486476e-06
ENSG00000160862	4.726319632037353e-06
ENSG00000244509	4.725342609236883e-06
ENSG00000197375	4.723692241455091e-06
ENSG00000276011	4.7225724740714195e-06
ENSG00000006282	4.713861223624816e-06
ENSG00000129657	4.7133760409133505e-06
ENSG00000143473	4.70605476396754e-06
ENSG00000050327	4.7052513819298975e-06
ENSG00000162769	4.703728584579738e-06
ENSG00000174080	4.698053593843267e-06
ENSG00000114646	4.697611308422693e-06
ENSG00000008118	4.689943257306048e-06
ENSG00000282825	4.688848303648975e-06
ENSG00000198551	4.682420459180627e-06
ENSG00000129235	4.68232513723214e-06
ENSG00000163703	4.6760961258636105e-06
ENSG00000111696	4.668762032962175e-06
ENSG00000103546	4.667755542430502e-06
ENSG00000205810	4.657002720596896e-06
ENSG00000143858	4.651678577119336e-06
ENSG00000128805	4.645364867878842e-06
ENSG00000119326	4.644726437131319e-06
ENSG00000104774	4.642416846865941e-06
ENSG00000143545	4.64199651839585e-06
ENSG00000172794	4.637519498823824e-06
ENSG00000242114	4.63513227035707e-06
ENSG00000106415	4.633205394331918e-06
ENSG00000283868	4.628657075538896e-06
ENSG00000205268	4.624157622314455e-06
ENSG00000155093	4.621637079446731e-06
ENSG00000115902	4.6195861495592605e-06
ENSG00000132746	4.616485944568266e-06
ENSG00000198482	4.6159219283590395e-06
ENSG00000204403	4.6095718671407485e-06
ENSG00000062716	4.604849059555692e-06
ENSG00000187003	4.604303248518793e-06
ENSG00000128973	4.603609095974796e-06
ENSG00000205730	4.603182739739047e-06
ENSG00000142686	4.599445528103946e-06
ENSG00000275122	4.598079175833596e-06
ENSG00000143224	4.59556303804013e-06
ENSG00000172016	4.587329184512789e-06
ENSG00000011566	4.585790201013002e-06
ENSG00000159792	4.577293655588429e-06
ENSG00000164508	4.577154071299584e-06
ENSG00000117226	4.573694673299124e-06
ENSG00000134256	4.562090807996439e-06
ENSG00000062582	4.560134980576111e-06
ENSG00000284868	4.55851686892833e-06
ENSG00000184178	4.556613754298604e-06
ENSG00000163749	4.553653465270901e-06
ENSG00000105499	4.54379539102515e-06
ENSG00000172159	4.5437314537326105e-06
ENSG00000169282	4.541421547896727e-06
ENSG00000109501	4.535524327212207e-06
ENSG00000117983	4.535074338024199e-06
ENSG00000133612	4.5349154204702846e-06
ENSG00000170469	4.5324799384928665e-06
ENSG00000164465	4.51795173170276e-06
ENSG00000130234	4.517429613599664e-06
ENSG00000205838	4.5166980770914686e-06
ENSG00000183638	4.512516854021155e-06
ENSG00000197208	4.512165759886062e-06
ENSG00000170801	4.507927208398538e-06
ENSG00000128951	4.505017168822545e-06
ENSG00000172995	4.504470049085958e-06
ENSG00000079482	4.4972070411994775e-06
ENSG00000125414	4.496613497786212e-06
ENSG00000116783	4.486618815499146e-06
ENSG00000108700	4.481652019024174e-06
ENSG00000171209	4.4731216494641585e-06
ENSG00000134324	4.471306176129098e-06
ENSG00000178996	4.461801766181987e-06
ENSG00000058799	4.4567167162102904e-06
ENSG00000161277	4.454972458735049e-06
ENSG00000012174	4.451334677208001e-06
ENSG00000111885	4.450125162489713e-06
ENSG00000160180	4.44621760716984e-06
ENSG00000042493	4.444212086574951e-06
ENSG00000005238	4.443435212445767e-06
ENSG00000169228	4.443323234186358e-06
ENSG00000146416	4.43449057320842e-06
ENSG00000164951	4.434385383117867e-06
ENSG00000110108	4.434316554128353e-06
ENSG00000266714	4.432017953263034e-06
ENSG00000168268	4.428313767323044e-06
ENSG00000100987	4.424459743848569e-06
ENSG00000285465	4.42424874997193e-06
ENSG00000172201	4.4198868556088025e-06
ENSG00000171885	4.418535984563823e-06
ENSG00000075043	4.413637701999055e-06
ENSG00000174032	4.411000786651805e-06
ENSG00000109929	4.410841264650518e-06
ENSG00000100442	4.401093790988975e-06
ENSG00000111684	4.3951495780267795e-06
ENSG00000106785	4.391547848481916e-06
ENSG00000196684	4.390952629683108e-06
ENSG00000155368	4.388328942760856e-06
ENSG00000073417	4.3859664795765974e-06
ENSG00000074964	4.379550050518493e-06
ENSG00000147689	4.3765010533111294e-06
ENSG00000165757	4.376413265905837e-06
ENSG00000106868	4.375650308507049e-06
ENSG00000197181	4.3712853589137914e-06
ENSG00000168917	4.368421651381659e-06
ENSG00000176871	4.3593743534924105e-06
ENSG00000180138	4.357285364433975e-06
ENSG00000275618	4.357011438656914e-06
ENSG00000189182	4.352798145634186e-06
ENSG00000122481	4.3517229526490555e-06
ENSG00000173705	4.351349504179026e-06
ENSG00000138308	4.350172679480487e-06
ENSG00000273820	4.348486855474893e-06
ENSG00000146278	4.346519292550585e-06
ENSG00000206203	4.327231164668529e-06
ENSG00000164128	4.324421649661091e-06
ENSG00000111837	4.322014513068507e-06
ENSG00000088320	4.320432595928092e-06
ENSG00000070729	4.319016025632634e-06
ENSG00000165238	4.318877623208481e-06
ENSG00000174992	4.3159867870467286e-06
ENSG00000150540	4.307839218547114e-06
ENSG00000151689	4.293486921800683e-06
ENSG00000197457	4.290649948533382e-06
ENSG00000063176	4.28467022105949e-06
ENSG00000138640	4.275801475708796e-06
ENSG00000139044	4.26472944793345e-06
ENSG00000130005	4.251327584120574e-06
ENSG00000085998	4.2494856767163e-06
ENSG00000275832	4.2451878548378755e-06
ENSG00000065665	4.243338672383596e-06
ENSG00000110697	4.243204580937785e-06
ENSG00000188315	4.242122016015923e-06
ENSG00000124588	4.229440794647783e-06
ENSG00000218336	4.227619163022711e-06
ENSG00000141933	4.2185716628650515e-06
ENSG00000174950	4.217766029607843e-06
ENSG00000166123	4.2121881805069755e-06
ENSG00000144152	4.207860226099512e-06
ENSG00000095539	4.206839812806209e-06
ENSG00000142794	4.204815954540077e-06
ENSG00000163814	4.202158335621851e-06
ENSG00000151322	4.200451736321082e-06
ENSG00000253548	4.1949416247467515e-06
ENSG00000156049	4.192833307857947e-06
ENSG00000163394	4.1891274846252564e-06
ENSG00000162032	4.186114282667241e-06
ENSG00000162368	4.182165702348207e-06
ENSG00000154478	4.1809551177199145e-06
ENSG00000115386	4.176999229004583e-06
ENSG00000154545	4.173502566064854e-06
ENSG00000182054	4.17254091609594e-06
ENSG00000090924	4.171585881155492e-06
ENSG00000173467	4.169807228656707e-06
ENSG00000278191	4.166812810172531e-06
ENSG00000198643	4.164229483012209e-06
ENSG00000130035	4.162797025750018e-06
ENSG00000183036	4.16055097518498e-06
ENSG00000165125	4.158204508139494e-06
ENSG00000132010	4.154206253711152e-06
ENSG00000276416	4.150295097092452e-06
ENSG00000122547	4.1502386896886705e-06
ENSG00000277140	4.144971591321806e-06
ENSG00000169562	4.140160400304366e-06
ENSG00000158470	4.127828038056908e-06
ENSG00000166016	4.122234243440804e-06
ENSG00000069535	4.114686012012254e-06
ENSG00000149292	4.112710426232178e-06
ENSG00000107789	4.1104536266615175e-06
ENSG00000285482	4.1091436772718985e-06
ENSG00000142089	4.106531776291634e-06
ENSG00000154655	4.104764746173428e-06
ENSG00000125285	4.103494665956742e-06
ENSG00000228075	4.103221707869318e-06
ENSG00000169914	4.098495569744232e-06
ENSG00000131037	4.091355403798265e-06
ENSG00000158220	4.08668531130806e-06
ENSG00000143891	4.086465054650575e-06
ENSG00000154274	4.085722599021944e-06
ENSG00000280584	4.081688322461987e-06
ENSG00000255561	4.07955947903301e-06
ENSG00000111785	4.079444897172757e-06
ENSG00000153086	4.068583426183334e-06
ENSG00000171033	4.064285995504177e-06
ENSG00000146540	4.061103609014802e-06
ENSG00000288250	4.058222642320574e-06
ENSG00000142634	4.056753053798779e-06
ENSG00000128285	4.056244484245921e-06
ENSG00000164099	4.0558574068646126e-06
ENSG00000026297	4.046822099086497e-06
ENSG00000140398	4.044933188050728e-06
ENSG00000151876	4.0430007653680115e-06
ENSG00000146858	4.0410927724881e-06
ENSG00000280549	4.039228155416147e-06
ENSG00000198785	4.035807083019726e-06
ENSG00000288293	4.033831408824911e-06
ENSG00000100079	4.0293315689506554e-06
ENSG00000118620	4.028362079098017e-06
ENSG00000130038	4.021487365061216e-06
ENSG00000099282	4.020743156362352e-06
ENSG00000084710	4.017478561666965e-06
ENSG00000131242	4.014567286100621e-06
ENSG00000137500	4.0144365996926e-06
ENSG00000106537	4.009137364026465e-06
ENSG00000125910	4.006348186952003e-06
ENSG00000162366	4.001885381667995e-06
ENSG00000180720	4.0013994563618475e-06
ENSG00000198183	4.000194049117885e-06
ENSG00000119782	3.999393300869869e-06
ENSG00000233276	3.992236103604405e-06
ENSG00000214013	3.990331276987503e-06
ENSG00000274736	3.990154916686555e-06
ENSG00000148730	3.987989292415153e-06
ENSG00000181061	3.984159931214787e-06
ENSG00000198336	3.982583862387264e-06
ENSG00000119862	3.982259130703434e-06
ENSG00000128656	3.977917836142742e-06
ENSG00000198049	3.9759951212873755e-06
ENSG00000019169	3.968425772759119e-06
ENSG00000176204	3.96597555128441e-06
ENSG00000223609	3.963910795320219e-06
ENSG00000277236	3.960190147314152e-06
ENSG00000149054	3.958224093716645e-06
ENSG00000135740	3.953902776904052e-06
ENSG00000150893	3.952898313350272e-06
ENSG00000204991	3.949825469781251e-06
ENSG00000167778	3.949248021791368e-06
ENSG00000186377	3.94162756247207e-06
ENSG00000183336	3.9412476967518864e-06
ENSG00000089820	3.936407335067259e-06
ENSG00000151687	3.929930663605849e-06
ENSG00000282830	3.925709818260945e-06
ENSG00000182771	3.9241313652677865e-06
ENSG00000160404	3.920185620186603e-06
ENSG00000143942	3.914272093831332e-06
ENSG00000184571	3.909460561272428e-06
ENSG00000172023	3.908500589135773e-06
ENSG00000164403	3.903428565144684e-06
ENSG00000180398	3.903303731312531e-06
ENSG00000170745	3.901078986885406e-06
ENSG00000168263	3.901078986885406e-06
ENSG00000088387	3.900624691962411e-06
ENSG00000161682	3.896017901059747e-06
ENSG00000239305	3.893529729919794e-06
ENSG00000161249	3.889028543245982e-06
ENSG00000075275	3.882536008627417e-06
ENSG00000101940	3.877835235160587e-06
ENSG00000234508	3.8773807992693826e-06
ENSG00000110675	3.872575671696139e-06
ENSG00000016490	3.868486747326193e-06
ENSG00000012232	3.866967031735664e-06
ENSG00000138311	3.863871820977388e-06
ENSG00000274286	3.855204614073199e-06
ENSG00000170873	3.854613844761122e-06
ENSG00000081377	3.852691893760895e-06
ENSG00000159224	3.851362911759208e-06
ENSG00000196372	3.849885215904649e-06
ENSG00000182107	3.845095967127486e-06
ENSG00000282739	3.843873003625181e-06
ENSG00000178922	3.841824523072671e-06
ENSG00000277656	3.838899063919104e-06
ENSG00000171357	3.838536161870993e-06
ENSG00000166800	3.837140298949059e-06
ENSG00000125144	3.831285727069039e-06
ENSG00000205358	3.831285727069039e-06
ENSG00000138166	3.822336403975272e-06
ENSG00000181195	3.822323445252151e-06
ENSG00000121743	3.8222249142473836e-06
ENSG00000241635	3.820402872393638e-06
ENSG00000285226	3.8144472302736783e-06
ENSG00000121104	3.813455716876751e-06
ENSG00000129682	3.804814167040325e-06
ENSG00000173409	3.803309216666366e-06
ENSG00000152527	3.8007492858749607e-06
ENSG00000139970	3.7999475627523687e-06
ENSG00000105711	3.7937267370291016e-06
ENSG00000185432	3.7883423327743266e-06
ENSG00000153048	3.7865909173256345e-06
ENSG00000186998	3.780306392133818e-06
ENSG00000173585	3.7762643986934925e-06
ENSG00000102098	3.7745839238548126e-06
ENSG00000108479	3.77378798353307e-06
ENSG00000138449	3.768461317066404e-06
ENSG00000180611	3.7675128447818037e-06
ENSG00000123454	3.7630410002258222e-06
ENSG00000138193	3.7605657398078445e-06
ENSG00000143149	3.7586781002537006e-06
ENSG00000141086	3.7548736955474194e-06
ENSG00000147202	3.749689148293295e-06
ENSG00000281857	3.7487763814011694e-06
ENSG00000108381	3.7473313823528437e-06
ENSG00000140450	3.745757247806466e-06
ENSG00000096092	3.7399273234142708e-06
ENSG00000167536	3.7399242051328893e-06
ENSG00000148680	3.7347533310040908e-06
ENSG00000144407	3.7309235699092416e-06
ENSG00000189334	3.729421611748865e-06
ENSG00000172059	3.7285335491776376e-06
ENSG00000184992	3.7276036360707655e-06
ENSG00000091128	3.7260156994252993e-06
ENSG00000126467	3.7225266061528197e-06
ENSG00000100321	3.721782733924113e-06
ENSG00000132357	3.7151519321053516e-06
ENSG00000154930	3.713763438577161e-06
ENSG00000102043	3.7057245346058664e-06
ENSG00000139974	3.705368721499822e-06
ENSG00000139351	3.7007439411235965e-06
ENSG00000177030	3.7000121864862283e-06
ENSG00000168297	3.6986423851339815e-06
ENSG00000111678	3.697254149669142e-06
ENSG00000181026	3.69188876192054e-06
ENSG00000113327	3.6905851138118497e-06
ENSG00000157600	3.684641427888535e-06
ENSG00000108179	3.6831623234346973e-06
ENSG00000174652	3.680423638529148e-06
ENSG00000013523	3.6791738199017948e-06
ENSG00000273793	3.6706899867363877e-06
ENSG00000143061	3.666888573141925e-06
ENSG00000101695	3.6655143348915594e-06
ENSG00000178163	3.6622837395602946e-06
ENSG00000112343	3.6567234501172533e-06
ENSG00000125356	3.653287135444263e-06
ENSG00000188643	3.646372393745497e-06
ENSG00000144843	3.645310902476155e-06
ENSG00000140386	3.633182264081312e-06
ENSG00000168116	3.6323465220561523e-06
ENSG00000153558	3.6218580970939943e-06
ENSG00000140961	3.6106456618099127e-06
ENSG00000228090	3.608191339636084e-06
ENSG00000181896	3.6023309195040154e-06
ENSG00000006071	3.5970925994864597e-06
ENSG00000180509	3.5952190564742533e-06
ENSG00000116191	3.592775095459849e-06
ENSG00000187164	3.5905914679078428e-06
ENSG00000187554	3.5901877643406534e-06
ENSG00000188778	3.5849762726269953e-06
ENSG00000242726	3.583106495405014e-06
ENSG00000103269	3.580951262115781e-06
ENSG00000183479	3.5809113381730257e-06
ENSG00000145332	3.576086553897035e-06
ENSG00000165655	3.5735641585366756e-06
ENSG00000166046	3.570340055913579e-06
ENSG00000141429	3.5674435431175004e-06
ENSG00000172318	3.564851604380679e-06
ENSG00000166548	3.56295929076627e-06
ENSG00000138604	3.559622689479619e-06
ENSG00000272325	3.555613825538263e-06
ENSG00000059804	3.5489659164422315e-06
ENSG00000144677	3.5469977579883874e-06
ENSG00000163596	3.5440924141281488e-06
ENSG00000101203	3.5430706264236312e-06
ENSG00000170777	3.5405810926764304e-06
ENSG00000176410	3.530059811369513e-06
ENSG00000167799	3.5297693689935247e-06
ENSG00000173638	3.52259434497718e-06
ENSG00000120519	3.5211759776937596e-06
ENSG00000204010	3.518354943137381e-06
ENSG00000169908	3.517340804048267e-06
ENSG00000179083	3.517340804048267e-06
ENSG00000165060	3.508105782031009e-06
ENSG00000115919	3.5077022611080873e-06
ENSG00000033100	3.505868953222792e-06
ENSG00000169800	3.495378481454096e-06
ENSG00000100744	3.4886083214920964e-06
ENSG00000198464	3.484560234369779e-06
ENSG00000163806	3.4841341068494394e-06
ENSG00000122971	3.4833466082220957e-06
ENSG00000181404	3.4752235947309073e-06
ENSG00000136237	3.4744845073328795e-06
ENSG00000213347	3.472291942918641e-06
ENSG00000285007	3.467948696981488e-06
ENSG00000015133	3.4546604350831353e-06
ENSG00000090975	3.454020959137984e-06
ENSG00000274334	3.4491852078524084e-06
ENSG00000174915	3.4426288632074867e-06
ENSG00000103316	3.4420125027285932e-06
ENSG00000171234	3.4385300102823622e-06
ENSG00000141569	3.4267856011166688e-06
ENSG00000129673	3.4145875131009433e-06
ENSG00000113790	3.4114398948261923e-06
ENSG00000163357	3.40699341692113e-06
ENSG00000136449	3.4052995896060507e-06
ENSG00000106638	3.401393884686065e-06
ENSG00000263090	3.3971000885306707e-06
ENSG00000163072	3.3923763641853674e-06
ENSG00000123165	3.39203999079494e-06
ENSG00000229937	3.391680173990853e-06
ENSG00000187193	3.3874164935345773e-06
ENSG00000196358	3.3870688747538505e-06
ENSG00000065833	3.38198134236781e-06
ENSG00000235588	3.3618716824833783e-06
ENSG00000223572	3.357815556960948e-06
ENSG00000105223	3.3547256249310536e-06
ENSG00000244607	3.3516239136390627e-06
ENSG00000161973	3.349075236798398e-06
ENSG00000141965	3.3425448341917466e-06
ENSG00000198331	3.339557654132792e-06
ENSG00000215271	3.3387295299952313e-06
ENSG00000119771	3.33275699647747e-06
ENSG00000189060	3.3322323142207636e-06
ENSG00000163623	3.328549982961778e-06
ENSG00000184502	3.3238635361060336e-06
ENSG00000187987	3.3236446490095595e-06
ENSG00000087237	3.320406534270828e-06
ENSG00000159164	3.317451392527267e-06
ENSG00000168843	3.313869585632277e-06
ENSG00000008311	3.308615593687767e-06
ENSG00000144366	3.3058622271048215e-06
ENSG00000118473	3.3002698399635342e-06
ENSG00000184156	3.2971198294345745e-06
ENSG00000275793	3.296491982961806e-06
ENSG00000130684	3.292372873993586e-06
ENSG00000182791	3.283021792386529e-06
ENSG00000013563	3.2762646337707612e-06
ENSG00000144120	3.2733611286668562e-06
ENSG00000148824	3.2685248009146197e-06
ENSG00000139291	3.268523236209013e-06
ENSG00000243927	3.2671695409574266e-06
ENSG00000134809	3.265197794339328e-06
ENSG00000180822	3.264222969530054e-06
ENSG00000253276	3.2597958510192272e-06
ENSG00000221821	3.2564752633686967e-06
ENSG00000235194	3.256236727358583e-06
ENSG00000169435	3.252901192188125e-06
ENSG00000213190	3.252260261335443e-06
ENSG00000188493	3.251508459313785e-06
ENSG00000117862	3.2505504421652835e-06
ENSG00000280908	3.2448889606096187e-06
ENSG00000110911	3.243878752846853e-06
ENSG00000181873	3.243865997639424e-06
ENSG00000226784	3.241834096028677e-06
ENSG00000248905	3.241426590522598e-06
ENSG00000221946	3.240742738177155e-06
ENSG00000127585	3.2296877175169366e-06
ENSG00000116031	3.2211064351753465e-06
ENSG00000119280	3.217606651994509e-06
ENSG00000166402	3.215373748886354e-06
ENSG00000206538	3.2134990601900414e-06
ENSG00000014257	3.209168419010685e-06
ENSG00000151474	3.204069926363848e-06
ENSG00000080293	3.199354022743673e-06
ENSG00000262145	3.1952914457154666e-06
ENSG00000185640	3.195078695178218e-06
ENSG00000280627	3.194725794198072e-06
ENSG00000153904	3.1937995406677057e-06
ENSG00000158457	3.192042125252911e-06
ENSG00000134780	3.1813119876149246e-06
ENSG00000118418	3.178403701452412e-06
ENSG00000182952	3.178403701452412e-06
ENSG00000198142	3.1782708513922232e-06
ENSG00000178732	3.1704096903530623e-06
ENSG00000284598	3.16919138175076e-06
ENSG00000148158	3.1688232843477666e-06
ENSG00000175309	3.168610737171825e-06
ENSG00000229117	3.1681073046702623e-06
ENSG00000109089	3.1670491949190204e-06
ENSG00000182902	3.166494621072773e-06
ENSG00000106560	3.1634753412960487e-06
ENSG00000183723	3.1626271725859273e-06
ENSG00000131067	3.1586555886334546e-06
ENSG00000184524	3.155325901092754e-06
ENSG00000197893	3.154610335597315e-06
ENSG00000141504	3.1533358969870455e-06
ENSG00000163995	3.152882156083576e-06
ENSG00000153823	3.1496797518163572e-06
ENSG00000121297	3.146964665281022e-06
ENSG00000196275	3.135213039898734e-06
ENSG00000115850	3.1267646115897157e-06
ENSG00000042781	3.123113901038377e-06
ENSG00000131379	3.1203158298557165e-06
ENSG00000180176	3.1155183931132896e-06
ENSG00000243708	3.1116363514024286e-06
ENSG00000113742	3.109765068298014e-06
ENSG00000162783	3.108451344750033e-06
ENSG00000138796	3.1059606902073002e-06
ENSG00000099994	3.1035980327448527e-06
ENSG00000004139	3.102592602456065e-06
ENSG00000185033	3.0965507895231515e-06
ENSG00000288118	3.084102027128499e-06
ENSG00000145358	3.0787127331176493e-06
ENSG00000167272	3.0736068292251826e-06
ENSG00000164687	3.0728961210003368e-06
ENSG00000100359	3.0696794127958483e-06
ENSG00000282269	3.066910475937082e-06
ENSG00000133665	3.0654021355592143e-06
ENSG00000198018	3.0571540512351478e-06
ENSG00000120451	3.0562547813624658e-06
ENSG00000213965	3.053351999915478e-06
ENSG00000143162	3.0500559823456805e-06
ENSG00000169902	3.0390102698235353e-06
ENSG00000188747	3.0327982896845204e-06
ENSG00000006740	3.0302924858237863e-06
ENSG00000170425	3.0232485611852397e-06
ENSG00000082269	3.022537653218002e-06
ENSG00000189337	3.0198141350404734e-06
ENSG00000135164	3.010696138115847e-06
ENSG00000214941	3.0100399529126823e-06
ENSG00000121316	3.0054693886660637e-06
ENSG00000253873	2.997463943850748e-06
ENSG00000280165	2.997463943850748e-06
ENSG00000282854	2.9971014516611574e-06
ENSG00000204856	2.9939796372010693e-06
ENSG00000197142	2.9926108064011916e-06
ENSG00000079112	2.9884548556052792e-06
ENSG00000103150	2.982242732680317e-06
ENSG00000177054	2.980914617851996e-06
ENSG00000131389	2.977845754510694e-06
ENSG00000140479	2.9753723208450525e-06
ENSG00000140557	2.9735350812015105e-06
ENSG00000196371	2.9688387084819775e-06
ENSG00000276836	2.959452851035069e-06
ENSG00000117308	2.952205065686849e-06
ENSG00000163376	2.9453588660118427e-06
ENSG00000147724	2.9442336136177915e-06
ENSG00000159723	2.9376415640924363e-06
ENSG00000010361	2.934242171651075e-06
ENSG00000135622	2.9332562907755594e-06
ENSG00000215126	2.9322049844408675e-06
ENSG00000143479	2.923004413587937e-06
ENSG00000204178	2.921047243895101e-06
ENSG00000138823	2.9198883569035215e-06
ENSG00000107317	2.918956116551222e-06
ENSG00000146054	2.9150178235189347e-06
ENSG00000163586	2.9142527882924593e-06
ENSG00000182463	2.911381697091209e-06
ENSG00000276192	2.910891998609321e-06
ENSG00000110723	2.909648696201503e-06
ENSG00000128965	2.909257642537543e-06
ENSG00000213934	2.9069033893100577e-06
ENSG00000116157	2.90491719011911e-06
ENSG00000168661	2.9046848716363345e-06
ENSG00000186675	2.9021381115506316e-06
ENSG00000276615	2.8973535711327714e-06
ENSG00000133477	2.895551067939487e-06
ENSG00000182795	2.892886690828877e-06
ENSG00000129667	2.891078221723357e-06
ENSG00000184083	2.8780729466053227e-06
ENSG00000125629	2.8774963599050725e-06
ENSG00000145945	2.8763498739181755e-06
ENSG00000145882	2.85966370875454e-06
ENSG00000151552	2.8585187390932894e-06
ENSG00000142765	2.8564805343184425e-06
ENSG00000109771	2.8532319150641643e-06
ENSG00000144191	2.851082533615848e-06
ENSG00000123360	2.844229321016982e-06
ENSG00000137707	2.83929015849248e-06
ENSG00000149150	2.83801734404703e-06
ENSG00000237165	2.8361044923549157e-06
ENSG00000228253	2.830141148944092e-06
ENSG00000171169	2.8250427314399237e-06
ENSG00000133805	2.819627230430833e-06
ENSG00000174327	2.817924098754021e-06
ENSG00000128928	2.815235614250319e-06
ENSG00000148468	2.811011171648974e-06
ENSG00000139737	2.811011171648974e-06
ENSG00000135482	2.7969804340851675e-06
ENSG00000108641	2.7922309666347055e-06
ENSG00000173221	2.7871854410237332e-06
ENSG00000185231	2.785824033947959e-06
ENSG00000169271	2.7840176465959586e-06
ENSG00000180878	2.7763681242200035e-06
ENSG00000176358	2.7756369475181237e-06
ENSG00000002586	2.7705127790256984e-06
ENSG00000163545	2.7700552731480214e-06
ENSG00000198178	2.768298683859281e-06
ENSG00000197951	2.7655076089422463e-06
ENSG00000169402	2.7623088079711323e-06
ENSG00000106012	2.755923272363331e-06
ENSG00000213626	2.7546353267272086e-06
ENSG00000196812	2.750496503990638e-06
ENSG00000106049	2.748567302301284e-06
ENSG00000165175	2.7474448381562902e-06
ENSG00000184508	2.7446832823455025e-06
ENSG00000164749	2.743913725356299e-06
ENSG00000171476	2.7424521463205184e-06
ENSG00000137960	2.7349398855304463e-06
ENSG00000258659	2.7328118574615263e-06
ENSG00000006576	2.7196686187020678e-06
ENSG00000085662	2.7167960580065356e-06
ENSG00000006837	2.7101346014329856e-06
ENSG00000180902	2.7050967896963e-06
ENSG00000274437	2.7010436595916167e-06
ENSG00000158825	2.694820865196897e-06
ENSG00000156136	2.690157002388056e-06
ENSG00000187961	2.6894748653068043e-06
ENSG00000151778	2.6858270895637433e-06
ENSG00000284120	2.6852478024840972e-06
ENSG00000131050	2.6852478024840972e-06
ENSG00000167772	2.683539793366033e-06
ENSG00000196581	2.6761599595437376e-06
ENSG00000125430	2.6700848118329376e-06
ENSG00000179941	2.660918602238388e-06
ENSG00000114023	2.6607304116992775e-06
ENSG00000119943	2.6509785385395473e-06
ENSG00000172456	2.6496822162639512e-06
ENSG00000285434	2.645691111542026e-06
ENSG00000040731	2.6452230128933865e-06
ENSG00000120306	2.6437319800865377e-06
ENSG00000177576	2.6437319800865377e-06
ENSG00000160781	2.6437319800865377e-06
ENSG00000285203	2.6436524202320718e-06
ENSG00000140675	2.640908299591414e-06
ENSG00000276021	2.6391687916707917e-06
ENSG00000139287	2.637868166621997e-06
ENSG00000178685	2.6348518755444245e-06
ENSG00000278495	2.6312696315816086e-06
ENSG00000213689	2.627253774167806e-06
ENSG00000114544	2.6264908624780017e-06
ENSG00000221866	2.6227450825652363e-06
ENSG00000123643	2.6217951973128206e-06
ENSG00000162650	2.612889069923477e-06
ENSG00000128311	2.6066451075347814e-06
ENSG00000175662	2.605286996415304e-06
ENSG00000261986	2.6036610899011765e-06
ENSG00000147912	2.6017511841899253e-06
ENSG00000173085	2.5987728148476626e-06
ENSG00000182809	2.596216175863348e-06
ENSG00000274137	2.5922190086630153e-06
ENSG00000131400	2.5850740294199536e-06
ENSG00000179639	2.5820669578673716e-06
ENSG00000133315	2.5757009540564916e-06
ENSG00000172890	2.5747128873939973e-06
ENSG00000109107	2.57414908028886e-06
ENSG00000081181	2.5731374495236415e-06
ENSG00000067221	2.5728499575596186e-06
ENSG00000117054	2.5715016147928224e-06
ENSG00000144681	2.5693986540092978e-06
ENSG00000120332	2.5672271525722275e-06
ENSG00000205089	2.5623784096791906e-06
ENSG00000197894	2.5558561083273062e-06
ENSG00000103647	2.552628915990116e-06
ENSG00000174928	2.5491201527978264e-06
ENSG00000105549	2.5487599968857256e-06
ENSG00000181007	2.5482832853013117e-06
ENSG00000092377	2.5477645712531874e-06
ENSG00000178802	2.547682199524462e-06
ENSG00000179163	2.5422633360967724e-06
ENSG00000119673	2.5407137792232383e-06
ENSG00000171385	2.5390311974967206e-06
ENSG00000163354	2.538292546843738e-06
ENSG00000162572	2.5369651681232965e-06
ENSG00000242220	2.534211303228401e-06
ENSG00000282891	2.533645825355965e-06
ENSG00000163884	2.5322037804507077e-06
ENSG00000237056	2.52392474966176e-06
ENSG00000198835	2.5208733337817932e-06
ENSG00000283085	2.5185625187562553e-06
ENSG00000170262	2.5157902852007976e-06
ENSG00000197372	2.511028482327368e-06
ENSG00000154783	2.510921952124635e-06
ENSG00000170903	2.5106713317086665e-06
ENSG00000204634	2.5099485751651566e-06
ENSG00000154646	2.5088938085501418e-06
ENSG00000275600	2.502783730644156e-06
ENSG00000180815	2.5004303345833304e-06
ENSG00000117480	2.4930631793984196e-06
ENSG00000182359	2.4930631793984196e-06
ENSG00000186326	2.4918823905072835e-06
ENSG00000111961	2.48829292417547e-06
ENSG00000154040	2.486587946794365e-06
ENSG00000013392	2.4863916305927816e-06
ENSG00000164674	2.484631061540351e-06
ENSG00000140798	2.483592886612656e-06
ENSG00000143845	2.479260767462512e-06
ENSG00000284900	2.477832698362393e-06
ENSG00000141255	2.475283024571102e-06
ENSG00000185149	2.475145775455016e-06
ENSG00000148985	2.462293717691998e-06
ENSG00000100170	2.4613848296075007e-06
ENSG00000243056	2.461004466299961e-06
ENSG00000104901	2.4608373335156673e-06
ENSG00000105501	2.4603750729072383e-06
ENSG00000283649	2.4596883596076353e-06
ENSG00000112530	2.4556907275386215e-06
ENSG00000256771	2.4473967105666233e-06
ENSG00000125434	2.446558174661457e-06
ENSG00000135378	2.4452014546547326e-06
ENSG00000152503	2.44375192446355e-06
ENSG00000115084	2.4435224487429674e-06
ENSG00000044459	2.4427584294779244e-06
ENSG00000147119	2.4417573505551235e-06
ENSG00000280477	2.4408151979957113e-06
ENSG00000116218	2.4371638113123394e-06
ENSG00000103381	2.4367974029792093e-06
ENSG00000283882	2.4353267985766027e-06
ENSG00000276004	2.4353267985766027e-06
ENSG00000154813	2.4346304086426017e-06
ENSG00000275365	2.4333654085494078e-06
ENSG00000165355	2.4293701995116036e-06
ENSG00000196177	2.428148080289689e-06
ENSG00000065621	2.425105381322476e-06
ENSG00000156463	2.4235300253250465e-06
ENSG00000066923	2.4194048200432175e-06
ENSG00000150773	2.4188646262495398e-06
ENSG00000168824	2.4062028238521072e-06
ENSG00000146072	2.3959936548551887e-06
ENSG00000151883	2.3889586222690837e-06
ENSG00000187097	2.3863779521423432e-06
ENSG00000181513	2.3799957016639837e-06
ENSG00000105877	2.369894072275136e-06
ENSG00000173597	2.3669743928681078e-06
ENSG00000130821	2.361558306442937e-06
ENSG00000243910	2.3577724735532287e-06
ENSG00000184209	2.354776955159018e-06
ENSG00000171368	2.353879382246289e-06
ENSG00000168237	2.347309225691989e-06
ENSG00000180730	2.346690804876528e-06
ENSG00000086696	2.3426517261040064e-06
ENSG00000091490	2.3386666148716773e-06
ENSG00000288359	2.336910940533028e-06
ENSG00000101577	2.334028270130568e-06
ENSG00000133742	2.3288414708923224e-06
ENSG00000104140	2.320874302913875e-06
ENSG00000163092	2.320029535583812e-06
ENSG00000162873	2.318407173984097e-06
ENSG00000198816	2.3162797137005917e-06
ENSG00000142279	2.315142071300895e-06
ENSG00000151360	2.3134454774010242e-06
ENSG00000165841	2.3095765257101628e-06
ENSG00000177096	2.3093087404902703e-06
ENSG00000263296	2.3089494048601214e-06
ENSG00000186918	2.3082304755066573e-06
ENSG00000101246	2.3064987147788646e-06
ENSG00000198743	2.3053782778716137e-06
ENSG00000006025	2.3022873783024832e-06
ENSG00000144452	2.3014212226967123e-06
ENSG00000172123	2.299395470555607e-06
ENSG00000288269	2.298500990793292e-06
ENSG00000164830	2.2964138774328084e-06
ENSG00000164776	2.296140091434115e-06
ENSG00000146926	2.2957362638716844e-06
ENSG00000109047	2.2930833446327305e-06
ENSG00000125246	2.29218044306311e-06
ENSG00000198805	2.2715979127079074e-06
ENSG00000124140	2.2657632434862915e-06
ENSG00000198691	2.2586351667493626e-06
ENSG00000167232	2.2559721816373684e-06
ENSG00000171794	2.252833348223118e-06
ENSG00000273574	2.2514538781658077e-06
ENSG00000167861	2.2507327040094494e-06
ENSG00000178826	2.24802175583937e-06
ENSG00000167995	2.2417655312414e-06
ENSG00000285140	2.2415311089619324e-06
ENSG00000198881	2.2390982992735478e-06
ENSG00000171596	2.2250674475164524e-06
ENSG00000203943	2.2239564891676713e-06
ENSG00000183255	2.218077729701372e-06
ENSG00000129472	2.2178873532890955e-06
ENSG00000257315	2.217551681943299e-06
ENSG00000176454	2.2164938096489515e-06
ENSG00000183795	2.216412073744654e-06
ENSG00000111886	2.2147905494768934e-06
ENSG00000107551	2.214511806200531e-06
ENSG00000197948	2.2140913461844074e-06
ENSG00000168952	2.20512803985079e-06
ENSG00000161558	2.204029833995116e-06
ENSG00000179598	2.1994077935956516e-06
ENSG00000013297	2.199102818347808e-06
ENSG00000154217	2.1952314407149215e-06
ENSG00000119888	2.1949790972902473e-06
ENSG00000161798	2.188983808575558e-06
ENSG00000214456	2.187677174549452e-06
ENSG00000125089	2.1862282894402385e-06
ENSG00000102007	2.185753729465302e-06
ENSG00000095397	2.184988030960346e-06
ENSG00000147100	2.184648663608398e-06
ENSG00000008516	2.1830498768772536e-06
ENSG00000227471	2.178918650445627e-06
ENSG00000170502	2.174851470573315e-06
ENSG00000213931	2.1720596582343066e-06
ENSG00000171302	2.1715579648516998e-06
ENSG00000107372	2.1715133344548814e-06
ENSG00000185305	2.169763136599369e-06
ENSG00000285394	2.1692370735577073e-06
ENSG00000288474	2.1682316383339936e-06
ENSG00000198478	2.1631378018585156e-06
ENSG00000189037	2.1608847042994295e-06
ENSG00000179168	2.1558708267396485e-06
ENSG00000168282	2.146097759704385e-06
ENSG00000164684	2.137834143131607e-06
ENSG00000169682	2.13701124756358e-06
ENSG00000188996	2.13609097658757e-06
ENSG00000172339	2.1353317895623305e-06
ENSG00000235132	2.13080968395378e-06
ENSG00000138115	2.1297196690383047e-06
ENSG00000116857	2.125539044475352e-06
ENSG00000213015	2.123134531792929e-06
ENSG00000170100	2.1174078008453314e-06
ENSG00000005187	2.116842389584977e-06
ENSG00000172927	2.1165310477835818e-06
ENSG00000137825	2.11265121769911e-06
ENSG00000185669	2.112282543338079e-06
ENSG00000119899	2.1085986232630272e-06
ENSG00000185813	2.1082318056807037e-06
ENSG00000166450	2.1030590530273632e-06
ENSG00000132874	2.0915416060891648e-06
ENSG00000161664	2.0885119814973995e-06
ENSG00000151914	2.08385883319454e-06
ENSG00000179630	2.083056332117308e-06
ENSG00000042445	2.077085186547509e-06
ENSG00000112137	2.0696057657806913e-06
ENSG00000148842	2.06560783607822e-06
ENSG00000173080	2.0622979930465703e-06
ENSG00000100665	2.0578682400409394e-06
ENSG00000115841	2.0557092160628397e-06
ENSG00000162813	2.053179972257244e-06
ENSG00000089091	2.0519120709250893e-06
ENSG00000196428	2.0517736702149426e-06
ENSG00000108684	2.0503289219266844e-06
ENSG00000196517	2.0478250680472424e-06
ENSG00000138413	2.0466381705814053e-06
ENSG00000138769	2.043532252684926e-06
ENSG00000131779	2.0383052700273845e-06
ENSG00000198324	2.037220491746987e-06
ENSG00000288275	2.035779601479138e-06
ENSG00000128274	2.0341772020340232e-06
ENSG00000106853	2.0300780631805065e-06
ENSG00000284017	2.021042136783979e-06
ENSG00000164054	2.0197609851703713e-06
ENSG00000066697	2.0121218382361947e-06
ENSG00000145384	2.0089096942769452e-06
ENSG00000163295	2.003671591001699e-06
ENSG00000115459	1.9988022825597594e-06
ENSG00000110881	1.996947378317483e-06
ENSG00000144136	1.9955421972230948e-06
ENSG00000183067	1.9935790800067896e-06
ENSG00000274780	1.993359807005334e-06
ENSG00000198553	1.9906172151422036e-06
ENSG00000164675	1.97745732700653e-06
ENSG00000119986	1.97745732700653e-06
ENSG00000141458	1.9750553935343747e-06
ENSG00000092068	1.972306124211755e-06
ENSG00000155465	1.970815996397235e-06
ENSG00000183828	1.9662358174947995e-06
ENSG00000186280	1.963268860564762e-06
ENSG00000015413	1.958835562139873e-06
ENSG00000009694	1.957954965219925e-06
ENSG00000104783	1.956953634088169e-06
ENSG00000121053	1.9558367084875286e-06
ENSG00000125999	1.9558367084875286e-06
ENSG00000145029	1.9434516250441074e-06
ENSG00000162433	1.9422405097824874e-06
ENSG00000099866	1.939528720744604e-06
ENSG00000037757	1.9326969694575317e-06
ENSG00000084693	1.931708517480983e-06
ENSG00000118960	1.9314676899779563e-06
ENSG00000198937	1.931185570573511e-06
ENSG00000186684	1.931185570573511e-06
ENSG00000166311	1.9294523385779158e-06
ENSG00000172803	1.9286231251079145e-06
ENSG00000160097	1.928415315747942e-06
ENSG00000172461	1.927446671941235e-06
ENSG00000136197	1.927416106460663e-06
ENSG00000171298	1.919278852630572e-06
ENSG00000135454	1.9167540321243962e-06
ENSG00000277443	1.910272545500953e-06
ENSG00000076067	1.9092993249348027e-06
ENSG00000183396	1.906232041109152e-06
ENSG00000110660	1.9051948903114293e-06
ENSG00000143158	1.9002450091131553e-06
ENSG00000131446	1.8960996738198728e-06
ENSG00000162444	1.8942872174133323e-06
ENSG00000177556	1.8935265162404201e-06
ENSG00000198736	1.884295980228214e-06
ENSG00000239961	1.883822448954555e-06
ENSG00000273494	1.8783824175164637e-06
ENSG00000288188	1.8782463274352632e-06
ENSG00000274671	1.876070054156377e-06
ENSG00000122591	1.8758099526763723e-06
ENSG00000119471	1.8711896440541412e-06
ENSG00000132911	1.8685225405979964e-06
ENSG00000164307	1.8681759361668074e-06
ENSG00000145287	1.8595305871142197e-06
ENSG00000166394	1.85759392207091e-06
ENSG00000104044	1.849275874206075e-06
ENSG00000105583	1.849275874206075e-06
ENSG00000108219	1.849275874206075e-06
ENSG00000188394	1.849275874206075e-06
ENSG00000012660	1.8442914324162376e-06
ENSG00000171236	1.8427249247014624e-06
ENSG00000197168	1.8399826415477222e-06
ENSG00000137857	1.8393229100612873e-06
ENSG00000276184	1.8359372274390971e-06
ENSG00000168830	1.8331902401932072e-06
ENSG00000278444	1.829570350516114e-06
ENSG00000100031	1.8287102280667062e-06
ENSG00000073910	1.8276030695160602e-06
ENSG00000129538	1.8270416042842932e-06
ENSG00000172482	1.8267125425169965e-06
ENSG00000203797	1.8267125425169965e-06
ENSG00000166796	1.8265524120980879e-06
ENSG00000170703	1.8246271723958898e-06
ENSG00000103056	1.8239688486680984e-06
ENSG00000143458	1.8237497084512952e-06
ENSG00000177352	1.823602732387833e-06
ENSG00000114805	1.8219444775555917e-06
ENSG00000102970	1.8161381744157494e-06
ENSG00000086289	1.812302660935826e-06
ENSG00000134775	1.812302660935826e-06
ENSG00000124104	1.8059121139962115e-06
ENSG00000157653	1.803672588336218e-06
ENSG00000182187	1.7990768859626665e-06
ENSG00000004777	1.7949635537601168e-06
ENSG00000219481	1.7870475281441045e-06
ENSG00000156011	1.7868188691169263e-06
ENSG00000172594	1.7866303607938465e-06
ENSG00000152582	1.7866303607938465e-06
ENSG00000123892	1.7858750834624898e-06
ENSG00000186976	1.7835278848289728e-06
ENSG00000139410	1.7808529081340006e-06
ENSG00000143486	1.7805575871413803e-06
ENSG00000168930	1.7800407552514608e-06
ENSG00000278843	1.764342311154413e-06
ENSG00000162526	1.7642962338877858e-06
ENSG00000113924	1.7641717442612694e-06
ENSG00000141337	1.7635289119653464e-06
ENSG00000229353	1.763496649169629e-06
ENSG00000183696	1.7573679948572211e-06
ENSG00000180914	1.7556893516327097e-06
ENSG00000120215	1.7549252059230027e-06
ENSG00000275099	1.7521685970367242e-06
ENSG00000150394	1.7473383680191872e-06
ENSG00000244274	1.7461758564633338e-06
ENSG00000276537	1.7457079140037686e-06
ENSG00000174429	1.7424622866108226e-06
ENSG00000171970	1.7372072292756564e-06
ENSG00000283852	1.7351103553729523e-06
ENSG00000163803	1.7341128084568704e-06
ENSG00000089177	1.731171690084012e-06
ENSG00000105612	1.7196302207391014e-06
ENSG00000110063	1.719094838147182e-06
ENSG00000177990	1.7177368712891492e-06
ENSG00000280969	1.7175636444734846e-06
ENSG00000108582	1.7123147792589696e-06
ENSG00000196408	1.7119936874637793e-06
ENSG00000158747	1.709823493576658e-06
ENSG00000158477	1.7087253626072906e-06
ENSG00000158488	1.7087253626072906e-06
ENSG00000131055	1.7007098739057755e-06
ENSG00000139278	1.6974226275967744e-06
ENSG00000133597	1.693382904452565e-06
ENSG00000164265	1.6867742690687317e-06
ENSG00000119125	1.685995765391736e-06
ENSG00000137266	1.6855456601249709e-06
ENSG00000140986	1.683110323205204e-06
ENSG00000146776	1.6822670614541956e-06
ENSG00000149289	1.682104702234644e-06
ENSG00000168575	1.6798288196162542e-06
ENSG00000204653	1.6784165782675998e-06
ENSG00000112303	1.6778514918786535e-06
ENSG00000125731	1.6773545550141268e-06
ENSG00000117245	1.6771807238106256e-06
ENSG00000170160	1.6756146738377508e-06
ENSG00000278326	1.674791075238104e-06
ENSG00000274611	1.6735093611197833e-06
ENSG00000101098	1.6735093611197833e-06
ENSG00000188517	1.6727041769641738e-06
ENSG00000162604	1.6727041769641738e-06
ENSG00000078596	1.6727041769641738e-06
ENSG00000186088	1.6727041769641738e-06
ENSG00000073670	1.6649449474672884e-06
ENSG00000091138	1.6603652210784087e-06
ENSG00000139531	1.6565727631230243e-06
ENSG00000137449	1.6553670210609525e-06
ENSG00000148218	1.6542850648431417e-06
ENSG00000072041	1.651511898196894e-06
ENSG00000105519	1.6480272879613105e-06
ENSG00000122375	1.6467505502713894e-06
ENSG00000152213	1.6460674405018817e-06
ENSG00000119431	1.6460674405018817e-06
ENSG00000182919	1.6460674405018817e-06
ENSG00000130032	1.639460557516069e-06
ENSG00000101417	1.6358173814863171e-06
ENSG00000174132	1.6358173814863171e-06
ENSG00000198189	1.6358173814863171e-06
ENSG00000144802	1.6344472926828936e-06
ENSG00000198825	1.6320943978984602e-06
ENSG00000026559	1.6303298600824868e-06
ENSG00000185475	1.6303298600824868e-06
ENSG00000135045	1.627713123572956e-06
ENSG00000109832	1.6272578730698828e-06
ENSG00000184731	1.6248505894058289e-06
ENSG00000074621	1.6213632599201462e-06
ENSG00000119411	1.6189573598996768e-06
ENSG00000282967	1.618342662002989e-06
ENSG00000275679	1.618342662002989e-06
ENSG00000283046	1.618342662002989e-06
ENSG00000136371	1.616912651359834e-06
ENSG00000160223	1.6132233216669544e-06
ENSG00000188211	1.6122643932482113e-06
ENSG00000168916	1.611273162238977e-06
ENSG00000123810	1.609745593264919e-06
ENSG00000166833	1.5959582113893823e-06
ENSG00000064787	1.5895328213792003e-06
ENSG00000263163	1.588051394523325e-06
ENSG00000152969	1.5873986081785896e-06
ENSG00000282937	1.5872665346756455e-06
ENSG00000122176	1.5859956296009486e-06
ENSG00000132958	1.5823903685595285e-06
ENSG00000079215	1.5771537348567255e-06
ENSG00000105339	1.5765046711328484e-06
ENSG00000133475	1.5731589600537464e-06
ENSG00000198682	1.5692997467131103e-06
ENSG00000198758	1.567736575786425e-06
ENSG00000133106	1.5672316396812518e-06
ENSG00000136828	1.5652143528658134e-06
ENSG00000165084	1.564875240990162e-06
ENSG00000164040	1.5608179092099469e-06
ENSG00000139835	1.5495882861272297e-06
ENSG00000086544	1.542403360112463e-06
ENSG00000266074	1.5368358464608188e-06
ENSG00000129353	1.5341717094004537e-06
ENSG00000105251	1.5320068678559064e-06
ENSG00000095321	1.5279586458679566e-06
ENSG00000176428	1.5272957960851441e-06
ENSG00000181035	1.5260033381308909e-06
ENSG00000189195	1.5244802661711356e-06
ENSG00000151413	1.5232845575632325e-06
ENSG00000116209	1.5203028973112942e-06
ENSG00000284320	1.5196315553568876e-06
ENSG00000135709	1.517961576282253e-06
ENSG00000141540	1.5178999686121984e-06
ENSG00000106069	1.5144376243704257e-06
ENSG00000198680	1.5129783569948563e-06
ENSG00000138764	1.5128200812824847e-06
ENSG00000167470	1.5124919497407403e-06
ENSG00000276286	1.5098397601023726e-06
ENSG00000135324	1.5021240570921478e-06
ENSG00000150403	1.4881181475481566e-06
ENSG00000158716	1.4863173056764387e-06
ENSG00000116885	1.4857041302988743e-06
ENSG00000137310	1.4820782634434984e-06
ENSG00000131069	1.4785734704162517e-06
ENSG00000183098	1.4777706349969367e-06
ENSG00000184227	1.4735604138652493e-06
ENSG00000007001	1.4715248491605782e-06
ENSG00000132481	1.4642646460854266e-06
ENSG00000164574	1.4563348017404485e-06
ENSG00000146197	1.4537458680910564e-06
ENSG00000165182	1.4444012423522496e-06
ENSG00000088970	1.4435275039197668e-06
ENSG00000158125	1.4405482800132853e-06
ENSG00000143452	1.4350165040256007e-06
ENSG00000169193	1.4298009462202037e-06
ENSG00000164318	1.4265575188284197e-06
ENSG00000215045	1.4245880550036351e-06
ENSG00000179029	1.4239487017177158e-06
ENSG00000278461	1.4213474565806687e-06
ENSG00000175287	1.421180676039778e-06
ENSG00000143167	1.421180676039778e-06
ENSG00000091536	1.4155303548836763e-06
ENSG00000159450	1.4131007586988723e-06
ENSG00000135916	1.4062538642996925e-06
ENSG00000143412	1.4041438267357226e-06
ENSG00000115657	1.402226958262925e-06
ENSG00000188761	1.3906122892963197e-06
ENSG00000237172	1.3900033202081124e-06
ENSG00000282992	1.3900033202081124e-06
ENSG00000160588	1.3833473990717774e-06
ENSG00000188624	1.3827924456504871e-06
ENSG00000204866	1.3827924456504871e-06
ENSG00000138639	1.3817180740593412e-06
ENSG00000117280	1.3708306929566248e-06
ENSG00000133065	1.369107386660437e-06
ENSG00000118816	1.3684784399213117e-06
ENSG00000116874	1.362148374740919e-06
ENSG00000155744	1.3618083453467185e-06
ENSG00000102683	1.3613535017722901e-06
ENSG00000153165	1.3545985163258758e-06
ENSG00000147164	1.3535436530849217e-06
ENSG00000162645	1.3506118809902609e-06
ENSG00000124257	1.3448504794781197e-06
ENSG00000234616	1.3448504794781197e-06
ENSG00000169989	1.3448211920297773e-06
ENSG00000161243	1.3420069532380562e-06
ENSG00000151364	1.341551021328047e-06
ENSG00000131187	1.3403471933659918e-06
ENSG00000112514	1.3375606528462417e-06
ENSG00000122852	1.3365134851717918e-06
ENSG00000281123	1.3350674622083145e-06
ENSG00000157578	1.3347193407345889e-06
ENSG00000204271	1.3337001074817717e-06
ENSG00000181826	1.333350556804253e-06
ENSG00000164620	1.333350556804253e-06
ENSG00000123739	1.333044094116874e-06
ENSG00000136147	1.3303636234902325e-06
ENSG00000276876	1.3295668299411123e-06
ENSG00000128309	1.3288972849146046e-06
ENSG00000178177	1.321743143246189e-06
ENSG00000085831	1.3207173146521822e-06
ENSG00000288399	1.3206773082076334e-06
ENSG00000243335	1.3206773082076334e-06
ENSG00000096088	1.320504784001699e-06
ENSG00000066651	1.3187454149219466e-06
ENSG00000036473	1.318625630803224e-06
ENSG00000102032	1.3150357356308687e-06
ENSG00000180543	1.3097804058160221e-06
ENSG00000288149	1.3040423968386047e-06
ENSG00000256618	1.3025046832716953e-06
ENSG00000159166	1.2993570312494733e-06
ENSG00000275003	1.2978469013346643e-06
ENSG00000212864	1.2974314895070871e-06
ENSG00000229665	1.2974314895070871e-06
ENSG00000124406	1.294808416981177e-06
ENSG00000164304	1.2935990139980696e-06
ENSG00000151882	1.291821158084816e-06
ENSG00000255501	1.2845105435921152e-06
ENSG00000278243	1.2799905476965014e-06
ENSG00000102984	1.2668468309838848e-06
ENSG00000125648	1.2644327068015237e-06
ENSG00000133739	1.2560809089793117e-06
ENSG00000140905	1.255021636633634e-06
ENSG00000162174	1.255021636633634e-06
ENSG00000102904	1.2524660612463747e-06
ENSG00000104635	1.2419742775793035e-06
ENSG00000064270	1.2387628501824787e-06
ENSG00000263155	1.2340635610324194e-06
ENSG00000010318	1.2318217174602414e-06
ENSG00000180233	1.2306844608110415e-06
ENSG00000151012	1.2281591051490737e-06
ENSG00000157150	1.2248636462057305e-06
ENSG00000148120	1.223137427380866e-06
ENSG00000115297	1.2216452178014756e-06
ENSG00000138772	1.2178593107248982e-06
ENSG00000166452	1.2171891894018445e-06
ENSG00000274538	1.2160629693315218e-06
ENSG00000125900	1.1968655529275836e-06
ENSG00000149124	1.1966385415232394e-06
ENSG00000100249	1.192932995357765e-06
ENSG00000166347	1.1928371279597188e-06
ENSG00000042832	1.1891676602966553e-06
ENSG00000099904	1.1881284934844842e-06
ENSG00000100376	1.1875537198486256e-06
ENSG00000213918	1.1833627877605235e-06
ENSG00000176387	1.178965964965489e-06
ENSG00000173210	1.1676495948433286e-06
ENSG00000141574	1.1650268574072238e-06
ENSG00000170439	1.1623176360912112e-06
ENSG00000103145	1.1617569985293423e-06
ENSG00000068724	1.158652712303606e-06
ENSG00000125864	1.1515015355294164e-06
ENSG00000166183	1.1406741774656343e-06
ENSG00000147127	1.129157780319162e-06
ENSG00000223494	1.128760818851304e-06
ENSG00000166839	1.1207026923654845e-06
ENSG00000153815	1.1187354608962331e-06
ENSG00000174417	1.1172032678339863e-06
ENSG00000138036	1.110323682833586e-06
ENSG00000157103	1.0982200177460116e-06
ENSG00000176371	1.096377842357579e-06
ENSG00000176641	1.0929293296099464e-06
ENSG00000165389	1.0903094983105707e-06
ENSG00000140993	1.083492342555225e-06
ENSG00000168743	1.082010147404953e-06
ENSG00000262664	1.0801614983833145e-06
ENSG00000139438	1.0790537972859545e-06
ENSG00000085465	1.0767936578946559e-06
ENSG00000275214	1.0765967065801391e-06
ENSG00000124313	1.0740977958980431e-06
ENSG00000087253	1.071888378299443e-06
ENSG00000122863	1.071398656743515e-06
ENSG00000232641	1.0707532105714405e-06
ENSG00000100373	1.070655133526234e-06
ENSG00000054690	1.0682557307048893e-06
ENSG00000176720	1.0655602717305911e-06
ENSG00000184194	1.0612165181623337e-06
ENSG00000115457	1.052549000078684e-06
ENSG00000064886	1.0465851239191294e-06
ENSG00000182950	1.0455190071106517e-06
ENSG00000171611	1.0423461280016634e-06
ENSG00000211450	1.0382154933894162e-06
ENSG00000109193	1.0339940169936104e-06
ENSG00000149260	1.0304477960102754e-06
ENSG00000175938	1.0272363686134504e-06
ENSG00000116771	1.026366894687523e-06
ENSG00000157657	1.0197029429797698e-06
ENSG00000122873	1.0166326235800454e-06
ENSG00000125492	1.0120181876637556e-06
ENSG00000198908	1.0049748148760546e-06
ENSG00000106336	1.0033367905068794e-06
ENSG00000175946	1.0033367905068794e-06
ENSG00000134278	1.0000994399594695e-06
ENSG00000215915	9.986930973925376e-07
ENSG00000161640	9.98058989841996e-07
ENSG00000274952	9.98058989841996e-07
ENSG00000144834	9.952127386303901e-07
ENSG00000211598	9.947034722119303e-07
ENSG00000215695	9.930672614357762e-07
ENSG00000187627	9.876192761917949e-07
ENSG00000275483	9.856492002459164e-07
ENSG00000260691	9.79579532001275e-07
ENSG00000160183	9.766457566795087e-07
ENSG00000062282	9.766064757051515e-07
ENSG00000179833	9.76002667623034e-07
ENSG00000205978	9.748297748225367e-07
ENSG00000101187	9.653916941140511e-07
ENSG00000175564	9.648737520174204e-07
ENSG00000187516	9.611413844517741e-07
ENSG00000198075	9.587831927251492e-07
ENSG00000262749	9.5752110800879e-07
ENSG00000276464	9.562677399845943e-07
ENSG00000125409	9.499961865581883e-07
ENSG00000155428	9.49137295067293e-07
ENSG00000185101	9.466475606020774e-07
ENSG00000169991	9.462484395778596e-07
ENSG00000165496	9.447833766797181e-07
ENSG00000116035	9.442214105447787e-07
ENSG00000126460	9.438807558291434e-07
ENSG00000205186	9.423675808244984e-07
ENSG00000147872	9.423675808244984e-07
ENSG00000278220	9.400102850361181e-07
ENSG00000072657	9.356998626837495e-07
ENSG00000204179	9.346468841442727e-07
ENSG00000186866	9.306220084692811e-07
ENSG00000253719	9.306220084692811e-07
ENSG00000170011	9.252370695227299e-07
ENSG00000092929	9.252370695227299e-07
ENSG00000114638	9.210375108006976e-07
ENSG00000120341	9.185671123755686e-07
ENSG00000278488	9.163675605073437e-07
ENSG00000103227	9.158766836583834e-07
ENSG00000168679	9.133027713115095e-07
ENSG00000109511	9.058917442250502e-07
ENSG00000178038	9.040033881557991e-07
ENSG00000285516	9.005693002002595e-07
ENSG00000167588	8.978846448741995e-07
ENSG00000141258	8.978846448741995e-07
ENSG00000101443	8.978846448741995e-07
ENSG00000095713	8.919936481078573e-07
ENSG00000186501	8.893051279956996e-07
ENSG00000054179	8.865601558983732e-07
ENSG00000152669	8.657832448864721e-07
ENSG00000163728	8.643589424428174e-07
ENSG00000070759	8.643126861824314e-07
ENSG00000142405	8.643126861824314e-07
ENSG00000165105	8.638943075281952e-07
ENSG00000116667	8.638093389391323e-07
ENSG00000123353	8.637562648868409e-07
ENSG00000136193	8.636136045633215e-07
ENSG00000135722	8.614302401350398e-07
ENSG00000137880	8.61187217247904e-07
ENSG00000167131	8.588911636549687e-07
ENSG00000276559	8.575736068186964e-07
ENSG00000067064	8.570945175978967e-07
ENSG00000171813	8.534296775774452e-07
ENSG00000167065	8.49345212187721e-07
ENSG00000262243	8.35823989793294e-07
ENSG00000276358	8.35727224039965e-07
ENSG00000214827	8.319658707917217e-07
ENSG00000156395	8.299043703613515e-07
ENSG00000172780	8.259120376770092e-07
ENSG00000142235	8.238822574612975e-07
ENSG00000123989	8.23344949508017e-07
ENSG00000176771	8.218533813242704e-07
ENSG00000149489	8.200805853141204e-07
ENSG00000146250	8.176966097938386e-07
ENSG00000102897	8.176966097938386e-07
ENSG00000184164	8.168392771749355e-07
ENSG00000103876	8.10347817655256e-07
ENSG00000132437	8.100143886977979e-07
ENSG00000106258	8.057086695384723e-07
ENSG00000159335	7.965097657771503e-07
ENSG00000104381	7.931048405067435e-07
ENSG00000146938	7.85814383283743e-07
ENSG00000007384	7.839355168496738e-07
ENSG00000175352	7.815407798667479e-07
ENSG00000107020	7.787624108891748e-07
ENSG00000125821	7.731344816504031e-07
ENSG00000125458	7.643368279869081e-07
ENSG00000144306	7.630766760604043e-07
ENSG00000274145	7.611370287754425e-07
ENSG00000275031	7.561648237625386e-07
ENSG00000010626	7.500886703330083e-07
ENSG00000196862	7.409052179577127e-07
ENSG00000126878	7.397567942753729e-07
ENSG00000100711	7.393064948231781e-07
ENSG00000164114	7.352401203445707e-07
ENSG00000169933	7.351210790330492e-07
ENSG00000182362	7.304399440925384e-07
ENSG00000134986	7.296979621913942e-07
ENSG00000171714	7.231204025752444e-07
ENSG00000124602	7.12162348368094e-07
ENSG00000163040	7.106309099551138e-07
ENSG00000266338	7.106309099551138e-07
ENSG00000051620	7.026492455611899e-07
ENSG00000277086	7.002890831925693e-07
ENSG00000135002	6.977386318103322e-07
ENSG00000166920	6.951001736091161e-07
ENSG00000198515	6.890796355328881e-07
ENSG00000160058	6.830501167080214e-07
ENSG00000157884	6.694342418626082e-07
ENSG00000187017	6.571546942989874e-07
ENSG00000122644	6.44449232316892e-07
ENSG00000144199	6.322299716346905e-07
ENSG00000156381	6.293234119237344e-07
ENSG00000149548	6.286621580185989e-07
ENSG00000078487	6.286621580185989e-07
ENSG00000204128	6.279599074692079e-07
ENSG00000284290	6.217156925523769e-07
ENSG00000149573	5.879225336525556e-07
ENSG00000167748	5.83063822063202e-07
ENSG00000166750	5.794744506037146e-07
ENSG00000101236	5.685993361332694e-07
ENSG00000256762	5.647561717457686e-07
ENSG00000165521	5.612530533611964e-07
ENSG00000158966	5.612530533611964e-07
ENSG00000261857	5.583406209488569e-07
ENSG00000120708	5.583406209488569e-07
ENSG00000112304	5.583406209488569e-07
ENSG00000288297	5.571468501417924e-07
ENSG00000125898	5.532688252523528e-07
ENSG00000173320	5.532688252523528e-07
ENSG00000169122	5.532688252523528e-07
ENSG00000140043	5.506886936670963e-07
ENSG00000276761	5.501696742099422e-07
ENSG00000167644	5.501696742099422e-07
ENSG00000146755	5.48179439345657e-07
ENSG00000171433	5.48179439345657e-07
ENSG00000139637	5.415119928655153e-07
ENSG00000103018	5.358824646466689e-07
ENSG00000169427	5.283647241672854e-07
ENSG00000180346	5.17720945483179e-07
ENSG00000163590	5.153882550544254e-07
ENSG00000176473	5.131965615424286e-07
ENSG00000170293	5.115939210062162e-07
ENSG00000142669	5.115939210062162e-07
ENSG00000162591	5.115939210062162e-07
ENSG00000250722	5.115939210062162e-07
ENSG00000110011	5.115939210062162e-07
ENSG00000165973	5.115939210062162e-07
ENSG00000146243	5.061298613911757e-07
ENSG00000155367	4.85013121493534e-07
ENSG00000135750	4.85013121493534e-07
ENSG00000184292	4.826191903803276e-07
ENSG00000145022	4.817381127137853e-07
ENSG00000150361	4.6182479764136395e-07
ENSG00000258289	4.600717108675396e-07
ENSG00000275779	4.481322135756262e-07
ENSG00000166619	4.2139436892022994e-07
ENSG00000100418	4.21026997146481e-07
ENSG00000164047	4.208166069519483e-07
ENSG00000144063	4.2011760971003647e-07
ENSG00000074276	3.9705932854554944e-07
ENSG00000162755	3.5218387832077784e-07
ENSG00000119900	3.5148670061391823e-07
ENSG00000271303	2.9053314158369385e-07
ENSG00000197889	2.202205066340903e-07
ENSG00000116703	2.0551185073494617e-07
ENSG00000139899	0.0
ENSG00000102924	0.0
ENSG00000236625	0.0
ENSG00000226560	0.0
ENSG00000282424	0.0
ENSG00000282584	0.0
ENSG00000182230	0.0
ENSG00000170074	0.0
