GeneNames	Score
ENSG00000146648	0.006208473102006997
ENSG00000141510	0.00326468277712197
ENSG00000100393	0.0024095273596132
ENSG00000168036	0.002210330905455544
ENSG00000177885	0.002145639068136306
ENSG00000136997	0.0019133143183249707
ENSG00000116478	0.0017641050514647187
ENSG00000185920	0.0016188388376505874
ENSG00000077782	0.0016078209367337455
ENSG00000188612	0.0016019581135719094
ENSG00000091831	0.0015817979523919691
ENSG00000145675	0.0015616998025545872
ENSG00000115414	0.0015345231232814906
ENSG00000170558	0.0014882965334544888
ENSG00000179242	0.0014686182084685511
ENSG00000100603	0.0013972974938004836
ENSG00000118495	0.001350680187709821
ENSG00000005339	0.0013487100996501771
ENSG00000113532	0.0013396388051889136
ENSG00000162591	0.00130841750308362
ENSG00000137463	0.00130841750308362
ENSG00000142208	0.001238260082607726
ENSG00000197122	0.001201210866280582
ENSG00000166913	0.0011544035235410298
ENSG00000163631	0.0011514215399462484
ENSG00000173039	0.001150949555081429
ENSG00000012048	0.0011443819995445952
ENSG00000196591	0.001127734278997083
ENSG00000080824	0.0010930576175930589
ENSG00000105976	0.001088314239583554
ENSG00000096968	0.0010840325953770627
ENSG00000135679	0.0010300782618944393
ENSG00000096401	0.0009978445321471088
ENSG00000177606	0.0009972248899255
ENSG00000169083	0.0009731695005840195
ENSG00000148400	0.0009720575241486736
ENSG00000108055	0.0009570447953778014
ENSG00000141480	0.0009341960724103969
ENSG00000179295	0.0009339840300482153
ENSG00000134962	0.0009304400897401286
ENSG00000004487	0.0009238103681086994
ENSG00000164924	0.0009210823218967599
ENSG00000123374	0.000907922486055172
ENSG00000044524	0.0009059803174432478
ENSG00000165030	0.0009043420951935573
ENSG00000010810	0.0008857945485846508
ENSG00000116030	0.0008716340870477329
ENSG00000100030	0.0008559635468862407
ENSG00000129521	0.0008425717722268635
ENSG00000181163	0.0008343633449325809
ENSG00000187840	0.0008332271598250823
ENSG00000286522	0.0008184853255131789
ENSG00000166949	0.0008104331729280862
ENSG00000143590	0.0008065856581909481
ENSG00000036257	0.000800560150863791
ENSG00000160691	0.000794922193269742
ENSG00000198793	0.0007786436011576461
ENSG00000081985	0.0007599369501864581
ENSG00000141367	0.0007573909427108757
ENSG00000141736	0.0007530614647318189
ENSG00000110395	0.0007450292411902093
ENSG00000183421	0.0007362620988464537
ENSG00000132155	0.0007347188550275745
ENSG00000137486	0.0007272972218152117
ENSG00000105647	0.0007238815525438697
ENSG00000275385	0.0007179068202359056
ENSG00000112062	0.0007179004936532342
ENSG00000102882	0.0007138017803957071
ENSG00000188486	0.000713623793717405
ENSG00000124181	0.0007070370868202898
ENSG00000077935	0.0007034802617110949
ENSG00000100170	0.0006954650748217616
ENSG00000115966	0.0006937906200015166
ENSG00000153187	0.0006918411516794002
ENSG00000168610	0.0006917609798673889
ENSG00000146005	0.000690350119588286
ENSG00000166167	0.0006873503355308162
ENSG00000111679	0.0006847321897374248
ENSG00000134308	0.0006754445267541557
ENSG00000135333	0.0006749265872844424
ENSG00000157404	0.0006732248434683713
ENSG00000097007	0.0006636805207499356
ENSG00000140009	0.0006588392691057101
ENSG00000162692	0.0006575796250457793
ENSG00000170486	0.0006562243314134583
ENSG00000094916	0.0006448248969498796
ENSG00000175104	0.0006432786008971694
ENSG00000128242	0.000638343125263287
ENSG00000169375	0.0006378113003161171
ENSG00000068078	0.0006373763901766095
ENSG00000162434	0.0006356535349510039
ENSG00000115904	0.0006345186108270611
ENSG00000149311	0.0006334984976871184
ENSG00000169398	0.0006333456597844709
ENSG00000147403	0.0006315145503022078
ENSG00000170027	0.0006279223135202341
ENSG00000275126	0.0006276730792685853
ENSG00000139687	0.0006255470262952913
ENSG00000082701	0.0006254417831292341
ENSG00000182866	0.0006235131545842353
ENSG00000070831	0.0006212426621442657
ENSG00000104365	0.0006202142072318887
ENSG00000122512	0.0006194648707035962
ENSG00000167193	0.0006193846413141112
ENSG00000100345	0.0006188098539011485
ENSG00000103275	0.0006182189568963364
ENSG00000105568	0.0006182014421503742
ENSG00000113721	0.0006035677027797751
ENSG00000134086	0.0006008449401260036
ENSG00000127191	0.0006008180134464344
ENSG00000141027	0.00059836759550795
ENSG00000140464	0.0005974874006741297
ENSG00000170345	0.0005914914409610003
ENSG00000269335	0.0005899483980707206
ENSG00000121879	0.0005828873671087402
ENSG00000141968	0.0005810215452804253
ENSG00000175387	0.00057065952365956
ENSG00000141646	0.0005664599043875666
ENSG00000140575	0.0005577652587859427
ENSG00000164754	0.0005512801859050983
ENSG00000161011	0.0005500621031340403
ENSG00000165280	0.0005478136162060288
ENSG00000134853	0.0005428092278086096
ENSG00000185591	0.0005420443568129928
ENSG00000109458	0.0005417066553833612
ENSG00000197879	0.000540234431603791
ENSG00000172531	0.000539131026940893
ENSG00000186298	0.0005386818572797399
ENSG00000113558	0.0005375918736295921
ENSG00000198753	0.0005355504450815267
ENSG00000254087	0.0005349254621532971
ENSG00000182944	0.0005346292947187719
ENSG00000162521	0.0005337899992491797
ENSG00000118260	0.0005279211254214588
ENSG00000168214	0.0005259283967182179
ENSG00000140443	0.0005236718387709061
ENSG00000135446	0.0005226827453564255
ENSG00000163235	0.0005226248067296321
ENSG00000113575	0.0005205489876072406
ENSG00000171720	0.0005198027337428773
ENSG00000096384	0.0005193639142155733
ENSG00000161203	0.0005192206562667078
ENSG00000187555	0.000518301300264847
ENSG00000136807	0.0005170139793678868
ENSG00000109320	0.000516683617788629
ENSG00000166333	0.0005164558894355062
ENSG00000135316	0.000514351902349783
ENSG00000066923	0.0005132119244308697
ENSG00000111642	0.000513076817593309
ENSG00000070770	0.0005094932922067013
ENSG00000127616	0.0005088608444718568
ENSG00000117461	0.0005087498134234425
ENSG00000105401	0.000502824321995016
ENSG00000066468	0.0005018856631928895
ENSG00000165119	0.0005010234631020144
ENSG00000049768	0.0005009162036119567
ENSG00000184634	0.0004985596235021919
ENSG00000136238	0.0004970030084361889
ENSG00000266964	0.0004920683708959275
ENSG00000110244	0.0004918711396965735
ENSG00000155265	0.0004908633792716789
ENSG00000101266	0.0004906483601236566
ENSG00000115415	0.0004904949674654016
ENSG00000134982	0.00048717619699456945
ENSG00000185950	0.00048485470143673715
ENSG00000198400	0.0004826849781656805
ENSG00000001626	0.00048194743169934553
ENSG00000196924	0.00047960717220737895
ENSG00000178568	0.0004792778890502162
ENSG00000135486	0.0004774939383299346
ENSG00000128052	0.0004760768917408788
ENSG00000124762	0.0004760041714264491
ENSG00000196535	0.00047373298672312507
ENSG00000105851	0.0004713671013766995
ENSG00000131981	0.0004710619536848193
ENSG00000107643	0.00046954529066004126
ENSG00000171105	0.0004683826482106649
ENSG00000110092	0.0004673988104276016
ENSG00000088986	0.00046636429882164477
ENSG00000213341	0.0004647678189296496
ENSG00000151247	0.00046254603056115266
ENSG00000142453	0.00046243428344907976
ENSG00000163399	0.00046046426253549015
ENSG00000112559	0.00046045114907228437
ENSG00000101412	0.00045834019494001645
ENSG00000065361	0.0004582134210062616
ENSG00000072803	0.00045678597849591073
ENSG00000163518	0.00045602979164617374
ENSG00000132646	0.0004541148439719996
ENSG00000167770	0.00045124252261719987
ENSG00000084676	0.00045012990702698863
ENSG00000196367	0.0004500870661841497
ENSG00000119535	0.0004500695205201403
ENSG00000188906	0.0004492399546748123
ENSG00000101945	0.00044804978309407754
ENSG00000109971	0.0004469264873351262
ENSG00000121481	0.00044510290363372504
ENSG00000044115	0.0004449086756695346
ENSG00000107593	0.00044427449148792613
ENSG00000113580	0.0004434343911490264
ENSG00000055130	0.0004429940003911017
ENSG00000066336	0.00044298421342090237
ENSG00000080503	0.00044270140003817396
ENSG00000121067	0.00044183079970558077
ENSG00000067560	0.0004412209493240466
ENSG00000007264	0.0004404223639470161
ENSG00000147601	0.0004402423011213907
ENSG00000276536	0.00043994103497464564
ENSG00000072501	0.0004397470918632954
ENSG00000100644	0.0004397336915858273
ENSG00000111276	0.00043784375289712766
ENSG00000124151	0.000436182459133513
ENSG00000165916	0.0004352629074927125
ENSG00000227046	0.0004348530549656979
ENSG00000173226	0.0004339004560165637
ENSG00000274474	0.00043265509794810774
ENSG00000101367	0.0004326130076908026
ENSG00000103490	0.0004315211671760398
ENSG00000108312	0.00042566582068493205
ENSG00000131759	0.00042564017257280416
ENSG00000103197	0.00042408915557599897
ENSG00000015285	0.00042408313703437117
ENSG00000078747	0.0004208704824223422
ENSG00000102054	0.000420779751102411
ENSG00000078369	0.00041879875971508144
ENSG00000166135	0.0004173727123602369
ENSG00000132383	0.00041683678897069744
ENSG00000118137	0.000415751715897839
ENSG00000144554	0.00041377599210827093
ENSG00000213639	0.0004137521230339785
ENSG00000130726	0.000413265973672258
ENSG00000196504	0.00041263896944159395
ENSG00000108424	0.0004119426487313303
ENSG00000124789	0.00041129315107642494
ENSG00000100764	0.0004111127527576263
ENSG00000213413	0.00041109695918964374
ENSG00000143437	0.00040976268299898797
ENSG00000166851	0.00040826212849160706
ENSG00000128245	0.00040761676750259015
ENSG00000171302	0.0004075638479316561
ENSG00000069956	0.00040583745103909234
ENSG00000077150	0.00040509634087921594
ENSG00000117713	0.0004049749050817455
ENSG00000105323	0.00040228819474250147
ENSG00000113712	0.00040214443856891437
ENSG00000113578	0.0004020778432335782
ENSG00000064933	0.0004016579473685068
ENSG00000104313	0.00040152624537579903
ENSG00000139352	0.00040145772191886836
ENSG00000172977	0.0004011294812994408
ENSG00000159692	0.00040085502184535477
ENSG00000149294	0.0003997594497351444
ENSG00000164082	0.0003983578875691434
ENSG00000167862	0.00039746443850377657
ENSG00000123908	0.00039740320580966266
ENSG00000099942	0.0003973867465934628
ENSG00000196628	0.0003973124843182486
ENSG00000160224	0.00039720464657729855
ENSG00000112592	0.0003967205948301416
ENSG00000146047	0.0003960854934291918
ENSG00000175793	0.00039533365690873205
ENSG00000136504	0.000394949641581151
ENSG00000150093	0.00039368682516013464
ENSG00000105397	0.0003931734138918405
ENSG00000143799	0.0003923646626133969
ENSG00000278372	0.0003920915627436037
ENSG00000140396	0.0003912979988137583
ENSG00000101972	0.00039120221342433257
ENSG00000128513	0.0003911755633366624
ENSG00000164362	0.00038936494978227454
ENSG00000153201	0.0003892868515482219
ENSG00000120156	0.0003885339016637025
ENSG00000096717	0.0003881901154395209
ENSG00000205937	0.0003872127738989157
ENSG00000165025	0.000386052948163249
ENSG00000147133	0.0003841305364231195
ENSG00000115524	0.0003840189477976909
ENSG00000125952	0.0003806814729024705
ENSG00000105639	0.0003797762924654873
ENSG00000039068	0.00037873720832414486
ENSG00000126215	0.0003786737516291697
ENSG00000076242	0.00037859975123846317
ENSG00000106462	0.00037838717541977093
ENSG00000163513	0.00037804909363754844
ENSG00000186350	0.000377937053190566
ENSG00000005844	0.0003765822334916566
ENSG00000131747	0.00037638831373395094
ENSG00000170312	0.00037540748663711116
ENSG00000164327	0.0003752547015351716
ENSG00000136167	0.0003746243738595833
ENSG00000138081	0.0003744287705495434
ENSG00000134250	0.0003736085541419736
ENSG00000183207	0.00037291862154255887
ENSG00000142192	0.00037260735591837117
ENSG00000083642	0.000372269112943387
ENSG00000141564	0.0003712812432306693
ENSG00000008516	0.00037087289724074395
ENSG00000185359	0.00037058431848657227
ENSG00000156113	0.00037033388077449363
ENSG00000102468	0.0003703068727117509
ENSG00000118007	0.00037022983194884637
ENSG00000100105	0.0003699794976752605
ENSG00000116062	0.0003696297271876835
ENSG00000154229	0.0003694049544442704
ENSG00000171223	0.00036859111256832996
ENSG00000138376	0.0003678250556806408
ENSG00000080031	0.0003667014459706365
ENSG00000113916	0.00036619557364548006
ENSG00000141568	0.00036570675766126504
ENSG00000114166	0.00036457501465888994
ENSG00000162627	0.0003629205998236897
ENSG00000131467	0.00036188232085534403
ENSG00000002834	0.00036170004336508736
ENSG00000134644	0.0003613384075808703
ENSG00000101782	0.00036112628103981606
ENSG00000043462	0.00036060507427522454
ENSG00000067182	0.0003598494360668612
ENSG00000065135	0.0003593411474205594
ENSG00000198909	0.00035867514476034627
ENSG00000126883	0.00035725068555296036
ENSG00000071051	0.0003567013397858119
ENSG00000125686	0.00035647950230627544
ENSG00000087191	0.00035635905943811144
ENSG00000137693	0.0003560877006558405
ENSG00000126016	0.0003545872285543782
ENSG00000175602	0.00035365160326916565
ENSG00000234651	0.00035241695469929036
ENSG00000115085	0.000352307621148695
ENSG00000104517	0.00035167064899820994
ENSG00000075218	0.00034763945222202443
ENSG00000125107	0.000347096123397683
ENSG00000175166	0.0003467372182090968
ENSG00000015479	0.0003463498602163177
ENSG00000273993	0.00034582182698235294
ENSG00000174720	0.00034580960838292095
ENSG00000156466	0.00034571604386281657
ENSG00000169032	0.00034534927216691916
ENSG00000120899	0.00034452114803199544
ENSG00000063244	0.0003442568254532511
ENSG00000168137	0.00034387823162719257
ENSG00000196419	0.0003436750380094806
ENSG00000087586	0.00034265532686955224
ENSG00000288516	0.00034182692004304375
ENSG00000100151	0.0003412519194745755
ENSG00000067369	0.0003411139614900922
ENSG00000165731	0.0003410033479169798
ENSG00000106588	0.00034073499233908133
ENSG00000179583	0.0003401137144602315
ENSG00000278565	0.0003394201590437209
ENSG00000138685	0.00033927076305735035
ENSG00000141543	0.00033887285105297434
ENSG00000143379	0.00033851232110350025
ENSG00000132535	0.00033752736703863604
ENSG00000114353	0.0003372911038471069
ENSG00000085224	0.00033676669109107023
ENSG00000101361	0.0003364730545203258
ENSG00000078900	0.00033633933999368957
ENSG00000139618	0.0003360825254341525
ENSG00000064309	0.00033561630646788195
ENSG00000175054	0.0003355798864536169
ENSG00000160271	0.0003352648501272461
ENSG00000105550	0.0003351410782265398
ENSG00000142166	0.00033511120995658843
ENSG00000139613	0.00033395250016228343
ENSG00000138668	0.0003334514747096468
ENSG00000160710	0.0003330073530238429
ENSG00000107854	0.00033270190849501205
ENSG00000196235	0.0003322823949327463
ENSG00000138378	0.00033225455711757146
ENSG00000117399	0.00033201542754868695
ENSG00000126457	0.0003318929124981212
ENSG00000185697	0.00033173432762415895
ENSG00000095015	0.0003313171940844918
ENSG00000280548	0.0003311639042264046
ENSG00000145386	0.00033112915492635223
ENSG00000137203	0.00033090115228278044
ENSG00000171608	0.0003301552157416531
ENSG00000135018	0.0003295567995330415
ENSG00000073614	0.00032885561938967623
ENSG00000092847	0.00032815286334450283
ENSG00000111581	0.000328121490431401
ENSG00000135829	0.0003277862925401266
ENSG00000083520	0.00032705806601346826
ENSG00000051180	0.0003268920107441256
ENSG00000186908	0.00032665837577109584
ENSG00000160255	0.0003264303391270237
ENSG00000170581	0.00032629144015442033
ENSG00000163517	0.0003258097616323703
ENSG00000171862	0.00032538559885225417
ENSG00000198626	0.00032485167191881537
ENSG00000102755	0.00032447281436014065
ENSG00000186049	0.0003243738083839194
ENSG00000148396	0.00032435262145157615
ENSG00000107779	0.0003228877807958875
ENSG00000113758	0.0003221077162312105
ENSG00000011600	0.00032114949565314744
ENSG00000150457	0.0003208841550025451
ENSG00000103126	0.00032059572983834646
ENSG00000092421	0.0003204874012945553
ENSG00000114062	0.00032044130110483505
ENSG00000102125	0.0003189970209311737
ENSG00000153982	0.00031835621783345814
ENSG00000166848	0.00031835576199598626
ENSG00000004897	0.0003182530159345342
ENSG00000108773	0.000317763297650854
ENSG00000069869	0.0003171265478840363
ENSG00000171723	0.0003161317444871328
ENSG00000198730	0.0003157966500272748
ENSG00000101558	0.00031571980746366007
ENSG00000007392	0.0003144778997005234
ENSG00000119335	0.0003135502246221041
ENSG00000047315	0.00031310483954410137
ENSG00000141506	0.00031307424999904
ENSG00000107159	0.000313011575120429
ENSG00000128016	0.00031250929763774674
ENSG00000158092	0.00031214121060012116
ENSG00000116977	0.00031154597009123107
ENSG00000141570	0.0003111189965958312
ENSG00000163939	0.00031057024472872814
ENSG00000094631	0.0003104436158008917
ENSG00000183495	0.0003097341051780592
ENSG00000212122	0.00030964891315845785
ENSG00000109670	0.0003093921039697884
ENSG00000138795	0.0003092322477592585
ENSG00000160791	0.00030921635624098307
ENSG00000100888	0.0003091975446724
ENSG00000085832	0.00030895489489383494
ENSG00000103266	0.000308849650277011
ENSG00000113263	0.0003086527871405368
ENSG00000198815	0.00030854813297519185
ENSG00000075426	0.0003084673685200614
ENSG00000101966	0.00030828766039500336
ENSG00000132604	0.00030819046256948143
ENSG00000180370	0.0003073379086212651
ENSG00000136754	0.00030657358000866234
ENSG00000010017	0.000306454701765872
ENSG00000099956	0.0003064016229719884
ENSG00000004975	0.0003059165609840815
ENSG00000172534	0.000305731715706586
ENSG00000117560	0.00030561453938920773
ENSG00000167258	0.0003053571075871036
ENSG00000075624	0.00030474372473148815
ENSG00000141867	0.00030459629723924523
ENSG00000232960	0.0003045909817413759
ENSG00000026025	0.00030433238093772184
ENSG00000050405	0.00030429454667937027
ENSG00000108094	0.0003040436987049823
ENSG00000162735	0.000303735528503187
ENSG00000167550	0.00030352879444993326
ENSG00000065970	0.00030351528645734084
ENSG00000087460	0.000302978859217939
ENSG00000159352	0.00030246643690021136
ENSG00000142669	0.0003023509916967047
ENSG00000198851	0.00030206831102517454
ENSG00000143970	0.00030184127802453873
ENSG00000198898	0.0003014034547471561
ENSG00000170004	0.0003013983390493859
ENSG00000139842	0.0003013632697942091
ENSG00000103653	0.0003013119733680111
ENSG00000179772	0.0003011046809331849
ENSG00000071564	0.00029914139285014163
ENSG00000187266	0.0002989024590426487
ENSG00000108883	0.00029822585215491217
ENSG00000126581	0.00029813988372346994
ENSG00000104695	0.00029806831380102446
ENSG00000095002	0.0002970926574645919
ENSG00000163606	0.0002970401135579636
ENSG00000108946	0.00029647171087516226
ENSG00000196498	0.00029599518842556217
ENSG00000163564	0.0002952840299632463
ENSG00000076321	0.00029514431766375457
ENSG00000096996	0.00029454271538857836
ENSG00000134371	0.0002945398142481283
ENSG00000185627	0.00029450133929682877
ENSG00000124164	0.0002941260112726861
ENSG00000112715	0.0002941110319043935
ENSG00000171560	0.00029258628647077473
ENSG00000165409	0.000292491031024802
ENSG00000108443	0.00029241615099978504
ENSG00000178691	0.00029234338442631286
ENSG00000166501	0.00029189224503229483
ENSG00000159377	0.0002916742828725409
ENSG00000101255	0.00029165401351720143
ENSG00000110324	0.0002912420063430879
ENSG00000086758	0.00029121154820696755
ENSG00000109906	0.0002912027115261791
ENSG00000197299	0.00029107877446846517
ENSG00000101336	0.0002906835437565516
ENSG00000134057	0.0002904095912104235
ENSG00000196363	0.00029006655339748095
ENSG00000068024	0.00029002202623980305
ENSG00000010671	0.00028998807682751535
ENSG00000134259	0.0002897209175830023
ENSG00000101146	0.0002896991271776057
ENSG00000186810	0.0002890505415066197
ENSG00000161057	0.00028852335685615417
ENSG00000142347	0.00028841146493778513
ENSG00000078061	0.0002880769417495075
ENSG00000111711	0.00028796339400388797
ENSG00000134061	0.0002876638818872962
ENSG00000266412	0.0002875615411394488
ENSG00000133703	0.0002871168299710667
ENSG00000079246	0.0002870146607566905
ENSG00000154767	0.0002867777584312694
ENSG00000129351	0.0002867208526358057
ENSG00000100385	0.000285537349341795
ENSG00000028137	0.00028533314399843815
ENSG00000147168	0.00028529909324066436
ENSG00000085514	0.0002852038896370063
ENSG00000137713	0.0002851829710534845
ENSG00000122223	0.00028507266046014966
ENSG00000198053	0.00028473131571610076
ENSG00000160182	0.00028448552818623977
ENSG00000123338	0.00028439734327777446
ENSG00000121774	0.00028382921820600164
ENSG00000135250	0.0002832885064348341
ENSG00000112799	0.0002822518932476295
ENSG00000169047	0.00028217277290561984
ENSG00000196396	0.00028215110769167634
ENSG00000082898	0.0002815466147337276
ENSG00000136485	0.00028129814497611334
ENSG00000140368	0.00028118193407651555
ENSG00000136518	0.00028109971395746215
ENSG00000173473	0.0002809000140797909
ENSG00000057468	0.000280871859279266
ENSG00000162385	0.0002804256317540725
ENSG00000134243	0.0002802022245382919
ENSG00000126012	0.00027981823537578845
ENSG00000120885	0.0002797170440577902
ENSG00000139263	0.0002792750452853143
ENSG00000160007	0.0002787738230807727
ENSG00000139219	0.00027792345870468753
ENSG00000075618	0.00027776662844339637
ENSG00000198198	0.0002776353682764271
ENSG00000174197	0.00027751035602640635
ENSG00000145715	0.00027739012653796606
ENSG00000007168	0.0002769278136281316
ENSG00000157764	0.00027687868322557636
ENSG00000083635	0.0002766564987943969
ENSG00000078403	0.00027649874535492635
ENSG00000168256	0.00027645714240367476
ENSG00000110107	0.0002764109593245223
ENSG00000275713	0.0002763896604928866
ENSG00000108465	0.0002763788704828289
ENSG00000148843	0.000276355054956195
ENSG00000156599	0.00027621496030283307
ENSG00000102901	0.0002761604894929995
ENSG00000110713	0.0002758071865258329
ENSG00000111206	0.0002757640076491792
ENSG00000103522	0.0002757255110955826
ENSG00000166226	0.0002756239663818036
ENSG00000023892	0.0002755299717314959
ENSG00000050748	0.00027546474835992996
ENSG00000132170	0.000275199625487848
ENSG00000204217	0.00027505769856281913
ENSG00000124788	0.00027476362066253387
ENSG00000108840	0.00027461693303597296
ENSG00000183918	0.00027455309607682035
ENSG00000109332	0.0002743615446939354
ENSG00000178971	0.0002740490124007668
ENSG00000130208	0.0002739991215204327
ENSG00000089159	0.00027372134785589496
ENSG00000108344	0.00027371244987809583
ENSG00000075785	0.00027273562921836456
ENSG00000130816	0.0002726639753310435
ENSG00000128731	0.0002726543528734228
ENSG00000146834	0.000272648339455333
ENSG00000143575	0.00027227137480984254
ENSG00000150907	0.0002721736231140694
ENSG00000115808	0.00027211477435656255
ENSG00000100462	0.00027133251238261246
ENSG00000115233	0.0002712557855774936
ENSG00000173757	0.00027113855215230064
ENSG00000100906	0.0002700017399096546
ENSG00000169217	0.0002696760230238812
ENSG00000033011	0.0002695107712812185
ENSG00000105894	0.00026948246461853465
ENSG00000123358	0.00026924377316988186
ENSG00000285246	0.0002686626147944262
ENSG00000129152	0.0002685951024039751
ENSG00000129315	0.00026859231502375584
ENSG00000163932	0.0002685885893125933
ENSG00000132356	0.0002685637767482533
ENSG00000149480	0.0002684750367143214
ENSG00000056558	0.000268202250963874
ENSG00000170759	0.00026819704521787694
ENSG00000143119	0.00026814482758707016
ENSG00000161405	0.0002681424858731063
ENSG00000127445	0.0002678996667178064
ENSG00000181555	0.00026744453114297567
ENSG00000176678	0.0002674389659702526
ENSG00000169252	0.0002674014945313354
ENSG00000185513	0.00026736746323509613
ENSG00000145990	0.0002671059192745669
ENSG00000105404	0.0002670062079952405
ENSG00000105974	0.0002669929406380704
ENSG00000100815	0.0002669874635174922
ENSG00000171791	0.0002669621718523212
ENSG00000104833	0.00026677737876116316
ENSG00000167985	0.0002666371399233628
ENSG00000173801	0.00026655775484786006
ENSG00000112164	0.0002665450962748921
ENSG00000168961	0.0002664280239002849
ENSG00000011426	0.000266387388862954
ENSG00000111530	0.00026588449161511003
ENSG00000162946	0.00026572684536625176
ENSG00000130396	0.0002656585568489243
ENSG00000137841	0.00026565318637626433
ENSG00000108561	0.0002654178345085816
ENSG00000089685	0.000265405021072572
ENSG00000100504	0.00026539540223229904
ENSG00000110448	0.00026502441761661847
ENSG00000113194	0.0002648728944981467
ENSG00000100811	0.00026477599487341745
ENSG00000111087	0.0002645326122230862
ENSG00000173575	0.00026437626741487337
ENSG00000099783	0.00026420024257693117
ENSG00000129245	0.0002637241320246947
ENSG00000007372	0.00026362360423342056
ENSG00000102974	0.000263572718166996
ENSG00000253729	0.00026314539832612306
ENSG00000198890	0.0002630617044891354
ENSG00000284901	0.0002622112445625865
ENSG00000182220	0.0002621640179114387
ENSG00000172270	0.000262143610468116
ENSG00000033800	0.00026160317560345236
ENSG00000126561	0.00026142185502256725
ENSG00000100387	0.00026136675004622946
ENSG00000108671	0.0002612769322608265
ENSG00000133704	0.00026125939285639364
ENSG00000136235	0.00026115152867003884
ENSG00000062822	0.00026078513709033234
ENSG00000125676	0.0002606583172167399
ENSG00000147162	0.00026057760886821085
ENSG00000167522	0.00026013422832789286
ENSG00000147010	0.0002601010621351576
ENSG00000167986	0.00025994237801758857
ENSG00000183735	0.0002598991042352413
ENSG00000029363	0.0002594979880032684
ENSG00000167208	0.0002592035983282375
ENSG00000127337	0.00025918328894036324
ENSG00000171956	0.0002590251937752284
ENSG00000166225	0.0002589563886234278
ENSG00000173692	0.0002587033484862659
ENSG00000158517	0.00025847487387231286
ENSG00000138071	0.0002583870720171022
ENSG00000171456	0.00025821587780894647
ENSG00000137801	0.0002581809579556599
ENSG00000066117	0.0002577909214237549
ENSG00000163131	0.0002574562123616844
ENSG00000068305	0.0002574188172177703
ENSG00000105173	0.00025739853847908813
ENSG00000110031	0.0002573836581854495
ENSG00000157450	0.0002573417749717423
ENSG00000138443	0.00025693841534138304
ENSG00000074181	0.0002568757026470483
ENSG00000115091	0.00025686715132864697
ENSG00000126861	0.0002564228696749793
ENSG00000028528	0.0002562160117884572
ENSG00000126882	0.0002561578514580419
ENSG00000115163	0.0002561017461672439
ENSG00000100519	0.00025535954186189084
ENSG00000100097	0.0002553091287511911
ENSG00000056097	0.0002551336000981025
ENSG00000185811	0.0002546651718642627
ENSG00000102978	0.00025461209525762154
ENSG00000135341	0.000254505355705018
ENSG00000099341	0.000254013231277434
ENSG00000120063	0.0002535853433451989
ENSG00000134574	0.00025356338439388505
ENSG00000087365	0.00025349229366106646
ENSG00000010610	0.00025332578459559514
ENSG00000108262	0.0002528826024712052
ENSG00000101096	0.00025266534481584304
ENSG00000119772	0.00025261196925462336
ENSG00000166233	0.0002522031712412373
ENSG00000076685	0.0002519652170037845
ENSG00000188827	0.00025156776368430526
ENSG00000054118	0.0002514690262406877
ENSG00000005075	0.0002513960222710836
ENSG00000134516	0.00025087142985258154
ENSG00000196961	0.0002504576585365923
ENSG00000117748	0.0002498666949827903
ENSG00000122565	0.00024950945537493646
ENSG00000145147	0.000249479956165347
ENSG00000006125	0.00024943861771796054
ENSG00000174791	0.0002492585250053291
ENSG00000122952	0.00024913473862777334
ENSG00000245848	0.0002491312752608571
ENSG00000153147	0.0002490012881618607
ENSG00000103479	0.0002489941065041536
ENSG00000159216	0.0002489674737856177
ENSG00000117758	0.0002486945918546679
ENSG00000099817	0.00024834406593983986
ENSG00000072518	0.0002481914704228766
ENSG00000062650	0.00024811686872731924
ENSG00000007237	0.0002480690690865366
ENSG00000283777	0.00024783990653960805
ENSG00000102524	0.00024757854296377234
ENSG00000125651	0.0002475596835600769
ENSG00000143847	0.0002475265239646164
ENSG00000137275	0.00024748708091164355
ENSG00000167601	0.0002471782044409738
ENSG00000108774	0.00024715867606299636
ENSG00000138160	0.0002471059205447043
ENSG00000102879	0.00024703548282987607
ENSG00000176105	0.00024696253995558896
ENSG00000173894	0.00024679076042904475
ENSG00000116824	0.0002467275998921386
ENSG00000109111	0.0002466193290206594
ENSG00000169057	0.000246443316382835
ENSG00000101421	0.00024638875188103795
ENSG00000167642	0.00024629325781723693
ENSG00000167996	0.0002460441278741833
ENSG00000198821	0.00024599123683495587
ENSG00000069248	0.00024553454842885246
ENSG00000011304	0.00024544988360739365
ENSG00000051382	0.0002454240073057229
ENSG00000173020	0.00024519413016320737
ENSG00000087077	0.0002451841729395006
ENSG00000095059	0.0002449646877723415
ENSG00000140382	0.00024491632959326704
ENSG00000143106	0.0002448682712620005
ENSG00000104856	0.00024475922443810617
ENSG00000101182	0.00024461646211296976
ENSG00000005007	0.0002441026421091455
ENSG00000055332	0.00024398290756592628
ENSG00000079999	0.00024393312206643657
ENSG00000138592	0.00024387037579099273
ENSG00000109606	0.00024384264452149463
ENSG00000132694	0.00024361855257576338
ENSG00000107164	0.00024352250839475238
ENSG00000091879	0.0002433914571847816
ENSG00000092201	0.0002432976188793753
ENSG00000075711	0.00024270954964195296
ENSG00000274391	0.00024260081211409406
ENSG00000168412	0.0002424338861315983
ENSG00000147065	0.00024220952822398448
ENSG00000108654	0.00024204161372540337
ENSG00000144749	0.00024200322729561128
ENSG00000085415	0.00024197675392511334
ENSG00000110934	0.00024168250224920163
ENSG00000158402	0.00024152104250797554
ENSG00000180210	0.00024141079677879947
ENSG00000115216	0.00024127434208449892
ENSG00000065526	0.00024127061696238943
ENSG00000094880	0.00024117030652655563
ENSG00000130779	0.00024113429728173376
ENSG00000115053	0.00024111052573752583
ENSG00000122778	0.000240984068876302
ENSG00000072110	0.00024028285855624818
ENSG00000108587	0.00024017804736737908
ENSG00000142627	0.00024000782887884255
ENSG00000116044	0.00023994298959514955
ENSG00000021826	0.00023991335365194726
ENSG00000050820	0.00023972405977781006
ENSG00000113318	0.0002397126918821697
ENSG00000140988	0.00023966935465759406
ENSG00000266094	0.00023949425081125028
ENSG00000157349	0.00023934174550828836
ENSG00000168421	0.0002392057964084294
ENSG00000185009	0.0002390271451766633
ENSG00000133030	0.00023889937953441883
ENSG00000163219	0.00023881801394859937
ENSG00000179934	0.00023843341236489052
ENSG00000140992	0.00023816369594356637
ENSG00000110321	0.00023797579510389364
ENSG00000175325	0.00023775132431576136
ENSG00000157110	0.00023749774297028776
ENSG00000148053	0.00023730526182479296
ENSG00000013725	0.0002367278496043146
ENSG00000120738	0.00023669725070040126
ENSG00000163565	0.00023647610935644431
ENSG00000177425	0.00023610440205468246
ENSG00000284915	0.00023610416907334539
ENSG00000170365	0.00023569170404945288
ENSG00000187605	0.00023568029643202155
ENSG00000067596	0.00023542847627628768
ENSG00000176884	0.00023509783009529917
ENSG00000004399	0.00023504214102719627
ENSG00000083168	0.00023493581191852487
ENSG00000104760	0.00023487040660528712
ENSG00000132341	0.0002348657547465023
ENSG00000175197	0.00023471968085027922
ENSG00000134954	0.0002344901878753743
ENSG00000136937	0.00023447173315835175
ENSG00000183337	0.00023446195006885664
ENSG00000158717	0.0002340435759171145
ENSG00000166068	0.00023395318459926064
ENSG00000178999	0.00023375881475521307
ENSG00000135624	0.0002337181102100205
ENSG00000163568	0.0002334895860506106
ENSG00000176165	0.0002334748575404589
ENSG00000149532	0.00023344146148840053
ENSG00000183072	0.0002334371964415067
ENSG00000100503	0.0002334104761928118
ENSG00000172936	0.00023312241076467403
ENSG00000149781	0.00023304947543238244
ENSG00000106211	0.00023288101111928122
ENSG00000100614	0.00023267647700001026
ENSG00000182979	0.00023264393141517035
ENSG00000066294	0.00023263960788726088
ENSG00000123983	0.00023257889618942602
ENSG00000130635	0.00023244313256043917
ENSG00000119397	0.00023241489706948734
ENSG00000166862	0.00023221143309586103
ENSG00000106089	0.00023188387357254143
ENSG00000117394	0.00023174822320130693
ENSG00000168002	0.00023158162305255396
ENSG00000055917	0.00023115797638702457
ENSG00000173372	0.0002311365904352393
ENSG00000081913	0.00023059672970512717
ENSG00000163519	0.00023058254192375049
ENSG00000153563	0.00022999023906835383
ENSG00000204086	0.00022990436369296847
ENSG00000197102	0.0002295236254366371
ENSG00000070371	0.00022947410371860962
ENSG00000102038	0.0002292870791067189
ENSG00000100351	0.00022926661939787546
ENSG00000171552	0.00022914442630335452
ENSG00000197386	0.00022906678096610287
ENSG00000133818	0.00022901181556397697
ENSG00000089639	0.00022899597210122234
ENSG00000125266	0.00022890104713250368
ENSG00000026950	0.00022873518840973157
ENSG00000084774	0.0002285011784168232
ENSG00000166579	0.00022844935340039468
ENSG00000116128	0.00022840772961308013
ENSG00000169813	0.00022830534453453593
ENSG00000135457	0.00022777899751719158
ENSG00000135605	0.0002276665440334449
ENSG00000163635	0.00022762708381049763
ENSG00000051523	0.0002275039548598259
ENSG00000163877	0.00022748844586172322
ENSG00000101126	0.0002273971902028753
ENSG00000153827	0.00022730915495212744
ENSG00000121892	0.00022728436177683566
ENSG00000100425	0.00022727470864192896
ENSG00000105392	0.00022716091590122892
ENSG00000164283	0.00022706007668546897
ENSG00000087152	0.00022693119309738727
ENSG00000122958	0.00022689050472905363
ENSG00000147804	0.0002268452313652822
ENSG00000137822	0.00022681068763329433
ENSG00000146872	0.0002267848766773576
ENSG00000092199	0.00022677048670780687
ENSG00000157933	0.0002266715137741741
ENSG00000145907	0.00022651493348725872
ENSG00000142937	0.00022635143838608716
ENSG00000142507	0.00022624300689426868
ENSG00000108468	0.00022595881692687278
ENSG00000150760	0.0002255645461439147
ENSG00000172216	0.00022537534944347396
ENSG00000132964	0.00022532519869401685
ENSG00000171094	0.00022532490543227435
ENSG00000066032	0.00022529235380632856
ENSG00000104412	0.00022524665866406482
ENSG00000129450	0.00022517430423891476
ENSG00000127955	0.00022512972500264675
ENSG00000075856	0.00022483672043861476
ENSG00000078674	0.0002243963569946994
ENSG00000035403	0.00022436166699615082
ENSG00000278463	0.00022418487642770135
ENSG00000167553	0.000223968754839962
ENSG00000173548	0.00022388273424708388
ENSG00000141582	0.00022330735869987173
ENSG00000179094	0.00022317231215918953
ENSG00000216490	0.00022313469878785066
ENSG00000138798	0.00022305550915619306
ENSG00000256525	0.00022285979946155086
ENSG00000164164	0.00022268114835228016
ENSG00000198646	0.0002225241304186118
ENSG00000167613	0.00022251782201931515
ENSG00000197471	0.00022247264578897599
ENSG00000143153	0.0002222711787728353
ENSG00000140853	0.00022223413377284954
ENSG00000162511	0.0002219491873645878
ENSG00000179348	0.00022150994928027225
ENSG00000213281	0.00022133569411377242
ENSG00000139193	0.00022100701182550824
ENSG00000185787	0.00022094451599705364
ENSG00000172845	0.00022093277534258163
ENSG00000196411	0.00022044915209690945
ENSG00000081189	0.00022044344053900552
ENSG00000121022	0.00022034876807083557
ENSG00000165219	0.00022004685003042083
ENSG00000197943	0.00021975494171843103
ENSG00000189403	0.0002191521877585786
ENSG00000111701	0.00021903050907964302
ENSG00000136758	0.00021886261698180037
ENSG00000115839	0.00021872522731583024
ENSG00000139350	0.00021850131512364976
ENSG00000121903	0.0002184226085147585
ENSG00000065243	0.0002182130937172722
ENSG00000204843	0.00021810683618744543
ENSG00000167110	0.00021800295233572752
ENSG00000076928	0.00021793803881435523
ENSG00000184009	0.00021793751949324635
ENSG00000158290	0.00021778357416300486
ENSG00000065978	0.00021757605578887897
ENSG00000235107	0.00021754842371282914
ENSG00000197323	0.00021752956982170073
ENSG00000126934	0.0002175027172347567
ENSG00000100142	0.00021750235535772112
ENSG00000166478	0.00021747464248136178
ENSG00000117222	0.0002174699423172499
ENSG00000144566	0.00021746805920342164
ENSG00000125826	0.00021731744866549922
ENSG00000110330	0.00021698873865413757
ENSG00000186660	0.0002169843768988004
ENSG00000168646	0.0002169528191953942
ENSG00000166266	0.0002169156760500021
ENSG00000119684	0.00021689544197630575
ENSG00000138964	0.00021680260692578208
ENSG00000086827	0.0002166219590275873
ENSG00000101082	0.00021641305893710483
ENSG00000236177	0.00021618429445467716
ENSG00000008018	0.00021612688205030375
ENSG00000072958	0.00021606617232419325
ENSG00000080839	0.0002160541337471728
ENSG00000196712	0.00021575498815097483
ENSG00000050628	0.00021544464402747574
ENSG00000106799	0.00021538620365924442
ENSG00000114978	0.0002153485924127084
ENSG00000114956	0.00021501908950351365
ENSG00000103363	0.00021496308205820356
ENSG00000061676	0.00021486257215635598
ENSG00000101843	0.00021477107851281378
ENSG00000175899	0.0002147293411629488
ENSG00000143851	0.00021459546400326554
ENSG00000148175	0.00021457916309566534
ENSG00000116473	0.00021455740432128794
ENSG00000148584	0.00021454182085438656
ENSG00000129084	0.00021444060626166835
ENSG00000137309	0.0002142500352819792
ENSG00000168785	0.00021423351094338198
ENSG00000132670	0.0002140935137791834
ENSG00000078304	0.00021408932128480558
ENSG00000105854	0.00021388989814611487
ENSG00000182149	0.0002138443405888748
ENSG00000168283	0.0002138408127856946
ENSG00000213024	0.00021366890239569888
ENSG00000181449	0.0002135670510791793
ENSG00000149136	0.00021346019247061302
ENSG00000198862	0.00021331452478178206
ENSG00000275903	0.00021290965619745643
ENSG00000158869	0.00021266824336321007
ENSG00000234495	0.00021253916285771354
ENSG00000121966	0.00021253322677822393
ENSG00000074266	0.00021224237519482927
ENSG00000009790	0.00021222488135684952
ENSG00000197860	0.00021221433504727187
ENSG00000183091	0.0002122012643243379
ENSG00000167552	0.00021219879688399057
ENSG00000152217	0.00021213851300704348
ENSG00000108821	0.00021208189182292595
ENSG00000166337	0.00021180599134653735
ENSG00000019995	0.00021164564090468064
ENSG00000164078	0.0002116118845413521
ENSG00000186153	0.00021157306723802946
ENSG00000100311	0.00021151775608823316
ENSG00000137752	0.00021145048031449455
ENSG00000046651	0.00021135809257107643
ENSG00000159189	0.00021134472453430443
ENSG00000111877	0.000211327112010595
ENSG00000187391	0.00021124062140254917
ENSG00000030066	0.00021123097725358163
ENSG00000196781	0.00021098385378510746
ENSG00000156052	0.00021065162678801923
ENSG00000009307	0.00021063552471172836
ENSG00000111605	0.00021040460553416404
ENSG00000135407	0.00021036173621494022
ENSG00000142611	0.0002103149853631337
ENSG00000137575	0.00021030985593640785
ENSG00000126778	0.0002102732699671964
ENSG00000144224	0.0002100620358474369
ENSG00000172757	0.00020999317591821783
ENSG00000146670	0.00020960531620013698
ENSG00000153561	0.0002095871385639326
ENSG00000153283	0.00020956111119234419
ENSG00000125845	0.00020922961107058794
ENSG00000147274	0.00020920408210528004
ENSG00000129514	0.00020916682562033606
ENSG00000066455	0.00020914283331089267
ENSG00000134698	0.00020907201305651117
ENSG00000155657	0.00020898481780942823
ENSG00000143321	0.00020887059491216196
ENSG00000107831	0.00020886103145130097
ENSG00000188994	0.0002087155468174445
ENSG00000240508	0.00020856166846480167
ENSG00000127152	0.00020844063603717215
ENSG00000024048	0.0002082525268285669
ENSG00000213658	0.00020820575014504806
ENSG00000166747	0.00020803311292198594
ENSG00000116560	0.00020797382674101023
ENSG00000108510	0.0002079731498537112
ENSG00000116918	0.0002079170032566801
ENSG00000048649	0.00020777394452893544
ENSG00000085185	0.00020773428841014754
ENSG00000105221	0.00020771784288299737
ENSG00000107175	0.00020769143757665644
ENSG00000020922	0.0002076880899896417
ENSG00000134899	0.00020758359231783314
ENSG00000131508	0.00020742925622626348
ENSG00000196914	0.00020707026293497727
ENSG00000170248	0.0002069871723950518
ENSG00000124422	0.0002069738377843188
ENSG00000100697	0.0002069704573665056
ENSG00000073282	0.00020677097702025168
ENSG00000104969	0.00020640021612913626
ENSG00000186074	0.00020610653421614583
ENSG00000033327	0.00020589189905939853
ENSG00000203747	0.00020579394991491627
ENSG00000164379	0.00020552804110004846
ENSG00000065618	0.00020539483550601614
ENSG00000137814	0.00020537648587535802
ENSG00000203852	0.0002052188837723391
ENSG00000213923	0.00020506555158022875
ENSG00000084093	0.0002050485612326985
ENSG00000128340	0.00020497660019870093
ENSG00000162739	0.00020487727292112744
ENSG00000157077	0.000204725086642695
ENSG00000077380	0.0002045729701275133
ENSG00000169231	0.00020455360102711464
ENSG00000153233	0.00020447550988059683
ENSG00000175029	0.00020432028836500944
ENSG00000157020	0.00020431636846977405
ENSG00000077080	0.00020430445518069054
ENSG00000100567	0.000203837983041494
ENSG00000168090	0.00020345352307110372
ENSG00000026751	0.00020342711712774162
ENSG00000064012	0.00020328294374339072
ENSG00000180353	0.0002032350197278842
ENSG00000087266	0.00020306194648244836
ENSG00000142634	0.00020304973984943312
ENSG00000115956	0.00020293807874626152
ENSG00000155827	0.000202788060169793
ENSG00000197771	0.00020272489341886254
ENSG00000135720	0.00020269335925859715
ENSG00000174371	0.00020268613933938288
ENSG00000189091	0.00020259165673279194
ENSG00000137076	0.00020257218914411604
ENSG00000158805	0.00020249043433948202
ENSG00000093000	0.00020244744426536445
ENSG00000124664	0.00020216502605872942
ENSG00000071539	0.0002021087529919602
ENSG00000187498	0.00020198028476529263
ENSG00000114742	0.00020182747583791374
ENSG00000099995	0.0002017908188230734
ENSG00000080815	0.00020175755738558766
ENSG00000011485	0.0002015885347348128
ENSG00000136930	0.0002013415797219392
ENSG00000162676	0.00020124519240605305
ENSG00000171566	0.00020120575535973945
ENSG00000167491	0.0002012047551072894
ENSG00000147140	0.00020095018266425263
ENSG00000102287	0.00020063182864679658
ENSG00000109171	0.0002003492255478386
ENSG00000160654	0.00019970797895876928
ENSG00000021776	0.00019962484261495874
ENSG00000157456	0.00019962180833440392
ENSG00000172354	0.00019962068030303476
ENSG00000041357	0.0001996085858865153
ENSG00000118689	0.00019939322625420124
ENSG00000079134	0.00019931943421961366
ENSG00000156970	0.00019915950693624276
ENSG00000162409	0.0001990979129638347
ENSG00000112739	0.00019907830869441494
ENSG00000178104	0.00019897631719392557
ENSG00000089094	0.00019885691040139148
ENSG00000120696	0.00019879698767555272
ENSG00000073584	0.00019876350596369222
ENSG00000149273	0.0001987029141575359
ENSG00000131791	0.0001986438408538235
ENSG00000002330	0.00019857468541977386
ENSG00000166181	0.00019856096539516444
ENSG00000089234	0.00019818349029834858
ENSG00000136715	0.0001981573358285615
ENSG00000123329	0.00019787993725158307
ENSG00000135655	0.00019774293080550179
ENSG00000181852	0.00019773277171582397
ENSG00000125398	0.00019764807796089707
ENSG00000131165	0.00019752584209446563
ENSG00000105383	0.00019748657822756316
ENSG00000068383	0.0001974073336570707
ENSG00000160789	0.00019738145886752238
ENSG00000146731	0.000197352813993097
ENSG00000162747	0.00019707569615870258
ENSG00000112658	0.00019705782355453272
ENSG00000115145	0.00019704802427423812
ENSG00000110367	0.00019700570023884582
ENSG00000160185	0.0001969751825455938
ENSG00000004468	0.00019675816295533082
ENSG00000137154	0.00019653306303876777
ENSG00000025800	0.00019637905551291482
ENSG00000124356	0.00019628916113176726
ENSG00000185130	0.00019605799022358398
ENSG00000108375	0.00019602874114718765
ENSG00000170315	0.0001958623550818819
ENSG00000196159	0.00019586010271931953
ENSG00000167085	0.00019576596938693583
ENSG00000112039	0.00019565633184303834
ENSG00000129691	0.00019554238785289687
ENSG00000152455	0.0001954170451149264
ENSG00000067606	0.00019540149936877812
ENSG00000126067	0.000195319464886215
ENSG00000183386	0.00019525604433156678
ENSG00000123610	0.00019523052310556335
ENSG00000221978	0.0001946436667653668
ENSG00000205413	0.00019464294953442225
ENSG00000266338	0.00019454158600372125
ENSG00000107890	0.00019451896023862852
ENSG00000116106	0.00019444218907103568
ENSG00000048471	0.0001944119839375879
ENSG00000164109	0.0001942128783379729
ENSG00000163161	0.00019418422614827838
ENSG00000110514	0.00019405712949698397
ENSG00000074755	0.00019393035182222238
ENSG00000139636	0.0001938866341991547
ENSG00000066044	0.00019378526215642938
ENSG00000232810	0.00019365541303109692
ENSG00000100485	0.00019320267619525415
ENSG00000074603	0.00019307741977341494
ENSG00000172349	0.00019301417940560884
ENSG00000027869	0.00019274314726260916
ENSG00000178919	0.0001925109686375771
ENSG00000067900	0.0001923261328529955
ENSG00000101115	0.00019224872258555552
ENSG00000070495	0.0001921177419750207
ENSG00000036828	0.00019206903639037626
ENSG00000107651	0.0001918672657639035
ENSG00000198176	0.00019181692855091114
ENSG00000089012	0.00019155375037028304
ENSG00000130725	0.00019153475070165135
ENSG00000123095	0.0001913975518003427
ENSG00000159459	0.00019129550978127564
ENSG00000118217	0.00019111766769835432
ENSG00000186566	0.00019109172992071464
ENSG00000154945	0.0001909075840785965
ENSG00000049759	0.00019080876735905552
ENSG00000107581	0.00019051288431941486
ENSG00000186174	0.00019044288387870054
ENSG00000169714	0.00019024309303265204
ENSG00000131023	0.0001902112078143686
ENSG00000129991	0.00019011130947495865
ENSG00000034152	0.00019008708364655428
ENSG00000011422	0.00019004872061970587
ENSG00000168538	0.00019001218658261528
ENSG00000047579	0.0001897769484534123
ENSG00000011454	0.00018963109818786317
ENSG00000074219	0.0001896124383405136
ENSG00000259207	0.0001896113060367654
ENSG00000171208	0.0001895936967720223
ENSG00000143549	0.00018956656307616022
ENSG00000164508	0.0001894938723333236
ENSG00000163960	0.00018930021055570798
ENSG00000269858	0.000189271980107537
ENSG00000175582	0.0001892129065844902
ENSG00000144028	0.0001890468125898121
ENSG00000127838	0.00018903955978851004
ENSG00000145414	0.00018886241374402465
ENSG00000130158	0.00018886078354963244
ENSG00000129221	0.00018885270368001607
ENSG00000015171	0.00018881503968243578
ENSG00000006788	0.00018879109409838788
ENSG00000174243	0.00018878430299220563
ENSG00000164885	0.00018871744868955294
ENSG00000125977	0.00018858413113551924
ENSG00000140577	0.0001885526035125471
ENSG00000221983	0.00018854901899687115
ENSG00000055208	0.0001885219176186021
ENSG00000133884	0.0001884864559322354
ENSG00000099940	0.00018846231656522152
ENSG00000140521	0.00018844829263758874
ENSG00000174483	0.00018842986064570604
ENSG00000090989	0.00018830355102801292
ENSG00000008838	0.00018822821341804263
ENSG00000257017	0.00018817957316369488
ENSG00000105722	0.00018815893036847726
ENSG00000183579	0.0001881235298438222
ENSG00000072401	0.00018808945876095398
ENSG00000275885	0.0001880490468461518
ENSG00000136436	0.0001880108046059205
ENSG00000155926	0.00018790031839783751
ENSG00000189056	0.0001878557616716254
ENSG00000126070	0.00018783570954003837
ENSG00000135999	0.00018777062382544364
ENSG00000168702	0.0001877006386846163
ENSG00000152270	0.0001876932444936001
ENSG00000109819	0.00018754838227646417
ENSG00000235568	0.00018753727083513258
ENSG00000188419	0.00018742723189242626
ENSG00000188554	0.0001872394211876191
ENSG00000100055	0.00018717889808532733
ENSG00000128585	0.00018702171664552715
ENSG00000095787	0.00018701657217425071
ENSG00000142875	0.000186944474064253
ENSG00000129474	0.00018685943254341918
ENSG00000101109	0.00018685751609645595
ENSG00000013810	0.0001868571282702401
ENSG00000139218	0.0001867076887278161
ENSG00000138109	0.00018667957829307522
ENSG00000180096	0.00018662424881096663
ENSG00000089356	0.00018661471650598243
ENSG00000152291	0.0001865563727261567
ENSG00000177963	0.0001863094343085653
ENSG00000095794	0.0001862643670506577
ENSG00000171435	0.00018608150055720647
ENSG00000006468	0.0001858605273946998
ENSG00000153107	0.00018573149684110386
ENSG00000116039	0.00018568022198934596
ENSG00000115241	0.00018563863826534744
ENSG00000010295	0.00018559298830472752
ENSG00000197170	0.00018555164690375764
ENSG00000281324	0.0001854657100733094
ENSG00000118271	0.00018546126526937034
ENSG00000149269	0.00018544586021721168
ENSG00000150347	0.0001853614360080752
ENSG00000204316	0.00018521145819184976
ENSG00000183431	0.00018508404496659318
ENSG00000101347	0.00018506039879076977
ENSG00000196455	0.00018498844396833751
ENSG00000026103	0.00018493557831430842
ENSG00000167207	0.00018477741035865885
ENSG00000123154	0.00018475212254177523
ENSG00000115935	0.0001847417724093413
ENSG00000119318	0.00018463799347742468
ENSG00000167578	0.00018461171461946871
ENSG00000101811	0.00018458287992261744
ENSG00000101413	0.00018448449642902905
ENSG00000087088	0.0001844589511903786
ENSG00000198700	0.00018437129809558838
ENSG00000151694	0.00018432596671868242
ENSG00000102226	0.0001842490109148519
ENSG00000139292	0.0001840821305760689
ENSG00000156127	0.00018401501058170881
ENSG00000140623	0.0001839550448806102
ENSG00000115561	0.0001839302949527927
ENSG00000154582	0.0001839105090643584
ENSG00000149554	0.000183859141632377
ENSG00000110876	0.00018376994285101443
ENSG00000091409	0.0001837196935004748
ENSG00000061938	0.00018362438696393365
ENSG00000104852	0.0001836182751086895
ENSG00000273703	0.00018360983556559845
ENSG00000184357	0.0001835908068496143
ENSG00000136875	0.00018345755319066102
ENSG00000160349	0.00018326496952604987
ENSG00000108061	0.0001832090210766071
ENSG00000198382	0.00018301039518387648
ENSG00000274442	0.00018295804038972568
ENSG00000122008	0.00018293072641056878
ENSG00000125730	0.00018292664513462544
ENSG00000116852	0.00018279695996605935
ENSG00000198822	0.0001827745564577329
ENSG00000163636	0.0001825838335468594
ENSG00000183283	0.00018251230382041665
ENSG00000125991	0.0001825097710284204
ENSG00000105176	0.00018247381341840205
ENSG00000221829	0.00018234879464691352
ENSG00000171992	0.0001822463835159671
ENSG00000198399	0.00018214285788835385
ENSG00000120438	0.00018214087501291153
ENSG00000034713	0.00018213575082530272
ENSG00000012817	0.00018210396824584613
ENSG00000079785	0.00018184428920559802
ENSG00000186472	0.0001818156954968132
ENSG00000153208	0.00018177182540712192
ENSG00000114450	0.00018175247218632943
ENSG00000175073	0.00018170598941556792
ENSG00000095139	0.00018164924931961615
ENSG00000221823	0.00018134491861346866
ENSG00000166326	0.0001812214517186609
ENSG00000196090	0.0001810529022123547
ENSG00000123349	0.0001808428232007332
ENSG00000163466	0.0001807691498882946
ENSG00000179218	0.00018076794171884803
ENSG00000232045	0.00018076383601646172
ENSG00000058272	0.00018073620121836296
ENSG00000148700	0.00018068856182557576
ENSG00000182473	0.00018062807136259753
ENSG00000134313	0.00018035639316601722
ENSG00000131196	0.000180220153311534
ENSG00000177613	0.00018018503085264577
ENSG00000198681	0.00018005921485023674
ENSG00000111664	0.0001799974906162599
ENSG00000114354	0.0001799961793684811
ENSG00000128908	0.0001799151022179502
ENSG00000185482	0.0001798596781085301
ENSG00000185479	0.00017984866860351826
ENSG00000125818	0.00017983058789606572
ENSG00000138757	0.0001797193385449446
ENSG00000121594	0.00017964455391599108
ENSG00000119402	0.00017956465853243703
ENSG00000130706	0.00017948706445554234
ENSG00000171824	0.00017937146305230077
ENSG00000123268	0.0001793355114693757
ENSG00000188846	0.0001792157137434755
ENSG00000126456	0.0001789590138892925
ENSG00000111321	0.0001789053465031442
ENSG00000213190	0.00017880542893157467
ENSG00000213398	0.00017867410060917372
ENSG00000221914	0.00017862241478749496
ENSG00000074319	0.00017862031001333816
ENSG00000276410	0.00017860751854349225
ENSG00000175390	0.00017860111492338357
ENSG00000100242	0.00017855471114918342
ENSG00000122068	0.00017854928416431536
ENSG00000182054	0.0001785392424158905
ENSG00000126945	0.00017849959496850636
ENSG00000124171	0.00017836014162789205
ENSG00000253873	0.00017832064126356014
ENSG00000143228	0.00017812728598078954
ENSG00000144381	0.00017806786996275937
ENSG00000184260	0.00017803461893148965
ENSG00000135063	0.00017802594237902657
ENSG00000124302	0.00017800662940776351
ENSG00000126216	0.00017796715042163805
ENSG00000181847	0.00017792863385217736
ENSG00000037280	0.000177687207602934
ENSG00000174953	0.0001776121772090238
ENSG00000130803	0.00017742302427953505
ENSG00000163349	0.00017737862852536867
ENSG00000185247	0.0001769516855476803
ENSG00000069329	0.0001768078992004808
ENSG00000127947	0.0001767666487237203
ENSG00000114013	0.00017672553828919273
ENSG00000105085	0.0001766255743880483
ENSG00000077254	0.00017642720075462603
ENSG00000225950	0.00017642441236358051
ENSG00000281221	0.0001763717136302247
ENSG00000144231	0.0001763069282954784
ENSG00000176248	0.00017625707951317028
ENSG00000113108	0.0001761181404304628
ENSG00000162607	0.00017609731391253201
ENSG00000131381	0.00017595331458127288
ENSG00000135097	0.00017578463589301742
ENSG00000047932	0.00017577828259045318
ENSG00000269556	0.0001756615113300266
ENSG00000168883	0.00017562087283431766
ENSG00000155561	0.0001756066601631276
ENSG00000186919	0.0001755779657324396
ENSG00000136381	0.0001755288013375992
ENSG00000174130	0.000175507944877741
ENSG00000085563	0.00017543811696657722
ENSG00000152689	0.00017542764887886408
ENSG00000105810	0.00017541356267861808
ENSG00000120948	0.00017535089387949118
ENSG00000087274	0.00017528152490679086
ENSG00000167286	0.0001752341848687654
ENSG00000149308	0.00017521872505239843
ENSG00000143337	0.00017517956960122025
ENSG00000146021	0.0001751532429266706
ENSG00000244462	0.00017510642169555588
ENSG00000164105	0.00017508057423321947
ENSG00000145632	0.0001750298014262915
ENSG00000196199	0.0001749655419799962
ENSG00000117090	0.00017493598719377923
ENSG00000111537	0.00017492734143361672
ENSG00000163468	0.0001749106015098485
ENSG00000163600	0.00017482667878554646
ENSG00000198561	0.0001748227090457568
ENSG00000171475	0.00017473212014106719
ENSG00000163625	0.0001744760484179114
ENSG00000151849	0.0001744099361142583
ENSG00000106948	0.00017433848385826477
ENSG00000258947	0.0001743060396163783
ENSG00000008256	0.00017427651604387835
ENSG00000158545	0.00017417258718470686
ENSG00000134690	0.00017409991435224343
ENSG00000124466	0.00017409614814105882
ENSG00000161800	0.00017405893634378294
ENSG00000064393	0.0001740219778488877
ENSG00000134852	0.00017401770973726491
ENSG00000166507	0.0001739560971656587
ENSG00000145216	0.00017390765528271652
ENSG00000186818	0.0001738539717786741
ENSG00000140829	0.00017384909723703977
ENSG00000099381	0.0001738435049788921
ENSG00000145817	0.0001737950265349126
ENSG00000084733	0.0001737509831627348
ENSG00000125970	0.00017371753944249514
ENSG00000178562	0.00017368712022039848
ENSG00000169313	0.0001736647753593253
ENSG00000166164	0.00017364938388269365
ENSG00000154473	0.000173480288050178
ENSG00000145604	0.000173457529820542
ENSG00000185963	0.0001734414445030779
ENSG00000143621	0.00017339952043556918
ENSG00000183020	0.00017330629405319398
ENSG00000145335	0.0001732904958373662
ENSG00000113303	0.0001731746071148293
ENSG00000165417	0.00017293627469420111
ENSG00000061273	0.00017251528688642416
ENSG00000147082	0.00017250008911361448
ENSG00000078140	0.00017241449629671205
ENSG00000184343	0.0001723327881338533
ENSG00000078808	0.00017211822559924926
ENSG00000109079	0.00017197901057055057
ENSG00000138134	0.00017194747139016438
ENSG00000143947	0.0001718970919308174
ENSG00000185722	0.00017189608165476427
ENSG00000105364	0.00017179573548847614
ENSG00000096060	0.0001717707682311909
ENSG00000110497	0.00017174359285077552
ENSG00000137462	0.00017166986073781747
ENSG00000283780	0.00017165685894203204
ENSG00000117360	0.00017160066646837265
ENSG00000125484	0.00017159028647329997
ENSG00000068489	0.00017151374705314686
ENSG00000198033	0.00017146908052021148
ENSG00000186716	0.0001714512938764324
ENSG00000100324	0.00017138146041853464
ENSG00000170296	0.00017134437324068514
ENSG00000115306	0.00017129122690412896
ENSG00000137265	0.00017126325193108705
ENSG00000029725	0.00017125107171860648
ENSG00000126351	0.00017123634657594845
ENSG00000112282	0.00017119638796158964
ENSG00000159363	0.00017106789303570122
ENSG00000160867	0.00017093813018180694
ENSG00000089902	0.0001708629256045908
ENSG00000047410	0.00017081235586234947
ENSG00000119414	0.00017052655003407487
ENSG00000129083	0.00017048651973827373
ENSG00000091972	0.00017037965830862177
ENSG00000090382	0.00017023416660373258
ENSG00000136045	0.00016980571450775643
ENSG00000005175	0.00016977883640685462
ENSG00000122692	0.00016976515151925892
ENSG00000124214	0.00016974899980760316
ENSG00000113658	0.00016971196342103809
ENSG00000123384	0.0001694896910034316
ENSG00000175216	0.00016931030616780684
ENSG00000281877	0.0001692839737320668
ENSG00000104435	0.00016925407716603642
ENSG00000114867	0.00016915552324400465
ENSG00000102977	0.00016913922966351367
ENSG00000182162	0.00016905794019722245
ENSG00000120217	0.00016879590058444134
ENSG00000100836	0.00016868813454192676
ENSG00000116016	0.00016855476814681724
ENSG00000198223	0.0001685295904165679
ENSG00000277401	0.00016838349153278445
ENSG00000215021	0.00016822549162688973
ENSG00000146535	0.00016807502155161136
ENSG00000120616	0.00016801816208359316
ENSG00000119541	0.00016800355072199889
ENSG00000162736	0.00016797288002348741
ENSG00000131095	0.00016795618367865874
ENSG00000113300	0.0001678365356222807
ENSG00000079387	0.00016780563847914728
ENSG00000184060	0.00016765342605671156
ENSG00000111641	0.00016765222312730864
ENSG00000100429	0.00016760705662576715
ENSG00000138092	0.00016745634673504683
ENSG00000179776	0.00016736039034468653
ENSG00000101384	0.00016728303898415619
ENSG00000161888	0.00016721883040169813
ENSG00000138755	0.00016716964369188527
ENSG00000181929	0.00016704020502999968
ENSG00000167005	0.00016689024962911653
ENSG00000089009	0.00016682666800042986
ENSG00000169018	0.00016679933236233644
ENSG00000154001	0.0001667564298210211
ENSG00000155508	0.0001667448851302921
ENSG00000171700	0.0001666728107372381
ENSG00000106299	0.00016651718969458866
ENSG00000111801	0.00016644773737422246
ENSG00000116698	0.00016635982647171852
ENSG00000117153	0.00016617791243812816
ENSG00000100201	0.0001661163269353832
ENSG00000180900	0.0001660375023008918
ENSG00000011590	0.00016603696784604335
ENSG00000184216	0.00016600777127683181
ENSG00000182578	0.0001658822421776642
ENSG00000198231	0.00016581703732771732
ENSG00000131473	0.00016577317571300762
ENSG00000156983	0.00016574610597055824
ENSG00000168066	0.00016566828602822836
ENSG00000185800	0.00016529311067510697
ENSG00000117505	0.00016526358041238742
ENSG00000064989	0.00016526141020666317
ENSG00000168395	0.00016511711565276316
ENSG00000118046	0.0001650275848000977
ENSG00000170144	0.00016500591142645506
ENSG00000112685	0.00016488866784526634
ENSG00000137955	0.0001648703756878556
ENSG00000131462	0.0001646469884438443
ENSG00000173762	0.00016463275577591766
ENSG00000141522	0.00016460717864126453
ENSG00000149257	0.0001645086840530545
ENSG00000165506	0.00016428757609532926
ENSG00000101210	0.0001641368076382615
ENSG00000100804	0.0001639957919930896
ENSG00000119596	0.0001639944289758391
ENSG00000264364	0.00016397595268556416
ENSG00000170471	0.00016394122276765298
ENSG00000140525	0.00016381348554820623
ENSG00000127511	0.0001637836441433471
ENSG00000084463	0.00016376947150923278
ENSG00000104738	0.00016374806396555634
ENSG00000019582	0.00016371391986247843
ENSG00000167965	0.0001636166951089966
ENSG00000184481	0.00016353533679677927
ENSG00000131323	0.0001634915510788866
ENSG00000135363	0.00016348660924809011
ENSG00000008128	0.00016340410362262241
ENSG00000198121	0.00016331817365316734
ENSG00000172046	0.00016331226808194595
ENSG00000132466	0.0001631848592830922
ENSG00000166200	0.00016317598873788052
ENSG00000090061	0.00016310669286331397
ENSG00000132824	0.0001630829462928567
ENSG00000011405	0.00016306330059895737
ENSG00000189079	0.00016303307454201181
ENSG00000100902	0.000162934758958456
ENSG00000109756	0.0001628416151531247
ENSG00000054267	0.00016282248709285254
ENSG00000135930	0.00016278949308455806
ENSG00000186470	0.0001626769453586181
ENSG00000085840	0.00016261338790933655
ENSG00000167984	0.000162573458952457
ENSG00000109943	0.0001625329883273896
ENSG00000127824	0.00016220929279971562
ENSG00000081059	0.00016215060897242366
ENSG00000167470	0.00016212244286503133
ENSG00000115484	0.0001620492588631932
ENSG00000174437	0.0001619809115781099
ENSG00000157168	0.000161929180278122
ENSG00000017797	0.0001618196334651164
ENSG00000176774	0.00016181760002333508
ENSG00000104375	0.00016180095145408794
ENSG00000139726	0.00016171795873521413
ENSG00000038945	0.00016168814260260095
ENSG00000167978	0.00016168269147669986
ENSG00000006638	0.0001616057427905144
ENSG00000115207	0.00016156051337134125
ENSG00000135451	0.00016140013560337824
ENSG00000097033	0.00016139509194810516
ENSG00000070756	0.00016127253300552826
ENSG00000176919	0.0001611677867235386
ENSG00000164091	0.0001611139085432094
ENSG00000132388	0.00016110251147527188
ENSG00000137078	0.0001610768378046496
ENSG00000147443	0.0001610582384709082
ENSG00000120526	0.00016097379687857167
ENSG00000078142	0.00016089491947240587
ENSG00000011243	0.00016086302679891
ENSG00000143190	0.00016079711984052372
ENSG00000136709	0.00016074601672420326
ENSG00000125450	0.0001607163555317511
ENSG00000115234	0.0001606160695402328
ENSG00000142945	0.00016054684736963395
ENSG00000170325	0.00016026067114973923
ENSG00000130638	0.00016024614799870835
ENSG00000163029	0.00016021118931231257
ENSG00000171564	0.00016018894537997045
ENSG00000137075	0.00016017362760759447
ENSG00000115020	0.00016015735515076258
ENSG00000172243	0.0001601240445065588
ENSG00000180182	0.00015999919871782892
ENSG00000169679	0.00015972994116622005
ENSG00000169118	0.00015963008186221594
ENSG00000088247	0.00015943083590716527
ENSG00000031823	0.00015943068823374187
ENSG00000182199	0.00015935656208268165
ENSG00000174744	0.0001592561331194884
ENSG00000179222	0.00015915404882330716
ENSG00000112531	0.00015898093472545608
ENSG00000175215	0.0001589013641789687
ENSG00000155313	0.00015887701971013153
ENSG00000149575	0.00015883994928331637
ENSG00000144655	0.0001587197959522417
ENSG00000174780	0.00015871568715046676
ENSG00000119396	0.00015871124672296258
ENSG00000137171	0.00015862290751788094
ENSG00000108349	0.00015849007292231167
ENSG00000117751	0.00015845708318127586
ENSG00000105393	0.00015844111423275146
ENSG00000143569	0.00015843262503014972
ENSG00000173805	0.00015822122529336342
ENSG00000067715	0.00015815429419747387
ENSG00000139112	0.00015806971839636182
ENSG00000161940	0.00015801267053825485
ENSG00000176692	0.00015797734722722986
ENSG00000137177	0.00015793183371093708
ENSG00000063978	0.00015786234600368855
ENSG00000095637	0.0001578324230269578
ENSG00000164305	0.00015782848660388655
ENSG00000129933	0.00015774274980304444
ENSG00000142534	0.000157741202043236
ENSG00000169967	0.00015771519178863283
ENSG00000163875	0.00015767199168452726
ENSG00000168411	0.00015765801435456512
ENSG00000035928	0.00015763288360375527
ENSG00000042429	0.00015762123804512041
ENSG00000071655	0.00015757088256714176
ENSG00000049618	0.000157565589905623
ENSG00000148606	0.000157530435459259
ENSG00000085433	0.00015752721184240852
ENSG00000120693	0.00015752420532886072
ENSG00000105723	0.000157511609062054
ENSG00000273899	0.00015742203472197077
ENSG00000131408	0.00015740748435569765
ENSG00000272886	0.00015734870716096886
ENSG00000088205	0.0001573248109122566
ENSG00000128708	0.00015729885130968003
ENSG00000162231	0.0001572943335929063
ENSG00000114573	0.00015728629953160928
ENSG00000099250	0.00015727610609470147
ENSG00000133895	0.0001571632868225208
ENSG00000087087	0.00015713427748796733
ENSG00000150753	0.00015713254879519956
ENSG00000136931	0.00015703924964908752
ENSG00000145388	0.00015701798223492753
ENSG00000124813	0.00015698992304738154
ENSG00000146094	0.0001569629818457405
ENSG00000143632	0.00015692152591516604
ENSG00000125779	0.0001569115217531595
ENSG00000183765	0.00015685721366626124
ENSG00000170606	0.00015683936782143006
ENSG00000110906	0.00015674863803437328
ENSG00000277564	0.00015674036561408766
ENSG00000111596	0.00015671451861191333
ENSG00000134686	0.0001567133663596773
ENSG00000105229	0.00015666972990380982
ENSG00000183475	0.0001564576710179969
ENSG00000164548	0.00015636755047797297
ENSG00000090924	0.0001563549908769759
ENSG00000159592	0.0001563288582411626
ENSG00000171634	0.00015628630735351596
ENSG00000288325	0.00015613167711829115
ENSG00000168438	0.0001560602911228193
ENSG00000198900	0.0001560097408518585
ENSG00000163909	0.00015598068448567206
ENSG00000277273	0.00015588177471338876
ENSG00000170142	0.00015561727533709645
ENSG00000062725	0.00015559379410681144
ENSG00000128159	0.0001555338687144891
ENSG00000124486	0.00015540840771901624
ENSG00000138750	0.00015535074331208168
ENSG00000127314	0.00015501145394854256
ENSG00000111665	0.0001548043275942468
ENSG00000160551	0.00015472813999880652
ENSG00000138095	0.00015471062239305684
ENSG00000100227	0.0001546701565044897
ENSG00000008735	0.00015461684059465418
ENSG00000091622	0.00015457296094511331
ENSG00000156802	0.00015454075711791252
ENSG00000165733	0.0001544687773447998
ENSG00000121152	0.00015443498886640736
ENSG00000110958	0.00015438087620334303
ENSG00000100395	0.000154248170898392
ENSG00000009954	0.00015417788721614706
ENSG00000232575	0.0001541673668741487
ENSG00000119041	0.00015405778299289316
ENSG00000100722	0.0001539075221728275
ENSG00000188425	0.00015388972597785885
ENSG00000115232	0.00015386115514498321
ENSG00000274641	0.00015381402286269365
ENSG00000213347	0.00015380751986509555
ENSG00000150337	0.00015374968107681865
ENSG00000064300	0.00015370021583443723
ENSG00000092531	0.00015362464628623963
ENSG00000224470	0.00015351317406757712
ENSG00000150455	0.00015349918774420444
ENSG00000166508	0.00015348774953464673
ENSG00000096063	0.00015342505639388845
ENSG00000184270	0.00015341612078056025
ENSG00000082175	0.00015332808138470894
ENSG00000276293	0.00015328038234411066
ENSG00000128191	0.00015324122225446058
ENSG00000006062	0.00015318927085720713
ENSG00000143226	0.00015318676437585385
ENSG00000164611	0.00015314181623792434
ENSG00000116288	0.00015312310817859278
ENSG00000111424	0.00015310883817302206
ENSG00000172116	0.00015310410882611732
ENSG00000152683	0.00015309620573779158
ENSG00000284096	0.00015306124772540935
ENSG00000181638	0.00015304451940174548
ENSG00000186766	0.00015294023532267311
ENSG00000116701	0.00015288171027389268
ENSG00000198522	0.0001528542375143031
ENSG00000113368	0.00015285170489527495
ENSG00000111640	0.00015284209530375418
ENSG00000198873	0.00015282942132879807
ENSG00000154914	0.00015263712906388082
ENSG00000120265	0.0001526344294005524
ENSG00000198791	0.0001525877967333849
ENSG00000129493	0.00015255833715526845
ENSG00000164045	0.00015254167799880398
ENSG00000091513	0.0001525406929178568
ENSG00000125755	0.0001525219562929089
ENSG00000263236	0.00015243001546491277
ENSG00000198625	0.00015228076157312967
ENSG00000162923	0.00015222982061239253
ENSG00000131864	0.00015211521074971236
ENSG00000078687	0.00015208622711020557
ENSG00000155438	0.00015207382862767255
ENSG00000147548	0.00015200091225074907
ENSG00000119487	0.00015189520399290756
ENSG00000083312	0.00015168488928947766
ENSG00000171557	0.00015160440909101094
ENSG00000165156	0.00015157558924836764
ENSG00000188342	0.00015149184690960792
ENSG00000110075	0.000151467757150434
ENSG00000213983	0.0001514147527519039
ENSG00000122545	0.00015139867379368048
ENSG00000243137	0.0001513757332310861
ENSG00000166716	0.0001513336432663451
ENSG00000070366	0.0001513317116661467
ENSG00000174343	0.00015133049015520633
ENSG00000137496	0.00015130083340762453
ENSG00000100568	0.0001512975316903748
ENSG00000106976	0.00015125232504047503
ENSG00000121989	0.00015119186493456989
ENSG00000198876	0.000151146107745841
ENSG00000168259	0.00015110190153113442
ENSG00000179151	0.00015108691247142682
ENSG00000090060	0.0001510458491167083
ENSG00000006712	0.0001510059386103818
ENSG00000163599	0.00015100278663868495
ENSG00000100288	0.0001509082040191109
ENSG00000090372	0.00015088560804788962
ENSG00000166855	0.00015076876168696433
ENSG00000011465	0.000150724294878753
ENSG00000105193	0.00015070747048541599
ENSG00000137710	0.00015051042120927072
ENSG00000198373	0.00015047675570189234
ENSG00000011007	0.00015047395243448418
ENSG00000116604	0.00015040765059968946
ENSG00000142731	0.00015036613142625224
ENSG00000196923	0.000150249818656449
ENSG00000143469	0.00015014752969036153
ENSG00000119203	0.00015007804100409432
ENSG00000134242	0.00015003359907489412
ENSG00000151502	0.0001500136332954249
ENSG00000168385	0.00014989720424012453
ENSG00000100028	0.00014989601896115036
ENSG00000164944	0.0001497069011379798
ENSG00000178950	0.0001496922777611722
ENSG00000141030	0.00014958015809905597
ENSG00000174106	0.00014944006391482363
ENSG00000135346	0.00014931125623218207
ENSG00000118900	0.00014922200509279938
ENSG00000180530	0.00014891265335965716
ENSG00000106459	0.00014884716925102863
ENSG00000124795	0.00014867457394425386
ENSG00000140259	0.0001486675785270608
ENSG00000143515	0.00014866599766722395
ENSG00000136897	0.00014863381576278584
ENSG00000104154	0.0001486196823424548
ENSG00000134318	0.00014854485352406658
ENSG00000101665	0.00014853347093508423
ENSG00000107290	0.00014843482871359844
ENSG00000126214	0.000148372261428307
ENSG00000079215	0.00014810946469558353
ENSG00000126583	0.00014808188344958797
ENSG00000009694	0.0001480396449693843
ENSG00000139154	0.00014794454530283143
ENSG00000103168	0.00014790813737014925
ENSG00000122787	0.00014789750010627946
ENSG00000162344	0.00014784621174035085
ENSG00000205250	0.00014767687706977836
ENSG00000049245	0.00014765756962337526
ENSG00000136813	0.00014760807763750775
ENSG00000144233	0.00014760801170669266
ENSG00000163820	0.0001475731716419514
ENSG00000121058	0.00014734760509854656
ENSG00000138768	0.000147341810561187
ENSG00000143387	0.0001473282022821214
ENSG00000124459	0.00014730395497443278
ENSG00000288508	0.00014728799844656952
ENSG00000101849	0.00014723481338466566
ENSG00000239713	0.0001472319211000534
ENSG00000068654	0.00014722106886873174
ENSG00000112081	0.00014721534575080778
ENSG00000054356	0.00014719732765735126
ENSG00000168040	0.00014718891056302906
ENSG00000197646	0.00014717044104962747
ENSG00000119912	0.00014715037082931485
ENSG00000183770	0.00014714939335891774
ENSG00000138663	0.00014688815584095347
ENSG00000186895	0.00014685933616296432
ENSG00000102572	0.00014682250799749307
ENSG00000111880	0.00014675897331586682
ENSG00000121552	0.00014669233297525858
ENSG00000077522	0.00014668049487119304
ENSG00000057657	0.00014666836407514834
ENSG00000227322	0.00014665511649288975
ENSG00000146463	0.00014665477489572286
ENSG00000124216	0.00014659731724541645
ENSG00000173546	0.0001465970031572275
ENSG00000137770	0.00014659697322209745
ENSG00000185652	0.0001465954570712333
ENSG00000149187	0.00014657835923915038
ENSG00000163104	0.00014656931746300308
ENSG00000102003	0.00014653424613037008
ENSG00000109118	0.0001464314755796221
ENSG00000107669	0.00014640634385751754
ENSG00000008869	0.00014640421352586573
ENSG00000110696	0.00014640333762530404
ENSG00000130826	0.00014637543902570985
ENSG00000172322	0.00014633362993330299
ENSG00000162552	0.00014629488134716934
ENSG00000168439	0.00014623942387364703
ENSG00000120868	0.00014617334534498
ENSG00000164483	0.0001460324855838923
ENSG00000135506	0.00014598419750994245
ENSG00000127946	0.00014595429402624203
ENSG00000136026	0.00014594961538463467
ENSG00000105640	0.0001458684804264426
ENSG00000010292	0.00014581427110450028
ENSG00000169592	0.00014565988992903484
ENSG00000025293	0.00014548694198666872
ENSG00000197912	0.0001454857603903355
ENSG00000242028	0.00014542532278158537
ENSG00000176697	0.000145418240619484
ENSG00000188313	0.00014539500719330963
ENSG00000136492	0.00014536220333322163
ENSG00000147677	0.0001453344206472914
ENSG00000133124	0.0001453232760292963
ENSG00000151929	0.0001453078381658225
ENSG00000178084	0.0001452927573574148
ENSG00000203760	0.00014521065485097808
ENSG00000076984	0.0001451269527224772
ENSG00000176903	0.00014511212858138174
ENSG00000136352	0.00014510341324632485
ENSG00000112078	0.00014504658768099634
ENSG00000125798	0.0001450163428421941
ENSG00000116539	0.0001449484134921652
ENSG00000187735	0.00014489412706617696
ENSG00000137656	0.0001448880465139517
ENSG00000167526	0.00014484915123014338
ENSG00000158636	0.00014478420740836383
ENSG00000275023	0.0001447718814394229
ENSG00000185651	0.0001447651479455155
ENSG00000110048	0.00014474196684081576
ENSG00000203879	0.00014467487234809655
ENSG00000163781	0.00014458707440480906
ENSG00000166477	0.00014451494818444298
ENSG00000072201	0.00014447503159326948
ENSG00000151090	0.00014439816135777806
ENSG00000156261	0.000144302842719254
ENSG00000111358	0.00014429383424345062
ENSG00000165891	0.00014427797340620623
ENSG00000214021	0.00014420590662549728
ENSG00000131626	0.00014420238728034575
ENSG00000116717	0.00014419300592740747
ENSG00000011523	0.00014415216689027752
ENSG00000164663	0.00014398922752201966
ENSG00000187079	0.00014397560904176758
ENSG00000113296	0.00014396766288033775
ENSG00000168404	0.00014396194167825462
ENSG00000116489	0.00014396082615128516
ENSG00000118873	0.00014390503103388133
ENSG00000168028	0.0001438814679068368
ENSG00000159140	0.00014386420742035184
ENSG00000101343	0.00014385736058107786
ENSG00000112293	0.00014380968637506164
ENSG00000113522	0.00014380750653203843
ENSG00000004848	0.00014378400167520245
ENSG00000148737	0.00014376362896055702
ENSG00000167461	0.00014368563515999402
ENSG00000140262	0.0001436641884819297
ENSG00000161202	0.00014336705653692373
ENSG00000182831	0.00014331249785542148
ENSG00000103194	0.0001432006740568196
ENSG00000110651	0.00014314453943970194
ENSG00000108599	0.00014313610105663288
ENSG00000107882	0.0001431207917894879
ENSG00000168288	0.00014310623419597172
ENSG00000108395	0.00014303873051655549
ENSG00000145868	0.00014299767385281595
ENSG00000163041	0.00014273593723299337
ENSG00000213782	0.00014272385140996863
ENSG00000082805	0.000142716760676003
ENSG00000134640	0.00014264834968594344
ENSG00000180357	0.00014261172239478072
ENSG00000143882	0.0001426062155694226
ENSG00000105968	0.00014251996226133395
ENSG00000120129	0.00014247787086340877
ENSG00000160181	0.0001424324617002881
ENSG00000167460	0.00014239233087810294
ENSG00000100162	0.0001421772680039654
ENSG00000115760	0.00014216608834992234
ENSG00000239306	0.00014215487728104468
ENSG00000106070	0.00014205663225592524
ENSG00000118434	0.00014203415662423295
ENSG00000102871	0.00014201223721322452
ENSG00000172939	0.00014199169389625188
ENSG00000108559	0.00014190149621024541
ENSG00000064313	0.00014185408159638223
ENSG00000169221	0.0001418471469234031
ENSG00000122566	0.00014184286402001318
ENSG00000135966	0.00014177090288089791
ENSG00000155363	0.00014175069870952164
ENSG00000162367	0.00014173068103132873
ENSG00000175416	0.00014172206507126613
ENSG00000196549	0.00014166655126288455
ENSG00000181704	0.000141625985078783
ENSG00000094804	0.0001415855837752315
ENSG00000183856	0.00014156531804051888
ENSG00000105366	0.0001415089328467522
ENSG00000131236	0.00014145444071669884
ENSG00000149923	0.0001414509266197821
ENSG00000172466	0.0001413788954797666
ENSG00000077463	0.00014136673056565238
ENSG00000172943	0.00014130394347923873
ENSG00000120656	0.00014129182988674145
ENSG00000184432	0.00014120033824161342
ENSG00000163154	0.00014118662347549518
ENSG00000156508	0.0001411378399339133
ENSG00000169550	0.0001411090582191215
ENSG00000179532	0.0001409713798027326
ENSG00000114098	0.00014096119599884155
ENSG00000198752	0.00014078832842051583
ENSG00000100083	0.00014075067503778574
ENSG00000125447	0.00014074590979127659
ENSG00000137807	0.00014059782508003458
ENSG00000166197	0.00014055888682134286
ENSG00000100813	0.00014055755758128716
ENSG00000140600	0.00014051347383503852
ENSG00000112769	0.00014050718387791891
ENSG00000141293	0.00014038094356659243
ENSG00000124574	0.0001402751183139503
ENSG00000102145	0.00014024037823243186
ENSG00000165458	0.00014022781566393834
ENSG00000133193	0.00014022489838594657
ENSG00000079112	0.00014022082229641074
ENSG00000170832	0.00014021449004716178
ENSG00000173889	0.00014019342833872928
ENSG00000171450	0.0001401537058857187
ENSG00000075826	0.00014012899880597944
ENSG00000077147	0.00014012641513721415
ENSG00000157554	0.00014010615088507687
ENSG00000162645	0.00014008100103859227
ENSG00000006128	0.00014002092498936338
ENSG00000143436	0.00013999291344059608
ENSG00000171100	0.00013993570083673575
ENSG00000082397	0.0001399314483406258
ENSG00000174799	0.00013991368230065667
ENSG00000138696	0.00013989374182202385
ENSG00000183668	0.00013989285715526172
ENSG00000077097	0.00013977853169050514
ENSG00000106682	0.00013976930106912426
ENSG00000161960	0.00013974499579085626
ENSG00000111540	0.00013965432665456328
ENSG00000105676	0.00013951777532620124
ENSG00000100365	0.00013950294192276286
ENSG00000131051	0.00013935264391301745
ENSG00000157510	0.00013935034251475812
ENSG00000131263	0.00013934715865304223
ENSG00000176986	0.00013931406396489463
ENSG00000122218	0.00013926658763345777
ENSG00000124614	0.00013926266376583106
ENSG00000138180	0.0001392412458724372
ENSG00000075568	0.00013923031347243468
ENSG00000093009	0.00013921858913383398
ENSG00000119953	0.00013921019923359345
ENSG00000177889	0.0001391758512034052
ENSG00000163798	0.00013914910732057368
ENSG00000119616	0.0001391303035817349
ENSG00000113327	0.00013908272263899154
ENSG00000108506	0.0001390538050968293
ENSG00000138686	0.00013900619326981704
ENSG00000131876	0.00013891260654847872
ENSG00000109787	0.00013889598781622494
ENSG00000196313	0.0001388752643254849
ENSG00000196290	0.00013886349188774335
ENSG00000181090	0.0001387552362169036
ENSG00000187672	0.00013869779254582797
ENSG00000023516	0.00013863374641461998
ENSG00000104859	0.00013859815337182295
ENSG00000140943	0.00013857698709167376
ENSG00000155506	0.0001385731708549332
ENSG00000167182	0.00013856590107866332
ENSG00000174943	0.00013852514663792933
ENSG00000178896	0.00013850665904992723
ENSG00000105058	0.00013846268781689424
ENSG00000089225	0.00013842616052940916
ENSG00000158062	0.00013841830228190894
ENSG00000169727	0.00013820178922042703
ENSG00000161996	0.00013818101103400097
ENSG00000112964	0.00013815299324181716
ENSG00000124177	0.00013808255187383717
ENSG00000140465	0.000138082416494857
ENSG00000166925	0.0001380312442861412
ENSG00000054116	0.0001380174982496811
ENSG00000138594	0.00013801636337816268
ENSG00000130699	0.00013800350901068588
ENSG00000151725	0.00013800219820149116
ENSG00000166946	0.00013791926077372406
ENSG00000213079	0.00013787448950727333
ENSG00000180628	0.00013765670655368893
ENSG00000158773	0.00013754340375960532
ENSG00000177200	0.00013753577582972134
ENSG00000197442	0.0001375308080319422
ENSG00000074054	0.0001373185929143229
ENSG00000114302	0.00013723538265887438
ENSG00000007047	0.0001372329544271975
ENSG00000171848	0.00013708780435569063
ENSG00000112576	0.00013703996013146558
ENSG00000120733	0.00013703216159362378
ENSG00000165671	0.00013691053056150675
ENSG00000288453	0.00013682885240520618
ENSG00000144635	0.00013667183110868824
ENSG00000164093	0.0001366474771577584
ENSG00000106723	0.00013658766416895345
ENSG00000112697	0.0001365532836033791
ENSG00000145649	0.00013653081945009713
ENSG00000187239	0.00013647967732105306
ENSG00000092820	0.00013642103017112627
ENSG00000144021	0.00013637654197403549
ENSG00000241343	0.00013635920270019
ENSG00000122224	0.00013631720470584627
ENSG00000082516	0.00013627525891643505
ENSG00000111361	0.00013618667752276323
ENSG00000104320	0.00013618391329728506
ENSG00000160633	0.00013615675653896192
ENSG00000187741	0.0001361483198158829
ENSG00000089597	0.00013609958191814942
ENSG00000163558	0.000136025710311458
ENSG00000107263	0.00013600435902522885
ENSG00000118946	0.00013598645986339999
ENSG00000182963	0.00013578122253054655
ENSG00000157193	0.0001357515561183948
ENSG00000102678	0.0001356134973500891
ENSG00000123473	0.00013550314746200976
ENSG00000166963	0.00013548987244610882
ENSG00000149182	0.00013548317231106707
ENSG00000114904	0.00013547376238794734
ENSG00000124207	0.00013544149776104794
ENSG00000266173	0.00013544001650693193
ENSG00000111737	0.00013543044664355018
ENSG00000135387	0.00013531785606337425
ENSG00000090054	0.00013528795692176773
ENSG00000165480	0.00013527030711415138
ENSG00000145833	0.00013524157757291013
ENSG00000164190	0.0001352393695571428
ENSG00000137845	0.00013523136093099812
ENSG00000005961	0.00013518549512413398
ENSG00000077549	0.0001351778657668138
ENSG00000065613	0.00013512032739751366
ENSG00000148516	0.0001350581460530909
ENSG00000215301	0.00013505489515373302
ENSG00000056586	0.00013499278615946013
ENSG00000170577	0.00013498168880364734
ENSG00000088325	0.00013490479724871885
ENSG00000131778	0.0001349005936070368
ENSG00000156860	0.00013486877087043417
ENSG00000184743	0.00013484866474570073
ENSG00000116809	0.0001348046944240417
ENSG00000142230	0.00013478256189606512
ENSG00000167635	0.00013459898925313445
ENSG00000136874	0.00013448848126466903
ENSG00000205323	0.0001344623627689143
ENSG00000124635	0.00013445755266592156
ENSG00000106290	0.00013444155181386864
ENSG00000113649	0.00013442987393140688
ENSG00000130300	0.00013440722776750935
ENSG00000112763	0.0001343222843776542
ENSG00000100401	0.0001343062120852142
ENSG00000054523	0.00013429973793136388
ENSG00000165392	0.00013429548806317604
ENSG00000187778	0.00013428732709392982
ENSG00000112118	0.00013416570178026565
ENSG00000110169	0.00013404302043049123
ENSG00000065882	0.00013403461864642277
ENSG00000157500	0.00013398758436821407
ENSG00000184613	0.00013398294312500975
ENSG00000071626	0.0001339801005649637
ENSG00000128714	0.00013391754816115882
ENSG00000101158	0.00013377862354712998
ENSG00000148308	0.00013377470593988088
ENSG00000125743	0.0001337635042762209
ENSG00000100941	0.00013374922468821355
ENSG00000175866	0.00013374628590171215
ENSG00000144597	0.00013370496824872017
ENSG00000102981	0.00013363234775360313
ENSG00000073921	0.0001336004793116122
ENSG00000155959	0.00013358138758427419
ENSG00000183741	0.0001335574519529869
ENSG00000105287	0.00013353309906752813
ENSG00000065883	0.0001335208136568176
ENSG00000095261	0.00013351850137787499
ENSG00000143622	0.00013349474021707707
ENSG00000122705	0.0001334271319798833
ENSG00000109471	0.00013338974487608785
ENSG00000079277	0.00013338565451278983
ENSG00000111875	0.00013332631738669054
ENSG00000185085	0.00013331703172102805
ENSG00000169016	0.0001333088828481146
ENSG00000161999	0.00013330878949225814
ENSG00000177463	0.00013328158238731346
ENSG00000023445	0.00013324498951938464
ENSG00000105372	0.00013320350996297265
ENSG00000102096	0.00013319278905643482
ENSG00000165471	0.00013315445419008517
ENSG00000060688	0.00013314225274508638
ENSG00000135100	0.00013312312058583935
ENSG00000113456	0.0001330801118786323
ENSG00000183530	0.00013307008600363157
ENSG00000059758	0.0001330625880143446
ENSG00000181240	0.0001330427430166247
ENSG00000172530	0.00013295544897526376
ENSG00000133059	0.00013295497380156444
ENSG00000138069	0.00013291636490353644
ENSG00000112640	0.00013289605556239743
ENSG00000156873	0.00013287789072122095
ENSG00000163602	0.00013281074705588728
ENSG00000162236	0.00013275606850721264
ENSG00000064961	0.00013273667391083252
ENSG00000089280	0.0001327068662153694
ENSG00000198554	0.00013263240679713064
ENSG00000161016	0.0001326097798643042
ENSG00000110700	0.000132569758099614
ENSG00000115365	0.00013255763811550618
ENSG00000197579	0.0001325110397927088
ENSG00000113088	0.00013249637527025306
ENSG00000138834	0.000132420878079593
ENSG00000168813	0.00013241419226843918
ENSG00000160695	0.0001324107122188287
ENSG00000177485	0.00013239788575883374
ENSG00000274352	0.00013239438103653659
ENSG00000172239	0.00013237518951516754
ENSG00000101003	0.00013227984271729852
ENSG00000108106	0.0001322222356477344
ENSG00000182827	0.00013215934798930232
ENSG00000142864	0.0001321029529713647
ENSG00000048052	0.00013209337892249417
ENSG00000053900	0.00013208234835213465
ENSG00000147124	0.00013194909610490782
ENSG00000130311	0.0001319326498208754
ENSG00000148082	0.00013193027110015789
ENSG00000225201	0.00013189147951356034
ENSG00000113845	0.00013188464902724858
ENSG00000065559	0.00013184649855010888
ENSG00000068394	0.00013174495759527352
ENSG00000164597	0.00013172105970029533
ENSG00000101557	0.0001316526603543128
ENSG00000177105	0.00013164258297445515
ENSG00000198755	0.0001315821632808609
ENSG00000135218	0.00013155681764716475
ENSG00000122406	0.00013154317930515603
ENSG00000066427	0.00013154185639077708
ENSG00000174564	0.00013140012541582478
ENSG00000221995	0.0001313991445275617
ENSG00000136573	0.0001313919541206568
ENSG00000118193	0.00013132559426216127
ENSG00000105063	0.0001313103210516546
ENSG00000052841	0.00013127875627128412
ENSG00000130159	0.00013122930759493202
ENSG00000131374	0.00013118435120975714
ENSG00000138078	0.00013117556037842745
ENSG00000138758	0.00013110718143652733
ENSG00000015676	0.0001310977252216384
ENSG00000146963	0.0001310244250442494
ENSG00000116213	0.00013102360811740888
ENSG00000250506	0.00013100240626693791
ENSG00000196782	0.00013098574068166544
ENSG00000186652	0.00013089710312068627
ENSG00000138767	0.00013082709547697355
ENSG00000169641	0.00013078191453284418
ENSG00000164086	0.0001307763473005565
ENSG00000196296	0.00013076688018373342
ENSG00000055732	0.0001307628128613632
ENSG00000118972	0.00013073107049279238
ENSG00000185960	0.0001307230264922852
ENSG00000108839	0.00013070124452663635
ENSG00000133226	0.00013063425416185058
ENSG00000066027	0.00013063161220411613
ENSG00000181392	0.00013060169474922185
ENSG00000109381	0.0001305648754180281
ENSG00000174442	0.00013053065401315154
ENSG00000132953	0.00013050311099151843
ENSG00000081014	0.00013050250215580184
ENSG00000122484	0.00013047022136751928
ENSG00000121741	0.00013037534281894498
ENSG00000102189	0.0001303727204908932
ENSG00000261371	0.00013029456517478795
ENSG00000137760	0.0001302817723848823
ENSG00000144857	0.00013026341918524244
ENSG00000117091	0.00013023845602387466
ENSG00000118503	0.00013018806166905747
ENSG00000064703	0.00013013607861053574
ENSG00000162402	0.00013011209442233724
ENSG00000113889	0.00013004165677077046
ENSG00000162961	0.00012998665483072907
ENSG00000110344	0.0001298797757553149
ENSG00000128272	0.00012979504401950336
ENSG00000133216	0.0001297726696854451
ENSG00000160218	0.0001296796274974691
ENSG00000188782	0.00012965567732861822
ENSG00000265241	0.00012953066909153266
ENSG00000175063	0.00012948595199025213
ENSG00000170242	0.000129404564318408
ENSG00000102100	0.00012940201078326358
ENSG00000169604	0.00012936039244318268
ENSG00000124882	0.00012932482540383493
ENSG00000109805	0.0001292022118180154
ENSG00000130227	0.0001291962886446029
ENSG00000231924	0.0001290986066805017
ENSG00000165527	0.00012903752974979758
ENSG00000091157	0.00012895770278447977
ENSG00000143384	0.00012892340476430513
ENSG00000076003	0.00012889651910422944
ENSG00000054598	0.00012885821566106684
ENSG00000104897	0.00012884852982003687
ENSG00000100354	0.0001288156224507631
ENSG00000090889	0.0001287723473489074
ENSG00000147475	0.00012865561730815024
ENSG00000144036	0.00012864283903450644
ENSG00000180871	0.00012860961136686568
ENSG00000167881	0.00012858440803537402
ENSG00000104884	0.0001285388848710292
ENSG00000154727	0.0001284647907926899
ENSG00000073350	0.00012845421739448887
ENSG00000151702	0.00012841777338672107
ENSG00000130713	0.00012838711762474248
ENSG00000075702	0.00012832801870200369
ENSG00000111707	0.00012827120148442483
ENSG00000170608	0.00012824254111118031
ENSG00000159433	0.00012823798370777953
ENSG00000154237	0.0001282280067805661
ENSG00000140285	0.00012811050079432833
ENSG00000179262	0.0001280682847030395
ENSG00000102606	0.00012802951475150877
ENSG00000151623	0.00012800626988154824
ENSG00000196262	0.00012799056090316834
ENSG00000198218	0.00012797078493610115
ENSG00000105409	0.00012795725025151498
ENSG00000196663	0.0001279117123197375
ENSG00000169249	0.00012789932874795464
ENSG00000111231	0.00012787342817703636
ENSG00000111615	0.00012781854365539517
ENSG00000080802	0.00012781228962458334
ENSG00000149357	0.00012779416634070188
ENSG00000009844	0.00012774610723995976
ENSG00000155974	0.00012774540199118244
ENSG00000140299	0.00012772114887277014
ENSG00000115355	0.00012768763333148868
ENSG00000124575	0.00012766120072746825
ENSG00000122482	0.00012764007892360142
ENSG00000010278	0.00012763922054188394
ENSG00000113282	0.000127639206422948
ENSG00000154059	0.00012758115436052223
ENSG00000261992	0.00012756334470760683
ENSG00000057935	0.00012756200469586204
ENSG00000196405	0.0001275429752166519
ENSG00000198728	0.00012738050343706514
ENSG00000159173	0.00012729346528493743
ENSG00000135164	0.00012724507574635247
ENSG00000073111	0.00012706275820207507
ENSG00000143761	0.0001270080749768063
ENSG00000184571	0.00012693899986542962
ENSG00000285379	0.00012693556499431368
ENSG00000038358	0.00012683771035164657
ENSG00000239779	0.0001267761771777874
ENSG00000164916	0.00012669384975751188
ENSG00000147164	0.00012665342736567373
ENSG00000133858	0.00012658696056250745
ENSG00000096746	0.00012654920039443146
ENSG00000152234	0.00012652496305363566
ENSG00000080345	0.0001264856350093398
ENSG00000164587	0.00012645320826746914
ENSG00000168298	0.0001264482312965664
ENSG00000111652	0.0001264226226512654
ENSG00000049249	0.00012637963455407406
ENSG00000138802	0.00012637963120192033
ENSG00000101057	0.0001263378620714924
ENSG00000276231	0.0001263200540213366
ENSG00000177455	0.00012623490147916025
ENSG00000136536	0.00012621726003756687
ENSG00000205302	0.00012618581429809056
ENSG00000141644	0.00012616340109864761
ENSG00000158022	0.00012616196942064834
ENSG00000153094	0.00012610447544853694
ENSG00000171262	0.0001259751568538083
ENSG00000142798	0.0001259083088003564
ENSG00000095319	0.00012588820546206967
ENSG00000198824	0.00012586477381137254
ENSG00000163357	0.0001257789007820224
ENSG00000109072	0.00012576973360877564
ENSG00000182521	0.00012576679464807342
ENSG00000091651	0.0001257004082973975
ENSG00000162191	0.00012564223875295485
ENSG00000167447	0.0001256315914236253
ENSG00000018189	0.00012559841355617302
ENSG00000160741	0.00012557718221097432
ENSG00000083799	0.00012555216264722554
ENSG00000122884	0.00012550688482264528
ENSG00000144357	0.0001254580234517838
ENSG00000017427	0.00012544739121675178
ENSG00000120690	0.00012543030587181371
ENSG00000169508	0.00012535104915943547
ENSG00000042753	0.0001253507789398859
ENSG00000186001	0.0001252901005455247
ENSG00000153317	0.00012525766767745424
ENSG00000140798	0.00012520657275627044
ENSG00000157540	0.00012518959543991994
ENSG00000123143	0.00012517308514817225
ENSG00000102218	0.00012514198808411735
ENSG00000125691	0.0001250846107104333
ENSG00000111752	0.00012508459826809725
ENSG00000137101	0.00012498549278988283
ENSG00000173517	0.000124895934875036
ENSG00000134748	0.0001248863101813593
ENSG00000197756	0.00012473942712122618
ENSG00000171681	0.00012472599321423705
ENSG00000132688	0.0001247170086143589
ENSG00000185559	0.000124646772001496
ENSG00000079950	0.0001246456253342005
ENSG00000114331	0.00012464266666383623
ENSG00000164081	0.0001246403891249259
ENSG00000136824	0.0001246037563625089
ENSG00000072364	0.0001246002070204434
ENSG00000160310	0.00012458029904835732
ENSG00000138814	0.00012457327368396143
ENSG00000108064	0.00012452809548006257
ENSG00000161944	0.00012449133056844738
ENSG00000198049	0.0001244874352971611
ENSG00000114503	0.00012448415522405917
ENSG00000204104	0.000124473496286029
ENSG00000106804	0.00012447250558616672
ENSG00000105701	0.0001244708187948843
ENSG00000006611	0.00012446983009513295
ENSG00000118454	0.00012440258780392017
ENSG00000213397	0.00012435103682980028
ENSG00000124610	0.00012432172921169083
ENSG00000080986	0.0001241416227277645
ENSG00000169245	0.00012408761656307346
ENSG00000124160	0.0001240460078150908
ENSG00000120008	0.00012404389132562437
ENSG00000155659	0.00012401859304222074
ENSG00000143952	0.00012390983079694348
ENSG00000037749	0.00012386315736509856
ENSG00000125084	0.00012385614731024873
ENSG00000066279	0.0001238389788964527
ENSG00000141380	0.00012383648927011907
ENSG00000172023	0.00012383606525617608
ENSG00000163464	0.00012382954541081037
ENSG00000102119	0.00012375109173274845
ENSG00000075188	0.00012373180363610772
ENSG00000129657	0.00012364341593497193
ENSG00000015153	0.00012353015512395766
ENSG00000100225	0.0001234374699058971
ENSG00000169925	0.00012338791509509335
ENSG00000040608	0.0001232756265864743
ENSG00000068650	0.00012314953619880158
ENSG00000079102	0.0001231410151455604
ENSG00000136040	0.00012312712354725408
ENSG00000136878	0.00012308545737226313
ENSG00000147224	0.00012308328174792972
ENSG00000058804	0.00012305552249294987
ENSG00000084623	0.00012305338709295662
ENSG00000102384	0.0001229536447380775
ENSG00000183087	0.00012290361726576785
ENSG00000108010	0.0001228966896798554
ENSG00000103671	0.00012284916705125539
ENSG00000179010	0.000122811168798282
ENSG00000179115	0.00012279455940408647
ENSG00000179119	0.0001227812922953485
ENSG00000070950	0.00012275056290374605
ENSG00000187678	0.00012266881857562025
ENSG00000169248	0.0001225511918372315
ENSG00000077312	0.0001225426100282654
ENSG00000186575	0.00012249591000892073
ENSG00000055957	0.00012241043293722566
ENSG00000055147	0.00012236490489209002
ENSG00000106399	0.000122330344971854
ENSG00000129946	0.0001222996628719244
ENSG00000131100	0.0001222481079492208
ENSG00000143258	0.0001222442917778222
ENSG00000107862	0.0001221880164863275
ENSG00000100726	0.00012216641698542007
ENSG00000101337	0.00012213159152145653
ENSG00000231135	0.0001220984904653459
ENSG00000116750	0.00012209292821118933
ENSG00000116741	0.00012208967969494342
ENSG00000168564	0.0001220743367448209
ENSG00000134352	0.00012202346241520272
ENSG00000277722	0.00012199510939690381
ENSG00000112237	0.0001219845306913789
ENSG00000170776	0.00012197697916705671
ENSG00000163539	0.0001219628885012144
ENSG00000162852	0.00012196158848177688
ENSG00000169564	0.00012193441072506456
ENSG00000112984	0.00012191868364258831
ENSG00000277263	0.0001219174965475167
ENSG00000198265	0.00012185764166136744
ENSG00000116641	0.00012184492307437518
ENSG00000008083	0.00012182001257334881
ENSG00000172613	0.00012175185756302083
ENSG00000165699	0.00012173670975930885
ENSG00000152102	0.00012171248140255043
ENSG00000123838	0.00012170321136315846
ENSG00000099331	0.0001216901759357795
ENSG00000061337	0.00012168921127908565
ENSG00000148180	0.00012161235301773539
ENSG00000139567	0.00012154663533637856
ENSG00000142168	0.00012150747083375409
ENSG00000198369	0.00012146958903666403
ENSG00000068308	0.00012141839701098136
ENSG00000123136	0.00012139233218653444
ENSG00000184557	0.00012134014188729782
ENSG00000170458	0.00012132749036220818
ENSG00000123091	0.00012126143834365669
ENSG00000176407	0.00012121537621295005
ENSG00000131931	0.00012118997813628256
ENSG00000135801	0.00012118828202759121
ENSG00000275349	0.00012115861419321973
ENSG00000111252	0.00012108837144664192
ENSG00000086730	0.00012102981035644296
ENSG00000103549	0.00012097764758098309
ENSG00000163527	0.00012089955886323394
ENSG00000104907	0.00012087683092221692
ENSG00000135596	0.00012085187307551348
ENSG00000168496	0.0001208433996891227
ENSG00000065328	0.00012080311896150937
ENSG00000179335	0.00012073789045760702
ENSG00000104064	0.00012072582910928877
ENSG00000105669	0.00012071466298695468
ENSG00000136738	0.00012069010703355242
ENSG00000170967	0.0001206662957870516
ENSG00000186522	0.00012066204478705248
ENSG00000161513	0.00012064252015948828
ENSG00000148773	0.00012062802768013195
ENSG00000136827	0.00012060738860826314
ENSG00000165304	0.00012058832914724524
ENSG00000088930	0.00012055196341281485
ENSG00000122194	0.00012054451114576055
ENSG00000263001	0.0001205323761590281
ENSG00000121749	0.00012050131075614832
ENSG00000196646	0.00012038792051489963
ENSG00000135837	0.00012035567431302333
ENSG00000163510	0.00012035304133227952
ENSG00000143079	0.00012035152347324697
ENSG00000105186	0.00012028676099438942
ENSG00000164902	0.00012023255677155231
ENSG00000133997	0.0001202044419311547
ENSG00000143889	0.00012015369979103874
ENSG00000092203	0.00012014296605679999
ENSG00000133265	0.00012013138063430404
ENSG00000085511	0.00012011795519706268
ENSG00000184349	0.00012005059948520932
ENSG00000152256	0.0001200084338272776
ENSG00000101981	0.00011980640408454246
ENSG00000165934	0.0001197809422917421
ENSG00000076662	0.000119722560042388
ENSG00000106991	0.00011971654648314493
ENSG00000113141	0.00011969234412126114
ENSG00000166128	0.00011968563316015274
ENSG00000057149	0.00011966097829952154
ENSG00000078902	0.00011964803541684321
ENSG00000100461	0.00011959023691398187
ENSG00000102900	0.00011958037820844386
ENSG00000105483	0.00011951887739181979
ENSG00000143514	0.00011946021760914788
ENSG00000110492	0.00011944539820951338
ENSG00000116871	0.0001194181601359049
ENSG00000175595	0.00011941532271277016
ENSG00000120253	0.00011938659320413333
ENSG00000188372	0.00011935127025783509
ENSG00000175203	0.00011926418965698433
ENSG00000156374	0.00011914713729219004
ENSG00000066422	0.00011893953173386307
ENSG00000100335	0.00011890951598883251
ENSG00000121068	0.0001189085668457239
ENSG00000099901	0.00011888272693231459
ENSG00000142541	0.00011888125959678393
ENSG00000249915	0.00011886904712366074
ENSG00000101997	0.00011884196826056707
ENSG00000160584	0.00011881618916025995
ENSG00000143278	0.00011872816700362372
ENSG00000064419	0.00011872668926139869
ENSG00000131351	0.00011867606891462348
ENSG00000114857	0.00011863301443898793
ENSG00000107951	0.00011856015517525397
ENSG00000089692	0.0001185557674143793
ENSG00000138385	0.00011845737934552183
ENSG00000101191	0.00011845507588505412
ENSG00000108518	0.00011839440242477329
ENSG00000101138	0.00011837659988671319
ENSG00000152484	0.00011836110843048138
ENSG00000082458	0.00011824300431119029
ENSG00000186469	0.00011821720695231731
ENSG00000114316	0.00011820358744121535
ENSG00000101868	0.00011810555189875614
ENSG00000080561	0.00011808676251136359
ENSG00000091140	0.00011804830143510124
ENSG00000123219	0.00011804690712003131
ENSG00000188786	0.00011804263081515439
ENSG00000127483	0.00011803994075276892
ENSG00000145425	0.00011803013383753241
ENSG00000113569	0.0001179198245893864
ENSG00000136146	0.00011791355508391257
ENSG00000173327	0.00011789312850156211
ENSG00000129003	0.00011775595800515861
ENSG00000164576	0.00011775023806260434
ENSG00000122025	0.00011760675798471442
ENSG00000126785	0.00011758528710813788
ENSG00000117362	0.00011757800658791015
ENSG00000108588	0.00011742253079937162
ENSG00000185236	0.00011741142827469599
ENSG00000113013	0.00011738713425585625
ENSG00000077984	0.00011736962768164658
ENSG00000136940	0.00011735102631544559
ENSG00000031691	0.00011732253052407762
ENSG00000139579	0.00011728432582149973
ENSG00000052723	0.00011719749721905431
ENSG00000109436	0.0001171911932543114
ENSG00000109846	0.00011711883811420943
ENSG00000100316	0.00011710975925696793
ENSG00000147509	0.00011705383559616072
ENSG00000081386	0.0001169293078214122
ENSG00000164244	0.00011688911600676379
ENSG00000185624	0.00011687015766354041
ENSG00000100526	0.0001168644659578328
ENSG00000183751	0.00011675783358314311
ENSG00000134871	0.00011674204311180243
ENSG00000105507	0.00011673874256334383
ENSG00000101460	0.00011671595913378908
ENSG00000003756	0.00011669466767546115
ENSG00000137497	0.0001166353867929961
ENSG00000157131	0.00011655458394178654
ENSG00000166847	0.00011644276668162831
ENSG00000136527	0.00011636747192857951
ENSG00000104408	0.00011634124810993512
ENSG00000285109	0.00011626937749372918
ENSG00000066654	0.00011626611247646983
ENSG00000067334	0.00011625883377058018
ENSG00000144867	0.00011624536008395618
ENSG00000106689	0.00011622720104465478
ENSG00000121621	0.00011616994816379354
ENSG00000100092	0.00011616621672136225
ENSG00000132530	0.00011612598726936991
ENSG00000186951	0.00011606999465459068
ENSG00000066056	0.00011605519728532695
ENSG00000070367	0.0001159431702773
ENSG00000138760	0.00011587016116252502
ENSG00000188603	0.00011586923894910407
ENSG00000288130	0.0001158188619314269
ENSG00000135913	0.00011577260100891012
ENSG00000158169	0.00011577183039897511
ENSG00000100985	0.00011573531382755582
ENSG00000196470	0.00011573107219938787
ENSG00000104442	0.00011569755642280566
ENSG00000106327	0.00011566426669067801
ENSG00000111229	0.00011566362884132188
ENSG00000111728	0.00011564917245435679
ENSG00000069493	0.00011564486566080506
ENSG00000175221	0.00011563802550659866
ENSG00000174996	0.00011558651332605092
ENSG00000125753	0.00011557813573272814
ENSG00000071082	0.00011551705968719709
ENSG00000164609	0.0001155004561787611
ENSG00000136450	0.00011549334039411837
ENSG00000198961	0.00011543725455399041
ENSG00000164134	0.0001153870075577885
ENSG00000136156	0.00011535767103907289
ENSG00000188895	0.00011527622944048708
ENSG00000073734	0.00011524659426609095
ENSG00000142515	0.00011523467908673643
ENSG00000120519	0.00011511991740079711
ENSG00000188529	0.00011511354169986684
ENSG00000123240	0.00011505862341913833
ENSG00000171148	0.00011503911985320632
ENSG00000173113	0.00011498097622417848
ENSG00000115641	0.00011497211506772901
ENSG00000153989	0.00011496822887667543
ENSG00000244038	0.0001148864664522726
ENSG00000070061	0.00011487366721010101
ENSG00000197283	0.00011483180190698908
ENSG00000160801	0.00011481690492009963
ENSG00000121570	0.00011480376267929397
ENSG00000108298	0.00011473995128854643
ENSG00000170989	0.00011467991443002568
ENSG00000149636	0.00011463638486901447
ENSG00000163848	0.00011460583606847327
ENSG00000130724	0.00011450477945821088
ENSG00000100796	0.00011450291307120526
ENSG00000065054	0.00011449814395047991
ENSG00000103540	0.0001144800873166699
ENSG00000198089	0.0001144679752819167
ENSG00000110274	0.00011439656082971818
ENSG00000087258	0.00011434663727265628
ENSG00000158485	0.00011433395961675646
ENSG00000137440	0.00011431892837881503
ENSG00000171532	0.00011429201230627759
ENSG00000134419	0.00011428858302209812
ENSG00000132382	0.00011426232850176145
ENSG00000276725	0.00011425347176737719
ENSG00000135823	0.00011418818613901551
ENSG00000163516	0.00011414710484321875
ENSG00000101161	0.00011409815200554151
ENSG00000189308	0.00011407216360557675
ENSG00000154342	0.00011406527457757086
ENSG00000174827	0.00011395650286388303
ENSG00000131668	0.00011391034467402929
ENSG00000111247	0.00011388632806384974
ENSG00000118579	0.0001137482037157154
ENSG00000101752	0.00011374045086799386
ENSG00000122126	0.00011373906782411056
ENSG00000025434	0.00011373145496049034
ENSG00000119421	0.00011371003694667802
ENSG00000012822	0.00011368662884458854
ENSG00000152944	0.00011364944656871099
ENSG00000117385	0.00011364494821941537
ENSG00000186812	0.0001135979094411973
ENSG00000177565	0.00011357679822277134
ENSG00000148356	0.00011353112869691732
ENSG00000143398	0.00011349806921516374
ENSG00000138039	0.00011349367203003303
ENSG00000133789	0.00011347876078514705
ENSG00000107404	0.00011345760962258587
ENSG00000274081	0.00011340619834694372
ENSG00000117724	0.00011337054354583431
ENSG00000156976	0.0001132684155691648
ENSG00000258643	0.00011326256708363694
ENSG00000288217	0.00011313784212555924
ENSG00000110422	0.0001130982012686482
ENSG00000066739	0.000113095133664987
ENSG00000127564	0.0001129515874197286
ENSG00000076108	0.00011290166733969866
ENSG00000166025	0.00011288731285481381
ENSG00000185619	0.00011286128750639052
ENSG00000263528	0.00011283861560639414
ENSG00000176953	0.00011279695919886532
ENSG00000171466	0.00011273233827759393
ENSG00000122691	0.0001126759320705504
ENSG00000167261	0.00011262813854144454
ENSG00000148153	0.00011261314581788007
ENSG00000049283	0.00011257135247522879
ENSG00000077942	0.0001125325676304678
ENSG00000174579	0.00011250156792097559
ENSG00000160072	0.00011236583467147493
ENSG00000100625	0.00011235549410479414
ENSG00000163882	0.00011232806340877928
ENSG00000117036	0.00011231741087467944
ENSG00000168297	0.00011229692457126908
ENSG00000126858	0.00011227835599708764
ENSG00000126267	0.00011220530126970398
ENSG00000104973	0.0001122036183062709
ENSG00000166484	0.00011211013864166845
ENSG00000055483	0.00011209734154889786
ENSG00000091039	0.00011205354449592157
ENSG00000234906	0.00011203832657557528
ENSG00000158195	0.00011202575778047205
ENSG00000136448	0.00011201661230339133
ENSG00000180228	0.00011199277705113398
ENSG00000115942	0.00011197093117338163
ENSG00000163634	0.00011193592121916905
ENSG00000149582	0.0001119223559999159
ENSG00000105197	0.00011192081963603619
ENSG00000169288	0.00011191019469534599
ENSG00000276043	0.00011186129727624261
ENSG00000103932	0.00011183030995929218
ENSG00000082213	0.00011181420041064825
ENSG00000182287	0.0001117575528812951
ENSG00000072134	0.00011175601539934859
ENSG00000163918	0.00011173191444802042
ENSG00000176476	0.00011169553046328744
ENSG00000211456	0.00011167442652323455
ENSG00000196586	0.00011162583736916916
ENSG00000150712	0.00011161388522491243
ENSG00000104131	0.0001115509317598087
ENSG00000129654	0.0001115463107682304
ENSG00000156735	0.00011153039868866159
ENSG00000204842	0.00011150722485638492
ENSG00000105576	0.0001115036016025118
ENSG00000114520	0.00011146994840490104
ENSG00000176170	0.00011131589111770945
ENSG00000162419	0.00011130804384857729
ENSG00000198642	0.00011130550131316288
ENSG00000151923	0.0001112298641720692
ENSG00000127870	0.00011121931137483041
ENSG00000160013	0.00011121873242468976
ENSG00000119707	0.00011119430133475624
ENSG00000211460	0.00011119036314013424
ENSG00000153944	0.0001111752689672883
ENSG00000173914	0.00011115604764760475
ENSG00000145332	0.0001111528359925071
ENSG00000257365	0.00011115015081326993
ENSG00000100281	0.00011110919251130213
ENSG00000000938	0.00011110876592665471
ENSG00000139116	0.00011110651200631109
ENSG00000131558	0.00011107663593814491
ENSG00000099917	0.00011105648271862594
ENSG00000177954	0.00011101689170798581
ENSG00000173933	0.00011098562651346876
ENSG00000023734	0.00011097227799075517
ENSG00000140632	0.0001109387380396575
ENSG00000186190	0.00011092271212527629
ENSG00000138448	0.00011091221183119717
ENSG00000162613	0.0001108853156311237
ENSG00000117266	0.00011084319420537049
ENSG00000137776	0.00011076542780810654
ENSG00000019991	0.00011061707306131992
ENSG00000125285	0.0001105989345951827
ENSG00000005156	0.00011058294195543827
ENSG00000133812	0.00011057829079769862
ENSG00000198162	0.00011057158534067064
ENSG00000188021	0.0001105646143607128
ENSG00000135297	0.00011054560662768117
ENSG00000160679	0.00011053205357060272
ENSG00000278152	0.00011052780709023745
ENSG00000138778	0.00011042691755359092
ENSG00000038219	0.00011040145253147437
ENSG00000112339	0.00011038964186449655
ENSG00000139990	0.00011032681263249798
ENSG00000133119	0.00011032249591273566
ENSG00000198836	0.00011031362808898611
ENSG00000116586	0.00011028212643085805
ENSG00000116663	0.00011027818113336864
ENSG00000134900	0.00011026937025086459
ENSG00000066084	0.00011026000225329178
ENSG00000159082	0.00011023140734521406
ENSG00000124198	0.00011022436760927448
ENSG00000166086	0.00011021441172902045
ENSG00000118482	0.00011021138365881211
ENSG00000139718	0.00011018449083814263
ENSG00000170367	0.00011017439672617918
ENSG00000180398	0.00011013998915960966
ENSG00000123124	0.00011012732039853272
ENSG00000123485	0.00011007095370315954
ENSG00000153234	0.00010989889625255954
ENSG00000092853	0.00010985735130706185
ENSG00000187098	0.00010983318358881477
ENSG00000174125	0.00010981450467216575
ENSG00000112033	0.00010980394161582751
ENSG00000273686	0.00010976541051664224
ENSG00000169359	0.00010976384797667805
ENSG00000135392	0.00010971815880092599
ENSG00000161791	0.00010967657987986712
ENSG00000110429	0.00010955463254350396
ENSG00000141219	0.00010949557217510938
ENSG00000284254	0.0001094622727186951
ENSG00000124260	0.00010945775683805333
ENSG00000129170	0.00010942470689408035
ENSG00000075945	0.00010941681735180538
ENSG00000135932	0.00010941557811649288
ENSG00000077009	0.00010921653661771427
ENSG00000177189	0.0001091482163301162
ENSG00000084674	0.00010912782690977268
ENSG00000076053	0.00010912743903597801
ENSG00000132842	0.00010907879729079213
ENSG00000140153	0.00010901595228872682
ENSG00000131269	0.00010898095674604829
ENSG00000182872	0.00010895617689712734
ENSG00000023287	0.0001089239449559008
ENSG00000143811	0.00010884751892435625
ENSG00000075914	0.00010883938199756057
ENSG00000115694	0.00010880531687413822
ENSG00000132912	0.00010878786606105353
ENSG00000130222	0.0001087846929662229
ENSG00000204673	0.00010878029755764942
ENSG00000284126	0.0001087497014483433
ENSG00000146063	0.00010874695024872161
ENSG00000112996	0.00010874076907880145
ENSG00000125775	0.00010872355425946651
ENSG00000111727	0.00010866660095689992
ENSG00000106952	0.00010861489008806365
ENSG00000198574	0.00010853919792744749
ENSG00000131504	0.00010853705556652216
ENSG00000188130	0.0001085114193813202
ENSG00000077152	0.00010846490759472863
ENSG00000182774	0.00010843900644429198
ENSG00000155229	0.00010843763817848641
ENSG00000064490	0.00010843490426687439
ENSG00000063177	0.00010840372333998001
ENSG00000143442	0.00010835633967286742
ENSG00000174238	0.0001082654008592644
ENSG00000118407	0.00010825978069187503
ENSG00000067704	0.0001082439230463011
ENSG00000149657	0.00010818997042403268
ENSG00000167674	0.0001081719394183489
ENSG00000086061	0.00010811037568860478
ENSG00000171055	0.0001080523682234207
ENSG00000119446	0.00010802315934674366
ENSG00000159579	0.00010795461806407323
ENSG00000149639	0.000107929933968275
ENSG00000173120	0.00010790361901759205
ENSG00000136643	0.00010788683681648701
ENSG00000135862	0.00010775833883318347
ENSG00000148835	0.00010773748403153663
ENSG00000132938	0.00010770539987629599
ENSG00000115464	0.0001076968178480351
ENSG00000105141	0.00010767158067989746
ENSG00000043591	0.00010757591450226214
ENSG00000198301	0.00010756109590476683
ENSG00000108848	0.00010755442370495917
ENSG00000130177	0.00010751248082446082
ENSG00000107984	0.00010751095723121441
ENSG00000165644	0.0001075077748851505
ENSG00000179562	0.00010747053928479464
ENSG00000115159	0.00010746887991986044
ENSG00000133317	0.00010743594827011283
ENSG00000125630	0.00010741116296223785
ENSG00000105695	0.00010740395542563536
ENSG00000168291	0.0001073852390370455
ENSG00000161180	0.00010735833300779666
ENSG00000166454	0.000107277396279055
ENSG00000104765	0.00010725249198498987
ENSG00000085872	0.00010721430401307126
ENSG00000177700	0.00010721233862140775
ENSG00000196482	0.00010721069374489028
ENSG00000123562	0.00010718713319998464
ENSG00000109654	0.0001071863728585238
ENSG00000063322	0.0001071563343384557
ENSG00000275052	0.00010709479257078354
ENSG00000120071	0.0001069720233078284
ENSG00000254772	0.00010694331184582593
ENSG00000170852	0.00010685382530153539
ENSG00000111704	0.00010679049252705782
ENSG00000111790	0.00010670570070449993
ENSG00000100991	0.00010670007075445556
ENSG00000164877	0.00010669052004259141
ENSG00000137815	0.0001066715215230706
ENSG00000182196	0.00010665328689867139
ENSG00000137947	0.0001065562960594232
ENSG00000172932	0.00010652023241462303
ENSG00000007944	0.00010650213607614232
ENSG00000137601	0.00010645683069958912
ENSG00000170364	0.00010642448489187501
ENSG00000118162	0.00010636934788673912
ENSG00000135604	0.00010636431977254547
ENSG00000110237	0.00010635396934591753
ENSG00000090520	0.00010632811848839149
ENSG00000143248	0.00010631074703155733
ENSG00000285435	0.00010630988579853377
ENSG00000169410	0.0001063093211839043
ENSG00000188064	0.00010630904557623043
ENSG00000136869	0.00010626748144256864
ENSG00000004534	0.00010625630929930135
ENSG00000011451	0.00010625322754528054
ENSG00000160208	0.00010622981984217883
ENSG00000167721	0.00010619138735505028
ENSG00000196510	0.00010608605049127655
ENSG00000135047	0.0001060820337967951
ENSG00000099246	0.00010608098389858922
ENSG00000107625	0.00010603349460436165
ENSG00000069667	0.00010602274642786294
ENSG00000129159	0.0001059996211742067
ENSG00000006118	0.00010599611809983694
ENSG00000183691	0.0001059451581685924
ENSG00000077721	0.00010590223658725288
ENSG00000126261	0.00010588852245251937
ENSG00000131469	0.00010586743014892116
ENSG00000005100	0.00010577094088674586
ENSG00000122180	0.00010569898198381995
ENSG00000175550	0.00010566782756563394
ENSG00000163873	0.00010565571120444961
ENSG00000155096	0.00010565035709804087
ENSG00000108256	0.0001056387988504946
ENSG00000138326	0.00010562269449773234
ENSG00000115816	0.00010561166436940311
ENSG00000115507	0.00010558562787803174
ENSG00000151461	0.00010553378428066355
ENSG00000037241	0.00010552829994365738
ENSG00000160888	0.00010551503012854336
ENSG00000105255	0.00010550897034713052
ENSG00000103769	0.00010550868826435326
ENSG00000112232	0.00010549174135531946
ENSG00000128881	0.00010544498691851001
ENSG00000026508	0.00010538896074552758
ENSG00000130935	0.00010538764326621434
ENSG00000114315	0.00010537019437246661
ENSG00000148498	0.00010536644781377027
ENSG00000187033	0.00010535976070424739
ENSG00000117174	0.00010533450276695538
ENSG00000132906	0.00010528158722139451
ENSG00000086598	0.00010526209756940122
ENSG00000138075	0.0001052036270041568
ENSG00000142687	0.00010513286628130058
ENSG00000225830	0.00010510020443452673
ENSG00000136731	0.00010508671997845336
ENSG00000189299	0.00010498449453114945
ENSG00000004948	0.00010497237051558621
ENSG00000151748	0.00010496641473905145
ENSG00000152969	0.00010495494796087675
ENSG00000101197	0.00010488461614137121
ENSG00000152642	0.00010485923428470842
ENSG00000184863	0.00010485299673759675
ENSG00000113140	0.00010482312878648428
ENSG00000176749	0.00010482150063289386
ENSG00000159256	0.00010479904879896419
ENSG00000065000	0.00010479647044531538
ENSG00000176095	0.00010478159584915514
ENSG00000167004	0.00010475544563010759
ENSG00000084112	0.0001047185171792581
ENSG00000049541	0.00010471176305311106
ENSG00000108702	0.00010468236454401895
ENSG00000104419	0.0001046431967228888
ENSG00000111897	0.00010455756661460395
ENSG00000103510	0.0001045453972957261
ENSG00000167325	0.00010446978358162345
ENSG00000185002	0.00010435544885932022
ENSG00000170775	0.00010430960665275846
ENSG00000173273	0.0001042841389930364
ENSG00000106346	0.00010428124670387493
ENSG00000130522	0.00010426302583306019
ENSG00000197635	0.00010426203988000774
ENSG00000065320	0.00010418370305809606
ENSG00000140836	0.00010416796400872144
ENSG00000124783	0.0001041337430084299
ENSG00000119321	0.00010412010957893016
ENSG00000170322	0.00010409262239050444
ENSG00000188175	0.00010406897518345664
ENSG00000166598	0.00010400521427526556
ENSG00000133101	0.00010399790192116987
ENSG00000139625	0.00010399316360844731
ENSG00000082258	0.000103957805561021
ENSG00000109270	0.00010390091377582063
ENSG00000065150	0.0001038274849938004
ENSG00000156395	0.00010380967832419337
ENSG00000101076	0.00010379780933906552
ENSG00000147852	0.00010377366426009476
ENSG00000107816	0.00010372682388090462
ENSG00000158560	0.00010360622373348035
ENSG00000111653	0.00010358938363583034
ENSG00000160305	0.00010356780924167129
ENSG00000075151	0.00010355057371343557
ENSG00000144134	0.00010348558119466683
ENSG00000073050	0.00010347754214381726
ENSG00000184384	0.00010339213997651626
ENSG00000180644	0.00010338899936443618
ENSG00000142156	0.00010336740955519774
ENSG00000058673	0.0001033594409008737
ENSG00000173208	0.00010334017964890213
ENSG00000141425	0.00010331975588588125
ENSG00000157191	0.0001032775270131686
ENSG00000183763	0.00010324386529674043
ENSG00000111224	0.00010321620004025439
ENSG00000181789	0.00010319406657492687
ENSG00000126461	0.00010318238888157084
ENSG00000127328	0.00010318106644635715
ENSG00000115806	0.00010309190323120716
ENSG00000118518	0.00010307003317070032
ENSG00000100325	0.00010306683388104724
ENSG00000143493	0.0001030665349084522
ENSG00000001167	0.00010303894932137975
ENSG00000166012	0.00010296564170919829
ENSG00000081307	0.00010293704347075436
ENSG00000081019	0.00010290097715288716
ENSG00000171988	0.00010289592935002769
ENSG00000179409	0.00010288695110502054
ENSG00000065427	0.00010283830775822442
ENSG00000124784	0.00010281137288236134
ENSG00000014164	0.00010280381557506394
ENSG00000168269	0.0001027851908032029
ENSG00000117139	0.00010278152797735696
ENSG00000196154	0.00010272836243759531
ENSG00000107338	0.0001026814477753426
ENSG00000176390	0.0001026216820060508
ENSG00000132485	0.00010260334974140075
ENSG00000117450	0.00010249016593130009
ENSG00000167967	0.00010244220786307284
ENSG00000048991	0.00010242773346851433
ENSG00000151422	0.00010239852088568336
ENSG00000151148	0.00010237777251682049
ENSG00000154997	0.000102346213155212
ENSG00000138684	0.00010232501544574468
ENSG00000138303	0.00010230012287699498
ENSG00000030110	0.00010227586037616763
ENSG00000109103	0.00010223119372927422
ENSG00000110777	0.0001022307330127674
ENSG00000123416	0.00010219538099933075
ENSG00000006451	0.00010216742747125106
ENSG00000133606	0.00010215049495871712
ENSG00000163961	0.0001021122889421077
ENSG00000198242	0.00010200815840324766
ENSG00000275199	0.00010198862990695347
ENSG00000176566	0.00010198661044821704
ENSG00000130559	0.00010192901965453285
ENSG00000176155	0.00010191040138212456
ENSG00000184900	0.00010189720388903893
ENSG00000089157	0.00010189281149424851
ENSG00000108591	0.0001018848121913062
ENSG00000130307	0.00010186417131527326
ENSG00000164692	0.00010181904133612434
ENSG00000135547	0.00010181135420242704
ENSG00000170515	0.00010177037168371417
ENSG00000136943	0.00010174626181746832
ENSG00000090686	0.00010174384864582635
ENSG00000151532	0.00010173383452671014
ENSG00000004777	0.00010167359782806396
ENSG00000132781	0.00010166499812435568
ENSG00000196233	0.00010160679407717464
ENSG00000152284	0.00010156064026279933
ENSG00000151503	0.00010150103691353644
ENSG00000143368	0.0001014934524001859
ENSG00000137285	0.00010147568627043746
ENSG00000014123	0.00010144326120446281
ENSG00000135740	0.00010136823738027772
ENSG00000170178	0.00010131927028840705
ENSG00000149930	0.0001013189559857527
ENSG00000118515	0.00010128464404787253
ENSG00000032219	0.00010126598496237025
ENSG00000110955	0.00010122895441906924
ENSG00000105472	0.0001011605681368113
ENSG00000138398	0.0001011555613254149
ENSG00000106615	0.00010114712571219438
ENSG00000144118	0.00010114221817286882
ENSG00000179271	0.00010113634427039355
ENSG00000125386	0.00010109956066337184
ENSG00000179134	0.00010107806751213948
ENSG00000164949	0.0001010637323218333
ENSG00000273079	0.00010103995375117399
ENSG00000095970	0.00010103084127268715
ENSG00000119314	0.00010101087877327295
ENSG00000100379	0.00010096758594224147
ENSG00000240682	0.00010092700853784508
ENSG00000125445	0.00010092672001125822
ENSG00000188986	0.00010090603359525535
ENSG00000099800	0.0001008726045351916
ENSG00000103342	0.00010086923200113553
ENSG00000175305	0.0001008259607263188
ENSG00000134363	0.00010082038020515944
ENSG00000172578	0.00010081229816037945
ENSG00000115138	0.00010078912408807403
ENSG00000113302	0.00010078050222703856
ENSG00000167528	0.00010074441308084454
ENSG00000162441	0.00010074042117206385
ENSG00000172725	0.00010073108054719548
ENSG00000197714	0.00010067837649621332
ENSG00000130203	0.00010063231713509136
ENSG00000107758	0.00010062915968892375
ENSG00000149658	0.00010061681304798144
ENSG00000020633	0.00010055100293233755
ENSG00000198060	0.0001005312169445335
ENSG00000119630	0.00010051239050432749
ENSG00000146285	0.0001004239614161471
ENSG00000131910	0.00010037350208118413
ENSG00000143977	0.00010036810017986213
ENSG00000171311	0.00010035540231731287
ENSG00000101892	0.00010034225568312616
ENSG00000157106	0.00010033261438086484
ENSG00000096070	0.00010025884368351231
ENSG00000134001	0.00010024498851473988
ENSG00000118513	0.00010015411995352466
ENSG00000069974	0.0001001149870912815
ENSG00000126247	0.00010009185853680602
ENSG00000170011	0.00010004112112111871
ENSG00000002016	0.0001000245293131269
ENSG00000141068	9.999469721189032e-05
ENSG00000182899	9.995796596107758e-05
ENSG00000163743	9.992071821133885e-05
ENSG00000100612	9.991560497925241e-05
ENSG00000008056	9.991505170196405e-05
ENSG00000117650	9.988044858257136e-05
ENSG00000039319	9.978117411606591e-05
ENSG00000136891	9.976206408595994e-05
ENSG00000107731	9.967695453864481e-05
ENSG00000100138	9.966654727948257e-05
ENSG00000004700	9.958575850829651e-05
ENSG00000063245	9.956610661479726e-05
ENSG00000143995	9.955869931652748e-05
ENSG00000070808	9.954358177420741e-05
ENSG00000197461	9.952787162061714e-05
ENSG00000087338	9.952025841296677e-05
ENSG00000071242	9.94865418076964e-05
ENSG00000165632	9.947770851836744e-05
ENSG00000065183	9.947161550636156e-05
ENSG00000122477	9.946122791919785e-05
ENSG00000159069	9.94531922348052e-05
ENSG00000173542	9.934094874487579e-05
ENSG00000135945	9.932595004923507e-05
ENSG00000182504	9.93087383227728e-05
ENSG00000137193	9.929443568567873e-05
ENSG00000164144	9.925588560663724e-05
ENSG00000091106	9.922491180312874e-05
ENSG00000109790	9.91763247147731e-05
ENSG00000132664	9.916080235561215e-05
ENSG00000139343	9.915880360465698e-05
ENSG00000162378	9.913210104339776e-05
ENSG00000075413	9.91250581522303e-05
ENSG00000167257	9.910755200488027e-05
ENSG00000113621	9.910137771351366e-05
ENSG00000144848	9.907679296278533e-05
ENSG00000107560	9.904547059216304e-05
ENSG00000159479	9.901045814920304e-05
ENSG00000163930	9.900218470440498e-05
ENSG00000153207	9.900107647791203e-05
ENSG00000100554	9.89858169110138e-05
ENSG00000062194	9.894189448626707e-05
ENSG00000131013	9.888995258704686e-05
ENSG00000133961	9.888236769693562e-05
ENSG00000061936	9.887433129958503e-05
ENSG00000173402	9.886606951834744e-05
ENSG00000177602	9.880538168767662e-05
ENSG00000175455	9.877476728025973e-05
ENSG00000154143	9.876808522382102e-05
ENSG00000178741	9.87292952553326e-05
ENSG00000122136	9.86850423148867e-05
ENSG00000124201	9.865074550894453e-05
ENSG00000130764	9.861067371420226e-05
ENSG00000109534	9.860076563200895e-05
ENSG00000071537	9.857664946164683e-05
ENSG00000140937	9.847389882952457e-05
ENSG00000065413	9.846847950765895e-05
ENSG00000137145	9.843480217379446e-05
ENSG00000170779	9.842345065746018e-05
ENSG00000076706	9.841058962825696e-05
ENSG00000135372	9.84061956092343e-05
ENSG00000123552	9.84011607767017e-05
ENSG00000187531	9.833381511346758e-05
ENSG00000205339	9.827969621000482e-05
ENSG00000241973	9.825556377760914e-05
ENSG00000151617	9.824852629747576e-05
ENSG00000053918	9.823848106453554e-05
ENSG00000171103	9.816302975175912e-05
ENSG00000143322	9.813943398383296e-05
ENSG00000171863	9.811794953762155e-05
ENSG00000111725	9.811114681406027e-05
ENSG00000175467	9.809944246013226e-05
ENSG00000143546	9.804831022358001e-05
ENSG00000183814	9.803725769663612e-05
ENSG00000086200	9.802662207837941e-05
ENSG00000175334	9.801886145900788e-05
ENSG00000182670	9.790129946860236e-05
ENSG00000102935	9.789157930444347e-05
ENSG00000242372	9.787542613783987e-05
ENSG00000109180	9.784882303652853e-05
ENSG00000156853	9.78173357265642e-05
ENSG00000082014	9.781641751480187e-05
ENSG00000078043	9.781365623332367e-05
ENSG00000149503	9.76623792795755e-05
ENSG00000168077	9.764284887094164e-05
ENSG00000165819	9.763771906531805e-05
ENSG00000025708	9.760999769810209e-05
ENSG00000131503	9.75785119211129e-05
ENSG00000007520	9.754460709954572e-05
ENSG00000163697	9.749279330422311e-05
ENSG00000124333	9.749278092797282e-05
ENSG00000106333	9.744288981743454e-05
ENSG00000125835	9.743667908791584e-05
ENSG00000161849	9.7436605444951e-05
ENSG00000092068	9.735654223835529e-05
ENSG00000087470	9.731172330468376e-05
ENSG00000288114	9.725705095247261e-05
ENSG00000163902	9.724956793429127e-05
ENSG00000100368	9.721646471211621e-05
ENSG00000165097	9.719222796095625e-05
ENSG00000213949	9.718623120234986e-05
ENSG00000135482	9.718611412821757e-05
ENSG00000148229	9.716626781186888e-05
ENSG00000145861	9.711479412768605e-05
ENSG00000111445	9.711297549423017e-05
ENSG00000164690	9.707332731250892e-05
ENSG00000068784	9.706244772790067e-05
ENSG00000085719	9.70429772759535e-05
ENSG00000126746	9.70326510074742e-05
ENSG00000086065	9.698095890709503e-05
ENSG00000140403	9.697544127041716e-05
ENSG00000130749	9.69715589346206e-05
ENSG00000163374	9.69666947185366e-05
ENSG00000149932	9.694442049986668e-05
ENSG00000130255	9.69240623798952e-05
ENSG00000160299	9.691525840638646e-05
ENSG00000123159	9.68963898223365e-05
ENSG00000067992	9.684257358832636e-05
ENSG00000089053	9.680388212797139e-05
ENSG00000172785	9.678966443069177e-05
ENSG00000141098	9.678375605021175e-05
ENSG00000162337	9.672008756327493e-05
ENSG00000145936	9.666009527226062e-05
ENSG00000079689	9.665088058613177e-05
ENSG00000004142	9.663184720826082e-05
ENSG00000082781	9.661296132948432e-05
ENSG00000272047	9.660658681726472e-05
ENSG00000132703	9.659989440574638e-05
ENSG00000134909	9.658873040085375e-05
ENSG00000122741	9.656675867473607e-05
ENSG00000186063	9.656165113736768e-05
ENSG00000187054	9.656126139761393e-05
ENSG00000086504	9.653399829194987e-05
ENSG00000076924	9.649161453333237e-05
ENSG00000114416	9.648930653541984e-05
ENSG00000141552	9.64662105948291e-05
ENSG00000120685	9.646604595040358e-05
ENSG00000162104	9.644196630673327e-05
ENSG00000176658	9.64395831526081e-05
ENSG00000002549	9.642820720538823e-05
ENSG00000185245	9.642590167768242e-05
ENSG00000188120	9.640832728867113e-05
ENSG00000159224	9.636665836147851e-05
ENSG00000104872	9.636516868408996e-05
ENSG00000134287	9.633613331677935e-05
ENSG00000100280	9.633278789137465e-05
ENSG00000197114	9.633278318178883e-05
ENSG00000148429	9.632700377552805e-05
ENSG00000166887	9.63219878428857e-05
ENSG00000184916	9.631634281344117e-05
ENSG00000156482	9.626602851180089e-05
ENSG00000068028	9.626391090545318e-05
ENSG00000121940	9.624136665714245e-05
ENSG00000074706	9.6237733886678e-05
ENSG00000155511	9.622071192133319e-05
ENSG00000119844	9.619752907073256e-05
ENSG00000106683	9.616838353857779e-05
ENSG00000152213	9.614678791436092e-05
ENSG00000163220	9.613720752263393e-05
ENSG00000197976	9.61300300753503e-05
ENSG00000140545	9.608437088334302e-05
ENSG00000134153	9.604159922084234e-05
ENSG00000164867	9.60115042678213e-05
ENSG00000004961	9.600387962659854e-05
ENSG00000172732	9.596950772944101e-05
ENSG00000125347	9.596500854937213e-05
ENSG00000075539	9.59633837958882e-05
ENSG00000143921	9.596254211683756e-05
ENSG00000281320	9.595701680215155e-05
ENSG00000136100	9.587757583125395e-05
ENSG00000157212	9.587353355695599e-05
ENSG00000153339	9.58717107049251e-05
ENSG00000147873	9.583319129635684e-05
ENSG00000161638	9.582908990886581e-05
ENSG00000079616	9.582233967977955e-05
ENSG00000087303	9.580958112388769e-05
ENSG00000180957	9.580642072733665e-05
ENSG00000128463	9.57750291972578e-05
ENSG00000137478	9.56803569385592e-05
ENSG00000117155	9.567648399281316e-05
ENSG00000108604	9.565864849660471e-05
ENSG00000161677	9.563942434367055e-05
ENSG00000116903	9.563029517742991e-05
ENSG00000117601	9.561236491536711e-05
ENSG00000012223	9.549751792574316e-05
ENSG00000111647	9.549504104288695e-05
ENSG00000160961	9.5491785464377e-05
ENSG00000127054	9.549017610470782e-05
ENSG00000186185	9.546727419251324e-05
ENSG00000144891	9.544483118427916e-05
ENSG00000109321	9.543462236210121e-05
ENSG00000006715	9.5433763502373e-05
ENSG00000167371	9.541156556452128e-05
ENSG00000163681	9.53932140428706e-05
ENSG00000140941	9.534021617656014e-05
ENSG00000170037	9.53288883749217e-05
ENSG00000275575	9.531462929358461e-05
ENSG00000140265	9.521050394988802e-05
ENSG00000112742	9.518444428325397e-05
ENSG00000179918	9.51609233192235e-05
ENSG00000167842	9.513761336503707e-05
ENSG00000178053	9.511311429894338e-05
ENSG00000150637	9.504912367274181e-05
ENSG00000089289	9.50093143497538e-05
ENSG00000083750	9.495922296761637e-05
ENSG00000116991	9.49538953456433e-05
ENSG00000118971	9.493516516432925e-05
ENSG00000147614	9.49206728853356e-05
ENSG00000100211	9.487571655410765e-05
ENSG00000030582	9.484408633712956e-05
ENSG00000116199	9.48248713289632e-05
ENSG00000014216	9.482291241553681e-05
ENSG00000285387	9.481512639641962e-05
ENSG00000123737	9.479806496193356e-05
ENSG00000064726	9.479521186819762e-05
ENSG00000168246	9.47708912168229e-05
ENSG00000155755	9.475299564275387e-05
ENSG00000143776	9.473548010622852e-05
ENSG00000132153	9.467022962063181e-05
ENSG00000174444	9.459775869315493e-05
ENSG00000007923	9.459108348643976e-05
ENSG00000066629	9.452765787035778e-05
ENSG00000121060	9.451855588028701e-05
ENSG00000119699	9.451460656177937e-05
ENSG00000136273	9.449098011188725e-05
ENSG00000198954	9.447589923227053e-05
ENSG00000075391	9.441589378544555e-05
ENSG00000196652	9.429923548551444e-05
ENSG00000170677	9.425102569801238e-05
ENSG00000128567	9.423246278769716e-05
ENSG00000162517	9.420390488582219e-05
ENSG00000133398	9.417370049094016e-05
ENSG00000125810	9.411973921995887e-05
ENSG00000111676	9.407227040006148e-05
ENSG00000004939	9.405967882059021e-05
ENSG00000130684	9.401944930720057e-05
ENSG00000153071	9.401233743163876e-05
ENSG00000147649	9.400713350054091e-05
ENSG00000188976	9.394968689762452e-05
ENSG00000108819	9.390315358744959e-05
ENSG00000139372	9.387192407812401e-05
ENSG00000109339	9.386834161682938e-05
ENSG00000175084	9.381981806963398e-05
ENSG00000122012	9.378517505894963e-05
ENSG00000114251	9.376667768174795e-05
ENSG00000171467	9.375059707229467e-05
ENSG00000115268	9.370829955113661e-05
ENSG00000136816	9.36983540516314e-05
ENSG00000004478	9.36712488670164e-05
ENSG00000120889	9.365607319256196e-05
ENSG00000075388	9.357535884746192e-05
ENSG00000113248	9.356843185883508e-05
ENSG00000143772	9.356479791658617e-05
ENSG00000112306	9.355279754835958e-05
ENSG00000168310	9.353545216449903e-05
ENSG00000102781	9.352944693782161e-05
ENSG00000171812	9.352250571264867e-05
ENSG00000087206	9.347587151399847e-05
ENSG00000164161	9.345642640278501e-05
ENSG00000107140	9.344765519301486e-05
ENSG00000130811	9.342889924184742e-05
ENSG00000115263	9.341921766740285e-05
ENSG00000276082	9.34105354480671e-05
ENSG00000164733	9.340909163210003e-05
ENSG00000162298	9.338076048227576e-05
ENSG00000186871	9.337334080099015e-05
ENSG00000154133	9.336870456689839e-05
ENSG00000162928	9.336430763345609e-05
ENSG00000175470	9.335820929562346e-05
ENSG00000171865	9.331722335817374e-05
ENSG00000160202	9.327513700772606e-05
ENSG00000127586	9.327297083372225e-05
ENSG00000108829	9.321665192212807e-05
ENSG00000075673	9.312023213822953e-05
ENSG00000163499	9.307962843504504e-05
ENSG00000173905	9.295597461366219e-05
ENSG00000142173	9.294208949845078e-05
ENSG00000119139	9.293925571369787e-05
ENSG00000172273	9.291001052516448e-05
ENSG00000197702	9.290073411047123e-05
ENSG00000118705	9.284343402344302e-05
ENSG00000164050	9.28333138520565e-05
ENSG00000081479	9.282455047065637e-05
ENSG00000178913	9.281136026620182e-05
ENSG00000067225	9.279776966676247e-05
ENSG00000104960	9.266445707361276e-05
ENSG00000171246	9.264057020297615e-05
ENSG00000104885	9.263287318678619e-05
ENSG00000169429	9.26275050625188e-05
ENSG00000115364	9.259198124896928e-05
ENSG00000064995	9.258487132292731e-05
ENSG00000108523	9.257299353173204e-05
ENSG00000122188	9.25644835281342e-05
ENSG00000137574	9.254532707887663e-05
ENSG00000163785	9.253479275907341e-05
ENSG00000138674	9.252186193941458e-05
ENSG00000281614	9.25180115371985e-05
ENSG00000130340	9.246865519842211e-05
ENSG00000083845	9.246807168895087e-05
ENSG00000177138	9.243835195442014e-05
ENSG00000147669	9.235493275183484e-05
ENSG00000149571	9.230243451686254e-05
ENSG00000132591	9.227073209340831e-05
ENSG00000198034	9.225450081908386e-05
ENSG00000131375	9.22543020573214e-05
ENSG00000099326	9.223971293628478e-05
ENSG00000139572	9.223395322893933e-05
ENSG00000172061	9.222524445482348e-05
ENSG00000160877	9.220993184362456e-05
ENSG00000244754	9.219675124785723e-05
ENSG00000148925	9.211505112011564e-05
ENSG00000133706	9.21031530491854e-05
ENSG00000114648	9.209920948352777e-05
ENSG00000068796	9.208314353735596e-05
ENSG00000131721	9.206248656168668e-05
ENSG00000072954	9.203722707592784e-05
ENSG00000130560	9.201233655775925e-05
ENSG00000100077	9.200322859071616e-05
ENSG00000187790	9.198801995164671e-05
ENSG00000130985	9.19780559007565e-05
ENSG00000115993	9.191533073270005e-05
ENSG00000115170	9.191258575740167e-05
ENSG00000134884	9.190743957085831e-05
ENSG00000185386	9.180651412350398e-05
ENSG00000136205	9.17725244204358e-05
ENSG00000140511	9.174969878572487e-05
ENSG00000139190	9.173854899267959e-05
ENSG00000119917	9.171338711412685e-05
ENSG00000160201	9.17100499087154e-05
ENSG00000009335	9.166678298296801e-05
ENSG00000214367	9.166255276153486e-05
ENSG00000138435	9.159237207377333e-05
ENSG00000065548	9.15793901953393e-05
ENSG00000118762	9.154238153493955e-05
ENSG00000248333	9.153496541640752e-05
ENSG00000111886	9.150092674505453e-05
ENSG00000146276	9.150092674505453e-05
ENSG00000099991	9.143491252669474e-05
ENSG00000118200	9.142589820564574e-05
ENSG00000107796	9.136818511821322e-05
ENSG00000075089	9.134416257859272e-05
ENSG00000119403	9.13344958821792e-05
ENSG00000259956	9.132214427021835e-05
ENSG00000105880	9.127887257910252e-05
ENSG00000143393	9.12685422133726e-05
ENSG00000131788	9.123687990896992e-05
ENSG00000183520	9.121451781222585e-05
ENSG00000162704	9.120450208891475e-05
ENSG00000105258	9.11877117284398e-05
ENSG00000182636	9.117591062058245e-05
ENSG00000169297	9.116484935600031e-05
ENSG00000178028	9.110875832090128e-05
ENSG00000198492	9.099313402249204e-05
ENSG00000164442	9.095984969617111e-05
ENSG00000215788	9.093336195859961e-05
ENSG00000145349	9.092742130262665e-05
ENSG00000113838	9.089291100156288e-05
ENSG00000282608	9.086721493240184e-05
ENSG00000128833	9.085551791387406e-05
ENSG00000101596	9.084970149482585e-05
ENSG00000139180	9.081374963141994e-05
ENSG00000152795	9.073445608922248e-05
ENSG00000277956	9.073081735135094e-05
ENSG00000071243	9.071343988205618e-05
ENSG00000127561	9.067958524117146e-05
ENSG00000118432	9.067274678174169e-05
ENSG00000112578	9.061953292811091e-05
ENSG00000120318	9.060065364634058e-05
ENSG00000141084	9.05997858092755e-05
ENSG00000150782	9.056891714734832e-05
ENSG00000120333	9.056763473606327e-05
ENSG00000139436	9.05188168616567e-05
ENSG00000126777	9.051606691548898e-05
ENSG00000125633	9.047739000356056e-05
ENSG00000132424	9.046107746254816e-05
ENSG00000120498	9.043444113223695e-05
ENSG00000205220	9.042893385593599e-05
ENSG00000003400	9.038911415359306e-05
ENSG00000117697	9.036770720558723e-05
ENSG00000111348	9.035138953312096e-05
ENSG00000005022	9.032707575685746e-05
ENSG00000050730	9.031561307000627e-05
ENSG00000196792	9.030049871834304e-05
ENSG00000054965	9.029407806183381e-05
ENSG00000107863	9.025843883559831e-05
ENSG00000155636	9.022719671031369e-05
ENSG00000101850	9.010622984216365e-05
ENSG00000127588	9.002501876868575e-05
ENSG00000088832	8.998659010994476e-05
ENSG00000107566	8.995345428284376e-05
ENSG00000069345	8.989872332823055e-05
ENSG00000047849	8.982715044593622e-05
ENSG00000003393	8.970126950616962e-05
ENSG00000164054	8.968112670071796e-05
ENSG00000213463	8.960763539192612e-05
ENSG00000128591	8.95896015844102e-05
ENSG00000079332	8.958753361209138e-05
ENSG00000114125	8.9571518641085e-05
ENSG00000150768	8.956788792448061e-05
ENSG00000118922	8.951311112357357e-05
ENSG00000171858	8.950964514087414e-05
ENSG00000116954	8.950338451531736e-05
ENSG00000070193	8.949205304802991e-05
ENSG00000117632	8.948727380663186e-05
ENSG00000100221	8.942775872116861e-05
ENSG00000093183	8.937680508901536e-05
ENSG00000185504	8.93754341924091e-05
ENSG00000158711	8.935938063582255e-05
ENSG00000137992	8.933769526672702e-05
ENSG00000118729	8.931350996202834e-05
ENSG00000143756	8.927895580577725e-05
ENSG00000156697	8.924812723339873e-05
ENSG00000283100	8.916575488081589e-05
ENSG00000102081	8.913591036621558e-05
ENSG00000103710	8.906203936101333e-05
ENSG00000119408	8.906162706287601e-05
ENSG00000072571	8.90229116678703e-05
ENSG00000108342	8.899795928788101e-05
ENSG00000135597	8.899277568149076e-05
ENSG00000197157	8.896214035360074e-05
ENSG00000008196	8.89572118031777e-05
ENSG00000106609	8.891429313008022e-05
ENSG00000137976	8.891259362836404e-05
ENSG00000119042	8.889127011020681e-05
ENSG00000110013	8.887278021776511e-05
ENSG00000179820	8.886375131607959e-05
ENSG00000187522	8.88230735260121e-05
ENSG00000124067	8.879051617147134e-05
ENSG00000186141	8.87601444638522e-05
ENSG00000088888	8.8743454756833e-05
ENSG00000011275	8.872081439518434e-05
ENSG00000105887	8.870281573567912e-05
ENSG00000157111	8.87012206706196e-05
ENSG00000133195	8.866094395082471e-05
ENSG00000261893	8.86052328074535e-05
ENSG00000104722	8.859306510584689e-05
ENSG00000170571	8.85930611745582e-05
ENSG00000168118	8.858036139147436e-05
ENSG00000159202	8.856216208465101e-05
ENSG00000142676	8.855511215580242e-05
ENSG00000197024	8.849120577398455e-05
ENSG00000143257	8.848451805160566e-05
ENSG00000110171	8.847013308788195e-05
ENSG00000136522	8.84662695688689e-05
ENSG00000130299	8.843965030259027e-05
ENSG00000018408	8.843746574869064e-05
ENSG00000106153	8.842682529620941e-05
ENSG00000114127	8.841424432322185e-05
ENSG00000162063	8.839598360418749e-05
ENSG00000151304	8.838000467193972e-05
ENSG00000142856	8.837926378526925e-05
ENSG00000143452	8.837664380206233e-05
ENSG00000063046	8.8347749210919e-05
ENSG00000066382	8.833731022544949e-05
ENSG00000137414	8.832108696254499e-05
ENSG00000106263	8.830842290136945e-05
ENSG00000126464	8.8300015702973e-05
ENSG00000131435	8.82773956621161e-05
ENSG00000165525	8.825952836709972e-05
ENSG00000132780	8.825776305577886e-05
ENSG00000181544	8.824750410526853e-05
ENSG00000184203	8.823981234695908e-05
ENSG00000025796	8.823895655780159e-05
ENSG00000144711	8.822093377768617e-05
ENSG00000198844	8.818004415315219e-05
ENSG00000179526	8.813868300618281e-05
ENSG00000110435	8.811836255252301e-05
ENSG00000196730	8.811330340437274e-05
ENSG00000178127	8.810191315681765e-05
ENSG00000116752	8.800727725455971e-05
ENSG00000127329	8.799727995223119e-05
ENSG00000147604	8.797002454971592e-05
ENSG00000182568	8.791032213483641e-05
ENSG00000162702	8.78678527955764e-05
ENSG00000087095	8.786243957102253e-05
ENSG00000126432	8.786148070225978e-05
ENSG00000127837	8.783541119590812e-05
ENSG00000169403	8.782765802364193e-05
ENSG00000132405	8.777478295377484e-05
ENSG00000112290	8.776725046071117e-05
ENSG00000154920	8.775131720310178e-05
ENSG00000187323	8.774207019395194e-05
ENSG00000184281	8.773106179457688e-05
ENSG00000169180	8.76942570812471e-05
ENSG00000154447	8.767965682353882e-05
ENSG00000103496	8.76546454772318e-05
ENSG00000196459	8.763960268114976e-05
ENSG00000103966	8.761904684500646e-05
ENSG00000162244	8.761595482209237e-05
ENSG00000166091	8.760702656793966e-05
ENSG00000125571	8.758940807651204e-05
ENSG00000082512	8.754182523248516e-05
ENSG00000108679	8.753944988718e-05
ENSG00000025770	8.753715262881892e-05
ENSG00000169242	8.748309395886477e-05
ENSG00000066933	8.74774349371245e-05
ENSG00000172426	8.745792457141226e-05
ENSG00000167244	8.743045369284609e-05
ENSG00000164032	8.737519795461468e-05
ENSG00000169682	8.734598858211066e-05
ENSG00000176142	8.734291291477901e-05
ENSG00000095370	8.729295260017037e-05
ENSG00000168509	8.729086303861338e-05
ENSG00000157985	8.727981641451163e-05
ENSG00000172292	8.72280297956922e-05
ENSG00000164985	8.718036736289389e-05
ENSG00000181827	8.714334686687737e-05
ENSG00000102921	8.7137027018267e-05
ENSG00000171241	8.711648807536684e-05
ENSG00000184678	8.710954351126926e-05
ENSG00000134453	8.705170486034121e-05
ENSG00000140553	8.703672874172929e-05
ENSG00000174059	8.703589564531378e-05
ENSG00000109685	8.703403290728137e-05
ENSG00000112200	8.701948311950243e-05
ENSG00000164778	8.700616403155359e-05
ENSG00000168092	8.697949750039293e-05
ENSG00000198677	8.693297015222461e-05
ENSG00000166900	8.686003802585955e-05
ENSG00000140400	8.685948776353102e-05
ENSG00000074800	8.675530697340173e-05
ENSG00000146674	8.673472618002532e-05
ENSG00000040275	8.669712704532547e-05
ENSG00000228913	8.666395901355361e-05
ENSG00000147099	8.66398938551922e-05
ENSG00000275074	8.663296502061032e-05
ENSG00000145016	8.66286209099535e-05
ENSG00000183304	8.659735460470382e-05
ENSG00000183454	8.659250658256104e-05
ENSG00000163312	8.657419246807619e-05
ENSG00000184677	8.655217081110305e-05
ENSG00000185104	8.653346363599352e-05
ENSG00000198887	8.6499625317232e-05
ENSG00000185567	8.639545518736109e-05
ENSG00000160293	8.639256637650992e-05
ENSG00000147679	8.638654886113656e-05
ENSG00000071054	8.637169808835881e-05
ENSG00000105443	8.634479013872809e-05
ENSG00000137221	8.624979873267171e-05
ENSG00000253710	8.624545237310164e-05
ENSG00000119760	8.624067520618731e-05
ENSG00000143801	8.621540669789686e-05
ENSG00000132376	8.617600122836562e-05
ENSG00000152192	8.615446049628436e-05
ENSG00000172059	8.615352617526452e-05
ENSG00000182606	8.615337952456207e-05
ENSG00000213390	8.613979323385387e-05
ENSG00000156256	8.611488764531487e-05
ENSG00000168542	8.605030257470256e-05
ENSG00000135077	8.602190807159831e-05
ENSG00000136717	8.602058563001439e-05
ENSG00000107960	8.598544863346085e-05
ENSG00000084090	8.59834108587405e-05
ENSG00000178966	8.597942854353945e-05
ENSG00000148660	8.597390307469797e-05
ENSG00000284774	8.592209150081461e-05
ENSG00000140391	8.591788134313328e-05
ENSG00000130382	8.59160774934687e-05
ENSG00000088305	8.58823431843062e-05
ENSG00000051341	8.585855847892888e-05
ENSG00000145391	8.584727798747602e-05
ENSG00000147526	8.58445747390608e-05
ENSG00000117395	8.582968543180937e-05
ENSG00000083844	8.580181106934833e-05
ENSG00000169439	8.57861450862892e-05
ENSG00000085063	8.57043724045513e-05
ENSG00000160856	8.565896416084398e-05
ENSG00000114209	8.565040974446394e-05
ENSG00000125304	8.564305728785951e-05
ENSG00000120949	8.558283868677507e-05
ENSG00000126653	8.549537432339283e-05
ENSG00000101150	8.54725612642942e-05
ENSG00000068912	8.547100420018518e-05
ENSG00000072609	8.546743094575783e-05
ENSG00000003056	8.545638952074532e-05
ENSG00000158813	8.544827556253488e-05
ENSG00000173846	8.542126696353204e-05
ENSG00000111602	8.541231117094165e-05
ENSG00000102893	8.53937001867435e-05
ENSG00000116406	8.53917694131625e-05
ENSG00000117859	8.537164731559547e-05
ENSG00000079841	8.533789073513611e-05
ENSG00000271601	8.532020878749553e-05
ENSG00000095906	8.530844193435786e-05
ENSG00000151458	8.529568816946556e-05
ENSG00000171786	8.52954443750882e-05
ENSG00000011258	8.528385017368402e-05
ENSG00000174405	8.524876042382237e-05
ENSG00000068400	8.523978577954883e-05
ENSG00000165630	8.520469065481789e-05
ENSG00000127914	8.519590949955859e-05
ENSG00000251258	8.518924426148727e-05
ENSG00000101654	8.516144366965858e-05
ENSG00000116688	8.513131043574822e-05
ENSG00000137642	8.512177124589301e-05
ENSG00000135040	8.512163538201316e-05
ENSG00000143319	8.509091337763157e-05
ENSG00000116459	8.503952224336624e-05
ENSG00000133056	8.502564805023692e-05
ENSG00000011260	8.501799273635679e-05
ENSG00000129625	8.501530025526906e-05
ENSG00000008988	8.501092321840445e-05
ENSG00000104368	8.499558246810955e-05
ENSG00000155868	8.496866301514106e-05
ENSG00000114739	8.487462036938946e-05
ENSG00000138801	8.487039465722122e-05
ENSG00000156795	8.486838604680486e-05
ENSG00000137267	8.483039647619003e-05
ENSG00000206075	8.474883397022112e-05
ENSG00000127603	8.47077566015811e-05
ENSG00000167977	8.467019116913131e-05
ENSG00000100296	8.466664674520133e-05
ENSG00000125249	8.464131334227427e-05
ENSG00000073008	8.464081115501104e-05
ENSG00000182117	8.461760112408076e-05
ENSG00000134046	8.455491009764463e-05
ENSG00000138675	8.454392908087107e-05
ENSG00000108854	8.451564137451082e-05
ENSG00000116754	8.449881082576656e-05
ENSG00000220205	8.447732894778196e-05
ENSG00000120251	8.44275627575779e-05
ENSG00000284916	8.441425324718851e-05
ENSG00000168556	8.439262081986438e-05
ENSG00000164068	8.439052696456549e-05
ENSG00000166813	8.435615252658284e-05
ENSG00000165732	8.434832516481245e-05
ENSG00000133121	8.434621409618929e-05
ENSG00000197077	8.434437680607648e-05
ENSG00000094914	8.434326217202915e-05
ENSG00000074211	8.429216890019952e-05
ENSG00000106052	8.427726766690971e-05
ENSG00000129219	8.42618066112463e-05
ENSG00000135473	8.426078435666085e-05
ENSG00000115310	8.424087679281882e-05
ENSG00000154975	8.423806983154472e-05
ENSG00000261456	8.423030339256878e-05
ENSG00000126787	8.421597175726959e-05
ENSG00000117122	8.417662337634817e-05
ENSG00000205356	8.416540971724981e-05
ENSG00000104892	8.40908474881051e-05
ENSG00000115211	8.40906935635366e-05
ENSG00000133275	8.407051118491714e-05
ENSG00000108175	8.405792628413578e-05
ENSG00000122859	8.405034725923513e-05
ENSG00000174010	8.40497207325766e-05
ENSG00000134480	8.404550639682208e-05
ENSG00000101680	8.402328246804675e-05
ENSG00000163166	8.400053359269167e-05
ENSG00000131748	8.388638174737807e-05
ENSG00000182952	8.38667074152843e-05
ENSG00000119638	8.385831574400974e-05
ENSG00000140983	8.381854600982908e-05
ENSG00000169218	8.380151010025599e-05
ENSG00000143373	8.379198986163183e-05
ENSG00000104388	8.379105895996141e-05
ENSG00000179632	8.37841847842502e-05
ENSG00000125482	8.377327982527436e-05
ENSG00000213585	8.376150418924817e-05
ENSG00000215114	8.370740116006323e-05
ENSG00000116731	8.368549005971828e-05
ENSG00000175573	8.367645914835735e-05
ENSG00000112130	8.367173759063682e-05
ENSG00000119401	8.364702347639775e-05
ENSG00000163823	8.364020204592186e-05
ENSG00000113595	8.362472090497039e-05
ENSG00000154719	8.358952129801759e-05
ENSG00000196116	8.358541077346977e-05
ENSG00000164163	8.358183281860485e-05
ENSG00000083093	8.356895454499773e-05
ENSG00000114391	8.354379782658409e-05
ENSG00000136158	8.354267751509656e-05
ENSG00000100749	8.353918615576372e-05
ENSG00000167657	8.352407266156377e-05
ENSG00000184436	8.347403225735126e-05
ENSG00000159210	8.345496428288373e-05
ENSG00000130584	8.343753486043098e-05
ENSG00000119285	8.342426533980642e-05
ENSG00000175376	8.342370324021182e-05
ENSG00000160973	8.340549338503621e-05
ENSG00000112335	8.340183906097142e-05
ENSG00000126254	8.338640516719387e-05
ENSG00000106144	8.334701971253289e-05
ENSG00000177674	8.330915595583e-05
ENSG00000100023	8.330662638638756e-05
ENSG00000090863	8.326550259972109e-05
ENSG00000024526	8.324781255562592e-05
ENSG00000105849	8.323240320485555e-05
ENSG00000103507	8.320826351187189e-05
ENSG00000159110	8.32031903936501e-05
ENSG00000285339	8.320177613775573e-05
ENSG00000163904	8.320176254183883e-05
ENSG00000115592	8.318558619599e-05
ENSG00000095981	8.315650394276012e-05
ENSG00000164776	8.314176565084345e-05
ENSG00000163125	8.305517423108499e-05
ENSG00000020426	8.294974541542178e-05
ENSG00000109689	8.29337215900073e-05
ENSG00000175931	8.292942489587958e-05
ENSG00000176619	8.284393448792562e-05
ENSG00000196155	8.283012141406358e-05
ENSG00000134186	8.282964758098486e-05
ENSG00000166816	8.280769886518039e-05
ENSG00000132470	8.28022113922103e-05
ENSG00000160803	8.278332756196912e-05
ENSG00000105700	8.275313322538594e-05
ENSG00000060982	8.274690820174238e-05
ENSG00000115540	8.273894701857767e-05
ENSG00000170035	8.273361102032167e-05
ENSG00000162664	8.271163325144381e-05
ENSG00000172809	8.269490539814282e-05
ENSG00000113430	8.26531292525409e-05
ENSG00000115289	8.264002712369913e-05
ENSG00000170049	8.263079218459003e-05
ENSG00000140682	8.259831134277967e-05
ENSG00000177479	8.257601144280546e-05
ENSG00000171488	8.256617888313573e-05
ENSG00000010244	8.256058346107468e-05
ENSG00000120215	8.252719342734386e-05
ENSG00000123200	8.252696074317962e-05
ENSG00000099804	8.249849048085761e-05
ENSG00000164162	8.244684320626123e-05
ENSG00000239672	8.243659587763385e-05
ENSG00000150459	8.23962756609469e-05
ENSG00000198160	8.239470556818065e-05
ENSG00000125414	8.238168470909782e-05
ENSG00000149177	8.234834768887299e-05
ENSG00000168763	8.233958203226017e-05
ENSG00000198783	8.232884136427132e-05
ENSG00000021645	8.231992680352415e-05
ENSG00000116266	8.228870549911442e-05
ENSG00000166908	8.227675131126247e-05
ENSG00000165584	8.219263626125016e-05
ENSG00000018699	8.2178544809654e-05
ENSG00000138286	8.217376646483203e-05
ENSG00000134215	8.213845599147793e-05
ENSG00000101152	8.213292660596701e-05
ENSG00000108509	8.211456922360652e-05
ENSG00000127948	8.209448045356432e-05
ENSG00000084110	8.209178340756222e-05
ENSG00000168397	8.208108482615905e-05
ENSG00000131828	8.204380634176465e-05
ENSG00000115325	8.199921507781396e-05
ENSG00000169021	8.19926093779642e-05
ENSG00000160447	8.194324523269636e-05
ENSG00000130939	8.19326301746407e-05
ENSG00000169519	8.191215739723503e-05
ENSG00000162924	8.185294635720785e-05
ENSG00000135148	8.184738873178738e-05
ENSG00000108309	8.184427091913871e-05
ENSG00000158828	8.169724246800355e-05
ENSG00000137692	8.166767089202271e-05
ENSG00000164970	8.163644020065485e-05
ENSG00000170373	8.162699783323482e-05
ENSG00000107938	8.162404768832934e-05
ENSG00000005882	8.161522346045871e-05
ENSG00000107485	8.16006805919881e-05
ENSG00000112183	8.1594877054486e-05
ENSG00000039650	8.158122061975114e-05
ENSG00000134013	8.146538279643429e-05
ENSG00000075292	8.139107957780609e-05
ENSG00000108622	8.138874420293832e-05
ENSG00000155849	8.135230057708178e-05
ENSG00000074590	8.134497982638076e-05
ENSG00000197448	8.1343449107457e-05
ENSG00000086589	8.132942943440667e-05
ENSG00000104312	8.127074890865154e-05
ENSG00000143171	8.126416117947827e-05
ENSG00000114439	8.126046601571201e-05
ENSG00000069011	8.117326576563467e-05
ENSG00000172164	8.1169795937669e-05
ENSG00000182968	8.11623014417577e-05
ENSG00000107929	8.112180695024947e-05
ENSG00000147381	8.109469277094236e-05
ENSG00000132026	8.107888403628008e-05
ENSG00000116833	8.10525271284509e-05
ENSG00000173960	8.101586168974485e-05
ENSG00000197892	8.097528729096778e-05
ENSG00000074201	8.09699421562289e-05
ENSG00000185414	8.095859231455024e-05
ENSG00000170653	8.093235183832008e-05
ENSG00000147044	8.093129871220677e-05
ENSG00000164741	8.09162148569438e-05
ENSG00000138107	8.090216360394223e-05
ENSG00000196700	8.087687794468214e-05
ENSG00000081138	8.086123526333155e-05
ENSG00000170236	8.081798551984276e-05
ENSG00000069275	8.081791513064072e-05
ENSG00000103091	8.079445139803599e-05
ENSG00000172380	8.07601874677382e-05
ENSG00000018510	8.071645635971027e-05
ENSG00000135424	8.070825819702443e-05
ENSG00000100852	8.068340865789074e-05
ENSG00000187513	8.066499733565093e-05
ENSG00000168995	8.066015578980932e-05
ENSG00000076067	8.060841906727315e-05
ENSG00000151779	8.058809618219457e-05
ENSG00000167513	8.058689415565138e-05
ENSG00000107295	8.053365832765923e-05
ENSG00000166147	8.052931699313704e-05
ENSG00000168078	8.050553901536164e-05
ENSG00000107341	8.050249982850992e-05
ENSG00000163624	8.04943211213791e-05
ENSG00000101442	8.047925658900589e-05
ENSG00000277258	8.045744169793412e-05
ENSG00000241553	8.043353578100453e-05
ENSG00000136699	8.03994247722373e-05
ENSG00000156709	8.038567662281315e-05
ENSG00000096006	8.038096166102346e-05
ENSG00000124562	8.037241731585389e-05
ENSG00000288461	8.036492586145547e-05
ENSG00000258839	8.035977298067981e-05
ENSG00000114019	8.035908771213535e-05
ENSG00000136237	8.034018811357353e-05
ENSG00000120727	8.032709657205582e-05
ENSG00000170043	8.031536230771084e-05
ENSG00000143390	8.027759752160949e-05
ENSG00000180198	8.024357269384459e-05
ENSG00000072210	8.023615681779417e-05
ENSG00000139679	8.019267572364268e-05
ENSG00000153044	8.01729928696021e-05
ENSG00000149968	8.01677337289016e-05
ENSG00000107719	8.015868605425223e-05
ENSG00000156273	8.015341137042033e-05
ENSG00000132612	8.010483339274727e-05
ENSG00000047056	8.009542782067895e-05
ENSG00000070159	8.005343396577463e-05
ENSG00000179454	8.004942476735069e-05
ENSG00000174021	8.003602783047228e-05
ENSG00000196664	8.003199468364656e-05
ENSG00000116747	7.99800301690179e-05
ENSG00000159720	7.996722118967855e-05
ENSG00000069424	7.992661529363879e-05
ENSG00000135968	7.991513478585764e-05
ENSG00000099617	7.991143215999543e-05
ENSG00000135365	7.990938474797654e-05
ENSG00000185900	7.990402917666271e-05
ENSG00000103591	7.987664328211877e-05
ENSG00000163563	7.986906033856297e-05
ENSG00000178623	7.98679413132933e-05
ENSG00000047249	7.98426857257757e-05
ENSG00000196660	7.983391723886656e-05
ENSG00000150672	7.982064645758963e-05
ENSG00000145741	7.98009751660703e-05
ENSG00000284194	7.977698238770354e-05
ENSG00000115459	7.97331058530779e-05
ENSG00000213339	7.971340781837612e-05
ENSG00000010404	7.968580596202842e-05
ENSG00000177084	7.967959444303827e-05
ENSG00000119865	7.967364165357059e-05
ENSG00000023330	7.966649547831199e-05
ENSG00000102225	7.964301156335215e-05
ENSG00000115421	7.962054203247533e-05
ENSG00000172795	7.961943272245613e-05
ENSG00000171843	7.961841437724298e-05
ENSG00000086102	7.960668626785743e-05
ENSG00000213246	7.959363792026511e-05
ENSG00000164303	7.95709750071126e-05
ENSG00000204406	7.953696382922043e-05
ENSG00000166441	7.94711801324171e-05
ENSG00000117528	7.94465668936772e-05
ENSG00000134460	7.943673408980014e-05
ENSG00000135776	7.943226714724526e-05
ENSG00000151655	7.939629136403152e-05
ENSG00000144713	7.939199093967932e-05
ENSG00000197429	7.937153456263637e-05
ENSG00000162714	7.936799229208974e-05
ENSG00000089737	7.9334884642488e-05
ENSG00000087903	7.9328441835941e-05
ENSG00000136244	7.930797641970047e-05
ENSG00000130429	7.930459852461949e-05
ENSG00000160957	7.929789426461742e-05
ENSG00000234414	7.928168350850522e-05
ENSG00000132676	7.927389106695873e-05
ENSG00000132589	7.925357944991411e-05
ENSG00000100473	7.923994341450223e-05
ENSG00000094841	7.922666896700891e-05
ENSG00000214827	7.922431041925481e-05
ENSG00000126217	7.915398240033608e-05
ENSG00000112029	7.914781418876538e-05
ENSG00000170638	7.914765528295151e-05
ENSG00000076356	7.906727396327678e-05
ENSG00000136925	7.902852774235024e-05
ENSG00000131238	7.90175134711965e-05
ENSG00000159399	7.8957948913344e-05
ENSG00000173171	7.893633577483904e-05
ENSG00000185379	7.893087652880344e-05
ENSG00000198959	7.890417787542592e-05
ENSG00000083812	7.888821832310269e-05
ENSG00000163737	7.888467911015853e-05
ENSG00000177733	7.8860545837332e-05
ENSG00000178952	7.885531039306092e-05
ENSG00000070087	7.88521702197977e-05
ENSG00000111481	7.883925808442083e-05
ENSG00000282844	7.882309165505057e-05
ENSG00000022267	7.879458137811077e-05
ENSG00000100353	7.878817478265632e-05
ENSG00000101224	7.874147862181598e-05
ENSG00000134255	7.874035551221897e-05
ENSG00000136944	7.87392019049132e-05
ENSG00000135090	7.873609554410896e-05
ENSG00000072736	7.870796568362333e-05
ENSG00000131187	7.867966700457566e-05
ENSG00000114854	7.866249391177065e-05
ENSG00000099875	7.863893999476997e-05
ENSG00000171169	7.863863466752139e-05
ENSG00000048828	7.861447049028664e-05
ENSG00000171522	7.860392316445167e-05
ENSG00000177981	7.85636610416569e-05
ENSG00000119523	7.855540444892175e-05
ENSG00000175756	7.855330574307735e-05
ENSG00000114744	7.847562891833121e-05
ENSG00000106633	7.841457299719609e-05
ENSG00000172115	7.840476297378551e-05
ENSG00000089693	7.836628076411995e-05
ENSG00000064607	7.836474575532694e-05
ENSG00000137055	7.835404447648446e-05
ENSG00000136628	7.833673765208944e-05
ENSG00000230034	7.832132595396453e-05
ENSG00000109046	7.829332550511244e-05
ENSG00000130669	7.828743490401886e-05
ENSG00000169744	7.827566777218356e-05
ENSG00000055044	7.818988352024757e-05
ENSG00000095203	7.816692636092126e-05
ENSG00000204899	7.815660477393486e-05
ENSG00000113070	7.810698266418458e-05
ENSG00000122257	7.808700490555509e-05
ENSG00000115685	7.802320590882609e-05
ENSG00000171823	7.797586829701e-05
ENSG00000185344	7.79467987001509e-05
ENSG00000072694	7.792913442691108e-05
ENSG00000140395	7.792482373129968e-05
ENSG00000163956	7.791980595794922e-05
ENSG00000120647	7.790746035534951e-05
ENSG00000180304	7.783066903213086e-05
ENSG00000186654	7.782199016447172e-05
ENSG00000185728	7.778080052588925e-05
ENSG00000117899	7.775150591156201e-05
ENSG00000143815	7.774338013283422e-05
ENSG00000167333	7.770412309380803e-05
ENSG00000135318	7.76997446794557e-05
ENSG00000138386	7.76915893057957e-05
ENSG00000215305	7.763505271530049e-05
ENSG00000138459	7.761134040685587e-05
ENSG00000204178	7.759429161286678e-05
ENSG00000196604	7.75705047993303e-05
ENSG00000011198	7.755056615079533e-05
ENSG00000068878	7.752819907018259e-05
ENSG00000100591	7.752412255086027e-05
ENSG00000066777	7.752008166482485e-05
ENSG00000248144	7.748982116329627e-05
ENSG00000133103	7.748896841784585e-05
ENSG00000114126	7.745944919766742e-05
ENSG00000104142	7.744439553401331e-05
ENSG00000112280	7.744230462895517e-05
ENSG00000126767	7.737002746500236e-05
ENSG00000133246	7.734829875804282e-05
ENSG00000221838	7.73247785611678e-05
ENSG00000171453	7.730696320589031e-05
ENSG00000028116	7.728719367897239e-05
ENSG00000115825	7.728685525790793e-05
ENSG00000136811	7.728205344306221e-05
ENSG00000165029	7.72791216390811e-05
ENSG00000150394	7.726590745938407e-05
ENSG00000106031	7.724305329005145e-05
ENSG00000187109	7.723634523151131e-05
ENSG00000152242	7.722413340543482e-05
ENSG00000153767	7.719743110147174e-05
ENSG00000153560	7.71555146826568e-05
ENSG00000182511	7.714145085318128e-05
ENSG00000074695	7.713054885914913e-05
ENSG00000197312	7.712950902790755e-05
ENSG00000102387	7.711835017846796e-05
ENSG00000175309	7.711129171398421e-05
ENSG00000119977	7.707880764469843e-05
ENSG00000108799	7.70549475125888e-05
ENSG00000167751	7.70512764282893e-05
ENSG00000198612	7.704977712914307e-05
ENSG00000169299	7.701615701591177e-05
ENSG00000185634	7.701328805408826e-05
ENSG00000198467	7.701223853058184e-05
ENSG00000133422	7.697293732217443e-05
ENSG00000135241	7.69090542507576e-05
ENSG00000121486	7.688513215447479e-05
ENSG00000125656	7.685986544212979e-05
ENSG00000127527	7.683765804852181e-05
ENSG00000152413	7.6818172776274e-05
ENSG00000120278	7.68165697340909e-05
ENSG00000102030	7.681036984747974e-05
ENSG00000113312	7.680801500722233e-05
ENSG00000177058	7.678437296802214e-05
ENSG00000120659	7.676768034974939e-05
ENSG00000196839	7.675004919647653e-05
ENSG00000143669	7.674613367675712e-05
ENSG00000110799	7.669952246089186e-05
ENSG00000134077	7.669946022358563e-05
ENSG00000198707	7.668805965671877e-05
ENSG00000108384	7.668355602640744e-05
ENSG00000166439	7.667889247533533e-05
ENSG00000166313	7.663094104356933e-05
ENSG00000139549	7.662835544462942e-05
ENSG00000120802	7.660733936180237e-05
ENSG00000060749	7.660615535260592e-05
ENSG00000133742	7.658933059256796e-05
ENSG00000173418	7.656999218222266e-05
ENSG00000174562	7.656536866376793e-05
ENSG00000163512	7.653089817645354e-05
ENSG00000131653	7.653035879252184e-05
ENSG00000141456	7.651081203806098e-05
ENSG00000141503	7.647884194556949e-05
ENSG00000100359	7.647422106359022e-05
ENSG00000171132	7.643225732646255e-05
ENSG00000197019	7.641677701187754e-05
ENSG00000118246	7.639845330985657e-05
ENSG00000204262	7.638265073276103e-05
ENSG00000119509	7.637732186125103e-05
ENSG00000107105	7.637569603200788e-05
ENSG00000143033	7.635381439117209e-05
ENSG00000140612	7.633705318268608e-05
ENSG00000184117	7.633126586440827e-05
ENSG00000128944	7.63267942847867e-05
ENSG00000113360	7.632530185884475e-05
ENSG00000008294	7.631349271986454e-05
ENSG00000104967	7.6303437408496e-05
ENSG00000108107	7.628294795553434e-05
ENSG00000106366	7.624380205845696e-05
ENSG00000129347	7.621598283134075e-05
ENSG00000116580	7.616861491916228e-05
ENSG00000007080	7.615236237641014e-05
ENSG00000153574	7.614942262258381e-05
ENSG00000114346	7.613606542568275e-05
ENSG00000163788	7.613133874498759e-05
ENSG00000101974	7.61261342375892e-05
ENSG00000111057	7.60866467386096e-05
ENSG00000112249	7.605745258977698e-05
ENSG00000035720	7.604241130695008e-05
ENSG00000172340	7.599070627794124e-05
ENSG00000185483	7.59717536899658e-05
ENSG00000181788	7.587226267406396e-05
ENSG00000009724	7.585927652924249e-05
ENSG00000088808	7.582038528990053e-05
ENSG00000136560	7.581119642272919e-05
ENSG00000169291	7.578626821791777e-05
ENSG00000144227	7.577995457705798e-05
ENSG00000182985	7.577865388541293e-05
ENSG00000105983	7.574576542535393e-05
ENSG00000131143	7.574093334157941e-05
ENSG00000166863	7.572819261430053e-05
ENSG00000133028	7.572085736141003e-05
ENSG00000164252	7.571388687603508e-05
ENSG00000121957	7.571371980000528e-05
ENSG00000147050	7.56642772662314e-05
ENSG00000158748	7.561011461308498e-05
ENSG00000112305	7.558697980431539e-05
ENSG00000143476	7.558418683821595e-05
ENSG00000174013	7.557142922359175e-05
ENSG00000077235	7.553568995977483e-05
ENSG00000186918	7.552317804055658e-05
ENSG00000184702	7.550986647176195e-05
ENSG00000275555	7.550464535578289e-05
ENSG00000099985	7.548092270780319e-05
ENSG00000106692	7.545016732816972e-05
ENSG00000198258	7.543489794719639e-05
ENSG00000161547	7.540963006090067e-05
ENSG00000162869	7.537456051945769e-05
ENSG00000187608	7.536015358555081e-05
ENSG00000170185	7.53574141082411e-05
ENSG00000198689	7.53487438605199e-05
ENSG00000075142	7.532559384813194e-05
ENSG00000116455	7.530928401805527e-05
ENSG00000163501	7.53069969505334e-05
ENSG00000143502	7.527794906803331e-05
ENSG00000114446	7.525722544718737e-05
ENSG00000070190	7.521809966107606e-05
ENSG00000100226	7.517658802569454e-05
ENSG00000138744	7.517473314891982e-05
ENSG00000255529	7.517407970120443e-05
ENSG00000170369	7.51471242530401e-05
ENSG00000111319	7.512302630377485e-05
ENSG00000141627	7.511360079861993e-05
ENSG00000155858	7.508983774224372e-05
ENSG00000077348	7.507124227577148e-05
ENSG00000182580	7.504913258935183e-05
ENSG00000143324	7.503759301773025e-05
ENSG00000147130	7.49870053214168e-05
ENSG00000100216	7.493952110683793e-05
ENSG00000108001	7.492999702344484e-05
ENSG00000173218	7.488955584701618e-05
ENSG00000176386	7.488754291452695e-05
ENSG00000177082	7.488552268257867e-05
ENSG00000136122	7.484379819418616e-05
ENSG00000151693	7.48381610162283e-05
ENSG00000163159	7.48331636062193e-05
ENSG00000075651	7.483314661611731e-05
ENSG00000136152	7.482933613784794e-05
ENSG00000171150	7.482802835549068e-05
ENSG00000107447	7.478608830012702e-05
ENSG00000092841	7.477771960649034e-05
ENSG00000100034	7.476588415616817e-05
ENSG00000109189	7.476482481019207e-05
ENSG00000170777	7.476112081165778e-05
ENSG00000173163	7.473568077066366e-05
ENSG00000282633	7.471610678298216e-05
ENSG00000131507	7.471329690585202e-05
ENSG00000166938	7.470749122159239e-05
ENSG00000197081	7.46726432416975e-05
ENSG00000111218	7.464382689759163e-05
ENSG00000141542	7.463216618758885e-05
ENSG00000197893	7.458921776837596e-05
ENSG00000162148	7.456804869879606e-05
ENSG00000180447	7.45366763524054e-05
ENSG00000011376	7.453037145812494e-05
ENSG00000164107	7.451990940390377e-05
ENSG00000149115	7.45151306735981e-05
ENSG00000116350	7.448411655326861e-05
ENSG00000134744	7.446303068800754e-05
ENSG00000136828	7.44512456900322e-05
ENSG00000154016	7.438536917185563e-05
ENSG00000105793	7.435523946485261e-05
ENSG00000102931	7.432713709388138e-05
ENSG00000090273	7.432708634251828e-05
ENSG00000134262	7.431327164807652e-05
ENSG00000108788	7.429954885238138e-05
ENSG00000198205	7.429572427214931e-05
ENSG00000176988	7.429005132490604e-05
ENSG00000130511	7.427054190213885e-05
ENSG00000255302	7.426089991368133e-05
ENSG00000050130	7.423295869738167e-05
ENSG00000172819	7.422526539297367e-05
ENSG00000140416	7.421900986580568e-05
ENSG00000170348	7.419793468947687e-05
ENSG00000118965	7.418347855194317e-05
ENSG00000137073	7.414015239545596e-05
ENSG00000110931	7.413714188576969e-05
ENSG00000157036	7.413490261032961e-05
ENSG00000205683	7.410252406782823e-05
ENSG00000080298	7.408056550491519e-05
ENSG00000112038	7.403198787039764e-05
ENSG00000198252	7.401003392613185e-05
ENSG00000268447	7.393131827345564e-05
ENSG00000157107	7.392941164214054e-05
ENSG00000176887	7.392077672432059e-05
ENSG00000103494	7.391684757200501e-05
ENSG00000125037	7.391003669634745e-05
ENSG00000158186	7.390152226166547e-05
ENSG00000115761	7.387694618486979e-05
ENSG00000141316	7.385728556468955e-05
ENSG00000160396	7.384910451504468e-05
ENSG00000156234	7.384610948978955e-05
ENSG00000155876	7.383638313674224e-05
ENSG00000205155	7.382324184197379e-05
ENSG00000166866	7.377329918516136e-05
ENSG00000060237	7.375880988071088e-05
ENSG00000178307	7.374521416535985e-05
ENSG00000132792	7.369145062550441e-05
ENSG00000143256	7.368120271118287e-05
ENSG00000025423	7.366311830697837e-05
ENSG00000158458	7.364775672021917e-05
ENSG00000168827	7.364095002077e-05
ENSG00000115738	7.363557295586787e-05
ENSG00000112333	7.363275428820876e-05
ENSG00000137996	7.361567530929785e-05
ENSG00000164171	7.357309825642498e-05
ENSG00000125657	7.356504980495594e-05
ENSG00000111667	7.347322240320517e-05
ENSG00000137040	7.346647510316551e-05
ENSG00000121766	7.34574766210594e-05
ENSG00000165209	7.342750414038901e-05
ENSG00000277079	7.342734310642294e-05
ENSG00000254999	7.342728922679044e-05
ENSG00000134283	7.339214385441359e-05
ENSG00000143420	7.335390013117572e-05
ENSG00000111328	7.331518030719875e-05
ENSG00000115902	7.330047384939819e-05
ENSG00000142002	7.329813151197086e-05
ENSG00000198146	7.329336266852174e-05
ENSG00000106617	7.322676965336007e-05
ENSG00000152661	7.321600623863492e-05
ENSG00000077454	7.320396340130782e-05
ENSG00000134910	7.318686776740237e-05
ENSG00000122557	7.317992507309701e-05
ENSG00000184047	7.31746887477538e-05
ENSG00000123104	7.316505349835967e-05
ENSG00000130176	7.316065803080037e-05
ENSG00000154127	7.315186746719041e-05
ENSG00000135439	7.312557426755582e-05
ENSG00000167625	7.312544924021073e-05
ENSG00000111011	7.310952769062781e-05
ENSG00000102837	7.309754010686535e-05
ENSG00000165283	7.307282520300022e-05
ENSG00000157851	7.306526157066719e-05
ENSG00000184752	7.304466656414695e-05
ENSG00000198000	7.30416419037133e-05
ENSG00000126218	7.30398989690395e-05
ENSG00000168209	7.303153700829868e-05
ENSG00000106305	7.302185584597267e-05
ENSG00000139083	7.300897676531661e-05
ENSG00000038274	7.295276339093529e-05
ENSG00000151414	7.29236362581265e-05
ENSG00000146729	7.286042249834657e-05
ENSG00000145192	7.285370739027911e-05
ENSG00000153391	7.28278523422685e-05
ENSG00000168887	7.281715984330576e-05
ENSG00000152520	7.281709514430977e-05
ENSG00000164031	7.281372612256882e-05
ENSG00000164683	7.281174823727263e-05
ENSG00000171469	7.280982807063619e-05
ENSG00000168653	7.278934441778693e-05
ENSG00000126803	7.27665671016739e-05
ENSG00000143924	7.275886101052519e-05
ENSG00000284238	7.27246200329366e-05
ENSG00000197958	7.270357253794441e-05
ENSG00000165672	7.27009747096476e-05
ENSG00000196584	7.267603148725361e-05
ENSG00000110944	7.262744186862475e-05
ENSG00000043143	7.259329687944305e-05
ENSG00000128872	7.256799797197879e-05
ENSG00000079819	7.254570503004589e-05
ENSG00000122862	7.248674386376211e-05
ENSG00000165806	7.248664626341915e-05
ENSG00000155367	7.24739972273578e-05
ENSG00000129038	7.243743774387726e-05
ENSG00000141447	7.242946692167043e-05
ENSG00000171346	7.238457578679818e-05
ENSG00000068120	7.238143684783186e-05
ENSG00000167088	7.238100895475343e-05
ENSG00000141956	7.236903507612409e-05
ENSG00000173230	7.2319936614421e-05
ENSG00000136810	7.23186991382907e-05
ENSG00000115661	7.230623633604502e-05
ENSG00000130150	7.230523721927831e-05
ENSG00000115947	7.228686968896706e-05
ENSG00000100380	7.227506859068987e-05
ENSG00000054967	7.227345710534918e-05
ENSG00000116138	7.22716310939138e-05
ENSG00000005302	7.225020149221939e-05
ENSG00000124226	7.224120428028304e-05
ENSG00000077092	7.221219351817362e-05
ENSG00000240303	7.221009848760272e-05
ENSG00000119614	7.218425009782136e-05
ENSG00000136271	7.217307313890707e-05
ENSG00000108984	7.216770182352336e-05
ENSG00000196305	7.216578879646945e-05
ENSG00000174607	7.215637397641099e-05
ENSG00000100209	7.21219807977801e-05
ENSG00000102580	7.210932127402412e-05
ENSG00000112234	7.208712700770706e-05
ENSG00000087263	7.20082675773546e-05
ENSG00000091704	7.20068481644998e-05
ENSG00000285023	7.200381013402137e-05
ENSG00000276618	7.199693136680722e-05
ENSG00000092969	7.199466140906883e-05
ENSG00000197713	7.19763960406317e-05
ENSG00000092108	7.19762719429885e-05
ENSG00000105246	7.187657839513248e-05
ENSG00000277586	7.187228710855413e-05
ENSG00000170374	7.186426435554535e-05
ENSG00000244734	7.182335406230171e-05
ENSG00000162992	7.179776937666523e-05
ENSG00000128829	7.177080775068554e-05
ENSG00000140350	7.174636443426807e-05
ENSG00000166265	7.173269853471555e-05
ENSG00000114982	7.173241259518909e-05
ENSG00000159388	7.170236636803121e-05
ENSG00000113790	7.169270464476996e-05
ENSG00000088256	7.168470536902717e-05
ENSG00000197905	7.163244058073628e-05
ENSG00000100167	7.162799669027774e-05
ENSG00000138080	7.162142055083057e-05
ENSG00000253719	7.160240137968015e-05
ENSG00000108242	7.158604117816521e-05
ENSG00000162399	7.155823306657268e-05
ENSG00000144791	7.154753551315255e-05
ENSG00000128641	7.154125938740432e-05
ENSG00000189180	7.152510789146962e-05
ENSG00000113810	7.150585405087276e-05
ENSG00000140307	7.150082044627613e-05
ENSG00000159763	7.149862344323134e-05
ENSG00000181915	7.148994325296568e-05
ENSG00000116161	7.147205764909123e-05
ENSG00000177051	7.145122692536778e-05
ENSG00000197616	7.139395779972523e-05
ENSG00000181625	7.135420262563312e-05
ENSG00000104774	7.132771377779353e-05
ENSG00000197548	7.130658139265232e-05
ENSG00000012061	7.129893398731757e-05
ENSG00000134108	7.129601053960538e-05
ENSG00000243678	7.127932872437385e-05
ENSG00000118298	7.125316990315207e-05
ENSG00000163950	7.124703091729102e-05
ENSG00000102401	7.121604861463131e-05
ENSG00000145495	7.121017567218976e-05
ENSG00000113384	7.120046814612969e-05
ENSG00000140455	7.116991833366147e-05
ENSG00000088833	7.116348743343721e-05
ENSG00000198026	7.11578720604977e-05
ENSG00000118194	7.114807883953924e-05
ENSG00000177125	7.111162736601563e-05
ENSG00000197780	7.110394383991787e-05
ENSG00000143418	7.109102382486155e-05
ENSG00000196632	7.104810285769754e-05
ENSG00000164318	7.10446143918707e-05
ENSG00000173706	7.103641526667252e-05
ENSG00000177984	7.10305477726511e-05
ENSG00000054611	7.101808441586855e-05
ENSG00000170633	7.10071337680161e-05
ENSG00000121579	7.097036978408486e-05
ENSG00000100239	7.091054579099379e-05
ENSG00000169760	7.086779999240903e-05
ENSG00000105447	7.085999856286379e-05
ENSG00000143553	7.085078894637167e-05
ENSG00000196284	7.078691716396688e-05
ENSG00000143155	7.0748793382365e-05
ENSG00000185338	7.072866263352249e-05
ENSG00000213809	7.072745796700543e-05
ENSG00000165494	7.072565370731218e-05
ENSG00000120705	7.071721369162483e-05
ENSG00000177283	7.070092920550145e-05
ENSG00000087074	7.068890992584718e-05
ENSG00000174886	7.068415717188319e-05
ENSG00000118898	7.067898578508888e-05
ENSG00000116209	7.065877520264662e-05
ENSG00000100029	7.065854379890815e-05
ENSG00000102878	7.065138581690137e-05
ENSG00000092929	7.063745893168621e-05
ENSG00000100234	7.0599444278677e-05
ENSG00000186130	7.059308299349903e-05
ENSG00000127241	7.05467141346177e-05
ENSG00000087245	7.05153878706178e-05
ENSG00000107281	7.048773397160365e-05
ENSG00000135083	7.045986088192788e-05
ENSG00000211598	7.045884074465606e-05
ENSG00000105402	7.04512426844765e-05
ENSG00000166411	7.04187359003451e-05
ENSG00000114686	7.038285065173916e-05
ENSG00000125503	7.037936122431352e-05
ENSG00000115750	7.03684347238369e-05
ENSG00000102178	7.032909329553933e-05
ENSG00000131966	7.030093513005712e-05
ENSG00000284889	7.029141301258707e-05
ENSG00000115677	7.028193543153445e-05
ENSG00000166888	7.027913885366105e-05
ENSG00000108590	7.026646554036207e-05
ENSG00000181904	7.019964175408792e-05
ENSG00000084072	7.016860855099171e-05
ENSG00000142552	7.016272361464863e-05
ENSG00000137831	7.012102587532474e-05
ENSG00000129354	7.011745519497715e-05
ENSG00000138030	7.011267784034292e-05
ENSG00000137504	7.009615380592198e-05
ENSG00000186111	7.008766688903183e-05
ENSG00000148943	7.006219479035367e-05
ENSG00000106278	7.004797355956757e-05
ENSG00000182718	7.004783598138812e-05
ENSG00000138231	7.001663925495617e-05
ENSG00000143344	6.999461040629853e-05
ENSG00000130024	6.998210749880354e-05
ENSG00000162623	6.995455937954629e-05
ENSG00000147378	6.995358303663362e-05
ENSG00000125733	6.9945892068868e-05
ENSG00000204084	6.99133832868099e-05
ENSG00000058262	6.987856588571242e-05
ENSG00000182400	6.987503894856332e-05
ENSG00000146143	6.983646126243885e-05
ENSG00000056277	6.983291168633732e-05
ENSG00000119725	6.981441873432965e-05
ENSG00000103111	6.973529840101685e-05
ENSG00000136942	6.965267420302666e-05
ENSG00000132463	6.960374931972678e-05
ENSG00000113645	6.959253378618148e-05
ENSG00000106511	6.956753852124202e-05
ENSG00000282972	6.95258768245747e-05
ENSG00000164332	6.951703261477226e-05
ENSG00000185721	6.946795454704237e-05
ENSG00000181333	6.944177507502838e-05
ENSG00000147536	6.942621952802476e-05
ENSG00000140538	6.941539236229607e-05
ENSG00000111364	6.941329601791074e-05
ENSG00000163430	6.938576668741446e-05
ENSG00000103274	6.9384627167112e-05
ENSG00000148384	6.937918764155049e-05
ENSG00000164008	6.93768544345222e-05
ENSG00000177301	6.937217140183755e-05
ENSG00000237051	6.93555625884644e-05
ENSG00000167671	6.932517126534616e-05
ENSG00000105538	6.932340406806438e-05
ENSG00000115107	6.931551485236095e-05
ENSG00000011295	6.930214052458728e-05
ENSG00000113638	6.927184006427447e-05
ENSG00000167670	6.923992298607957e-05
ENSG00000284282	6.921693033204381e-05
ENSG00000110025	6.921408570247991e-05
ENSG00000172500	6.919079011568499e-05
ENSG00000134504	6.919003108337399e-05
ENSG00000116584	6.917386585691626e-05
ENSG00000169951	6.915006893611409e-05
ENSG00000101213	6.914345529371377e-05
ENSG00000149591	6.914002623816429e-05
ENSG00000111639	6.912074394161454e-05
ENSG00000115392	6.907179266061118e-05
ENSG00000162430	6.90553933016186e-05
ENSG00000128266	6.903037301212354e-05
ENSG00000197535	6.901696142593999e-05
ENSG00000137699	6.89907114887793e-05
ENSG00000132849	6.892689080334912e-05
ENSG00000162601	6.88879877313285e-05
ENSG00000185129	6.887953315849563e-05
ENSG00000144852	6.88753091910096e-05
ENSG00000104889	6.883129731951332e-05
ENSG00000088179	6.879789028790168e-05
ENSG00000127463	6.879016261339958e-05
ENSG00000119801	6.878331595591288e-05
ENSG00000143507	6.877784882085007e-05
ENSG00000035499	6.873398194006282e-05
ENSG00000010256	6.873362250846209e-05
ENSG00000134109	6.871656552770681e-05
ENSG00000049130	6.871029043956905e-05
ENSG00000179915	6.866555698324375e-05
ENSG00000136877	6.864688541738025e-05
ENSG00000152601	6.861783836172735e-05
ENSG00000189410	6.861477807674578e-05
ENSG00000143870	6.860220618623313e-05
ENSG00000168778	6.860199364217604e-05
ENSG00000101407	6.858563670348337e-05
ENSG00000132639	6.858152689850809e-05
ENSG00000169129	6.857381061360522e-05
ENSG00000116095	6.855674233540839e-05
ENSG00000119048	6.850107901226201e-05
ENSG00000134987	6.848799440497366e-05
ENSG00000197951	6.848121776494578e-05
ENSG00000106483	6.84729423797744e-05
ENSG00000151465	6.846676609734522e-05
ENSG00000254647	6.844845579841409e-05
ENSG00000161204	6.842415017601687e-05
ENSG00000130119	6.841829522201522e-05
ENSG00000172262	6.840540690807343e-05
ENSG00000166006	6.838571458722745e-05
ENSG00000120451	6.83766520436755e-05
ENSG00000254709	6.835212782315274e-05
ENSG00000145241	6.833487538048645e-05
ENSG00000019102	6.833155051231697e-05
ENSG00000111144	6.831505140115258e-05
ENSG00000085760	6.829244755802446e-05
ENSG00000182004	6.829188117972466e-05
ENSG00000156831	6.828247433313263e-05
ENSG00000182158	6.82691454342081e-05
ENSG00000061794	6.825983748297981e-05
ENSG00000198670	6.825511203603171e-05
ENSG00000276561	6.822934155839066e-05
ENSG00000099204	6.822751466119086e-05
ENSG00000160219	6.817332275667017e-05
ENSG00000087494	6.814003203383826e-05
ENSG00000140534	6.812888734065284e-05
ENSG00000108406	6.81257915134659e-05
ENSG00000139668	6.809718964984954e-05
ENSG00000112530	6.808072990702314e-05
ENSG00000106348	6.805860896662545e-05
ENSG00000186625	6.805609805455306e-05
ENSG00000136068	6.804275527558454e-05
ENSG00000154065	6.803736586879156e-05
ENSG00000188191	6.80296318238214e-05
ENSG00000171320	6.800317871131389e-05
ENSG00000165678	6.799954767450496e-05
ENSG00000081277	6.798822188189155e-05
ENSG00000140543	6.797022159111868e-05
ENSG00000104332	6.795917256887648e-05
ENSG00000089818	6.795211459213018e-05
ENSG00000172336	6.79340727301198e-05
ENSG00000005810	6.792748070243154e-05
ENSG00000198771	6.79013810663283e-05
ENSG00000106113	6.789303343592342e-05
ENSG00000182533	6.78819060599573e-05
ENSG00000168418	6.78765379803424e-05
ENSG00000186010	6.787370145114544e-05
ENSG00000184661	6.782832245598302e-05
ENSG00000161911	6.781077109740074e-05
ENSG00000081177	6.780818840610399e-05
ENSG00000166801	6.78054349951889e-05
ENSG00000152082	6.776676425633167e-05
ENSG00000012983	6.775026926184137e-05
ENSG00000136802	6.774505996628026e-05
ENSG00000115274	6.76928938718259e-05
ENSG00000141101	6.767845447967732e-05
ENSG00000157734	6.763976023509578e-05
ENSG00000173456	6.761885754223509e-05
ENSG00000160563	6.760808513261251e-05
ENSG00000162889	6.758077439386152e-05
ENSG00000163554	6.757787879416364e-05
ENSG00000114745	6.757204923498513e-05
ENSG00000164080	6.756476175354565e-05
ENSG00000137218	6.753811153377313e-05
ENSG00000104537	6.753418603427949e-05
ENSG00000204130	6.752453997563666e-05
ENSG00000057663	6.750195305770573e-05
ENSG00000141756	6.748114661520137e-05
ENSG00000197746	6.7474609009803e-05
ENSG00000101144	6.747354101609e-05
ENSG00000101350	6.746652127242233e-05
ENSG00000186891	6.7457887508366e-05
ENSG00000122779	6.745540492451568e-05
ENSG00000163811	6.743999346846185e-05
ENSG00000134070	6.73442787712581e-05
ENSG00000131080	6.733937567591875e-05
ENSG00000081051	6.731157776983116e-05
ENSG00000105679	6.726162056526356e-05
ENSG00000168263	6.724602557415977e-05
ENSG00000112992	6.72456456766222e-05
ENSG00000131437	6.72385517080272e-05
ENSG00000075975	6.722595099321347e-05
ENSG00000171195	6.722092240538566e-05
ENSG00000172409	6.721206276775985e-05
ENSG00000178035	6.71321285435121e-05
ENSG00000138175	6.7086080848516e-05
ENSG00000105705	6.707648909324032e-05
ENSG00000144560	6.70538777329351e-05
ENSG00000157240	6.705354517437412e-05
ENSG00000165197	6.704755766575914e-05
ENSG00000123843	6.704494221293932e-05
ENSG00000158321	6.701188897696886e-05
ENSG00000187123	6.70098518314537e-05
ENSG00000155111	6.698601676001102e-05
ENSG00000102158	6.696256750115731e-05
ENSG00000138182	6.694307796762202e-05
ENSG00000124491	6.692738914632698e-05
ENSG00000133872	6.692735370637465e-05
ENSG00000275111	6.69222610745305e-05
ENSG00000115317	6.690089744463801e-05
ENSG00000163661	6.687346169364574e-05
ENSG00000197272	6.68685790529232e-05
ENSG00000113812	6.685915875781435e-05
ENSG00000027075	6.684949367540108e-05
ENSG00000205726	6.682082221612822e-05
ENSG00000103353	6.68009563211209e-05
ENSG00000115657	6.677372990749474e-05
ENSG00000138347	6.676564558816549e-05
ENSG00000132600	6.674470854099952e-05
ENSG00000157657	6.673640672783721e-05
ENSG00000139329	6.673067601874633e-05
ENSG00000136842	6.670647808983261e-05
ENSG00000165322	6.669641693704763e-05
ENSG00000060566	6.669303857043216e-05
ENSG00000196547	6.669234130231213e-05
ENSG00000134138	6.660762685382115e-05
ENSG00000187094	6.659402825435053e-05
ENSG00000058056	6.6578022259122e-05
ENSG00000130204	6.65581854700462e-05
ENSG00000103485	6.655227894921074e-05
ENSG00000198523	6.654232167292934e-05
ENSG00000264424	6.652803981133032e-05
ENSG00000123066	6.646213618059905e-05
ENSG00000177169	6.644703504881548e-05
ENSG00000084754	6.643887137637278e-05
ENSG00000119787	6.639797778862232e-05
ENSG00000116005	6.639739762993303e-05
ENSG00000178988	6.6355237225296e-05
ENSG00000060069	6.632756298310575e-05
ENSG00000186416	6.631888011991974e-05
ENSG00000169220	6.630862548136866e-05
ENSG00000025156	6.630795411544877e-05
ENSG00000125817	6.630324001170022e-05
ENSG00000101162	6.625939470022074e-05
ENSG00000172724	6.621035612463716e-05
ENSG00000181472	6.616737528535851e-05
ENSG00000101189	6.615220543453982e-05
ENSG00000090776	6.61478999837392e-05
ENSG00000135723	6.612912849383591e-05
ENSG00000160714	6.61062334168698e-05
ENSG00000140365	6.610507393964228e-05
ENSG00000126107	6.609872351410495e-05
ENSG00000122026	6.609416520480751e-05
ENSG00000168710	6.608032381870315e-05
ENSG00000100129	6.607274427466787e-05
ENSG00000028203	6.606558476511514e-05
ENSG00000174891	6.597419175666568e-05
ENSG00000185010	6.592477869305749e-05
ENSG00000156345	6.5924358543502e-05
ENSG00000241697	6.591954116317513e-05
ENSG00000038427	6.590284456273152e-05
ENSG00000100422	6.589377885395408e-05
ENSG00000120942	6.586669969546676e-05
ENSG00000083720	6.586662553903265e-05
ENSG00000057608	6.585578075735056e-05
ENSG00000064225	6.585431781206567e-05
ENSG00000124380	6.583609863086685e-05
ENSG00000145220	6.579677572643635e-05
ENSG00000180720	6.579518189910838e-05
ENSG00000179943	6.578016129199217e-05
ENSG00000106560	6.574504570615565e-05
ENSG00000010803	6.566592637956346e-05
ENSG00000169962	6.566028737608786e-05
ENSG00000160949	6.565303547753709e-05
ENSG00000109775	6.563486467673141e-05
ENSG00000188229	6.559554006791212e-05
ENSG00000230624	6.55772029971099e-05
ENSG00000087086	6.556814634552842e-05
ENSG00000145901	6.556691299843106e-05
ENSG00000067842	6.556245728484123e-05
ENSG00000165059	6.551499674553379e-05
ENSG00000106571	6.55109091974915e-05
ENSG00000160058	6.549537964250326e-05
ENSG00000166340	6.549433760977205e-05
ENSG00000162302	6.549400846843524e-05
ENSG00000103154	6.547541717853223e-05
ENSG00000244687	6.547495109948463e-05
ENSG00000148730	6.545136006606879e-05
ENSG00000005812	6.544043984292438e-05
ENSG00000172638	6.542429590655503e-05
ENSG00000197056	6.540572285128121e-05
ENSG00000129292	6.539698576722766e-05
ENSG00000143147	6.539434714279515e-05
ENSG00000124089	6.539140597679312e-05
ENSG00000179941	6.53845140208813e-05
ENSG00000153914	6.536690901786101e-05
ENSG00000100297	6.535918269377716e-05
ENSG00000100823	6.530964331078615e-05
ENSG00000197641	6.53052458236939e-05
ENSG00000174748	6.528442520496589e-05
ENSG00000089048	6.523669894548113e-05
ENSG00000141540	6.522848059026441e-05
ENSG00000125885	6.521837726685129e-05
ENSG00000146676	6.520361415007026e-05
ENSG00000112365	6.519010250646636e-05
ENSG00000120742	6.518109202696435e-05
ENSG00000198589	6.517854099560962e-05
ENSG00000081320	6.517845670968823e-05
ENSG00000258890	6.516829917651677e-05
ENSG00000106852	6.51531226285354e-05
ENSG00000080200	6.514312224629567e-05
ENSG00000112242	6.508504740364852e-05
ENSG00000082153	6.508403900201757e-05
ENSG00000101365	6.507347598057267e-05
ENSG00000140320	6.503177611205549e-05
ENSG00000135900	6.501451305396418e-05
ENSG00000149133	6.498543385129204e-05
ENSG00000144218	6.498507824559375e-05
ENSG00000107897	6.496772156557673e-05
ENSG00000150681	6.491444271720809e-05
ENSG00000241839	6.489019167200113e-05
ENSG00000119392	6.48885798540459e-05
ENSG00000196659	6.486713115298848e-05
ENSG00000131148	6.483894365397803e-05
ENSG00000230143	6.480557749810293e-05
ENSG00000161904	6.479651249668575e-05
ENSG00000169189	6.477523745361871e-05
ENSG00000167772	6.477323189013087e-05
ENSG00000138698	6.477217955354407e-05
ENSG00000175592	6.475155502130878e-05
ENSG00000243646	6.474972840824325e-05
ENSG00000144724	6.474781673011534e-05
ENSG00000147684	6.474506814871253e-05
ENSG00000188778	6.47333416334195e-05
ENSG00000211448	6.472064675396626e-05
ENSG00000176108	6.472036937049195e-05
ENSG00000125354	6.471371552319382e-05
ENSG00000085999	6.467073962789536e-05
ENSG00000010310	6.466781306116216e-05
ENSG00000144152	6.465472210981099e-05
ENSG00000111052	6.464527239786646e-05
ENSG00000008710	6.459875611348378e-05
ENSG00000113240	6.459398048393955e-05
ENSG00000156299	6.458948083207914e-05
ENSG00000135074	6.455175175546955e-05
ENSG00000163629	6.451903839554294e-05
ENSG00000027644	6.451787050797589e-05
ENSG00000136936	6.448691768903587e-05
ENSG00000164715	6.447813564516416e-05
ENSG00000149499	6.446726891180066e-05
ENSG00000133794	6.446269698747852e-05
ENSG00000168267	6.444993856717334e-05
ENSG00000142082	6.443634056194059e-05
ENSG00000278619	6.437284879312807e-05
ENSG00000166105	6.427442216534763e-05
ENSG00000144355	6.426980965660858e-05
ENSG00000101335	6.425708040939262e-05
ENSG00000006194	6.423001669755241e-05
ENSG00000111859	6.422966794775426e-05
ENSG00000185630	6.422624656539238e-05
ENSG00000070669	6.42231517415377e-05
ENSG00000112208	6.421683036952677e-05
ENSG00000163214	6.420138474400179e-05
ENSG00000107104	6.419019648596574e-05
ENSG00000157087	6.418190214868123e-05
ENSG00000125968	6.417380111323725e-05
ENSG00000215853	6.414520323187819e-05
ENSG00000145916	6.414188251716659e-05
ENSG00000130479	6.41265469535552e-05
ENSG00000100403	6.411835287393486e-05
ENSG00000008853	6.410955593163224e-05
ENSG00000185324	6.410578866033475e-05
ENSG00000147416	6.408841937834953e-05
ENSG00000164053	6.407484027054684e-05
ENSG00000025039	6.406670437474789e-05
ENSG00000198183	6.404387451509433e-05
ENSG00000120533	6.403784971384622e-05
ENSG00000102385	6.402192167135266e-05
ENSG00000135775	6.397105077718431e-05
ENSG00000170820	6.387052118887191e-05
ENSG00000108651	6.386522857665433e-05
ENSG00000123064	6.381439263915225e-05
ENSG00000139973	6.381269855629256e-05
ENSG00000115616	6.380370680405838e-05
ENSG00000144524	6.380272518703042e-05
ENSG00000161526	6.380265506673424e-05
ENSG00000136104	6.378986396128306e-05
ENSG00000111237	6.378930401343046e-05
ENSG00000096696	6.378795226752928e-05
ENSG00000187045	6.374474258836206e-05
ENSG00000169371	6.374430787410469e-05
ENSG00000196689	6.374353723861152e-05
ENSG00000090339	6.372136487357121e-05
ENSG00000077458	6.371544934075838e-05
ENSG00000072849	6.37081687330285e-05
ENSG00000167754	6.370601249219127e-05
ENSG00000156973	6.369475527656201e-05
ENSG00000171051	6.367310945572024e-05
ENSG00000230336	6.365750990640881e-05
ENSG00000166685	6.364846091631814e-05
ENSG00000130702	6.363312905075346e-05
ENSG00000156475	6.362316863503322e-05
ENSG00000137818	6.361439466168178e-05
ENSG00000136160	6.360825311225245e-05
ENSG00000229314	6.360095439943366e-05
ENSG00000197172	6.359504497695375e-05
ENSG00000161634	6.358196235971765e-05
ENSG00000177600	6.35794212399957e-05
ENSG00000078618	6.356967320471927e-05
ENSG00000140945	6.35470265133383e-05
ENSG00000196954	6.353393021588326e-05
ENSG00000186834	6.353230813570788e-05
ENSG00000161542	6.35293625538882e-05
ENSG00000174989	6.348997984605999e-05
ENSG00000081026	6.346389256004952e-05
ENSG00000103528	6.344179755189442e-05
ENSG00000033030	6.342412880870935e-05
ENSG00000163069	6.341342894299599e-05
ENSG00000140990	6.339981764856575e-05
ENSG00000168758	6.338835825659194e-05
ENSG00000267796	6.338765657975649e-05
ENSG00000089250	6.335436910560738e-05
ENSG00000116001	6.3350880790719e-05
ENSG00000173726	6.332972167112544e-05
ENSG00000119685	6.328721005987155e-05
ENSG00000172667	6.327491636615763e-05
ENSG00000196092	6.324730012993738e-05
ENSG00000164330	6.324499090846451e-05
ENSG00000115297	6.319667703722047e-05
ENSG00000163714	6.318430790614899e-05
ENSG00000288401	6.317986576113837e-05
ENSG00000176208	6.317904126449897e-05
ENSG00000137834	6.316490164425495e-05
ENSG00000197256	6.313588482156122e-05
ENSG00000153179	6.3133484949469e-05
ENSG00000152207	6.311535005307406e-05
ENSG00000132313	6.311476789649472e-05
ENSG00000108306	6.311272590271011e-05
ENSG00000196611	6.311142370084818e-05
ENSG00000164111	6.307051357870856e-05
ENSG00000168907	6.306173436637585e-05
ENSG00000164758	6.304887296350045e-05
ENSG00000185518	6.304322195988252e-05
ENSG00000115282	6.303242707728104e-05
ENSG00000159176	6.300346825620576e-05
ENSG00000106771	6.299949833242011e-05
ENSG00000285152	6.299229638420507e-05
ENSG00000082996	6.297503720797082e-05
ENSG00000198925	6.29475515762249e-05
ENSG00000133619	6.294631233218497e-05
ENSG00000175224	6.293425948399126e-05
ENSG00000171222	6.2930712283366e-05
ENSG00000048462	6.292744655529706e-05
ENSG00000138785	6.292430117732059e-05
ENSG00000163655	6.292155454959681e-05
ENSG00000104904	6.290828582809055e-05
ENSG00000214717	6.290123939106757e-05
ENSG00000105610	6.285450354481059e-05
ENSG00000197223	6.283344715790546e-05
ENSG00000115756	6.282518591954313e-05
ENSG00000170265	6.28077751545291e-05
ENSG00000107186	6.279900537562215e-05
ENSG00000132581	6.27899829992121e-05
ENSG00000109618	6.278802892216148e-05
ENSG00000111786	6.275812208280777e-05
ENSG00000156398	6.274328693203411e-05
ENSG00000110801	6.272265873306774e-05
ENSG00000068323	6.272111091357022e-05
ENSG00000158874	6.271483634062116e-05
ENSG00000075340	6.268878192469792e-05
ENSG00000014824	6.267753741613833e-05
ENSG00000129187	6.264808111138383e-05
ENSG00000151332	6.264154861941248e-05
ENSG00000165629	6.261954525460452e-05
ENSG00000088812	6.261412009343115e-05
ENSG00000135338	6.261163081130032e-05
ENSG00000077800	6.259571813538358e-05
ENSG00000122133	6.259338520122666e-05
ENSG00000085265	6.257232367159702e-05
ENSG00000187475	6.256862856911954e-05
ENSG00000164897	6.254647200241707e-05
ENSG00000103241	6.254461024543371e-05
ENSG00000186642	6.254402498026786e-05
ENSG00000021852	6.251699087300892e-05
ENSG00000162572	6.246692524196706e-05
ENSG00000100139	6.246344421743644e-05
ENSG00000105556	6.245004519293335e-05
ENSG00000002822	6.244779077108932e-05
ENSG00000105671	6.243829767972698e-05
ENSG00000181408	6.243097499001225e-05
ENSG00000165757	6.243079011076525e-05
ENSG00000003402	6.242384913664328e-05
ENSG00000103978	6.242283790356406e-05
ENSG00000137764	6.238748951616603e-05
ENSG00000237441	6.237180738645063e-05
ENSG00000144674	6.236601115302118e-05
ENSG00000178175	6.235066173417106e-05
ENSG00000168807	6.233787532351657e-05
ENSG00000125703	6.233601867467565e-05
ENSG00000144747	6.233407401307693e-05
ENSG00000170340	6.233378464530994e-05
ENSG00000198074	6.232392507900204e-05
ENSG00000099822	6.230818159875429e-05
ENSG00000078098	6.229642348763321e-05
ENSG00000126768	6.22935949283684e-05
ENSG00000087502	6.228514289953136e-05
ENSG00000184292	6.224403713806256e-05
ENSG00000171443	6.224334549138635e-05
ENSG00000142784	6.224219753197539e-05
ENSG00000184451	6.223537972996266e-05
ENSG00000182318	6.222895035079674e-05
ENSG00000145850	6.221138437015663e-05
ENSG00000102804	6.218433655789046e-05
ENSG00000168944	6.218061524973236e-05
ENSG00000113643	6.217252546180004e-05
ENSG00000100505	6.217004415377461e-05
ENSG00000091583	6.216343718812817e-05
ENSG00000206560	6.215635981705323e-05
ENSG00000102910	6.215180921481477e-05
ENSG00000111046	6.212163917229682e-05
ENSG00000137124	6.211486059344866e-05
ENSG00000140463	6.210804902791992e-05
ENSG00000181409	6.210684709736551e-05
ENSG00000174903	6.208959252324749e-05
ENSG00000196072	6.208721463132315e-05
ENSG00000158050	6.208169499516232e-05
ENSG00000196967	6.207215826485788e-05
ENSG00000129197	6.205741381272618e-05
ENSG00000138031	6.203693033213128e-05
ENSG00000117620	6.203680179979758e-05
ENSG00000164219	6.201867251282702e-05
ENSG00000137100	6.201350046285466e-05
ENSG00000169856	6.19754744293326e-05
ENSG00000132716	6.193929584740773e-05
ENSG00000149313	6.193641921565263e-05
ENSG00000099624	6.192964643307918e-05
ENSG00000071127	6.192809763260088e-05
ENSG00000079805	6.191389242968805e-05
ENSG00000184368	6.191050159387182e-05
ENSG00000104221	6.184330070778702e-05
ENSG00000074047	6.183281419076895e-05
ENSG00000021574	6.181751069223464e-05
ENSG00000161847	6.178766000758587e-05
ENSG00000010438	6.17780082382682e-05
ENSG00000115827	6.177364580535759e-05
ENSG00000138083	6.17297517739858e-05
ENSG00000185049	6.172760809791122e-05
ENSG00000136854	6.171940573891825e-05
ENSG00000169756	6.170318034051416e-05
ENSG00000164104	6.169541221865343e-05
ENSG00000129353	6.167757572709974e-05
ENSG00000140379	6.161712368588558e-05
ENSG00000185551	6.161005799402754e-05
ENSG00000205420	6.160434747246164e-05
ENSG00000143222	6.156968512377052e-05
ENSG00000105649	6.156018501666677e-05
ENSG00000175634	6.154818825375091e-05
ENSG00000105939	6.148108586839329e-05
ENSG00000110880	6.14747965500556e-05
ENSG00000089006	6.140105739587317e-05
ENSG00000130038	6.139680566660687e-05
ENSG00000170290	6.13685876448484e-05
ENSG00000168014	6.136648950467298e-05
ENSG00000100721	6.13391396834225e-05
ENSG00000168003	6.133012678454338e-05
ENSG00000116329	6.132814638911037e-05
ENSG00000090487	6.129487747922215e-05
ENSG00000105819	6.129454427196231e-05
ENSG00000172493	6.129334200514161e-05
ENSG00000135390	6.127793013983468e-05
ENSG00000109475	6.127372891068602e-05
ENSG00000135336	6.126872417680481e-05
ENSG00000040199	6.126193652890897e-05
ENSG00000160716	6.124119220596626e-05
ENSG00000163605	6.122220289542994e-05
ENSG00000145740	6.121336059650052e-05
ENSG00000055163	6.11951509017461e-05
ENSG00000134107	6.115975344562489e-05
ENSG00000187325	6.115864680471386e-05
ENSG00000111785	6.114050885228923e-05
ENSG00000130540	6.113869504831607e-05
ENSG00000118520	6.11347370665003e-05
ENSG00000136888	6.113434614587795e-05
ENSG00000162408	6.112186951259486e-05
ENSG00000070778	6.111462105291667e-05
ENSG00000198799	6.110679773692366e-05
ENSG00000095752	6.108235925892106e-05
ENSG00000203737	6.107042147343418e-05
ENSG00000136279	6.106509313207718e-05
ENSG00000162267	6.104586358985252e-05
ENSG00000104343	6.100906659175198e-05
ENSG00000099899	6.100373036436354e-05
ENSG00000165240	6.097259192053584e-05
ENSG00000198001	6.096220123536941e-05
ENSG00000275835	6.096119454858395e-05
ENSG00000160883	6.095952146020353e-05
ENSG00000135373	6.088920465348566e-05
ENSG00000213741	6.08887798498781e-05
ENSG00000263465	6.085429666357417e-05
ENSG00000076864	6.0834184997488764e-05
ENSG00000111669	6.077653708167159e-05
ENSG00000076604	6.07692936548773e-05
ENSG00000198610	6.075604918490329e-05
ENSG00000017260	6.07545296425681e-05
ENSG00000174175	6.075446262736678e-05
ENSG00000136718	6.070694776087296e-05
ENSG00000136261	6.070178522471744e-05
ENSG00000105698	6.069067032075877e-05
ENSG00000140386	6.065415910234164e-05
ENSG00000143498	6.064572075947857e-05
ENSG00000186017	6.059830221412966e-05
ENSG00000129636	6.05924212508969e-05
ENSG00000188624	6.058377721342662e-05
ENSG00000164187	6.057518758555324e-05
ENSG00000144285	6.057427328723349e-05
ENSG00000139505	6.057165653632097e-05
ENSG00000075415	6.056107971274431e-05
ENSG00000130827	6.054936738735408e-05
ENSG00000277909	6.054577998715002e-05
ENSG00000101040	6.054394673246304e-05
ENSG00000175193	6.0536652748631925e-05
ENSG00000167173	6.0507639996186386e-05
ENSG00000146425	6.050366000934647e-05
ENSG00000100994	6.049308312583211e-05
ENSG00000188647	6.043350316834214e-05
ENSG00000136634	6.0426465219678075e-05
ENSG00000148926	6.041939330812915e-05
ENSG00000176853	6.041913577023649e-05
ENSG00000121797	6.040848474324009e-05
ENSG00000172828	6.040738632393532e-05
ENSG00000070501	6.040256569585684e-05
ENSG00000237508	6.0400447645931293e-05
ENSG00000137843	6.035404588685274e-05
ENSG00000258366	6.034368825469808e-05
ENSG00000099385	6.034338469620564e-05
ENSG00000141433	6.0330634201218844e-05
ENSG00000028839	6.0330200240168915e-05
ENSG00000127743	6.03271580221898e-05
ENSG00000108469	6.031908313953588e-05
ENSG00000023041	6.0302463118260944e-05
ENSG00000113739	6.0274945786668586e-05
ENSG00000141002	6.0228248763364766e-05
ENSG00000117479	6.018120833930611e-05
ENSG00000106927	6.0157869715897025e-05
ENSG00000099860	6.015108393558235e-05
ENSG00000029153	6.014960415865506e-05
ENSG00000100987	6.014695988642085e-05
ENSG00000197123	6.0133004900401647e-05
ENSG00000158055	6.0128162200686656e-05
ENSG00000128335	6.012721562383671e-05
ENSG00000110046	6.007401933458134e-05
ENSG00000091009	6.00626166440403e-05
ENSG00000163286	6.003709217657563e-05
ENSG00000186468	6.003481956832868e-05
ENSG00000126337	6.002524249199528e-05
ENSG00000141759	5.9998595692312355e-05
ENSG00000060491	5.9930757000238865e-05
ENSG00000143156	5.991535463225461e-05
ENSG00000128276	5.98789812263426e-05
ENSG00000162458	5.9877859870605684e-05
ENSG00000167900	5.987107195481751e-05
ENSG00000159184	5.9869250906649155e-05
ENSG00000162444	5.982632099583998e-05
ENSG00000151466	5.9769019192537794e-05
ENSG00000140092	5.976676432004544e-05
ENSG00000262634	5.976669562683388e-05
ENSG00000168872	5.975912725489898e-05
ENSG00000181104	5.9725497682337095e-05
ENSG00000142892	5.970948521656226e-05
ENSG00000086232	5.970572769358864e-05
ENSG00000058729	5.969851321784397e-05
ENSG00000065675	5.969635488608567e-05
ENSG00000173198	5.9694787054170624e-05
ENSG00000152778	5.968396086211392e-05
ENSG00000123395	5.966800733884386e-05
ENSG00000139977	5.965973218114866e-05
ENSG00000090470	5.965746982264019e-05
ENSG00000258315	5.965474294535902e-05
ENSG00000165684	5.963398348582263e-05
ENSG00000185053	5.961284486100613e-05
ENSG00000181191	5.9604843117273324e-05
ENSG00000162819	5.959150601232708e-05
ENSG00000276072	5.959115195845719e-05
ENSG00000136986	5.9557931948933416e-05
ENSG00000278570	5.9556855190491336e-05
ENSG00000127580	5.95534869501003e-05
ENSG00000169062	5.954578367427041e-05
ENSG00000120075	5.9540364118198174e-05
ENSG00000198732	5.951859706199402e-05
ENSG00000111670	5.9511639818833e-05
ENSG00000132423	5.949174987583843e-05
ENSG00000037637	5.9478182670714095e-05
ENSG00000007545	5.947287752700862e-05
ENSG00000135766	5.947262218224299e-05
ENSG00000139641	5.946476850524649e-05
ENSG00000124193	5.9443649154456e-05
ENSG00000028277	5.94198346403657e-05
ENSG00000168334	5.941545851172181e-05
ENSG00000091136	5.94137451874372e-05
ENSG00000064886	5.939298334179628e-05
ENSG00000168488	5.9382727609681044e-05
ENSG00000130175	5.935980507516054e-05
ENSG00000101307	5.935943521108231e-05
ENSG00000126453	5.935449054634779e-05
ENSG00000162734	5.933562588029433e-05
ENSG00000198792	5.933204462025979e-05
ENSG00000158796	5.9317910036824883e-05
ENSG00000095574	5.9316167974085514e-05
ENSG00000275832	5.930152766985953e-05
ENSG00000116221	5.928508180102621e-05
ENSG00000149735	5.92829291896566e-05
ENSG00000080822	5.926596253661935e-05
ENSG00000167658	5.925999548937605e-05
ENSG00000083838	5.9241969006674594e-05
ENSG00000115271	5.923894953665507e-05
ENSG00000223572	5.9230146171803774e-05
ENSG00000159593	5.921585765484269e-05
ENSG00000104812	5.919722827550549e-05
ENSG00000175354	5.9196128909395955e-05
ENSG00000162694	5.918512819342103e-05
ENSG00000106009	5.913764903679194e-05
ENSG00000022355	5.913678224546162e-05
ENSG00000111732	5.913653847061936e-05
ENSG00000198466	5.9110845981381114e-05
ENSG00000145782	5.9105758364192526e-05
ENSG00000114861	5.9100909892284944e-05
ENSG00000138622	5.909299351924285e-05
ENSG00000088387	5.9080283159816785e-05
ENSG00000113328	5.9066659399786435e-05
ENSG00000027697	5.9059714449616694e-05
ENSG00000101265	5.904834521071787e-05
ENSG00000081377	5.904352146669441e-05
ENSG00000060339	5.903820883965817e-05
ENSG00000104147	5.903773091729146e-05
ENSG00000112983	5.9034812177748745e-05
ENSG00000185745	5.902397906530801e-05
ENSG00000173511	5.900227089624796e-05
ENSG00000078053	5.899321492774035e-05
ENSG00000106636	5.89922967622762e-05
ENSG00000163584	5.8976308876935374e-05
ENSG00000153015	5.895499557503548e-05
ENSG00000188153	5.891272846794002e-05
ENSG00000152404	5.8904114989128344e-05
ENSG00000137054	5.889752441178948e-05
ENSG00000123999	5.88967436643775e-05
ENSG00000135046	5.88864579906009e-05
ENSG00000176624	5.887729695723738e-05
ENSG00000117625	5.8868182423671485e-05
ENSG00000136111	5.8848268090853685e-05
ENSG00000196189	5.884579129404153e-05
ENSG00000128422	5.882484512007341e-05
ENSG00000197530	5.8819085637486e-05
ENSG00000182446	5.881699331775827e-05
ENSG00000118655	5.880564189641529e-05
ENSG00000010030	5.878643759955315e-05
ENSG00000189367	5.878239523343887e-05
ENSG00000113648	5.8773971792187534e-05
ENSG00000184347	5.875519168412165e-05
ENSG00000170802	5.87495865059493e-05
ENSG00000138777	5.8739668958749995e-05
ENSG00000035687	5.873326705841928e-05
ENSG00000189043	5.8730404004689405e-05
ENSG00000129173	5.872421353099091e-05
ENSG00000004779	5.870000479946943e-05
ENSG00000160062	5.868084883534175e-05
ENSG00000158445	5.868061899315995e-05
ENSG00000136231	5.861335041606079e-05
ENSG00000108669	5.860970639300952e-05
ENSG00000124782	5.859687136886102e-05
ENSG00000152578	5.8595904145159516e-05
ENSG00000187961	5.85899179905065e-05
ENSG00000005436	5.853027942685341e-05
ENSG00000135503	5.852522446339753e-05
ENSG00000105732	5.8512560894040745e-05
ENSG00000163803	5.851082320564033e-05
ENSG00000162891	5.849989203720934e-05
ENSG00000163623	5.847848024315338e-05
ENSG00000163320	5.847256534043948e-05
ENSG00000196878	5.847175656830504e-05
ENSG00000166889	5.846188287577955e-05
ENSG00000067066	5.8437779802209374e-05
ENSG00000151224	5.8420814059168524e-05
ENSG00000069849	5.839271791952326e-05
ENSG00000074071	5.839249126041383e-05
ENSG00000154589	5.838867647369896e-05
ENSG00000036054	5.8386939998155756e-05
ENSG00000204060	5.837920940358153e-05
ENSG00000153936	5.835159446665037e-05
ENSG00000280831	5.834801724084843e-05
ENSG00000162695	5.833675150185681e-05
ENSG00000109929	5.8332114764900535e-05
ENSG00000108861	5.832750309953433e-05
ENSG00000102898	5.831444472983662e-05
ENSG00000184005	5.831175133209908e-05
ENSG00000127412	5.8300948477233285e-05
ENSG00000107262	5.830022324505529e-05
ENSG00000048405	5.829608396589392e-05
ENSG00000128564	5.828385811816979e-05
ENSG00000006116	5.827111989616813e-05
ENSG00000124713	5.82663320828743e-05
ENSG00000128510	5.8214373940747116e-05
ENSG00000087111	5.8207055054896995e-05
ENSG00000180332	5.818871975887035e-05
ENSG00000174606	5.816874474442905e-05
ENSG00000278540	5.8137721520887656e-05
ENSG00000184445	5.813683718095199e-05
ENSG00000183963	5.813385438521247e-05
ENSG00000029534	5.812735480299072e-05
ENSG00000198087	5.810238952821163e-05
ENSG00000114812	5.807665708369999e-05
ENSG00000284260	5.805934860672239e-05
ENSG00000159199	5.805339901089282e-05
ENSG00000139719	5.8050500185830635e-05
ENSG00000185189	5.803632952905316e-05
ENSG00000130703	5.8025374504588176e-05
ENSG00000139746	5.801288304451691e-05
ENSG00000264522	5.800857006277855e-05
ENSG00000112701	5.800359023242137e-05
ENSG00000213799	5.800038191862594e-05
ENSG00000166401	5.799968183122965e-05
ENSG00000168591	5.7994629999408104e-05
ENSG00000117322	5.79926592952051e-05
ENSG00000058668	5.7963348577727976e-05
ENSG00000167771	5.796286215583852e-05
ENSG00000132254	5.795584639853685e-05
ENSG00000135269	5.7932139763059674e-05
ENSG00000137500	5.7919975267818414e-05
ENSG00000160392	5.79147058708051e-05
ENSG00000127951	5.7905898132446766e-05
ENSG00000137077	5.7880439662843785e-05
ENSG00000087053	5.787101270619336e-05
ENSG00000129460	5.7867557997606976e-05
ENSG00000147400	5.7861969685805184e-05
ENSG00000146282	5.784731680016164e-05
ENSG00000185825	5.783640854176031e-05
ENSG00000274233	5.7830737870519365e-05
ENSG00000065357	5.7827147577201457e-05
ENSG00000178860	5.7805105456336365e-05
ENSG00000100410	5.779432322812104e-05
ENSG00000156931	5.7782083794720196e-05
ENSG00000167186	5.7745750624108284e-05
ENSG00000123106	5.77380623804885e-05
ENSG00000091317	5.767101803392701e-05
ENSG00000177303	5.7638806887754474e-05
ENSG00000033627	5.762256788246004e-05
ENSG00000181804	5.7618687966385835e-05
ENSG00000167315	5.761703463947365e-05
ENSG00000158467	5.7605337640017976e-05
ENSG00000116670	5.7593809621137163e-05
ENSG00000265808	5.758642269024281e-05
ENSG00000158373	5.757505985885662e-05
ENSG00000154310	5.757264569397105e-05
ENSG00000057593	5.7570464885016116e-05
ENSG00000143753	5.754550952152982e-05
ENSG00000115275	5.751062667119606e-05
ENSG00000151292	5.749761672586888e-05
ENSG00000282947	5.748870820219973e-05
ENSG00000148634	5.746887580434828e-05
ENSG00000143355	5.746641432420306e-05
ENSG00000213445	5.7461677719094695e-05
ENSG00000174136	5.742702864383864e-05
ENSG00000105656	5.742225800471825e-05
ENSG00000168769	5.740113652843179e-05
ENSG00000109917	5.7395201869609985e-05
ENSG00000203896	5.736125927899747e-05
ENSG00000164649	5.7357558611365565e-05
ENSG00000276262	5.7333872675287686e-05
ENSG00000111837	5.732296760985832e-05
ENSG00000163126	5.726768981238969e-05
ENSG00000177575	5.7225960139248775e-05
ENSG00000167685	5.720627965297927e-05
ENSG00000010818	5.7203887574030726e-05
ENSG00000167083	5.720052079070124e-05
ENSG00000149295	5.716546894387249e-05
ENSG00000139323	5.7142473919066564e-05
ENSG00000160410	5.713402439655174e-05
ENSG00000189266	5.7105917746898635e-05
ENSG00000087269	5.7071685804510304e-05
ENSG00000110693	5.703954993799294e-05
ENSG00000171497	5.6991177511710494e-05
ENSG00000134996	5.698643785183242e-05
ENSG00000111911	5.697389167903442e-05
ENSG00000116147	5.697174731419597e-05
ENSG00000131711	5.696266742847279e-05
ENSG00000100580	5.695806433874897e-05
ENSG00000242616	5.694607123405951e-05
ENSG00000151718	5.6944288828571176e-05
ENSG00000109062	5.6939870010599436e-05
ENSG00000137802	5.693042073845277e-05
ENSG00000105321	5.691909137407874e-05
ENSG00000100426	5.691093515642046e-05
ENSG00000159921	5.690729386108084e-05
ENSG00000156711	5.690648763571574e-05
ENSG00000198924	5.688562228307166e-05
ENSG00000131477	5.688199318047731e-05
ENSG00000130254	5.687344386617863e-05
ENSG00000100285	5.685393214714526e-05
ENSG00000240344	5.684835161968699e-05
ENSG00000095564	5.684658036268283e-05
ENSG00000145423	5.684230856841327e-05
ENSG00000102241	5.683797974903453e-05
ENSG00000176102	5.6836355517439567e-05
ENSG00000167815	5.682296545119038e-05
ENSG00000109674	5.682273495278516e-05
ENSG00000164588	5.68178730992573e-05
ENSG00000031698	5.679666520724694e-05
ENSG00000128271	5.6776989845238944e-05
ENSG00000089022	5.676126376040782e-05
ENSG00000173145	5.676084079416842e-05
ENSG00000148143	5.672372410658164e-05
ENSG00000130164	5.6721072472188815e-05
ENSG00000145191	5.671167673600691e-05
ENSG00000141574	5.668577997141501e-05
ENSG00000064652	5.667667062535013e-05
ENSG00000162624	5.6657445575605034e-05
ENSG00000137413	5.663137451292251e-05
ENSG00000135972	5.6599539716897495e-05
ENSG00000170903	5.657884606807237e-05
ENSG00000162512	5.656637900097849e-05
ENSG00000163295	5.6564961467005806e-05
ENSG00000149927	5.656380081035468e-05
ENSG00000197249	5.656187187349256e-05
ENSG00000138771	5.6548236169916e-05
ENSG00000111713	5.6525159366330135e-05
ENSG00000175336	5.652428582636615e-05
ENSG00000129484	5.6521894566648e-05
ENSG00000147145	5.651548059273251e-05
ENSG00000256812	5.650814360797678e-05
ENSG00000163083	5.650316792983054e-05
ENSG00000138650	5.64947998149261e-05
ENSG00000183010	5.648224038569486e-05
ENSG00000055950	5.647780636124702e-05
ENSG00000116685	5.6467713695432844e-05
ENSG00000148572	5.6452701247573255e-05
ENSG00000121274	5.643529734421839e-05
ENSG00000130829	5.642966655678642e-05
ENSG00000104946	5.641305840007853e-05
ENSG00000177311	5.640909721901849e-05
ENSG00000005981	5.6402549628364516e-05
ENSG00000189431	5.6396873107403244e-05
ENSG00000185022	5.638247875967377e-05
ENSG00000153395	5.636796618435144e-05
ENSG00000123094	5.633384604904348e-05
ENSG00000167476	5.6326344078044406e-05
ENSG00000175110	5.630087179159594e-05
ENSG00000174485	5.627691838994854e-05
ENSG00000150054	5.627252202024255e-05
ENSG00000275434	5.62606536381211e-05
ENSG00000167202	5.6258951083910496e-05
ENSG00000115386	5.6258030171898484e-05
ENSG00000085382	5.6251226385151396e-05
ENSG00000069702	5.623382214698191e-05
ENSG00000177426	5.623360665261548e-05
ENSG00000168955	5.621686004163068e-05
ENSG00000131115	5.619390348723311e-05
ENSG00000166170	5.6192136492980154e-05
ENSG00000150045	5.6182637018944116e-05
ENSG00000174808	5.618018821559681e-05
ENSG00000228278	5.617770721730284e-05
ENSG00000165953	5.6171458152098116e-05
ENSG00000154845	5.61656346226451e-05
ENSG00000188991	5.613218230078051e-05
ENSG00000105290	5.612178746288553e-05
ENSG00000169100	5.6111763287075125e-05
ENSG00000165637	5.608825845344086e-05
ENSG00000125170	5.608372287017018e-05
ENSG00000112655	5.6070516170058725e-05
ENSG00000115239	5.605600801954142e-05
ENSG00000099821	5.603629941271294e-05
ENSG00000197563	5.602640296230377e-05
ENSG00000213593	5.602173500630286e-05
ENSG00000288210	5.600238081525319e-05
ENSG00000115073	5.598968586375602e-05
ENSG00000129250	5.59891595056988e-05
ENSG00000115267	5.598650997667254e-05
ENSG00000145087	5.598233709403741e-05
ENSG00000134389	5.597500842181188e-05
ENSG00000049449	5.596484623326132e-05
ENSG00000164440	5.5960919090363826e-05
ENSG00000134365	5.595738144964821e-05
ENSG00000137824	5.5937580934641595e-05
ENSG00000166682	5.592233935300882e-05
ENSG00000187231	5.5886171977797685e-05
ENSG00000159166	5.585832881315899e-05
ENSG00000084652	5.584840349667517e-05
ENSG00000167393	5.582399268070882e-05
ENSG00000113407	5.581587027253873e-05
ENSG00000105254	5.580863959271583e-05
ENSG00000063601	5.58054339843447e-05
ENSG00000172053	5.579922165858228e-05
ENSG00000110108	5.578481054054612e-05
ENSG00000162772	5.5779897166685746e-05
ENSG00000078399	5.577874821508144e-05
ENSG00000034971	5.57638459216557e-05
ENSG00000010322	5.5755284687401844e-05
ENSG00000184708	5.5739246656141505e-05
ENSG00000115548	5.5729510359818386e-05
ENSG00000140718	5.572595792340096e-05
ENSG00000169826	5.571848454896578e-05
ENSG00000132478	5.571793820817754e-05
ENSG00000226384	5.569436999436935e-05
ENSG00000181035	5.5685034987059067e-05
ENSG00000185668	5.566435223804207e-05
ENSG00000102531	5.5650685381361905e-05
ENSG00000169258	5.564583307432816e-05
ENSG00000152382	5.562879886352707e-05
ENSG00000120509	5.561795541092054e-05
ENSG00000268009	5.561046831408649e-05
ENSG00000175130	5.55449265348343e-05
ENSG00000053254	5.554376338110124e-05
ENSG00000100109	5.553171505729999e-05
ENSG00000092345	5.5491673725622194e-05
ENSG00000175581	5.5434416906581196e-05
ENSG00000198918	5.5415314797877195e-05
ENSG00000107562	5.541393277687507e-05
ENSG00000012504	5.541002983568747e-05
ENSG00000061987	5.539740037941453e-05
ENSG00000160678	5.5389138015156745e-05
ENSG00000114423	5.5382428956321065e-05
ENSG00000197894	5.537598628971651e-05
ENSG00000124571	5.536494031871144e-05
ENSG00000244414	5.536480310818989e-05
ENSG00000196616	5.533208784028757e-05
ENSG00000134815	5.530536390358706e-05
ENSG00000104805	5.529814849668796e-05
ENSG00000129515	5.529334845036411e-05
ENSG00000198650	5.527997280691476e-05
ENSG00000146755	5.525771176629718e-05
ENSG00000128185	5.524121966119674e-05
ENSG00000277424	5.523886937387173e-05
ENSG00000138688	5.521432407059198e-05
ENSG00000134201	5.521286610547414e-05
ENSG00000151835	5.5207046982224326e-05
ENSG00000120820	5.517822102333443e-05
ENSG00000109083	5.5178174109884624e-05
ENSG00000101052	5.5167762712470955e-05
ENSG00000152240	5.516312124459914e-05
ENSG00000186272	5.51591538731294e-05
ENSG00000206073	5.515343176965648e-05
ENSG00000069482	5.514956410730649e-05
ENSG00000139287	5.513590847316427e-05
ENSG00000198286	5.5134311078068474e-05
ENSG00000159217	5.513179624550843e-05
ENSG00000197696	5.512636757799114e-05
ENSG00000013441	5.509626034257675e-05
ENSG00000197070	5.508428391412157e-05
ENSG00000148908	5.5044289165318355e-05
ENSG00000012174	5.5038487758687305e-05
ENSG00000172602	5.503480582227431e-05
ENSG00000118363	5.502468901682292e-05
ENSG00000101624	5.500903111245408e-05
ENSG00000234704	5.4977049656750146e-05
ENSG00000080603	5.497701909616365e-05
ENSG00000185361	5.4962980006138455e-05
ENSG00000223367	5.4958880431977884e-05
ENSG00000144895	5.4947703563459175e-05
ENSG00000154832	5.494124512972589e-05
ENSG00000213465	5.492817049009119e-05
ENSG00000101544	5.492089472578236e-05
ENSG00000214274	5.491670074146623e-05
ENSG00000117475	5.4913917893320346e-05
ENSG00000117000	5.4910599976934184e-05
ENSG00000124209	5.4904552166065415e-05
ENSG00000118564	5.4904440080297556e-05
ENSG00000160917	5.487145315435717e-05
ENSG00000043093	5.486761622209634e-05
ENSG00000155097	5.486626628419931e-05
ENSG00000176533	5.486301631324122e-05
ENSG00000062716	5.485867794498499e-05
ENSG00000091428	5.485742671172719e-05
ENSG00000132872	5.4856377354723035e-05
ENSG00000099365	5.484823616904368e-05
ENSG00000126804	5.4811807489000904e-05
ENSG00000130775	5.480072145336107e-05
ENSG00000136143	5.479985063615437e-05
ENSG00000163013	5.479108598146751e-05
ENSG00000132294	5.477802184053476e-05
ENSG00000110080	5.4754761015051104e-05
ENSG00000111145	5.4744421524474054e-05
ENSG00000131495	5.4743477490518385e-05
ENSG00000171209	5.474140752946888e-05
ENSG00000132334	5.4725426134394395e-05
ENSG00000115875	5.4725389520199165e-05
ENSG00000099399	5.4724485713610974e-05
ENSG00000117335	5.471280662449423e-05
ENSG00000146802	5.470909274905398e-05
ENSG00000168286	5.4702359992390436e-05
ENSG00000108528	5.4685847424535955e-05
ENSG00000167515	5.468379401250746e-05
ENSG00000178363	5.4645560163246344e-05
ENSG00000143294	5.463293264719798e-05
ENSG00000206172	5.461690707787271e-05
ENSG00000110245	5.4601477441794766e-05
ENSG00000152422	5.45887670404568e-05
ENSG00000197321	5.456854764098762e-05
ENSG00000184840	5.456586091654049e-05
ENSG00000006659	5.456443031311838e-05
ENSG00000130520	5.45545377222165e-05
ENSG00000144843	5.452474205230388e-05
ENSG00000146828	5.4517155225680894e-05
ENSG00000100665	5.4496855481477366e-05
ENSG00000165724	5.447580175000926e-05
ENSG00000260916	5.44656964010505e-05
ENSG00000231116	5.446043299042804e-05
ENSG00000160049	5.44420905411505e-05
ENSG00000140326	5.4426090201308076e-05
ENSG00000121807	5.442531877374046e-05
ENSG00000004059	5.441709389019276e-05
ENSG00000156928	5.440288373462606e-05
ENSG00000130332	5.438340305878484e-05
ENSG00000139626	5.437045310471394e-05
ENSG00000198547	5.4349639449315524e-05
ENSG00000151650	5.434662524989048e-05
ENSG00000168906	5.433722791205113e-05
ENSG00000099308	5.4336659949742704e-05
ENSG00000174840	5.431151282799241e-05
ENSG00000158571	5.430711607137444e-05
ENSG00000150361	5.4299572942606224e-05
ENSG00000109133	5.427599148029953e-05
ENSG00000100784	5.427276111095106e-05
ENSG00000105877	5.427051710619583e-05
ENSG00000138411	5.426742082988004e-05
ENSG00000100600	5.423081187427896e-05
ENSG00000091138	5.420752045367425e-05
ENSG00000129990	5.419723096930014e-05
ENSG00000048140	5.4168134820678154e-05
ENSG00000170855	5.4151165539028066e-05
ENSG00000133466	5.4147800777150646e-05
ENSG00000156603	5.41294494562828e-05
ENSG00000176014	5.412842778261896e-05
ENSG00000128253	5.408818033365536e-05
ENSG00000205809	5.408366401700391e-05
ENSG00000005889	5.4066646805586894e-05
ENSG00000151348	5.405592711869204e-05
ENSG00000138780	5.4046818293764126e-05
ENSG00000129993	5.404282665005044e-05
ENSG00000163348	5.4000851831656195e-05
ENSG00000013503	5.398824000750446e-05
ENSG00000130414	5.397893915451082e-05
ENSG00000172403	5.395544281208648e-05
ENSG00000146678	5.3949719778118985e-05
ENSG00000156076	5.394211331225139e-05
ENSG00000171953	5.390725021753703e-05
ENSG00000227345	5.389702594340532e-05
ENSG00000133026	5.389601802915682e-05
ENSG00000171189	5.38747536558898e-05
ENSG00000023318	5.387045951268387e-05
ENSG00000070785	5.385861232458333e-05
ENSG00000101745	5.3855077529991526e-05
ENSG00000136319	5.384496876362672e-05
ENSG00000138381	5.3819956461360065e-05
ENSG00000125351	5.3815624017066365e-05
ENSG00000124508	5.379799552895621e-05
ENSG00000080618	5.378851400885485e-05
ENSG00000198863	5.37566971726131e-05
ENSG00000175745	5.375665164851114e-05
ENSG00000121390	5.374738301763536e-05
ENSG00000175426	5.3736929189326524e-05
ENSG00000138660	5.372969402089509e-05
ENSG00000106100	5.371943188501233e-05
ENSG00000107736	5.3706717886301834e-05
ENSG00000184857	5.3687729055145074e-05
ENSG00000281277	5.368746460571371e-05
ENSG00000178951	5.3681733441746996e-05
ENSG00000164438	5.367580338732784e-05
ENSG00000111832	5.366453272215956e-05
ENSG00000145494	5.3658170234503076e-05
ENSG00000142655	5.363553043517668e-05
ENSG00000148484	5.362541609131759e-05
ENSG00000141738	5.3620096541302335e-05
ENSG00000184007	5.3571996719588814e-05
ENSG00000087510	5.356742456274367e-05
ENSG00000088926	5.3534894111197494e-05
ENSG00000121417	5.3532980443758815e-05
ENSG00000106546	5.352534251774904e-05
ENSG00000169554	5.3512014550577945e-05
ENSG00000151445	5.3509911773447696e-05
ENSG00000119820	5.350192125235487e-05
ENSG00000181817	5.34941984110575e-05
ENSG00000247596	5.348342192921723e-05
ENSG00000124126	5.3481763662911036e-05
ENSG00000084234	5.344707198623087e-05
ENSG00000170421	5.3426452390753927e-05
ENSG00000108826	5.3411997383206875e-05
ENSG00000144712	5.3408270469755765e-05
ENSG00000119689	5.338232188235651e-05
ENSG00000071994	5.338129057306973e-05
ENSG00000077279	5.338038964922524e-05
ENSG00000161036	5.334248663620947e-05
ENSG00000066135	5.334099130017391e-05
ENSG00000122435	5.3323828681004246e-05
ENSG00000123685	5.3323336681453256e-05
ENSG00000135093	5.331645084319027e-05
ENSG00000174547	5.330948031059127e-05
ENSG00000164073	5.3291783323604896e-05
ENSG00000147419	5.327828632645522e-05
ENSG00000184697	5.326989950782322e-05
ENSG00000115504	5.326295018514918e-05
ENSG00000113525	5.325676180857486e-05
ENSG00000151239	5.325105729509269e-05
ENSG00000142039	5.322513015692865e-05
ENSG00000140374	5.3223318154214815e-05
ENSG00000091073	5.320640284978676e-05
ENSG00000175087	5.3199461330918796e-05
ENSG00000167994	5.31980466549562e-05
ENSG00000135722	5.318818930896532e-05
ENSG00000116962	5.317915722207336e-05
ENSG00000169598	5.317905963735017e-05
ENSG00000122728	5.317353657736145e-05
ENSG00000163064	5.3161759648451776e-05
ENSG00000117305	5.315618053159123e-05
ENSG00000057252	5.315367640736936e-05
ENSG00000110243	5.3143336165298265e-05
ENSG00000143727	5.313003183062273e-05
ENSG00000113851	5.309129322801291e-05
ENSG00000273594	5.307044848137173e-05
ENSG00000170734	5.306842344304256e-05
ENSG00000233927	5.306747631277506e-05
ENSG00000169752	5.304606489542169e-05
ENSG00000111816	5.304340000671128e-05
ENSG00000181896	5.303902074999869e-05
ENSG00000117133	5.3035434477827024e-05
ENSG00000103449	5.3028966865731874e-05
ENSG00000139370	5.301539729039769e-05
ENSG00000100413	5.300301130742348e-05
ENSG00000148408	5.2988694350288686e-05
ENSG00000160180	5.29759398681141e-05
ENSG00000153066	5.2959342377443385e-05
ENSG00000113971	5.295571985193028e-05
ENSG00000165474	5.292454098779613e-05
ENSG00000166295	5.2922811364210335e-05
ENSG00000196277	5.29172527401282e-05
ENSG00000124641	5.289912808809389e-05
ENSG00000100453	5.28984256780231e-05
ENSG00000118785	5.289729476259235e-05
ENSG00000171853	5.288326115523259e-05
ENSG00000204103	5.287615117975544e-05
ENSG00000103199	5.285668128060343e-05
ENSG00000175832	5.2843880805817275e-05
ENSG00000180008	5.283889567474232e-05
ENSG00000105879	5.283619621553458e-05
ENSG00000155545	5.280459850807197e-05
ENSG00000135903	5.2797377056773516e-05
ENSG00000088298	5.278409133722473e-05
ENSG00000117408	5.278386024798572e-05
ENSG00000142546	5.2781587806690036e-05
ENSG00000141294	5.2768075070095255e-05
ENSG00000197275	5.2756409908138615e-05
ENSG00000263155	5.272559951355005e-05
ENSG00000166510	5.271165600481773e-05
ENSG00000140678	5.2707307638341703e-05
ENSG00000169976	5.27036863812619e-05
ENSG00000162910	5.269268814056856e-05
ENSG00000079432	5.2688999753664547e-05
ENSG00000177414	5.267685173457054e-05
ENSG00000188677	5.267347100989138e-05
ENSG00000136935	5.266487818452009e-05
ENSG00000136021	5.264619464840234e-05
ENSG00000188620	5.264022146969028e-05
ENSG00000008282	5.262865949625301e-05
ENSG00000173898	5.26275992682996e-05
ENSG00000078814	5.26261215242093e-05
ENSG00000143382	5.2623176486901225e-05
ENSG00000272196	5.2598896378498696e-05
ENSG00000115255	5.255698369445948e-05
ENSG00000164022	5.254894392743281e-05
ENSG00000163812	5.252956736755244e-05
ENSG00000135898	5.2504687218530804e-05
ENSG00000160075	5.247476751232041e-05
ENSG00000106261	5.245823571671783e-05
ENSG00000198804	5.2451498133995346e-05
ENSG00000066136	5.243515478967138e-05
ENSG00000158486	5.243051836390293e-05
ENSG00000168522	5.2409617033650715e-05
ENSG00000113905	5.240513200066227e-05
ENSG00000100865	5.238010119841175e-05
ENSG00000160783	5.237781102283432e-05
ENSG00000236251	5.23729912260611e-05
ENSG00000071794	5.235524859373504e-05
ENSG00000137825	5.2329140930940834e-05
ENSG00000288455	5.232903270952521e-05
ENSG00000172889	5.232844085509134e-05
ENSG00000171444	5.2328417158793936e-05
ENSG00000156876	5.232115695269881e-05
ENSG00000183873	5.23206659047901e-05
ENSG00000115290	5.231873346888594e-05
ENSG00000129911	5.230833203289304e-05
ENSG00000158623	5.2299301942581644e-05
ENSG00000111775	5.228494863877596e-05
ENSG00000123609	5.2283615273195843e-05
ENSG00000000419	5.22761587195991e-05
ENSG00000175643	5.2272854832500945e-05
ENSG00000145879	5.227037724014158e-05
ENSG00000161544	5.225762175045946e-05
ENSG00000178750	5.223630874437153e-05
ENSG00000121680	5.222012159496343e-05
ENSG00000144283	5.2207427165430486e-05
ENSG00000141551	5.2193224755448024e-05
ENSG00000127526	5.217672350782593e-05
ENSG00000124217	5.214810010071916e-05
ENSG00000248099	5.212971577535296e-05
ENSG00000273514	5.212824829858243e-05
ENSG00000197728	5.211328444557349e-05
ENSG00000129988	5.2109422358130104e-05
ENSG00000198758	5.2098906815745014e-05
ENSG00000139921	5.209388349992831e-05
ENSG00000110851	5.208517433438308e-05
ENSG00000080371	5.2084630066792635e-05
ENSG00000126368	5.2073625625428865e-05
ENSG00000116785	5.2053672931824804e-05
ENSG00000276977	5.2035811325493576e-05
ENSG00000272391	5.20233916751886e-05
ENSG00000136603	5.202167698611093e-05
ENSG00000155393	5.202023614446026e-05
ENSG00000136141	5.201661277456489e-05
ENSG00000165792	5.2005230387077974e-05
ENSG00000143653	5.197468446333837e-05
ENSG00000184675	5.196795714587333e-05
ENSG00000171109	5.190633243661175e-05
ENSG00000170145	5.189824216804789e-05
ENSG00000150995	5.18594248454088e-05
ENSG00000093010	5.185783241282751e-05
ENSG00000035664	5.1856554493173456e-05
ENSG00000234127	5.18454826120464e-05
ENSG00000167791	5.184045174064134e-05
ENSG00000282853	5.18348879098723e-05
ENSG00000146457	5.182479048560367e-05
ENSG00000103351	5.179048200061592e-05
ENSG00000185246	5.179028489362416e-05
ENSG00000130758	5.1785811258516256e-05
ENSG00000177853	5.176227503717485e-05
ENSG00000276051	5.175144525915703e-05
ENSG00000174307	5.171173240847738e-05
ENSG00000168818	5.170318913668962e-05
ENSG00000158488	5.1701953407560486e-05
ENSG00000154380	5.1680235778387835e-05
ENSG00000100979	5.166958917368e-05
ENSG00000164736	5.166862799237367e-05
ENSG00000177628	5.166695736084521e-05
ENSG00000126458	5.1660854269245875e-05
ENSG00000101639	5.165953659532732e-05
ENSG00000058404	5.1651603121885575e-05
ENSG00000177646	5.163608042311905e-05
ENSG00000110063	5.1635707207147996e-05
ENSG00000102265	5.161869396888025e-05
ENSG00000276833	5.159974154357168e-05
ENSG00000145920	5.1593337097163353e-05
ENSG00000085377	5.158480483162744e-05
ENSG00000144834	5.158128646103858e-05
ENSG00000198740	5.155629739590239e-05
ENSG00000156858	5.153930655564653e-05
ENSG00000158042	5.150573960184464e-05
ENSG00000085117	5.1504397469328284e-05
ENSG00000144354	5.150030981123656e-05
ENSG00000167863	5.1487413685226405e-05
ENSG00000140740	5.1474376141433845e-05
ENSG00000120341	5.147086808493494e-05
ENSG00000143458	5.1468954051296104e-05
ENSG00000131808	5.14677935320464e-05
ENSG00000067836	5.1457045364947996e-05
ENSG00000173011	5.145016963454266e-05
ENSG00000138035	5.144365231021894e-05
ENSG00000138593	5.144344759969458e-05
ENSG00000167768	5.138404497667127e-05
ENSG00000146109	5.1366423468368555e-05
ENSG00000184304	5.135688571296666e-05
ENSG00000144579	5.1356868585079886e-05
ENSG00000132002	5.135145150460546e-05
ENSG00000260428	5.134582879292696e-05
ENSG00000138756	5.1343506330663804e-05
ENSG00000127481	5.133697672713253e-05
ENSG00000103995	5.132927596495214e-05
ENSG00000135249	5.131772791789382e-05
ENSG00000147246	5.130646958182495e-05
ENSG00000146007	5.1283168631219574e-05
ENSG00000178538	5.126558956494257e-05
ENSG00000155760	5.12630393965565e-05
ENSG00000248485	5.1238720701173646e-05
ENSG00000243708	5.12244515088262e-05
ENSG00000164896	5.122244654257858e-05
ENSG00000089199	5.1222094285211066e-05
ENSG00000229381	5.12149832658197e-05
ENSG00000130427	5.1188932316721165e-05
ENSG00000184277	5.117655038655792e-05
ENSG00000130475	5.117327146761662e-05
ENSG00000203667	5.1155528247496846e-05
ENSG00000275045	5.1148177387385826e-05
ENSG00000127124	5.114375690828613e-05
ENSG00000136535	5.114071239661884e-05
ENSG00000130312	5.11261180315464e-05
ENSG00000196323	5.112422486684637e-05
ENSG00000198586	5.1099242783352294e-05
ENSG00000142675	5.1081864795778534e-05
ENSG00000015475	5.108129393569441e-05
ENSG00000101017	5.1077126485375416e-05
ENSG00000136826	5.1071986650625966e-05
ENSG00000281449	5.106040773509374e-05
ENSG00000119973	5.104277893935695e-05
ENSG00000136003	5.1019729274001573e-05
ENSG00000125863	5.101842168737341e-05
ENSG00000111674	5.1010038594969886e-05
ENSG00000079313	5.097361456077903e-05
ENSG00000113048	5.096495110702981e-05
ENSG00000090615	5.093926331195085e-05
ENSG00000180535	5.0937298320376374e-05
ENSG00000114784	5.093586398574965e-05
ENSG00000118557	5.091648687716106e-05
ENSG00000138379	5.087093045689518e-05
ENSG00000107099	5.0859438100743334e-05
ENSG00000100276	5.085210694948607e-05
ENSG00000185658	5.084983116111355e-05
ENSG00000179546	5.0843067321075385e-05
ENSG00000197566	5.0833742634739036e-05
ENSG00000074621	5.083094075066489e-05
ENSG00000262814	5.082859340468517e-05
ENSG00000129696	5.078871869571949e-05
ENSG00000092470	5.0764342353909975e-05
ENSG00000282956	5.0761362636129795e-05
ENSG00000262795	5.075615337561947e-05
ENSG00000148337	5.0744675294553675e-05
ENSG00000166224	5.073089721866943e-05
ENSG00000108433	5.071389296802668e-05
ENSG00000065060	5.071375259639041e-05
ENSG00000119650	5.069761913356331e-05
ENSG00000073712	5.064325034607362e-05
ENSG00000265354	5.0636582318236167e-05
ENSG00000156531	5.062863478199389e-05
ENSG00000205213	5.060548719940711e-05
ENSG00000196576	5.060099659791026e-05
ENSG00000140691	5.0600555088912745e-05
ENSG00000168566	5.058862906093858e-05
ENSG00000285049	5.055227498524231e-05
ENSG00000173404	5.0546279561819786e-05
ENSG00000124157	5.052603558984034e-05
ENSG00000095585	5.0520134680741824e-05
ENSG00000142528	5.0516815254721345e-05
ENSG00000129675	5.051626061133895e-05
ENSG00000068971	5.051104076071814e-05
ENSG00000153879	5.049731950696822e-05
ENSG00000144668	5.049655388902856e-05
ENSG00000072274	5.0481061718584826e-05
ENSG00000164117	5.046007343829701e-05
ENSG00000168811	5.0439320109899657e-05
ENSG00000163682	5.041169491593272e-05
ENSG00000173406	5.0407391823786145e-05
ENSG00000186081	5.039759266503841e-05
ENSG00000114054	5.0394096026105855e-05
ENSG00000102302	5.0392090894484364e-05
ENSG00000274290	5.0386575705005086e-05
ENSG00000164296	5.037012705819022e-05
ENSG00000136521	5.036467575267375e-05
ENSG00000173275	5.031450710262411e-05
ENSG00000127452	5.031096672329032e-05
ENSG00000171401	5.029351544132775e-05
ENSG00000185420	5.0291123501406506e-05
ENSG00000151729	5.0287401160967036e-05
ENSG00000138496	5.024098714790222e-05
ENSG00000164400	5.02275602116015e-05
ENSG00000134575	5.021995111854775e-05
ENSG00000066322	5.021584256364307e-05
ENSG00000137628	5.0210247274159924e-05
ENSG00000092208	5.020833206443151e-05
ENSG00000168495	5.0206232205954355e-05
ENSG00000038210	5.0194601781524305e-05
ENSG00000145321	5.013710244390358e-05
ENSG00000135454	5.012995127322503e-05
ENSG00000196182	5.012663379659987e-05
ENSG00000170448	5.011181923238938e-05
ENSG00000205426	5.008377091119355e-05
ENSG00000072310	5.006925097884249e-05
ENSG00000108100	5.0067048303973235e-05
ENSG00000233801	5.0049145926119144e-05
ENSG00000165271	5.003578349467955e-05
ENSG00000285193	5.002124363330174e-05
ENSG00000184939	5.00153890959612e-05
ENSG00000146350	5.001273496457801e-05
ENSG00000112110	4.996811867488899e-05
ENSG00000166828	4.9966002735011425e-05
ENSG00000136682	4.9957532896740044e-05
ENSG00000053747	4.9949036049370336e-05
ENSG00000135070	4.994785421817866e-05
ENSG00000170381	4.994645575240674e-05
ENSG00000136240	4.993889100938476e-05
ENSG00000075420	4.993047624819705e-05
ENSG00000104093	4.992698095714751e-05
ENSG00000182240	4.989182548476734e-05
ENSG00000152684	4.987632595776615e-05
ENSG00000148291	4.987223825257753e-05
ENSG00000198774	4.9854616920612774e-05
ENSG00000170948	4.985362699429555e-05
ENSG00000126838	4.984470820795641e-05
ENSG00000101104	4.980227467749019e-05
ENSG00000154188	4.979781693138616e-05
ENSG00000116922	4.9794136378537984e-05
ENSG00000138835	4.978549604225943e-05
ENSG00000114107	4.9778222506520773e-05
ENSG00000087085	4.9770618736752846e-05
ENSG00000144161	4.972695603001966e-05
ENSG00000145592	4.971122068287413e-05
ENSG00000147854	4.970945905707518e-05
ENSG00000174804	4.969287005282827e-05
ENSG00000151327	4.9684610881195286e-05
ENSG00000196743	4.967634735263769e-05
ENSG00000163435	4.9666149909522345e-05
ENSG00000106803	4.9641458143196186e-05
ENSG00000138363	4.9623149015153016e-05
ENSG00000169800	4.962131435453526e-05
ENSG00000118620	4.961205390098676e-05
ENSG00000092148	4.961022878017318e-05
ENSG00000213366	4.956969362673108e-05
ENSG00000125971	4.955016958146265e-05
ENSG00000105053	4.953757666961316e-05
ENSG00000064042	4.952831904377057e-05
ENSG00000198963	4.9527003437306783e-05
ENSG00000100650	4.951696623588728e-05
ENSG00000061656	4.948077217405128e-05
ENSG00000180739	4.947213685823571e-05
ENSG00000169251	4.946592225072169e-05
ENSG00000117595	4.945347492357182e-05
ENSG00000149970	4.9449839463777104e-05
ENSG00000123992	4.943197362758353e-05
ENSG00000183808	4.941852579808898e-05
ENSG00000213199	4.941834823710118e-05
ENSG00000163249	4.940321581740007e-05
ENSG00000116127	4.939425079293156e-05
ENSG00000150636	4.9383969564722526e-05
ENSG00000105379	4.9380084416388835e-05
ENSG00000099937	4.934183653225674e-05
ENSG00000132109	4.933878939707805e-05
ENSG00000102316	4.933659349099805e-05
ENSG00000139624	4.931900468942671e-05
ENSG00000163156	4.931665541317036e-05
ENSG00000138495	4.931243053390864e-05
ENSG00000100632	4.930244462115965e-05
ENSG00000171873	4.928997178548665e-05
ENSG00000125912	4.9265427639883435e-05
ENSG00000078699	4.9259059427442775e-05
ENSG00000184672	4.92587915455379e-05
ENSG00000130640	4.924690588331124e-05
ENSG00000254093	4.923230216683435e-05
ENSG00000182180	4.922205657778765e-05
ENSG00000149792	4.921896140566202e-05
ENSG00000132952	4.920120470268806e-05
ENSG00000172482	4.9197232250944656e-05
ENSG00000137672	4.9194497654536656e-05
ENSG00000184524	4.9188751857046644e-05
ENSG00000109255	4.918824833272653e-05
ENSG00000107672	4.9170888000700585e-05
ENSG00000111796	4.9149069352419254e-05
ENSG00000059145	4.9147264202290995e-05
ENSG00000272325	4.913514270449059e-05
ENSG00000186075	4.9129060974230124e-05
ENSG00000008405	4.910906925307943e-05
ENSG00000137207	4.909987726031929e-05
ENSG00000188783	4.908781378608218e-05
ENSG00000097046	4.9078743957316826e-05
ENSG00000148840	4.907512058657959e-05
ENSG00000101400	4.90656175909167e-05
ENSG00000157557	4.906253920377283e-05
ENSG00000160781	4.9060736109181484e-05
ENSG00000177663	4.90576074636358e-05
ENSG00000171490	4.9055887986822105e-05
ENSG00000197444	4.9026323183189785e-05
ENSG00000109511	4.89842604201098e-05
ENSG00000107371	4.896105271997826e-05
ENSG00000237344	4.895314744991894e-05
ENSG00000051108	4.894674480909662e-05
ENSG00000066926	4.894504776840879e-05
ENSG00000162493	4.894483298521332e-05
ENSG00000101323	4.8938587091946664e-05
ENSG00000185615	4.892935261946744e-05
ENSG00000133805	4.892709772728688e-05
ENSG00000165688	4.891678539462827e-05
ENSG00000163257	4.891035962452077e-05
ENSG00000113387	4.8901125786825805e-05
ENSG00000172007	4.888945352344916e-05
ENSG00000128602	4.882616147939084e-05
ENSG00000104979	4.8812773939740765e-05
ENSG00000147257	4.88022469207519e-05
ENSG00000115970	4.8777230450310985e-05
ENSG00000125124	4.8777098223052736e-05
ENSG00000105281	4.874941254938672e-05
ENSG00000285479	4.8732590527380834e-05
ENSG00000000460	4.872955364571257e-05
ENSG00000021762	4.869609975136802e-05
ENSG00000244057	4.866085322410698e-05
ENSG00000131725	4.8659478773998714e-05
ENSG00000277633	4.865523739999325e-05
ENSG00000171425	4.8651822508746386e-05
ENSG00000169710	4.863457690485373e-05
ENSG00000167925	4.863354517355814e-05
ENSG00000128595	4.863230345063561e-05
ENSG00000168434	4.862704629739745e-05
ENSG00000164880	4.861764593221167e-05
ENSG00000197622	4.859979692315428e-05
ENSG00000184937	4.8554335886372775e-05
ENSG00000133105	4.855293646876387e-05
ENSG00000131475	4.853789719361508e-05
ENSG00000123561	4.851178490496902e-05
ENSG00000084207	4.849862334575569e-05
ENSG00000165006	4.848272373714549e-05
ENSG00000120688	4.84722560710874e-05
ENSG00000173480	4.846569204678654e-05
ENSG00000151233	4.8462286727060875e-05
ENSG00000141505	4.845034866722502e-05
ENSG00000152952	4.8438361620256505e-05
ENSG00000139433	4.843416421215545e-05
ENSG00000275911	4.841034834508244e-05
ENSG00000197050	4.840307016939422e-05
ENSG00000187091	4.839718757334293e-05
ENSG00000134265	4.839610450947219e-05
ENSG00000139133	4.838883602089301e-05
ENSG00000132825	4.8365156439483e-05
ENSG00000053501	4.8351909462462654e-05
ENSG00000147571	4.834899005158452e-05
ENSG00000142494	4.8338042767129434e-05
ENSG00000115307	4.833602652689695e-05
ENSG00000033178	4.833120253827768e-05
ENSG00000165702	4.8328875374413366e-05
ENSG00000170684	4.8325904158952104e-05
ENSG00000125741	4.831859219519474e-05
ENSG00000049540	4.831443853090893e-05
ENSG00000203618	4.8308892978860004e-05
ENSG00000108474	4.8305994100700425e-05
ENSG00000100122	4.8293156586852046e-05
ENSG00000137198	4.827590201260897e-05
ENSG00000241685	4.827358286244056e-05
ENSG00000175206	4.826547706250065e-05
ENSG00000170310	4.826069494698804e-05
ENSG00000160445	4.8244881441696854e-05
ENSG00000217128	4.824399863991315e-05
ENSG00000132128	4.8243246152131195e-05
ENSG00000277439	4.823167353082179e-05
ENSG00000168447	4.822846162470759e-05
ENSG00000167034	4.822634437570884e-05
ENSG00000168143	4.821111756343987e-05
ENSG00000223355	4.821065930757521e-05
ENSG00000143536	4.820551262377084e-05
ENSG00000187147	4.820446890658766e-05
ENSG00000107745	4.8196333943378935e-05
ENSG00000149806	4.819122354451117e-05
ENSG00000048028	4.814890796901615e-05
ENSG00000145348	4.8135240077419166e-05
ENSG00000110717	4.80905972796939e-05
ENSG00000143183	4.808674781234623e-05
ENSG00000137161	4.80577853211142e-05
ENSG00000089195	4.805400232575574e-05
ENSG00000118508	4.803530137526512e-05
ENSG00000155252	4.8030436905907956e-05
ENSG00000150990	4.8025437622572425e-05
ENSG00000073060	4.801861062115525e-05
ENSG00000185291	4.8015378445031884e-05
ENSG00000157227	4.801067371462803e-05
ENSG00000034533	4.799572500503863e-05
ENSG00000141985	4.7956920316163365e-05
ENSG00000186827	4.7945532393136456e-05
ENSG00000146247	4.794455557569496e-05
ENSG00000144306	4.794407723398978e-05
ENSG00000114491	4.7943371442015476e-05
ENSG00000121350	4.792683751196585e-05
ENSG00000239900	4.789668501213708e-05
ENSG00000104936	4.789367000916871e-05
ENSG00000112972	4.7885149126190895e-05
ENSG00000172071	4.7871248819398675e-05
ENSG00000153250	4.786634580768711e-05
ENSG00000126895	4.7860943361045184e-05
ENSG00000134539	4.781201386224724e-05
ENSG00000118640	4.7810722051832975e-05
ENSG00000120729	4.7808049469671646e-05
ENSG00000174233	4.780689970834983e-05
ENSG00000164342	4.778890275216319e-05
ENSG00000211890	4.776450059802615e-05
ENSG00000161970	4.774546430520955e-05
ENSG00000115286	4.774055148170956e-05
ENSG00000120699	4.773674841079441e-05
ENSG00000172794	4.771401796786396e-05
ENSG00000120805	4.7703922279821945e-05
ENSG00000163531	4.7694868784981986e-05
ENSG00000140497	4.76845442767971e-05
ENSG00000188404	4.766258163595514e-05
ENSG00000163251	4.7649885687098915e-05
ENSG00000106714	4.76244195802303e-05
ENSG00000125735	4.7620611598796775e-05
ENSG00000204160	4.7620123787774066e-05
ENSG00000196104	4.7595728665570306e-05
ENSG00000128524	4.7594133284807594e-05
ENSG00000163485	4.759170259697945e-05
ENSG00000188219	4.7574398226852273e-05
ENSG00000143157	4.756880695586203e-05
ENSG00000282899	4.7525456837966724e-05
ENSG00000122386	4.752276381516975e-05
ENSG00000139515	4.752155419072381e-05
ENSG00000100678	4.751047582789596e-05
ENSG00000105398	4.750378279146819e-05
ENSG00000165879	4.7500781029237936e-05
ENSG00000175003	4.749928315601735e-05
ENSG00000119878	4.748614252442588e-05
ENSG00000130748	4.7467352928890144e-05
ENSG00000187626	4.746330726478541e-05
ENSG00000092020	4.7458890978361604e-05
ENSG00000138032	4.7446848658753114e-05
ENSG00000169435	4.7444482635171664e-05
ENSG00000101310	4.7417450970972415e-05
ENSG00000132963	4.739410470810617e-05
ENSG00000138375	4.7388399090108225e-05
ENSG00000169271	4.73883628763911e-05
ENSG00000135636	4.738674095733417e-05
ENSG00000158864	4.738387045904793e-05
ENSG00000036672	4.733759379677328e-05
ENSG00000149782	4.732684953537843e-05
ENSG00000163673	4.731440073880274e-05
ENSG00000106344	4.7292754218863545e-05
ENSG00000126602	4.7289355079521295e-05
ENSG00000122679	4.728337988704424e-05
ENSG00000175279	4.7273695656463986e-05
ENSG00000182492	4.7233960440344754e-05
ENSG00000169696	4.72305713800967e-05
ENSG00000048392	4.722603520276909e-05
ENSG00000182087	4.722373224030439e-05
ENSG00000105464	4.7205155787694125e-05
ENSG00000046604	4.7184826617464034e-05
ENSG00000160688	4.718158860320851e-05
ENSG00000104921	4.7181394703404205e-05
ENSG00000158850	4.717917735823005e-05
ENSG00000100442	4.716695938693986e-05
ENSG00000138029	4.715687058821734e-05
ENSG00000187140	4.7142377673792146e-05
ENSG00000099260	4.714029684877803e-05
ENSG00000185532	4.713409841461475e-05
ENSG00000143164	4.711934419569182e-05
ENSG00000164056	4.711773442250378e-05
ENSG00000163754	4.71129924548274e-05
ENSG00000144840	4.70952531263475e-05
ENSG00000198785	4.709338749210999e-05
ENSG00000102144	4.7077427940143415e-05
ENSG00000197045	4.707060598213771e-05
ENSG00000109686	4.7036856965664265e-05
ENSG00000285493	4.702762709535719e-05
ENSG00000139546	4.702110410093461e-05
ENSG00000096080	4.6994838805489264e-05
ENSG00000113441	4.697995220319548e-05
ENSG00000009830	4.69763241459117e-05
ENSG00000151360	4.695936543248784e-05
ENSG00000172005	4.694791549568649e-05
ENSG00000077238	4.689506675785381e-05
ENSG00000185100	4.68891303920202e-05
ENSG00000282928	4.687808266089421e-05
ENSG00000067955	4.686336380511463e-05
ENSG00000120910	4.6858570196286994e-05
ENSG00000128654	4.683621179439588e-05
ENSG00000143457	4.6832609989823546e-05
ENSG00000187772	4.683121600178928e-05
ENSG00000184575	4.682205895994926e-05
ENSG00000139131	4.681286631771894e-05
ENSG00000288611	4.6807314021061176e-05
ENSG00000110841	4.6783825201701434e-05
ENSG00000147533	4.677697876037934e-05
ENSG00000136861	4.6760059738771174e-05
ENSG00000102738	4.675445067296961e-05
ENSG00000117877	4.6747358178237685e-05
ENSG00000156162	4.6743268512324655e-05
ENSG00000276480	4.673686912740839e-05
ENSG00000166947	4.673464102471941e-05
ENSG00000157869	4.671790516704139e-05
ENSG00000146070	4.6717123458402085e-05
ENSG00000159228	4.671130420383666e-05
ENSG00000124733	4.669713063415328e-05
ENSG00000183019	4.669224029486788e-05
ENSG00000196684	4.6686662118033185e-05
ENSG00000169676	4.668207740398573e-05
ENSG00000181541	4.667745512308172e-05
ENSG00000132693	4.66585092272444e-05
ENSG00000182325	4.665709147816305e-05
ENSG00000067208	4.664826733808161e-05
ENSG00000142065	4.66431850422126e-05
ENSG00000107331	4.661542787170554e-05
ENSG00000124702	4.6613016522402576e-05
ENSG00000173156	4.660922370918287e-05
ENSG00000140939	4.659499920220884e-05
ENSG00000232839	4.658818394452125e-05
ENSG00000073169	4.656655471010279e-05
ENSG00000107554	4.652087485909431e-05
ENSG00000101447	4.6516290883315766e-05
ENSG00000164463	4.650398497562145e-05
ENSG00000169255	4.6490422810844635e-05
ENSG00000163283	4.648944245978591e-05
ENSG00000164167	4.6480729777451294e-05
ENSG00000108091	4.6473093456703755e-05
ENSG00000103502	4.646143464266525e-05
ENSG00000070476	4.645451489834557e-05
ENSG00000157613	4.644620500634989e-05
ENSG00000022840	4.644159658140928e-05
ENSG00000073756	4.643811142165383e-05
ENSG00000004864	4.6391569523242135e-05
ENSG00000164258	4.6390040235568676e-05
ENSG00000129518	4.638211142654946e-05
ENSG00000160683	4.635850399999754e-05
ENSG00000186687	4.634550766867295e-05
ENSG00000117410	4.634309690758577e-05
ENSG00000144744	4.634074043083854e-05
ENSG00000187134	4.6331027155598964e-05
ENSG00000288407	4.630669893426654e-05
ENSG00000122140	4.629223483507392e-05
ENSG00000111961	4.6264731347717436e-05
ENSG00000176046	4.6255386816887274e-05
ENSG00000130309	4.623155335402034e-05
ENSG00000074696	4.6226897418389324e-05
ENSG00000178188	4.622050638768599e-05
ENSG00000154783	4.621403286632755e-05
ENSG00000198888	4.620586299461109e-05
ENSG00000170584	4.619389479769698e-05
ENSG00000108255	4.619288568769524e-05
ENSG00000151612	4.6148943238585585e-05
ENSG00000120725	4.614050481780308e-05
ENSG00000119777	4.613671632488911e-05
ENSG00000123411	4.6108057895028554e-05
ENSG00000163898	4.6099561650879634e-05
ENSG00000268606	4.608828843959008e-05
ENSG00000164062	4.608105726657105e-05
ENSG00000276726	4.607576417208599e-05
ENSG00000142751	4.607168224993361e-05
ENSG00000121931	4.6054390991577334e-05
ENSG00000115866	4.604192622653743e-05
ENSG00000106244	4.6037090940166144e-05
ENSG00000170871	4.601682133245536e-05
ENSG00000164627	4.5981234539510574e-05
ENSG00000083937	4.5980002663426774e-05
ENSG00000077514	4.595782707415027e-05
ENSG00000182107	4.594277844062294e-05
ENSG00000165804	4.591581072113981e-05
ENSG00000127334	4.5910458457693195e-05
ENSG00000110811	4.590854661144679e-05
ENSG00000128609	4.589398325031013e-05
ENSG00000261701	4.588495430947742e-05
ENSG00000164919	4.5877877701378876e-05
ENSG00000168476	4.585982549282125e-05
ENSG00000280858	4.58465511729644e-05
ENSG00000249139	4.584435308022484e-05
ENSG00000100292	4.58043766862667e-05
ENSG00000133020	4.577705274126993e-05
ENSG00000036473	4.576629195963591e-05
ENSG00000068366	4.574580654388318e-05
ENSG00000167395	4.574195225465057e-05
ENSG00000122707	4.5733502622446285e-05
ENSG00000165238	4.573001995220951e-05
ENSG00000125378	4.572678628364323e-05
ENSG00000166794	4.572660130593886e-05
ENSG00000144642	4.571378475474985e-05
ENSG00000126756	4.5692747789983055e-05
ENSG00000092094	4.568213521358009e-05
ENSG00000137806	4.568099324965168e-05
ENSG00000183155	4.5632766277950055e-05
ENSG00000147789	4.5630932016881277e-05
ENSG00000124102	4.561977564898417e-05
ENSG00000008086	4.5611369767667095e-05
ENSG00000124827	4.5491127968649954e-05
ENSG00000173153	4.5482883482325115e-05
ENSG00000178096	4.548225576836805e-05
ENSG00000141446	4.546874023334394e-05
ENSG00000183813	4.5467496862882276e-05
ENSG00000249115	4.546285861503394e-05
ENSG00000165476	4.546046179408283e-05
ENSG00000174992	4.541739724586223e-05
ENSG00000168016	4.540349773016386e-05
ENSG00000125931	4.5370652512448934e-05
ENSG00000243156	4.53570573980029e-05
ENSG00000183826	4.534525389079382e-05
ENSG00000118004	4.5311670234990406e-05
ENSG00000128045	4.530789786933479e-05
ENSG00000121653	4.5281498522896625e-05
ENSG00000110200	4.527790878899532e-05
ENSG00000086288	4.5265305468851204e-05
ENSG00000136982	4.526146658907632e-05
ENSG00000185608	4.525881587859829e-05
ENSG00000241837	4.52356855344237e-05
ENSG00000100307	4.523202692799675e-05
ENSG00000255150	4.521799561022593e-05
ENSG00000179299	4.521553082336426e-05
ENSG00000196139	4.5211721059740783e-05
ENSG00000165516	4.518413954473484e-05
ENSG00000214415	4.518353291109825e-05
ENSG00000101608	4.5177799294010235e-05
ENSG00000106367	4.516833940513083e-05
ENSG00000013588	4.51619055201777e-05
ENSG00000167941	4.516056249182068e-05
ENSG00000105696	4.515913285605472e-05
ENSG00000152670	4.5155251944745506e-05
ENSG00000132640	4.5128334619171116e-05
ENSG00000175294	4.509780680695672e-05
ENSG00000158480	4.5080802421272964e-05
ENSG00000154803	4.5051589517289625e-05
ENSG00000113083	4.503208320621515e-05
ENSG00000154556	4.502160327752108e-05
ENSG00000172037	4.5017400939074915e-05
ENSG00000178209	4.4999331766870636e-05
ENSG00000145730	4.4997113225284796e-05
ENSG00000078401	4.499211160614582e-05
ENSG00000105251	4.498784624574373e-05
ENSG00000121775	4.498331624081094e-05
ENSG00000151388	4.497779409912508e-05
ENSG00000152127	4.497227091799986e-05
ENSG00000140948	4.494633185217146e-05
ENSG00000279247	4.493346332015345e-05
ENSG00000112079	4.491773372688737e-05
ENSG00000160712	4.490130000715171e-05
ENSG00000162642	4.486568315767053e-05
ENSG00000129757	4.486060695291182e-05
ENSG00000108219	4.4855183809123084e-05
ENSG00000152104	4.479449729654749e-05
ENSG00000006025	4.478452672999789e-05
ENSG00000166405	4.477749442397725e-05
ENSG00000125245	4.4771538203306665e-05
ENSG00000104218	4.476745642486598e-05
ENSG00000187955	4.474616711511804e-05
ENSG00000157625	4.4738576271936946e-05
ENSG00000160999	4.4724695707883644e-05
ENSG00000166451	4.4695839456723384e-05
ENSG00000171603	4.469579204498309e-05
ENSG00000011201	4.468066141889792e-05
ENSG00000164933	4.467525250758386e-05
ENSG00000171060	4.467321463892312e-05
ENSG00000119888	4.4667428200936715e-05
ENSG00000276191	4.46514369283997e-05
ENSG00000103253	4.464624693389147e-05
ENSG00000163586	4.4633987476290934e-05
ENSG00000141580	4.459978894275765e-05
ENSG00000172590	4.457461953529462e-05
ENSG00000185340	4.4572791843738026e-05
ENSG00000168724	4.4572708339237755e-05
ENSG00000196083	4.4566087033058806e-05
ENSG00000157303	4.456044453300359e-05
ENSG00000138430	4.4529576831130984e-05
ENSG00000104915	4.452731156855659e-05
ENSG00000149925	4.451227931528536e-05
ENSG00000171016	4.4507454521565844e-05
ENSG00000143612	4.448584278127261e-05
ENSG00000189067	4.4478149207630894e-05
ENSG00000179091	4.447636616848901e-05
ENSG00000230961	4.446937640800443e-05
ENSG00000167792	4.446154819507088e-05
ENSG00000008130	4.444657981191859e-05
ENSG00000162438	4.4444511392850216e-05
ENSG00000110711	4.444147301887795e-05
ENSG00000116898	4.443832017775952e-05
ENSG00000288301	4.442536605186819e-05
ENSG00000113494	4.441046630576583e-05
ENSG00000149948	4.440255102228523e-05
ENSG00000122986	4.4400540817309266e-05
ENSG00000102221	4.439953633819322e-05
ENSG00000150779	4.439876130118306e-05
ENSG00000085465	4.4390563808441564e-05
ENSG00000174851	4.4389192080947154e-05
ENSG00000170502	4.436889931097447e-05
ENSG00000114902	4.436784322957517e-05
ENSG00000132603	4.434833487837122e-05
ENSG00000145687	4.434015457562095e-05
ENSG00000076382	4.432819053104228e-05
ENSG00000079974	4.432687059330371e-05
ENSG00000035681	4.432526189961969e-05
ENSG00000149380	4.432487296662876e-05
ENSG00000131848	4.43178135300785e-05
ENSG00000198056	4.431395416785474e-05
ENSG00000142698	4.4311356400765044e-05
ENSG00000164402	4.426551827325683e-05
ENSG00000176101	4.426385247117066e-05
ENSG00000163832	4.42493323017456e-05
ENSG00000150510	4.423731375474617e-05
ENSG00000198553	4.4217580476043765e-05
ENSG00000121410	4.418422955188272e-05
ENSG00000112303	4.415070436835237e-05
ENSG00000111783	4.413567335482647e-05
ENSG00000136929	4.4116671284615245e-05
ENSG00000183785	4.408536455049521e-05
ENSG00000156804	4.407995323643905e-05
ENSG00000170860	4.407990805050978e-05
ENSG00000157796	4.4067636807273326e-05
ENSG00000169379	4.4067282154373586e-05
ENSG00000102760	4.404241562505108e-05
ENSG00000167118	4.402756257304007e-05
ENSG00000069399	4.402661954007669e-05
ENSG00000179604	4.401748592139046e-05
ENSG00000138002	4.401551864594702e-05
ENSG00000168826	4.4003713583873494e-05
ENSG00000139793	4.398892151666005e-05
ENSG00000203485	4.3979089851624723e-05
ENSG00000184408	4.39770203202849e-05
ENSG00000122299	4.395334311193303e-05
ENSG00000116906	4.390051187521426e-05
ENSG00000130508	4.3884092141492246e-05
ENSG00000032444	4.38522385243997e-05
ENSG00000119922	4.384311439993438e-05
ENSG00000163344	4.383411560462549e-05
ENSG00000108759	4.381599094654844e-05
ENSG00000123975	4.380873292606721e-05
ENSG00000277641	4.380042784539283e-05
ENSG00000102181	4.3795056797918206e-05
ENSG00000079308	4.379000084272922e-05
ENSG00000170881	4.378514870083137e-05
ENSG00000125965	4.378266884773942e-05
ENSG00000141696	4.3763734864569255e-05
ENSG00000147650	4.376263921891912e-05
ENSG00000092871	4.37299492747317e-05
ENSG00000128789	4.372857242528912e-05
ENSG00000187730	4.369660973593325e-05
ENSG00000165675	4.365960264158683e-05
ENSG00000120686	4.3656305284371455e-05
ENSG00000171487	4.3648454326593124e-05
ENSG00000112941	4.3642745913626045e-05
ENSG00000014919	4.3627659821729956e-05
ENSG00000183625	4.361630987400122e-05
ENSG00000228405	4.3610807869446325e-05
ENSG00000225553	4.360104395742002e-05
ENSG00000204611	4.3599033676294935e-05
ENSG00000165288	4.359061155776474e-05
ENSG00000140319	4.358368537624901e-05
ENSG00000131016	4.3579183748856534e-05
ENSG00000189241	4.357490818747765e-05
ENSG00000079482	4.357351949583965e-05
ENSG00000179833	4.357155819061166e-05
ENSG00000101216	4.3553751401275864e-05
ENSG00000167112	4.350650259739341e-05
ENSG00000167759	4.349353025923429e-05
ENSG00000132300	4.344511131984636e-05
ENSG00000169738	4.34412849531469e-05
ENSG00000198712	4.343619689085045e-05
ENSG00000084734	4.34244054985969e-05
ENSG00000108578	4.341127016501983e-05
ENSG00000130477	4.3394007499182615e-05
ENSG00000170191	4.338513702709692e-05
ENSG00000043355	4.33285213929311e-05
ENSG00000135940	4.332357819400377e-05
ENSG00000169020	4.331836177013737e-05
ENSG00000163354	4.3308145180586567e-05
ENSG00000198885	4.327966529700616e-05
ENSG00000148019	4.327715161584914e-05
ENSG00000153933	4.325894187431011e-05
ENSG00000154813	4.325816227674445e-05
ENSG00000112425	4.324104571969705e-05
ENSG00000274768	4.321981532845763e-05
ENSG00000160113	4.3182719777189166e-05
ENSG00000006071	4.316714770642989e-05
ENSG00000115884	4.3144934879737066e-05
ENSG00000153130	4.313514478406746e-05
ENSG00000173991	4.313157085380545e-05
ENSG00000168172	4.313039934564478e-05
ENSG00000178150	4.311924480357309e-05
ENSG00000245680	4.31154799092192e-05
ENSG00000163110	4.3098178414216296e-05
ENSG00000172432	4.309669155861381e-05
ENSG00000016082	4.309617636367566e-05
ENSG00000145555	4.3094294136208924e-05
ENSG00000108733	4.308296696952961e-05
ENSG00000140264	4.308087671667451e-05
ENSG00000198168	4.305753028711787e-05
ENSG00000104689	4.3040561973421236e-05
ENSG00000148604	4.303418967559139e-05
ENSG00000099810	4.301832972069398e-05
ENSG00000130714	4.301671428117516e-05
ENSG00000163806	4.3011457107115355e-05
ENSG00000173193	4.300665124857059e-05
ENSG00000183878	4.2996559118565675e-05
ENSG00000143376	4.2991532173103953e-05
ENSG00000172172	4.297110615428161e-05
ENSG00000112561	4.2965689260184456e-05
ENSG00000135870	4.2956781576291324e-05
ENSG00000115687	4.2954038878589376e-05
ENSG00000225921	4.293157193596657e-05
ENSG00000122420	4.289870526863539e-05
ENSG00000124334	4.289026165940424e-05
ENSG00000154102	4.289011413045285e-05
ENSG00000070614	4.288905961027736e-05
ENSG00000058453	4.288649789039407e-05
ENSG00000188243	4.288625141137298e-05
ENSG00000133454	4.284682635579091e-05
ENSG00000095951	4.283787444782088e-05
ENSG00000149016	4.2824833849562825e-05
ENSG00000123595	4.280015081659596e-05
ENSG00000174738	4.279439537021448e-05
ENSG00000278053	4.277814674406732e-05
ENSG00000105369	4.2777491749392305e-05
ENSG00000062282	4.2772440774791384e-05
ENSG00000103043	4.276088747028068e-05
ENSG00000241468	4.274757512485611e-05
ENSG00000126953	4.2711852324180145e-05
ENSG00000143314	4.2709911257043734e-05
ENSG00000135049	4.268911312146208e-05
ENSG00000126749	4.268719636365874e-05
ENSG00000185896	4.2659243683622135e-05
ENSG00000049167	4.2644406637843075e-05
ENSG00000183576	4.262709620594486e-05
ENSG00000173818	4.262267367124738e-05
ENSG00000165970	4.2616749256278135e-05
ENSG00000018236	4.261315918442126e-05
ENSG00000134202	4.2606902258795676e-05
ENSG00000130733	4.260487917966251e-05
ENSG00000054654	4.2601586086316503e-05
ENSG00000146469	4.259934768190439e-05
ENSG00000133107	4.258433645082388e-05
ENSG00000105726	4.258397219536242e-05
ENSG00000150593	4.256789797760746e-05
ENSG00000155495	4.2540068777690224e-05
ENSG00000079385	4.252474089270139e-05
ENSG00000047457	4.251653488190472e-05
ENSG00000110719	4.249702901932889e-05
ENSG00000085449	4.2496217456093925e-05
ENSG00000169896	4.249492238782526e-05
ENSG00000076201	4.24724861395717e-05
ENSG00000121671	4.247051121604056e-05
ENSG00000109680	4.244471330276704e-05
ENSG00000262826	4.243486679477118e-05
ENSG00000100271	4.23617498983557e-05
ENSG00000106628	4.234212106142981e-05
ENSG00000184076	4.233522886972789e-05
ENSG00000171596	4.233078257706152e-05
ENSG00000148848	4.231511026869217e-05
ENSG00000186787	4.229845126232895e-05
ENSG00000178921	4.225920263418303e-05
ENSG00000172159	4.225732498452802e-05
ENSG00000244752	4.22487694861989e-05
ENSG00000124233	4.223110321266986e-05
ENSG00000120896	4.2224653472517215e-05
ENSG00000198874	4.222420087968166e-05
ENSG00000113600	4.2212536671721076e-05
ENSG00000182923	4.221216773021451e-05
ENSG00000164209	4.2203291347586514e-05
ENSG00000142867	4.217805421040805e-05
ENSG00000171365	4.215765245465967e-05
ENSG00000130695	4.2152601162065846e-05
ENSG00000060558	4.2139866568949835e-05
ENSG00000167332	4.212987206477339e-05
ENSG00000100347	4.211957797229279e-05
ENSG00000102780	4.210667821430272e-05
ENSG00000169427	4.21014998757989e-05
ENSG00000105438	4.2091787435394356e-05
ENSG00000106541	4.20861994689012e-05
ENSG00000121057	4.207316916762054e-05
ENSG00000165912	4.207196470426517e-05
ENSG00000156886	4.204798480356807e-05
ENSG00000198911	4.203611993698739e-05
ENSG00000110047	4.203582424962488e-05
ENSG00000092054	4.2032622235583906e-05
ENSG00000115226	4.202063779026417e-05
ENSG00000135899	4.2006081439148425e-05
ENSG00000149091	4.199831461079342e-05
ENSG00000113269	4.19956976138588e-05
ENSG00000063660	4.199444232240967e-05
ENSG00000157259	4.198313953826872e-05
ENSG00000149262	4.198097453967298e-05
ENSG00000127980	4.1976893637325644e-05
ENSG00000104177	4.197415696768215e-05
ENSG00000068354	4.197021865983219e-05
ENSG00000114374	4.195474262531048e-05
ENSG00000121691	4.195303792365969e-05
ENSG00000124357	4.195267069278608e-05
ENSG00000242173	4.195110177203156e-05
ENSG00000085365	4.193126012490223e-05
ENSG00000243364	4.1925914845779416e-05
ENSG00000198171	4.192127089984798e-05
ENSG00000165917	4.19193122740428e-05
ENSG00000159873	4.190693913005295e-05
ENSG00000065029	4.1904918692300447e-05
ENSG00000145982	4.1884352600376327e-05
ENSG00000249471	4.187075153096844e-05
ENSG00000173166	4.182523013420731e-05
ENSG00000129596	4.181214544108678e-05
ENSG00000112659	4.179573929570393e-05
ENSG00000184307	4.179010045088726e-05
ENSG00000142949	4.178222587951505e-05
ENSG00000134014	4.1767797555976775e-05
ENSG00000108515	4.1761666608977005e-05
ENSG00000173110	4.1730270324098964e-05
ENSG00000111696	4.171910032191279e-05
ENSG00000100417	4.1702707632447595e-05
ENSG00000122970	4.168882557106992e-05
ENSG00000115762	4.166434184428857e-05
ENSG00000100916	4.166034902013084e-05
ENSG00000159496	4.163376204108438e-05
ENSG00000170017	4.1601317400199883e-05
ENSG00000198108	4.158631654171048e-05
ENSG00000137033	4.15841196284093e-05
ENSG00000149131	4.155441489826439e-05
ENSG00000088367	4.151596172274966e-05
ENSG00000087250	4.149830855448627e-05
ENSG00000288353	4.149271542794178e-05
ENSG00000282905	4.1480275881922575e-05
ENSG00000132182	4.147496168689593e-05
ENSG00000103365	4.1458349233782926e-05
ENSG00000197959	4.144110991239393e-05
ENSG00000247077	4.143775407649116e-05
ENSG00000119938	4.1432769216675774e-05
ENSG00000182255	4.1427788940935545e-05
ENSG00000125166	4.1411193723553814e-05
ENSG00000174672	4.139977340021642e-05
ENSG00000136295	4.1375102076847486e-05
ENSG00000138617	4.137381371261777e-05
ENSG00000132950	4.136614623007191e-05
ENSG00000141526	4.136348207708967e-05
ENSG00000124766	4.1349371924065655e-05
ENSG00000067248	4.1326529781699186e-05
ENSG00000081154	4.1310308858088135e-05
ENSG00000223609	4.1295321522198544e-05
ENSG00000128563	4.128218969258126e-05
ENSG00000213672	4.1249086635840406e-05
ENSG00000006744	4.123250798682207e-05
ENSG00000131050	4.123045894066398e-05
ENSG00000107807	4.121099685598117e-05
ENSG00000124535	4.1196893167625875e-05
ENSG00000128250	4.118904891138764e-05
ENSG00000110442	4.118202661205773e-05
ENSG00000158417	4.117647931504722e-05
ENSG00000103018	4.1155633442648644e-05
ENSG00000062598	4.113853984842239e-05
ENSG00000285443	4.113347888696008e-05
ENSG00000156298	4.112099076266222e-05
ENSG00000146197	4.1120009604837934e-05
ENSG00000105289	4.110753874294158e-05
ENSG00000156471	4.109219150032712e-05
ENSG00000145390	4.108557263233715e-05
ENSG00000198843	4.107834962388281e-05
ENSG00000178394	4.107532293485258e-05
ENSG00000112214	4.106409779917238e-05
ENSG00000126088	4.1052353959874085e-05
ENSG00000164466	4.103620743734289e-05
ENSG00000121454	4.102456003044406e-05
ENSG00000185043	4.102016815438328e-05
ENSG00000166483	4.100146991508704e-05
ENSG00000116035	4.10014244305743e-05
ENSG00000166169	4.099969574383601e-05
ENSG00000134323	4.098618689846216e-05
ENSG00000151150	4.096738256157403e-05
ENSG00000117906	4.096676793579436e-05
ENSG00000143499	4.096541480009081e-05
ENSG00000127666	4.095451257694377e-05
ENSG00000184374	4.094972526983952e-05
ENSG00000196218	4.092746165528893e-05
ENSG00000112357	4.091524189911792e-05
ENSG00000126775	4.0908024826447e-05
ENSG00000189030	4.0903574218394335e-05
ENSG00000182557	4.090257989505123e-05
ENSG00000128590	4.0897545929345524e-05
ENSG00000121310	4.086461703562918e-05
ENSG00000090316	4.08576752909249e-05
ENSG00000129566	4.082065632167175e-05
ENSG00000180879	4.081009148955153e-05
ENSG00000197265	4.080621564611396e-05
ENSG00000267855	4.078632300744064e-05
ENSG00000157741	4.0765472525281524e-05
ENSG00000172167	4.07622905854278e-05
ENSG00000108798	4.072119518531978e-05
ENSG00000106245	4.069083358965572e-05
ENSG00000169230	4.0685630319621836e-05
ENSG00000049883	4.066682028604024e-05
ENSG00000116711	4.064763524881647e-05
ENSG00000183496	4.06408372893791e-05
ENSG00000116251	4.058225575806807e-05
ENSG00000288299	4.057618505406591e-05
ENSG00000111275	4.0573428077071965e-05
ENSG00000179841	4.056642843497369e-05
ENSG00000188379	4.056196039392289e-05
ENSG00000131591	4.055830461775116e-05
ENSG00000075073	4.052442571735204e-05
ENSG00000169836	4.052442571735204e-05
ENSG00000242485	4.0494140285413754e-05
ENSG00000134532	4.0493847592673395e-05
ENSG00000123405	4.048830920712491e-05
ENSG00000131746	4.04855334251159e-05
ENSG00000128512	4.047241840119544e-05
ENSG00000178171	4.046779278597729e-05
ENSG00000101294	4.0443284542761774e-05
ENSG00000142765	4.0435765073383e-05
ENSG00000142459	4.042910309095702e-05
ENSG00000261609	4.040496177759081e-05
ENSG00000198648	4.039553914819029e-05
ENSG00000086848	4.039525901934469e-05
ENSG00000083223	4.037386966273623e-05
ENSG00000109066	4.0336476598180736e-05
ENSG00000215251	4.0329564595095387e-05
ENSG00000102103	4.032016179075647e-05
ENSG00000176746	4.031440050172509e-05
ENSG00000172197	4.031384907961511e-05
ENSG00000088682	4.029865178655296e-05
ENSG00000123364	4.028310583436903e-05
ENSG00000120837	4.0260783789010776e-05
ENSG00000118733	4.0249657210508786e-05
ENSG00000185298	4.024059246091845e-05
ENSG00000205189	4.02080211306689e-05
ENSG00000162065	4.0191267743870425e-05
ENSG00000066557	4.0176753210055385e-05
ENSG00000186732	4.017334075581208e-05
ENSG00000113068	4.016611602432633e-05
ENSG00000175513	4.01659329319362e-05
ENSG00000056736	4.013903329799376e-05
ENSG00000166261	4.012353293469232e-05
ENSG00000111300	4.0099342443781024e-05
ENSG00000188488	4.009618235274189e-05
ENSG00000152767	4.008511061345283e-05
ENSG00000100084	4.007883796367122e-05
ENSG00000163840	4.0067220897842e-05
ENSG00000157216	4.002871981994573e-05
ENSG00000131153	4.002039333170048e-05
ENSG00000166987	4.002022340810881e-05
ENSG00000161270	4.0011925467847905e-05
ENSG00000077585	3.997891262510399e-05
ENSG00000172986	3.9973758739994056e-05
ENSG00000180251	3.996169761665611e-05
ENSG00000164118	3.9953353183488045e-05
ENSG00000164675	3.995002841517399e-05
ENSG00000108825	3.9945480502073966e-05
ENSG00000166986	3.994330298608534e-05
ENSG00000145431	3.99187376744377e-05
ENSG00000112695	3.9918036391097736e-05
ENSG00000146414	3.991672542208901e-05
ENSG00000197818	3.9915723510036516e-05
ENSG00000171729	3.991384114580892e-05
ENSG00000115194	3.991141493989513e-05
ENSG00000172869	3.9897755668053855e-05
ENSG00000106868	3.988488533313454e-05
ENSG00000125740	3.98804211280904e-05
ENSG00000166603	3.986602341157454e-05
ENSG00000182179	3.9845975918913914e-05
ENSG00000133112	3.983007973042441e-05
ENSG00000111203	3.9825975089037745e-05
ENSG00000090020	3.9803616972947e-05
ENSG00000182175	3.979367949038563e-05
ENSG00000091128	3.979316490722522e-05
ENSG00000205423	3.978896659748028e-05
ENSG00000158125	3.9785069112838275e-05
ENSG00000162188	3.977776380236437e-05
ENSG00000107223	3.977428410963004e-05
ENSG00000185499	3.972855996844956e-05
ENSG00000137310	3.96948654676835e-05
ENSG00000164654	3.9676735826882916e-05
ENSG00000160752	3.967574673065137e-05
ENSG00000255423	3.966440246528735e-05
ENSG00000130741	3.966065687295687e-05
ENSG00000158106	3.9645543551227666e-05
ENSG00000130844	3.963876885349586e-05
ENSG00000184056	3.9627536622456105e-05
ENSG00000169139	3.958094769503821e-05
ENSG00000153820	3.9575557654799786e-05
ENSG00000221826	3.9542090365197294e-05
ENSG00000182154	3.953893744151943e-05
ENSG00000167641	3.9537595558722446e-05
ENSG00000164344	3.9515945614368794e-05
ENSG00000136950	3.950602462745697e-05
ENSG00000166839	3.9499918545443506e-05
ENSG00000198276	3.9489396450486156e-05
ENSG00000089169	3.948654552397535e-05
ENSG00000120500	3.9483737314771305e-05
ENSG00000145864	3.9475533387145206e-05
ENSG00000276787	3.946742367236391e-05
ENSG00000163867	3.945908679985627e-05
ENSG00000143742	3.944844210432008e-05
ENSG00000197769	3.944673615068081e-05
ENSG00000170619	3.94422328469327e-05
ENSG00000114270	3.943901613794603e-05
ENSG00000168000	3.9422940264553144e-05
ENSG00000151413	3.941682876131751e-05
ENSG00000005194	3.940446778921603e-05
ENSG00000134882	3.9404268125098036e-05
ENSG00000103148	3.9383106333435796e-05
ENSG00000165553	3.937468914789953e-05
ENSG00000002745	3.9371249659643585e-05
ENSG00000133740	3.9366549510564265e-05
ENSG00000196968	3.936652278817229e-05
ENSG00000107815	3.9327313261665e-05
ENSG00000181991	3.932573893555423e-05
ENSG00000166148	3.932235375378889e-05
ENSG00000103051	3.930543009792198e-05
ENSG00000183258	3.929373257493167e-05
ENSG00000115850	3.928258080815278e-05
ENSG00000164405	3.9250550645058466e-05
ENSG00000182195	3.923503861102453e-05
ENSG00000100532	3.920488635987278e-05
ENSG00000119969	3.919938356588738e-05
ENSG00000072041	3.919784042701629e-05
ENSG00000077684	3.918282260678618e-05
ENSG00000042088	3.916361695355039e-05
ENSG00000155629	3.91464089805362e-05
ENSG00000172840	3.9129411428685626e-05
ENSG00000151320	3.9117267683830734e-05
ENSG00000104490	3.9092303492516665e-05
ENSG00000080845	3.908581443304891e-05
ENSG00000182022	3.907442835509922e-05
ENSG00000139269	3.907014633206244e-05
ENSG00000175213	3.901307490109621e-05
ENSG00000173334	3.8987160586475085e-05
ENSG00000155329	3.8965382801807956e-05
ENSG00000128604	3.8964033973542785e-05
ENSG00000169972	3.8930314581340356e-05
ENSG00000128596	3.8928409590288055e-05
ENSG00000275221	3.89139324927802e-05
ENSG00000011028	3.890983741308386e-05
ENSG00000155087	3.890763863304834e-05
ENSG00000044090	3.890714910043149e-05
ENSG00000091542	3.889983418287198e-05
ENSG00000185515	3.889351148929715e-05
ENSG00000013561	3.888515672808262e-05
ENSG00000196352	3.88818466510907e-05
ENSG00000149100	3.887833459969167e-05
ENSG00000148411	3.887176015986659e-05
ENSG00000119138	3.885910143923271e-05
ENSG00000185024	3.885834962430159e-05
ENSG00000134758	3.8844811039600194e-05
ENSG00000196975	3.883288068243973e-05
ENSG00000166260	3.881234205749881e-05
ENSG00000244617	3.880215894987848e-05
ENSG00000159556	3.8799903048204736e-05
ENSG00000144048	3.8796524910004364e-05
ENSG00000023902	3.879560531456155e-05
ENSG00000115840	3.878069050797829e-05
ENSG00000179364	3.8773329648871124e-05
ENSG00000151498	3.874980757459154e-05
ENSG00000064651	3.874000435540059e-05
ENSG00000183161	3.873698361195547e-05
ENSG00000262666	3.871976575998437e-05
ENSG00000166037	3.870260353332063e-05
ENSG00000288185	3.8699363978648175e-05
ENSG00000104880	3.868434557536981e-05
ENSG00000089682	3.8683507950466454e-05
ENSG00000125870	3.8674091226115606e-05
ENSG00000122786	3.8669704224100094e-05
ENSG00000205629	3.866411403885959e-05
ENSG00000179148	3.866084151866017e-05
ENSG00000276323	3.864860837666987e-05
ENSG00000133243	3.862484833335797e-05
ENSG00000101441	3.86152748069147e-05
ENSG00000130830	3.860046215842911e-05
ENSG00000105146	3.859160401455792e-05
ENSG00000006607	3.858504683322218e-05
ENSG00000177156	3.857433616434313e-05
ENSG00000096433	3.856923463993836e-05
ENSG00000175093	3.854672538809537e-05
ENSG00000198363	3.8544499964958975e-05
ENSG00000131652	3.8542267813421265e-05
ENSG00000104731	3.851834062594745e-05
ENSG00000134759	3.8507328007964935e-05
ENSG00000189058	3.8504407364412936e-05
ENSG00000139318	3.848668928898128e-05
ENSG00000154646	3.848321130736003e-05
ENSG00000122641	3.847846412089509e-05
ENSG00000138185	3.847652559909412e-05
ENSG00000164828	3.846488322033681e-05
ENSG00000164291	3.844419338569464e-05
ENSG00000140859	3.843110379438178e-05
ENSG00000164399	3.841841626610019e-05
ENSG00000152910	3.838508524701633e-05
ENSG00000241258	3.8382652921941203e-05
ENSG00000159409	3.837830823812302e-05
ENSG00000119729	3.8348980838285625e-05
ENSG00000130165	3.8342606584467334e-05
ENSG00000112312	3.8310641417223294e-05
ENSG00000134970	3.827989762956202e-05
ENSG00000169621	3.82771812566074e-05
ENSG00000113448	3.8268292146580216e-05
ENSG00000105355	3.8266500381866295e-05
ENSG00000103061	3.826483552605853e-05
ENSG00000117593	3.82572551417149e-05
ENSG00000072506	3.823733742514292e-05
ENSG00000229117	3.823650766018514e-05
ENSG00000041802	3.8228700374418116e-05
ENSG00000108387	3.821983499001153e-05
ENSG00000169884	3.820790489494418e-05
ENSG00000171202	3.820049266561522e-05
ENSG00000198945	3.818442809772179e-05
ENSG00000274726	3.8141049338773775e-05
ENSG00000119013	3.813676701858554e-05
ENSG00000178057	3.8135821442577926e-05
ENSG00000104879	3.812690202730574e-05
ENSG00000165795	3.812430183542382e-05
ENSG00000065665	3.810751144540344e-05
ENSG00000104763	3.810742087410292e-05
ENSG00000110436	3.81039105464462e-05
ENSG00000170088	3.809980554846108e-05
ENSG00000169599	3.8093083417255785e-05
ENSG00000167414	3.807097416973521e-05
ENSG00000150316	3.8058595688147566e-05
ENSG00000176623	3.805043463933886e-05
ENSG00000278494	3.8046732959827484e-05
ENSG00000164930	3.8043791790958226e-05
ENSG00000068001	3.80348474937473e-05
ENSG00000155366	3.8023853793394266e-05
ENSG00000103248	3.802267965062163e-05
ENSG00000157916	3.7952848845730114e-05
ENSG00000183092	3.795018171453249e-05
ENSG00000176490	3.7947203161327586e-05
ENSG00000104325	3.7938574937746244e-05
ENSG00000100883	3.79360548819649e-05
ENSG00000154764	3.7895450506007264e-05
ENSG00000139351	3.789377497039333e-05
ENSG00000002919	3.7890645850731346e-05
ENSG00000159111	3.7882626052637385e-05
ENSG00000269405	3.7874793482559535e-05
ENSG00000159259	3.787130764989538e-05
ENSG00000168374	3.785255435031188e-05
ENSG00000280962	3.7846646327613896e-05
ENSG00000107282	3.7835489153025234e-05
ENSG00000119231	3.783500080603739e-05
ENSG00000122507	3.783438526337323e-05
ENSG00000142252	3.782208744241484e-05
ENSG00000118985	3.781509206207936e-05
ENSG00000143224	3.780923867838092e-05
ENSG00000176387	3.780890903719285e-05
ENSG00000104331	3.780202217334192e-05
ENSG00000146374	3.7779252000767786e-05
ENSG00000239732	3.776584313670495e-05
ENSG00000185875	3.775714319125277e-05
ENSG00000132196	3.774928197296332e-05
ENSG00000157911	3.7743546273417236e-05
ENSG00000163728	3.7738436007452626e-05
ENSG00000180573	3.7724069770260824e-05
ENSG00000164967	3.7707527053608896e-05
ENSG00000273936	3.7704349240682384e-05
ENSG00000145293	3.769608114763521e-05
ENSG00000161610	3.767247794181461e-05
ENSG00000007866	3.767074680309189e-05
ENSG00000115593	3.76704402141305e-05
ENSG00000169855	3.766610247892166e-05
ENSG00000204138	3.766027176515003e-05
ENSG00000151632	3.7657141089867486e-05
ENSG00000198830	3.765459661630171e-05
ENSG00000169955	3.763296749004938e-05
ENSG00000145912	3.763073538157053e-05
ENSG00000129673	3.759916691343363e-05
ENSG00000122550	3.759063704897066e-05
ENSG00000109572	3.7584346067221874e-05
ENSG00000118257	3.7584212913228814e-05
ENSG00000170965	3.755603580182529e-05
ENSG00000285248	3.7494995761394744e-05
ENSG00000204936	3.74896500665938e-05
ENSG00000139645	3.7476228588185366e-05
ENSG00000132141	3.743989431900056e-05
ENSG00000090432	3.742735112735221e-05
ENSG00000141385	3.7424114162258456e-05
ENSG00000101004	3.7422104453090676e-05
ENSG00000037474	3.740463193014219e-05
ENSG00000092445	3.740096822273644e-05
ENSG00000163938	3.7386968330694706e-05
ENSG00000170477	3.7379095180811755e-05
ENSG00000074317	3.737489433272856e-05
ENSG00000058799	3.736926601282329e-05
ENSG00000103343	3.735715538674953e-05
ENSG00000147883	3.735250134054757e-05
ENSG00000214575	3.734995000566246e-05
ENSG00000163719	3.7344045523733336e-05
ENSG00000087301	3.732069198093582e-05
ENSG00000197451	3.731937982727354e-05
ENSG00000175548	3.731396870688746e-05
ENSG00000160703	3.729159074423155e-05
ENSG00000106992	3.7276194180991e-05
ENSG00000132773	3.7258070951193625e-05
ENSG00000140505	3.7253532313299516e-05
ENSG00000169871	3.724770991955113e-05
ENSG00000104756	3.722413077709248e-05
ENSG00000187189	3.722079337702497e-05
ENSG00000139620	3.7213869423158926e-05
ENSG00000166136	3.72007474737895e-05
ENSG00000189037	3.7176031950899444e-05
ENSG00000283068	3.716366213686304e-05
ENSG00000101444	3.715850738653782e-05
ENSG00000123165	3.715667888251266e-05
ENSG00000130313	3.7155472730434854e-05
ENSG00000104671	3.715438931244839e-05
ENSG00000140332	3.7134093232332886e-05
ENSG00000105516	3.710150369220853e-05
ENSG00000187240	3.709993057995472e-05
ENSG00000119866	3.7097585053128706e-05
ENSG00000172379	3.7090416805222476e-05
ENSG00000144320	3.70643590761702e-05
ENSG00000103160	3.704441193925492e-05
ENSG00000169594	3.702624272610123e-05
ENSG00000253293	3.7012388801986155e-05
ENSG00000181274	3.700061365253565e-05
ENSG00000164292	3.699282985725703e-05
ENSG00000160199	3.6990868573032565e-05
ENSG00000003989	3.6990235710542674e-05
ENSG00000064655	3.697183332697055e-05
ENSG00000078177	3.6967241181525686e-05
ENSG00000033170	3.6946536982894865e-05
ENSG00000186847	3.694434746386078e-05
ENSG00000141837	3.693192085697016e-05
ENSG00000258227	3.6924062219125435e-05
ENSG00000135845	3.692021135683539e-05
ENSG00000085741	3.69161652349431e-05
ENSG00000082556	3.691493884868664e-05
ENSG00000129255	3.688243099441385e-05
ENSG00000169877	3.687914018893439e-05
ENSG00000187446	3.687155212831395e-05
ENSG00000100220	3.68650050025589e-05
ENSG00000067048	3.685917817770688e-05
ENSG00000187257	3.68553933455852e-05
ENSG00000166971	3.6830976897037965e-05
ENSG00000176915	3.6808713989245674e-05
ENSG00000265972	3.6808128731547006e-05
ENSG00000156253	3.6778791436168344e-05
ENSG00000161217	3.675392742186803e-05
ENSG00000139988	3.671834924504593e-05
ENSG00000123570	3.6714485206100424e-05
ENSG00000100664	3.670147661770776e-05
ENSG00000277462	3.668433110071048e-05
ENSG00000170260	3.666442795451551e-05
ENSG00000100934	3.66510137517165e-05
ENSG00000197555	3.663916281414234e-05
ENSG00000166049	3.662951242185287e-05
ENSG00000143842	3.6627826955462997e-05
ENSG00000154370	3.6623662065000484e-05
ENSG00000170689	3.6618189781215605e-05
ENSG00000149289	3.661270346077455e-05
ENSG00000051128	3.661125229146727e-05
ENSG00000013374	3.660785829747249e-05
ENSG00000105677	3.660147727199122e-05
ENSG00000165841	3.659113756860091e-05
ENSG00000124006	3.658962363048885e-05
ENSG00000100150	3.656512993799924e-05
ENSG00000277571	3.656195561638913e-05
ENSG00000182541	3.656143238058388e-05
ENSG00000177106	3.653506719893205e-05
ENSG00000175567	3.653253650901237e-05
ENSG00000007171	3.6516226586527204e-05
ENSG00000122375	3.650280559456869e-05
ENSG00000128886	3.6501917327176176e-05
ENSG00000105419	3.649873941246069e-05
ENSG00000131944	3.6486345420808475e-05
ENSG00000068097	3.647288413443296e-05
ENSG00000158301	3.646164548328125e-05
ENSG00000164615	3.645162451555748e-05
ENSG00000105127	3.645105484807999e-05
ENSG00000179361	3.6444308325783706e-05
ENSG00000126562	3.643712230088115e-05
ENSG00000182871	3.642704899274205e-05
ENSG00000182621	3.6425885940026227e-05
ENSG00000149150	3.642164311376098e-05
ENSG00000146223	3.6391700884226624e-05
ENSG00000100330	3.637622105050066e-05
ENSG00000120149	3.636168176045896e-05
ENSG00000167995	3.636145945495302e-05
ENSG00000014641	3.633423737306337e-05
ENSG00000138942	3.631127324783919e-05
ENSG00000101079	3.630622948841901e-05
ENSG00000134769	3.630224078353217e-05
ENSG00000139517	3.628935953621791e-05
ENSG00000188559	3.626608116633247e-05
ENSG00000115129	3.6260415801966604e-05
ENSG00000177034	3.624750449384121e-05
ENSG00000213551	3.624702983049113e-05
ENSG00000134717	3.624381734684708e-05
ENSG00000184640	3.6241189721498935e-05
ENSG00000186487	3.6214677441403324e-05
ENSG00000171403	3.619472175129605e-05
ENSG00000166407	3.618587597779311e-05
ENSG00000163481	3.6180862796226495e-05
ENSG00000168671	3.617236588678311e-05
ENSG00000198814	3.615244282693566e-05
ENSG00000101452	3.615181639405958e-05
ENSG00000187650	3.615080145200441e-05
ENSG00000168026	3.6141110174246305e-05
ENSG00000011132	3.612534289707168e-05
ENSG00000167306	3.6114572869861364e-05
ENSG00000135828	3.611396166159743e-05
ENSG00000196526	3.610016623107122e-05
ENSG00000168484	3.6082755601944326e-05
ENSG00000129116	3.6056737326627435e-05
ENSG00000144451	3.6045009779599756e-05
ENSG00000136487	3.603122247747943e-05
ENSG00000162227	3.5994049479511506e-05
ENSG00000243130	3.5978836336921246e-05
ENSG00000162729	3.5967615867137056e-05
ENSG00000214753	3.596708626572877e-05
ENSG00000171914	3.59654624329514e-05
ENSG00000079337	3.5950415515511185e-05
ENSG00000097096	3.593781086544171e-05
ENSG00000234539	3.59345556141701e-05
ENSG00000177192	3.59314192100748e-05
ENSG00000147687	3.592695440052047e-05
ENSG00000118804	3.591389638286797e-05
ENSG00000178449	3.588084641733899e-05
ENSG00000132970	3.586432401180159e-05
ENSG00000196950	3.58518324684719e-05
ENSG00000155304	3.5832799429925034e-05
ENSG00000166228	3.582490358714837e-05
ENSG00000284571	3.581868662336705e-05
ENSG00000089775	3.580809334513633e-05
ENSG00000100372	3.5793418204348275e-05
ENSG00000146587	3.576958332149859e-05
ENSG00000156587	3.575315046378188e-05
ENSG00000169067	3.575273560346823e-05
ENSG00000162851	3.575229407813861e-05
ENSG00000135312	3.574280262400152e-05
ENSG00000167632	3.5739877874139537e-05
ENSG00000131096	3.570232478137264e-05
ENSG00000103855	3.5702035315947694e-05
ENSG00000078246	3.569946702882954e-05
ENSG00000172888	3.569740481727478e-05
ENSG00000173702	3.5690925801032725e-05
ENSG00000119559	3.567337847961118e-05
ENSG00000181027	3.565657942752629e-05
ENSG00000115488	3.565287063291444e-05
ENSG00000150656	3.563848352342409e-05
ENSG00000152332	3.5621637402526075e-05
ENSG00000153113	3.561761682465629e-05
ENSG00000283060	3.560715254592717e-05
ENSG00000120925	3.560707267801708e-05
ENSG00000145996	3.560654719714451e-05
ENSG00000213523	3.5583819705701856e-05
ENSG00000144061	3.5580296993508794e-05
ENSG00000150625	3.557744618860567e-05
ENSG00000274497	3.5542168954015444e-05
ENSG00000072778	3.5530345195526034e-05
ENSG00000072135	3.552092578575878e-05
ENSG00000120539	3.551949999903614e-05
ENSG00000100014	3.5490157849362854e-05
ENSG00000169750	3.548752082959599e-05
ENSG00000105771	3.548412968703221e-05
ENSG00000180104	3.547404866677244e-05
ENSG00000138442	3.545863781545847e-05
ENSG00000153487	3.541907264139653e-05
ENSG00000092964	3.5408353299975264e-05
ENSG00000136213	3.5407882759459255e-05
ENSG00000167394	3.539503156823505e-05
ENSG00000259494	3.5383370009078596e-05
ENSG00000154928	3.5378463356644495e-05
ENSG00000198929	3.537292007296916e-05
ENSG00000103657	3.537043530798356e-05
ENSG00000124172	3.534974814157333e-05
ENSG00000141933	3.5313643408530914e-05
ENSG00000091164	3.531073776759892e-05
ENSG00000140022	3.530908200142213e-05
ENSG00000177272	3.52958533475682e-05
ENSG00000124688	3.5295507634076843e-05
ENSG00000096093	3.529088295829703e-05
ENSG00000182628	3.528707303706697e-05
ENSG00000136928	3.527884418609204e-05
ENSG00000109158	3.5278149641055234e-05
ENSG00000089063	3.5276531505419164e-05
ENSG00000129534	3.527518553322623e-05
ENSG00000285281	3.525530736103748e-05
ENSG00000214253	3.524198580932702e-05
ENSG00000151092	3.5238165432837246e-05
ENSG00000158270	3.523149967783706e-05
ENSG00000004776	3.5227347479979625e-05
ENSG00000153956	3.5225070178819484e-05
ENSG00000166035	3.52238354042371e-05
ENSG00000110925	3.520625441561189e-05
ENSG00000129562	3.519515368153755e-05
ENSG00000198833	3.519101813434142e-05
ENSG00000146054	3.518775463015923e-05
ENSG00000070010	3.5178447477489376e-05
ENSG00000241794	3.517738886233935e-05
ENSG00000102554	3.516752345873647e-05
ENSG00000176788	3.515999466587397e-05
ENSG00000174697	3.5157257361298263e-05
ENSG00000103489	3.515129053075406e-05
ENSG00000186090	3.5144817440853824e-05
ENSG00000152822	3.5138030980945776e-05
ENSG00000135525	3.511347671687843e-05
ENSG00000175895	3.509847260307749e-05
ENSG00000084764	3.507311513835841e-05
ENSG00000225590	3.506697977064356e-05
ENSG00000158710	3.5037097057304234e-05
ENSG00000188257	3.503543355115852e-05
ENSG00000136144	3.503470535094864e-05
ENSG00000145781	3.503323148778303e-05
ENSG00000106638	3.5032780788900723e-05
ENSG00000119946	3.501189659818444e-05
ENSG00000067141	3.500306875511192e-05
ENSG00000163818	3.500107141220453e-05
ENSG00000149089	3.496553270997442e-05
ENSG00000168237	3.496435451231855e-05
ENSG00000149557	3.4963771538620756e-05
ENSG00000124532	3.495697897788548e-05
ENSG00000070423	3.495559130040143e-05
ENSG00000164338	3.4952177562916905e-05
ENSG00000284137	3.4950718649238374e-05
ENSG00000133048	3.494816623035716e-05
ENSG00000100106	3.4928043768146214e-05
ENSG00000126246	3.4927194742964674e-05
ENSG00000141556	3.4907589108051617e-05
ENSG00000109758	3.4904286602158845e-05
ENSG00000101280	3.489429371592753e-05
ENSG00000198431	3.486327753562577e-05
ENSG00000276825	3.485534506416949e-05
ENSG00000145723	3.48498569925283e-05
ENSG00000196453	3.484590281068669e-05
ENSG00000107537	3.4842433138664505e-05
ENSG00000169783	3.483987192082562e-05
ENSG00000145743	3.483469761444716e-05
ENSG00000112115	3.480823015471354e-05
ENSG00000136280	3.480468324675635e-05
ENSG00000168795	3.479374387715872e-05
ENSG00000175220	3.478960221543397e-05
ENSG00000140854	3.476954412386835e-05
ENSG00000117868	3.475887608212506e-05
ENSG00000121716	3.475723580678141e-05
ENSG00000180660	3.475421940825663e-05
ENSG00000186496	3.475420731817052e-05
ENSG00000125430	3.4741453207858976e-05
ENSG00000185475	3.474046512503409e-05
ENSG00000256453	3.4737561803904155e-05
ENSG00000172315	3.4732332921149225e-05
ENSG00000136044	3.4717947923587816e-05
ENSG00000256771	3.471316354168083e-05
ENSG00000134760	3.471081127441575e-05
ENSG00000083535	3.4698853328218944e-05
ENSG00000116678	3.469853778366656e-05
ENSG00000164934	3.468926945854564e-05
ENSG00000185883	3.4680342450570844e-05
ENSG00000090263	3.46761996233167e-05
ENSG00000011143	3.4670402888700454e-05
ENSG00000160307	3.465760643310595e-05
ENSG00000258429	3.4654456555191457e-05
ENSG00000085788	3.4641376020449026e-05
ENSG00000099795	3.463479306005463e-05
ENSG00000099219	3.463283762930799e-05
ENSG00000183434	3.462068216449736e-05
ENSG00000100266	3.460562909519357e-05
ENSG00000064835	3.459939500107085e-05
ENSG00000176194	3.451438187761136e-05
ENSG00000101882	3.449892735652017e-05
ENSG00000164329	3.4493779590847244e-05
ENSG00000158528	3.4492058569411285e-05
ENSG00000070182	3.448851488700975e-05
ENSG00000150867	3.44729961087763e-05
ENSG00000273859	3.4468603909054914e-05
ENSG00000186897	3.445439137023795e-05
ENSG00000166869	3.444407432276263e-05
ENSG00000110888	3.4443894670108237e-05
ENSG00000115594	3.443249084820659e-05
ENSG00000173714	3.4422862055550035e-05
ENSG00000101986	3.4416794541918184e-05
ENSG00000065268	3.441247638970087e-05
ENSG00000288474	3.4407944335255613e-05
ENSG00000106069	3.439498512288229e-05
ENSG00000151657	3.437622546649143e-05
ENSG00000116120	3.437449889702199e-05
ENSG00000115419	3.4363832802148596e-05
ENSG00000155980	3.4362397466493225e-05
ENSG00000214413	3.4330700353112437e-05
ENSG00000110975	3.4304150473823745e-05
ENSG00000058091	3.430410750747095e-05
ENSG00000168067	3.430151825997624e-05
ENSG00000228083	3.4273738818084404e-05
ENSG00000161956	3.427152691745467e-05
ENSG00000186265	3.4243421263010136e-05
ENSG00000134762	3.4239930054480806e-05
ENSG00000112877	3.42379763315585e-05
ENSG00000109466	3.4230981677494166e-05
ENSG00000161980	3.4222879433403276e-05
ENSG00000122515	3.4198648421288695e-05
ENSG00000162775	3.419027089417805e-05
ENSG00000090621	3.41807960506956e-05
ENSG00000145365	3.4137466631746984e-05
ENSG00000154814	3.41271860805769e-05
ENSG00000169019	3.4126513022437586e-05
ENSG00000138641	3.4122711367519506e-05
ENSG00000161905	3.410917579566295e-05
ENSG00000276463	3.409852571618615e-05
ENSG00000187837	3.408882823020606e-05
ENSG00000152147	3.408455830492551e-05
ENSG00000166788	3.40590193742063e-05
ENSG00000114200	3.4029605586152516e-05
ENSG00000122965	3.4017915746610055e-05
ENSG00000173486	3.40074154380645e-05
ENSG00000114554	3.398793956846104e-05
ENSG00000120694	3.398353394111567e-05
ENSG00000141682	3.3982458654291935e-05
ENSG00000149231	3.397039465137183e-05
ENSG00000282958	3.396348653139112e-05
ENSG00000101132	3.395461984793883e-05
ENSG00000006704	3.3946681118861334e-05
ENSG00000163281	3.3932834164112004e-05
ENSG00000160862	3.392868682184134e-05
ENSG00000125457	3.392240692919573e-05
ENSG00000086666	3.391723825754409e-05
ENSG00000123836	3.3914827528776556e-05
ENSG00000115041	3.388836453679319e-05
ENSG00000274473	3.3885251220753054e-05
ENSG00000114388	3.387250589746392e-05
ENSG00000165434	3.387168905991652e-05
ENSG00000102245	3.38637710335013e-05
ENSG00000138190	3.3859919877251826e-05
ENSG00000166130	3.3848905841898695e-05
ENSG00000106331	3.38447100335199e-05
ENSG00000123607	3.3813241226006844e-05
ENSG00000115946	3.379757620724215e-05
ENSG00000140284	3.379748346737759e-05
ENSG00000039537	3.3796273948167604e-05
ENSG00000048544	3.375479297472217e-05
ENSG00000131779	3.374746899621642e-05
ENSG00000155660	3.373677320226495e-05
ENSG00000205659	3.3733328730694227e-05
ENSG00000082515	3.373126850160326e-05
ENSG00000197343	3.372508607942965e-05
ENSG00000146909	3.3721966908726186e-05
ENSG00000113763	3.368818646363978e-05
ENSG00000057294	3.3677165190819434e-05
ENSG00000115514	3.367473984000045e-05
ENSG00000187535	3.366216066772177e-05
ENSG00000145703	3.3652127754953876e-05
ENSG00000167645	3.364799710365159e-05
ENSG00000255112	3.3638332715642925e-05
ENSG00000071553	3.363648359923406e-05
ENSG00000185269	3.363612177068694e-05
ENSG00000107957	3.363555161154157e-05
ENSG00000184845	3.3632986169777607e-05
ENSG00000067829	3.363014165701209e-05
ENSG00000105993	3.3627990760732355e-05
ENSG00000091483	3.3622210370838186e-05
ENSG00000283681	3.357166499848496e-05
ENSG00000171847	3.356570562039584e-05
ENSG00000186832	3.356443386107719e-05
ENSG00000147408	3.3563209525749415e-05
ENSG00000131089	3.355558859199005e-05
ENSG00000213231	3.355158153340683e-05
ENSG00000159958	3.354678847672196e-05
ENSG00000101199	3.354332879212083e-05
ENSG00000116984	3.3537513643347976e-05
ENSG00000117523	3.3535063164088756e-05
ENSG00000102010	3.353368535406665e-05
ENSG00000188375	3.3525899845940994e-05
ENSG00000150630	3.351690889068435e-05
ENSG00000164975	3.348250349291841e-05
ENSG00000164096	3.348195072088397e-05
ENSG00000067533	3.347980389815764e-05
ENSG00000154723	3.3473289516881114e-05
ENSG00000170122	3.3437981835931695e-05
ENSG00000180878	3.343353981499764e-05
ENSG00000127920	3.3428051602285215e-05
ENSG00000005020	3.342754955906801e-05
ENSG00000166819	3.3425652272290494e-05
ENSG00000145242	3.342535066804593e-05
ENSG00000121210	3.341594795233475e-05
ENSG00000147613	3.3390166467151184e-05
ENSG00000178372	3.338980321259705e-05
ENSG00000137338	3.334831989521077e-05
ENSG00000104881	3.3348225519829075e-05
ENSG00000103152	3.334815354250714e-05
ENSG00000177666	3.330347511548969e-05
ENSG00000170485	3.329469340221191e-05
ENSG00000176358	3.328549411570835e-05
ENSG00000135205	3.328312110122662e-05
ENSG00000165264	3.328040629096415e-05
ENSG00000113615	3.327065651319236e-05
ENSG00000035862	3.3256106079040905e-05
ENSG00000197683	3.32497608275616e-05
ENSG00000181754	3.323718267121013e-05
ENSG00000197586	3.3226696579426176e-05
ENSG00000123080	3.322358332291899e-05
ENSG00000089220	3.3221734869943664e-05
ENSG00000139437	3.322169172953545e-05
ENSG00000027847	3.321143192037455e-05
ENSG00000124496	3.3206479881599905e-05
ENSG00000174276	3.31994822101025e-05
ENSG00000181450	3.319868189816722e-05
ENSG00000163346	3.3186452580563755e-05
ENSG00000100596	3.316778401237846e-05
ENSG00000177432	3.3166966102724025e-05
ENSG00000095066	3.316667598414638e-05
ENSG00000259431	3.314763609038036e-05
ENSG00000185674	3.31438705442095e-05
ENSG00000277733	3.31354767680519e-05
ENSG00000168229	3.3131891418166406e-05
ENSG00000002746	3.311904314985655e-05
ENSG00000112651	3.3105804263029305e-05
ENSG00000107949	3.309648216992892e-05
ENSG00000124731	3.3077244641719557e-05
ENSG00000144426	3.307240268264302e-05
ENSG00000167778	3.3055295722700005e-05
ENSG00000099968	3.302453524672295e-05
ENSG00000003096	3.301930177140993e-05
ENSG00000077420	3.300631176940417e-05
ENSG00000114738	3.300361981158232e-05
ENSG00000146216	3.299774704900211e-05
ENSG00000178573	3.299335282364222e-05
ENSG00000067082	3.293650784695244e-05
ENSG00000081248	3.2934459415703695e-05
ENSG00000163482	3.291382933231045e-05
ENSG00000159063	3.289827561129398e-05
ENSG00000162129	3.287864394178692e-05
ENSG00000047188	3.286590052278096e-05
ENSG00000105327	3.286355086655659e-05
ENSG00000077943	3.283376398521567e-05
ENSG00000119715	3.282800463115475e-05
ENSG00000198947	3.282479626177347e-05
ENSG00000114737	3.280299102196714e-05
ENSG00000184363	3.275348967324281e-05
ENSG00000047621	3.271222394007578e-05
ENSG00000006007	3.268919152293223e-05
ENSG00000172469	3.268849072313377e-05
ENSG00000169946	3.267836172503544e-05
ENSG00000158014	3.267701532803761e-05
ENSG00000164347	3.264952055650286e-05
ENSG00000122591	3.26450660588727e-05
ENSG00000135116	3.263907615724673e-05
ENSG00000037042	3.2623555077890596e-05
ENSG00000163132	3.262284839255108e-05
ENSG00000070886	3.2617041050991006e-05
ENSG00000186395	3.2614389378406705e-05
ENSG00000196873	3.2591211725368784e-05
ENSG00000112077	3.255784892471131e-05
ENSG00000138395	3.255778914407141e-05
ENSG00000092978	3.2556115769668996e-05
ENSG00000173080	3.255547286854463e-05
ENSG00000232062	3.2546354402138194e-05
ENSG00000133318	3.254603191948459e-05
ENSG00000196220	3.2544552708113136e-05
ENSG00000186635	3.2541503885424256e-05
ENSG00000167283	3.253525907229927e-05
ENSG00000169136	3.252798030536159e-05
ENSG00000180616	3.2520091734598616e-05
ENSG00000284426	3.251412056320026e-05
ENSG00000119514	3.2510563063943045e-05
ENSG00000182544	3.250920091680202e-05
ENSG00000164532	3.2505808762557096e-05
ENSG00000177879	3.2500642874243644e-05
ENSG00000171714	3.249958991135919e-05
ENSG00000004866	3.248128865226874e-05
ENSG00000165501	3.246999016633344e-05
ENSG00000284021	3.246734259651503e-05
ENSG00000198901	3.244643841793719e-05
ENSG00000101445	3.242834539794958e-05
ENSG00000135404	3.239811881472283e-05
ENSG00000189298	3.2395893672349675e-05
ENSG00000101856	3.23951855175122e-05
ENSG00000172766	3.238706935467968e-05
ENSG00000145919	3.237929712825914e-05
ENSG00000146006	3.23753586480494e-05
ENSG00000105426	3.232898182484479e-05
ENSG00000168894	3.232282697697016e-05
ENSG00000073861	3.231077856257945e-05
ENSG00000073536	3.230148966284369e-05
ENSG00000187713	3.230117903551856e-05
ENSG00000172156	3.227537608551374e-05
ENSG00000173599	3.226957505739122e-05
ENSG00000160360	3.22615314738573e-05
ENSG00000131873	3.225994451771464e-05
ENSG00000139044	3.224961844281193e-05
ENSG00000164061	3.224622349847005e-05
ENSG00000140968	3.222447346071935e-05
ENSG00000086189	3.221354497481764e-05
ENSG00000170454	3.2202545122658914e-05
ENSG00000141052	3.220048105725791e-05
ENSG00000182197	3.2196732456256754e-05
ENSG00000174227	3.219468756406405e-05
ENSG00000213145	3.218676381454418e-05
ENSG00000163872	3.218401796140897e-05
ENSG00000196214	3.218397050693846e-05
ENSG00000148187	3.2178021489318106e-05
ENSG00000103319	3.2175709613801547e-05
ENSG00000198692	3.2152347593611364e-05
ENSG00000160211	3.215056261461111e-05
ENSG00000186675	3.214821681840311e-05
ENSG00000099949	3.213916286499189e-05
ENSG00000227471	3.2130425068240845e-05
ENSG00000053372	3.2117891392032674e-05
ENSG00000166503	3.209827835068878e-05
ENSG00000114383	3.20922409544534e-05
ENSG00000110104	3.2083215896742715e-05
ENSG00000165282	3.207003705739909e-05
ENSG00000285178	3.205108608248087e-05
ENSG00000186340	3.204017089120297e-05
ENSG00000137074	3.202719622467187e-05
ENSG00000160193	3.202713927057614e-05
ENSG00000198380	3.20185317068855e-05
ENSG00000144029	3.200670878468661e-05
ENSG00000162733	3.200344202266928e-05
ENSG00000113520	3.1997664961486006e-05
ENSG00000157766	3.1981591211162896e-05
ENSG00000163736	3.1973533419439486e-05
ENSG00000157593	3.1965603513111654e-05
ENSG00000143862	3.1964373813756805e-05
ENSG00000157184	3.19502836943802e-05
ENSG00000100478	3.194580443808825e-05
ENSG00000182247	3.19387360149838e-05
ENSG00000185917	3.1916718716640744e-05
ENSG00000177374	3.1902162640693096e-05
ENSG00000100319	3.189161125015005e-05
ENSG00000197279	3.1875273792701126e-05
ENSG00000187514	3.186583626195886e-05
ENSG00000147874	3.1849631573670654e-05
ENSG00000117602	3.184881515231686e-05
ENSG00000143333	3.1831997950091034e-05
ENSG00000158161	3.181944842309515e-05
ENSG00000151640	3.181350569845649e-05
ENSG00000163528	3.181245644523522e-05
ENSG00000133083	3.181104706830197e-05
ENSG00000108576	3.180478076976857e-05
ENSG00000136636	3.1791967008735586e-05
ENSG00000143878	3.179002724480199e-05
ENSG00000162616	3.1783610139833585e-05
ENSG00000100714	3.1782845600508785e-05
ENSG00000115944	3.177978681634221e-05
ENSG00000182272	3.1761503984506136e-05
ENSG00000176204	3.1761503984506136e-05
ENSG00000184371	3.175972844281373e-05
ENSG00000106809	3.1759642129087416e-05
ENSG00000126226	3.174277411216819e-05
ENSG00000177951	3.173105064602462e-05
ENSG00000254997	3.1728392648247255e-05
ENSG00000164070	3.172760245603657e-05
ENSG00000166750	3.1727233420066014e-05
ENSG00000283781	3.17212840980491e-05
ENSG00000137876	3.172055519613812e-05
ENSG00000005884	3.171313264670185e-05
ENSG00000060709	3.1668441942484665e-05
ENSG00000100219	3.163000627600761e-05
ENSG00000165496	3.162738826358024e-05
ENSG00000178585	3.161162085335216e-05
ENSG00000281917	3.1605702807285e-05
ENSG00000075131	3.1577108450794765e-05
ENSG00000180901	3.156210164422953e-05
ENSG00000132698	3.155434808817906e-05
ENSG00000273889	3.155254894941503e-05
ENSG00000104327	3.154821964662455e-05
ENSG00000164935	3.154509970652868e-05
ENSG00000135698	3.14939875048998e-05
ENSG00000155090	3.1477809034771065e-05
ENSG00000117533	3.1453947434206466e-05
ENSG00000141012	3.1451562188454136e-05
ENSG00000124942	3.1446452496828964e-05
ENSG00000154118	3.143891274883658e-05
ENSG00000281089	3.143357842793314e-05
ENSG00000139233	3.143244933763511e-05
ENSG00000141198	3.1429369373995305e-05
ENSG00000172586	3.1421047903395676e-05
ENSG00000240857	3.1407336994482415e-05
ENSG00000162909	3.139934553921871e-05
ENSG00000138100	3.138932493388181e-05
ENSG00000141560	3.1378119302588604e-05
ENSG00000072832	3.1357019798686485e-05
ENSG00000273529	3.132875718879917e-05
ENSG00000154710	3.130681114463382e-05
ENSG00000183864	3.12867180467491e-05
ENSG00000168569	3.128605541549854e-05
ENSG00000230128	3.127928234717743e-05
ENSG00000001617	3.1267857613913185e-05
ENSG00000166535	3.126158146475624e-05
ENSG00000283447	3.126063468660736e-05
ENSG00000133863	3.12517673568513e-05
ENSG00000016864	3.125162816479e-05
ENSG00000147862	3.1233599021122816e-05
ENSG00000083099	3.1206498842906136e-05
ENSG00000185278	3.118492182085473e-05
ENSG00000172348	3.118041847268744e-05
ENSG00000213930	3.116896457502359e-05
ENSG00000213999	3.1132886465806135e-05
ENSG00000197601	3.1097155565223223e-05
ENSG00000039560	3.1074885939910186e-05
ENSG00000163171	3.107053370402343e-05
ENSG00000113356	3.1062905258218425e-05
ENSG00000183617	3.105961559065037e-05
ENSG00000132740	3.105911885004245e-05
ENSG00000171204	3.1050887821153084e-05
ENSG00000148841	3.10357132002329e-05
ENSG00000122861	3.1035252393898096e-05
ENSG00000277104	3.101194592880679e-05
ENSG00000156463	3.1009577323772075e-05
ENSG00000025772	3.100884323816576e-05
ENSG00000170275	3.099930637995289e-05
ENSG00000185760	3.098223416645077e-05
ENSG00000161533	3.098214358779608e-05
ENSG00000198216	3.097236270291206e-05
ENSG00000103546	3.097162529381312e-05
ENSG00000163794	3.09715892780717e-05
ENSG00000168062	3.0954928330170055e-05
ENSG00000113119	3.09528149886362e-05
ENSG00000257949	3.094489834027086e-05
ENSG00000262993	3.093220550486326e-05
ENSG00000179083	3.092881519562974e-05
ENSG00000171551	3.088656762079957e-05
ENSG00000164346	3.088617617652957e-05
ENSG00000168461	3.087172193575264e-05
ENSG00000165410	3.0869897254629765e-05
ENSG00000157927	3.086899610975455e-05
ENSG00000138468	3.084634186048494e-05
ENSG00000244067	3.084521348059142e-05
ENSG00000179913	3.082388187588231e-05
ENSG00000187954	3.080590162929941e-05
ENSG00000186628	3.0794720497491134e-05
ENSG00000137673	3.078933628640625e-05
ENSG00000113460	3.0778856808443824e-05
ENSG00000179862	3.0771686890835844e-05
ENSG00000155100	3.074006533123167e-05
ENSG00000014138	3.073902747033592e-05
ENSG00000257923	3.073429326548624e-05
ENSG00000178252	3.0711501930527494e-05
ENSG00000211445	3.0703001401833647e-05
ENSG00000186838	3.070082356546113e-05
ENSG00000153048	3.0689290940926716e-05
ENSG00000164972	3.068277412274145e-05
ENSG00000151491	3.068026781992248e-05
ENSG00000131773	3.067259369694411e-05
ENSG00000102032	3.0671929547780747e-05
ENSG00000138600	3.065881555616435e-05
ENSG00000143643	3.0649833024929694e-05
ENSG00000233816	3.064437869340376e-05
ENSG00000076641	3.063345193561816e-05
ENSG00000163660	3.061420402140135e-05
ENSG00000132692	3.060249332936332e-05
ENSG00000241253	3.0576551145491035e-05
ENSG00000148444	3.056711176720505e-05
ENSG00000106355	3.0563680106390976e-05
ENSG00000121297	3.05602300768092e-05
ENSG00000163703	3.055758857015967e-05
ENSG00000280951	3.051575936562734e-05
ENSG00000196150	3.0510490671140533e-05
ENSG00000112367	3.0508395314412766e-05
ENSG00000116285	3.0508281865697334e-05
ENSG00000102786	3.050804677234796e-05
ENSG00000102034	3.0504601148953043e-05
ENSG00000183648	3.0497603247828243e-05
ENSG00000115828	3.049446886018948e-05
ENSG00000162777	3.0489318488442175e-05
ENSG00000136938	3.0475113236272842e-05
ENSG00000285069	3.046528335894701e-05
ENSG00000104613	3.0461792550130828e-05
ENSG00000116703	3.0454163711040533e-05
ENSG00000120756	3.044167657185207e-05
ENSG00000143315	3.042045320846423e-05
ENSG00000285344	3.0416868352606483e-05
ENSG00000134594	3.0412731635636928e-05
ENSG00000101844	3.0409548417515603e-05
ENSG00000274577	3.0401029805869425e-05
ENSG00000030419	3.039951383955156e-05
ENSG00000032742	3.038398681244389e-05
ENSG00000111196	3.0344156484124137e-05
ENSG00000203972	3.0338335652287506e-05
ENSG00000203668	3.0326431411351362e-05
ENSG00000181143	3.0318267094551937e-05
ENSG00000182095	3.031219976519487e-05
ENSG00000173207	3.0303452820495623e-05
ENSG00000101247	3.0297853383532376e-05
ENSG00000256683	3.0297506585675845e-05
ENSG00000007402	3.029547787704722e-05
ENSG00000284850	3.0279256635448314e-05
ENSG00000077232	3.0275467107727376e-05
ENSG00000167987	3.0273041200958867e-05
ENSG00000164815	3.0271919976770594e-05
ENSG00000135441	3.0270885477359208e-05
ENSG00000197785	3.026556070667941e-05
ENSG00000197324	3.0257998309335574e-05
ENSG00000065717	3.0244219299363015e-05
ENSG00000214160	3.023376189022299e-05
ENSG00000197136	3.022378656691212e-05
ENSG00000159882	3.0221657759707206e-05
ENSG00000174446	3.021174673594024e-05
ENSG00000196678	3.0205425368920076e-05
ENSG00000261221	3.0195480316577623e-05
ENSG00000163412	3.0184388115585952e-05
ENSG00000135413	3.0168653441134108e-05
ENSG00000141279	3.015604773308669e-05
ENSG00000137871	3.0151437972956377e-05
ENSG00000166681	3.0150313866655303e-05
ENSG00000108823	3.014525251886963e-05
ENSG00000174177	3.014339419424727e-05
ENSG00000244005	3.0136530772975444e-05
ENSG00000091181	3.0129861902939403e-05
ENSG00000165661	3.0125998606397447e-05
ENSG00000178974	3.0123059954955987e-05
ENSG00000121864	3.0105250069855645e-05
ENSG00000114767	3.0090127581861306e-05
ENSG00000133935	3.008671913925771e-05
ENSG00000164751	3.0075726976547716e-05
ENSG00000166573	3.0056926782333218e-05
ENSG00000162368	3.005171879272316e-05
ENSG00000115539	3.003119552249774e-05
ENSG00000186501	3.002923939200042e-05
ENSG00000108830	3.000874665701893e-05
ENSG00000135476	3.000605938234789e-05
ENSG00000167323	2.998449156489706e-05
ENSG00000143537	2.9977066777873603e-05
ENSG00000274205	2.9940448935542808e-05
ENSG00000170632	2.9924062241071136e-05
ENSG00000183137	2.9916340514081842e-05
ENSG00000100241	2.9903950189080038e-05
ENSG00000188958	2.9881336600159387e-05
ENSG00000085831	2.987461156543116e-05
ENSG00000165355	2.9870443540016198e-05
ENSG00000016402	2.984404938656884e-05
ENSG00000103249	2.9842479794336405e-05
ENSG00000082641	2.9830832447025737e-05
ENSG00000152467	2.9830737944080135e-05
ENSG00000143375	2.9819249391926442e-05
ENSG00000101958	2.979857018310205e-05
ENSG00000115353	2.9796348713349365e-05
ENSG00000077157	2.978677621704412e-05
ENSG00000166736	2.9781208897182625e-05
ENSG00000198691	2.9767645111581777e-05
ENSG00000126759	2.975589037689534e-05
ENSG00000088356	2.974485205178954e-05
ENSG00000140199	2.9740458029321864e-05
ENSG00000196338	2.9734434373476265e-05
ENSG00000125910	2.9731901973376085e-05
ENSG00000141384	2.9695110289106426e-05
ENSG00000165512	2.9678506635990826e-05
ENSG00000107201	2.962952845447687e-05
ENSG00000118263	2.962876954625127e-05
ENSG00000172331	2.9616560797382127e-05
ENSG00000100038	2.9606087118119255e-05
ENSG00000197822	2.9587653936740732e-05
ENSG00000111671	2.955779308054072e-05
ENSG00000113761	2.9538610669373675e-05
ENSG00000133250	2.9533425073606478e-05
ENSG00000104903	2.953282630430001e-05
ENSG00000151164	2.9521117192606945e-05
ENSG00000109101	2.950817151010971e-05
ENSG00000165533	2.9496905205917388e-05
ENSG00000204941	2.9492604233916684e-05
ENSG00000179914	2.947640734779938e-05
ENSG00000164941	2.947307424437184e-05
ENSG00000187736	2.9462499853130773e-05
ENSG00000244509	2.9446225229694825e-05
ENSG00000048540	2.943177883424567e-05
ENSG00000106400	2.9429891860586053e-05
ENSG00000132436	2.9416293041793143e-05
ENSG00000092439	2.94007929880592e-05
ENSG00000111716	2.937472366958817e-05
ENSG00000168301	2.9368784421935455e-05
ENSG00000148798	2.936409144264688e-05
ENSG00000013523	2.935121345864759e-05
ENSG00000150477	2.9326245416943048e-05
ENSG00000064687	2.9324392588853386e-05
ENSG00000171940	2.931126108087429e-05
ENSG00000136710	2.9281307635477334e-05
ENSG00000204498	2.926665834183562e-05
ENSG00000143149	2.926386086854577e-05
ENSG00000008324	2.9263449376625406e-05
ENSG00000165588	2.9256703578367373e-05
ENSG00000152904	2.9253785965157553e-05
ENSG00000169393	2.924145621858341e-05
ENSG00000167981	2.924117053144596e-05
ENSG00000011332	2.922799394309184e-05
ENSG00000206562	2.9224557953251045e-05
ENSG00000047936	2.9221078420164338e-05
ENSG00000150048	2.9216663777997373e-05
ENSG00000089248	2.921192468759659e-05
ENSG00000143793	2.9193684166922558e-05
ENSG00000144182	2.9189671376837227e-05
ENSG00000204271	2.918627884939522e-05
ENSG00000136153	2.9166858138750792e-05
ENSG00000141026	2.916363999055222e-05
ENSG00000160194	2.9156049653933285e-05
ENSG00000152700	2.9152456229962244e-05
ENSG00000132323	2.913676867479805e-05
ENSG00000206561	2.912601982633231e-05
ENSG00000012232	2.912149313173144e-05
ENSG00000282986	2.911200129838343e-05
ENSG00000071189	2.9108835386678727e-05
ENSG00000146085	2.910455950080931e-05
ENSG00000145362	2.910121680716686e-05
ENSG00000180340	2.909226629067011e-05
ENSG00000123545	2.9087264053810214e-05
ENSG00000169689	2.908349075273467e-05
ENSG00000261150	2.9079177585918742e-05
ENSG00000170160	2.9060692389253926e-05
ENSG00000163611	2.905475270818459e-05
ENSG00000126860	2.9036632995590444e-05
ENSG00000196387	2.903529577782567e-05
ENSG00000085644	2.9034386888793548e-05
ENSG00000212935	2.9023290008578807e-05
ENSG00000198353	2.9016219412168916e-05
ENSG00000112679	2.9005274202474675e-05
ENSG00000181220	2.8991762753095715e-05
ENSG00000206181	2.8954552414749917e-05
ENSG00000274221	2.8930141758846973e-05
ENSG00000144645	2.8921351334047124e-05
ENSG00000125827	2.891852205967688e-05
ENSG00000204065	2.891651943055512e-05
ENSG00000140105	2.891506688655227e-05
ENSG00000079335	2.889832800410136e-05
ENSG00000150401	2.8897005508402024e-05
ENSG00000158615	2.888837017011019e-05
ENSG00000168615	2.8888083855648318e-05
ENSG00000101871	2.8859012444505695e-05
ENSG00000115368	2.8839658396131325e-05
ENSG00000120334	2.8833783035047718e-05
ENSG00000155846	2.8827414749532367e-05
ENSG00000119718	2.8809461720562352e-05
ENSG00000124802	2.880487925461242e-05
ENSG00000285262	2.8804570748431383e-05
ENSG00000101470	2.8795797023995937e-05
ENSG00000203785	2.8795089242181134e-05
ENSG00000081923	2.8786285285642483e-05
ENSG00000120798	2.8781430376022835e-05
ENSG00000139644	2.8765600691492915e-05
ENSG00000109063	2.8751581112334572e-05
ENSG00000107187	2.875049967736661e-05
ENSG00000135124	2.8740199982081838e-05
ENSG00000057019	2.8739760871578874e-05
ENSG00000141378	2.8711353987150312e-05
ENSG00000138613	2.8675525201230415e-05
ENSG00000112855	2.8675218155315202e-05
ENSG00000113594	2.867273938936834e-05
ENSG00000173786	2.8645516193128875e-05
ENSG00000134438	2.8626897590521725e-05
ENSG00000118680	2.8624950256809664e-05
ENSG00000120162	2.8624523637800908e-05
ENSG00000134072	2.8624041259130978e-05
ENSG00000180329	2.8621563324334688e-05
ENSG00000144136	2.862111896573282e-05
ENSG00000167749	2.8600707117270293e-05
ENSG00000134757	2.859657699044287e-05
ENSG00000197965	2.859490625434203e-05
ENSG00000158985	2.859217770776072e-05
ENSG00000114988	2.858895160439017e-05
ENSG00000136848	2.858678557994053e-05
ENSG00000123130	2.8570939821458323e-05
ENSG00000197329	2.8559798929786215e-05
ENSG00000091732	2.855874112710143e-05
ENSG00000197063	2.8555676670364025e-05
ENSG00000059804	2.8555609809649046e-05
ENSG00000162076	2.855086286045251e-05
ENSG00000117614	2.8532825868065837e-05
ENSG00000171462	2.8499876516367814e-05
ENSG00000159322	2.8493034301731614e-05
ENSG00000157954	2.8482684682766398e-05
ENSG00000008441	2.8469035827093613e-05
ENSG00000135414	2.8448861379616458e-05
ENSG00000186283	2.8441675362011345e-05
ENSG00000111678	2.8441504340235774e-05
ENSG00000086712	2.841679917326751e-05
ENSG00000163913	2.8415512423485918e-05
ENSG00000213424	2.840311885420517e-05
ENSG00000105707	2.839873589552998e-05
ENSG00000185305	2.8383933142313314e-05
ENSG00000115084	2.8376701828937618e-05
ENSG00000058085	2.8369131068549384e-05
ENSG00000111817	2.83630942002778e-05
ENSG00000175065	2.8345638317569077e-05
ENSG00000130656	2.832472190311015e-05
ENSG00000274327	2.8322010731876228e-05
ENSG00000168264	2.831953396943911e-05
ENSG00000138433	2.8317543764558324e-05
ENSG00000125459	2.8310606157807452e-05
ENSG00000175121	2.8297670284491062e-05
ENSG00000237335	2.8250251539525383e-05
ENSG00000179588	2.8245579282152003e-05
ENSG00000156502	2.8231964845557458e-05
ENSG00000115963	2.8228740766662635e-05
ENSG00000248746	2.820982369863644e-05
ENSG00000136108	2.820088648600273e-05
ENSG00000284807	2.8199087233566703e-05
ENSG00000156219	2.8176825727652774e-05
ENSG00000130147	2.8174139945955654e-05
ENSG00000177917	2.817268666939595e-05
ENSG00000181938	2.81684507778911e-05
ENSG00000198734	2.8158870665839017e-05
ENSG00000197345	2.8144195186371796e-05
ENSG00000052749	2.8139344129745492e-05
ENSG00000117152	2.8117783357421412e-05
ENSG00000242515	2.8117040304627635e-05
ENSG00000135686	2.811467807668621e-05
ENSG00000282954	2.810074040663841e-05
ENSG00000100376	2.8097525483604024e-05
ENSG00000148377	2.8093119318298423e-05
ENSG00000274047	2.8073512500211113e-05
ENSG00000274513	2.8068573327013594e-05
ENSG00000130528	2.806777037551325e-05
ENSG00000169031	2.806623041525467e-05
ENSG00000111305	2.805612966398355e-05
ENSG00000168490	2.8022773138187088e-05
ENSG00000184486	2.8021033649802706e-05
ENSG00000168175	2.7997737302331625e-05
ENSG00000197111	2.799228989964655e-05
ENSG00000186106	2.7991648836910744e-05
ENSG00000105245	2.7990893920100517e-05
ENSG00000112146	2.7986425778265976e-05
ENSG00000144455	2.7948833119873935e-05
ENSG00000120242	2.7934202367391813e-05
ENSG00000001631	2.7932065285822436e-05
ENSG00000159450	2.792419454827426e-05
ENSG00000106004	2.7913939952157234e-05
ENSG00000125999	2.7907067224082233e-05
ENSG00000100592	2.79063925519877e-05
ENSG00000134207	2.78912356349527e-05
ENSG00000132406	2.7889268057531846e-05
ENSG00000137094	2.7889181685050377e-05
ENSG00000268651	2.786826731108314e-05
ENSG00000114650	2.7859175888393923e-05
ENSG00000099139	2.7831579459210515e-05
ENSG00000121905	2.7825515677227267e-05
ENSG00000156738	2.7797749604301372e-05
ENSG00000160753	2.779718474704657e-05
ENSG00000125812	2.779350123201885e-05
ENSG00000145088	2.7782313181083984e-05
ENSG00000134809	2.777887672050243e-05
ENSG00000124523	2.777735957587056e-05
ENSG00000120235	2.7776783524562823e-05
ENSG00000113272	2.7776492831062008e-05
ENSG00000070729	2.7724866281369583e-05
ENSG00000140564	2.7722306898976077e-05
ENSG00000117525	2.7716642001638975e-05
ENSG00000188641	2.7689361067600096e-05
ENSG00000179477	2.768911946522906e-05
ENSG00000168329	2.768702532358847e-05
ENSG00000164334	2.76827813351517e-05
ENSG00000137492	2.7661678061708647e-05
ENSG00000136933	2.7617530380705707e-05
ENSG00000104863	2.7617341522572643e-05
ENSG00000121289	2.760824798209379e-05
ENSG00000164294	2.7596551434149338e-05
ENSG00000134697	2.7579787020605253e-05
ENSG00000107130	2.7568500361341855e-05
ENSG00000165138	2.7568437922145298e-05
ENSG00000074582	2.7515909258355908e-05
ENSG00000006210	2.75103055691537e-05
ENSG00000173744	2.749374683370756e-05
ENSG00000101464	2.7481205699529038e-05
ENSG00000185088	2.7479905214223138e-05
ENSG00000153922	2.7471291906498995e-05
ENSG00000167600	2.7467991384172407e-05
ENSG00000147123	2.7461610202503764e-05
ENSG00000168884	2.746155436255215e-05
ENSG00000189430	2.7454491860879207e-05
ENSG00000175662	2.7442347369758903e-05
ENSG00000127884	2.7429243456192795e-05
ENSG00000070214	2.7419448497321485e-05
ENSG00000188848	2.7412652292799227e-05
ENSG00000106635	2.7411019906184806e-05
ENSG00000129824	2.7410690002813492e-05
ENSG00000276799	2.740997499824074e-05
ENSG00000175198	2.740522134804915e-05
ENSG00000288283	2.7396094305692467e-05
ENSG00000177150	2.7393049558166985e-05
ENSG00000056972	2.7391735128982562e-05
ENSG00000000971	2.7388993201181532e-05
ENSG00000107874	2.7377480021976445e-05
ENSG00000136631	2.7360644497506652e-05
ENSG00000070404	2.734984925006741e-05
ENSG00000163874	2.734431873502778e-05
ENSG00000112893	2.7335392445522627e-05
ENSG00000147202	2.7331913068218726e-05
ENSG00000223496	2.7320168101707785e-05
ENSG00000168765	2.730967309463241e-05
ENSG00000117569	2.7294248266740658e-05
ENSG00000041982	2.7289226230089406e-05
ENSG00000178502	2.7288940305293512e-05
ENSG00000178904	2.7279585714407318e-05
ENSG00000101638	2.7279481728295333e-05
ENSG00000134684	2.7272858209670808e-05
ENSG00000172175	2.7268602247923447e-05
ENSG00000146592	2.7253574591268118e-05
ENSG00000189171	2.7250869975138148e-05
ENSG00000163541	2.7248581469527188e-05
ENSG00000171703	2.7246847817752648e-05
ENSG00000084092	2.7245968708695874e-05
ENSG00000198300	2.7230144616010717e-05
ENSG00000119950	2.7228306149003193e-05
ENSG00000163382	2.7206770561079062e-05
ENSG00000102547	2.719740662468308e-05
ENSG00000182768	2.7188866223665887e-05
ENSG00000203782	2.717835975176512e-05
ENSG00000239887	2.7168329048080478e-05
ENSG00000184500	2.715946073054052e-05
ENSG00000167969	2.715563754260562e-05
ENSG00000262334	2.7153019602048713e-05
ENSG00000125618	2.7152131089166124e-05
ENSG00000125901	2.7151245293386987e-05
ENSG00000230900	2.7145545109312918e-05
ENSG00000103034	2.7134743575608308e-05
ENSG00000104047	2.7123883594765014e-05
ENSG00000147421	2.7119250150842507e-05
ENSG00000165502	2.7110550236450027e-05
ENSG00000109061	2.7096426807570412e-05
ENSG00000107872	2.708892356663499e-05
ENSG00000046774	2.705009685270026e-05
ENSG00000152266	2.7049547609485845e-05
ENSG00000110871	2.7044727927321e-05
ENSG00000138131	2.7044627409361966e-05
ENSG00000247315	2.700379375407905e-05
ENSG00000186038	2.6996115651238156e-05
ENSG00000137070	2.6981711723433215e-05
ENSG00000178773	2.6980500583077325e-05
ENSG00000131844	2.6972476959824374e-05
ENSG00000152430	2.6972328427367383e-05
ENSG00000131724	2.6968932681522794e-05
ENSG00000105048	2.6965273267228958e-05
ENSG00000124103	2.6964521162395e-05
ENSG00000172890	2.6964472008242257e-05
ENSG00000173559	2.69619716720135e-05
ENSG00000116661	2.695612780065969e-05
ENSG00000181481	2.6954729558690532e-05
ENSG00000082068	2.693331630651685e-05
ENSG00000173530	2.6930235582850507e-05
ENSG00000103174	2.692918593264682e-05
ENSG00000198816	2.6925392689184783e-05
ENSG00000182687	2.6918558578211793e-05
ENSG00000260325	2.690969467401655e-05
ENSG00000164889	2.6900225200072105e-05
ENSG00000173821	2.689407456106761e-05
ENSG00000213265	2.6874423599531852e-05
ENSG00000137274	2.6870398948109207e-05
ENSG00000169851	2.6864574309672182e-05
ENSG00000065491	2.6853428546685733e-05
ENSG00000101751	2.6849049363687756e-05
ENSG00000186318	2.6819749836981913e-05
ENSG00000262845	2.6809880738945445e-05
ENSG00000196136	2.6802173977542047e-05
ENSG00000165821	2.679775093744254e-05
ENSG00000205476	2.6789388363256102e-05
ENSG00000072315	2.6782661864967373e-05
ENSG00000131368	2.67796283018081e-05
ENSG00000135577	2.6776876733287826e-05
ENSG00000112031	2.6774889761420634e-05
ENSG00000125734	2.675022303982007e-05
ENSG00000135541	2.6729108300116292e-05
ENSG00000160959	2.6726634215398834e-05
ENSG00000120709	2.6724579153992508e-05
ENSG00000166145	2.6723300413372114e-05
ENSG00000178718	2.6709069625093442e-05
ENSG00000126460	2.6690521091254995e-05
ENSG00000162594	2.6684176127812212e-05
ENSG00000041515	2.6683362724222774e-05
ENSG00000103037	2.6669568422322945e-05
ENSG00000185798	2.6648548807116684e-05
ENSG00000101473	2.6645495354770433e-05
ENSG00000144677	2.663367516860312e-05
ENSG00000177614	2.662763426179984e-05
ENSG00000154222	2.6594034623841476e-05
ENSG00000042781	2.658132184346995e-05
ENSG00000172995	2.6579354038363924e-05
ENSG00000168096	2.657905674762505e-05
ENSG00000092758	2.6563847566412063e-05
ENSG00000167487	2.6563560161394283e-05
ENSG00000163157	2.655978119393023e-05
ENSG00000137714	2.6547241369262632e-05
ENSG00000227804	2.6539676538497097e-05
ENSG00000166557	2.6536052651565746e-05
ENSG00000115844	2.653547047291788e-05
ENSG00000152457	2.6529618649338212e-05
ENSG00000188706	2.6511385472807104e-05
ENSG00000180185	2.6509169935170925e-05
ENSG00000170604	2.6507220017775014e-05
ENSG00000177542	2.6493095300871245e-05
ENSG00000179041	2.6485669828891333e-05
ENSG00000104611	2.648270127757992e-05
ENSG00000117682	2.647605986789094e-05
ENSG00000116525	2.6473537001268314e-05
ENSG00000062485	2.6461074138670473e-05
ENSG00000173141	2.645015265117458e-05
ENSG00000197903	2.64333067517451e-05
ENSG00000170540	2.6424020364866375e-05
ENSG00000164237	2.6423185900144197e-05
ENSG00000198838	2.6420943717086652e-05
ENSG00000242802	2.6413926963191325e-05
ENSG00000118707	2.641141608144068e-05
ENSG00000160339	2.639990278114845e-05
ENSG00000133316	2.639752557947407e-05
ENSG00000033867	2.638606587996577e-05
ENSG00000122481	2.6363136710922756e-05
ENSG00000156284	2.6362951686846394e-05
ENSG00000105821	2.6359197285530522e-05
ENSG00000019144	2.6356793454249166e-05
ENSG00000186564	2.6351944529528855e-05
ENSG00000151490	2.634772465096442e-05
ENSG00000161798	2.633867021305417e-05
ENSG00000115758	2.632876115808724e-05
ENSG00000172367	2.632413719740927e-05
ENSG00000012211	2.631635917588433e-05
ENSG00000167850	2.6309128630283835e-05
ENSG00000059691	2.6308477324918275e-05
ENSG00000177697	2.6307703670761925e-05
ENSG00000131149	2.6300197829032946e-05
ENSG00000232367	2.62786198178475e-05
ENSG00000013364	2.6257581808231485e-05
ENSG00000163207	2.6253879130320307e-05
ENSG00000059728	2.6235754762766736e-05
ENSG00000011566	2.6235544881646254e-05
ENSG00000263290	2.623247165719049e-05
ENSG00000117707	2.622303861568667e-05
ENSG00000155034	2.622297874176464e-05
ENSG00000065518	2.621987916837818e-05
ENSG00000284752	2.6205744237695815e-05
ENSG00000090006	2.6190881776492194e-05
ENSG00000185127	2.6183470143564663e-05
ENSG00000203883	2.618290909705257e-05
ENSG00000017483	2.6178773500942333e-05
ENSG00000167113	2.6175107946260562e-05
ENSG00000124767	2.616353410735124e-05
ENSG00000135744	2.6156041686016203e-05
ENSG00000213023	2.6148829954001403e-05
ENSG00000123505	2.6142388331212552e-05
ENSG00000117481	2.6133561029664666e-05
ENSG00000164270	2.610786496152022e-05
ENSG00000181418	2.6105234298564716e-05
ENSG00000174417	2.6086635177358858e-05
ENSG00000240505	2.6079879393005954e-05
ENSG00000186184	2.6072140180138307e-05
ENSG00000284796	2.606699893549506e-05
ENSG00000132669	2.605603588659523e-05
ENSG00000182185	2.6055098945203997e-05
ENSG00000124243	2.605165427102708e-05
ENSG00000171314	2.6026861131123773e-05
ENSG00000276701	2.60218103811807e-05
ENSG00000069018	2.5999658623530808e-05
ENSG00000138101	2.5979791884435686e-05
ENSG00000142544	2.5978558734824474e-05
ENSG00000108556	2.5951063515594452e-05
ENSG00000135902	2.5951063515594452e-05
ENSG00000123472	2.594849754823947e-05
ENSG00000131373	2.5948049961591772e-05
ENSG00000125375	2.5938024550482766e-05
ENSG00000048740	2.5892922923990482e-05
ENSG00000161692	2.588161692058592e-05
ENSG00000138646	2.5880811938950508e-05
ENSG00000129151	2.5866855020274467e-05
ENSG00000108688	2.582050972740393e-05
ENSG00000178177	2.579721252884071e-05
ENSG00000070444	2.5766464986405777e-05
ENSG00000183779	2.5762413398650478e-05
ENSG00000105963	2.5744457669553388e-05
ENSG00000147041	2.573778330567771e-05
ENSG00000103356	2.57305042484586e-05
ENSG00000100154	2.57284903086045e-05
ENSG00000169764	2.5720226992776613e-05
ENSG00000276996	2.5718498637174154e-05
ENSG00000130997	2.5705747481759186e-05
ENSG00000165626	2.5701535470311615e-05
ENSG00000267534	2.5699843020911948e-05
ENSG00000169814	2.5687652669699248e-05
ENSG00000280495	2.56850500544788e-05
ENSG00000149547	2.5680661681540788e-05
ENSG00000239264	2.5665741784941583e-05
ENSG00000152402	2.5654920153721672e-05
ENSG00000196866	2.5646155004025323e-05
ENSG00000141753	2.5620089723221578e-05
ENSG00000010219	2.5586534066069067e-05
ENSG00000116985	2.558511032677786e-05
ENSG00000151577	2.558468041077325e-05
ENSG00000132471	2.557742876969366e-05
ENSG00000198093	2.5570013008563892e-05
ENSG00000115221	2.55690046530485e-05
ENSG00000161179	2.5559120103950386e-05
ENSG00000113552	2.5546379549986803e-05
ENSG00000100523	2.5521089240992422e-05
ENSG00000135924	2.551549077047392e-05
ENSG00000206527	2.551244884110337e-05
ENSG00000198604	2.5499054789801444e-05
ENSG00000184990	2.548617836696718e-05
ENSG00000114698	2.5482661810438362e-05
ENSG00000184402	2.5474703938219307e-05
ENSG00000106993	2.5474102571392224e-05
ENSG00000138279	2.546519072371942e-05
ENSG00000171316	2.546434542250686e-05
ENSG00000181467	2.54610410083548e-05
ENSG00000156136	2.5455721358490627e-05
ENSG00000104299	2.544902538335039e-05
ENSG00000167748	2.5445202406432053e-05
ENSG00000122203	2.5441324957847776e-05
ENSG00000172551	2.5440976978379433e-05
ENSG00000152749	2.542147500518032e-05
ENSG00000189023	2.5415110461018255e-05
ENSG00000019549	2.5410618874983472e-05
ENSG00000132275	2.5409846498169507e-05
ENSG00000147119	2.540461386702913e-05
ENSG00000133019	2.5398444513310014e-05
ENSG00000170276	2.538779587200876e-05
ENSG00000187634	2.538468144842175e-05
ENSG00000101327	2.5377465784791303e-05
ENSG00000166165	2.537646270656262e-05
ENSG00000153140	2.5365075694369103e-05
ENSG00000241484	2.535732482509873e-05
ENSG00000100448	2.5350748574487326e-05
ENSG00000076650	2.534848317373552e-05
ENSG00000170266	2.5341155732076428e-05
ENSG00000132467	2.5302346655397766e-05
ENSG00000001561	2.529903858915104e-05
ENSG00000135631	2.5274190031038976e-05
ENSG00000162892	2.524552275796727e-05
ENSG00000119927	2.5234728682416974e-05
ENSG00000213160	2.522442573419817e-05
ENSG00000178567	2.521732280855534e-05
ENSG00000242220	2.5213479221632372e-05
ENSG00000183048	2.5203579928174038e-05
ENSG00000152409	2.51991667679172e-05
ENSG00000121988	2.5187918758986453e-05
ENSG00000189114	2.517790866533062e-05
ENSG00000283883	2.5175336084655157e-05
ENSG00000067445	2.5163347922910208e-05
ENSG00000090447	2.514341857275279e-05
ENSG00000113966	2.5143054184462984e-05
ENSG00000146232	2.511554441586658e-05
ENSG00000119782	2.5102174717829117e-05
ENSG00000176396	2.5075406493865965e-05
ENSG00000114796	2.5075255339326502e-05
ENSG00000174842	2.5073135283583813e-05
ENSG00000123352	2.5056616730023244e-05
ENSG00000176136	2.505432804987033e-05
ENSG00000137942	2.503259937793256e-05
ENSG00000205903	2.5031796569883424e-05
ENSG00000142733	2.502863233952262e-05
ENSG00000183853	2.502830898386435e-05
ENSG00000273562	2.5027756050902375e-05
ENSG00000168621	2.5026464969130947e-05
ENSG00000178184	2.5016607612410506e-05
ENSG00000168679	2.500985754131387e-05
ENSG00000152061	2.5004710808331384e-05
ENSG00000183837	2.4974092961094475e-05
ENSG00000154277	2.4962673810475283e-05
ENSG00000112195	2.4953275110352356e-05
ENSG00000182512	2.4952442175403444e-05
ENSG00000143740	2.494328804786491e-05
ENSG00000165188	2.4942456594656025e-05
ENSG00000148331	2.4941909646343124e-05
ENSG00000169919	2.4940368866569818e-05
ENSG00000140398	2.4938368195071116e-05
ENSG00000051596	2.4936337768946306e-05
ENSG00000173272	2.492975898711883e-05
ENSG00000274669	2.4926421947539424e-05
ENSG00000110921	2.4925034805927295e-05
ENSG00000141448	2.4900257753104862e-05
ENSG00000285032	2.4898848712874313e-05
ENSG00000141232	2.488761065577427e-05
ENSG00000276230	2.4881340276353513e-05
ENSG00000103264	2.487027093348637e-05
ENSG00000183723	2.48523126187608e-05
ENSG00000122877	2.4849431312680367e-05
ENSG00000178607	2.483536929506271e-05
ENSG00000188157	2.4832414558010253e-05
ENSG00000055118	2.482462378483625e-05
ENSG00000023608	2.480074508056799e-05
ENSG00000141562	2.479497002526712e-05
ENSG00000175575	2.4785309663947575e-05
ENSG00000176160	2.4775596661666037e-05
ENSG00000168685	2.47588059478905e-05
ENSG00000108963	2.475659604910812e-05
ENSG00000131142	2.4755311678932618e-05
ENSG00000175115	2.47550494683839e-05
ENSG00000158769	2.4748901402348567e-05
ENSG00000282932	2.4748017674816113e-05
ENSG00000006453	2.4744471886749093e-05
ENSG00000162222	2.4741499862390858e-05
ENSG00000237190	2.471839965367224e-05
ENSG00000105220	2.4709488926455613e-05
ENSG00000285449	2.4706945579660044e-05
ENSG00000167081	2.4705053490276456e-05
ENSG00000187855	2.4690917615637337e-05
ENSG00000177688	2.4686347784344947e-05
ENSG00000168924	2.467469671486765e-05
ENSG00000120094	2.4671513260338773e-05
ENSG00000125820	2.466526051813779e-05
ENSG00000198015	2.466308677058467e-05
ENSG00000101306	2.4661718755895608e-05
ENSG00000108666	2.4661497426445062e-05
ENSG00000075461	2.4634638683543225e-05
ENSG00000243284	2.4629647135302242e-05
ENSG00000163520	2.4627333372264473e-05
ENSG00000166592	2.462370429528466e-05
ENSG00000079435	2.461720990245991e-05
ENSG00000100196	2.461624907918147e-05
ENSG00000009950	2.461385045167128e-05
ENSG00000125877	2.4610769676532503e-05
ENSG00000105866	2.4604809335050994e-05
ENSG00000053371	2.459387953537474e-05
ENSG00000006634	2.4584236388577238e-05
ENSG00000092036	2.4566918376863233e-05
ENSG00000163032	2.4561359251864464e-05
ENSG00000143971	2.4557821741298798e-05
ENSG00000211455	2.455159150312508e-05
ENSG00000164418	2.454782274456751e-05
ENSG00000135052	2.4513601170174484e-05
ENSG00000102699	2.449358363593867e-05
ENSG00000118160	2.4476405302470538e-05
ENSG00000051825	2.4468666968573527e-05
ENSG00000049323	2.4451138182563574e-05
ENSG00000148334	2.445049050329163e-05
ENSG00000142677	2.445006326355359e-05
ENSG00000104901	2.4443786518312047e-05
ENSG00000136002	2.443945762786143e-05
ENSG00000040933	2.4437487234194258e-05
ENSG00000175414	2.443508946745007e-05
ENSG00000257594	2.440852579513145e-05
ENSG00000134216	2.440348684157418e-05
ENSG00000081721	2.4398847491327776e-05
ENSG00000148824	2.4391919557396626e-05
ENSG00000283510	2.4386598272247562e-05
ENSG00000181610	2.4384398567220917e-05
ENSG00000132549	2.438283969414932e-05
ENSG00000134247	2.438252184684435e-05
ENSG00000134709	2.4375714245472594e-05
ENSG00000198482	2.4353627008187506e-05
ENSG00000218891	2.4340235626942983e-05
ENSG00000243489	2.4331026363401304e-05
ENSG00000134183	2.4321146208109974e-05
ENSG00000080823	2.4316735027874566e-05
ENSG00000215193	2.4312556073749825e-05
ENSG00000284400	2.430158236821018e-05
ENSG00000116649	2.429122548184933e-05
ENSG00000172954	2.4290461631894175e-05
ENSG00000172016	2.4285925283113108e-05
ENSG00000132329	2.4276603913350415e-05
ENSG00000187742	2.4273950987358424e-05
ENSG00000115541	2.4272285694892173e-05
ENSG00000133639	2.4260514867093392e-05
ENSG00000141639	2.4251558666362753e-05
ENSG00000074370	2.4248377588602985e-05
ENSG00000125846	2.4247973748588788e-05
ENSG00000129158	2.4238223019093448e-05
ENSG00000285348	2.4221363623473804e-05
ENSG00000162688	2.4218114861848895e-05
ENSG00000122585	2.4216981263413935e-05
ENSG00000106605	2.4199918653396182e-05
ENSG00000077063	2.4173756151154563e-05
ENSG00000129055	2.4172842386492736e-05
ENSG00000276838	2.4171825823430272e-05
ENSG00000147655	2.416906771675011e-05
ENSG00000145708	2.4163102918454767e-05
ENSG00000143013	2.415922252225361e-05
ENSG00000092621	2.4118546992149497e-05
ENSG00000205352	2.411399389443762e-05
ENSG00000198780	2.4105338300449087e-05
ENSG00000185736	2.4086062484022665e-05
ENSG00000155463	2.408507897097447e-05
ENSG00000140044	2.40766823158283e-05
ENSG00000089820	2.4069043608075775e-05
ENSG00000149516	2.4060122415771737e-05
ENSG00000127554	2.405528707508819e-05
ENSG00000075643	2.4053663077550212e-05
ENSG00000123191	2.4049392850836574e-05
ENSG00000145623	2.4036215132227677e-05
ENSG00000197969	2.4035230078128237e-05
ENSG00000198952	2.403023161320303e-05
ENSG00000148541	2.4026211283908958e-05
ENSG00000240592	2.4009264905800766e-05
ENSG00000073910	2.3996885041761895e-05
ENSG00000188167	2.3988073540130607e-05
ENSG00000125962	2.398672310272635e-05
ENSG00000115008	2.397419964372341e-05
ENSG00000064666	2.396292666507974e-05
ENSG00000171621	2.396254590205148e-05
ENSG00000147383	2.3958267579977398e-05
ENSG00000169860	2.395332774139907e-05
ENSG00000108691	2.3932263314122284e-05
ENSG00000127311	2.3930906940379486e-05
ENSG00000178996	2.3917513022200003e-05
ENSG00000140807	2.3907941358163485e-05
ENSG00000163935	2.3902332580557277e-05
ENSG00000187792	2.3887101656766077e-05
ENSG00000083307	2.3883151275431138e-05
ENSG00000221869	2.388009979379781e-05
ENSG00000123933	2.3878926344808628e-05
ENSG00000128739	2.3878430023109092e-05
ENSG00000117519	2.3870211003544654e-05
ENSG00000136286	2.3864568393211896e-05
ENSG00000231377	2.385522059095725e-05
ENSG00000131370	2.3851302356605057e-05
ENSG00000106789	2.3841989560306396e-05
ENSG00000120049	2.381573955424184e-05
ENSG00000040341	2.3802364849246755e-05
ENSG00000149474	2.3795487449860297e-05
ENSG00000165898	2.379139880324312e-05
ENSG00000171360	2.378509856877051e-05
ENSG00000204131	2.3777527083835246e-05
ENSG00000107968	2.3771368775358385e-05
ENSG00000214706	2.3766070310685052e-05
ENSG00000196365	2.3758741682446245e-05
ENSG00000187796	2.3757925024406807e-05
ENSG00000283859	2.374773016635139e-05
ENSG00000113196	2.373883438648113e-05
ENSG00000064545	2.372421822013473e-05
ENSG00000275272	2.371469563427803e-05
ENSG00000139168	2.371102726621115e-05
ENSG00000282873	2.3709656596090405e-05
ENSG00000004838	2.370734895088e-05
ENSG00000165572	2.370395313192037e-05
ENSG00000183580	2.370202405109916e-05
ENSG00000205542	2.3699252091952136e-05
ENSG00000079462	2.3696542434100307e-05
ENSG00000145012	2.369020856057705e-05
ENSG00000178078	2.3668148831467296e-05
ENSG00000176714	2.3665306301840084e-05
ENSG00000118017	2.3663037801982946e-05
ENSG00000162614	2.3659784076480932e-05
ENSG00000110148	2.3640153867128834e-05
ENSG00000119929	2.3638573561697475e-05
ENSG00000152804	2.3638017062518505e-05
ENSG00000143320	2.3636655135559682e-05
ENSG00000164938	2.363517324592256e-05
ENSG00000166689	2.3627324192552384e-05
ENSG00000285302	2.3627235371011238e-05
ENSG00000116017	2.3623161503844658e-05
ENSG00000117215	2.3609387494202334e-05
ENSG00000111262	2.3599718450276968e-05
ENSG00000133111	2.359370172652186e-05
ENSG00000137547	2.3585295365086232e-05
ENSG00000265681	2.358493630447977e-05
ENSG00000236826	2.355133587472521e-05
ENSG00000163507	2.353963638520624e-05
ENSG00000076716	2.3532563526996836e-05
ENSG00000137474	2.3530131850378356e-05
ENSG00000112096	2.351703952474669e-05
ENSG00000167232	2.3512169832844397e-05
ENSG00000062524	2.3510088047901686e-05
ENSG00000106443	2.349563381009888e-05
ENSG00000137269	2.3491144721586517e-05
ENSG00000198786	2.348506411602764e-05
ENSG00000144535	2.3468062981152946e-05
ENSG00000130818	2.3466927768523074e-05
ENSG00000174123	2.3459396848651238e-05
ENSG00000116729	2.3457480585482775e-05
ENSG00000104976	2.345454111167502e-05
ENSG00000188542	2.345111361388088e-05
ENSG00000213626	2.3448302892624136e-05
ENSG00000175564	2.3447561160290945e-05
ENSG00000143198	2.3439153020052572e-05
ENSG00000146701	2.3426935146261834e-05
ENSG00000108924	2.3413581183736717e-05
ENSG00000174156	2.3413571303240976e-05
ENSG00000160799	2.3407630415943902e-05
ENSG00000006747	2.340619446071165e-05
ENSG00000138722	2.3403418492240708e-05
ENSG00000121858	2.340104180669145e-05
ENSG00000110680	2.3392421374546552e-05
ENSG00000144596	2.3382094694419993e-05
ENSG00000116212	2.3378285116063804e-05
ENSG00000129422	2.3375969716070828e-05
ENSG00000183291	2.336386590709182e-05
ENSG00000196557	2.336321606537627e-05
ENSG00000044459	2.3362993701855465e-05
ENSG00000189057	2.3356535362038146e-05
ENSG00000102048	2.334564254743748e-05
ENSG00000180176	2.3336478485976753e-05
ENSG00000149179	2.3336214896074258e-05
ENSG00000170465	2.3321752778597645e-05
ENSG00000105778	2.3304321761040466e-05
ENSG00000112874	2.3303360005073102e-05
ENSG00000076513	2.329729989076062e-05
ENSG00000139151	2.3292470667884533e-05
ENSG00000182732	2.329160304251777e-05
ENSG00000108231	2.328143061669066e-05
ENSG00000107611	2.3273457231290002e-05
ENSG00000130037	2.326545200177865e-05
ENSG00000078967	2.3254025775742968e-05
ENSG00000139926	2.3252544033443492e-05
ENSG00000179403	2.3247838540225835e-05
ENSG00000119471	2.3241923294032907e-05
ENSG00000116514	2.3226319038544678e-05
ENSG00000099910	2.3220876537443876e-05
ENSG00000130224	2.3210543337350406e-05
ENSG00000175445	2.3207858393021665e-05
ENSG00000116783	2.3195058446799982e-05
ENSG00000240694	2.3174903960554047e-05
ENSG00000119185	2.3172774700005085e-05
ENSG00000170899	2.3164096793607367e-05
ENSG00000130544	2.316075721605275e-05
ENSG00000197747	2.3138751379482763e-05
ENSG00000169567	2.313124982666869e-05
ENSG00000143633	2.312730457011985e-05
ENSG00000101605	2.3126690100887068e-05
ENSG00000250565	2.3118701410279475e-05
ENSG00000275932	2.3116151172737696e-05
ENSG00000154743	2.3096676289622577e-05
ENSG00000176896	2.3075817811655563e-05
ENSG00000079739	2.306139242151374e-05
ENSG00000120068	2.3060200875440908e-05
ENSG00000102575	2.305791367916449e-05
ENSG00000076944	2.305571097001673e-05
ENSG00000057757	2.301461595217561e-05
ENSG00000154642	2.3011140362299607e-05
ENSG00000108784	2.3010141966868073e-05
ENSG00000156675	2.300786301207932e-05
ENSG00000183049	2.3007071125167345e-05
ENSG00000156381	2.2995841417666827e-05
ENSG00000130787	2.298927083112419e-05
ENSG00000177556	2.2983527492765498e-05
ENSG00000188158	2.2980934602974778e-05
ENSG00000106436	2.2978968946361042e-05
ENSG00000170385	2.296914597570607e-05
ENSG00000197971	2.2964491091574638e-05
ENSG00000198951	2.29630470290055e-05
ENSG00000079257	2.296286235450392e-05
ENSG00000101346	2.295767141519914e-05
ENSG00000188917	2.2957392247783852e-05
ENSG00000198931	2.293919253873496e-05
ENSG00000175283	2.292850817801012e-05
ENSG00000278129	2.2923726447268673e-05
ENSG00000186442	2.2917717298100736e-05
ENSG00000161914	2.290799438038812e-05
ENSG00000073711	2.289009292590384e-05
ENSG00000004660	2.287829118011241e-05
ENSG00000115425	2.2876104416665726e-05
ENSG00000197594	2.2869372674484335e-05
ENSG00000114859	2.2866750187678536e-05
ENSG00000162959	2.285127945844282e-05
ENSG00000155275	2.2818567103197946e-05
ENSG00000112936	2.281212633856262e-05
ENSG00000073737	2.2805060389505153e-05
ENSG00000244405	2.2804819717561665e-05
ENSG00000198938	2.280223997228273e-05
ENSG00000197614	2.280156069898624e-05
ENSG00000213015	2.280014252785407e-05
ENSG00000285048	2.2799930447443962e-05
ENSG00000164535	2.2796859520026547e-05
ENSG00000184144	2.279012946171188e-05
ENSG00000115602	2.2781403115330227e-05
ENSG00000129667	2.277853495751113e-05
ENSG00000156467	2.2773333514191166e-05
ENSG00000164251	2.275392879133469e-05
ENSG00000135317	2.273066929951306e-05
ENSG00000115165	2.2728206925118736e-05
ENSG00000155897	2.27252293907585e-05
ENSG00000178498	2.2720480424723745e-05
ENSG00000166902	2.2714703703957108e-05
ENSG00000214456	2.2712916414529875e-05
ENSG00000145214	2.2711599749244103e-05
ENSG00000158793	2.2699059037867857e-05
ENSG00000260027	2.269809457257606e-05
ENSG00000198756	2.265321035837353e-05
ENSG00000078237	2.2646539045118058e-05
ENSG00000106688	2.264550797558731e-05
ENSG00000091640	2.263743389480446e-05
ENSG00000115461	2.2636154223707862e-05
ENSG00000078328	2.2633518959413994e-05
ENSG00000164951	2.2631964947358085e-05
ENSG00000188613	2.2614083137446635e-05
ENSG00000161920	2.260884885226593e-05
ENSG00000136870	2.2599937041128547e-05
ENSG00000241563	2.259850849873492e-05
ENSG00000092067	2.2592146831828685e-05
ENSG00000172468	2.2585464023826912e-05
ENSG00000177519	2.2583914529117065e-05
ENSG00000177238	2.2581429952283987e-05
ENSG00000259384	2.2579798389912262e-05
ENSG00000156535	2.2574660561510673e-05
ENSG00000131697	2.2569967925558413e-05
ENSG00000119280	2.255843558512616e-05
ENSG00000111450	2.255212000585029e-05
ENSG00000198498	2.2548138146905738e-05
ENSG00000170703	2.2542077465422164e-05
ENSG00000134321	2.2526872213164613e-05
ENSG00000117425	2.252270197593394e-05
ENSG00000116830	2.2508874863869983e-05
ENSG00000175970	2.2503127405702516e-05
ENSG00000184979	2.2495088842169523e-05
ENSG00000233822	2.249041539608885e-05
ENSG00000198839	2.2475636789280297e-05
ENSG00000105607	2.2457040724417405e-05
ENSG00000149541	2.244000736920946e-05
ENSG00000155957	2.2439200101071075e-05
ENSG00000134375	2.2417588377719182e-05
ENSG00000131378	2.241192403985549e-05
ENSG00000288145	2.240426463359232e-05
ENSG00000137473	2.239065099102503e-05
ENSG00000171135	2.2388586550265216e-05
ENSG00000215455	2.238270064081772e-05
ENSG00000186638	2.236880544261432e-05
ENSG00000115977	2.235974523781549e-05
ENSG00000146013	2.2321139067933413e-05
ENSG00000117407	2.2321139067933413e-05
ENSG00000198763	2.2315917626566728e-05
ENSG00000123213	2.2302730556591416e-05
ENSG00000113657	2.230231177474205e-05
ENSG00000125538	2.229604444963073e-05
ENSG00000131979	2.2283726803289776e-05
ENSG00000275568	2.228317116097602e-05
ENSG00000141905	2.228062156590119e-05
ENSG00000114279	2.2277504477101373e-05
ENSG00000107829	2.2247762753951616e-05
ENSG00000284944	2.22439685158185e-05
ENSG00000250361	2.2229208648742052e-05
ENSG00000183971	2.2225476404193423e-05
ENSG00000157680	2.2223622146451446e-05
ENSG00000111331	2.221940773083094e-05
ENSG00000106066	2.220672156344122e-05
ENSG00000113734	2.2197497521355885e-05
ENSG00000196704	2.219358662598741e-05
ENSG00000104853	2.2188981355579507e-05
ENSG00000171877	2.217178272910469e-05
ENSG00000083857	2.2142372478755616e-05
ENSG00000117054	2.212420738600088e-05
ENSG00000188747	2.2102875964857154e-05
ENSG00000231268	2.2100747444494012e-05
ENSG00000101457	2.209096217665279e-05
ENSG00000141255	2.208972273046693e-05
ENSG00000152214	2.2085171048280726e-05
ENSG00000143401	2.2078612093073503e-05
ENSG00000076826	2.206750188822338e-05
ENSG00000165140	2.2055775123074475e-05
ENSG00000110583	2.2053833843849756e-05
ENSG00000128294	2.205230236468195e-05
ENSG00000163945	2.2043127568484244e-05
ENSG00000176422	2.2041238890382056e-05
ENSG00000185238	2.203726268553669e-05
ENSG00000144746	2.203389313896456e-05
ENSG00000075213	2.2031210831042247e-05
ENSG00000143006	2.2029943933991543e-05
ENSG00000005448	2.2025998186983706e-05
ENSG00000124145	2.2019058261496786e-05
ENSG00000161813	2.2016545829747354e-05
ENSG00000130226	2.200940333414341e-05
ENSG00000167130	2.2001518896610445e-05
ENSG00000182810	2.1984523427159653e-05
ENSG00000126524	2.1969784012934312e-05
ENSG00000113722	2.1965423428472827e-05
ENSG00000153885	2.1961893825324246e-05
ENSG00000008952	2.1952637589533964e-05
ENSG00000112245	2.1940904080362203e-05
ENSG00000099203	2.193252712022027e-05
ENSG00000167566	2.1915697140739372e-05
ENSG00000153786	2.1906610611228924e-05
ENSG00000084710	2.1905246378870703e-05
ENSG00000128059	2.1903649560367276e-05
ENSG00000104356	2.190150735202169e-05
ENSG00000046653	2.1890654832193026e-05
ENSG00000100294	2.188906640249781e-05
ENSG00000186197	2.188543432870979e-05
ENSG00000090097	2.1875665049273372e-05
ENSG00000277936	2.1868841532528023e-05
ENSG00000161654	2.186881154044605e-05
ENSG00000108511	2.1855964299708172e-05
ENSG00000179750	2.1852323074009663e-05
ENSG00000173852	2.1847659287424854e-05
ENSG00000157322	2.1828642188278495e-05
ENSG00000169635	2.182646570247103e-05
ENSG00000100075	2.181644313379719e-05
ENSG00000266714	2.1816044149384915e-05
ENSG00000164035	2.181103348986522e-05
ENSG00000118096	2.1809118911348837e-05
ENSG00000137273	2.1802935274376337e-05
ENSG00000171243	2.1796036950014333e-05
ENSG00000179046	2.178690405296379e-05
ENSG00000283056	2.1783249735230415e-05
ENSG00000149305	2.177868739148177e-05
ENSG00000159055	2.177605486326656e-05
ENSG00000237710	2.1772187268580936e-05
ENSG00000013619	2.1766922662106915e-05
ENSG00000128408	2.1763542353176768e-05
ENSG00000144909	2.1760342018523164e-05
ENSG00000100599	2.1747422090944465e-05
ENSG00000243989	2.173613976097562e-05
ENSG00000133983	2.17158453268457e-05
ENSG00000123684	2.169683402327748e-05
ENSG00000187764	2.1682858910141778e-05
ENSG00000288701	2.1681552761299265e-05
ENSG00000127928	2.1678799883953034e-05
ENSG00000178074	2.1663420480768777e-05
ENSG00000174705	2.1643239673886094e-05
ENSG00000288121	2.1635331402157648e-05
ENSG00000206203	2.162901995205025e-05
ENSG00000171960	2.162630331092585e-05
ENSG00000152229	2.1621047928104067e-05
ENSG00000137960	2.1604063138834484e-05
ENSG00000198515	2.160314931118979e-05
ENSG00000081692	2.1591829180126965e-05
ENSG00000088320	2.1573522284390512e-05
ENSG00000168830	2.156558781890117e-05
ENSG00000288357	2.1534811793430042e-05
ENSG00000198841	2.153094630860878e-05
ENSG00000170873	2.1524176248606922e-05
ENSG00000196683	2.1517061565198175e-05
ENSG00000185033	2.1505037811726933e-05
ENSG00000141519	2.1499675848606157e-05
ENSG00000169071	2.1499463169255315e-05
ENSG00000155906	2.1487371997358423e-05
ENSG00000100124	2.1485860415154044e-05
ENSG00000163376	2.1472225884026775e-05
ENSG00000185640	2.1462831104445697e-05
ENSG00000159251	2.1449365532132063e-05
ENSG00000169570	2.142683604612463e-05
ENSG00000099364	2.1394437105912882e-05
ENSG00000227746	2.1390967471033455e-05
ENSG00000160796	2.138248606149843e-05
ENSG00000130517	2.138141520196399e-05
ENSG00000127993	2.1379223496028663e-05
ENSG00000243335	2.136745227756471e-05
ENSG00000265491	2.1365960206824428e-05
ENSG00000070718	2.1346634428295352e-05
ENSG00000144935	2.134467607240654e-05
ENSG00000197863	2.1343211564641337e-05
ENSG00000001629	2.1341159640943122e-05
ENSG00000168398	2.133839845464805e-05
ENSG00000135763	2.1336683455666523e-05
ENSG00000171855	2.1332043974252305e-05
ENSG00000165828	2.133175122541048e-05
ENSG00000101474	2.1315995170782927e-05
ENSG00000168939	2.126449227777807e-05
ENSG00000213927	2.1263701305917496e-05
ENSG00000105185	2.1263345816012988e-05
ENSG00000276644	2.125195162458505e-05
ENSG00000276920	2.124718138332229e-05
ENSG00000282891	2.1246731472364792e-05
ENSG00000083290	2.1241845938001284e-05
ENSG00000127318	2.1207991658716787e-05
ENSG00000120875	2.1197792010510202e-05
ENSG00000099256	2.1182438420273306e-05
ENSG00000163993	2.117552663025583e-05
ENSG00000168952	2.1174240949336906e-05
ENSG00000162980	2.11625719134685e-05
ENSG00000081087	2.1161141858817556e-05
ENSG00000144407	2.1158217562295324e-05
ENSG00000167378	2.1152771124710117e-05
ENSG00000280610	2.1149034578010997e-05
ENSG00000167549	2.1147618166918596e-05
ENSG00000117262	2.113935437085995e-05
ENSG00000129103	2.112906362732254e-05
ENSG00000140474	2.1114321006535604e-05
ENSG00000158104	2.110439057416201e-05
ENSG00000166348	2.1099006038819295e-05
ENSG00000080293	2.1097573336134853e-05
ENSG00000204370	2.1090348122420034e-05
ENSG00000130649	2.107371855198448e-05
ENSG00000007202	2.107167972100014e-05
ENSG00000122359	2.1069994921573117e-05
ENSG00000169762	2.1053843542091477e-05
ENSG00000135587	2.1048507224260927e-05
ENSG00000138741	2.1044170947595926e-05
ENSG00000144824	2.1042282101389137e-05
ENSG00000188937	2.1030973240466564e-05
ENSG00000184232	2.1017451442006206e-05
ENSG00000079156	2.1013529116025825e-05
ENSG00000086062	2.0998581161824652e-05
ENSG00000169504	2.0994043667606643e-05
ENSG00000198464	2.0976043423210882e-05
ENSG00000101187	2.0970181451156073e-05
ENSG00000174373	2.096264715869245e-05
ENSG00000139117	2.0951019623595985e-05
ENSG00000205978	2.094504454791602e-05
ENSG00000168875	2.094062648884775e-05
ENSG00000105989	2.093686681933532e-05
ENSG00000118816	2.0917522029823157e-05
ENSG00000168268	2.0895378196513866e-05
ENSG00000175324	2.0888982143943146e-05
ENSG00000214114	2.088150508404276e-05
ENSG00000110057	2.0872928409360196e-05
ENSG00000149485	2.08710021280649e-05
ENSG00000060656	2.0860006579657477e-05
ENSG00000054793	2.085738587617984e-05
ENSG00000138735	2.0844266679683387e-05
ENSG00000160183	2.0840179316976822e-05
ENSG00000073803	2.0838529494271206e-05
ENSG00000007541	2.083242992470775e-05
ENSG00000109065	2.0825382314796505e-05
ENSG00000157703	2.0807995943684873e-05
ENSG00000128050	2.0807479664553068e-05
ENSG00000142599	2.0805273567979754e-05
ENSG00000041353	2.0804248035154576e-05
ENSG00000151806	2.0802712902378134e-05
ENSG00000073670	2.0802339600448306e-05
ENSG00000165682	2.08015537668152e-05
ENSG00000131470	2.078645974837482e-05
ENSG00000205981	2.0770032907100424e-05
ENSG00000107819	2.0764217050942256e-05
ENSG00000168936	2.0763731272515694e-05
ENSG00000136867	2.075761612043882e-05
ENSG00000133710	2.0755621485930922e-05
ENSG00000084070	2.0739260331422014e-05
ENSG00000134851	2.07366857419372e-05
ENSG00000130287	2.0726112808782384e-05
ENSG00000188566	2.0722799286512887e-05
ENSG00000234114	2.071473262836181e-05
ENSG00000104886	2.071451356913375e-05
ENSG00000163060	2.0703194391583137e-05
ENSG00000183340	2.0702839313279768e-05
ENSG00000149212	2.07018658019611e-05
ENSG00000101977	2.069656553917561e-05
ENSG00000151611	2.068946372714743e-05
ENSG00000276559	2.068826542033515e-05
ENSG00000241123	2.0680863054446264e-05
ENSG00000111341	2.0674827947429846e-05
ENSG00000112319	2.0668382145567553e-05
ENSG00000149929	2.065188360967657e-05
ENSG00000137098	2.0650713478038962e-05
ENSG00000177380	2.064763905600406e-05
ENSG00000160813	2.0625449940206834e-05
ENSG00000131018	2.0623681385966095e-05
ENSG00000152208	2.0617614334541763e-05
ENSG00000179085	2.0613022468519637e-05
ENSG00000152669	2.059225812234101e-05
ENSG00000143374	2.0566994697988825e-05
ENSG00000170917	2.054909985516415e-05
ENSG00000166046	2.0539704061282675e-05
ENSG00000137270	2.0538290121404797e-05
ENSG00000130347	2.053724051757671e-05
ENSG00000164506	2.053027625781112e-05
ENSG00000167123	2.052323798814902e-05
ENSG00000185101	2.0510509799974474e-05
ENSG00000169933	2.0510509799974474e-05
ENSG00000040633	2.0510504990009036e-05
ENSG00000130338	2.0510352676230862e-05
ENSG00000105486	2.04965014303714e-05
ENSG00000175315	2.0495749029413285e-05
ENSG00000114735	2.0480032335160916e-05
ENSG00000180902	2.046620600781563e-05
ENSG00000142207	2.0451020078226477e-05
ENSG00000005102	2.0444083987323785e-05
ENSG00000146576	2.0442563083055177e-05
ENSG00000152086	2.0439219162707055e-05
ENSG00000178537	2.0438126351861092e-05
ENSG00000225748	2.0435791197602887e-05
ENSG00000090612	2.0432970212302588e-05
ENSG00000288146	2.043169364841259e-05
ENSG00000157017	2.0428522394218556e-05
ENSG00000124831	2.041536864813295e-05
ENSG00000126353	2.0413650119708094e-05
ENSG00000133142	2.0409283910146695e-05
ENSG00000108932	2.040508427350311e-05
ENSG00000100299	2.0403185464342832e-05
ENSG00000155975	2.0402782841463e-05
ENSG00000103495	2.039775541194519e-05
ENSG00000106078	2.0380254608934936e-05
ENSG00000128487	2.0371485786260395e-05
ENSG00000119669	2.037103562572851e-05
ENSG00000164128	2.0352224974896904e-05
ENSG00000206485	2.03268780151531e-05
ENSG00000116815	2.0321734686041405e-05
ENSG00000125352	2.0320458155424127e-05
ENSG00000141994	2.0307494173631507e-05
ENSG00000160570	2.0306890598247658e-05
ENSG00000106397	2.030418124018583e-05
ENSG00000176171	2.0283552688709827e-05
ENSG00000197498	2.0271281652422487e-05
ENSG00000105376	2.0264306100741875e-05
ENSG00000198886	2.0261334288909713e-05
ENSG00000167114	2.0256997585227374e-05
ENSG00000153162	2.0249350815740876e-05
ENSG00000187210	2.0248000517246988e-05
ENSG00000176406	2.0239857997312653e-05
ENSG00000126822	2.02254252566945e-05
ENSG00000075239	2.0224225296633236e-05
ENSG00000134470	2.021491798931556e-05
ENSG00000119705	2.0214686585662913e-05
ENSG00000277336	2.0213529682825183e-05
ENSG00000136883	2.0207454103273025e-05
ENSG00000147689	2.0206937496085773e-05
ENSG00000047230	2.0194784815786154e-05
ENSG00000153029	2.0188177279342645e-05
ENSG00000177119	2.018445960384846e-05
ENSG00000171119	2.017877536526807e-05
ENSG00000145194	2.0170727436238695e-05
ENSG00000123636	2.0162876774721952e-05
ENSG00000196562	2.0159550149393758e-05
ENSG00000133773	2.0158067713710384e-05
ENSG00000244045	2.0155866955680964e-05
ENSG00000105339	2.0123087116344615e-05
ENSG00000138399	2.0118550505566242e-05
ENSG00000198910	2.010834707555453e-05
ENSG00000176058	2.0102504013021323e-05
ENSG00000176055	2.009454658198246e-05
ENSG00000143126	2.0089281561727225e-05
ENSG00000153904	2.0082796358308695e-05
ENSG00000170419	2.0073670598592155e-05
ENSG00000105613	2.0073306230664086e-05
ENSG00000123500	2.006795828024768e-05
ENSG00000124507	2.0064760988930196e-05
ENSG00000120306	2.0061707281578062e-05
ENSG00000134545	2.005102638438074e-05
ENSG00000139324	2.0040829322270875e-05
ENSG00000106049	2.003753105305558e-05
ENSG00000176871	2.0020753578252535e-05
ENSG00000147439	2.0008726596282523e-05
ENSG00000162490	2.0003844967337698e-05
ENSG00000162437	2.0001184032485977e-05
ENSG00000181781	1.9996564081395207e-05
ENSG00000170180	1.9995364836127588e-05
ENSG00000163092	1.997121079142038e-05
ENSG00000284982	1.9969953878634213e-05
ENSG00000138642	1.9968379622223687e-05
ENSG00000129226	1.9964148844069276e-05
ENSG00000042445	1.9957202527421898e-05
ENSG00000163931	1.9933997573499657e-05
ENSG00000186310	1.9931108637275604e-05
ENSG00000162849	1.9917141145293945e-05
ENSG00000188878	1.9896544821904307e-05
ENSG00000034677	1.989397013082638e-05
ENSG00000137573	1.9888898206011897e-05
ENSG00000131941	1.9882428048256756e-05
ENSG00000115526	1.988188884042905e-05
ENSG00000168487	1.987864513979547e-05
ENSG00000148335	1.9874661270965546e-05
ENSG00000077264	1.9874368550357997e-05
ENSG00000223443	1.9861381844066842e-05
ENSG00000105737	1.986088351555124e-05
ENSG00000054983	1.986082013600971e-05
ENSG00000181092	1.9858928942534103e-05
ENSG00000169035	1.984512948829636e-05
ENSG00000104691	1.9845039662662444e-05
ENSG00000234078	1.984456683704039e-05
ENSG00000214113	1.9837674264920512e-05
ENSG00000120992	1.9834974478995693e-05
ENSG00000186471	1.98224758837973e-05
ENSG00000243955	1.9798545814304353e-05
ENSG00000181690	1.9788661309531113e-05
ENSG00000198551	1.9781774776501266e-05
ENSG00000183943	1.9779769716004555e-05
ENSG00000248487	1.9760546822135343e-05
ENSG00000154358	1.975248625060606e-05
ENSG00000185008	1.9750907225749205e-05
ENSG00000124383	1.9749113234341778e-05
ENSG00000198933	1.974098946992852e-05
ENSG00000273873	1.9729949270508e-05
ENSG00000065485	1.9716362176724902e-05
ENSG00000101955	1.9711946489191745e-05
ENSG00000148688	1.971125289221374e-05
ENSG00000099622	1.9706701725636736e-05
ENSG00000278787	1.969239548468306e-05
ENSG00000184897	1.9684128401681574e-05
ENSG00000174788	1.9671079006926525e-05
ENSG00000145819	1.9644102098451703e-05
ENSG00000170214	1.9643591194372355e-05
ENSG00000106080	1.9638257031404496e-05
ENSG00000129317	1.962659234771384e-05
ENSG00000156313	1.9626534061372967e-05
ENSG00000203965	1.9614515197192893e-05
ENSG00000257727	1.9591899732603975e-05
ENSG00000158764	1.9561773230172664e-05
ENSG00000144736	1.955674504284275e-05
ENSG00000162836	1.95531572775503e-05
ENSG00000161896	1.9551199383564563e-05
ENSG00000162595	1.9544568244711337e-05
ENSG00000172594	1.9534403803437048e-05
ENSG00000173614	1.9531083797875868e-05
ENSG00000240563	1.9525155073167866e-05
ENSG00000182759	1.9525073626864683e-05
ENSG00000078668	1.951884099070384e-05
ENSG00000117069	1.950674942381755e-05
ENSG00000162604	1.9503573775987676e-05
ENSG00000100412	1.9493760960261723e-05
ENSG00000151475	1.9467325709675124e-05
ENSG00000165704	1.9460467185551347e-05
ENSG00000104983	1.945189103942314e-05
ENSG00000174652	1.9448124350478832e-05
ENSG00000168454	1.943829162609305e-05
ENSG00000116218	1.9433744009435548e-05
ENSG00000167535	1.9433703244350067e-05
ENSG00000196811	1.9432976519922134e-05
ENSG00000186439	1.9429111389299595e-05
ENSG00000120549	1.9426959810669853e-05
ENSG00000169895	1.9419145824131177e-05
ENSG00000187288	1.9394610916857695e-05
ENSG00000160145	1.9393505184950003e-05
ENSG00000167216	1.9388008119117264e-05
ENSG00000152076	1.938741249295587e-05
ENSG00000138759	1.9377370012636014e-05
ENSG00000138119	1.937258398731825e-05
ENSG00000146833	1.9367525106693174e-05
ENSG00000189182	1.9348833232196637e-05
ENSG00000196670	1.934617564050947e-05
ENSG00000100290	1.933404083250093e-05
ENSG00000087299	1.9322415242068417e-05
ENSG00000182667	1.9317827675831638e-05
ENSG00000234545	1.9317791929586125e-05
ENSG00000001497	1.9292917091244696e-05
ENSG00000158987	1.9280890583983443e-05
ENSG00000152465	1.9279592848400037e-05
ENSG00000163694	1.9277942492113527e-05
ENSG00000188643	1.9267108348938603e-05
ENSG00000165526	1.9225573911238808e-05
ENSG00000130956	1.921897519768124e-05
ENSG00000139675	1.920735334038766e-05
ENSG00000169213	1.919970781969333e-05
ENSG00000103326	1.9194235239550864e-05
ENSG00000127663	1.918239444147749e-05
ENSG00000134184	1.9161473881137623e-05
ENSG00000058335	1.9159845529914253e-05
ENSG00000262473	1.914402234876599e-05
ENSG00000105549	1.9138616819906016e-05
ENSG00000198130	1.9134998417046518e-05
ENSG00000198721	1.9129511417585024e-05
ENSG00000169718	1.9122725901489496e-05
ENSG00000114993	1.9122632485053796e-05
ENSG00000122756	1.911049664097336e-05
ENSG00000136868	1.91018598917261e-05
ENSG00000128573	1.91008297917181e-05
ENSG00000101888	1.9100760863307007e-05
ENSG00000110076	1.909560657934812e-05
ENSG00000144959	1.9094327140485298e-05
ENSG00000141298	1.9086928495294268e-05
ENSG00000172893	1.905280101982173e-05
ENSG00000276458	1.904139451984191e-05
ENSG00000176890	1.9036216116226273e-05
ENSG00000090674	1.9027731984224044e-05
ENSG00000243725	1.9027446611425657e-05
ENSG00000174460	1.9018957510382126e-05
ENSG00000158411	1.9011978728566638e-05
ENSG00000171291	1.8975764421244996e-05
ENSG00000113719	1.897492912305961e-05
ENSG00000167397	1.894952274463812e-05
ENSG00000171763	1.8944346521982715e-05
ENSG00000137962	1.8930121070019722e-05
ENSG00000023839	1.892808558858786e-05
ENSG00000185808	1.8925529863765558e-05
ENSG00000178802	1.8925388639546898e-05
ENSG00000105855	1.892319384258951e-05
ENSG00000111860	1.891472139542405e-05
ENSG00000151892	1.890766973958998e-05
ENSG00000113319	1.8906511192498452e-05
ENSG00000103024	1.8900748859897475e-05
ENSG00000285011	1.8899251724042943e-05
ENSG00000114999	1.8885800363616473e-05
ENSG00000105953	1.8872247960080608e-05
ENSG00000241186	1.887178353412821e-05
ENSG00000131094	1.8866201064135883e-05
ENSG00000172867	1.8862764923320017e-05
ENSG00000137166	1.885208280301164e-05
ENSG00000146263	1.8841674965354704e-05
ENSG00000124155	1.8834442108238846e-05
ENSG00000120159	1.8831042401638044e-05
ENSG00000275035	1.8824181523756616e-05
ENSG00000005471	1.881797820163248e-05
ENSG00000158604	1.881534346329443e-05
ENSG00000176393	1.881045952621884e-05
ENSG00000156011	1.880252312493639e-05
ENSG00000095380	1.8796435307321904e-05
ENSG00000124541	1.879521607275384e-05
ENSG00000126243	1.8789292717232962e-05
ENSG00000136014	1.8774948686206717e-05
ENSG00000124429	1.877424234132189e-05
ENSG00000159445	1.8762057852482015e-05
ENSG00000104290	1.8743261735401232e-05
ENSG00000092850	1.8739402809370845e-05
ENSG00000185418	1.8730789558438522e-05
ENSG00000163093	1.873042210723761e-05
ENSG00000104044	1.87284966412533e-05
ENSG00000107242	1.8722235540371012e-05
ENSG00000163394	1.8686515383766392e-05
ENSG00000178199	1.8670041840836398e-05
ENSG00000197557	1.866890480467332e-05
ENSG00000127578	1.8661838226949775e-05
ENSG00000125148	1.866153090022015e-05
ENSG00000156515	1.863917551179177e-05
ENSG00000100364	1.8614301169843786e-05
ENSG00000007255	1.860813859564782e-05
ENSG00000187566	1.8605403794231994e-05
ENSG00000007908	1.8592455849843618e-05
ENSG00000130717	1.858836156245406e-05
ENSG00000117984	1.8581254386968017e-05
ENSG00000213977	1.857636046071721e-05
ENSG00000288368	1.857537541357423e-05
ENSG00000100479	1.8567878085358917e-05
ENSG00000237599	1.8564135745938426e-05
ENSG00000013563	1.856106938959607e-05
ENSG00000240184	1.856096778643639e-05
ENSG00000186480	1.8560488804266003e-05
ENSG00000100258	1.856018001490451e-05
ENSG00000149084	1.8559076840021226e-05
ENSG00000158691	1.8558891428776587e-05
ENSG00000156006	1.8553362857874115e-05
ENSG00000006534	1.8551326827083516e-05
ENSG00000102172	1.855081418360781e-05
ENSG00000283706	1.8539911721843414e-05
ENSG00000100360	1.8538805076744797e-05
ENSG00000070814	1.8538563653910002e-05
ENSG00000046647	1.8535030698060997e-05
ENSG00000134440	1.853247652548916e-05
ENSG00000139220	1.8529700756675992e-05
ENSG00000119508	1.8527615907654976e-05
ENSG00000131871	1.8509839145531035e-05
ENSG00000152464	1.849093877963037e-05
ENSG00000239305	1.8488361064444954e-05
ENSG00000278415	1.848136101819009e-05
ENSG00000123728	1.8472084610189737e-05
ENSG00000128928	1.8462799629698946e-05
ENSG00000184205	1.844813078471304e-05
ENSG00000242247	1.844437496673205e-05
ENSG00000173848	1.8444089352662074e-05
ENSG00000284841	1.842664630428303e-05
ENSG00000196109	1.84157310928075e-05
ENSG00000164287	1.8406382359283253e-05
ENSG00000138246	1.8377122468961042e-05
ENSG00000141127	1.8373330660330573e-05
ENSG00000052795	1.8358419676902255e-05
ENSG00000161682	1.83486267547602e-05
ENSG00000148090	1.834286840922139e-05
ENSG00000168300	1.833689003787012e-05
ENSG00000123496	1.8333497937816544e-05
ENSG00000213918	1.832697010036064e-05
ENSG00000105971	1.8326384528982454e-05
ENSG00000165868	1.832445951003927e-05
ENSG00000072042	1.8317380577916476e-05
ENSG00000269313	1.8315184830853036e-05
ENSG00000126467	1.8314071011620068e-05
ENSG00000213694	1.8311919728829803e-05
ENSG00000108176	1.8307433593989847e-05
ENSG00000185730	1.8298972152785176e-05
ENSG00000156026	1.829675374189369e-05
ENSG00000133835	1.829352075699609e-05
ENSG00000278211	1.8284268505263172e-05
ENSG00000147155	1.8276188172834325e-05
ENSG00000198722	1.8265320953299056e-05
ENSG00000134324	1.826141105075136e-05
ENSG00000196776	1.8257957901105555e-05
ENSG00000124092	1.824629330792444e-05
ENSG00000269058	1.8245484511615072e-05
ENSG00000105227	1.823948687322969e-05
ENSG00000186591	1.8237457523957212e-05
ENSG00000113161	1.8236558582219734e-05
ENSG00000152527	1.8231342699654474e-05
ENSG00000198912	1.822975364562579e-05
ENSG00000104267	1.8228079515115316e-05
ENSG00000153714	1.8222532262463534e-05
ENSG00000170836	1.8217091554654268e-05
ENSG00000064999	1.8212209732589827e-05
ENSG00000105829	1.8210417915716414e-05
ENSG00000167785	1.8192642511789888e-05
ENSG00000169223	1.8189918722569522e-05
ENSG00000196693	1.81763282201164e-05
ENSG00000162599	1.8174987241130476e-05
ENSG00000197121	1.817304895960815e-05
ENSG00000096872	1.8171902744479226e-05
ENSG00000278195	1.8169988464379573e-05
ENSG00000273793	1.8168280416642353e-05
ENSG00000133110	1.816784297703369e-05
ENSG00000139722	1.8158065624012332e-05
ENSG00000135919	1.815580661603735e-05
ENSG00000076248	1.8154590863963306e-05
ENSG00000168958	1.8153859046466876e-05
ENSG00000156453	1.815155500835615e-05
ENSG00000164048	1.815142935789756e-05
ENSG00000141665	1.8143295806489772e-05
ENSG00000168546	1.8139078874025336e-05
ENSG00000059573	1.8136326667999678e-05
ENSG00000129451	1.8106679760902097e-05
ENSG00000104870	1.8088327026540746e-05
ENSG00000101391	1.807982420280037e-05
ENSG00000110090	1.8078176457223615e-05
ENSG00000236637	1.8065887858968777e-05
ENSG00000234829	1.8065887858968777e-05
ENSG00000170579	1.806179995524284e-05
ENSG00000100575	1.805667317531194e-05
ENSG00000147144	1.8054146902391585e-05
ENSG00000184985	1.8040714520048776e-05
ENSG00000103202	1.8037149658746527e-05
ENSG00000136872	1.8027864337497437e-05
ENSG00000050426	1.8021771401880624e-05
ENSG00000185231	1.8013550826753484e-05
ENSG00000281709	1.8008508962805367e-05
ENSG00000082212	1.800181790142896e-05
ENSG00000183762	1.7990974615471758e-05
ENSG00000072163	1.798638351777179e-05
ENSG00000182253	1.7983048890206923e-05
ENSG00000167904	1.7966555294901543e-05
ENSG00000196937	1.796265732385492e-05
ENSG00000141404	1.7960294867726127e-05
ENSG00000126259	1.7955345376071113e-05
ENSG00000167105	1.794392214190989e-05
ENSG00000164136	1.7911265790503432e-05
ENSG00000113391	1.790535407131342e-05
ENSG00000086619	1.789741673206134e-05
ENSG00000169891	1.788891457918676e-05
ENSG00000181873	1.7881258426575272e-05
ENSG00000164465	1.7872023963662348e-05
ENSG00000047634	1.7869228641110352e-05
ENSG00000169704	1.7861689873015753e-05
ENSG00000173976	1.7848560922692137e-05
ENSG00000136098	1.7836257261688826e-05
ENSG00000082146	1.7823173565116427e-05
ENSG00000157601	1.7818918839057226e-05
ENSG00000133069	1.781608634986709e-05
ENSG00000049089	1.7804195642284228e-05
ENSG00000119599	1.779916643957538e-05
ENSG00000173267	1.778945338170351e-05
ENSG00000059588	1.7786956335793348e-05
ENSG00000277101	1.7784137546148846e-05
ENSG00000064601	1.7780046475087338e-05
ENSG00000133612	1.7756399610636804e-05
ENSG00000182901	1.7749550358587563e-05
ENSG00000154217	1.7737873989085412e-05
ENSG00000198039	1.7731418685219717e-05
ENSG00000167757	1.7729290396381864e-05
ENSG00000167565	1.7726489108125426e-05
ENSG00000137409	1.7719615019668017e-05
ENSG00000078269	1.7700261758558744e-05
ENSG00000143556	1.7686743833220556e-05
ENSG00000115665	1.7683080970690432e-05
ENSG00000110628	1.7682930240277343e-05
ENSG00000155744	1.767574771729812e-05
ENSG00000277943	1.767500510796819e-05
ENSG00000275338	1.7673598582762517e-05
ENSG00000096264	1.767182283210956e-05
ENSG00000154721	1.7668022638614637e-05
ENSG00000109854	1.7663825899002142e-05
ENSG00000149798	1.765860029145816e-05
ENSG00000275013	1.7627594991380532e-05
ENSG00000134222	1.762014199460472e-05
ENSG00000197930	1.7597313458732208e-05
ENSG00000102024	1.7591411960638855e-05
ENSG00000103335	1.758797101707909e-05
ENSG00000141428	1.7568729169613248e-05
ENSG00000165338	1.7543298001269272e-05
ENSG00000122483	1.7497503249015863e-05
ENSG00000171033	1.7491878179864984e-05
ENSG00000102962	1.748309873259817e-05
ENSG00000173175	1.7480697957690184e-05
ENSG00000149600	1.7478846910126604e-05
ENSG00000139734	1.7474945049752168e-05
ENSG00000184470	1.7470536179538625e-05
ENSG00000164299	1.7470360672121333e-05
ENSG00000197798	1.744215698874103e-05
ENSG00000075891	1.744160401217857e-05
ENSG00000154734	1.7440182763966724e-05
ENSG00000229809	1.7436112339461003e-05
ENSG00000083067	1.742598184061624e-05
ENSG00000122574	1.741593382096582e-05
ENSG00000188315	1.7410494588333045e-05
ENSG00000128283	1.7408566955629014e-05
ENSG00000123353	1.739257166498932e-05
ENSG00000183690	1.7389520044519874e-05
ENSG00000103313	1.738356000471156e-05
ENSG00000117500	1.7376723780157025e-05
ENSG00000224145	1.735832669996179e-05
ENSG00000221837	1.7349948688869242e-05
ENSG00000161835	1.7349514364090555e-05
ENSG00000164331	1.7345655163538182e-05
ENSG00000141655	1.7345546817077042e-05
ENSG00000168280	1.7337162730208195e-05
ENSG00000184113	1.73368638587423e-05
ENSG00000188092	1.7328722918866602e-05
ENSG00000188312	1.7321531281617142e-05
ENSG00000173662	1.730098304881013e-05
ENSG00000179002	1.730098304881013e-05
ENSG00000068137	1.7293293820355204e-05
ENSG00000100246	1.728243196588677e-05
ENSG00000103811	1.727126596015509e-05
ENSG00000138829	1.7261653919788404e-05
ENSG00000120471	1.7231821056957976e-05
ENSG00000154134	1.7230509749868536e-05
ENSG00000065534	1.7229976677840407e-05
ENSG00000126264	1.7229855726824558e-05
ENSG00000281540	1.7229685027930574e-05
ENSG00000165609	1.7228689347989456e-05
ENSG00000119383	1.7226758672623982e-05
ENSG00000282725	1.7220880856104533e-05
ENSG00000143367	1.7206699804580394e-05
ENSG00000115604	1.720058164419182e-05
ENSG00000164708	1.7198686273485936e-05
ENSG00000162882	1.719706525736253e-05
ENSG00000170890	1.718453544715541e-05
ENSG00000135447	1.7167095505173675e-05
ENSG00000189306	1.7160879097441433e-05
ENSG00000104432	1.715491858177449e-05
ENSG00000170264	1.7150924985576073e-05
ENSG00000071967	1.714359993372685e-05
ENSG00000179886	1.7143432967585248e-05
ENSG00000099797	1.7129266731194957e-05
ENSG00000132256	1.71237253438034e-05
ENSG00000151474	1.7122068512315114e-05
ENSG00000152977	1.71133995565129e-05
ENSG00000275565	1.7095705993093276e-05
ENSG00000147869	1.709220383328767e-05
ENSG00000166166	1.7089406956958033e-05
ENSG00000115109	1.708898730944818e-05
ENSG00000125356	1.7080413085340598e-05
ENSG00000105738	1.7080012240459232e-05
ENSG00000100373	1.7059432550292717e-05
ENSG00000166090	1.7059031163566984e-05
ENSG00000135736	1.7043820504074483e-05
ENSG00000103056	1.7042938737408584e-05
ENSG00000134874	1.7006017197387773e-05
ENSG00000125900	1.6990672206174023e-05
ENSG00000108439	1.6987733980427738e-05
ENSG00000150961	1.697522867163511e-05
ENSG00000124939	1.695380494412741e-05
ENSG00000242386	1.694746026414489e-05
ENSG00000138604	1.6928226080086006e-05
ENSG00000173540	1.692639847478295e-05
ENSG00000148346	1.692121601788885e-05
ENSG00000243279	1.6919957328582352e-05
ENSG00000163879	1.691741032727988e-05
ENSG00000106591	1.690625224602913e-05
ENSG00000115468	1.6905781744221865e-05
ENSG00000112294	1.688105858059003e-05
ENSG00000090530	1.687979650455596e-05
ENSG00000004455	1.6858768913808374e-05
ENSG00000225737	1.6853049927243254e-05
ENSG00000135443	1.6846590547759115e-05
ENSG00000100065	1.684536767483155e-05
ENSG00000089335	1.684375697517934e-05
ENSG00000162636	1.6838995298734228e-05
ENSG00000133106	1.683805778403006e-05
ENSG00000010704	1.683207070977795e-05
ENSG00000101188	1.682896438354358e-05
ENSG00000143365	1.6826617891152927e-05
ENSG00000163914	1.6822680658162207e-05
ENSG00000164011	1.68194207953922e-05
ENSG00000137809	1.6816930534845467e-05
ENSG00000203867	1.6810135892559856e-05
ENSG00000197915	1.6797765724702512e-05
ENSG00000283034	1.679567138797766e-05
ENSG00000151615	1.6793289068399815e-05
ENSG00000166024	1.6786135539151752e-05
ENSG00000167291	1.6743009553394536e-05
ENSG00000102805	1.67359500682386e-05
ENSG00000284816	1.673150680563004e-05
ENSG00000130810	1.6726447468011377e-05
ENSG00000146757	1.671307598815895e-05
ENSG00000092529	1.669184915389807e-05
ENSG00000198517	1.6686957635061377e-05
ENSG00000134571	1.6674428474909782e-05
ENSG00000183570	1.667422281368603e-05
ENSG00000115009	1.667139477229362e-05
ENSG00000008118	1.6670188078788632e-05
ENSG00000138738	1.6660395836212156e-05
ENSG00000135111	1.6626973041187273e-05
ENSG00000144810	1.6623486487460362e-05
ENSG00000178234	1.662152151822525e-05
ENSG00000161681	1.660190871487336e-05
ENSG00000070019	1.66018149908622e-05
ENSG00000100867	1.659857904305012e-05
ENSG00000162999	1.659631664411545e-05
ENSG00000277276	1.657188888776964e-05
ENSG00000173258	1.657077297359846e-05
ENSG00000089177	1.656798124676212e-05
ENSG00000172171	1.6567622589078364e-05
ENSG00000163947	1.6565817604762696e-05
ENSG00000288169	1.6560844682885974e-05
ENSG00000144730	1.6552838175288646e-05
ENSG00000165832	1.6548026345453818e-05
ENSG00000166974	1.654525652751098e-05
ENSG00000078549	1.6543856766122296e-05
ENSG00000165799	1.6529643909366267e-05
ENSG00000068885	1.652506951695739e-05
ENSG00000105967	1.652069378649903e-05
ENSG00000116117	1.6506685815926917e-05
ENSG00000179387	1.6474582870812073e-05
ENSG00000125458	1.646468402929036e-05
ENSG00000196353	1.6464618688020656e-05
ENSG00000172020	1.64575604864675e-05
ENSG00000169155	1.6432676133434364e-05
ENSG00000196437	1.6431990798974223e-05
ENSG00000170542	1.6428078658500116e-05
ENSG00000102128	1.642085529626106e-05
ENSG00000275082	1.639888523918032e-05
ENSG00000075043	1.6392705403899136e-05
ENSG00000065989	1.6355404639922323e-05
ENSG00000278613	1.6353051925890905e-05
ENSG00000129071	1.6338461091543268e-05
ENSG00000182132	1.6338147420510188e-05
ENSG00000163618	1.6319205746032506e-05
ENSG00000033100	1.631917783827517e-05
ENSG00000038382	1.6304884772363598e-05
ENSG00000078114	1.630148799768438e-05
ENSG00000196850	1.6289142939460015e-05
ENSG00000114026	1.6284203256801183e-05
ENSG00000157782	1.62808609368477e-05
ENSG00000170624	1.627115443712863e-05
ENSG00000130558	1.6266036368071406e-05
ENSG00000130348	1.625914406256198e-05
ENSG00000127952	1.6252401865848005e-05
ENSG00000101049	1.625096389674024e-05
ENSG00000012124	1.623308743009737e-05
ENSG00000166199	1.6222466434613025e-05
ENSG00000184895	1.6196669887698086e-05
ENSG00000003436	1.6192666498323627e-05
ENSG00000179912	1.6187704458551225e-05
ENSG00000124839	1.617486882876312e-05
ENSG00000215271	1.6164430843376082e-05
ENSG00000168517	1.6151471119970372e-05
ENSG00000141376	1.6134715743025312e-05
ENSG00000070610	1.6134565749978283e-05
ENSG00000198825	1.6124970960503e-05
ENSG00000187051	1.611880133465342e-05
ENSG00000181061	1.6113590298014892e-05
ENSG00000185565	1.6108575502193615e-05
ENSG00000011009	1.6105500371157078e-05
ENSG00000185149	1.6081023470460022e-05
ENSG00000273397	1.6080713452379642e-05
ENSG00000178425	1.6071293453315347e-05
ENSG00000196569	1.6062220067869563e-05
ENSG00000079459	1.6053177006414016e-05
ENSG00000147180	1.604120323021918e-05
ENSG00000283082	1.603503236088818e-05
ENSG00000134508	1.6031606625529878e-05
ENSG00000125510	1.602721703749754e-05
ENSG00000172572	1.602357677348356e-05
ENSG00000163590	1.602175941621865e-05
ENSG00000164253	1.602156465136582e-05
ENSG00000125814	1.6019380312340465e-05
ENSG00000277656	1.6018664640491798e-05
ENSG00000136908	1.601335394057426e-05
ENSG00000180772	1.6011068799953212e-05
ENSG00000135821	1.6001754512202576e-05
ENSG00000162896	1.5999562457069323e-05
ENSG00000030304	1.5993122615411335e-05
ENSG00000262418	1.599147451167604e-05
ENSG00000100997	1.5984269521945152e-05
ENSG00000197961	1.5983184012906793e-05
ENSG00000101200	1.5976734263521357e-05
ENSG00000161647	1.5958897443896167e-05
ENSG00000117691	1.59537324321434e-05
ENSG00000128973	1.5952557372022786e-05
ENSG00000187607	1.5951735103917137e-05
ENSG00000169372	1.595140515244247e-05
ENSG00000197632	1.5951292971510526e-05
ENSG00000124019	1.5950697282038913e-05
ENSG00000109738	1.5944667715858443e-05
ENSG00000080546	1.592995028286936e-05
ENSG00000100147	1.5927820664055665e-05
ENSG00000153086	1.5926911916001783e-05
ENSG00000281661	1.5926014960053764e-05
ENSG00000104980	1.5919641784382062e-05
ENSG00000132326	1.5916764589794497e-05
ENSG00000204010	1.5904011724202683e-05
ENSG00000154620	1.5901595004907868e-05
ENSG00000156990	1.589298971283671e-05
ENSG00000119862	1.5880240978199398e-05
ENSG00000088538	1.587996913319871e-05
ENSG00000132465	1.5876045892836157e-05
ENSG00000113389	1.5872297477151642e-05
ENSG00000120594	1.5869815330278576e-05
ENSG00000117143	1.5855554367779987e-05
ENSG00000175482	1.585246116811226e-05
ENSG00000133131	1.5844569369546593e-05
ENSG00000151093	1.5838103916535187e-05
ENSG00000178105	1.5829707005143205e-05
ENSG00000136783	1.5812372814980554e-05
ENSG00000242265	1.5801133541154575e-05
ENSG00000162630	1.5795970855191278e-05
ENSG00000166133	1.5773170308373628e-05
ENSG00000005801	1.577044486373862e-05
ENSG00000279486	1.5767451190177945e-05
ENSG00000182208	1.5752753594063902e-05
ENSG00000132434	1.57438933391517e-05
ENSG00000170743	1.5742132269778104e-05
ENSG00000100564	1.5722878747544836e-05
ENSG00000148834	1.5718413135555593e-05
ENSG00000157483	1.5714755743614688e-05
ENSG00000120833	1.571385660154599e-05
ENSG00000189283	1.571270935593145e-05
ENSG00000198453	1.5705717653320223e-05
ENSG00000185252	1.5702714424106754e-05
ENSG00000281244	1.5699629052132595e-05
ENSG00000140830	1.569661761112671e-05
ENSG00000143748	1.569609274625264e-05
ENSG00000223510	1.569384738119408e-05
ENSG00000083444	1.5693461632412462e-05
ENSG00000165556	1.5687363927430835e-05
ENSG00000147459	1.5679575748885982e-05
ENSG00000188739	1.5677187606843346e-05
ENSG00000102362	1.5653383397674893e-05
ENSG00000272804	1.5651048712278548e-05
ENSG00000173545	1.5648742796815216e-05
ENSG00000196091	1.5645789988143674e-05
ENSG00000112246	1.5645533993426957e-05
ENSG00000064692	1.563657152187392e-05
ENSG00000108039	1.5636541627891992e-05
ENSG00000154319	1.5635863696241532e-05
ENSG00000124222	1.563181724408289e-05
ENSG00000198055	1.5627412805657805e-05
ENSG00000101222	1.5617357690137776e-05
ENSG00000161618	1.5614825405258482e-05
ENSG00000163291	1.5611395712735454e-05
ENSG00000196998	1.5609286935744688e-05
ENSG00000105136	1.560399008859708e-05
ENSG00000171295	1.5593839822434785e-05
ENSG00000183054	1.5589664603941985e-05
ENSG00000284984	1.5588804320412564e-05
ENSG00000179600	1.5588781084367507e-05
ENSG00000168393	1.5581905359080344e-05
ENSG00000182645	1.5581625636208173e-05
ENSG00000146918	1.5557448713106656e-05
ENSG00000168116	1.5553941424231128e-05
ENSG00000070540	1.5547486149587138e-05
ENSG00000169684	1.5537020859408578e-05
ENSG00000093167	1.5509026410460112e-05
ENSG00000205403	1.5505780710362706e-05
ENSG00000162066	1.5500529945890255e-05
ENSG00000148341	1.550035974395319e-05
ENSG00000226430	1.5497425755043052e-05
ENSG00000262785	1.5492938972599963e-05
ENSG00000129932	1.5486889305239736e-05
ENSG00000239857	1.548342694844375e-05
ENSG00000120314	1.5472386286887535e-05
ENSG00000133657	1.5464263615985892e-05
ENSG00000274829	1.545643705835243e-05
ENSG00000254470	1.544270894309471e-05
ENSG00000179958	1.54319138280962e-05
ENSG00000226479	1.5426648399666398e-05
ENSG00000107317	1.5423014231156934e-05
ENSG00000172922	1.5417271824870035e-05
ENSG00000177054	1.541265592830914e-05
ENSG00000198727	1.5410811622800566e-05
ENSG00000197296	1.5405608204247117e-05
ENSG00000144591	1.5402861998359704e-05
ENSG00000137804	1.539883027956573e-05
ENSG00000179021	1.539009698303911e-05
ENSG00000283391	1.5389084391122665e-05
ENSG00000158470	1.5371292168253823e-05
ENSG00000283802	1.536408625717516e-05
ENSG00000148158	1.536098808693952e-05
ENSG00000126970	1.5344289632779305e-05
ENSG00000007384	1.5317679329495207e-05
ENSG00000242259	1.5307172156240267e-05
ENSG00000234616	1.5307126556966185e-05
ENSG00000129355	1.5303290883265292e-05
ENSG00000100206	1.5301544152102302e-05
ENSG00000203786	1.5297924750506896e-05
ENSG00000132911	1.529388872384825e-05
ENSG00000114115	1.5292580525102157e-05
ENSG00000106086	1.52917453861493e-05
ENSG00000116141	1.526107985416623e-05
ENSG00000123415	1.5253913331237178e-05
ENSG00000065833	1.5247359305059462e-05
ENSG00000139725	1.5233681398398012e-05
ENSG00000160087	1.5226809171416918e-05
ENSG00000157152	1.5225941159854927e-05
ENSG00000123131	1.522172568660437e-05
ENSG00000173409	1.5217014885435615e-05
ENSG00000187151	1.520430732815567e-05
ENSG00000157514	1.5203952146736035e-05
ENSG00000197372	1.520229189147014e-05
ENSG00000172680	1.5165616838993296e-05
ENSG00000219481	1.51606959242096e-05
ENSG00000110786	1.5157087857791349e-05
ENSG00000178462	1.5152807106419194e-05
ENSG00000108557	1.5149436106654819e-05
ENSG00000173535	1.5148922652108133e-05
ENSG00000254535	1.5134276601518932e-05
ENSG00000198042	1.5133259117117027e-05
ENSG00000164953	1.5119492825097484e-05
ENSG00000169188	1.5104072261245512e-05
ENSG00000172575	1.5075440719347204e-05
ENSG00000160460	1.507003065565368e-05
ENSG00000177791	1.5060092489983896e-05
ENSG00000153037	1.5055156652716492e-05
ENSG00000182359	1.5046981382291241e-05
ENSG00000168309	1.5036587336776548e-05
ENSG00000086015	1.5029193655548684e-05
ENSG00000135144	1.5017604759697456e-05
ENSG00000175175	1.500783483329614e-05
ENSG00000111666	1.5002936724182197e-05
ENSG00000206150	1.4995827221800687e-05
ENSG00000163933	1.4992410668390966e-05
ENSG00000070961	1.4987482828360803e-05
ENSG00000104626	1.4966467325252687e-05
ENSG00000275935	1.4961231306929812e-05
ENSG00000104081	1.4934434079465687e-05
ENSG00000130066	1.4925694133739332e-05
ENSG00000142686	1.4921255614870514e-05
ENSG00000198546	1.4901676520155422e-05
ENSG00000182793	1.4897479288203618e-05
ENSG00000178473	1.4889986931760946e-05
ENSG00000181029	1.4885875181274928e-05
ENSG00000185669	1.4879576628854543e-05
ENSG00000132681	1.4868487776538911e-05
ENSG00000106460	1.486550329491513e-05
ENSG00000137168	1.4857069741619757e-05
ENSG00000196843	1.4844655318525199e-05
ENSG00000029639	1.4843552160385152e-05
ENSG00000182326	1.483936738958417e-05
ENSG00000108771	1.482654697431899e-05
ENSG00000104472	1.4823909678571957e-05
ENSG00000070882	1.482172751691395e-05
ENSG00000229432	1.4817434121961263e-05
ENSG00000101204	1.4794517241838237e-05
ENSG00000138639	1.4788070426841023e-05
ENSG00000152348	1.4786689083380177e-05
ENSG00000157823	1.4760195700178728e-05
ENSG00000142182	1.4758989955825322e-05
ENSG00000181523	1.4756324221713566e-05
ENSG00000196422	1.4754739485133744e-05
ENSG00000198937	1.4754702082185616e-05
ENSG00000141401	1.4748391632479483e-05
ENSG00000177842	1.4729781191063715e-05
ENSG00000155850	1.4718597271973872e-05
ENSG00000018625	1.4711207565196522e-05
ENSG00000107438	1.4710566810999325e-05
ENSG00000074966	1.46972532864212e-05
ENSG00000135521	1.4693313755783636e-05
ENSG00000072682	1.4643892541665852e-05
ENSG00000163162	1.463847837992055e-05
ENSG00000185947	1.4637322734698978e-05
ENSG00000184162	1.4616581831800816e-05
ENSG00000276045	1.461110176988669e-05
ENSG00000013016	1.4610742628312729e-05
ENSG00000244122	1.4585266979915504e-05
ENSG00000197705	1.4576817474398104e-05
ENSG00000110844	1.4561982006885734e-05
ENSG00000164904	1.4558856696779995e-05
ENSG00000283009	1.4556257924436174e-05
ENSG00000274211	1.4555318412361016e-05
ENSG00000158552	1.4542436882268632e-05
ENSG00000109220	1.454218206842286e-05
ENSG00000281022	1.4539307380385367e-05
ENSG00000280627	1.4531239313265033e-05
ENSG00000130940	1.45302386892275e-05
ENSG00000171606	1.452621556754438e-05
ENSG00000159231	1.4524557436597954e-05
ENSG00000163191	1.44899782543189e-05
ENSG00000122176	1.4488287536739104e-05
ENSG00000183032	1.447801389069043e-05
ENSG00000186187	1.4476310987491697e-05
ENSG00000135678	1.446963309755996e-05
ENSG00000125675	1.446203724075709e-05
ENSG00000069943	1.445994374621156e-05
ENSG00000173674	1.4457451559436621e-05
ENSG00000139684	1.4450644621845647e-05
ENSG00000143416	1.4448365504317272e-05
ENSG00000169105	1.4445049938029704e-05
ENSG00000189120	1.4437458099025938e-05
ENSG00000166965	1.4433394865528943e-05
ENSG00000168081	1.4431610779200272e-05
ENSG00000152137	1.4419509402885554e-05
ENSG00000104447	1.4413329636203567e-05
ENSG00000213614	1.4411976102596467e-05
ENSG00000158856	1.4410038730698291e-05
ENSG00000118960	1.4397733981109404e-05
ENSG00000171004	1.439663607974658e-05
ENSG00000111199	1.438752505980163e-05
ENSG00000116771	1.4385275662077207e-05
ENSG00000134569	1.4382391623685299e-05
ENSG00000142224	1.4381553422884871e-05
ENSG00000275498	1.4376664804461716e-05
ENSG00000184302	1.4366711640175668e-05
ENSG00000280682	1.435863475039532e-05
ENSG00000120337	1.4334801099126463e-05
ENSG00000134369	1.4328153844870624e-05
ENSG00000263324	1.4327829596426511e-05
ENSG00000116133	1.4327731868711314e-05
ENSG00000119812	1.4324303625243912e-05
ENSG00000244274	1.4320087814152785e-05
ENSG00000005073	1.4312855170577514e-05
ENSG00000277016	1.4303941399229843e-05
ENSG00000123178	1.429882843439473e-05
ENSG00000034510	1.4282505061625085e-05
ENSG00000189252	1.428182227863128e-05
ENSG00000164684	1.4279457591279496e-05
ENSG00000074416	1.4233516566189521e-05
ENSG00000188015	1.4219962378175764e-05
ENSG00000129646	1.4215258805090599e-05
ENSG00000206557	1.4208810940378505e-05
ENSG00000183066	1.420394168070446e-05
ENSG00000137563	1.4197206504111833e-05
ENSG00000197858	1.4195347056327079e-05
ENSG00000062038	1.4186823666560881e-05
ENSG00000171388	1.4185504688388958e-05
ENSG00000174576	1.4176986857966659e-05
ENSG00000112182	1.4175637054290563e-05
ENSG00000165650	1.4146588741170342e-05
ENSG00000197885	1.4135307547020244e-05
ENSG00000182771	1.4132216613835189e-05
ENSG00000115648	1.4129955062437903e-05
ENSG00000160785	1.41285950687299e-05
ENSG00000137513	1.4123472877757222e-05
ENSG00000008277	1.4108964621484146e-05
ENSG00000133878	1.409092446053699e-05
ENSG00000138669	1.4086661189140594e-05
ENSG00000118242	1.4070838532762912e-05
ENSG00000235233	1.4064194597029747e-05
ENSG00000015532	1.4053709537015636e-05
ENSG00000125744	1.4045147146756604e-05
ENSG00000278574	1.4037002657352087e-05
ENSG00000189001	1.4022875072182709e-05
ENSG00000109911	1.40201039107432e-05
ENSG00000124570	1.4004715698593931e-05
ENSG00000102043	1.3992204275176965e-05
ENSG00000171126	1.398299218105598e-05
ENSG00000105514	1.3981428468005127e-05
ENSG00000136542	1.3963365751523532e-05
ENSG00000180855	1.396092535022188e-05
ENSG00000155816	1.3956581489645472e-05
ENSG00000005469	1.3936054285347847e-05
ENSG00000160131	1.3934853162334829e-05
ENSG00000136449	1.392709021241055e-05
ENSG00000262771	1.3925215630929226e-05
ENSG00000283018	1.3917968035430752e-05
ENSG00000165169	1.391432872313518e-05
ENSG00000160602	1.3912170590426173e-05
ENSG00000159899	1.391109660174799e-05
ENSG00000107833	1.3903216463730159e-05
ENSG00000100842	1.389388832365734e-05
ENSG00000132570	1.3891510434301178e-05
ENSG00000198576	1.3881667533450582e-05
ENSG00000163017	1.3871993482577455e-05
ENSG00000173585	1.3869225106911053e-05
ENSG00000106415	1.3847222019089126e-05
ENSG00000283847	1.3830181932079702e-05
ENSG00000138769	1.3829907078960933e-05
ENSG00000103942	1.380690099016332e-05
ENSG00000142178	1.3795052547580124e-05
ENSG00000117592	1.3774363183833058e-05
ENSG00000130707	1.3766054448405354e-05
ENSG00000145354	1.3750941726733865e-05
ENSG00000162813	1.3730885823890962e-05
ENSG00000105518	1.372668685206796e-05
ENSG00000105675	1.372448108386307e-05
ENSG00000106524	1.3720620058584573e-05
ENSG00000102743	1.3714952288941726e-05
ENSG00000102858	1.3708939495893996e-05
ENSG00000189046	1.3702035566921518e-05
ENSG00000164077	1.3699270610483924e-05
ENSG00000188010	1.3685594877640349e-05
ENSG00000283104	1.3676228584135367e-05
ENSG00000168314	1.367524370008116e-05
ENSG00000171017	1.367237896529933e-05
ENSG00000066230	1.3669796850114048e-05
ENSG00000069188	1.3661375951505153e-05
ENSG00000147166	1.3660501255120796e-05
ENSG00000103257	1.3653773298303565e-05
ENSG00000136161	1.3639303248458363e-05
ENSG00000177352	1.3631489142201753e-05
ENSG00000049246	1.3628136783546582e-05
ENSG00000122034	1.3622288630300496e-05
ENSG00000288445	1.3612372978406777e-05
ENSG00000133313	1.3609694694239069e-05
ENSG00000213380	1.3608545533137846e-05
ENSG00000136159	1.3604002999435719e-05
ENSG00000027001	1.360276446307707e-05
ENSG00000121351	1.360075527699111e-05
ENSG00000162300	1.3595522024818757e-05
ENSG00000114631	1.3586241840697535e-05
ENSG00000285206	1.3581593770265368e-05
ENSG00000143641	1.3575479843370873e-05
ENSG00000197217	1.357527357142575e-05
ENSG00000125813	1.3564255327020132e-05
ENSG00000124479	1.355546676438881e-05
ENSG00000171307	1.354412492795392e-05
ENSG00000198695	1.3528963839795843e-05
ENSG00000118496	1.3518119362156628e-05
ENSG00000107165	1.3514454759907826e-05
ENSG00000023909	1.3494324461607978e-05
ENSG00000105357	1.348135620568254e-05
ENSG00000224200	1.3478331087776123e-05
ENSG00000146733	1.3478306130789316e-05
ENSG00000263761	1.346977028538684e-05
ENSG00000117298	1.3453437115323655e-05
ENSG00000274429	1.3450721431072447e-05
ENSG00000100744	1.3445211412712365e-05
ENSG00000049247	1.343549282110788e-05
ENSG00000181722	1.3429195833032871e-05
ENSG00000108389	1.3424739593898556e-05
ENSG00000167136	1.3396569983158808e-05
ENSG00000198336	1.338393349469734e-05
ENSG00000128607	1.3378193647998859e-05
ENSG00000205138	1.3359895178860399e-05
ENSG00000143486	1.3341291210223038e-05
ENSG00000285317	1.3340472530720616e-05
ENSG00000163347	1.332522172561134e-05
ENSG00000159784	1.3322247901198983e-05
ENSG00000153237	1.331646073317932e-05
ENSG00000170262	1.3314363654556671e-05
ENSG00000135324	1.3314363654556671e-05
ENSG00000117448	1.329712015936973e-05
ENSG00000183979	1.329472593654564e-05
ENSG00000160868	1.3290181179112552e-05
ENSG00000163453	1.3289367449581173e-05
ENSG00000203780	1.3287875159876126e-05
ENSG00000097021	1.3281401459570686e-05
ENSG00000214517	1.3278406880376136e-05
ENSG00000152056	1.326839213875982e-05
ENSG00000109184	1.3254868715261427e-05
ENSG00000188763	1.3247511739598964e-05
ENSG00000086696	1.3235592730618708e-05
ENSG00000277964	1.3233847060239784e-05
ENSG00000188033	1.3224145512015905e-05
ENSG00000237808	1.3223312212157564e-05
ENSG00000182575	1.3222265458317555e-05
ENSG00000173451	1.3216146547793813e-05
ENSG00000073792	1.3212966753407298e-05
ENSG00000162105	1.3207589778854868e-05
ENSG00000273820	1.3199481113648588e-05
ENSG00000188215	1.3199023932357385e-05
ENSG00000165997	1.3197544252449822e-05
ENSG00000180481	1.3180329727926477e-05
ENSG00000184787	1.315202495929174e-05
ENSG00000167880	1.3151942798269664e-05
ENSG00000134597	1.3134147491707114e-05
ENSG00000142273	1.3129446381015361e-05
ENSG00000147894	1.3124836805774296e-05
ENSG00000141086	1.3094535424308155e-05
ENSG00000177000	1.3089796895086382e-05
ENSG00000235162	1.3089298286393801e-05
ENSG00000104804	1.3085120372422595e-05
ENSG00000177971	1.3071938578542881e-05
ENSG00000181513	1.305138511099374e-05
ENSG00000163815	1.3040484722530384e-05
ENSG00000103381	1.3039623822421208e-05
ENSG00000158526	1.303500043318619e-05
ENSG00000134343	1.302695168363181e-05
ENSG00000288362	1.3012227418667697e-05
ENSG00000182919	1.3008245861060492e-05
ENSG00000166886	1.3004641824465678e-05
ENSG00000138439	1.2989419641829499e-05
ENSG00000288219	1.2982592665346746e-05
ENSG00000163206	1.2980100999715714e-05
ENSG00000185818	1.2972372810260164e-05
ENSG00000169515	1.29707859529704e-05
ENSG00000171345	1.2968722396984014e-05
ENSG00000035115	1.2965749518766868e-05
ENSG00000197361	1.2962627997403651e-05
ENSG00000124469	1.2961926100931438e-05
ENSG00000138061	1.2954726340939165e-05
ENSG00000104497	1.2951367633524843e-05
ENSG00000167508	1.2945733438754028e-05
ENSG00000125898	1.2938876546698873e-05
ENSG00000269404	1.2919714851162303e-05
ENSG00000167840	1.2916870967741278e-05
ENSG00000076554	1.2908549397330207e-05
ENSG00000155158	1.2897840189001606e-05
ENSG00000176531	1.2890891295757265e-05
ENSG00000028310	1.2886438794848413e-05
ENSG00000102349	1.287291066055638e-05
ENSG00000225312	1.2871753219697555e-05
ENSG00000160685	1.2864605766644612e-05
ENSG00000163006	1.2846297831240419e-05
ENSG00000147905	1.2842114718743966e-05
ENSG00000158220	1.2841006903314271e-05
ENSG00000184178	1.2826197499592202e-05
ENSG00000113273	1.2823679971373716e-05
ENSG00000235443	1.2817499473868989e-05
ENSG00000130234	1.2817258944174972e-05
ENSG00000122367	1.2813020765712542e-05
ENSG00000185019	1.2807747534580966e-05
ENSG00000102908	1.2806675679179478e-05
ENSG00000174007	1.2805540020057809e-05
ENSG00000120697	1.2799587321280235e-05
ENSG00000120093	1.2785610663196266e-05
ENSG00000161955	1.277188755627908e-05
ENSG00000198932	1.2759323572374455e-05
ENSG00000163684	1.2742264914399742e-05
ENSG00000126705	1.2741832274865344e-05
ENSG00000115718	1.2741149450413097e-05
ENSG00000129472	1.2738259718862782e-05
ENSG00000227317	1.2736448391344297e-05
ENSG00000174306	1.272758970822279e-05
ENSG00000280549	1.2718107858037098e-05
ENSG00000035141	1.2714897109030277e-05
ENSG00000118690	1.2698927414823475e-05
ENSG00000105699	1.2686340809991145e-05
ENSG00000167272	1.267851356733914e-05
ENSG00000142910	1.2676414391257818e-05
ENSG00000108797	1.2663958437856668e-05
ENSG00000102471	1.266325911116003e-05
ENSG00000116260	1.2662202568675411e-05
ENSG00000281230	1.2661703784594884e-05
ENSG00000162650	1.2658717729899501e-05
ENSG00000154545	1.2658365815903995e-05
ENSG00000112276	1.2650047765471577e-05
ENSG00000034693	1.2641414853429044e-05
ENSG00000139289	1.262390564976436e-05
ENSG00000171611	1.2619589320952542e-05
ENSG00000125844	1.2618936042790438e-05
ENSG00000178093	1.26041035586184e-05
ENSG00000274636	1.2589844107219282e-05
ENSG00000090857	1.2580205672363646e-05
ENSG00000288335	1.2575662939952961e-05
ENSG00000122966	1.2571019157774609e-05
ENSG00000111254	1.2567275216324147e-05
ENSG00000166349	1.2561910631707636e-05
ENSG00000125449	1.256062009643003e-05
ENSG00000128683	1.2551370448332834e-05
ENSG00000124104	1.254179969342234e-05
ENSG00000106392	1.2534377055813912e-05
ENSG00000136689	1.2532315980275065e-05
ENSG00000105835	1.2521532873499665e-05
ENSG00000184588	1.252056645377227e-05
ENSG00000075884	1.2519114744247876e-05
ENSG00000185650	1.251298319118147e-05
ENSG00000198919	1.2510791671846909e-05
ENSG00000115380	1.2510518719950732e-05
ENSG00000214078	1.2504384264618805e-05
ENSG00000111802	1.2501991325428553e-05
ENSG00000121440	1.2485556703662901e-05
ENSG00000169914	1.248132103052402e-05
ENSG00000266074	1.2470303096561298e-05
ENSG00000230685	1.2467874803049476e-05
ENSG00000198182	1.246616810762062e-05
ENSG00000163114	1.2465555889479972e-05
ENSG00000162390	1.2458605988363186e-05
ENSG00000120053	1.245162338081116e-05
ENSG00000164929	1.2446409898620203e-05
ENSG00000171936	1.2444372385617874e-05
ENSG00000184182	1.243044934093705e-05
ENSG00000274247	1.2430309910918974e-05
ENSG00000215704	1.2427626455124642e-05
ENSG00000159289	1.2422687906577434e-05
ENSG00000280908	1.2418833466895517e-05
ENSG00000119723	1.2417903960396376e-05
ENSG00000157181	1.2415813001316895e-05
ENSG00000158578	1.2413967098521765e-05
ENSG00000121851	1.2408122868625055e-05
ENSG00000281178	1.2401846360395263e-05
ENSG00000115350	1.2401485456031599e-05
ENSG00000066855	1.239742813069621e-05
ENSG00000116032	1.2394300933524231e-05
ENSG00000092200	1.2388768595536095e-05
ENSG00000232312	1.2379142609881255e-05
ENSG00000114480	1.2371098660242428e-05
ENSG00000180730	1.2355168295178614e-05
ENSG00000128228	1.2331489796757414e-05
ENSG00000069431	1.2327358352459927e-05
ENSG00000203814	1.232706022263975e-05
ENSG00000171310	1.2321444040015967e-05
ENSG00000158457	1.231467314060046e-05
ENSG00000036565	1.2310116390959119e-05
ENSG00000095321	1.2303191923465043e-05
ENSG00000144401	1.2286507398332172e-05
ENSG00000196505	1.228540464606704e-05
ENSG00000150893	1.228311302065363e-05
ENSG00000152558	1.2277562115568974e-05
ENSG00000172399	1.227048340619211e-05
ENSG00000124098	1.2263297186729448e-05
ENSG00000143450	1.2254907686410153e-05
ENSG00000185527	1.2249967526231911e-05
ENSG00000117983	1.2245661636322579e-05
ENSG00000038002	1.2242425308905613e-05
ENSG00000151366	1.2241191021706188e-05
ENSG00000157778	1.223251289681164e-05
ENSG00000090659	1.2219458641395066e-05
ENSG00000081041	1.2210445090032195e-05
ENSG00000189369	1.2207432851274385e-05
ENSG00000151687	1.220046724266558e-05
ENSG00000214022	1.2190471538811602e-05
ENSG00000180138	1.21767277865534e-05
ENSG00000180992	1.2149960169981855e-05
ENSG00000108423	1.2147262688532626e-05
ENSG00000064547	1.2144115426621785e-05
ENSG00000166529	1.2142561715549517e-05
ENSG00000160908	1.2134425785492036e-05
ENSG00000181195	1.211999584939098e-05
ENSG00000154415	1.2115308054480459e-05
ENSG00000138207	1.2106063960863506e-05
ENSG00000241635	1.20868052673222e-05
ENSG00000100031	1.20868052673222e-05
ENSG00000213625	1.207295712571118e-05
ENSG00000124225	1.207290814905583e-05
ENSG00000124587	1.207081807090095e-05
ENSG00000096088	1.206744880118523e-05
ENSG00000008394	1.2063364335638583e-05
ENSG00000100490	1.2057560416290605e-05
ENSG00000204852	1.2042632972311924e-05
ENSG00000105662	1.2042496877973336e-05
ENSG00000161714	1.2041066947788542e-05
ENSG00000198856	1.2026738849918516e-05
ENSG00000180891	1.2026147763144243e-05
ENSG00000162373	1.2023176743931395e-05
ENSG00000262327	1.2002489377825176e-05
ENSG00000266472	1.1997979814603278e-05
ENSG00000135272	1.198867233434126e-05
ENSG00000153774	1.1987876319643063e-05
ENSG00000044446	1.1984766817372006e-05
ENSG00000063761	1.1983082193473395e-05
ENSG00000125454	1.196995226830959e-05
ENSG00000156925	1.195763571783121e-05
ENSG00000154640	1.1956070963573592e-05
ENSG00000138794	1.1954121394543475e-05
ENSG00000080224	1.1951341921488318e-05
ENSG00000090376	1.1949588835284235e-05
ENSG00000182983	1.194392996028682e-05
ENSG00000135362	1.194028197932609e-05
ENSG00000140006	1.1937563531292034e-05
ENSG00000160214	1.1936210775161683e-05
ENSG00000148672	1.1933279198714374e-05
ENSG00000068976	1.1931648315876224e-05
ENSG00000188493	1.1927612405917684e-05
ENSG00000185885	1.1923827487931008e-05
ENSG00000120658	1.1913429139233883e-05
ENSG00000196236	1.1907089013491876e-05
ENSG00000163735	1.1902520274761027e-05
ENSG00000078070	1.1893496718048792e-05
ENSG00000186051	1.1889228414608507e-05
ENSG00000274675	1.1887743878995365e-05
ENSG00000115590	1.1884216516764561e-05
ENSG00000141569	1.1881485525622005e-05
ENSG00000160972	1.1872827130720995e-05
ENSG00000149577	1.1870755827141571e-05
ENSG00000117594	1.1859494753309764e-05
ENSG00000125868	1.185130117848852e-05
ENSG00000109323	1.1845423616467406e-05
ENSG00000198853	1.1813935116325665e-05
ENSG00000128656	1.1812566410122933e-05
ENSG00000082438	1.1806276014827344e-05
ENSG00000280706	1.1801396387762294e-05
ENSG00000144827	1.1793813214001466e-05
ENSG00000242689	1.1782383689230566e-05
ENSG00000188997	1.1778104986890802e-05
ENSG00000114626	1.1775839935751251e-05
ENSG00000243509	1.1770882780369679e-05
ENSG00000166452	1.1769486965137844e-05
ENSG00000125257	1.1756978856187636e-05
ENSG00000135334	1.1729956449839331e-05
ENSG00000142089	1.172755446796362e-05
ENSG00000197043	1.1722644030509844e-05
ENSG00000163577	1.1720119339334348e-05
ENSG00000121578	1.1719936525635096e-05
ENSG00000175906	1.1706209573125778e-05
ENSG00000162396	1.1705863713232394e-05
ENSG00000083123	1.1705669606706827e-05
ENSG00000148690	1.1700983641977577e-05
ENSG00000103187	1.1689885516573059e-05
ENSG00000115486	1.1679120417387808e-05
ENSG00000004139	1.1678990534168955e-05
ENSG00000273607	1.1675368133621005e-05
ENSG00000186377	1.1657692739645832e-05
ENSG00000178467	1.1646707837436297e-05
ENSG00000283024	1.1630886042567658e-05
ENSG00000172201	1.1610912246801501e-05
ENSG00000063854	1.1610442207131294e-05
ENSG00000006837	1.1594247646528277e-05
ENSG00000100284	1.1592635582253603e-05
ENSG00000152583	1.1568950287382997e-05
ENSG00000284548	1.1557328378256286e-05
ENSG00000150594	1.1545822326575852e-05
ENSG00000178732	1.1544372908918673e-05
ENSG00000159197	1.1542823073193935e-05
ENSG00000177558	1.153796877295608e-05
ENSG00000133636	1.1536007771524417e-05
ENSG00000090971	1.1529568515369771e-05
ENSG00000131446	1.1523244579763056e-05
ENSG00000230930	1.1522624290727192e-05
ENSG00000171604	1.1522035609831569e-05
ENSG00000170166	1.1519802899125502e-05
ENSG00000127528	1.1518882329705518e-05
ENSG00000117148	1.1512183363829489e-05
ENSG00000196141	1.1511132740777195e-05
ENSG00000203710	1.1507231466743515e-05
ENSG00000008382	1.1499022551741071e-05
ENSG00000180098	1.1498570450586415e-05
ENSG00000158473	1.1494972511031648e-05
ENSG00000154917	1.1494874566485547e-05
ENSG00000104341	1.1489771714597036e-05
ENSG00000126001	1.1484401331730233e-05
ENSG00000275746	1.1481482198291313e-05
ENSG00000162433	1.1476106318316667e-05
ENSG00000256223	1.1474771242857807e-05
ENSG00000120800	1.1473610792983008e-05
ENSG00000280873	1.1456856470542388e-05
ENSG00000101911	1.145026252156906e-05
ENSG00000145979	1.1444914297838358e-05
ENSG00000116353	1.1426923555250846e-05
ENSG00000130305	1.1425700103649961e-05
ENSG00000149761	1.1422618495955933e-05
ENSG00000134294	1.1418346780379968e-05
ENSG00000164695	1.1417578642876095e-05
ENSG00000112304	1.1414885873860089e-05
ENSG00000149218	1.1408116993274968e-05
ENSG00000168661	1.1404533341851712e-05
ENSG00000223887	1.140366509930961e-05
ENSG00000213995	1.140267995972832e-05
ENSG00000050327	1.1401231469584336e-05
ENSG00000196408	1.1393202859202436e-05
ENSG00000008517	1.138900825178443e-05
ENSG00000151552	1.137674373644723e-05
ENSG00000182307	1.1376125274379284e-05
ENSG00000143520	1.1375321984122192e-05
ENSG00000206538	1.1368464441754078e-05
ENSG00000198860	1.1349887662640784e-05
ENSG00000164761	1.1345629345580689e-05
ENSG00000149922	1.1345150752793635e-05
ENSG00000204175	1.1321954492005988e-05
ENSG00000135778	1.1317272541400937e-05
ENSG00000196263	1.1313182677187142e-05
ENSG00000160404	1.1309724326088049e-05
ENSG00000139174	1.130610441190136e-05
ENSG00000120256	1.1295053179142602e-05
ENSG00000159788	1.129500976183768e-05
ENSG00000228253	1.1284488078781993e-05
ENSG00000154096	1.1281880105957001e-05
ENSG00000095209	1.1278005466076601e-05
ENSG00000170876	1.1277556466877405e-05
ENSG00000023697	1.1273571029231714e-05
ENSG00000161277	1.1272789872396905e-05
ENSG00000288408	1.1260296354056394e-05
ENSG00000171989	1.1258623949050387e-05
ENSG00000278191	1.1241432452235937e-05
ENSG00000120370	1.1239404070629287e-05
ENSG00000131171	1.1232786621009189e-05
ENSG00000187630	1.1227809792452964e-05
ENSG00000263012	1.1226789869642753e-05
ENSG00000171793	1.1213885343785967e-05
ENSG00000073417	1.121125993204453e-05
ENSG00000198142	1.1200987926393146e-05
ENSG00000154655	1.1195446455983125e-05
ENSG00000221926	1.1194944051193837e-05
ENSG00000110218	1.1192139376853268e-05
ENSG00000180316	1.1173552643348828e-05
ENSG00000214063	1.116389266440313e-05
ENSG00000049860	1.1162844281488057e-05
ENSG00000101493	1.1153779221209873e-05
ENSG00000214013	1.114399111058669e-05
ENSG00000143631	1.1135648372890836e-05
ENSG00000037965	1.1134061992994438e-05
ENSG00000167889	1.1132738680206484e-05
ENSG00000087842	1.1130345192308311e-05
ENSG00000125384	1.112309787652118e-05
ENSG00000256269	1.1122929508942575e-05
ENSG00000148677	1.1121480475087489e-05
ENSG00000145439	1.1113620136202745e-05
ENSG00000187193	1.1103916851613536e-05
ENSG00000165078	1.110058816903411e-05
ENSG00000258289	1.1086763768018982e-05
ENSG00000196935	1.1070688384138997e-05
ENSG00000164749	1.1068370016345412e-05
ENSG00000181634	1.106441922998537e-05
ENSG00000083544	1.104514473664149e-05
ENSG00000107521	1.1044705954801398e-05
ENSG00000140057	1.1038640796978442e-05
ENSG00000168802	1.1035330915069628e-05
ENSG00000180818	1.1033917608844642e-05
ENSG00000278624	1.1024467403901758e-05
ENSG00000080493	1.1021391980052534e-05
ENSG00000111726	1.1017134100364427e-05
ENSG00000221867	1.1010034485954177e-05
ENSG00000164099	1.1007159291510885e-05
ENSG00000179761	1.0998197863190171e-05
ENSG00000180914	1.0989642032482386e-05
ENSG00000102309	1.0988269453293876e-05
ENSG00000112186	1.0986353342688775e-05
ENSG00000140795	1.0980297899071456e-05
ENSG00000122870	1.0973486549238676e-05
ENSG00000167693	1.0973456053100765e-05
ENSG00000056998	1.0964575731153028e-05
ENSG00000064199	1.0950935583873471e-05
ENSG00000133661	1.092688562425235e-05
ENSG00000167191	1.0923630699243632e-05
ENSG00000125508	1.0910657179439637e-05
ENSG00000188886	1.0907366452334503e-05
ENSG00000141295	1.0905422834053803e-05
ENSG00000182809	1.0902639145639548e-05
ENSG00000102076	1.0902619126308818e-05
ENSG00000105668	1.0899856003328314e-05
ENSG00000144034	1.0896592220425916e-05
ENSG00000182173	1.0895413071454215e-05
ENSG00000135622	1.0890787828087978e-05
ENSG00000137936	1.0890163972181867e-05
ENSG00000148719	1.0886522026976815e-05
ENSG00000176715	1.0884563900148794e-05
ENSG00000248098	1.088019893929707e-05
ENSG00000117586	1.0873312866072717e-05
ENSG00000239961	1.0872236112534874e-05
ENSG00000227720	1.0867137891092187e-05
ENSG00000152492	1.0862241755442385e-05
ENSG00000132330	1.0860249686428133e-05
ENSG00000163530	1.0859347605673665e-05
ENSG00000166997	1.0852627077359967e-05
ENSG00000084073	1.0851001779162836e-05
ENSG00000134765	1.0850791881962883e-05
ENSG00000089163	1.0847946749227466e-05
ENSG00000001084	1.0843404127114051e-05
ENSG00000186280	1.0826039195963738e-05
ENSG00000178935	1.0822600357020764e-05
ENSG00000172244	1.0822194540186925e-05
ENSG00000133169	1.0814509976025126e-05
ENSG00000162631	1.0814509976025126e-05
ENSG00000158158	1.0813272635451061e-05
ENSG00000285485	1.0794908837667574e-05
ENSG00000285007	1.0789327568308102e-05
ENSG00000114638	1.0782583084788483e-05
ENSG00000100302	1.0773241928826341e-05
ENSG00000141429	1.0757913087186753e-05
ENSG00000143369	1.0754006416268588e-05
ENSG00000185774	1.0747702511696223e-05
ENSG00000205268	1.074743398043907e-05
ENSG00000183734	1.0745084345061754e-05
ENSG00000178764	1.073781571306983e-05
ENSG00000165195	1.0729377917950474e-05
ENSG00000128652	1.0714062573901379e-05
ENSG00000107864	1.0709688322426273e-05
ENSG00000173611	1.0708467390523336e-05
ENSG00000100350	1.0701907231414937e-05
ENSG00000163319	1.0692919270536004e-05
ENSG00000169193	1.0685312982427629e-05
ENSG00000129455	1.0667030528143645e-05
ENSG00000274296	1.0653921793745275e-05
ENSG00000167196	1.065366285787977e-05
ENSG00000013573	1.0651992108241126e-05
ENSG00000118420	1.0627905353659871e-05
ENSG00000162526	1.061965637681083e-05
ENSG00000166263	1.061749356334285e-05
ENSG00000074657	1.0613055264784702e-05
ENSG00000069535	1.0605222046151639e-05
ENSG00000108947	1.0604872527275629e-05
ENSG00000135677	1.0604416386046357e-05
ENSG00000285301	1.0599599463489029e-05
ENSG00000129235	1.0598387481794449e-05
ENSG00000142279	1.0571313029806922e-05
ENSG00000100346	1.0563785050197552e-05
ENSG00000152439	1.0563550090977983e-05
ENSG00000179981	1.0557318538237251e-05
ENSG00000170100	1.0555239434717795e-05
ENSG00000187908	1.0543824139998007e-05
ENSG00000163170	1.0542406065698053e-05
ENSG00000157827	1.053587198060526e-05
ENSG00000100814	1.0529672701600751e-05
ENSG00000108370	1.0524698531517303e-05
ENSG00000109424	1.0523427319680736e-05
ENSG00000116874	1.0521591048325052e-05
ENSG00000247626	1.0516452126725418e-05
ENSG00000197956	1.05156416475727e-05
ENSG00000135632	1.0515533562349341e-05
ENSG00000285426	1.0509411004801445e-05
ENSG00000177096	1.0501369183731984e-05
ENSG00000120332	1.0497280988795787e-05
ENSG00000168065	1.0493534712131112e-05
ENSG00000280584	1.0485285758163028e-05
ENSG00000205927	1.0482740680957852e-05
ENSG00000102890	1.0481217843709416e-05
ENSG00000163870	1.0479038340223219e-05
ENSG00000157978	1.0469486836757779e-05
ENSG00000136010	1.0468911526741271e-05
ENSG00000197562	1.0466995251967006e-05
ENSG00000099864	1.0457577203342346e-05
ENSG00000165113	1.0451543393920959e-05
ENSG00000134873	1.0446897148433933e-05
ENSG00000149679	1.0435039159896789e-05
ENSG00000139211	1.0433164322674943e-05
ENSG00000175352	1.041262029371603e-05
ENSG00000135114	1.0412089333354458e-05
ENSG00000113369	1.0406934517792008e-05
ENSG00000150764	1.0395279111987784e-05
ENSG00000125872	1.0395040795264517e-05
ENSG00000118526	1.0394976758731515e-05
ENSG00000151338	1.0379692318497957e-05
ENSG00000170323	1.037840451470906e-05
ENSG00000148680	1.0374990177675495e-05
ENSG00000072422	1.037121248144071e-05
ENSG00000065154	1.0361413941858138e-05
ENSG00000168959	1.0360629292067548e-05
ENSG00000182389	1.0354983621351144e-05
ENSG00000107959	1.0353127548856379e-05
ENSG00000120254	1.0343222602319845e-05
ENSG00000135517	1.0338294574032088e-05
ENSG00000216937	1.0333647518122123e-05
ENSG00000262635	1.0322093191511042e-05
ENSG00000131037	1.0312227995904342e-05
ENSG00000146842	1.0312008351489854e-05
ENSG00000240583	1.0310316493287293e-05
ENSG00000134317	1.0297008943674733e-05
ENSG00000118777	1.0282224051324933e-05
ENSG00000182957	1.0279661120919868e-05
ENSG00000285121	1.027641717833861e-05
ENSG00000152518	1.0271879025857343e-05
ENSG00000285241	1.0268383126755572e-05
ENSG00000157429	1.025479416401542e-05
ENSG00000241945	1.0251855520450927e-05
ENSG00000183230	1.0251230672428787e-05
ENSG00000205758	1.0240860194827457e-05
ENSG00000110375	1.0239771194407228e-05
ENSG00000108828	1.0239440452500142e-05
ENSG00000172318	1.0234333800611213e-05
ENSG00000133475	1.0234333800611213e-05
ENSG00000180318	1.0233481054618254e-05
ENSG00000137393	1.023040369885603e-05
ENSG00000229493	1.0224205503809076e-05
ENSG00000151914	1.0219299076934135e-05
ENSG00000181192	1.0214224691801932e-05
ENSG00000166206	1.0208537577974866e-05
ENSG00000116273	1.0203852868274512e-05
ENSG00000141258	1.0196688486848931e-05
ENSG00000166670	1.0162428374450445e-05
ENSG00000205810	1.016005308610565e-05
ENSG00000161640	1.0159780040944969e-05
ENSG00000143819	1.0156510147962501e-05
ENSG00000059122	1.0148352467818746e-05
ENSG00000162009	1.014371945567751e-05
ENSG00000162738	1.0143324646438883e-05
ENSG00000172992	1.0139655022412262e-05
ENSG00000277926	1.0135001225460797e-05
ENSG00000164404	1.0132575417445663e-05
ENSG00000162761	1.0128001167183285e-05
ENSG00000285199	1.012652350308217e-05
ENSG00000169474	1.0118214143901071e-05
ENSG00000143570	1.0116854345719444e-05
ENSG00000275051	1.010142560937206e-05
ENSG00000104228	1.0099739486418178e-05
ENSG00000117419	1.009118626205497e-05
ENSG00000123560	1.0090958289440903e-05
ENSG00000140743	1.006821915802259e-05
ENSG00000104140	1.0064100721956748e-05
ENSG00000161671	1.0055995128127562e-05
ENSG00000096092	1.0044406671468545e-05
ENSG00000170801	1.004218313685588e-05
ENSG00000086991	1.0041799492113687e-05
ENSG00000033050	1.0037629410726742e-05
ENSG00000276495	1.003365168411222e-05
ENSG00000181004	1.0016126677996133e-05
ENSG00000138587	1.0013766724651925e-05
ENSG00000087076	1.0000356448283395e-05
ENSG00000147481	9.972636467835159e-06
ENSG00000173467	9.967051962628764e-06
ENSG00000105429	9.965976755336403e-06
ENSG00000087589	9.965777157472748e-06
ENSG00000164176	9.963594359469808e-06
ENSG00000241878	9.95793497148075e-06
ENSG00000113742	9.944220576927954e-06
ENSG00000124659	9.935154546277027e-06
ENSG00000084693	9.926878137563171e-06
ENSG00000140848	9.926126998830326e-06
ENSG00000243147	9.91489114470368e-06
ENSG00000105717	9.914387806171531e-06
ENSG00000173581	9.904290963954872e-06
ENSG00000169131	9.901228149387719e-06
ENSG00000130513	9.899365596450916e-06
ENSG00000188321	9.896946175146206e-06
ENSG00000116791	9.894208836613339e-06
ENSG00000144040	9.885800883773036e-06
ENSG00000236149	9.885175573566578e-06
ENSG00000113504	9.883217642732055e-06
ENSG00000170425	9.876709188219199e-06
ENSG00000116679	9.864411034853083e-06
ENSG00000095485	9.863073004137771e-06
ENSG00000021300	9.862735743170045e-06
ENSG00000163607	9.85954973684408e-06
ENSG00000129028	9.857140235930374e-06
ENSG00000180263	9.856300785722469e-06
ENSG00000136770	9.844072536753606e-06
ENSG00000171617	9.842769760045688e-06
ENSG00000065609	9.839340090683615e-06
ENSG00000128699	9.817940866487918e-06
ENSG00000068079	9.810718708630942e-06
ENSG00000115652	9.806050082174946e-06
ENSG00000100711	9.805751833733889e-06
ENSG00000198840	9.804873480538387e-06
ENSG00000148200	9.802326032003268e-06
ENSG00000139428	9.800451821137449e-06
ENSG00000166582	9.791261481156577e-06
ENSG00000054277	9.775134345325307e-06
ENSG00000111271	9.764919459081438e-06
ENSG00000157637	9.764506173521693e-06
ENSG00000177045	9.75315346239581e-06
ENSG00000108479	9.75168258954999e-06
ENSG00000162520	9.741553575114429e-06
ENSG00000103067	9.734327476959299e-06
ENSG00000104369	9.724434123648692e-06
ENSG00000168528	9.722599814882275e-06
ENSG00000225697	9.718561899116558e-06
ENSG00000141527	9.709700940876105e-06
ENSG00000283030	9.702709732311753e-06
ENSG00000159200	9.69546713929198e-06
ENSG00000154262	9.691163499402831e-06
ENSG00000181019	9.68833695885127e-06
ENSG00000109519	9.679594899605597e-06
ENSG00000257591	9.675152361258506e-06
ENSG00000124608	9.669142474558498e-06
ENSG00000149328	9.664718632807763e-06
ENSG00000204822	9.659378200291455e-06
ENSG00000101935	9.650252335601848e-06
ENSG00000180667	9.640326093332352e-06
ENSG00000086548	9.638121670191552e-06
ENSG00000120937	9.636802416380327e-06
ENSG00000267368	9.635638801261401e-06
ENSG00000047644	9.621402520031304e-06
ENSG00000010327	9.619973451426767e-06
ENSG00000280165	9.616904614534884e-06
ENSG00000276657	9.60162123356098e-06
ENSG00000196465	9.601539200746156e-06
ENSG00000185519	9.584113288417052e-06
ENSG00000003147	9.583778004552747e-06
ENSG00000143512	9.569880104865013e-06
ENSG00000160216	9.563442815175993e-06
ENSG00000263057	9.556232484850129e-06
ENSG00000243414	9.554688587425718e-06
ENSG00000157600	9.548158610070298e-06
ENSG00000288295	9.546590651132611e-06
ENSG00000161509	9.52979251981448e-06
ENSG00000119522	9.528268026642355e-06
ENSG00000114487	9.526926518338615e-06
ENSG00000070759	9.526725392056755e-06
ENSG00000152932	9.523513403265967e-06
ENSG00000140280	9.495821168260892e-06
ENSG00000233276	9.46488733674727e-06
ENSG00000288307	9.463405915336436e-06
ENSG00000167968	9.462259348946324e-06
ENSG00000282228	9.460161348419711e-06
ENSG00000104723	9.458714935434987e-06
ENSG00000185842	9.458235495902364e-06
ENSG00000115361	9.457681490436763e-06
ENSG00000007312	9.457115299461867e-06
ENSG00000228716	9.45689163491831e-06
ENSG00000150403	9.433038257038863e-06
ENSG00000165349	9.414157635629734e-06
ENSG00000007341	9.405867641174587e-06
ENSG00000184792	9.405708395151775e-06
ENSG00000196976	9.393707262211761e-06
ENSG00000169857	9.388068983676412e-06
ENSG00000147955	9.380784598843188e-06
ENSG00000071205	9.355398265961135e-06
ENSG00000154493	9.344357109442182e-06
ENSG00000152049	9.318587591548561e-06
ENSG00000102870	9.306966703509475e-06
ENSG00000184209	9.306794496745881e-06
ENSG00000118507	9.29691889837301e-06
ENSG00000185272	9.293846173879752e-06
ENSG00000041880	9.286744294957764e-06
ENSG00000131242	9.277427463135323e-06
ENSG00000167468	9.269395509522662e-06
ENSG00000187676	9.259497964199867e-06
ENSG00000166396	9.257015630858424e-06
ENSG00000163472	9.253716289489877e-06
ENSG00000042317	9.248865046573515e-06
ENSG00000139445	9.246854563246375e-06
ENSG00000100263	9.237580515045446e-06
ENSG00000163040	9.236146112259603e-06
ENSG00000166311	9.231692911967186e-06
ENSG00000225824	9.221467954549071e-06
ENSG00000109861	9.195410398950452e-06
ENSG00000106268	9.193241580225398e-06
ENSG00000243943	9.189101472999572e-06
ENSG00000103642	9.186049589010442e-06
ENSG00000285377	9.182514605162253e-06
ENSG00000125485	9.181935908531749e-06
ENSG00000156049	9.17547706520023e-06
ENSG00000101439	9.172365098873632e-06
ENSG00000254550	9.157035505810034e-06
ENSG00000148948	9.157035505810034e-06
ENSG00000172339	9.150534966107463e-06
ENSG00000189221	9.144473139600797e-06
ENSG00000102539	9.13625220420616e-06
ENSG00000173917	9.133648335733618e-06
ENSG00000130643	9.106966872177342e-06
ENSG00000138162	9.091354753706488e-06
ENSG00000165462	9.090900842917692e-06
ENSG00000091127	9.083214135088465e-06
ENSG00000106665	9.075024684620359e-06
ENSG00000227402	9.06471985006668e-06
ENSG00000197982	9.055926213890846e-06
ENSG00000161850	9.053029606990873e-06
ENSG00000162542	9.052446960450727e-06
ENSG00000227315	9.04945037860216e-06
ENSG00000151882	9.04630149183908e-06
ENSG00000158079	9.042689975294944e-06
ENSG00000130294	9.023733474147724e-06
ENSG00000112486	9.01644704519354e-06
ENSG00000119899	9.01564061001896e-06
ENSG00000183044	9.013673789609986e-06
ENSG00000109016	9.009432128226061e-06
ENSG00000100321	9.008798042397659e-06
ENSG00000178386	8.995143534628569e-06
ENSG00000113361	8.991678434637478e-06
ENSG00000145526	8.991678434637478e-06
ENSG00000115042	8.981395327728277e-06
ENSG00000125861	8.975143690057324e-06
ENSG00000140479	8.961437024453014e-06
ENSG00000149054	8.96047849103072e-06
ENSG00000122547	8.95963765340894e-06
ENSG00000284501	8.952507022412446e-06
ENSG00000159267	8.952048525933868e-06
ENSG00000133731	8.940264525129014e-06
ENSG00000184508	8.921517353491022e-06
ENSG00000274779	8.919212687987365e-06
ENSG00000151079	8.915921342983974e-06
ENSG00000197165	8.913849414717238e-06
ENSG00000196449	8.911447430823694e-06
ENSG00000184156	8.906025117673187e-06
ENSG00000185838	8.905291526313849e-06
ENSG00000159164	8.905014344577196e-06
ENSG00000274811	8.895288924157997e-06
ENSG00000172179	8.889045941165808e-06
ENSG00000169957	8.888890541333263e-06
ENSG00000204414	8.884323956711798e-06
ENSG00000276175	8.883298336193523e-06
ENSG00000132661	8.864076721063972e-06
ENSG00000124275	8.86072161755801e-06
ENSG00000132031	8.853407001467317e-06
ENSG00000159263	8.846013285293606e-06
ENSG00000198597	8.842894548783815e-06
ENSG00000179965	8.842316101801728e-06
ENSG00000234508	8.832014971974487e-06
ENSG00000108551	8.826221373997951e-06
ENSG00000133627	8.819830215240183e-06
ENSG00000137501	8.819063663798423e-06
ENSG00000089127	8.81510300699921e-06
ENSG00000254858	8.812606455286903e-06
ENSG00000090013	8.810687514568226e-06
ENSG00000227420	8.809451687292698e-06
ENSG00000150687	8.80887757813045e-06
ENSG00000159348	8.807123950646197e-06
ENSG00000283868	8.80232670438865e-06
ENSG00000109881	8.796274449341447e-06
ENSG00000106246	8.79483253725161e-06
ENSG00000176454	8.78179764529363e-06
ENSG00000257315	8.78170403722799e-06
ENSG00000108639	8.777535129779985e-06
ENSG00000145911	8.775501860834021e-06
ENSG00000167964	8.771642348547538e-06
ENSG00000136155	8.766535391630512e-06
ENSG00000154274	8.75436017748693e-06
ENSG00000164180	8.752044655861513e-06
ENSG00000275544	8.746305819745588e-06
ENSG00000185090	8.74556106962063e-06
ENSG00000182168	8.744963534956022e-06
ENSG00000168843	8.738286325747739e-06
ENSG00000173221	8.738286233454094e-06
ENSG00000099904	8.73202012343671e-06
ENSG00000128322	8.73148982048526e-06
ENSG00000137726	8.727719462078463e-06
ENSG00000162413	8.719815368948135e-06
ENSG00000132561	8.710433100605441e-06
ENSG00000168876	8.706771687377748e-06
ENSG00000104205	8.69343356498472e-06
ENSG00000177030	8.686623113816087e-06
ENSG00000142149	8.675778764652107e-06
ENSG00000135951	8.670598003275384e-06
ENSG00000005379	8.668425862079729e-06
ENSG00000114646	8.661568668188747e-06
ENSG00000154957	8.66057864941321e-06
ENSG00000178409	8.658952331900662e-06
ENSG00000171201	8.657052819744469e-06
ENSG00000274286	8.655431104618884e-06
ENSG00000170234	8.642451316500005e-06
ENSG00000151746	8.628415867987758e-06
ENSG00000114670	8.61935012524105e-06
ENSG00000109472	8.615659801289554e-06
ENSG00000112787	8.611570347860413e-06
ENSG00000167107	8.609413382285327e-06
ENSG00000165617	8.609241298893237e-06
ENSG00000124374	8.604907538396729e-06
ENSG00000282880	8.593060435863828e-06
ENSG00000185112	8.588406248155141e-06
ENSG00000275122	8.585004555746456e-06
ENSG00000064270	8.568630469332408e-06
ENSG00000088002	8.567894601667159e-06
ENSG00000136457	8.561742221321648e-06
ENSG00000125848	8.559378502617135e-06
ENSG00000110723	8.559002709259817e-06
ENSG00000176020	8.554788488625007e-06
ENSG00000149743	8.553257328372392e-06
ENSG00000165192	8.543233472133978e-06
ENSG00000160050	8.540708189036342e-06
ENSG00000167103	8.535717600509072e-06
ENSG00000284228	8.529596487043876e-06
ENSG00000180509	8.525508810143907e-06
ENSG00000151176	8.523471893495731e-06
ENSG00000008438	8.516688914954817e-06
ENSG00000132768	8.50519250055718e-06
ENSG00000136444	8.491032432069189e-06
ENSG00000173992	8.470722107396397e-06
ENSG00000164674	8.468683657614819e-06
ENSG00000147324	8.461138141443918e-06
ENSG00000198807	8.458154020124146e-06
ENSG00000108187	8.45642050362598e-06
ENSG00000140650	8.441793577103156e-06
ENSG00000117862	8.429505170409773e-06
ENSG00000124370	8.42268825381724e-06
ENSG00000133065	8.420059506627359e-06
ENSG00000058866	8.416592440694705e-06
ENSG00000100629	8.411202323538704e-06
ENSG00000169629	8.403014637720412e-06
ENSG00000146278	8.39659930422965e-06
ENSG00000119326	8.393127521124556e-06
ENSG00000284495	8.38987991799145e-06
ENSG00000114349	8.384939906594539e-06
ENSG00000178695	8.382348030389156e-06
ENSG00000116691	8.378617190709293e-06
ENSG00000112514	8.378553113812574e-06
ENSG00000178149	8.375448473366225e-06
ENSG00000118939	8.369069555503715e-06
ENSG00000170426	8.364580753696277e-06
ENSG00000173653	8.356169466082983e-06
ENSG00000074935	8.354327724481147e-06
ENSG00000067167	8.34669293928462e-06
ENSG00000109452	8.346461615251806e-06
ENSG00000063241	8.345377068307422e-06
ENSG00000154099	8.344022498475681e-06
ENSG00000132718	8.336413849190909e-06
ENSG00000116983	8.33137492774307e-06
ENSG00000167654	8.329557591557002e-06
ENSG00000138709	8.327154960277186e-06
ENSG00000196867	8.326125153933632e-06
ENSG00000167434	8.318215649546696e-06
ENSG00000184221	8.313433996682958e-06
ENSG00000155465	8.312990701273262e-06
ENSG00000129680	8.30689681023948e-06
ENSG00000100304	8.30564866369999e-06
ENSG00000006652	8.29773178664307e-06
ENSG00000102317	8.293017533930752e-06
ENSG00000177239	8.291783604094289e-06
ENSG00000004799	8.281048101297977e-06
ENSG00000065621	8.280093198317131e-06
ENSG00000186088	8.261135605870873e-06
ENSG00000197147	8.26057294451223e-06
ENSG00000150750	8.259525024020934e-06
ENSG00000243910	8.256889867440304e-06
ENSG00000141965	8.25061998575026e-06
ENSG00000079150	8.24609146473441e-06
ENSG00000128342	8.239591558902873e-06
ENSG00000128918	8.234512145016518e-06
ENSG00000122912	8.232822636014218e-06
ENSG00000085662	8.229872671742393e-06
ENSG00000124787	8.22906150979122e-06
ENSG00000196361	8.226418532686277e-06
ENSG00000132010	8.224614911268957e-06
ENSG00000154146	8.219793756695782e-06
ENSG00000102001	8.219027581779095e-06
ENSG00000198203	8.218516836395802e-06
ENSG00000165312	8.209019885460734e-06
ENSG00000171219	8.194043224441087e-06
ENSG00000163209	8.193741707085147e-06
ENSG00000189195	8.182748943824508e-06
ENSG00000142794	8.177780070989115e-06
ENSG00000150773	8.176579361006216e-06
ENSG00000196372	8.166643294408991e-06
ENSG00000275410	8.166415096704855e-06
ENSG00000272636	8.162255202567348e-06
ENSG00000135480	8.15792652872612e-06
ENSG00000090861	8.147645021619907e-06
ENSG00000272398	8.14626601812819e-06
ENSG00000265190	8.14209310159991e-06
ENSG00000129204	8.140220155650695e-06
ENSG00000146555	8.139167526689698e-06
ENSG00000278284	8.138534768449638e-06
ENSG00000120907	8.118757330655616e-06
ENSG00000231925	8.115598081017102e-06
ENSG00000267978	8.112302816921806e-06
ENSG00000110911	8.107731309677504e-06
ENSG00000166845	8.084333897325856e-06
ENSG00000129167	8.082040784425536e-06
ENSG00000176894	8.078808958717175e-06
ENSG00000133937	8.075259540620396e-06
ENSG00000254986	8.070502540574146e-06
ENSG00000133135	8.065062982447658e-06
ENSG00000162769	8.064896660506652e-06
ENSG00000152785	8.058755548555557e-06
ENSG00000149418	8.05350249399386e-06
ENSG00000024422	8.052691713534473e-06
ENSG00000177548	8.046790176126884e-06
ENSG00000037897	8.02786775734477e-06
ENSG00000173085	8.025614772011715e-06
ENSG00000188807	8.024117719261134e-06
ENSG00000164284	8.021995363199749e-06
ENSG00000172830	8.016302918064997e-06
ENSG00000155792	8.013496188841884e-06
ENSG00000196517	8.008151076655987e-06
ENSG00000280969	8.007988140189102e-06
ENSG00000111684	7.997426178564503e-06
ENSG00000124253	7.996530903304039e-06
ENSG00000277149	7.990351771463351e-06
ENSG00000144485	7.989704322601383e-06
ENSG00000213047	7.989034837970893e-06
ENSG00000288141	7.9889553626596e-06
ENSG00000143858	7.987562866475014e-06
ENSG00000051620	7.979083326013457e-06
ENSG00000176022	7.975403994067746e-06
ENSG00000100116	7.975247865267893e-06
ENSG00000105664	7.969442689525916e-06
ENSG00000180806	7.96575681143141e-06
ENSG00000138640	7.962827984453411e-06
ENSG00000165905	7.959064602205448e-06
ENSG00000183098	7.958272251741836e-06
ENSG00000067177	7.950230571211836e-06
ENSG00000176401	7.949378307230041e-06
ENSG00000165175	7.94589659861683e-06
ENSG00000186479	7.93969129172893e-06
ENSG00000169469	7.934734442608654e-06
ENSG00000173928	7.932691401182061e-06
ENSG00000125650	7.92535628106942e-06
ENSG00000172123	7.917705726331758e-06
ENSG00000143162	7.908038922690167e-06
ENSG00000166800	7.902411729415827e-06
ENSG00000262911	7.899787053323766e-06
ENSG00000275165	7.898826957693088e-06
ENSG00000288503	7.89245779065304e-06
ENSG00000123360	7.892382116778181e-06
ENSG00000236515	7.885054247386229e-06
ENSG00000111907	7.872095482132199e-06
ENSG00000188690	7.869342516645724e-06
ENSG00000146416	7.856553928443163e-06
ENSG00000166016	7.853415903568926e-06
ENSG00000120437	7.852779183628625e-06
ENSG00000227500	7.850924741976322e-06
ENSG00000169282	7.846697665693768e-06
ENSG00000229353	7.83930543923783e-06
ENSG00000198018	7.834310429937737e-06
ENSG00000143127	7.834235760283432e-06
ENSG00000147364	7.832750444068937e-06
ENSG00000146250	7.832390627867073e-06
ENSG00000166192	7.82874239756943e-06
ENSG00000165983	7.811017382193065e-06
ENSG00000111245	7.80836218049555e-06
ENSG00000164713	7.807667436412892e-06
ENSG00000276011	7.804617426804013e-06
ENSG00000146574	7.792558078231166e-06
ENSG00000144589	7.786710027554597e-06
ENSG00000106012	7.780305134875703e-06
ENSG00000102595	7.774534553910555e-06
ENSG00000102970	7.751818728320763e-06
ENSG00000139910	7.743524054658918e-06
ENSG00000185869	7.737044388381575e-06
ENSG00000104549	7.731688734182703e-06
ENSG00000183527	7.729368251216836e-06
ENSG00000125144	7.726925590469287e-06
ENSG00000205358	7.726925590469287e-06
ENSG00000111912	7.723539292928228e-06
ENSG00000104129	7.697040001132168e-06
ENSG00000118514	7.683800595064052e-06
ENSG00000160213	7.641730580440014e-06
ENSG00000116761	7.627252123496996e-06
ENSG00000135409	7.614899913524071e-06
ENSG00000205581	7.6146947183493314e-06
ENSG00000274619	7.604597399120377e-06
ENSG00000223638	7.604107806438404e-06
ENSG00000178685	7.603189255119702e-06
ENSG00000011478	7.590639047889509e-06
ENSG00000099785	7.57056928421154e-06
ENSG00000138166	7.563388011178277e-06
ENSG00000126233	7.546031928710839e-06
ENSG00000165115	7.5412756768314064e-06
ENSG00000169683	7.539277079971431e-06
ENSG00000149124	7.536308449653494e-06
ENSG00000117308	7.535702831659457e-06
ENSG00000179407	7.531112940567471e-06
ENSG00000006576	7.527508049332772e-06
ENSG00000203942	7.493325556467385e-06
ENSG00000173597	7.491943867824667e-06
ENSG00000184502	7.486326645689452e-06
ENSG00000146540	7.472018470803697e-06
ENSG00000112782	7.464545707734853e-06
ENSG00000130303	7.460673180933696e-06
ENSG00000205730	7.451251157799722e-06
ENSG00000196388	7.443638558848738e-06
ENSG00000082269	7.443158239424624e-06
ENSG00000106785	7.42465342481371e-06
ENSG00000168734	7.4103797505242285e-06
ENSG00000166189	7.408412051616437e-06
ENSG00000174032	7.406630522354668e-06
ENSG00000119655	7.406338534631542e-06
ENSG00000124107	7.403074653014202e-06
ENSG00000021355	7.400394736388929e-06
ENSG00000198759	7.3993033888351606e-06
ENSG00000162482	7.377463900352462e-06
ENSG00000197891	7.377289685840976e-06
ENSG00000181404	7.372637891373987e-06
ENSG00000174080	7.35912157056513e-06
ENSG00000278268	7.332241524096311e-06
ENSG00000099282	7.305016002910008e-06
ENSG00000243480	7.300424448356246e-06
ENSG00000136267	7.299866394315512e-06
ENSG00000142657	7.29318457237476e-06
ENSG00000132437	7.279259113317605e-06
ENSG00000213934	7.275343509031524e-06
ENSG00000101246	7.27530441002133e-06
ENSG00000143479	7.2740184990432415e-06
ENSG00000074527	7.269155647625693e-06
ENSG00000113946	7.268316813835155e-06
ENSG00000101282	7.258594873898879e-06
ENSG00000172554	7.248047936426125e-06
ENSG00000169174	7.243000588374314e-06
ENSG00000198157	7.238874703059836e-06
ENSG00000137875	7.22836165544796e-06
ENSG00000148154	7.227478397575781e-06
ENSG00000184992	7.2245331316501215e-06
ENSG00000278693	7.222348212743194e-06
ENSG00000102904	7.221796828975616e-06
ENSG00000162600	7.22074894318776e-06
ENSG00000182187	7.184886789400492e-06
ENSG00000074964	7.17270779336663e-06
ENSG00000070081	7.172534470179435e-06
ENSG00000102098	7.162782499805609e-06
ENSG00000140675	7.1596628050170956e-06
ENSG00000226784	7.149717254288812e-06
ENSG00000101220	7.147703615158177e-06
ENSG00000065802	7.144232404436039e-06
ENSG00000128710	7.140084983704833e-06
ENSG00000179163	7.132196824433053e-06
ENSG00000164687	7.1281537925947195e-06
ENSG00000166446	7.103606157330055e-06
ENSG00000169194	7.090139457234673e-06
ENSG00000175505	7.078722110972581e-06
ENSG00000280477	7.061444579862777e-06
ENSG00000255561	7.059013910856763e-06
ENSG00000150540	7.057532831371596e-06
ENSG00000105223	7.052989458286509e-06
ENSG00000110848	7.0438758893867575e-06
ENSG00000182263	7.042124471000599e-06
ENSG00000184083	7.041403452653097e-06
ENSG00000160179	7.0398830204698915e-06
ENSG00000122971	7.037256959928909e-06
ENSG00000178726	7.03477474324685e-06
ENSG00000162510	7.007356636155879e-06
ENSG00000206579	7.004694282433085e-06
ENSG00000169093	7.000681827756069e-06
ENSG00000143771	6.988103476445064e-06
ENSG00000213221	6.9870184412291746e-06
ENSG00000132744	6.979745916441184e-06
ENSG00000278728	6.971056196118398e-06
ENSG00000163814	6.965150205187031e-06
ENSG00000196502	6.961049932531203e-06
ENSG00000175544	6.959346984415625e-06
ENSG00000140263	6.957636897629333e-06
ENSG00000146776	6.949265548069833e-06
ENSG00000119711	6.944689700526646e-06
ENSG00000099284	6.937703762893302e-06
ENSG00000134588	6.91212160903611e-06
ENSG00000143891	6.904702323725881e-06
ENSG00000162522	6.903543105340516e-06
ENSG00000131183	6.90216959047369e-06
ENSG00000196565	6.890476026512441e-06
ENSG00000135299	6.886578117359991e-06
ENSG00000166562	6.885924487668681e-06
ENSG00000171206	6.88530798515985e-06
ENSG00000135002	6.881624748304155e-06
ENSG00000012660	6.879712031463783e-06
ENSG00000177047	6.875644486345854e-06
ENSG00000163644	6.8726561086234305e-06
ENSG00000123739	6.8642422002786485e-06
ENSG00000138413	6.863765997524982e-06
ENSG00000166471	6.855795250359443e-06
ENSG00000168589	6.838987594678248e-06
ENSG00000165887	6.8255495699384785e-06
ENSG00000206072	6.806379081917856e-06
ENSG00000188883	6.798225047817983e-06
ENSG00000164023	6.793667219228132e-06
ENSG00000285182	6.792269389096378e-06
ENSG00000184160	6.791456953112188e-06
ENSG00000170525	6.785023216475919e-06
ENSG00000105270	6.784403832266502e-06
ENSG00000136720	6.784149109833811e-06
ENSG00000121413	6.776428816992999e-06
ENSG00000119703	6.771663548379513e-06
ENSG00000157765	6.768864006895631e-06
ENSG00000173660	6.765290441024455e-06
ENSG00000019186	6.763140421606926e-06
ENSG00000160223	6.754667220364283e-06
ENSG00000086475	6.7541837071716825e-06
ENSG00000120675	6.751406284369368e-06
ENSG00000108179	6.748955144315725e-06
ENSG00000136856	6.747403715721119e-06
ENSG00000164326	6.747026855629675e-06
ENSG00000107742	6.742728409364968e-06
ENSG00000099769	6.741827796240921e-06
ENSG00000174516	6.733735325315141e-06
ENSG00000274736	6.733607958235646e-06
ENSG00000179331	6.733079520861023e-06
ENSG00000131771	6.729686491061292e-06
ENSG00000105501	6.723273306133381e-06
ENSG00000278023	6.719634485898183e-06
ENSG00000134376	6.713689475498478e-06
ENSG00000015133	6.698123715826522e-06
ENSG00000100983	6.690858009024676e-06
ENSG00000115525	6.690028706566789e-06
ENSG00000180035	6.686325019285196e-06
ENSG00000107679	6.671981430094257e-06
ENSG00000173335	6.67162940777711e-06
ENSG00000177383	6.670933939954028e-06
ENSG00000165084	6.649450976995706e-06
ENSG00000253548	6.645601797449327e-06
ENSG00000285203	6.6454682838059345e-06
ENSG00000134812	6.645244043889538e-06
ENSG00000283630	6.639687090264325e-06
ENSG00000135540	6.630533796487565e-06
ENSG00000052126	6.6271354498044575e-06
ENSG00000101160	6.623172822435954e-06
ENSG00000169908	6.612125640612506e-06
ENSG00000100146	6.609401846053168e-06
ENSG00000151883	6.598995934051164e-06
ENSG00000185621	6.593819415556433e-06
ENSG00000109193	6.571954212972283e-06
ENSG00000168993	6.571096888245923e-06
ENSG00000277140	6.568026626766039e-06
ENSG00000123810	6.563204572743946e-06
ENSG00000072133	6.540894441836852e-06
ENSG00000176473	6.533008378062057e-06
ENSG00000139874	6.5284267037840205e-06
ENSG00000169562	6.528390311542166e-06
ENSG00000187959	6.525066032728399e-06
ENSG00000116337	6.516028079581557e-06
ENSG00000221946	6.515727343011873e-06
ENSG00000002586	6.507355821702207e-06
ENSG00000173621	6.504107262251099e-06
ENSG00000147586	6.502237889566746e-06
ENSG00000101000	6.5015840672832195e-06
ENSG00000230989	6.500020691852852e-06
ENSG00000108381	6.499573402322434e-06
ENSG00000173068	6.498686342792544e-06
ENSG00000102195	6.497678634398163e-06
ENSG00000120913	6.473381453490972e-06
ENSG00000285451	6.473196687055278e-06
ENSG00000233450	6.4705230883336895e-06
ENSG00000159792	6.470123629731577e-06
ENSG00000114853	6.467288889733806e-06
ENSG00000164512	6.4667805135796446e-06
ENSG00000187554	6.4652027257689196e-06
ENSG00000181773	6.462653268650792e-06
ENSG00000165443	6.460847016924512e-06
ENSG00000175879	6.456795594368194e-06
ENSG00000183798	6.450441391434049e-06
ENSG00000147206	6.436476669805472e-06
ENSG00000172915	6.43325939613274e-06
ENSG00000061918	6.419991452250028e-06
ENSG00000153823	6.417353940361638e-06
ENSG00000119673	6.4071901511158e-06
ENSG00000158792	6.406719613451214e-06
ENSG00000159640	6.4066072091884055e-06
ENSG00000182551	6.403121093430383e-06
ENSG00000184428	6.397732863011281e-06
ENSG00000006740	6.397543612181355e-06
ENSG00000188352	6.396609545871596e-06
ENSG00000244607	6.3958217392125375e-06
ENSG00000182333	6.383709915856357e-06
ENSG00000167720	6.380169363469735e-06
ENSG00000167779	6.373726619368342e-06
ENSG00000162783	6.37280503582563e-06
ENSG00000103723	6.372502274863712e-06
ENSG00000108582	6.368484631118036e-06
ENSG00000160993	6.368252394579587e-06
ENSG00000079931	6.366559141400921e-06
ENSG00000132819	6.364071611354954e-06
ENSG00000135912	6.361411764298135e-06
ENSG00000110917	6.355776827985248e-06
ENSG00000125731	6.3454187210762e-06
ENSG00000112320	6.337498798480326e-06
ENSG00000010318	6.333615625175624e-06
ENSG00000160200	6.32857447674504e-06
ENSG00000157014	6.3263729554465316e-06
ENSG00000154548	6.316797615115116e-06
ENSG00000151575	6.31657903661631e-06
ENSG00000110697	6.311456406246787e-06
ENSG00000137509	6.309312953860887e-06
ENSG00000150787	6.3001831344798216e-06
ENSG00000164040	6.299063258989162e-06
ENSG00000152582	6.293312318868671e-06
ENSG00000116254	6.2897906972775235e-06
ENSG00000147432	6.286165423505701e-06
ENSG00000116885	6.284913554058863e-06
ENSG00000284009	6.284436046242744e-06
ENSG00000128203	6.282127971527901e-06
ENSG00000165105	6.279640042821979e-06
ENSG00000114757	6.278630734080454e-06
ENSG00000165300	6.269662471141852e-06
ENSG00000173083	6.267983984616832e-06
ENSG00000125247	6.264212376607448e-06
ENSG00000143774	6.261668129962602e-06
ENSG00000198754	6.255370030148929e-06
ENSG00000170745	6.234815924683408e-06
ENSG00000143473	6.234815924683408e-06
ENSG00000128274	6.230284223874568e-06
ENSG00000063180	6.222041195898054e-06
ENSG00000145287	6.200066452857766e-06
ENSG00000107789	6.19391280802535e-06
ENSG00000205111	6.192232571845884e-06
ENSG00000163273	6.1900528785070015e-06
ENSG00000282825	6.17609474116239e-06
ENSG00000276021	6.175879980559635e-06
ENSG00000102230	6.174332992004098e-06
ENSG00000010361	6.156900653562233e-06
ENSG00000168515	6.120881654550589e-06
ENSG00000007001	6.119947179024654e-06
ENSG00000107443	6.118231003836449e-06
ENSG00000089876	6.1088388672735005e-06
ENSG00000131732	6.0996004326256e-06
ENSG00000189129	6.087820835570519e-06
ENSG00000285434	6.082299969888135e-06
ENSG00000116857	6.079576198711927e-06
ENSG00000140986	6.076053657765498e-06
ENSG00000147081	6.074373132913791e-06
ENSG00000069509	6.059596047338987e-06
ENSG00000165775	6.0520385061091524e-06
ENSG00000161249	6.0516263354221495e-06
ENSG00000263238	6.050188242523105e-06
ENSG00000071575	6.048884687202333e-06
ENSG00000013288	6.043833595179622e-06
ENSG00000176641	6.039783476296575e-06
ENSG00000054148	6.029591506607011e-06
ENSG00000285390	6.023169797936282e-06
ENSG00000203943	6.022694012330001e-06
ENSG00000147465	6.021957709512422e-06
ENSG00000121769	6.014259778327346e-06
ENSG00000164485	6.008932045435539e-06
ENSG00000282830	5.997211756208385e-06
ENSG00000164076	5.997211756208385e-06
ENSG00000164047	5.995161501465933e-06
ENSG00000169087	5.994192913804564e-06
ENSG00000155962	5.975420831613373e-06
ENSG00000188735	5.9700756771047335e-06
ENSG00000183605	5.965449595075623e-06
ENSG00000182134	5.964647221556396e-06
ENSG00000125246	5.964175385117855e-06
ENSG00000105499	5.958366597569461e-06
ENSG00000196177	5.939995280361236e-06
ENSG00000089050	5.93441600161014e-06
ENSG00000138796	5.930216485887433e-06
ENSG00000038532	5.92411756168695e-06
ENSG00000148218	5.9172666263232396e-06
ENSG00000167531	5.915832300285138e-06
ENSG00000170921	5.911070289327591e-06
ENSG00000174938	5.9033956367008104e-06
ENSG00000173705	5.9033956367008104e-06
ENSG00000126003	5.902874163965374e-06
ENSG00000171772	5.892066691806808e-06
ENSG00000163545	5.891857404131044e-06
ENSG00000091656	5.888038332859415e-06
ENSG00000274437	5.8785704586332e-06
ENSG00000105997	5.877060136416069e-06
ENSG00000282657	5.874873896393881e-06
ENSG00000111879	5.8719338839949146e-06
ENSG00000107372	5.86156983946246e-06
ENSG00000125629	5.859509208655596e-06
ENSG00000076344	5.8458771337302595e-06
ENSG00000134755	5.839606958033951e-06
ENSG00000146530	5.8365689776231754e-06
ENSG00000178163	5.833880949382144e-06
ENSG00000151967	5.828313733191232e-06
ENSG00000284468	5.822139547622167e-06
ENSG00000130948	5.809325491989964e-06
ENSG00000224552	5.803379780919727e-06
ENSG00000090539	5.802592791666386e-06
ENSG00000109099	5.80251990375215e-06
ENSG00000198736	5.799011957212088e-06
ENSG00000146618	5.797453109641724e-06
ENSG00000239697	5.7914813451591125e-06
ENSG00000091129	5.785922263624112e-06
ENSG00000162374	5.784660310560449e-06
ENSG00000167799	5.782932239395888e-06
ENSG00000153132	5.7828283143118105e-06
ENSG00000121690	5.7820662147178525e-06
ENSG00000158806	5.767125266863359e-06
ENSG00000109047	5.759458661167115e-06
ENSG00000147642	5.7585733970676535e-06
ENSG00000239789	5.758035781117315e-06
ENSG00000184635	5.755431007337296e-06
ENSG00000132671	5.749262399491266e-06
ENSG00000102984	5.747375991581919e-06
ENSG00000205838	5.74478993766177e-06
ENSG00000156521	5.734866096060074e-06
ENSG00000168453	5.734633453733333e-06
ENSG00000132386	5.724076169580504e-06
ENSG00000109586	5.723823611908177e-06
ENSG00000166123	5.711085865589531e-06
ENSG00000168890	5.7074882312913134e-06
ENSG00000198502	5.705924026242046e-06
ENSG00000112041	5.698684726054191e-06
ENSG00000215695	5.698130631649067e-06
ENSG00000185187	5.692560295914168e-06
ENSG00000180233	5.690964253168062e-06
ENSG00000112699	5.680943094133823e-06
ENSG00000099992	5.676077716270993e-06
ENSG00000145779	5.675123288505699e-06
ENSG00000187164	5.665700643002667e-06
ENSG00000166387	5.6612154581993815e-06
ENSG00000095539	5.6585123616581865e-06
ENSG00000144893	5.654726623310607e-06
ENSG00000197375	5.654433406245652e-06
ENSG00000198569	5.654433406245652e-06
ENSG00000281309	5.641052715873384e-06
ENSG00000049239	5.635471164560572e-06
ENSG00000099994	5.626960877393196e-06
ENSG00000143179	5.6118890006872464e-06
ENSG00000146066	5.611375243413335e-06
ENSG00000182795	5.610344236051103e-06
ENSG00000275333	5.592225627076813e-06
ENSG00000061455	5.591268229761108e-06
ENSG00000122852	5.588733487473858e-06
ENSG00000163141	5.577178064676431e-06
ENSG00000173918	5.571440564591266e-06
ENSG00000278495	5.568585827130793e-06
ENSG00000197457	5.56605140992897e-06
ENSG00000282854	5.56450701730441e-06
ENSG00000176410	5.558377055472299e-06
ENSG00000175938	5.557600825692197e-06
ENSG00000020129	5.549251388155085e-06
ENSG00000137821	5.540343834599884e-06
ENSG00000277443	5.532323826008096e-06
ENSG00000103021	5.530539387631018e-06
ENSG00000151692	5.516007942219962e-06
ENSG00000278444	5.512335872624634e-06
ENSG00000147596	5.502159954987173e-06
ENSG00000221866	5.493104146756283e-06
ENSG00000181965	5.492313700098605e-06
ENSG00000165655	5.4918287901592305e-06
ENSG00000114923	5.489805784781738e-06
ENSG00000258102	5.4877469387189055e-06
ENSG00000121104	5.486815541454242e-06
ENSG00000187601	5.486766857312209e-06
ENSG00000176428	5.486583021388904e-06
ENSG00000149548	5.485799638356641e-06
ENSG00000155961	5.4853597626522674e-06
ENSG00000277405	5.480411098138187e-06
ENSG00000139278	5.476953343457613e-06
ENSG00000213337	5.468123655615169e-06
ENSG00000151876	5.465656782733739e-06
ENSG00000187682	5.465446189310812e-06
ENSG00000171174	5.46049515589805e-06
ENSG00000037757	5.457793255467958e-06
ENSG00000282838	5.457217330448675e-06
ENSG00000139344	5.454661329882044e-06
ENSG00000128805	5.440979737899962e-06
ENSG00000165215	5.438023470826404e-06
ENSG00000166796	5.437188542759522e-06
ENSG00000283741	5.437181456737365e-06
ENSG00000284869	5.435021601241515e-06
ENSG00000170412	5.430893739406634e-06
ENSG00000133315	5.424831494359573e-06
ENSG00000108602	5.424463460575037e-06
ENSG00000283539	5.415776799219798e-06
ENSG00000128709	5.408387608923178e-06
ENSG00000138336	5.403242324461777e-06
ENSG00000042493	5.400952281066608e-06
ENSG00000243056	5.400740272038045e-06
ENSG00000101746	5.3998638184685265e-06
ENSG00000196981	5.395856328496697e-06
ENSG00000149021	5.392459727845068e-06
ENSG00000138449	5.3823606878097e-06
ENSG00000174915	5.375832237822593e-06
ENSG00000168575	5.373943056721623e-06
ENSG00000168056	5.363935933306548e-06
ENSG00000066248	5.363730152512572e-06
ENSG00000085998	5.362072984784821e-06
ENSG00000163884	5.362047483918102e-06
ENSG00000130881	5.361559728478769e-06
ENSG00000167525	5.3607025624993665e-06
ENSG00000151846	5.356708012489049e-06
ENSG00000189334	5.355769582379522e-06
ENSG00000104450	5.3539321512328485e-06
ENSG00000122642	5.352470634745179e-06
ENSG00000065911	5.346760131842414e-06
ENSG00000160191	5.346752751369896e-06
ENSG00000178605	5.345427228413583e-06
ENSG00000164610	5.344515011595646e-06
ENSG00000084731	5.344213059739665e-06
ENSG00000232040	5.343532131182909e-06
ENSG00000147573	5.341523147595291e-06
ENSG00000233573	5.339195821367179e-06
ENSG00000165886	5.3269064511936135e-06
ENSG00000139410	5.325216560682617e-06
ENSG00000276836	5.322152144086364e-06
ENSG00000132965	5.320185187634118e-06
ENSG00000134905	5.318712100529424e-06
ENSG00000105088	5.310289247266528e-06
ENSG00000133134	5.296238856829677e-06
ENSG00000108961	5.294754576709282e-06
ENSG00000130385	5.287035022891626e-06
ENSG00000177576	5.28344220308551e-06
ENSG00000125967	5.282502631647051e-06
ENSG00000168282	5.274851442730908e-06
ENSG00000172476	5.267281886955921e-06
ENSG00000262145	5.2614000580298165e-06
ENSG00000198513	5.254488365869484e-06
ENSG00000137709	5.251284252820749e-06
ENSG00000169228	5.250124045190459e-06
ENSG00000052850	5.249339953598072e-06
ENSG00000275618	5.246708771765847e-06
ENSG00000108641	5.245182101982073e-06
ENSG00000120324	5.240208785709521e-06
ENSG00000153814	5.23652650739189e-06
ENSG00000128951	5.226299441544081e-06
ENSG00000242114	5.215463923568122e-06
ENSG00000104938	5.215093477073748e-06
ENSG00000078804	5.214662384766982e-06
ENSG00000154080	5.2094835970776005e-06
ENSG00000136197	5.204406267836173e-06
ENSG00000124588	5.1984365723221454e-06
ENSG00000138193	5.189010985387809e-06
ENSG00000132746	5.179700324232478e-06
ENSG00000146243	5.17963310549448e-06
ENSG00000143158	5.169459729089506e-06
ENSG00000159335	5.1656056940276555e-06
ENSG00000276111	5.165584619848538e-06
ENSG00000114544	5.159462934968865e-06
ENSG00000128791	5.1511754955841364e-06
ENSG00000174944	5.147084473916958e-06
ENSG00000288188	5.134952442689417e-06
ENSG00000269096	5.134167805274291e-06
ENSG00000228836	5.134167805274291e-06
ENSG00000175097	5.127774858978981e-06
ENSG00000102393	5.127419896508921e-06
ENSG00000283887	5.126929716651055e-06
ENSG00000144452	5.123502038349669e-06
ENSG00000109208	5.121363623197859e-06
ENSG00000167131	5.119990658279696e-06
ENSG00000138813	5.1133127744322915e-06
ENSG00000125746	5.109480986592543e-06
ENSG00000101417	5.095088517336132e-06
ENSG00000167775	5.094700875761573e-06
ENSG00000198682	5.091236385287773e-06
ENSG00000276615	5.082655209198349e-06
ENSG00000087237	5.082655209198349e-06
ENSG00000125089	5.076563018075551e-06
ENSG00000107249	5.074176873672911e-06
ENSG00000274334	5.072685519437216e-06
ENSG00000171773	5.0710407517478195e-06
ENSG00000060971	5.067983176566158e-06
ENSG00000040731	5.065068670707397e-06
ENSG00000121211	5.064300319112324e-06
ENSG00000171530	5.0638335929040726e-06
ENSG00000131737	5.06212343592317e-06
ENSG00000148120	5.059050141824659e-06
ENSG00000076555	5.0518651852588136e-06
ENSG00000006625	5.0511089597916995e-06
ENSG00000108852	5.0496697260517704e-06
ENSG00000167972	5.032237378427975e-06
ENSG00000134780	5.032237378427975e-06
ENSG00000163072	5.027718069140319e-06
ENSG00000187097	5.025451406751866e-06
ENSG00000171303	5.023957856002605e-06
ENSG00000277804	5.0220416515149655e-06
ENSG00000015413	5.021181569354701e-06
ENSG00000111554	5.018221361538599e-06
ENSG00000115841	5.005610781465984e-06
ENSG00000128285	5.0019005432231105e-06
ENSG00000170298	4.997639757824835e-06
ENSG00000285140	4.972528979876909e-06
ENSG00000163864	4.960691955502696e-06
ENSG00000146858	4.956660211908437e-06
ENSG00000008300	4.954538829578022e-06
ENSG00000130005	4.952851144650609e-06
ENSG00000135108	4.952805576517722e-06
ENSG00000204866	4.948019447229673e-06
ENSG00000188293	4.948019447229673e-06
ENSG00000147251	4.938516067162033e-06
ENSG00000184344	4.932961253967222e-06
ENSG00000169692	4.9323645010470445e-06
ENSG00000155330	4.929856978102544e-06
ENSG00000171428	4.923923736376427e-06
ENSG00000143867	4.920425595740924e-06
ENSG00000174429	4.909066669112466e-06
ENSG00000100053	4.907994105750183e-06
ENSG00000198917	4.899872682708912e-06
ENSG00000188522	4.894340478068978e-06
ENSG00000041988	4.888103533567662e-06
ENSG00000019505	4.863810382573092e-06
ENSG00000144366	4.863202977478005e-06
ENSG00000165996	4.862474158322494e-06
ENSG00000102243	4.8499631418861576e-06
ENSG00000064763	4.848172193492736e-06
ENSG00000165125	4.846403747025204e-06
ENSG00000155256	4.845010547075684e-06
ENSG00000180815	4.837209923753636e-06
ENSG00000127831	4.835179929111995e-06
ENSG00000284598	4.830795177463407e-06
ENSG00000066651	4.828067404008365e-06
ENSG00000126249	4.824454722247109e-06
ENSG00000173482	4.821551393669328e-06
ENSG00000166923	4.806845657612512e-06
ENSG00000241119	4.806475455150005e-06
ENSG00000128394	4.788993357827163e-06
ENSG00000029993	4.782930722879382e-06
ENSG00000133055	4.776689344771228e-06
ENSG00000197381	4.766859832446974e-06
ENSG00000198743	4.766195644231277e-06
ENSG00000170631	4.7641013198596614e-06
ENSG00000186907	4.7501298022629325e-06
ENSG00000177181	4.7374677506350825e-06
ENSG00000132879	4.7344347184010225e-06
ENSG00000196358	4.73021617128361e-06
ENSG00000109113	4.729250895277099e-06
ENSG00000134779	4.726807876432124e-06
ENSG00000121542	4.720339143941232e-06
ENSG00000184207	4.719844188248551e-06
ENSG00000130762	4.7197366089435326e-06
ENSG00000109107	4.717752138741506e-06
ENSG00000198643	4.713553797229689e-06
ENSG00000117400	4.710206472900818e-06
ENSG00000177694	4.706878929204568e-06
ENSG00000140450	4.703752706140813e-06
ENSG00000075275	4.6833223421550134e-06
ENSG00000063176	4.6788405375551225e-06
ENSG00000171298	4.674693306351162e-06
ENSG00000284320	4.670796021382813e-06
ENSG00000123575	4.6664445445187955e-06
ENSG00000125841	4.665830463941176e-06
ENSG00000109814	4.661901045135284e-06
ENSG00000177202	4.651094072649086e-06
ENSG00000278889	4.643013037914313e-06
ENSG00000198570	4.640802344266699e-06
ENSG00000099889	4.638111455043701e-06
ENSG00000288293	4.636525240632772e-06
ENSG00000050344	4.635108773865375e-06
ENSG00000148339	4.6244571658625335e-06
ENSG00000151689	4.611076768899943e-06
ENSG00000243927	4.600271300902596e-06
ENSG00000154639	4.596075840634698e-06
ENSG00000106484	4.59170141385014e-06
ENSG00000108813	4.5881964484853975e-06
ENSG00000133597	4.5790999347943465e-06
ENSG00000124440	4.57275281204512e-06
ENSG00000153558	4.571993909609614e-06
ENSG00000005238	4.564147775380835e-06
ENSG00000132357	4.55701280811394e-06
ENSG00000183255	4.553283652758634e-06
ENSG00000131264	4.544789299046244e-06
ENSG00000226916	4.543989333937424e-06
ENSG00000126545	4.542367870922572e-06
ENSG00000170788	4.532139811633941e-06
ENSG00000106537	4.531266690957208e-06
ENSG00000166111	4.531266690957208e-06
ENSG00000171794	4.527477339599292e-06
ENSG00000006282	4.525091628078874e-06
ENSG00000197168	4.524415292190793e-06
ENSG00000143545	4.521901152772244e-06
ENSG00000155093	4.506685745683777e-06
ENSG00000198720	4.5038240616905325e-06
ENSG00000164620	4.499297581503098e-06
ENSG00000120289	4.495678289846435e-06
ENSG00000134278	4.495565003691861e-06
ENSG00000173868	4.4903060411103525e-06
ENSG00000125434	4.490157909173843e-06
ENSG00000170430	4.485720146249513e-06
ENSG00000169902	4.479315692019338e-06
ENSG00000101695	4.479153829302158e-06
ENSG00000147100	4.478248959585791e-06
ENSG00000124159	4.474916820557273e-06
ENSG00000284120	4.473744681681234e-06
ENSG00000186326	4.472904775092207e-06
ENSG00000067064	4.4710334387207814e-06
ENSG00000059378	4.464687757508278e-06
ENSG00000122335	4.460151131781e-06
ENSG00000128713	4.445743391670612e-06
ENSG00000143942	4.421228722179623e-06
ENSG00000153898	4.408520599072064e-06
ENSG00000197757	4.406939085890491e-06
ENSG00000164221	4.406591451931946e-06
ENSG00000159212	4.405314995502049e-06
ENSG00000176029	4.402807188144184e-06
ENSG00000145022	4.398675530601696e-06
ENSG00000175556	4.396978810977264e-06
ENSG00000285465	4.394543048101445e-06
ENSG00000026297	4.393268332703854e-06
ENSG00000166033	4.38813045512785e-06
ENSG00000104866	4.386195568405401e-06
ENSG00000138308	4.381112648219977e-06
ENSG00000186977	4.3705045141751105e-06
ENSG00000184226	4.363868546790319e-06
ENSG00000101098	4.362662698966151e-06
ENSG00000204946	4.362619603163687e-06
ENSG00000174428	4.36195059159241e-06
ENSG00000135045	4.3572853020744856e-06
ENSG00000172803	4.355672293081905e-06
ENSG00000135469	4.351653081120228e-06
ENSG00000158477	4.341323469725026e-06
ENSG00000130821	4.3364429641244724e-06
ENSG00000274958	4.329484884588555e-06
ENSG00000139946	4.3290819487609404e-06
ENSG00000213689	4.32607096699528e-06
ENSG00000151322	4.324109208243508e-06
ENSG00000065371	4.324092287835521e-06
ENSG00000101577	4.322950787742451e-06
ENSG00000171045	4.319627688113831e-06
ENSG00000281665	4.319221475099148e-06
ENSG00000184731	4.3034669143257185e-06
ENSG00000111049	4.300065783325508e-06
ENSG00000105755	4.2995222364012826e-06
ENSG00000068745	4.294675617021904e-06
ENSG00000134256	4.29384240356963e-06
ENSG00000288504	4.2873077060208025e-06
ENSG00000122863	4.283870739041126e-06
ENSG00000162873	4.282444926695652e-06
ENSG00000128011	4.280525737110173e-06
ENSG00000283882	4.278365161307804e-06
ENSG00000276004	4.278365161307804e-06
ENSG00000280663	4.275775774046358e-06
ENSG00000165376	4.25170255026755e-06
ENSG00000179455	4.242067016740765e-06
ENSG00000162620	4.238134875438347e-06
ENSG00000159723	4.235788639998546e-06
ENSG00000000003	4.235147138104976e-06
ENSG00000163710	4.234461120189271e-06
ENSG00000154174	4.23410109203798e-06
ENSG00000183036	4.22652442838336e-06
ENSG00000186976	4.223898736972364e-06
ENSG00000099957	4.218751415731653e-06
ENSG00000102021	4.210371082754227e-06
ENSG00000103269	4.2090739079234035e-06
ENSG00000166171	4.206719890952967e-06
ENSG00000140557	4.198273115551497e-06
ENSG00000170469	4.190343285089737e-06
ENSG00000012171	4.189556446989459e-06
ENSG00000105612	4.172422071020246e-06
ENSG00000128311	4.169540326425119e-06
ENSG00000076770	4.166083031388974e-06
ENSG00000148459	4.165965803426622e-06
ENSG00000110675	4.159741206977753e-06
ENSG00000171735	4.153863555285186e-06
ENSG00000139714	4.145298155783043e-06
ENSG00000162543	4.137766436672603e-06
ENSG00000101546	4.131009718649065e-06
ENSG00000155368	4.12608321643992e-06
ENSG00000188996	4.125495814834418e-06
ENSG00000143839	4.121485568551592e-06
ENSG00000172057	4.113708293753047e-06
ENSG00000198010	4.11181713468977e-06
ENSG00000166347	4.111122883227438e-06
ENSG00000005893	4.107550612197156e-06
ENSG00000132004	4.104237884101765e-06
ENSG00000124279	4.103088109024875e-06
ENSG00000164743	4.102391479454967e-06
ENSG00000187003	4.1020003766577596e-06
ENSG00000277086	4.0991966947293036e-06
ENSG00000152359	4.096297753114124e-06
ENSG00000130032	4.094385732371772e-06
ENSG00000049769	4.091890768962329e-06
ENSG00000170500	4.08444376567898e-06
ENSG00000099866	4.0822218715848575e-06
ENSG00000248905	4.0758798390299736e-06
ENSG00000140961	4.075804387564053e-06
ENSG00000009765	4.07498306376787e-06
ENSG00000130783	4.068554381238365e-06
ENSG00000144802	4.059836269116828e-06
ENSG00000062582	4.034636064013202e-06
ENSG00000124615	4.0280360725185305e-06
ENSG00000185432	4.02801412233292e-06
ENSG00000169583	4.023749516767779e-06
ENSG00000139531	4.023620504656942e-06
ENSG00000146373	4.013490151738205e-06
ENSG00000159214	4.013188935822679e-06
ENSG00000109762	4.010999117497499e-06
ENSG00000001630	4.000272839290051e-06
ENSG00000169548	3.9922277729160035e-06
ENSG00000145384	3.9833368668821545e-06
ENSG00000213563	3.980738095910306e-06
ENSG00000100243	3.95562566759443e-06
ENSG00000176148	3.9545070042694535e-06
ENSG00000130529	3.952377732527012e-06
ENSG00000142235	3.9339929886639e-06
ENSG00000145945	3.925391617032288e-06
ENSG00000175344	3.92278585472784e-06
ENSG00000125726	3.9136658891272715e-06
ENSG00000198331	3.908681734335812e-06
ENSG00000182463	3.902053122029741e-06
ENSG00000113100	3.896393982373638e-06
ENSG00000116191	3.895573318968429e-06
ENSG00000178445	3.895305464780891e-06
ENSG00000172461	3.890175570957506e-06
ENSG00000284868	3.889726809703818e-06
ENSG00000186998	3.887467783085575e-06
ENSG00000281857	3.886397134713193e-06
ENSG00000154930	3.880395689355267e-06
ENSG00000118418	3.8750003553496635e-06
ENSG00000090975	3.864952344146424e-06
ENSG00000132958	3.86404020368225e-06
ENSG00000166619	3.856346658900054e-06
ENSG00000276537	3.854920254616497e-06
ENSG00000180817	3.841342327921825e-06
ENSG00000143194	3.827021595440939e-06
ENSG00000067221	3.822684957606309e-06
ENSG00000127585	3.816092196348777e-06
ENSG00000164591	3.81320822449548e-06
ENSG00000198798	3.8090658902120947e-06
ENSG00000180543	3.796742917625348e-06
ENSG00000276416	3.7949380562208993e-06
ENSG00000204991	3.7860563998800693e-06
ENSG00000169862	3.783850573684893e-06
ENSG00000182040	3.778548473577036e-06
ENSG00000180822	3.7772313341866754e-06
ENSG00000181826	3.771654301039716e-06
ENSG00000008311	3.7689084094006482e-06
ENSG00000039600	3.757963627448024e-06
ENSG00000151014	3.7543717069652543e-06
ENSG00000166634	3.7472936503766643e-06
ENSG00000011347	3.7388264553667717e-06
ENSG00000148468	3.72815662684716e-06
ENSG00000162366	3.723088421907235e-06
ENSG00000188095	3.6996224682281203e-06
ENSG00000236279	3.6978671355104166e-06
ENSG00000276876	3.6816195198669787e-06
ENSG00000179922	3.672622355037227e-06
ENSG00000198478	3.6708422443518583e-06
ENSG00000262860	3.6677770775449874e-06
ENSG00000154553	3.667012434008161e-06
ENSG00000124120	3.6668883750998837e-06
ENSG00000182791	3.6558649816920695e-06
ENSG00000288292	3.650545926538675e-06
ENSG00000107020	3.6489694867749604e-06
ENSG00000180938	3.6445018166945588e-06
ENSG00000170370	3.64040856662411e-06
ENSG00000198795	3.61716687531755e-06
ENSG00000183023	3.606225811869619e-06
ENSG00000149596	3.606225811869619e-06
ENSG00000235744	3.601335336222487e-06
ENSG00000239457	3.601335336222487e-06
ENSG00000164366	3.596804962592674e-06
ENSG00000110011	3.59300498845513e-06
ENSG00000145029	3.5684504764856177e-06
ENSG00000123179	3.5658779790787244e-06
ENSG00000168904	3.565649087682995e-06
ENSG00000231408	3.5645232437067707e-06
ENSG00000170819	3.558101041688873e-06
ENSG00000178826	3.5487617188030695e-06
ENSG00000119771	3.545943833050159e-06
ENSG00000182566	3.5374913235562334e-06
ENSG00000189337	3.533949712576407e-06
ENSG00000143412	3.533949712576407e-06
ENSG00000196371	3.533781768488148e-06
ENSG00000114023	3.5303051761649123e-06
ENSG00000196860	3.5231685103779007e-06
ENSG00000196754	3.520959570328336e-06
ENSG00000285343	3.514914609076109e-06
ENSG00000198324	3.5073792841272026e-06
ENSG00000213965	3.5056115506006316e-06
ENSG00000138036	3.5011941959296287e-06
ENSG00000274780	3.4993339245349283e-06
ENSG00000197870	3.4953868827142615e-06
ENSG00000279116	3.4953868827142615e-06
ENSG00000198835	3.4953868827142615e-06
ENSG00000198104	3.4953868827142615e-06
ENSG00000109272	3.4953868827142615e-06
ENSG00000103742	3.4953868827142615e-06
ENSG00000137975	3.4953868827142615e-06
ENSG00000165966	3.4953868827142615e-06
ENSG00000180043	3.4953868827142615e-06
ENSG00000178922	3.494057949071423e-06
ENSG00000165863	3.494057949071423e-06
ENSG00000101203	3.494057949071423e-06
ENSG00000003987	3.4863644961993896e-06
ENSG00000143196	3.4797519750698197e-06
ENSG00000165060	3.472464128470891e-06
ENSG00000187244	3.466020665658232e-06
ENSG00000180611	3.459893448715767e-06
ENSG00000187766	3.4523685925066644e-06
ENSG00000147647	3.45030400880159e-06
ENSG00000005486	3.4502766763388415e-06
ENSG00000183696	3.4502599583090125e-06
ENSG00000135960	3.42579760886037e-06
ENSG00000163995	3.380980852031368e-06
ENSG00000112379	3.3787505500248775e-06
ENSG00000109501	3.3760294788828886e-06
ENSG00000214819	3.334942416584905e-06
ENSG00000103145	3.332149627523845e-06
ENSG00000168152	3.328005281238104e-06
ENSG00000121743	3.3187274556444195e-06
ENSG00000006327	3.3168724149748532e-06
ENSG00000124140	3.316554227064144e-06
ENSG00000125851	3.3164918155821124e-06
ENSG00000141744	3.314919061650576e-06
ENSG00000177143	3.313785292906088e-06
ENSG00000147912	3.3116430380827215e-06
ENSG00000111885	3.3065361056386197e-06
ENSG00000274137	3.2895761074856667e-06
ENSG00000263090	3.2729493705563297e-06
ENSG00000162032	3.264561980899816e-06
ENSG00000250722	3.2631855733561105e-06
ENSG00000139737	3.255390918695827e-06
ENSG00000119431	3.250613914965024e-06
ENSG00000176049	3.249888061183345e-06
ENSG00000167971	3.246616301950976e-06
ENSG00000174132	3.2204412539092472e-06
ENSG00000169306	3.21865446181936e-06
ENSG00000139970	3.2086655949726664e-06
ENSG00000174928	3.207267185686043e-06
ENSG00000225614	3.2072420894905207e-06
ENSG00000183336	3.1783409578635814e-06
ENSG00000154478	3.1740022476924933e-06
ENSG00000105996	3.1712559304927746e-06
ENSG00000125834	3.1645935278826796e-06
ENSG00000161973	3.164009900829131e-06
ENSG00000197948	3.152637988154116e-06
ENSG00000180537	3.1433069047362183e-06
ENSG00000275099	3.1362101306444924e-06
ENSG00000188211	3.1351349199383304e-06
ENSG00000101134	3.1243260577812776e-06
ENSG00000105388	3.12072017703123e-06
ENSG00000138764	3.1198949896022645e-06
ENSG00000189060	3.119544101987527e-06
ENSG00000138311	3.117712301731398e-06
ENSG00000054690	3.1172627759289825e-06
ENSG00000145681	3.112080681406702e-06
ENSG00000108700	3.112080681406702e-06
ENSG00000113209	3.102443095466508e-06
ENSG00000121053	3.0976941874608776e-06
ENSG00000164007	3.0890349215149206e-06
ENSG00000203797	3.081093222704742e-06
ENSG00000167701	3.0805518262118143e-06
ENSG00000261986	3.0760415928646406e-06
ENSG00000184828	3.0715996202526206e-06
ENSG00000168781	3.0703169089751077e-06
ENSG00000101443	3.069355070460256e-06
ENSG00000170423	3.0678900897977753e-06
ENSG00000125780	3.064686065501825e-06
ENSG00000170293	3.0627986952347244e-06
ENSG00000103876	3.0627986952347244e-06
ENSG00000165973	3.0627986952347244e-06
ENSG00000204179	3.0627986952347244e-06
ENSG00000206052	3.062223039067913e-06
ENSG00000180219	3.0610587522334665e-06
ENSG00000116675	3.04616077678236e-06
ENSG00000113811	3.0432417359588877e-06
ENSG00000167536	3.0369070083372467e-06
ENSG00000164756	3.036867168530577e-06
ENSG00000214941	3.0305553773455603e-06
ENSG00000141337	3.030397459081686e-06
ENSG00000141458	3.030397459081686e-06
ENSG00000183396	3.0303871489945723e-06
ENSG00000184194	3.029339066735669e-06
ENSG00000117480	3.02796636012964e-06
ENSG00000091536	3.002683900269882e-06
ENSG00000171385	3.001140579048588e-06
ENSG00000164830	2.996191821550823e-06
ENSG00000163749	2.9950901407855e-06
ENSG00000125998	2.994821779022807e-06
ENSG00000131067	2.9934719687462184e-06
ENSG00000184227	2.989353783634893e-06
ENSG00000275003	2.9739928161450955e-06
ENSG00000155026	2.943860341893223e-06
ENSG00000255501	2.941760406017145e-06
ENSG00000172985	2.9266647562031625e-06
ENSG00000132840	2.9257862381578466e-06
ENSG00000221986	2.9233239768085355e-06
ENSG00000161558	2.9214916109518395e-06
ENSG00000275600	2.9214916109518395e-06
ENSG00000048162	2.916343690457973e-06
ENSG00000172009	2.9066726703933433e-06
ENSG00000116031	2.8971842093370304e-06
ENSG00000166831	2.896289342651641e-06
ENSG00000228090	2.8944499516311533e-06
ENSG00000274952	2.8944499516311533e-06
ENSG00000128346	2.892773312447255e-06
ENSG00000131969	2.8789124846362734e-06
ENSG00000182950	2.876651799516651e-06
ENSG00000181026	2.8715422544604434e-06
ENSG00000285226	2.8710411896033457e-06
ENSG00000136147	2.867621748609837e-06
ENSG00000100344	2.8610868073179513e-06
ENSG00000175606	2.856947198208106e-06
ENSG00000196428	2.848991906538314e-06
ENSG00000198934	2.8437529614009847e-06
ENSG00000007062	2.8423286008438713e-06
ENSG00000288250	2.8264305663853956e-06
ENSG00000139974	2.8186867698854658e-06
ENSG00000110881	2.789078191043507e-06
ENSG00000108684	2.789078191043507e-06
ENSG00000163596	2.789078191043507e-06
ENSG00000167700	2.7864996751749073e-06
ENSG00000232641	2.7835143440174155e-06
ENSG00000288269	2.783322012700175e-06
ENSG00000133477	2.7811561279652113e-06
ENSG00000133739	2.7701618826743684e-06
ENSG00000171357	2.769057347123894e-06
ENSG00000227600	2.7661919089534217e-06
ENSG00000242441	2.7661863239911216e-06
ENSG00000186462	2.759699185062022e-06
ENSG00000184330	2.7592276707784245e-06
ENSG00000082196	2.75074703886292e-06
ENSG00000253276	2.7473773729957675e-06
ENSG00000006757	2.7455699268203798e-06
ENSG00000130193	2.7450990195737413e-06
ENSG00000235588	2.7425206247470105e-06
ENSG00000186583	2.7402299420005413e-06
ENSG00000183715	2.7366922685293582e-06
ENSG00000136193	2.729643758862285e-06
ENSG00000147724	2.72215313010478e-06
ENSG00000197079	2.719356102247426e-06
ENSG00000105655	2.7152727392078733e-06
ENSG00000281931	2.7125799632244946e-06
ENSG00000179133	2.7079448255745143e-06
ENSG00000105784	2.699780529322922e-06
ENSG00000213931	2.697481955347728e-06
ENSG00000127863	2.69088686667551e-06
ENSG00000165055	2.6876080029871097e-06
ENSG00000143061	2.6873679330716377e-06
ENSG00000276192	2.6821979431063392e-06
ENSG00000144681	2.6821279352386485e-06
ENSG00000211450	2.679658677783709e-06
ENSG00000174327	2.6747121300720903e-06
ENSG00000050438	2.6734494122135046e-06
ENSG00000014257	2.6717023978072456e-06
ENSG00000136750	2.667168756756211e-06
ENSG00000185813	2.661432239989987e-06
ENSG00000284900	2.6531587134434085e-06
ENSG00000106077	2.651308746969599e-06
ENSG00000183795	2.6474773551585038e-06
ENSG00000273574	2.642071522532074e-06
ENSG00000170927	2.6409465629964425e-06
ENSG00000179029	2.636012774678162e-06
ENSG00000235961	2.6356431415996963e-06
ENSG00000176371	2.6334569177436595e-06
ENSG00000131379	2.626982056577096e-06
ENSG00000275793	2.6258537245145636e-06
ENSG00000174740	2.623686692292953e-06
ENSG00000131069	2.62219515970512e-06
ENSG00000184867	2.6212608159493258e-06
ENSG00000205186	2.6155785670122988e-06
ENSG00000147872	2.6155785670122988e-06
ENSG00000179598	2.612463456917656e-06
ENSG00000242726	2.607735539192458e-06
ENSG00000196581	2.6039776476165543e-06
ENSG00000166669	2.5976452039076272e-06
ENSG00000120158	2.5951826375605886e-06
ENSG00000165072	2.5941975408471795e-06
ENSG00000184492	2.5838440667188367e-06
ENSG00000133874	2.5819900110840607e-06
ENSG00000135069	2.5681081299062683e-06
ENSG00000168824	2.5643588302147477e-06
ENSG00000132874	2.5576342968990363e-06
ENSG00000148842	2.5569323824297472e-06
ENSG00000164403	2.5537610662897992e-06
ENSG00000197181	2.547725658959201e-06
ENSG00000169084	2.546002546612127e-06
ENSG00000197901	2.5433600743083114e-06
ENSG00000119943	2.5433600743083114e-06
ENSG00000184905	2.5421867139562824e-06
ENSG00000278843	2.540327111342333e-06
ENSG00000168754	2.5395120861663535e-06
ENSG00000115919	2.5391693412941392e-06
ENSG00000174950	2.53671962914453e-06
ENSG00000139890	2.5293856375145405e-06
ENSG00000148950	2.5291456272823094e-06
ENSG00000125864	2.5278945547564245e-06
ENSG00000237056	2.526958342166316e-06
ENSG00000124406	2.5232671952471843e-06
ENSG00000186684	2.5130341805784267e-06
ENSG00000136732	2.5086654479625453e-06
ENSG00000283649	2.502212564766718e-06
ENSG00000198178	2.4970111850250737e-06
ENSG00000204128	2.4831196063175427e-06
ENSG00000149260	2.4831196063175427e-06
ENSG00000104635	2.4831196063175427e-06
ENSG00000187595	2.4754684951132077e-06
ENSG00000171476	2.4738868677362826e-06
ENSG00000105711	2.4712303546022908e-06
ENSG00000134802	2.465875721986906e-06
ENSG00000112343	2.4600581799018127e-06
ENSG00000114850	2.4593544351426595e-06
ENSG00000158747	2.457221584988119e-06
ENSG00000114204	2.457221584988119e-06
ENSG00000166394	2.4541777310756946e-06
ENSG00000141504	2.439971315725239e-06
ENSG00000198881	2.4345620370828676e-06
ENSG00000275483	2.4266892611961803e-06
ENSG00000179630	2.414610315581568e-06
ENSG00000203734	2.406503269547334e-06
ENSG00000123892	2.4017650543578364e-06
ENSG00000048342	2.3939785782452074e-06
ENSG00000172350	2.390369463243053e-06
ENSG00000179639	2.3870763355569926e-06
ENSG00000282967	2.3807411244216534e-06
ENSG00000275679	2.3807411244216534e-06
ENSG00000283046	2.3807411244216534e-06
ENSG00000106853	2.3741063642714356e-06
ENSG00000172456	2.3717644198441442e-06
ENSG00000121101	2.367101131444319e-06
ENSG00000186815	2.365714093485843e-06
ENSG00000204634	2.3624371187084353e-06
ENSG00000081181	2.362024004582644e-06
ENSG00000129910	2.3578249553201527e-06
ENSG00000253797	2.3569647234756713e-06
ENSG00000154040	2.356114425615545e-06
ENSG00000164574	2.3555819097968258e-06
ENSG00000166833	2.3469917161020473e-06
ENSG00000121634	2.3463273658873135e-06
ENSG00000189143	2.3463273658873135e-06
ENSG00000183153	2.3463273658873135e-06
ENSG00000262664	2.345685732331482e-06
ENSG00000117154	2.3442471656531935e-06
ENSG00000166450	2.3439055524915048e-06
ENSG00000164309	2.3432044266626674e-06
ENSG00000117245	2.3286712005039973e-06
ENSG00000137941	2.3277233418182817e-06
ENSG00000078487	2.3277233418182817e-06
ENSG00000112137	2.3170639392975076e-06
ENSG00000091490	2.3115342892895167e-06
ENSG00000124568	2.3062625460556396e-06
ENSG00000197208	2.3062625460556396e-06
ENSG00000157150	2.3053109094589956e-06
ENSG00000175137	2.2968280374687914e-06
ENSG00000119411	2.28209758570957e-06
ENSG00000278461	2.2772509098243476e-06
ENSG00000149573	2.2736106489652027e-06
ENSG00000187987	2.264136770650695e-06
ENSG00000182308	2.263790544086161e-06
ENSG00000198832	2.2601120654751196e-06
ENSG00000136371	2.256279954358222e-06
ENSG00000183117	2.2555524305454745e-06
ENSG00000007174	2.2555524305454745e-06
ENSG00000173641	2.25488508003552e-06
ENSG00000131400	2.253584690673771e-06
ENSG00000235758	2.250253951135964e-06
ENSG00000015592	2.247295701422361e-06
ENSG00000153815	2.218483342126055e-06
ENSG00000285053	2.203819835171794e-06
ENSG00000180346	2.1996766528281673e-06
ENSG00000183638	2.193198796552125e-06
ENSG00000104783	2.1900001449162354e-06
ENSG00000162814	2.1740366662340527e-06
ENSG00000188282	2.1699211175271383e-06
ENSG00000144120	2.161958277599766e-06
ENSG00000117226	2.1592924539908145e-06
ENSG00000198889	2.1556799560559695e-06
ENSG00000131831	2.1525202988818853e-06
ENSG00000133401	2.151415309859535e-06
ENSG00000274684	2.1470107574141935e-06
ENSG00000117280	2.1465373190751853e-06
ENSG00000110074	2.1422418430638784e-06
ENSG00000116157	2.1395144141257497e-06
ENSG00000164325	2.1395144141257497e-06
ENSG00000089091	2.13845953363129e-06
ENSG00000168917	2.1373470053043686e-06
ENSG00000149534	2.1308117543274922e-06
ENSG00000141622	2.1260780486955308e-06
ENSG00000205208	2.1231250497630354e-06
ENSG00000262243	2.119931341924484e-06
ENSG00000101940	2.1193340301063837e-06
ENSG00000165272	2.118999548601822e-06
ENSG00000143850	2.1177446069945305e-06
ENSG00000132821	2.113141485888494e-06
ENSG00000185966	2.1067794869637115e-06
ENSG00000105767	2.106157843040774e-06
ENSG00000181007	2.10504813929659e-06
ENSG00000178038	2.1005437413091956e-06
ENSG00000087253	2.0865171475208117e-06
ENSG00000172716	2.0740956532385782e-06
ENSG00000013392	2.073389428375089e-06
ENSG00000162139	2.052673468448225e-06
ENSG00000241822	2.051470730410389e-06
ENSG00000185666	2.0458795569542963e-06
ENSG00000167646	2.0453065604345654e-06
ENSG00000146938	2.0439593832194086e-06
ENSG00000147676	2.029569072763706e-06
ENSG00000180999	2.02718016701244e-06
ENSG00000235132	2.0271570205563463e-06
ENSG00000173320	2.024714533589119e-06
ENSG00000100249	2.0240755217149346e-06
ENSG00000095397	2.023282498569937e-06
ENSG00000282269	2.0191795036707065e-06
ENSG00000275365	2.0157650731165357e-06
ENSG00000215126	2.0154038297742093e-06
ENSG00000229937	2.0119382417736925e-06
ENSG00000165389	2.0117968150144584e-06
ENSG00000157103	2.011237727535932e-06
ENSG00000112981	2.0103383815125805e-06
ENSG00000171643	1.999910878911043e-06
ENSG00000186866	1.999179085993203e-06
ENSG00000141161	1.9936467971849307e-06
ENSG00000106266	1.992297636079907e-06
ENSG00000221821	1.992155761172178e-06
ENSG00000237165	1.9892906193289047e-06
ENSG00000114120	1.988358439287789e-06
ENSG00000166548	1.986615508725429e-06
ENSG00000165182	1.9847009142046385e-06
ENSG00000183828	1.976725777047746e-06
ENSG00000228075	1.965885860331524e-06
ENSG00000163666	1.9602996075718756e-06
ENSG00000100427	1.9602996075718756e-06
ENSG00000285394	1.9592313618719463e-06
ENSG00000160588	1.956954280558289e-06
ENSG00000171236	1.956905123192499e-06
ENSG00000135709	1.9549012086566706e-06
ENSG00000288359	1.9538561821507157e-06
ENSG00000109832	1.953663764476863e-06
ENSG00000145882	1.9436773338363963e-06
ENSG00000129682	1.932710516113065e-06
ENSG00000165495	1.927746197901599e-06
ENSG00000166821	1.926680582540896e-06
ENSG00000198189	1.926680582540896e-06
ENSG00000154175	1.9229453352206983e-06
ENSG00000129538	1.9226490465266447e-06
ENSG00000118473	1.9198121543891207e-06
ENSG00000080819	1.9188387041462046e-06
ENSG00000162341	1.9138768612105866e-06
ENSG00000134627	1.912227043429809e-06
ENSG00000113924	1.90821642000397e-06
ENSG00000263296	1.9053751843802365e-06
ENSG00000198805	1.9030276453898783e-06
ENSG00000145949	1.9030016894275601e-06
ENSG00000064787	1.8965178379159918e-06
ENSG00000161243	1.894781612147503e-06
ENSG00000137880	1.8941168075874433e-06
ENSG00000020577	1.8884906658846435e-06
ENSG00000131389	1.887198513877446e-06
ENSG00000148204	1.8856816073323934e-06
ENSG00000277236	1.8842139610216549e-06
ENSG00000171234	1.8827760771022982e-06
ENSG00000086205	1.881508867523018e-06
ENSG00000205089	1.8683967634860351e-06
ENSG00000119986	1.8637308149529203e-06
ENSG00000125648	1.8599973461673704e-06
ENSG00000162551	1.8557733045926861e-06
ENSG00000212864	1.8468506903194637e-06
ENSG00000229665	1.8468506903194637e-06
ENSG00000184887	1.8313223611522142e-06
ENSG00000138621	1.829890038880963e-06
ENSG00000125409	1.8255857764538968e-06
ENSG00000215915	1.8217130124850054e-06
ENSG00000116667	1.8208815183492811e-06
ENSG00000288399	1.8194548801306389e-06
ENSG00000164304	1.8024616718139206e-06
ENSG00000172927	1.8005072764289742e-06
ENSG00000115457	1.798092489084485e-06
ENSG00000148985	1.7943880756162141e-06
ENSG00000169402	1.7864894925852066e-06
ENSG00000106336	1.7839638975791067e-06
ENSG00000141424	1.782735461822622e-06
ENSG00000284017	1.7787318647825542e-06
ENSG00000177468	1.7778303976706402e-06
ENSG00000198680	1.7761227004296655e-06
ENSG00000125821	1.7602963383093821e-06
ENSG00000026559	1.7595587350960008e-06
ENSG00000167861	1.7528476942536717e-06
ENSG00000103150	1.7421832642599105e-06
ENSG00000124313	1.738705605288225e-06
ENSG00000197658	1.7344843490083362e-06
ENSG00000151778	1.7344843490083362e-06
ENSG00000138823	1.7177528596087582e-06
ENSG00000156009	1.7136455242812244e-06
ENSG00000145358	1.7062576753994785e-06
ENSG00000152503	1.7036760756307495e-06
ENSG00000102007	1.6927185490228165e-06
ENSG00000107551	1.6911847066581717e-06
ENSG00000005243	1.686826081436676e-06
ENSG00000278488	1.6824565569162226e-06
ENSG00000010626	1.677659720283713e-06
ENSG00000166289	1.673010709164688e-06
ENSG00000169989	1.673010709164688e-06
ENSG00000153064	1.6702305529269765e-06
ENSG00000144395	1.666513938807607e-06
ENSG00000140993	1.6556353174651024e-06
ENSG00000161664	1.6529741747849933e-06
ENSG00000134020	1.6507201455341712e-06
ENSG00000103316	1.6497731107715898e-06
ENSG00000288275	1.6491143123322144e-06
ENSG00000274538	1.6486487118079608e-06
ENSG00000158887	1.644047324043541e-06
ENSG00000218336	1.6422144275068796e-06
ENSG00000157368	1.63953380995643e-06
ENSG00000276286	1.638467992745637e-06
ENSG00000137857	1.6076943190636214e-06
ENSG00000171368	1.600556804529105e-06
ENSG00000261857	1.6004228901394589e-06
ENSG00000120708	1.6004228901394589e-06
ENSG00000204967	1.5921585586000873e-06
ENSG00000183479	1.5893788082321158e-06
ENSG00000281123	1.5893788082321158e-06
ENSG00000182902	1.588133224970696e-06
ENSG00000131055	1.5867630576150267e-06
ENSG00000278326	1.5820169052945672e-06
ENSG00000145491	1.5603701106951023e-06
ENSG00000110887	1.54905747677097e-06
ENSG00000282739	1.5478081122392942e-06
ENSG00000101311	1.5474367021837966e-06
ENSG00000136011	1.5441854020983454e-06
ENSG00000164307	1.5436679637558177e-06
ENSG00000163053	1.543567956388458e-06
ENSG00000134986	1.5406317032922033e-06
ENSG00000174963	1.5381156117194115e-06
ENSG00000163975	1.5347037965209514e-06
ENSG00000043514	1.5266947684460444e-06
ENSG00000140043	1.5210711484332115e-06
ENSG00000288149	1.5180524905794742e-06
ENSG00000121236	1.517439739746103e-06
ENSG00000105583	1.5146636226804957e-06
ENSG00000188394	1.5146636226804957e-06
ENSG00000172780	1.5130562216767517e-06
ENSG00000143845	1.512116874455098e-06
ENSG00000274935	1.5101608006066417e-06
ENSG00000274671	1.5068064639428016e-06
ENSG00000006016	1.504228469042438e-06
ENSG00000134198	1.4920376280420831e-06
ENSG00000154359	1.4851280387938408e-06
ENSG00000282937	1.475932881677364e-06
ENSG00000137266	1.4711892753727345e-06
ENSG00000123643	1.4711892753727345e-06
ENSG00000146072	1.4704041108189091e-06
ENSG00000204856	1.4537358270823172e-06
ENSG00000187627	1.4431200954158463e-06
ENSG00000138772	1.4300614516461262e-06
ENSG00000204653	1.423052242293902e-06
ENSG00000136274	1.4204949342727646e-06
ENSG00000167914	1.4178933817409014e-06
ENSG00000164197	1.4165093688118942e-06
ENSG00000137707	1.410169361343289e-06
ENSG00000171970	1.4076651473292758e-06
ENSG00000157578	1.4076651473292758e-06
ENSG00000013297	1.4044269041408559e-06
ENSG00000087008	1.4024875277568137e-06
ENSG00000196812	1.3987686992587348e-06
ENSG00000105519	1.3911989225201943e-06
ENSG00000115295	1.381202366487251e-06
ENSG00000263163	1.377297819983909e-06
ENSG00000162975	1.367982386119172e-06
ENSG00000197142	1.3638962991725586e-06
ENSG00000103647	1.3621958459068793e-06
ENSG00000160505	1.342687125810462e-06
ENSG00000103227	1.340392897712759e-06
ENSG00000196990	1.3396306353125165e-06
ENSG00000136531	1.33931829914076e-06
ENSG00000114547	1.3352729799394244e-06
ENSG00000139835	1.325118226351382e-06
ENSG00000231314	1.317299221469099e-06
ENSG00000163630	1.312696060496654e-06
ENSG00000196275	1.3043717464276364e-06
ENSG00000128965	1.304218560651361e-06
ENSG00000144406	1.3035110506632365e-06
ENSG00000135378	1.303502783602575e-06
ENSG00000109089	1.3017899223290008e-06
ENSG00000185215	1.3001703781511786e-06
ENSG00000127774	1.293646334150115e-06
ENSG00000171433	1.2935150593904162e-06
ENSG00000123454	1.2916324363177817e-06
ENSG00000283085	1.286905181374248e-06
ENSG00000160097	1.2838670866952492e-06
ENSG00000215269	1.2817002965182848e-06
ENSG00000121316	1.2817002965182848e-06
ENSG00000122873	1.2705867535713242e-06
ENSG00000175183	1.270053494940937e-06
ENSG00000187017	1.2631592740981316e-06
ENSG00000054938	1.2579497934788073e-06
ENSG00000181619	1.252601249342855e-06
ENSG00000163536	1.2456249575061498e-06
ENSG00000156414	1.2349674526348994e-06
ENSG00000101236	1.2298624788286298e-06
ENSG00000114805	1.2233338033810387e-06
ENSG00000053438	1.2165071716387975e-06
ENSG00000285482	1.2128290160651746e-06
ENSG00000110660	1.2128290160651746e-06
ENSG00000135916	1.2125109824505987e-06
ENSG00000198088	1.2037552510932516e-06
ENSG00000139438	1.2033010971777004e-06
ENSG00000144063	1.200761910294294e-06
ENSG00000165521	1.198358268308896e-06
ENSG00000158966	1.198358268308896e-06
ENSG00000171813	1.1982177424516467e-06
ENSG00000256618	1.1973120203063004e-06
ENSG00000175287	1.1960403963981564e-06
ENSG00000143167	1.1960403963981564e-06
ENSG00000131459	1.1960403963981564e-06
ENSG00000288118	1.188509727102226e-06
ENSG00000168916	1.1866688559674971e-06
ENSG00000278243	1.181090802268765e-06
ENSG00000157653	1.1807780092765886e-06
ENSG00000171492	1.1773065856586568e-06
ENSG00000054179	1.1772086763111373e-06
ENSG00000187516	1.1729323053976354e-06
ENSG00000198855	1.1729323053976354e-06
ENSG00000126878	1.1727742369326135e-06
ENSG00000167588	1.1686746883337585e-06
ENSG00000169509	1.1686746883337585e-06
ENSG00000262749	1.1661698835926182e-06
ENSG00000168743	1.1628625954912292e-06
ENSG00000175489	1.159422143088671e-06
ENSG00000276184	1.1571064340872657e-06
ENSG00000151364	1.1564848931601132e-06
ENSG00000179168	1.1556366959758866e-06
ENSG00000213186	1.138213376487705e-06
ENSG00000175946	1.131520329734334e-06
ENSG00000186526	1.128376713677424e-06
ENSG00000086289	1.12392496879101e-06
ENSG00000134775	1.12392496879101e-06
ENSG00000111181	1.120094263054882e-06
ENSG00000166183	1.118077237718821e-06
ENSG00000122644	1.1153138011141963e-06
ENSG00000275031	1.113991689588388e-06
ENSG00000068724	1.113991689588388e-06
ENSG00000196431	1.1132779819050027e-06
ENSG00000124602	1.1024656985995298e-06
ENSG00000184954	1.0993341789813034e-06
ENSG00000171885	1.0978546208670204e-06
ENSG00000165323	1.0976966121264392e-06
ENSG00000215045	1.0953107835322331e-06
ENSG00000112053	1.0878683463339463e-06
ENSG00000284290	1.084812390609703e-06
ENSG00000042832	1.0797786138667631e-06
ENSG00000288297	1.0774993894885602e-06
ENSG00000155428	1.0754027042770674e-06
ENSG00000173210	1.0724682721159423e-06
ENSG00000273494	1.068687844070566e-06
ENSG00000185046	1.066227969127884e-06
ENSG00000109771	1.066227969127884e-06
ENSG00000138115	1.0590734436211467e-06
ENSG00000102683	1.05765502439353e-06
ENSG00000103196	1.0537582549374575e-06
ENSG00000177990	1.0520163409449773e-06
ENSG00000172260	1.0492315023385417e-06
ENSG00000139291	1.0471718589219266e-06
ENSG00000141873	1.0471718589219266e-06
ENSG00000183067	1.0407099732770807e-06
ENSG00000158825	1.0407099732770807e-06
ENSG00000150667	1.0326434232899815e-06
ENSG00000120669	1.025473730424622e-06
ENSG00000169418	1.023910252567926e-06
ENSG00000166920	1.0147872043396542e-06
ENSG00000176720	1.0146749409661488e-06
ENSG00000158716	1.014405890745004e-06
ENSG00000145198	1.0062722610826855e-06
ENSG00000095713	1.0045334280576196e-06
ENSG00000131203	1.0022311008444712e-06
ENSG00000198075	9.979627576814066e-07
ENSG00000005187	9.97722461769542e-07
ENSG00000146926	9.964959506407292e-07
ENSG00000114021	9.883985788008176e-07
ENSG00000278220	9.866243923012004e-07
ENSG00000185267	9.852327683901732e-07
ENSG00000274611	9.814956375558186e-07
ENSG00000088970	9.769935740718575e-07
ENSG00000124299	9.744946762032747e-07
ENSG00000086544	9.644272367908037e-07
ENSG00000088727	9.638036569311466e-07
ENSG00000104381	9.635460403563886e-07
ENSG00000153721	9.514809978134048e-07
ENSG00000170748	9.444695692134406e-07
ENSG00000168930	9.412826811579843e-07
ENSG00000100099	9.387999959015882e-07
ENSG00000128309	9.32743394636551e-07
ENSG00000188517	9.31518391118555e-07
ENSG00000078596	9.31518391118555e-07
ENSG00000105982	9.31518391118555e-07
ENSG00000183775	9.31518391118555e-07
ENSG00000087495	9.276545866224761e-07
ENSG00000235194	9.276545866224761e-07
ENSG00000074276	9.124867547942798e-07
ENSG00000258659	9.096978985159458e-07
ENSG00000274145	9.055675244288496e-07
ENSG00000124257	9.006621600983646e-07
ENSG00000256762	9.006314382208838e-07
ENSG00000167065	8.966785013601323e-07
ENSG00000140931	8.94627398403377e-07
ENSG00000149489	8.913375977787257e-07
ENSG00000197889	8.903609056300184e-07
ENSG00000132972	8.89064828264555e-07
ENSG00000162571	8.871742245817936e-07
ENSG00000105552	8.857007329857734e-07
ENSG00000223494	8.844103832412823e-07
ENSG00000149292	8.822738626596617e-07
ENSG00000132481	8.793721405985576e-07
ENSG00000092377	8.781094459744848e-07
ENSG00000124557	8.763202202464959e-07
ENSG00000196862	8.763202202464959e-07
ENSG00000237172	8.753318788524953e-07
ENSG00000016490	8.753318788524953e-07
ENSG00000282992	8.753318788524953e-07
ENSG00000166930	8.753318788524953e-07
ENSG00000106258	8.736136103130342e-07
ENSG00000277481	8.715327625488804e-07
ENSG00000159527	8.68209099640145e-07
ENSG00000102897	8.677121489572001e-07
ENSG00000155890	8.622002225642146e-07
ENSG00000151012	8.615165727560946e-07
ENSG00000198908	8.613379259482001e-07
ENSG00000166402	8.610050545338406e-07
ENSG00000169991	8.592676263937736e-07
ENSG00000133665	8.543933498130574e-07
ENSG00000099377	8.453723349459051e-07
ENSG00000119125	8.375546144721553e-07
ENSG00000145692	8.289727553931278e-07
ENSG00000184164	8.172581848718577e-07
ENSG00000066697	8.172581848718577e-07
ENSG00000148344	8.158962803000973e-07
ENSG00000170439	8.136902911484359e-07
ENSG00000176771	8.0890253186977e-07
ENSG00000285516	8.001694191941918e-07
ENSG00000109625	7.992772591485027e-07
ENSG00000073067	7.992772591485027e-07
ENSG00000111110	7.951726034860103e-07
ENSG00000140905	7.935905936317989e-07
ENSG00000276464	7.935905936317989e-07
ENSG00000162174	7.935905936317989e-07
ENSG00000187024	7.928353163107418e-07
ENSG00000169122	7.922987209183185e-07
ENSG00000162755	7.892697849454998e-07
ENSG00000144191	7.865173488952156e-07
ENSG00000066735	7.865173488952156e-07
ENSG00000185962	7.855113373495374e-07
ENSG00000147127	7.855113373495374e-07
ENSG00000130957	7.811420178286061e-07
ENSG00000196793	7.767325788600892e-07
ENSG00000188761	7.748585151708008e-07
ENSG00000275779	7.677518899693455e-07
ENSG00000144199	7.634186074468745e-07
ENSG00000204403	7.6223180517275e-07
ENSG00000168925	7.576410877879707e-07
ENSG00000119900	7.50473530613317e-07
ENSG00000276761	7.345454110179589e-07
ENSG00000167644	7.345454110179589e-07
ENSG00000276358	7.338649826603558e-07
ENSG00000130035	7.315359729338079e-07
ENSG00000184515	7.282993266803128e-07
ENSG00000182362	7.2756766364354e-07
ENSG00000135374	7.249648551718704e-07
ENSG00000283852	7.229551018493821e-07
ENSG00000271303	7.140708271814147e-07
ENSG00000163755	7.108989374322258e-07
ENSG00000167797	7.081579866012213e-07
ENSG00000205362	6.903783546825433e-07
ENSG00000123989	6.85887697591705e-07
ENSG00000153165	6.68696433956116e-07
ENSG00000157884	6.659320034971557e-07
ENSG00000164114	6.641886929841171e-07
ENSG00000142405	6.354986155293918e-07
ENSG00000070601	6.22711908100703e-07
ENSG00000260691	6.22711908100703e-07
ENSG00000072195	6.077418412301571e-07
ENSG00000100079	6.059689445523067e-07
ENSG00000169344	6.059689445523067e-07
ENSG00000160282	5.914139819517785e-07
ENSG00000173769	5.851743970336173e-07
ENSG00000167210	5.769605882068959e-07
ENSG00000135750	5.761909107268187e-07
ENSG00000137449	5.475108269187184e-07
ENSG00000173638	5.390529158149575e-07
ENSG00000152595	5.24430434007437e-07
ENSG00000100418	5.156428078140256e-07
ENSG00000072657	5.154363711321263e-07
ENSG00000139637	4.96021714204942e-07
ENSG00000167037	4.69452921247232e-07
ENSG00000275214	4.2612398842636014e-07
ENSG00000125492	4.199032728487612e-07
ENSG00000161055	0.0
ENSG00000019169	0.0
ENSG00000164265	0.0
ENSG00000139899	0.0
ENSG00000102924	0.0
ENSG00000236625	0.0
ENSG00000226560	0.0
ENSG00000282424	0.0
ENSG00000282584	0.0
ENSG00000182230	0.0
ENSG00000170074	0.0
ENSG00000102466	0.0
ENSG00000196876	0.0
ENSG00000188393	0.0
ENSG00000256797	0.0
