GeneNames	Score
ENSG00000168036	0.005609619802875197
ENSG00000146648	0.005295759333870324
ENSG00000141510	0.003752818244921787
ENSG00000100393	0.0024265321040907346
ENSG00000136997	0.0023333812714216827
ENSG00000188612	0.0018986831479018934
ENSG00000173039	0.0018942855468864713
ENSG00000116478	0.0016759756191782457
ENSG00000130726	0.0016359354924992374
ENSG00000156076	0.0015781119597137734
ENSG00000091831	0.0015582737638085544
ENSG00000115414	0.0015445671785041344
ENSG00000142208	0.0014912223832551275
ENSG00000145675	0.0014309280257016582
ENSG00000177885	0.001410996573582782
ENSG00000166949	0.001386316352523603
ENSG00000165029	0.0013708925068906953
ENSG00000100603	0.0013003344766212939
ENSG00000103490	0.001286631970027807
ENSG00000085741	0.0012386477407229763
ENSG00000080824	0.0012174965803119645
ENSG00000162692	0.0012066473343473921
ENSG00000177606	0.0011996642792387671
ENSG00000127191	0.0011611193616388137
ENSG00000001626	0.0011510958393451103
ENSG00000144452	0.0011365147143529398
ENSG00000096401	0.0011336963200165697
ENSG00000197122	0.0011155816388571417
ENSG00000081138	0.0011016020892399558
ENSG00000169083	0.0010840809637790727
ENSG00000141646	0.001075058660580434
ENSG00000005339	0.0010653676935865966
ENSG00000064012	0.001042232583637512
ENSG00000181163	0.0010236472504042934
ENSG00000269335	0.0010211674340569136
ENSG00000116030	0.0010127246578088653
ENSG00000115966	0.0009705454277251637
ENSG00000129521	0.0009533154038562219
ENSG00000004487	0.0009492218218930484
ENSG00000135679	0.0009464330468426733
ENSG00000166913	0.0009443248347350222
ENSG00000094916	0.0009390019326850565
ENSG00000111640	0.0009342009411632703
ENSG00000196591	0.0009279160527941224
ENSG00000133884	0.0009135817222418848
ENSG00000175387	0.0009090245569405686
ENSG00000103275	0.0008898776141757999
ENSG00000175104	0.0008686800296532781
ENSG00000134352	0.000867555538846898
ENSG00000012048	0.0008571036412819087
ENSG00000140009	0.0008501824745169789
ENSG00000182968	0.0008496406011609276
ENSG00000082701	0.0008439700797531894
ENSG00000183421	0.000843708449661293
ENSG00000109320	0.0008436268310901469
ENSG00000112655	0.0008415081494287515
ENSG00000118690	0.0008346307613680313
ENSG00000132155	0.0008338121449272323
ENSG00000166167	0.0008334870888333321
ENSG00000121879	0.0008246172497468276
ENSG00000100030	0.0008225227622776277
ENSG00000232810	0.0008208906857292825
ENSG00000104365	0.0008183077839660928
ENSG00000139687	0.0008176058097857295
ENSG00000046774	0.0008172285245561813
ENSG00000143575	0.0008131155390545695
ENSG00000204967	0.0008116998445479982
ENSG00000170293	0.0008107150594501486
ENSG00000162591	0.0008107150594501486
ENSG00000092758	0.0008107150594501486
ENSG00000166135	0.0008033585778595524
ENSG00000168610	0.0007984030846345652
ENSG00000154764	0.0007876031376116879
ENSG00000213341	0.0007858655829839192
ENSG00000171791	0.0007854009688690097
ENSG00000159692	0.000782535250044366
ENSG00000164924	0.0007749437351537378
ENSG00000163631	0.0007613222438922674
ENSG00000183579	0.00075571350517093
ENSG00000166333	0.0007492804238076189
ENSG00000114251	0.0007425781667934767
ENSG00000067182	0.0007329619524634696
ENSG00000039068	0.0007322871622072234
ENSG00000148400	0.0007259196704835511
ENSG00000169398	0.0007236674706944255
ENSG00000185591	0.0007129253901603038
ENSG00000143799	0.000708743258885645
ENSG00000123374	0.0007086822923081094
ENSG00000134982	0.0007067808463005535
ENSG00000173226	0.0007054522343520412
ENSG00000087586	0.0007043649782329358
ENSG00000147403	0.0007007820422152887
ENSG00000102882	0.0006944653588274178
ENSG00000137275	0.0006908974812351442
ENSG00000096384	0.0006903869197341782
ENSG00000100644	0.0006894151025815493
ENSG00000153187	0.0006843101471084919
ENSG00000147601	0.0006752728883269814
ENSG00000137693	0.0006613813587873665
ENSG00000183207	0.0006613092389985959
ENSG00000157764	0.0006585257918385527
ENSG00000127616	0.0006527481194257407
ENSG00000100345	0.0006460625480870521
ENSG00000141480	0.0006450715157548352
ENSG00000105647	0.0006401456735027936
ENSG00000196924	0.0006323050001201718
ENSG00000131981	0.0006308513132379664
ENSG00000185920	0.0006279960660419097
ENSG00000132646	0.0006225506647953007
ENSG00000038427	0.0006224758349326157
ENSG00000128052	0.0006176278248515475
ENSG00000106799	0.0006102261654184012
ENSG00000167862	0.0006042937579521471
ENSG00000184216	0.0006030281364789895
ENSG00000109971	0.0006010515896905112
ENSG00000132170	0.0006008221606834363
ENSG00000141736	0.0005988711444582882
ENSG00000118137	0.0005950802673905806
ENSG00000136869	0.0005931168372050767
ENSG00000137462	0.000589619942503266
ENSG00000158480	0.0005871157876066695
ENSG00000205937	0.000585942833650638
ENSG00000087245	0.0005858302957945375
ENSG00000076242	0.0005836923978206067
ENSG00000131759	0.0005827159847862732
ENSG00000113558	0.0005793656235947501
ENSG00000167770	0.000572292082379439
ENSG00000065526	0.0005716825749723126
ENSG00000171720	0.0005688955864986536
ENSG00000073282	0.0005685881806155643
ENSG00000062822	0.000566459758534999
ENSG00000142192	0.0005592391850957314
ENSG00000069956	0.0005585723332222249
ENSG00000081059	0.0005558216990659177
ENSG00000105976	0.0005481586589325923
ENSG00000149968	0.0005461838442447961
ENSG00000172531	0.0005443981785944269
ENSG00000103126	0.0005434881697137846
ENSG00000122565	0.0005388514280463958
ENSG00000102119	0.0005355981123620563
ENSG00000165731	0.0005353369713443105
ENSG00000156970	0.0005351899994450258
ENSG00000112062	0.0005342452272795613
ENSG00000124181	0.0005334527066891758
ENSG00000107643	0.0005315310352048656
ENSG00000110395	0.0005301654551429408
ENSG00000168646	0.0005299650102843691
ENSG00000113580	0.0005277976413138586
ENSG00000111711	0.0005271256108516723
ENSG00000198898	0.0005245550483838348
ENSG00000169679	0.0005235679412219117
ENSG00000105568	0.0005228848647192896
ENSG00000168214	0.0005226118160757492
ENSG00000101266	0.000522185107153335
ENSG00000164690	0.0005205963353734142
ENSG00000134086	0.0005201523144653135
ENSG00000161011	0.0005195292916935038
ENSG00000128513	0.0005187864945513801
ENSG00000170345	0.0005187297672724768
ENSG00000135341	0.0005186683812113489
ENSG00000075624	0.0005143580241810546
ENSG00000101945	0.0005129365444166031
ENSG00000167244	0.0005125120381676242
ENSG00000179218	0.0005121841975946263
ENSG00000188486	0.0005105455725756318
ENSG00000068078	0.0005049477850612368
ENSG00000174720	0.000504210345845129
ENSG00000133703	0.0005023454475648218
ENSG00000168040	0.0005020472973337323
ENSG00000160691	0.0005017129029555505
ENSG00000055732	0.000501690557841232
ENSG00000166851	0.000501101584239948
ENSG00000113575	0.0005001274898313792
ENSG00000134202	0.0004999423629211316
ENSG00000198121	0.0004970530620727746
ENSG00000114450	0.0004965299280849813
ENSG00000139292	0.0004961617855600586
ENSG00000096717	0.0004935262880859072
ENSG00000170027	0.0004927437778961764
ENSG00000082898	0.0004922005393213929
ENSG00000169429	0.0004905561075151145
ENSG00000213639	0.000490462844292109
ENSG00000179295	0.000489967459361555
ENSG00000183386	0.0004898661394267545
ENSG00000183770	0.000489576582148946
ENSG00000137486	0.00048697468321607236
ENSG00000285109	0.00048620616140659207
ENSG00000105664	0.00048531909997852167
ENSG00000169067	0.0004830439154189206
ENSG00000072803	0.000481688586494533
ENSG00000179364	0.0004816662778570282
ENSG00000146674	0.0004780602639811906
ENSG00000185024	0.00047715736042626357
ENSG00000166848	0.00047681986919146226
ENSG00000168496	0.0004762137279205674
ENSG00000115415	0.0004761970850300815
ENSG00000128342	0.0004751107907666355
ENSG00000197498	0.00047338548214384595
ENSG00000144381	0.0004719729025713716
ENSG00000138795	0.00047062112373910545
ENSG00000134308	0.0004696144656813054
ENSG00000118260	0.00046917654431222796
ENSG00000121858	0.0004689767740024396
ENSG00000026025	0.0004675061126175719
ENSG00000157349	0.0004674824135606485
ENSG00000196611	0.00046545760880580916
ENSG00000104332	0.0004642772688650582
ENSG00000125845	0.0004622168094343636
ENSG00000206075	0.0004620287185174398
ENSG00000147677	0.00046144376153697326
ENSG00000184486	0.00046067995541038365
ENSG00000115380	0.0004599275188275206
ENSG00000164161	0.00045934290447869524
ENSG00000147649	0.0004580931129552402
ENSG00000149311	0.00045466825197729084
ENSG00000113140	0.00045435826031434194
ENSG00000186350	0.0004539066409681286
ENSG00000100625	0.0004528967378988133
ENSG00000239672	0.000451720218017934
ENSG00000196616	0.00045136776438962727
ENSG00000089685	0.0004501168963409481
ENSG00000096968	0.0004498561714052892
ENSG00000124762	0.0004489339657981435
ENSG00000175426	0.00044879992841391925
ENSG00000091513	0.0004487017146227133
ENSG00000120693	0.0004474378312636769
ENSG00000116977	0.00044589578092248946
ENSG00000124214	0.0004434828788741383
ENSG00000117461	0.00044262840367793806
ENSG00000175602	0.00044241699318940236
ENSG00000036257	0.0004392790863351877
ENSG00000112559	0.0004386141050224755
ENSG00000135486	0.00043860163622372686
ENSG00000186298	0.0004380948863550076
ENSG00000077150	0.0004374947820936873
ENSG00000070770	0.0004373326150701549
ENSG00000183735	0.00043732236752656075
ENSG00000101665	0.0004368095380852379
ENSG00000004975	0.0004360314105257404
ENSG00000094631	0.0004348360996796477
ENSG00000140464	0.0004335123787849023
ENSG00000095002	0.0004328493475195334
ENSG00000128591	0.00043166974213963233
ENSG00000141738	0.0004302700060165541
ENSG00000087088	0.0004290845705143485
ENSG00000010810	0.0004285267994138484
ENSG00000105974	0.00042796500983454836
ENSG00000100906	0.00042770045363205
ENSG00000125726	0.00042740425985486353
ENSG00000101558	0.00042604789917987887
ENSG00000148737	0.0004258695330465774
ENSG00000097007	0.00042575173476877467
ENSG00000188994	0.0004256429540134809
ENSG00000198691	0.0004256240285354907
ENSG00000221867	0.00042556639630384775
ENSG00000101412	0.00042510845570383485
ENSG00000121022	0.0004241637751162345
ENSG00000143437	0.0004234357832875368
ENSG00000109321	0.00042341164202674107
ENSG00000162552	0.000423256295451851
ENSG00000189403	0.0004228005878929208
ENSG00000125398	0.0004208253675612712
ENSG00000136238	0.0004203728464263418
ENSG00000117528	0.00041904647275722195
ENSG00000170312	0.00041756518202139026
ENSG00000138772	0.00041721709980567517
ENSG00000276536	0.000416373658945234
ENSG00000196781	0.000415979484749984
ENSG00000136436	0.0004153035549170942
ENSG00000167004	0.00041528285492707553
ENSG00000006071	0.00041410085379644217
ENSG00000172216	0.00041313916488115607
ENSG00000101367	0.0004129713375511217
ENSG00000173805	0.00041286800047638336
ENSG00000213281	0.0004128446036240797
ENSG00000171552	0.0004124935301141279
ENSG00000147162	0.000412209682792793
ENSG00000183072	0.0004117050103517452
ENSG00000120889	0.00041112742559958624
ENSG00000077782	0.00041085265595401584
ENSG00000187323	0.0004102762628643302
ENSG00000113721	0.000410065984206146
ENSG00000185236	0.0004100157073561751
ENSG00000104783	0.00040880756098521994
ENSG00000178573	0.0004082494491625869
ENSG00000107404	0.00040790901104878626
ENSG00000151388	0.0004073416736960236
ENSG00000135316	0.000404517375473691
ENSG00000141568	0.00040443024693019667
ENSG00000165280	0.00040194748407360655
ENSG00000163520	0.00040179192313548014
ENSG00000102871	0.0004011492084227263
ENSG00000144857	0.0004005218185467559
ENSG00000166266	0.0004004535010355789
ENSG00000152430	0.00039937370862482
ENSG00000055130	0.0003984730569286137
ENSG00000092439	0.00039768501756672666
ENSG00000185559	0.0003975880087979707
ENSG00000115904	0.00039681432432217155
ENSG00000137804	0.0003965704679763455
ENSG00000196504	0.00039634775508235907
ENSG00000133110	0.000396324550590869
ENSG00000118217	0.00039607534188703926
ENSG00000177889	0.0003957723140154706
ENSG00000102265	0.000395381074532241
ENSG00000150093	0.00039427278611716044
ENSG00000078061	0.0003941104298434099
ENSG00000141027	0.00039330957714632866
ENSG00000167193	0.0003926216918462804
ENSG00000204217	0.0003916146429242257
ENSG00000145423	0.00039111930167263386
ENSG00000182944	0.00039097793162085797
ENSG00000160179	0.0003898898898340692
ENSG00000164163	0.00038970768518118077
ENSG00000162735	0.0003896669323089091
ENSG00000070729	0.00038948159571663423
ENSG00000172936	0.0003889844481768847
ENSG00000070831	0.0003886614375664608
ENSG00000243678	0.0003884963205679298
ENSG00000136352	0.0003883045086491306
ENSG00000131018	0.00038696340641157224
ENSG00000161955	0.0003868173826555921
ENSG00000026103	0.000386147048797291
ENSG00000178919	0.0003859006123920591
ENSG00000176678	0.0003856343340192961
ENSG00000166501	0.0003856008788772366
ENSG00000124882	0.0003855172436599353
ENSG00000111275	0.00038546922514907494
ENSG00000170606	0.0003854115858754902
ENSG00000153922	0.00038439372654549056
ENSG00000104884	0.00038363283007761235
ENSG00000164761	0.00038211184912297324
ENSG00000102125	0.0003815551384931851
ENSG00000168769	0.00038039923768125577
ENSG00000101146	0.00038016958272351004
ENSG00000196628	0.00038009648543703455
ENSG00000143612	0.0003797212698402597
ENSG00000112319	0.0003777146077660928
ENSG00000100985	0.0003775544228932314
ENSG00000173801	0.000377543047034437
ENSG00000089225	0.0003775154563661849
ENSG00000139842	0.0003772115599383075
ENSG00000073756	0.0003771615147587201
ENSG00000124207	0.0003766878972047383
ENSG00000067560	0.0003766333793685117
ENSG00000114353	0.0003763899133043465
ENSG00000089289	0.000375494907676575
ENSG00000135446	0.00037498960399176285
ENSG00000088986	0.00037473830061906903
ENSG00000111653	0.00037415234218180377
ENSG00000179776	0.0003740244754458548
ENSG00000051382	0.00037351655232267675
ENSG00000174371	0.000373491950771976
ENSG00000128245	0.00037259601256421014
ENSG00000079999	0.00037158237884351886
ENSG00000117713	0.0003707968111075375
ENSG00000140575	0.0003706695821257315
ENSG00000284915	0.00036937117661920885
ENSG00000162434	0.00036879049388252697
ENSG00000125378	0.0003686676693739097
ENSG00000164305	0.00036848974157070675
ENSG00000107159	0.000367220323443101
ENSG00000106483	0.0003670440525693923
ENSG00000183765	0.00036621684365759153
ENSG00000161203	0.00036614345725422687
ENSG00000112096	0.00036597919666002496
ENSG00000101680	0.00036528565566665554
ENSG00000154589	0.000365023833037058
ENSG00000185359	0.00036472115428566544
ENSG00000091428	0.0003623672375530303
ENSG00000161800	0.00036227723372516676
ENSG00000113916	0.0003617507090712201
ENSG00000104689	0.000361498528044976
ENSG00000150637	0.0003609826060415543
ENSG00000268606	0.00036088782449644047
ENSG00000167986	0.00036007247093830335
ENSG00000141367	0.0003594975745487347
ENSG00000185269	0.0003594509030512146
ENSG00000197386	0.0003594445644507458
ENSG00000173208	0.00035919586668602837
ENSG00000148773	0.00035913025370224496
ENSG00000109458	0.00035869413159116977
ENSG00000136235	0.0003585960618378177
ENSG00000155438	0.0003579523485549682
ENSG00000152402	0.0003576676752595821
ENSG00000163565	0.00035751702127000725
ENSG00000010278	0.0003572578073579989
ENSG00000167553	0.0003569609373450711
ENSG00000115919	0.0003569315792148069
ENSG00000119042	0.000356638939034675
ENSG00000023839	0.00035644760770523935
ENSG00000050748	0.00035623523585567965
ENSG00000119684	0.00035620326529480005
ENSG00000127337	0.00035598427043457534
ENSG00000137203	0.00035570318315814844
ENSG00000162631	0.00035531907671002396
ENSG00000171956	0.0003548987643810341
ENSG00000169032	0.00035487199903627687
ENSG00000057468	0.0003548486761604082
ENSG00000184304	0.0003545212245664921
ENSG00000154262	0.0003533972451985868
ENSG00000177084	0.00035265222483090396
ENSG00000108821	0.0003524807775893137
ENSG00000123610	0.0003523423186407649
ENSG00000125977	0.0003514681580140003
ENSG00000159216	0.00035064950549111026
ENSG00000169375	0.0003504916988651365
ENSG00000124164	0.00035041689064622906
ENSG00000163513	0.0003504141427207679
ENSG00000138160	0.00035022910401802393
ENSG00000117560	0.0003496329460421465
ENSG00000171132	0.00034962534725691946
ENSG00000164741	0.00034959007726280183
ENSG00000111679	0.00034946338694087257
ENSG00000101997	0.0003492184374909445
ENSG00000127445	0.00034917113067346923
ENSG00000168961	0.00034703550855271143
ENSG00000162946	0.0003468891168682696
ENSG00000056558	0.00034668031451709345
ENSG00000281931	0.0003458388629602438
ENSG00000121481	0.0003454069559802075
ENSG00000253729	0.000343880658337455
ENSG00000073111	0.0003437671396209156
ENSG00000100242	0.00034318383126190745
ENSG00000105835	0.0003427731370352781
ENSG00000234651	0.00034276232913974756
ENSG00000154803	0.0003420742480271663
ENSG00000134184	0.00034200144504791175
ENSG00000167900	0.0003417936472773447
ENSG00000092445	0.0003408977433333972
ENSG00000060656	0.000340506913142544
ENSG00000047932	0.0003403156259400841
ENSG00000136877	0.0003395514112620018
ENSG00000172367	0.0003390110394988718
ENSG00000134243	0.0003378723568363439
ENSG00000281324	0.00033782949634770165
ENSG00000113712	0.00033777681193301575
ENSG00000274474	0.0003368633679865359
ENSG00000110330	0.00033633204006295453
ENSG00000091129	0.0003361751355718324
ENSG00000188379	0.0003353992565786532
ENSG00000187555	0.0003349876565180304
ENSG00000083635	0.00033480683350013864
ENSG00000117399	0.00033473590802581595
ENSG00000015479	0.00033464141340532077
ENSG00000072274	0.00033419014359740214
ENSG00000123191	0.00033323356990496794
ENSG00000108375	0.0003330481983477933
ENSG00000065361	0.00033276884433751657
ENSG00000175793	0.00033250553295358255
ENSG00000070019	0.0003321337886200083
ENSG00000171608	0.00033194971469592484
ENSG00000183454	0.00033167227077189734
ENSG00000100029	0.000331586592323514
ENSG00000126215	0.00033136249013122985
ENSG00000181449	0.0003308011531663095
ENSG00000112081	0.0003300693539084302
ENSG00000100387	0.0003299068697286356
ENSG00000126457	0.0003296770067929877
ENSG00000176248	0.0003296213969654934
ENSG00000101361	0.0003295088112346451
ENSG00000165458	0.0003294905342659461
ENSG00000023734	0.00032948665805002114
ENSG00000170191	0.0003294389525284123
ENSG00000188906	0.000329387306330226
ENSG00000134954	0.00032895107199587076
ENSG00000140350	0.0003284481670928875
ENSG00000196405	0.00032797855994998637
ENSG00000146834	0.00032714583608343966
ENSG00000180537	0.0003270657234357224
ENSG00000197442	0.0003265784834132661
ENSG00000118971	0.0003257601146264718
ENSG00000137563	0.0003257081949822416
ENSG00000171992	0.0003255987321574178
ENSG00000115758	0.00032547730024434833
ENSG00000106628	0.00032433942619498803
ENSG00000164400	0.0003242554041389849
ENSG00000117395	0.00032369175356866404
ENSG00000076003	0.00032309932958162456
ENSG00000198793	0.00032302736227309865
ENSG00000188641	0.00032294757167136907
ENSG00000154118	0.0003221996331044172
ENSG00000166598	0.00032198396124482004
ENSG00000084676	0.0003219797167848038
ENSG00000113758	0.0003219046150528419
ENSG00000273993	0.0003217957036464823
ENSG00000050405	0.0003217649885224358
ENSG00000182979	0.0003217573297546165
ENSG00000137752	0.00032092665363525895
ENSG00000160789	0.00032042368469571735
ENSG00000166923	0.00032027395271312035
ENSG00000087191	0.000320215456709141
ENSG00000101966	0.00032012566292733514
ENSG00000106462	0.00031990833736624213
ENSG00000025708	0.00031848520395141893
ENSG00000138385	0.00031788319869959126
ENSG00000182220	0.00031757459636038105
ENSG00000114270	0.0003172158831927144
ENSG00000103266	0.0003171255629824555
ENSG00000164109	0.00031706896882871977
ENSG00000145907	0.0003169196625454612
ENSG00000081307	0.00031681696929816136
ENSG00000128585	0.00031662561754489663
ENSG00000050438	0.000316292572908607
ENSG00000186908	0.0003162415943358171
ENSG00000138668	0.0003159998948889984
ENSG00000101003	0.00031585621440938943
ENSG00000120885	0.0003155159067853593
ENSG00000171862	0.0003145206400013239
ENSG00000136807	0.0003142080979897613
ENSG00000175063	0.000314179618453359
ENSG00000197879	0.0003141047200513772
ENSG00000145386	0.0003140446834958478
ENSG00000282932	0.00031341448899577874
ENSG00000164736	0.00031321590427534415
ENSG00000286522	0.00031305741808352596
ENSG00000167965	0.0003130164040400285
ENSG00000105376	0.000312950140715794
ENSG00000173535	0.0003129150540972923
ENSG00000134057	0.00031236817734702887
ENSG00000088002	0.0003117963186818917
ENSG00000102554	0.0003117758532391391
ENSG00000157404	0.000311015920219846
ENSG00000118707	0.0003107118104874043
ENSG00000172638	0.00031033717012998616
ENSG00000184634	0.0003103174919239126
ENSG00000198909	0.00031015884806980974
ENSG00000147804	0.00030927858509962485
ENSG00000277401	0.00030858927769266043
ENSG00000159352	0.00030817649030794633
ENSG00000154229	0.0003080858185524777
ENSG00000124766	0.00030793331636806156
ENSG00000108424	0.0003078581885312112
ENSG00000143416	0.0003069332348977968
ENSG00000182333	0.00030673115410614405
ENSG00000197860	0.0003066570583508343
ENSG00000280548	0.0003062877692083267
ENSG00000171848	0.00030588659415121727
ENSG00000153234	0.0003056434699246139
ENSG00000135655	0.00030563393747876327
ENSG00000163517	0.000305625294414293
ENSG00000101421	0.0003052883046753225
ENSG00000183751	0.00030513505506093297
ENSG00000133083	0.00030502491580805156
ENSG00000124466	0.000304386964063459
ENSG00000275126	0.0003040667119212447
ENSG00000104856	0.0003039556683282794
ENSG00000166200	0.0003038900930988036
ENSG00000117758	0.00030340159939667554
ENSG00000175315	0.00030287810539611536
ENSG00000120659	0.00030259658533652266
ENSG00000029363	0.00030250096691542396
ENSG00000107779	0.00030237205389396343
ENSG00000131196	0.0003018443498192997
ENSG00000198074	0.0003015558732296678
ENSG00000104695	0.00030108231517990164
ENSG00000114166	0.0003010656700763393
ENSG00000140443	0.0003010181644361745
ENSG00000278053	0.00030060710301209515
ENSG00000116918	0.0003004801791984261
ENSG00000115657	0.0002999848643745629
ENSG00000185615	0.0002999843952953824
ENSG00000126934	0.0002999588080162219
ENSG00000026508	0.00029971944851869505
ENSG00000110092	0.0002994048149222168
ENSG00000139193	0.0002990722604672462
ENSG00000140505	0.0002990270412947672
ENSG00000128709	0.0002989432894803524
ENSG00000077514	0.00029885164192934056
ENSG00000197172	0.00029878307609955857
ENSG00000169696	0.0002986542253308346
ENSG00000164466	0.0002983933295609075
ENSG00000136931	0.00029809697313335035
ENSG00000132530	0.00029801914923924635
ENSG00000121903	0.0002976508991536136
ENSG00000149636	0.00029762248172807143
ENSG00000133315	0.0002974745681405084
ENSG00000140988	0.00029744169577425794
ENSG00000116254	0.0002973881896781334
ENSG00000159377	0.0002971936833635865
ENSG00000028137	0.00029700204033773525
ENSG00000125618	0.0002968614727067811
ENSG00000104412	0.0002966856319931397
ENSG00000105364	0.00029639108649863547
ENSG00000173120	0.0002957581769492772
ENSG00000006468	0.0002953530939342286
ENSG00000137801	0.0002947328803449189
ENSG00000285069	0.0002946818731036686
ENSG00000188846	0.00029442365329838754
ENSG00000076924	0.0002941380296294754
ENSG00000075711	0.00029405438868809395
ENSG00000086758	0.0002937827935042829
ENSG00000119514	0.0002937739591219398
ENSG00000049618	0.00029368284238253116
ENSG00000071564	0.00029323471141734216
ENSG00000172350	0.00029305783703793283
ENSG00000135776	0.00029256921009638035
ENSG00000125257	0.00029241777000207935
ENSG00000151532	0.0002923521328262957
ENSG00000140650	0.00029220992972768414
ENSG00000110651	0.0002918097361344798
ENSG00000138829	0.0002917316080707736
ENSG00000134853	0.0002916664612688706
ENSG00000173638	0.0002913621723913851
ENSG00000066117	0.00029134130430807925
ENSG00000179772	0.00029109153965034616
ENSG00000078747	0.00029048731941277593
ENSG00000156535	0.00029031974001932304
ENSG00000105894	0.00029026626990348716
ENSG00000165916	0.00029004388108972475
ENSG00000213366	0.00028937579248780495
ENSG00000078902	0.0002880336874981913
ENSG00000172977	0.0002877419145436348
ENSG00000149485	0.00028635313621641433
ENSG00000103257	0.0002862555519388378
ENSG00000278372	0.0002861562903029106
ENSG00000177000	0.0002860404083738678
ENSG00000083857	0.0002855109498373291
ENSG00000114491	0.0002855044979550303
ENSG00000111669	0.0002851086009497923
ENSG00000124151	0.0002849313596099216
ENSG00000004897	0.00028405401380228625
ENSG00000112715	0.0002840419742792098
ENSG00000027001	0.00028396747121569866
ENSG00000131941	0.00028384679200762634
ENSG00000099942	0.0002835715251091297
ENSG00000165119	0.00028355913678414116
ENSG00000163468	0.00028333061110772496
ENSG00000167967	0.000282749513402797
ENSG00000120217	0.00028261686312624167
ENSG00000145604	0.0002824700800710611
ENSG00000198755	0.00028242776153203917
ENSG00000078900	0.0002822392130334646
ENSG00000232575	0.00028217216243571995
ENSG00000167468	0.0002817509597763808
ENSG00000065328	0.00028171019696439045
ENSG00000111206	0.00028152972862473827
ENSG00000049768	0.0002811819021753113
ENSG00000124275	0.00028103023166572283
ENSG00000197429	0.0002808784566357982
ENSG00000138061	0.0002808472655736666
ENSG00000105401	0.0002807307725756779
ENSG00000285246	0.0002807301215182471
ENSG00000113594	0.00028060721358079264
ENSG00000079739	0.00028057846853109117
ENSG00000196437	0.0002803109676483946
ENSG00000189298	0.0002802761021357861
ENSG00000217128	0.0002801764078259364
ENSG00000167693	0.0002789887046813073
ENSG00000157766	0.0002787693566472668
ENSG00000181019	0.00027858960439051245
ENSG00000134508	0.0002783527381328159
ENSG00000106211	0.0002781179707702586
ENSG00000070756	0.0002778216190973486
ENSG00000198431	0.0002776666623308325
ENSG00000198324	0.000277570021057092
ENSG00000205213	0.00027738880691833087
ENSG00000182771	0.00027721024424164466
ENSG00000083799	0.0002770938401396191
ENSG00000088325	0.00027695177425976275
ENSG00000182492	0.0002769467843124709
ENSG00000143190	0.00027693283322310555
ENSG00000228716	0.0002769207675313055
ENSG00000145681	0.0002766284598329984
ENSG00000111445	0.0002764754865601716
ENSG00000131508	0.00027628525912137494
ENSG00000006451	0.00027627012055220386
ENSG00000124380	0.00027624553953007637
ENSG00000165617	0.0002761153382275711
ENSG00000164171	0.00027605801222517257
ENSG00000124813	0.00027599273211581336
ENSG00000160803	0.0002759743246730005
ENSG00000118777	0.0002755063998786406
ENSG00000080839	0.0002747469974502719
ENSG00000254087	0.0002747390468488567
ENSG00000117748	0.0002738981150885879
ENSG00000104969	0.0002734799260978134
ENSG00000068024	0.00027333046054313354
ENSG00000108175	0.0002732946640026857
ENSG00000120727	0.00027323905597413905
ENSG00000175175	0.00027320151947176876
ENSG00000167972	0.00027301627434655573
ENSG00000166508	0.00027228079918147253
ENSG00000127528	0.00027226374603142665
ENSG00000198917	0.00027096056586726103
ENSG00000125089	0.0002699958236369079
ENSG00000085832	0.0002697195831101994
ENSG00000109906	0.00026946027882045263
ENSG00000011426	0.0002693709405807842
ENSG00000066468	0.0002689792144779687
ENSG00000068308	0.0002689790083962999
ENSG00000121152	0.00026876685783465155
ENSG00000055332	0.0002684099502894895
ENSG00000100764	0.0002681324779029983
ENSG00000143224	0.00026806979657909014
ENSG00000152518	0.0002679800534415564
ENSG00000085563	0.0002675919586295992
ENSG00000124789	0.00026744971850699734
ENSG00000149658	0.0002673063879785881
ENSG00000141582	0.0002672862726469224
ENSG00000125458	0.0002666283102318219
ENSG00000138448	0.00026654284288572344
ENSG00000168412	0.0002664921809859475
ENSG00000076248	0.0002664026685938616
ENSG00000115233	0.0002661582025945901
ENSG00000196419	0.00026588359791459513
ENSG00000100568	0.0002656702490833275
ENSG00000176890	0.0002655516445649254
ENSG00000138798	0.0002653736849754169
ENSG00000144566	0.0002653183706746297
ENSG00000139350	0.000265305474795
ENSG00000115053	0.00026526870936302956
ENSG00000154040	0.00026525038026558424
ENSG00000250722	0.00026523839265178787
ENSG00000126778	0.00026508782465069664
ENSG00000074071	0.0002650384486514315
ENSG00000198890	0.00026492665133753617
ENSG00000167641	0.0002647047186073818
ENSG00000171564	0.0002645712528828772
ENSG00000158290	0.0002645094720192834
ENSG00000075785	0.00026430464373983426
ENSG00000073734	0.0002642079174251552
ENSG00000005471	0.0002642079174251552
ENSG00000089009	0.000264045265850258
ENSG00000044115	0.0002639585575332089
ENSG00000007168	0.0002637426366970199
ENSG00000164327	0.0002636853466570877
ENSG00000102103	0.0002636433413274306
ENSG00000284816	0.0002635947774035085
ENSG00000172354	0.00026345873901050074
ENSG00000167110	0.00026236200955061587
ENSG00000006062	0.00026210042441392726
ENSG00000130635	0.0002618914908905862
ENSG00000148346	0.0002616805398915567
ENSG00000007062	0.000261644309847234
ENSG00000087077	0.00026119790513054453
ENSG00000112592	0.00026071765939352236
ENSG00000139613	0.0002603289819940567
ENSG00000115484	0.00026032306521163874
ENSG00000170365	0.0002602877446563184
ENSG00000124610	0.0002596908335959222
ENSG00000165025	0.00025930735543402305
ENSG00000170577	0.00025866682061998294
ENSG00000104517	0.0002580461010655708
ENSG00000046651	0.0002579569173962186
ENSG00000185825	0.00025784716992681916
ENSG00000108773	0.0002576122236300299
ENSG00000283777	0.0002563502706679756
ENSG00000055208	0.00025612809144048593
ENSG00000101182	0.00025606633728253924
ENSG00000121892	0.00025597572653151174
ENSG00000125826	0.0002558447545392216
ENSG00000164379	0.00025555678805652134
ENSG00000114354	0.0002553477385606362
ENSG00000146731	0.0002548068527606887
ENSG00000131323	0.0002543526690872418
ENSG00000175029	0.000254162689450991
ENSG00000128016	0.0002541341619897778
ENSG00000197323	0.00025407407456555584
ENSG00000130177	0.0002538203959923256
ENSG00000136244	0.00025377522801459053
ENSG00000065970	0.0002536940618788252
ENSG00000166226	0.00025340600576147557
ENSG00000166225	0.0002532559392474541
ENSG00000143921	0.0002530107715156923
ENSG00000138075	0.0002530107715156923
ENSG00000065135	0.0002530095878524394
ENSG00000168003	0.00025255684449344037
ENSG00000125835	0.0002522943963376096
ENSG00000145335	0.0002522881413098404
ENSG00000079246	0.00025207967675775346
ENSG00000105676	0.00025164031465889
ENSG00000178568	0.00025142699573443795
ENSG00000111057	0.000250890721623826
ENSG00000143436	0.0002508008860412561
ENSG00000095752	0.00025032452120918715
ENSG00000108561	0.0002502807126175792
ENSG00000062038	0.00025002135189563883
ENSG00000134762	0.00025001005311509576
ENSG00000127955	0.00024984262605291547
ENSG00000114062	0.00024968028488321555
ENSG00000101158	0.0002496662480207894
ENSG00000196498	0.0002495674755810543
ENSG00000141682	0.00024933540658988405
ENSG00000196535	0.00024912877558052877
ENSG00000141030	0.00024911067424564313
ENSG00000069869	0.0002488877443024518
ENSG00000167642	0.00024870039516354444
ENSG00000158485	0.0002484676435551337
ENSG00000196363	0.00024816398688956977
ENSG00000141570	0.0002479245010761683
ENSG00000163539	0.00024776640768015977
ENSG00000165156	0.00024762541063060934
ENSG00000172725	0.0002463811577162883
ENSG00000143321	0.0002463699163191033
ENSG00000187498	0.00024609011440457926
ENSG00000183741	0.0002460898049736518
ENSG00000168077	0.0002454312171240832
ENSG00000213923	0.00024478392317684936
ENSG00000101000	0.0002444691918469865
ENSG00000147140	0.00024423336585408916
ENSG00000050628	0.00024415014222407355
ENSG00000181929	0.00024398428942850727
ENSG00000180530	0.00024359817954231418
ENSG00000284901	0.00024355323314509804
ENSG00000129084	0.0002431806453311265
ENSG00000236177	0.00024292456073951856
ENSG00000159069	0.00024290167594267486
ENSG00000109062	0.00024287904227389125
ENSG00000160255	0.00024285093524776285
ENSG00000137309	0.00024282791560173938
ENSG00000142731	0.000242798875458087
ENSG00000105258	0.00024255813567944788
ENSG00000083312	0.0002424480972704048
ENSG00000169756	0.00024238267730273592
ENSG00000227046	0.00024233845163584272
ENSG00000142937	0.00024214377175671905
ENSG00000145220	0.00024209643024897525
ENSG00000003402	0.00024196273306290123
ENSG00000143621	0.00024188713045332976
ENSG00000197785	0.00024173719465150445
ENSG00000150907	0.0002416325163893765
ENSG00000196365	0.0002416037319328551
ENSG00000080503	0.00024132479068661922
ENSG00000221983	0.0002412799861046812
ENSG00000163735	0.00024122613529606134
ENSG00000172466	0.0002409699973287967
ENSG00000149554	0.00024085887917208097
ENSG00000150455	0.0002408471106783364
ENSG00000121621	0.00024079716874637904
ENSG00000068305	0.00024051288594931176
ENSG00000135018	0.0002404753664698649
ENSG00000113083	0.00024040324412978183
ENSG00000080345	0.00024005774959012948
ENSG00000099800	0.0002399464187351705
ENSG00000125538	0.00023994117545404395
ENSG00000175832	0.00023977953425613455
ENSG00000105639	0.0002397534600304677
ENSG00000136518	0.00023961940036086978
ENSG00000115008	0.00023958597289323972
ENSG00000130816	0.00023931749083941473
ENSG00000101407	0.0002391866809612467
ENSG00000102226	0.00023891988080666137
ENSG00000153094	0.00023883068018858004
ENSG00000112078	0.00023871367414187323
ENSG00000115594	0.00023870536951155232
ENSG00000064933	0.00023838889704485652
ENSG00000172534	0.00023837349883004574
ENSG00000148396	0.00023824610598289177
ENSG00000169218	0.00023820113430878572
ENSG00000138376	0.0002380608001151074
ENSG00000178691	0.00023794326551654572
ENSG00000198646	0.00023765022260117212
ENSG00000215021	0.0002375188773489484
ENSG00000177156	0.00023698690447860143
ENSG00000161202	0.00023690054169882884
ENSG00000184368	0.00023638395830730203
ENSG00000171105	0.00023622829552701928
ENSG00000162702	0.00023583737838209922
ENSG00000188986	0.0002357201615355034
ENSG00000111530	0.00023549181499215753
ENSG00000125912	0.00023545832356548546
ENSG00000122691	0.00023531059577920247
ENSG00000124788	0.00023515336673734044
ENSG00000132535	0.00023509158120164263
ENSG00000117335	0.0002345337003599121
ENSG00000087338	0.00023450177232572542
ENSG00000105854	0.00023449728811922204
ENSG00000167550	0.0002342897526053578
ENSG00000101109	0.00023392549272101103
ENSG00000107175	0.00023373829273631923
ENSG00000095015	0.0002337379098834371
ENSG00000138685	0.0002333670028318055
ENSG00000179526	0.00023325789477261885
ENSG00000131467	0.0002327255381618998
ENSG00000176165	0.00023263836134496523
ENSG00000136930	0.0002326248300764018
ENSG00000164935	0.00023227463653595603
ENSG00000198862	0.0002322414077619982
ENSG00000011422	0.00023211040785977013
ENSG00000172270	0.0002319847392814173
ENSG00000000419	0.00023146480256449028
ENSG00000178896	0.0002314336441573332
ENSG00000099956	0.0002313323442946551
ENSG00000119335	0.00023117722225221918
ENSG00000114686	0.00023104149786402136
ENSG00000108774	0.0002305709530424755
ENSG00000126456	0.00023050754710315262
ENSG00000172315	0.00023045864992864967
ENSG00000100151	0.00023030332231804262
ENSG00000131791	0.0002298988321204811
ENSG00000162385	0.00022974031567881225
ENSG00000126070	0.00022962570296672407
ENSG00000225201	0.00022954763241607497
ENSG00000164287	0.00022927975243914085
ENSG00000131023	0.00022924529974418788
ENSG00000175054	0.00022902005406105362
ENSG00000148175	0.00022898294785019004
ENSG00000131462	0.00022891757410888682
ENSG00000122952	0.00022889724334007865
ENSG00000099250	0.00022867796181027026
ENSG00000109072	0.00022865837805115052
ENSG00000174827	0.00022864182843502655
ENSG00000141564	0.00022859269850582573
ENSG00000176619	0.00022817065377840845
ENSG00000141294	0.00022794035793072734
ENSG00000163510	0.00022789888625074193
ENSG00000101076	0.0002277877484218338
ENSG00000137955	0.00022766696943510623
ENSG00000164164	0.00022760374080354855
ENSG00000125686	0.0002270194873895395
ENSG00000011465	0.00022679285941369396
ENSG00000135506	0.00022654834669791894
ENSG00000122641	0.0002262179103203326
ENSG00000129152	0.0002259923832842149
ENSG00000156052	0.00022581485549001565
ENSG00000065978	0.0002257869886921273
ENSG00000149136	0.00022571615236219932
ENSG00000130332	0.00022565732958098643
ENSG00000102178	0.00022561092907177793
ENSG00000120063	0.00022538409367977278
ENSG00000184675	0.0002252716960652939
ENSG00000108107	0.0002252470934071471
ENSG00000116560	0.00022443985069370883
ENSG00000106263	0.00022437274438707498
ENSG00000124383	0.00022435284776399278
ENSG00000135063	0.00022434635887985413
ENSG00000288516	0.0002239369936928649
ENSG00000163159	0.00022376679189308577
ENSG00000134013	0.00022370963763550006
ENSG00000065243	0.0002236494421892786
ENSG00000077254	0.00022337594390268626
ENSG00000071051	0.00022335703315997526
ENSG00000153107	0.00022304023713488823
ENSG00000092201	0.0002229026251315153
ENSG00000115808	0.00022251625477971615
ENSG00000188191	0.00022235896401549783
ENSG00000183337	0.00022216155343132455
ENSG00000148943	0.00022209177976729134
ENSG00000166147	0.00022205329957515195
ENSG00000030110	0.00022180648270696878
ENSG00000075218	0.00022162861794626035
ENSG00000196470	0.0002215588571582925
ENSG00000177192	0.00022155050700893163
ENSG00000152455	0.00022154168198526534
ENSG00000232960	0.0002212356962712359
ENSG00000107831	0.00022105034747950947
ENSG00000115286	0.00022098740638695717
ENSG00000146047	0.00022094048917791466
ENSG00000141543	0.00022075154226900855
ENSG00000221914	0.00022072867033867506
ENSG00000276644	0.0002200664225023265
ENSG00000122008	0.0002199614913171142
ENSG00000176406	0.00021986196845379748
ENSG00000107854	0.00021984714511500696
ENSG00000132341	0.00021966609236761668
ENSG00000101868	0.00021947964699282625
ENSG00000066336	0.0002192592100826882
ENSG00000139618	0.00021920207321015817
ENSG00000141968	0.00021895233833099054
ENSG00000125952	0.00021894002688363804
ENSG00000100368	0.0002188932039744799
ENSG00000245848	0.0002188529522646792
ENSG00000196914	0.00021879223066570433
ENSG00000092820	0.00021873584479995597
ENSG00000127481	0.00021857965937213127
ENSG00000100519	0.00021838543130545308
ENSG00000149269	0.00021832147263575467
ENSG00000118689	0.00021831182525761347
ENSG00000109339	0.00021821819426645555
ENSG00000108883	0.0002180864361927503
ENSG00000078674	0.0002179528364278765
ENSG00000138594	0.0002178129558436002
ENSG00000080815	0.00021771481266896276
ENSG00000163848	0.00021766419102761192
ENSG00000184697	0.00021760160528978075
ENSG00000159720	0.000217538311365753
ENSG00000198176	0.0002174911957636041
ENSG00000169604	0.0002174896056112817
ENSG00000113194	0.0002174324765666092
ENSG00000178372	0.00021693254004662157
ENSG00000123154	0.0002166989265938452
ENSG00000021574	0.00021624309173519748
ENSG00000163430	0.0002159895595093393
ENSG00000110717	0.00021598229551809812
ENSG00000015475	0.00021578385399893208
ENSG00000125931	0.00021574123523671908
ENSG00000136986	0.00021571747377863778
ENSG00000106546	0.00021546598573683962
ENSG00000157212	0.00021540649451907306
ENSG00000175197	0.00021526157857559416
ENSG00000123908	0.0002151004553455979
ENSG00000139218	0.0002147133277774052
ENSG00000166477	0.0002146679788538253
ENSG00000129351	0.0002146217448315887
ENSG00000182866	0.00021455346839171311
ENSG00000102977	0.00021452859346473877
ENSG00000149313	0.00021368224891801243
ENSG00000168090	0.0002135674243969533
ENSG00000142798	0.00021356657002027344
ENSG00000011405	0.00021351366003290748
ENSG00000023445	0.000213387466871755
ENSG00000172009	0.00021332592281867217
ENSG00000122484	0.00021331304839609371
ENSG00000102054	0.00021265330216848109
ENSG00000248144	0.00021252843048096877
ENSG00000160584	0.00021250841888902354
ENSG00000054267	0.0002124681240097496
ENSG00000146678	0.0002122527739805907
ENSG00000149575	0.0002122438915854874
ENSG00000130204	0.0002122002621896155
ENSG00000113578	0.00021213567961442798
ENSG00000006118	0.00021195336160356
ENSG00000121989	0.00021188967015951855
ENSG00000054598	0.00021187573258085412
ENSG00000138180	0.00021174263487698926
ENSG00000151466	0.00021142065747311437
ENSG00000014164	0.00021125719712911307
ENSG00000129315	0.00021075978224809188
ENSG00000197136	0.00021069379899395262
ENSG00000136897	0.00021064481819733962
ENSG00000115020	0.0002105957841422486
ENSG00000160791	0.00021058810921009425
ENSG00000114209	0.00021044739647433673
ENSG00000125798	0.0002104066478283052
ENSG00000134371	0.0002103746403089651
ENSG00000163960	0.0002102682398570613
ENSG00000171557	0.00021022637483317542
ENSG00000225614	0.00020998494813412858
ENSG00000134201	0.00020989210161831556
ENSG00000149923	0.00020988264629972478
ENSG00000105221	0.00020980065660268087
ENSG00000127586	0.0002096085531536971
ENSG00000181392	0.00020956053362310655
ENSG00000196235	0.00020936579181066913
ENSG00000091106	0.00020934747064425843
ENSG00000101161	0.0002093304171031586
ENSG00000184009	0.00020926677420804842
ENSG00000162910	0.00020906988862913085
ENSG00000079462	0.00020900470454045844
ENSG00000078369	0.0002089953805362851
ENSG00000120265	0.0002089354919283515
ENSG00000101413	0.00020892338090660505
ENSG00000164930	0.00020889098476823025
ENSG00000132964	0.00020866772211715906
ENSG00000149257	0.00020851779314198446
ENSG00000174276	0.00020850834693837957
ENSG00000114978	0.0002083763994199009
ENSG00000170421	0.0002083207912267046
ENSG00000197535	0.00020824241370315968
ENSG00000106588	0.00020798036281746232
ENSG00000123999	0.00020790759580985706
ENSG00000137573	0.00020783361469214586
ENSG00000108094	0.00020782569067898563
ENSG00000133858	0.0002077376471163153
ENSG00000263528	0.00020771556862646224
ENSG00000263236	0.00020751770324587595
ENSG00000149273	0.00020751456184947895
ENSG00000196367	0.00020724824485152663
ENSG00000100697	0.00020714638705893526
ENSG00000149380	0.00020705119299415707
ENSG00000147873	0.00020701950141893208
ENSG00000163029	0.00020688570701175597
ENSG00000120738	0.0002067705226942876
ENSG00000081154	0.00020668392985519443
ENSG00000137713	0.0002063413802183474
ENSG00000108823	0.00020624234213963244
ENSG00000169564	0.00020617622662282155
ENSG00000146247	0.000206096381625876
ENSG00000123416	0.00020602584986565206
ENSG00000115355	0.00020588507119513147
ENSG00000186919	0.00020588461599921137
ENSG00000185838	0.0002058661101620698
ENSG00000188064	0.0002056556228168656
ENSG00000176692	0.00020562666587573905
ENSG00000283100	0.0002054754973590015
ENSG00000165684	0.00020539523782998594
ENSG00000120705	0.0002053667229059568
ENSG00000100614	0.00020523222429094765
ENSG00000136878	0.00020517604803367063
ENSG00000183668	0.00020505711066672708
ENSG00000275885	0.0002048123758070737
ENSG00000108256	0.00020463499223371612
ENSG00000132383	0.000204382844043236
ENSG00000159363	0.00020434654115023665
ENSG00000105397	0.00020414820274349097
ENSG00000174953	0.00020409841669884895
ENSG00000144810	0.00020407103985324424
ENSG00000157227	0.00020406497651592861
ENSG00000109670	0.0002040251774866492
ENSG00000008128	0.00020401066025912463
ENSG00000162521	0.00020393017348603102
ENSG00000102524	0.00020353815016357408
ENSG00000153147	0.00020345603210189381
ENSG00000127838	0.0002034324794390801
ENSG00000108840	0.00020284589429866268
ENSG00000166233	0.00020272351901798796
ENSG00000122126	0.00020268550744787395
ENSG00000125863	0.0002021458451478262
ENSG00000135476	0.000202115456672981
ENSG00000138071	0.00020197215605080425
ENSG00000171560	0.00020188701662235374
ENSG00000135913	0.0002016565089231063
ENSG00000105669	0.00020164089896638153
ENSG00000182636	0.0002016331295568075
ENSG00000104760	0.00020150676382133702
ENSG00000108468	0.00020134323034960233
ENSG00000154582	0.00020119949907055102
ENSG00000084774	0.00020099727686394037
ENSG00000196083	0.00020097818137869766
ENSG00000278565	0.00020057730259017084
ENSG00000157240	0.00020046858874287558
ENSG00000005175	0.00020035000938177717
ENSG00000161654	0.00020029705555629353
ENSG00000058272	0.00020015136604220867
ENSG00000196923	0.00020005748481971762
ENSG00000112164	0.0001998020057893571
ENSG00000160877	0.00019979973212728367
ENSG00000185513	0.00019976166077868946
ENSG00000131747	0.00019959364492167192
ENSG00000153207	0.00019944887132488368
ENSG00000100324	0.00019937211719657288
ENSG00000117222	0.00019934967713813612
ENSG00000120694	0.00019923007679385041
ENSG00000128833	0.00019907112211526513
ENSG00000169508	0.0001988470324904918
ENSG00000177700	0.0001985705246203457
ENSG00000186340	0.00019836120610262797
ENSG00000171444	0.00019818136721613938
ENSG00000138100	0.00019813850510734808
ENSG00000140534	0.00019809934490349834
ENSG00000149308	0.00019798595293517686
ENSG00000175899	0.00019788538308439146
ENSG00000184557	0.00019774310997509626
ENSG00000137166	0.00019761034044783672
ENSG00000010017	0.00019734616954335618
ENSG00000105701	0.000197259241900101
ENSG00000180900	0.0001969988199292569
ENSG00000104375	0.00019658049784618232
ENSG00000099817	0.0001965764998467949
ENSG00000100888	0.0001964884442302018
ENSG00000141552	0.00019640177307325138
ENSG00000008018	0.00019639445281066775
ENSG00000079102	0.00019637897541921337
ENSG00000162607	0.00019633185591946982
ENSG00000108654	0.00019624140276401685
ENSG00000111678	0.00019618323059749016
ENSG00000086712	0.00019617999029173947
ENSG00000005007	0.00019617440326639813
ENSG00000130706	0.00019612084730128768
ENSG00000158092	0.000196046367825069
ENSG00000164692	0.0001958536587204211
ENSG00000093009	0.0001955109290465208
ENSG00000132906	0.00019548342839996642
ENSG00000196549	0.00019541035394144525
ENSG00000169967	0.00019538412433877316
ENSG00000171877	0.0001953178201401496
ENSG00000175166	0.00019512699043878248
ENSG00000163564	0.0001950516126425248
ENSG00000106268	0.0001949735105590373
ENSG00000234495	0.0001949420530555454
ENSG00000258227	0.00019489658402459858
ENSG00000137154	0.00019446794785721338
ENSG00000162924	0.0001944174434023932
ENSG00000198734	0.0001943420565641816
ENSG00000167552	0.0001941948602928723
ENSG00000069667	0.00019405950068666718
ENSG00000134323	0.00019404384850625072
ENSG00000196396	0.00019397714736496535
ENSG00000196296	0.00019393104186739182
ENSG00000002330	0.00019361535809732294
ENSG00000136875	0.0001935995241750357
ENSG00000072401	0.00019344654603017448
ENSG00000188313	0.00019343950600875196
ENSG00000188488	0.00019321498892467878
ENSG00000179222	0.00019301469356811774
ENSG00000148948	0.0001929954170177352
ENSG00000100567	0.00019290199192480097
ENSG00000156587	0.00019288659910845867
ENSG00000106089	0.0001927915344290983
ENSG00000055483	0.00019265611654787197
ENSG00000125676	0.00019261440597249637
ENSG00000049449	0.00019243196737343002
ENSG00000120526	0.00019227186554533632
ENSG00000169252	0.00019224575669122898
ENSG00000084093	0.00019210489987327801
ENSG00000124302	0.00019176314810571128
ENSG00000148848	0.0001915730546567734
ENSG00000125851	0.00019153137870817497
ENSG00000023287	0.00019106043543777387
ENSG00000134690	0.00019094284840062904
ENSG00000076321	0.00019084005678551258
ENSG00000168765	0.000190770864480526
ENSG00000159263	0.00019075279256366257
ENSG00000095906	0.00019045162169226452
ENSG00000112200	0.00019042220924003512
ENSG00000186812	0.00019034507103931727
ENSG00000174799	0.00019026600264994035
ENSG00000143970	0.00019026496344617697
ENSG00000108061	0.00019024863150434031
ENSG00000111276	0.0001901263576749259
ENSG00000161179	0.0001900250685132878
ENSG00000170458	0.00018992812742087617
ENSG00000167513	0.00018984150064237988
ENSG00000118434	0.00018983968641810302
ENSG00000162409	0.00018977514569037943
ENSG00000109332	0.00018967120223013193
ENSG00000168542	0.0001895517537620415
ENSG00000150779	0.00018953933435091015
ENSG00000115641	0.00018931930744749628
ENSG00000130699	0.00018931153879874255
ENSG00000164885	0.0001893087962666386
ENSG00000122482	0.00018925685636008276
ENSG00000059758	0.00018922717734712498
ENSG00000170558	0.0001891426869415616
ENSG00000188342	0.00018912755783853885
ENSG00000162923	0.0001889393443506606
ENSG00000123405	0.00018886308106040562
ENSG00000197943	0.00018880365747624345
ENSG00000164362	0.00018869682950195744
ENSG00000120899	0.00018843475752684298
ENSG00000120438	0.00018833472981509227
ENSG00000115760	0.00018815331894680903
ENSG00000072364	0.000187868033728289
ENSG00000165724	0.00018775776957553913
ENSG00000112695	0.00018761955357793063
ENSG00000136040	0.00018758022379448272
ENSG00000136450	0.00018739392712700326
ENSG00000066279	0.00018738661576687466
ENSG00000177463	0.0001870940444526639
ENSG00000156273	0.00018708894992875474
ENSG00000127580	0.00018707608188949477
ENSG00000136485	0.00018689684301938364
ENSG00000128272	0.0001868946827410007
ENSG00000136104	0.0001868753119388422
ENSG00000038219	0.00018677268462615544
ENSG00000160801	0.00018653978978487479
ENSG00000169313	0.00018652826837322958
ENSG00000165506	0.00018641434373293036
ENSG00000153487	0.00018628355570459424
ENSG00000130725	0.0001861570656426423
ENSG00000064313	0.0001861530239297467
ENSG00000066422	0.00018599134575519053
ENSG00000160973	0.00018578702638483196
ENSG00000163558	0.00018551546864232476
ENSG00000070495	0.00018549015211984752
ENSG00000141655	0.0001853005639477558
ENSG00000113013	0.0001851990331038164
ENSG00000037897	0.00018515673528598654
ENSG00000104408	0.00018445259473984677
ENSG00000127948	0.00018444460261251541
ENSG00000100485	0.00018441865711445274
ENSG00000092208	0.00018436236847673728
ENSG00000100991	0.00018419821995875293
ENSG00000105810	0.00018419476369543875
ENSG00000100442	0.00018406552021504012
ENSG00000196233	0.00018394910990719772
ENSG00000197299	0.00018394895079084338
ENSG00000140511	0.00018375273412185057
ENSG00000047579	0.00018364083883269438
ENSG00000160193	0.00018360453838304406
ENSG00000167123	0.00018339497271340936
ENSG00000184347	0.00018327330264811132
ENSG00000168028	0.0001832574044504092
ENSG00000132792	0.00018323478157012985
ENSG00000134001	0.0001831654664685989
ENSG00000088179	0.00018316447241676904
ENSG00000163625	0.000183107965013915
ENSG00000143384	0.00018309018806456743
ENSG00000113302	0.00018304597233139162
ENSG00000037749	0.00018301400718705692
ENSG00000163781	0.00018294411850530937
ENSG00000169047	0.0001829205682442545
ENSG00000198707	0.00018290996790275424
ENSG00000154719	0.00018286866610860413
ENSG00000157110	0.0001826724456984003
ENSG00000158186	0.00018253182817170083
ENSG00000164754	0.00018245159528187482
ENSG00000188130	0.00018244357633234482
ENSG00000133265	0.00018239364711992713
ENSG00000069248	0.00018223230864155014
ENSG00000072518	0.00018210175273744155
ENSG00000146918	0.00018180051209785536
ENSG00000124171	0.0001817832376253848
ENSG00000166128	0.00018175128895451409
ENSG00000163939	0.00018170273124068912
ENSG00000174851	0.00018166748418580074
ENSG00000007372	0.00018150459620527938
ENSG00000147679	0.00018147002149537277
ENSG00000089159	0.00018141308694360044
ENSG00000173473	0.0001813618592724894
ENSG00000104312	0.00018127195179880114
ENSG00000057149	0.00018090168629304938
ENSG00000189079	0.00018086918981406863
ENSG00000160214	0.00018084168810753335
ENSG00000141293	0.00018064066829788869
ENSG00000164944	0.00018035235025023831
ENSG00000072501	0.000180348205178987
ENSG00000131375	0.00018017320024416616
ENSG00000148334	0.0001800987260245436
ENSG00000082458	0.00017997659414319115
ENSG00000170265	0.00017993166155130132
ENSG00000129514	0.0001798084984301851
ENSG00000168807	0.00017979311652420828
ENSG00000155096	0.00017976457820529013
ENSG00000169439	0.00017975503059212413
ENSG00000170802	0.00017963666460917629
ENSG00000164933	0.0001795222227114866
ENSG00000074266	0.0001794283485269649
ENSG00000112029	0.00017940629395401736
ENSG00000169689	0.00017937589339554072
ENSG00000135250	0.00017928722814620994
ENSG00000285379	0.0001792491916562528
ENSG00000104341	0.00017921001709459157
ENSG00000154342	0.00017916820016537218
ENSG00000065320	0.00017916255419071328
ENSG00000114098	0.00017901091635775274
ENSG00000164548	0.0001789873719842653
ENSG00000091039	0.0001789470530753195
ENSG00000275903	0.00017889262575818547
ENSG00000079313	0.0001788331096357975
ENSG00000103363	0.00017870033279210318
ENSG00000143228	0.0001786149307766021
ENSG00000174343	0.00017851719182427234
ENSG00000132356	0.00017849145606397364
ENSG00000146670	0.0001784405001919948
ENSG00000055044	0.00017826981583345626
ENSG00000013364	0.00017814869894832038
ENSG00000148516	0.00017813117157568548
ENSG00000099985	0.00017806748808570354
ENSG00000101336	0.0001780210049413562
ENSG00000082515	0.0001779936545851234
ENSG00000112658	0.00017798413392084954
ENSG00000172845	0.0001779717587376825
ENSG00000067606	0.0001778415356951408
ENSG00000187735	0.00017768771674690404
ENSG00000172795	0.00017750165434262652
ENSG00000128731	0.0001772854846180247
ENSG00000242372	0.00017723925086320655
ENSG00000108395	0.00017708299935811247
ENSG00000155229	0.00017698498273344137
ENSG00000162772	0.000176605616888686
ENSG00000169554	0.0001763459176024572
ENSG00000111596	0.00017630847878529756
ENSG00000108443	0.00017627566190219865
ENSG00000163811	0.00017612555736215126
ENSG00000144028	0.0001759988844871494
ENSG00000125991	0.00017599724533538214
ENSG00000102145	0.00017594300240979623
ENSG00000182087	0.000175937949800851
ENSG00000163605	0.0001759126591646112
ENSG00000172061	0.00017590896170350168
ENSG00000135338	0.00017585435562920846
ENSG00000134871	0.00017575344070813533
ENSG00000170017	0.00017572913139927572
ENSG00000149231	0.00017564924717116868
ENSG00000129245	0.00017552448009645107
ENSG00000162736	0.00017550294136958107
ENSG00000167842	0.00017537008869799082
ENSG00000102287	0.00017519295235749347
ENSG00000149679	0.0001751591609765945
ENSG00000274352	0.00017511893246003745
ENSG00000284774	0.00017496891107186472
ENSG00000109805	0.00017496762585303158
ENSG00000196584	0.0001749304516315262
ENSG00000087460	0.00017471230450376383
ENSG00000152601	0.0001746897094715945
ENSG00000120156	0.00017463586731775432
ENSG00000113658	0.00017461405531795998
ENSG00000106355	0.00017453116250657895
ENSG00000151846	0.0001745253581591538
ENSG00000102221	0.0001745063657489004
ENSG00000185627	0.0001744992238123739
ENSG00000061337	0.00017434058273642773
ENSG00000147383	0.00017430103707040038
ENSG00000123384	0.00017429900733410906
ENSG00000138081	0.00017417191865663517
ENSG00000149582	0.00017408355522128893
ENSG00000167670	0.00017382222693620563
ENSG00000169826	0.00017380399828708528
ENSG00000067225	0.00017369323901983235
ENSG00000186010	0.00017367630442099763
ENSG00000138363	0.0001736472302389075
ENSG00000162493	0.00017355912843020234
ENSG00000110367	0.00017348346898397892
ENSG00000130429	0.00017348340422984707
ENSG00000070367	0.00017347636249732007
ENSG00000039319	0.00017330704602784558
ENSG00000184743	0.00017329119845007528
ENSG00000180210	0.0001732414906853006
ENSG00000186075	0.0001732278256897621
ENSG00000138080	0.00017318635760917063
ENSG00000119917	0.0001731321634832094
ENSG00000159210	0.00017301329395368
ENSG00000100401	0.0001729296174920403
ENSG00000167085	0.00017276781528095114
ENSG00000086991	0.0001726585999442896
ENSG00000104442	0.00017264567248064986
ENSG00000143033	0.0001725886092018413
ENSG00000197102	0.00017252856350604586
ENSG00000127564	0.000172266003683299
ENSG00000112769	0.00017225526195749352
ENSG00000125651	0.00017223369419834843
ENSG00000112739	0.0001721530567863334
ENSG00000133124	0.0001720064805624191
ENSG00000167771	0.00017187219582502462
ENSG00000162695	0.00017171092568723983
ENSG00000178150	0.0001717075191661925
ENSG00000145192	0.00017166659808015257
ENSG00000147443	0.00017166358384438973
ENSG00000134698	0.00017155229918005502
ENSG00000147604	0.00017145464946517188
ENSG00000068796	0.0001714193566311026
ENSG00000015285	0.00017137042578307813
ENSG00000109846	0.0001712371083622654
ENSG00000143995	0.00017101675646114502
ENSG00000088888	0.00017095481846536744
ENSG00000087095	0.00017093687233758938
ENSG00000079950	0.00017092041384570052
ENSG00000067208	0.00017089375864641024
ENSG00000146006	0.00017086074919230346
ENSG00000051180	0.00017081968509086265
ENSG00000105989	0.00017077599751602965
ENSG00000198625	0.00017071978901798027
ENSG00000196961	0.00017062638959945865
ENSG00000157168	0.00017053902672430998
ENSG00000144357	0.0001704662870112819
ENSG00000071539	0.00017038042752928623
ENSG00000085415	0.00017036808933858553
ENSG00000101255	0.00017036280212220911
ENSG00000143947	0.00017035068778717936
ENSG00000072201	0.00017023360432535936
ENSG00000126561	0.00017017869413589787
ENSG00000118503	0.00017017255570171602
ENSG00000206073	0.0001701058630812738
ENSG00000108671	0.00017009780979818884
ENSG00000099821	0.0001697296090490977
ENSG00000196712	0.00016972384541619635
ENSG00000213397	0.0001697211731914662
ENSG00000133773	0.0001696378934133246
ENSG00000033178	0.00016953115844708865
ENSG00000136492	0.00016942748869515668
ENSG00000166439	0.00016942069212628238
ENSG00000138398	0.00016922799488935537
ENSG00000155657	0.00016917486326022948
ENSG00000106991	0.00016914884386575685
ENSG00000174547	0.00016899400416210762
ENSG00000082397	0.0001689553102411305
ENSG00000111581	0.00016869742100018734
ENSG00000043093	0.0001686944560017441
ENSG00000137807	0.0001686479302490316
ENSG00000112183	0.0001685462336068073
ENSG00000155959	0.00016844663800598476
ENSG00000110344	0.00016831482733134108
ENSG00000139436	0.00016819859297153626
ENSG00000174791	0.00016811880885917916
ENSG00000100097	0.00016806512658587466
ENSG00000163932	0.00016803044509934364
ENSG00000186130	0.00016793997990605558
ENSG00000001497	0.00016782871745277188
ENSG00000175390	0.00016774060034358495
ENSG00000206560	0.000167715665584566
ENSG00000101752	0.00016766328671782377
ENSG00000101442	0.00016764027795848288
ENSG00000092199	0.00016762111293242352
ENSG00000184937	0.000167572827459671
ENSG00000198791	0.00016748381890192396
ENSG00000102572	0.00016747641260686928
ENSG00000090316	0.00016744986282955107
ENSG00000166747	0.00016741623112172932
ENSG00000173889	0.00016741420354576575
ENSG00000164815	0.00016738931907081607
ENSG00000140092	0.00016737784064010716
ENSG00000140285	0.0001673696228773588
ENSG00000138592	0.0001673410921794746
ENSG00000004478	0.00016723935970173356
ENSG00000164916	0.0001672012042878592
ENSG00000101057	0.0001671718669211813
ENSG00000138593	0.00016704540249960228
ENSG00000170776	0.0001667963665900092
ENSG00000072506	0.00016669093149432134
ENSG00000112701	0.00016660806847845205
ENSG00000142173	0.0001665411165632831
ENSG00000185386	0.0001665255147020471
ENSG00000154473	0.0001664978530079737
ENSG00000105393	0.00016636515804399689
ENSG00000035862	0.00016627675897109613
ENSG00000024048	0.00016616262911093498
ENSG00000137699	0.00016614088916004337
ENSG00000142156	0.0001660858589164787
ENSG00000174564	0.00016605148817715166
ENSG00000081479	0.00016587990407322746
ENSG00000104904	0.00016587007704087583
ENSG00000129003	0.00016582922801310033
ENSG00000178950	0.0001656415975509241
ENSG00000043462	0.00016561514170597975
ENSG00000165675	0.0001656069279992529
ENSG00000240508	0.0001655372003194426
ENSG00000108510	0.000165487933427454
ENSG00000146414	0.00016530666853604008
ENSG00000134852	0.0001652893099342828
ENSG00000186468	0.00016525140760894057
ENSG00000102081	0.00016511945928085733
ENSG00000110958	0.0001650322818866913
ENSG00000119912	0.00016481955121527058
ENSG00000185721	0.00016481347464914663
ENSG00000103197	0.00016478873138295406
ENSG00000142453	0.000164747352057511
ENSG00000034713	0.00016468186639578302
ENSG00000157106	0.00016464022140820215
ENSG00000126461	0.00016458978019224813
ENSG00000172943	0.00016454215402617267
ENSG00000132153	0.0001640516833307991
ENSG00000172164	0.0001640355507597579
ENSG00000170315	0.00016401311851232828
ENSG00000179409	0.00016391032995810974
ENSG00000143322	0.00016378205143800981
ENSG00000101337	0.0001635449243274952
ENSG00000117305	0.00016353594798968867
ENSG00000095564	0.00016334545503695556
ENSG00000085840	0.00016332362065929704
ENSG00000103148	0.00016322062663122588
ENSG00000066427	0.0001629836621111945
ENSG00000048649	0.00016279350517414584
ENSG00000135829	0.00016267537272249928
ENSG00000130985	0.00016264299828357815
ENSG00000127666	0.000162598772122135
ENSG00000148356	0.0001625827320724874
ENSG00000138696	0.0001624978040848736
ENSG00000147475	0.00016247119084811563
ENSG00000068120	0.00016245203907029113
ENSG00000203668	0.00016241757596155104
ENSG00000134640	0.0001623898402397777
ENSG00000125970	0.00016238756246102185
ENSG00000099624	0.00016235895951455828
ENSG00000171150	0.0001623322712341283
ENSG00000122884	0.0001620644177484789
ENSG00000163283	0.00016202848865824203
ENSG00000186766	0.0001620227043213989
ENSG00000172046	0.00016199523735909593
ENSG00000183495	0.00016185735670743787
ENSG00000198681	0.00016183286057830663
ENSG00000117707	0.00016183061917633587
ENSG00000184384	0.00016174459593348785
ENSG00000187098	0.0001616542946231225
ENSG00000160208	0.0001616357170007331
ENSG00000136824	0.00016155245860624407
ENSG00000104889	0.00016146697458928154
ENSG00000132485	0.00016143145685597793
ENSG00000205420	0.0001613200427504748
ENSG00000140937	0.00016126867965590475
ENSG00000129675	0.00016107954762769038
ENSG00000177565	0.00016103219687065256
ENSG00000161057	0.00016096928763169487
ENSG00000204262	0.00016092679272771402
ENSG00000110107	0.00016087570682927254
ENSG00000135837	0.00016087465806369696
ENSG00000147155	0.00016083422116960368
ENSG00000102189	0.00016071825025156447
ENSG00000134255	0.00016071756442871042
ENSG00000143569	0.00016067136897593613
ENSG00000074219	0.00016061216913512794
ENSG00000126016	0.00016058843614044022
ENSG00000105971	0.0001605627117848062
ENSG00000126351	0.0001604398826174511
ENSG00000140262	0.00016020489314566225
ENSG00000100726	0.00016014913236307078
ENSG00000132604	0.0001600901121676154
ENSG00000197863	0.0001600730093457925
ENSG00000108055	0.00016004892294204493
ENSG00000162378	0.00015999175117782112
ENSG00000125656	0.00015996016457008614
ENSG00000082516	0.000159942284873994
ENSG00000168002	0.0001599327023161096
ENSG00000151929	0.0001596313845120216
ENSG00000168522	0.00015962698171581688
ENSG00000182287	0.00015950534822528446
ENSG00000115145	0.00015950181412271376
ENSG00000111300	0.00015922337786681445
ENSG00000156709	0.00015920605406003955
ENSG00000112531	0.00015909708990578667
ENSG00000048052	0.00015893355229407039
ENSG00000104881	0.00015891188022430406
ENSG00000120868	0.0001587887477562745
ENSG00000138443	0.00015876858181746237
ENSG00000174405	0.00015875616758267627
ENSG00000151702	0.0001587288106854714
ENSG00000142230	0.00015870521867773752
ENSG00000165671	0.0001586838273737027
ENSG00000184575	0.00015863470434473542
ENSG00000114742	0.00015860413544379945
ENSG00000117724	0.0001585779419258319
ENSG00000099795	0.00015855293335610712
ENSG00000033867	0.00015852844282139106
ENSG00000165417	0.00015849619186500202
ENSG00000063245	0.00015846863055766176
ENSG00000173706	0.00015841304548277698
ENSG00000170296	0.00015837503189201874
ENSG00000074603	0.00015834337470855192
ENSG00000102978	0.0001582704678721873
ENSG00000168884	0.00015822913658312815
ENSG00000174197	0.00015813057794409526
ENSG00000114331	0.00015808824037466735
ENSG00000115464	0.00015793380437406144
ENSG00000130159	0.00015784894393826017
ENSG00000055917	0.00015751565537195237
ENSG00000140396	0.00015747175651977563
ENSG00000196604	0.0001574416823922145
ENSG00000119203	0.00015743496548180732
ENSG00000011600	0.00015741372387165277
ENSG00000143333	0.00015731454854694997
ENSG00000185247	0.0001573032788081376
ENSG00000105193	0.0001572956219815247
ENSG00000085719	0.00015710809481574064
ENSG00000065548	0.0001571001460833327
ENSG00000063244	0.00015708222136062388
ENSG00000122958	0.00015704556078351793
ENSG00000073584	0.0001570199196901117
ENSG00000010671	0.00015686503885653695
ENSG00000114739	0.00015681379485084097
ENSG00000114127	0.0001567601408095051
ENSG00000182504	0.00015661326591619228
ENSG00000196505	0.00015660582743876002
ENSG00000010610	0.00015659031787559162
ENSG00000147655	0.00015655710879494434
ENSG00000111642	0.00015653883377531874
ENSG00000101126	0.0001565262814186207
ENSG00000186416	0.00015640124270694744
ENSG00000100297	0.0001562862828037828
ENSG00000163714	0.00015621616493855534
ENSG00000198033	0.00015611914528115847
ENSG00000181240	0.00015608927640164367
ENSG00000113441	0.00015604487307484746
ENSG00000167792	0.0001560383026362211
ENSG00000278619	0.00015595707498898843
ENSG00000068489	0.00015595290381848612
ENSG00000153827	0.00015592523442186832
ENSG00000145425	0.000155922110184463
ENSG00000225830	0.00015584173698521205
ENSG00000185658	0.00015582939841139214
ENSG00000136146	0.00015575301162892207
ENSG00000203737	0.00015568773312453455
ENSG00000103494	0.00015563270027789603
ENSG00000185883	0.0001555713903967035
ENSG00000170004	0.00015555609100623542
ENSG00000275349	0.00015554447967258204
ENSG00000143498	0.00015553048961710207
ENSG00000171812	0.0001554978739840254
ENSG00000093000	0.000155470697902523
ENSG00000168288	0.0001554603315901747
ENSG00000118762	0.00015543058579246528
ENSG00000101464	0.00015531085855553597
ENSG00000116044	0.00015529189010583423
ENSG00000288325	0.00015528755270536652
ENSG00000198522	0.00015525313585939925
ENSG00000152061	0.0001552102668917413
ENSG00000180353	0.00015519143548119293
ENSG00000087258	0.0001551738536383961
ENSG00000111877	0.00015517311336745777
ENSG00000187790	0.00015504725326389836
ENSG00000100385	0.00015492273851279214
ENSG00000102606	0.0001546367620783686
ENSG00000125657	0.0001546175464250006
ENSG00000180357	0.00015461099084201096
ENSG00000178952	0.00015460697339783166
ENSG00000232045	0.00015449145731800314
ENSG00000162490	0.00015438940123154083
ENSG00000159256	0.0001543626298451957
ENSG00000124260	0.0001542823055139212
ENSG00000126768	0.00015425604156203324
ENSG00000172757	0.00015399597210922713
ENSG00000122194	0.0001539474013863115
ENSG00000156261	0.000153922498091081
ENSG00000107186	0.0001538252210398177
ENSG00000081051	0.0001537780915184253
ENSG00000198959	0.00015368896922915654
ENSG00000118257	0.0001536816047926475
ENSG00000118046	0.00015367080949934916
ENSG00000126581	0.00015365775957550934
ENSG00000120616	0.00015363966194423517
ENSG00000277564	0.0001535744629470526
ENSG00000130827	0.00015355359545695218
ENSG00000123552	0.0001535366889697842
ENSG00000052723	0.00015344455317582102
ENSG00000130741	0.000153441508708841
ENSG00000153914	0.00015342542547624593
ENSG00000125266	0.00015341557013182061
ENSG00000261371	0.00015336349444398546
ENSG00000281221	0.0001533555264018604
ENSG00000179454	0.00015334182754353831
ENSG00000156876	0.00015329701525191615
ENSG00000284126	0.00015322658760226948
ENSG00000173894	0.0001531487271734555
ENSG00000065150	0.0001531243653362888
ENSG00000156508	0.00015304967977314177
ENSG00000152413	0.00015304902294418262
ENSG00000104738	0.00015302386568259257
ENSG00000078043	0.0001530192281483407
ENSG00000181638	0.00015300187452043585
ENSG00000150995	0.00015294135906736696
ENSG00000179271	0.00015293667383347705
ENSG00000108344	0.00015292807783338447
ENSG00000174125	0.00015288453458715668
ENSG00000067955	0.00015287213028050903
ENSG00000130311	0.0001528533293142445
ENSG00000178084	0.00015282312366498365
ENSG00000196323	0.00015281906448552082
ENSG00000274442	0.00015258208957348297
ENSG00000146374	0.0001524793390024758
ENSG00000115170	0.00015241063396206862
ENSG00000080298	0.00015235473225291436
ENSG00000175073	0.00015228145425881767
ENSG00000115419	0.00015226857583408023
ENSG00000196290	0.00015222613389085713
ENSG00000114956	0.0001521418788934742
ENSG00000071537	0.00015212084886641146
ENSG00000083642	0.00015211472282662293
ENSG00000197905	0.00015211192739899958
ENSG00000076108	0.00015210861203616256
ENSG00000150867	0.00015205514563434677
ENSG00000259207	0.0001519231897524951
ENSG00000105732	0.0001519182943740622
ENSG00000033800	0.00015189995871719706
ENSG00000107984	0.00015182970832266249
ENSG00000111424	0.00015172525986364378
ENSG00000116747	0.00015156320249801064
ENSG00000123395	0.00015154027362908803
ENSG00000050820	0.00015149588636998048
ENSG00000140525	0.00015144663489828291
ENSG00000100811	0.00015143968727247207
ENSG00000066056	0.00015133167850494485
ENSG00000130656	0.00015132418486686218
ENSG00000140992	0.00015118949673227275
ENSG00000084207	0.0001511763860344261
ENSG00000241794	0.00015094450860055604
ENSG00000163602	0.0001508803462131305
ENSG00000137809	0.00015085186408116762
ENSG00000100201	0.00015084780626579386
ENSG00000143756	0.00015082950241269785
ENSG00000173757	0.00015078813076389413
ENSG00000164587	0.0001506905078139308
ENSG00000104671	0.00015068197960595148
ENSG00000139324	0.00015060038037801072
ENSG00000168283	0.0001505358598908895
ENSG00000177105	0.00015048505176971921
ENSG00000112996	0.0001504123818836716
ENSG00000128713	0.00015021634126959624
ENSG00000198087	0.00015019383692739774
ENSG00000273686	0.00015012268117141407
ENSG00000137193	0.0001500983184326749
ENSG00000274081	0.000150097761243298
ENSG00000134987	0.0001500597497566402
ENSG00000075292	0.00015002681902311828
ENSG00000085872	0.00015002563417255722
ENSG00000155329	0.00014993160214065882
ENSG00000170989	0.0001498943809156074
ENSG00000111199	0.00014984717372047278
ENSG00000017797	0.00014977297462472495
ENSG00000121060	0.00014970810128724793
ENSG00000171988	0.00014961050448164385
ENSG00000157540	0.00014953177920740856
ENSG00000198001	0.00014950608762882088
ENSG00000125347	0.00014949862316999607
ENSG00000101882	0.00014949235539263563
ENSG00000125445	0.00014945485226713987
ENSG00000119699	0.0001494413274410075
ENSG00000117505	0.0001494228823280877
ENSG00000061987	0.0001491846109283195
ENSG00000124731	0.00014915018749817014
ENSG00000163507	0.00014911345113291524
ENSG00000106571	0.0001491026698517987
ENSG00000128510	0.00014909070171694263
ENSG00000153982	0.00014885605100821452
ENSG00000168259	0.00014883468553471263
ENSG00000100842	0.00014881820300632366
ENSG00000110422	0.00014867792806290888
ENSG00000102981	0.00014866577047387204
ENSG00000042753	0.00014855597484636737
ENSG00000186469	0.00014853337685027715
ENSG00000119535	0.00014839169013636532
ENSG00000149480	0.0001483910718462613
ENSG00000102738	0.00014836991447182696
ENSG00000135945	0.00014833120796625042
ENSG00000108010	0.0001482279586363929
ENSG00000078098	0.0001481778126615763
ENSG00000120696	0.00014805748988637403
ENSG00000147044	0.00014804522875876177
ENSG00000125818	0.0001479414044980208
ENSG00000150753	0.00014793666239251583
ENSG00000037280	0.00014784661019410188
ENSG00000172115	0.00014784124587758984
ENSG00000102172	0.0001478371181834093
ENSG00000114346	0.00014782295922045224
ENSG00000147133	0.00014776455489247248
ENSG00000002746	0.00014764248764132925
ENSG00000171456	0.0001476309510912579
ENSG00000147065	0.00014750053217977023
ENSG00000160224	0.00014747089741545247
ENSG00000090339	0.000147421543276104
ENSG00000144867	0.00014741739607113843
ENSG00000156162	0.00014740332834391895
ENSG00000115524	0.00014739897564544077
ENSG00000110324	0.0001473746655184448
ENSG00000108813	0.00014728986601604524
ENSG00000058668	0.00014726492381175187
ENSG00000197070	0.00014721967147387634
ENSG00000112033	0.00014711852938806047
ENSG00000197265	0.00014701872251845862
ENSG00000132676	0.00014701293993966104
ENSG00000198730	0.00014700878720176752
ENSG00000066855	0.0001469677052178924
ENSG00000115540	0.0001468620835263441
ENSG00000130227	0.00014684737821364408
ENSG00000182173	0.00014681363149198975
ENSG00000142875	0.000146704082772667
ENSG00000177200	0.000146630042677732
ENSG00000261609	0.00014650103655041946
ENSG00000213931	0.00014649333341002193
ENSG00000127311	0.0001464885144100151
ENSG00000078399	0.00014648252783924605
ENSG00000102962	0.00014648018991254713
ENSG00000152104	0.0001464542350636266
ENSG00000123124	0.0001463415188970345
ENSG00000166963	0.000146336520285609
ENSG00000198561	0.00014626490915876065
ENSG00000164934	0.00014607154929274248
ENSG00000227322	0.00014606891888914052
ENSG00000160013	0.00014604647054568438
ENSG00000265190	0.00014602435960584084
ENSG00000081189	0.00014586228761989022
ENSG00000285435	0.0001458546806115741
ENSG00000006712	0.00014580756704779714
ENSG00000160551	0.0001458008421300536
ENSG00000137575	0.00014572886411779126
ENSG00000154727	0.0001455973110633226
ENSG00000007392	0.00014558791224324004
ENSG00000285152	0.00014554091111863612
ENSG00000116903	0.0001455259832189998
ENSG00000082258	0.00014544951552174944
ENSG00000127951	0.00014542351068697534
ENSG00000067829	0.00014525269993472307
ENSG00000182326	0.00014521576930260057
ENSG00000135903	0.00014517439802480225
ENSG00000136522	0.0001451717083047448
ENSG00000132466	0.00014515633806429858
ENSG00000185947	0.00014512924489478829
ENSG00000181852	0.00014507112358410476
ENSG00000163788	0.00014499116725315273
ENSG00000155100	0.00014498400014862899
ENSG00000186625	0.0001449474934474146
ENSG00000185338	0.00014480500534463334
ENSG00000015153	0.00014478762902238253
ENSG00000100852	0.0001447531869477667
ENSG00000158773	0.00014467038898057028
ENSG00000100462	0.00014463291556906214
ENSG00000184144	0.00014457931016735465
ENSG00000125810	0.00014454748557444813
ENSG00000136937	0.0001445180487368858
ENSG00000115946	0.0001444577221799701
ENSG00000159459	0.00014441883935496506
ENSG00000143556	0.00014438418692853432
ENSG00000163823	0.00014430610835341847
ENSG00000060339	0.0001441466753141069
ENSG00000198399	0.0001440882023244044
ENSG00000185900	0.00014407148797702295
ENSG00000062650	0.00014405215152216673
ENSG00000066044	0.0001440257450615497
ENSG00000123500	0.00014401011963334777
ENSG00000086200	0.0001439904592113911
ENSG00000131721	0.0001439341825895027
ENSG00000143515	0.00014385187391122102
ENSG00000175065	0.00014372075842037044
ENSG00000152683	0.00014370578063771717
ENSG00000131051	0.0001436642433347362
ENSG00000165997	0.00014359814244508363
ENSG00000114867	0.00014356861873622914
ENSG00000104447	0.00014328206058261203
ENSG00000108854	0.00014326158707455352
ENSG00000197635	0.0001432175685103548
ENSG00000104218	0.00014315792858261034
ENSG00000066933	0.000143146937351113
ENSG00000136536	0.0001431406500444202
ENSG00000168811	0.00014312829549958486
ENSG00000031691	0.00014276513095066567
ENSG00000183580	0.0001426787026765384
ENSG00000162892	0.00014265944911040233
ENSG00000183856	0.00014263085244819887
ENSG00000074181	0.00014257688409049962
ENSG00000188293	0.00014242836091697103
ENSG00000105229	0.00014242060130438777
ENSG00000136560	0.000142416314569451
ENSG00000145241	0.0001423854553684341
ENSG00000011028	0.0001423670668550845
ENSG00000180628	0.00014230265460978285
ENSG00000111321	0.00014223513326351754
ENSG00000107338	0.0001422060923492656
ENSG00000243989	0.00014218347206502744
ENSG00000173726	0.0001420140345572457
ENSG00000115421	0.00014198057390472398
ENSG00000107872	0.0001419442938090799
ENSG00000189299	0.00014177232987302077
ENSG00000124279	0.00014177151598090978
ENSG00000168461	0.0001417244976354427
ENSG00000185811	0.00014171359886791697
ENSG00000196199	0.00014160504679217788
ENSG00000065413	0.00014158569415333443
ENSG00000099341	0.00014158418227770816
ENSG00000143379	0.0001415783863220918
ENSG00000096060	0.00014152275172259099
ENSG00000274233	0.00014133793768900672
ENSG00000120802	0.0001413193681527307
ENSG00000133657	0.00014120870019546946
ENSG00000169057	0.00014119834893069576
ENSG00000188566	0.0001411909946135613
ENSG00000084674	0.0001410853163519546
ENSG00000142945	0.0001410548963571616
ENSG00000114439	0.0001408832593841127
ENSG00000147168	0.000140805004950528
ENSG00000100354	0.00014072520111372988
ENSG00000127914	0.00014069198055322537
ENSG00000161016	0.00014069084795724686
ENSG00000139133	0.0001405442740245423
ENSG00000103326	0.00014054390612337875
ENSG00000135624	0.00014046675758765716
ENSG00000144597	0.00014046066129219155
ENSG00000197616	0.0001404521403770417
ENSG00000124571	0.0001404073125567819
ENSG00000140678	0.00014039665357530479
ENSG00000073921	0.00014035324262302932
ENSG00000185049	0.00014031357426361437
ENSG00000010256	0.00014031083172895154
ENSG00000147854	0.00014030637969808578
ENSG00000138182	0.00014027247691713086
ENSG00000197056	0.00014013654318644142
ENSG00000112339	0.00014004746988888848
ENSG00000078142	0.00014001541813196545
ENSG00000139289	0.0001399875661296505
ENSG00000106511	0.00013996798574901416
ENSG00000177688	0.00013992936795531393
ENSG00000196878	0.00013991657108791006
ENSG00000177853	0.00013971387070155854
ENSG00000104892	0.0001397022398754629
ENSG00000138767	0.00013969486722021745
ENSG00000023516	0.00013968205786347242
ENSG00000147010	0.00013945606798242274
ENSG00000197771	0.00013942278425393205
ENSG00000110944	0.0001392621875226193
ENSG00000101986	0.00013921851010779445
ENSG00000197114	0.00013912567310912807
ENSG00000075188	0.0001391117379006194
ENSG00000093010	0.0001391025458643839
ENSG00000152332	0.00013904611515861876
ENSG00000066455	0.0001390150135492967
ENSG00000120699	0.0001389303505201387
ENSG00000180198	0.00013891243994904786
ENSG00000198961	0.00013889081691708204
ENSG00000196792	0.00013884814713480614
ENSG00000101265	0.00013881072612048265
ENSG00000170759	0.00013876451284887596
ENSG00000109534	0.000138745551069619
ENSG00000176853	0.0001387254763909904
ENSG00000126216	0.0001387109959786754
ENSG00000123066	0.00013853108315929418
ENSG00000090372	0.0001384965280062694
ENSG00000196154	0.0001384374535650079
ENSG00000138722	0.0001384136050359352
ENSG00000166197	0.00013833176432659033
ENSG00000176101	0.00013832898425969508
ENSG00000171453	0.00013831395500375142
ENSG00000146963	0.00013829290185052493
ENSG00000123358	0.00013825047073370012
ENSG00000164346	0.000138235234576143
ENSG00000160310	0.00013819803031893757
ENSG00000109685	0.00013819082225000596
ENSG00000123485	0.00013807022829344297
ENSG00000100211	0.0001378360578140121
ENSG00000164107	0.00013780840984107336
ENSG00000243284	0.00013769455315212534
ENSG00000152661	0.00013764697966567516
ENSG00000133059	0.00013764225525051538
ENSG00000174950	0.00013762610461322904
ENSG00000152284	0.00013760000927531788
ENSG00000130119	0.00013746419649501152
ENSG00000156795	0.00013740613273056029
ENSG00000047249	0.00013739592735551544
ENSG00000112697	0.0001373902703703937
ENSG00000124782	0.00013729261285020617
ENSG00000137221	0.00013722077038218946
ENSG00000092978	0.00013719791492320787
ENSG00000143632	0.00013719779450757283
ENSG00000204130	0.0001370564646250551
ENSG00000128422	0.0001370520916085608
ENSG00000101972	0.00013697419290378064
ENSG00000172869	0.00013697173751265078
ENSG00000166025	0.00013688290998885823
ENSG00000086061	0.00013686699560819813
ENSG00000117650	0.00013684236216232482
ENSG00000160957	0.00013680118092199647
ENSG00000198400	0.00013679021642604372
ENSG00000164463	0.0001367272989800988
ENSG00000215301	0.00013662293064163882
ENSG00000141744	0.000136612195863882
ENSG00000181104	0.00013659128334442822
ENSG00000174442	0.00013657253998319854
ENSG00000152242	0.00013648206741076704
ENSG00000067369	0.00013632165083711644
ENSG00000163636	0.00013622188313199829
ENSG00000030582	0.00013619824752433845
ENSG00000075131	0.00013612362954500473
ENSG00000173542	0.00013610322564717008
ENSG00000140983	0.00013607994871539728
ENSG00000106366	0.0001360600844408946
ENSG00000112077	0.00013599440667384045
ENSG00000057019	0.000135963699854874
ENSG00000276725	0.00013590397239492482
ENSG00000115232	0.00013588899855838875
ENSG00000156475	0.00013587543988058534
ENSG00000122406	0.00013582385683487446
ENSG00000116489	0.00013572985903860649
ENSG00000107290	0.00013570642737100816
ENSG00000129317	0.00013560258198248685
ENSG00000175221	0.00013555226402426764
ENSG00000101460	0.00013546329900728258
ENSG00000159217	0.00013542358968554228
ENSG00000118729	0.00013541626637038795
ENSG00000197756	0.00013540440986589407
ENSG00000168813	0.00013538997080711094
ENSG00000140600	0.0001353796242944999
ENSG00000169474	0.0001353596455072133
ENSG00000241839	0.0001353366482017649
ENSG00000108262	0.00013532341018891595
ENSG00000138756	0.00013527713871260686
ENSG00000111875	0.00013524704526273536
ENSG00000100162	0.00013518390212508786
ENSG00000169359	0.00013514760242129822
ENSG00000088205	0.00013513306402053828
ENSG00000108679	0.00013504520059446625
ENSG00000112742	0.00013500357881875375
ENSG00000102218	0.000134901349472727
ENSG00000161638	0.00013470632106320375
ENSG00000156482	0.0001346983790590971
ENSG00000116459	0.00013468563193940697
ENSG00000079308	0.00013461723797106705
ENSG00000172500	0.00013461474771327717
ENSG00000198162	0.00013460254620947681
ENSG00000094880	0.0001345945359027318
ENSG00000185515	0.0001345779953209918
ENSG00000184374	0.00013455722477114575
ENSG00000146263	0.00013447541103099947
ENSG00000275434	0.00013445622756435928
ENSG00000104886	0.00013445328417957748
ENSG00000077348	0.00013430387065181405
ENSG00000163737	0.00013424756154693888
ENSG00000196659	0.0001342320545964614
ENSG00000148634	0.00013422255978859463
ENSG00000125084	0.0001341990113469085
ENSG00000133119	0.00013409350212186428
ENSG00000088930	0.00013406148369696954
ENSG00000198108	0.0001339923903430863
ENSG00000108946	0.00013385275670523854
ENSG00000135870	0.00013383501012425168
ENSG00000115461	0.000133779592078651
ENSG00000111231	0.0001337592462951648
ENSG00000183087	0.00013374094249561674
ENSG00000143669	0.00013373927691998346
ENSG00000127824	0.00013369441587336364
ENSG00000184363	0.00013369191675493384
ENSG00000077092	0.00013363430747112854
ENSG00000105483	0.0001336110070713999
ENSG00000155097	0.0001335842104763925
ENSG00000169469	0.0001335662109079003
ENSG00000143418	0.00013354823985051376
ENSG00000145715	0.00013351550945675433
ENSG00000139679	0.00013351426480524083
ENSG00000134107	0.00013343551631142398
ENSG00000104419	0.00013341765822467405
ENSG00000277956	0.00013329997252484887
ENSG00000121297	0.00013329877048425573
ENSG00000133250	0.00013327432430964274
ENSG00000112333	0.000133230227277821
ENSG00000090382	0.00013310028471415106
ENSG00000088305	0.0001330469327520936
ENSG00000128881	0.00013301653592713236
ENSG00000101150	0.00013295033151023846
ENSG00000125730	0.0001328604287686639
ENSG00000151617	0.00013269403566108543
ENSG00000017427	0.0001326609584792287
ENSG00000174130	0.00013255029085570627
ENSG00000127947	0.0001323136952702938
ENSG00000096063	0.00013227189482820044
ENSG00000128512	0.0001320916491119979
ENSG00000101197	0.00013205911381527618
ENSG00000165953	0.000132041098766476
ENSG00000176208	0.00013189534108562015
ENSG00000144034	0.00013187156297814157
ENSG00000164611	0.00013178181133194995
ENSG00000075618	0.0001317440019730075
ENSG00000112232	0.00013149883818288879
ENSG00000104852	0.00013148063054630723
ENSG00000112578	0.00013140150490084199
ENSG00000166925	0.00013137645045813506
ENSG00000095951	0.0001312610743874542
ENSG00000164081	0.00013125310856264586
ENSG00000108506	0.00013117061953431535
ENSG00000142534	0.00013112788201633029
ENSG00000153071	0.00013112105592101247
ENSG00000115163	0.000131115023090921
ENSG00000272886	0.00013106531339871825
ENSG00000213339	0.0001309751488710981
ENSG00000198795	0.00013089989630769158
ENSG00000174485	0.00013084220658549667
ENSG00000111652	0.00013081414815201028
ENSG00000062725	0.00013080386792772695
ENSG00000116898	0.000130570858187047
ENSG00000164506	0.00013047349195306152
ENSG00000284096	0.00013034128087778898
ENSG00000170423	0.0001303305948680081
ENSG00000101751	0.0001303161432930289
ENSG00000119969	0.00013027939343691664
ENSG00000132549	0.00013016584187755897
ENSG00000175354	0.0001301555435725621
ENSG00000117620	0.00013014018097744548
ENSG00000101843	0.0001301369432949519
ENSG00000125817	0.00013001538889957745
ENSG00000077942	0.0001299267761600135
ENSG00000144320	0.00012990204531831626
ENSG00000135218	0.0001298345689641903
ENSG00000144744	0.00012975680390341183
ENSG00000186001	0.00012963602026619603
ENSG00000171530	0.00012950380507999965
ENSG00000068028	0.0001294420911005527
ENSG00000138778	0.00012932507370714945
ENSG00000100216	0.00012925980366746307
ENSG00000170677	0.0001292394684873887
ENSG00000169217	0.00012917149955162245
ENSG00000160712	0.00012914476673867942
ENSG00000166579	0.0001291372263888201
ENSG00000170515	0.00012911521484411728
ENSG00000156711	0.0001291136109676196
ENSG00000149657	0.00012908460819876656
ENSG00000094804	0.0001290381251128806
ENSG00000145632	0.0001288468184260891
ENSG00000198887	0.0001288437047206289
ENSG00000056586	0.00012884258451099193
ENSG00000114423	0.000128839914743315
ENSG00000105698	0.00012883396474422645
ENSG00000133961	0.00012877166479907204
ENSG00000102786	0.00012864890965466112
ENSG00000024422	0.00012864077039406513
ENSG00000182578	0.00012854451699668802
ENSG00000204406	0.00012853420650309246
ENSG00000111790	0.0001284775849649334
ENSG00000079134	0.0001284587884476758
ENSG00000172336	0.00012842505467547104
ENSG00000135547	0.00012834616089864572
ENSG00000143514	0.00012825232565684636
ENSG00000138095	0.00012816353460105043
ENSG00000114861	0.0001281594248751241
ENSG00000180008	0.00012813430701249463
ENSG00000174373	0.0001281283388526783
ENSG00000171681	0.00012812151727025934
ENSG00000008838	0.00012801483649281184
ENSG00000107796	0.0001279466530096673
ENSG00000110955	0.00012788510262868737
ENSG00000110013	0.00012787367861969793
ENSG00000196565	0.00012785184585230563
ENSG00000085224	0.00012784099187818543
ENSG00000111605	0.0001278333088937476
ENSG00000064655	0.0001278030657688125
ENSG00000123091	0.00012755341668178863
ENSG00000142168	0.00012750503202019122
ENSG00000152049	0.00012741510792284305
ENSG00000136754	0.00012740104701226135
ENSG00000126787	0.00012737755504038802
ENSG00000132953	0.00012735528507295946
ENSG00000154237	0.00012734253248943052
ENSG00000007541	0.00012732496659571412
ENSG00000081277	0.0001273211240987699
ENSG00000117155	0.00012731847716931729
ENSG00000170608	0.00012730242042846608
ENSG00000143553	0.00012727873909155636
ENSG00000123104	0.00012723147263775524
ENSG00000170236	0.00012719538876933533
ENSG00000113460	0.00012717157004439453
ENSG00000146425	0.00012715559814694734
ENSG00000065559	0.00012709248782852297
ENSG00000066777	0.00012706993376399066
ENSG00000151687	0.00012703691005606848
ENSG00000119048	0.00012700199515295918
ENSG00000127329	0.0001268194930432421
ENSG00000161813	0.00012669892380742838
ENSG00000168397	0.00012668846643888802
ENSG00000175470	0.00012668205962541025
ENSG00000121741	0.00012658836735957333
ENSG00000169714	0.00012655369026268371
ENSG00000113595	0.00012646450380248117
ENSG00000115268	0.00012639529044577243
ENSG00000110713	0.00012638536460448865
ENSG00000101199	0.0001263827559658776
ENSG00000198265	0.0001263055244182533
ENSG00000107816	0.00012625385358729985
ENSG00000061273	0.00012624696776837853
ENSG00000180370	0.00012624660609509558
ENSG00000114446	0.00012620570578427432
ENSG00000100804	0.0001261745389480685
ENSG00000169016	0.0001261707471716263
ENSG00000179934	0.00012603356390768767
ENSG00000243130	0.00012599547518717702
ENSG00000060982	0.00012592164787683947
ENSG00000171223	0.00012587261643028856
ENSG00000058673	0.0001258662844726743
ENSG00000143106	0.00012584887290077612
ENSG00000099783	0.0001258273437515072
ENSG00000106591	0.00012571470887155723
ENSG00000171634	0.00012566570179320773
ENSG00000164941	0.00012564351474697263
ENSG00000184357	0.00012564290940022055
ENSG00000123349	0.0001256113285722274
ENSG00000174804	0.00012559413466639585
ENSG00000113845	0.00012554525042003323
ENSG00000130193	0.0001255054853779719
ENSG00000132386	0.00012534627189447303
ENSG00000125743	0.00012528228711049854
ENSG00000075426	0.00012526886327029392
ENSG00000169727	0.00012525722613999335
ENSG00000135249	0.00012506481777704555
ENSG00000204104	0.00012504194960321743
ENSG00000005810	0.00012502103982397743
ENSG00000116017	0.00012500475137165138
ENSG00000118873	0.0001249886267725473
ENSG00000118200	0.00012498201200960706
ENSG00000170581	0.00012497658544940147
ENSG00000138246	0.0001249495694608591
ENSG00000198373	0.00012494415284846624
ENSG00000131711	0.0001248946548198485
ENSG00000133812	0.0001248679943912501
ENSG00000184502	0.00012477534802184716
ENSG00000041357	0.0001247243773821337
ENSG00000064300	0.00012458827990490074
ENSG00000146535	0.00012456982382965328
ENSG00000169255	0.00012456405348966435
ENSG00000087303	0.00012453255088273353
ENSG00000132952	0.0001245029138762796
ENSG00000176105	0.00012449606028992706
ENSG00000187079	0.00012444037373894105
ENSG00000161036	0.00012442504692675334
ENSG00000183283	0.0001244155654585936
ENSG00000138035	0.00012435862956570212
ENSG00000173517	0.00012431944836915448
ENSG00000083520	0.000124315882443111
ENSG00000188229	0.00012431254486398955
ENSG00000124226	0.00012417215754708942
ENSG00000164070	0.00012405703520769053
ENSG00000163110	0.00012397756731603648
ENSG00000131910	0.0001239654248981233
ENSG00000064545	0.00012394018229297676
ENSG00000124217	0.00012391511950567206
ENSG00000113070	0.00012379724353602482
ENSG00000104897	0.00012378373046576947
ENSG00000096996	0.0001237834681999983
ENSG00000140368	0.00012377954270614226
ENSG00000184990	0.00012374120109924914
ENSG00000011258	0.00012362660341776004
ENSG00000113303	0.000123592825259532
ENSG00000072110	0.0001235780959717
ENSG00000185624	0.00012343922838971096
ENSG00000113810	0.00012339829020735946
ENSG00000183530	0.0001233604162579758
ENSG00000181789	0.00012334319271347724
ENSG00000011132	0.0001232821020178808
ENSG00000228836	0.00012327795145646486
ENSG00000177485	0.00012325153064318803
ENSG00000007237	0.00012320006512131067
ENSG00000124575	0.00012317217607838847
ENSG00000073712	0.00012316181214643698
ENSG00000128059	0.00012315275218938818
ENSG00000082175	0.0001231110401094726
ENSG00000163681	0.00012310864241517366
ENSG00000071553	0.00012308851058486026
ENSG00000184445	0.00012308023631368487
ENSG00000078808	0.00012305911038967932
ENSG00000136603	0.00012305131683733168
ENSG00000205683	0.00012299771718029723
ENSG00000118007	0.00012293586461778212
ENSG00000255150	0.0001228804867608103
ENSG00000116539	0.0001228632579953727
ENSG00000075702	0.0001226802910354723
ENSG00000136874	0.00012263711025452473
ENSG00000145623	0.0001226323953970605
ENSG00000120539	0.00012261941618436076
ENSG00000125755	0.00012249678428118355
ENSG00000169018	0.00012246170884518405
ENSG00000160633	0.00012239782704980727
ENSG00000103249	0.00012229048563724794
ENSG00000213079	0.00012222129226297133
ENSG00000119865	0.00012222001630656578
ENSG00000173692	0.00012220661604798406
ENSG00000099399	0.00012218554918680356
ENSG00000149131	0.00012216391342427527
ENSG00000169139	0.00012216128879199628
ENSG00000071189	0.0001221553861373879
ENSG00000164031	0.00012205751523713146
ENSG00000168785	0.00012204876389856041
ENSG00000275575	0.0001220159268955138
ENSG00000127054	0.00012199711217092053
ENSG00000142507	0.00012197487535143986
ENSG00000203879	0.000121818696198236
ENSG00000159082	0.00012181131671531487
ENSG00000266094	0.00012179551969665754
ENSG00000067900	0.00012177745716782693
ENSG00000186652	0.00012176110813381482
ENSG00000115827	0.00012173339843139083
ENSG00000163877	0.00012170201231683685
ENSG00000048405	0.00012166902408382152
ENSG00000035681	0.00012166602930028156
ENSG00000122786	0.0001216500063758883
ENSG00000131263	0.00012157272627120037
ENSG00000168078	0.00012148599281487302
ENSG00000082512	0.00012146711706672091
ENSG00000126012	0.0001214653723956687
ENSG00000061676	0.00012130231173343488
ENSG00000172493	0.00012128288059471685
ENSG00000103479	0.00012128145992803673
ENSG00000068654	0.00012124329940092966
ENSG00000125107	0.00012114640183965107
ENSG00000139174	0.00012113070391341031
ENSG00000076984	0.00012105361832764002
ENSG00000235107	0.00012096674488379419
ENSG00000143256	0.00012095828020374633
ENSG00000175634	0.00012095623115207922
ENSG00000119285	0.00012090194749466947
ENSG00000189180	0.00012080686067577487
ENSG00000138468	0.00012080231752576664
ENSG00000146587	0.00012079310886209379
ENSG00000176476	0.00012076100968938276
ENSG00000167526	0.00012072554748819685
ENSG00000104093	0.00012062472298961928
ENSG00000187109	0.00012059512083137397
ENSG00000019991	0.00012051063125969904
ENSG00000112237	0.00012050512532175712
ENSG00000181722	0.00012048775256058227
ENSG00000153250	0.00012041020745619843
ENSG00000118496	0.00012040660157232734
ENSG00000155744	0.00012040124878735754
ENSG00000120129	0.00012039578468997969
ENSG00000100311	0.00012038831279340058
ENSG00000198146	0.00012037129212893175
ENSG00000173575	0.00012037024557983406
ENSG00000049540	0.00012034639441931714
ENSG00000101596	0.00012033635257821811
ENSG00000113448	0.00012020424948776612
ENSG00000172239	0.00012018575668124852
ENSG00000168172	0.00012014858566627557
ENSG00000169288	0.00012013845366536579
ENSG00000168439	0.00012013822961833576
ENSG00000151655	0.00012012257845859901
ENSG00000064393	0.0001201114852480872
ENSG00000053900	0.00012010053426098321
ENSG00000182871	0.0001200675222834494
ENSG00000121774	0.0001199980781379759
ENSG00000012983	0.00011999412734584245
ENSG00000130826	0.00011994859357060509
ENSG00000162129	0.0001199381742472347
ENSG00000196262	0.00011990458000062554
ENSG00000100902	0.00011990362245786565
ENSG00000114391	0.00011986252772176669
ENSG00000060749	0.00011985648864548264
ENSG00000169851	0.00011985004914607318
ENSG00000101745	0.000119844863322203
ENSG00000184343	0.00011981887229909634
ENSG00000157500	0.00011980397537643437
ENSG00000107485	0.00011975598420493503
ENSG00000116161	0.00011975044554369613
ENSG00000131503	0.00011973825543774752
ENSG00000101224	0.00011968602835164995
ENSG00000063177	0.00011963403490053044
ENSG00000136535	0.00011960374711390621
ENSG00000110237	0.00011957396775990714
ENSG00000122512	0.00011957131208641328
ENSG00000074800	0.0001195562626682388
ENSG00000100083	0.0001195219253365871
ENSG00000154001	0.00011945469659939652
ENSG00000185008	0.00011944968049615
ENSG00000203785	0.00011942010964709906
ENSG00000165682	0.0001193225999521191
ENSG00000117000	0.00011929964462955045
ENSG00000244462	0.00011918717422866913
ENSG00000137947	0.0001191825001900041
ENSG00000169188	0.00011903454723885231
ENSG00000196632	0.00011901521149668503
ENSG00000112118	0.00011895329649330124
ENSG00000018189	0.00011893260211320171
ENSG00000170367	0.00011892686082689058
ENSG00000074211	0.000118899394662357
ENSG00000119421	0.00011881692550830425
ENSG00000008196	0.00011876362761379939
ENSG00000126756	0.00011860415902381188
ENSG00000164022	0.00011852518824251966
ENSG00000153956	0.00011851033199956243
ENSG00000130222	0.00011846402228621235
ENSG00000178538	0.00011838059485718922
ENSG00000185950	0.00011837225287240135
ENSG00000112984	0.00011836006521110217
ENSG00000073350	0.00011833223952315732
ENSG00000198825	0.00011828742755142466
ENSG00000163209	0.00011827434926647176
ENSG00000137770	0.0001182715136904739
ENSG00000165644	0.0001182336877878544
ENSG00000039560	0.00011822000649063075
ENSG00000116750	0.00011813394065630503
ENSG00000105173	0.00011801049761563501
ENSG00000158517	0.00011797550043225122
ENSG00000154096	0.00011794845283325028
ENSG00000176014	0.00011793481717731983
ENSG00000134318	0.00011790051126885468
ENSG00000150457	0.00011788015322018912
ENSG00000091157	0.00011785658646892924
ENSG00000198851	0.00011785481652569238
ENSG00000188647	0.00011784385260674835
ENSG00000288508	0.00011782024671534189
ENSG00000157020	0.00011781720676941051
ENSG00000125691	0.00011772152569466629
ENSG00000185129	0.00011765086492220359
ENSG00000111817	0.00011761849390070386
ENSG00000185504	0.00011758710294355244
ENSG00000116288	0.00011750795116447808
ENSG00000178999	0.00011748996790254717
ENSG00000034971	0.00011741831301203747
ENSG00000162980	0.00011739933845433756
ENSG00000186575	0.00011736698747619383
ENSG00000180182	0.00011735768666741638
ENSG00000145390	0.00011731746329953399
ENSG00000104833	0.0001172293141034685
ENSG00000130508	0.00011722045247545055
ENSG00000119318	0.00011719674005150092
ENSG00000169976	0.0001171124785020497
ENSG00000089195	0.0001170269899590307
ENSG00000166086	0.00011701992637756813
ENSG00000138688	0.00011700955881590408
ENSG00000117475	0.00011694948917355505
ENSG00000158402	0.00011682879521567903
ENSG00000162231	0.00011679045559384768
ENSG00000101452	0.00011677042745541001
ENSG00000126246	0.00011672744082222618
ENSG00000167658	0.0001166676246972923
ENSG00000169248	0.00011662655748717656
ENSG00000198554	0.0001165998246311675
ENSG00000100823	0.00011658201096912348
ENSG00000105851	0.00011657268739053973
ENSG00000156531	0.00011656590802863742
ENSG00000138814	0.00011648065528701857
ENSG00000116455	0.00011646216905056642
ENSG00000117569	0.00011642626355854517
ENSG00000186153	0.00011640288866636353
ENSG00000164007	0.00011639825700422342
ENSG00000092969	0.00011639599198088689
ENSG00000172349	0.00011637450760376675
ENSG00000101557	0.00011634199611407774
ENSG00000078177	0.00011633632751843996
ENSG00000147050	0.00011630649169833013
ENSG00000164134	0.00011629893747627505
ENSG00000203814	0.00011626881539684158
ENSG00000148229	0.00011617343878059537
ENSG00000151849	0.00011615725339462818
ENSG00000198160	0.00011607550761742118
ENSG00000167674	0.00011600230019527098
ENSG00000118705	0.00011595592913342995
ENSG00000169100	0.00011588999929625021
ENSG00000131437	0.00011588921867124143
ENSG00000177425	0.00011579668639443466
ENSG00000134070	0.00011578844235857941
ENSG00000089157	0.00011576414481105412
ENSG00000164180	0.00011567249949985775
ENSG00000138663	0.0001156460667007584
ENSG00000029534	0.00011561351424308386
ENSG00000144642	0.00011560128841299586
ENSG00000157103	0.00011559749313849784
ENSG00000170142	0.00011558157291568503
ENSG00000144554	0.00011557804649883194
ENSG00000114857	0.00011549164472991386
ENSG00000101040	0.0001154837426712502
ENSG00000173611	0.00011548117671603495
ENSG00000216937	0.00011544642664344156
ENSG00000171863	0.00011542789891335774
ENSG00000163320	0.00011538531032227646
ENSG00000123240	0.00011531663216774699
ENSG00000188120	0.00011529648455223762
ENSG00000206172	0.00011526610596660588
ENSG00000134874	0.00011526506913230691
ENSG00000024526	0.00011521497515082593
ENSG00000183258	0.00011520651629433067
ENSG00000161996	0.00011518661076626718
ENSG00000145012	0.0001151526954238809
ENSG00000169379	0.00011513588644685945
ENSG00000162775	0.0001151215396265046
ENSG00000134313	0.00011505541892495492
ENSG00000162733	0.00011502788745236501
ENSG00000129932	0.0001149286978588683
ENSG00000126214	0.00011479317081032016
ENSG00000170465	0.00011474732053964362
ENSG00000027847	0.00011470238852180083
ENSG00000138381	0.00011464384547821572
ENSG00000162601	0.0001146251797439104
ENSG00000204103	0.00011459000671581746
ENSG00000131378	0.00011448237993206593
ENSG00000159140	0.00011446071258302342
ENSG00000178053	0.00011439617137804433
ENSG00000133275	0.00011437085790558542
ENSG00000213047	0.00011436656248333044
ENSG00000112365	0.00011434148166122892
ENSG00000233822	0.00011433330259220709
ENSG00000264364	0.00011428243967552479
ENSG00000158711	0.00011421481274887734
ENSG00000133740	0.00011397464741169292
ENSG00000105197	0.00011395879531326274
ENSG00000163207	0.00011394776439825289
ENSG00000079805	0.0001139370116674994
ENSG00000095370	0.0001139210802520029
ENSG00000011485	0.00011390452067128415
ENSG00000139329	0.00011389995041164704
ENSG00000115942	0.00011385777996549326
ENSG00000197170	0.00011385563829590821
ENSG00000165757	0.00011385456662578565
ENSG00000145147	0.00011384025775724604
ENSG00000137574	0.00011376045998502154
ENSG00000117148	0.0001137243078060653
ENSG00000147689	0.00011370634542484339
ENSG00000049759	0.00011369009936224554
ENSG00000105472	0.00011367809829588755
ENSG00000131828	0.00011366228246636587
ENSG00000104154	0.00011365691841779236
ENSG00000170638	0.00011363569306750378
ENSG00000142546	0.00011361901468705879
ENSG00000186716	0.00011354986996443089
ENSG00000135336	0.0001133689912122414
ENSG00000167779	0.00011336383455359033
ENSG00000149357	0.00011335342437377651
ENSG00000232367	0.00011331504755740849
ENSG00000183291	0.00011330960473289914
ENSG00000100395	0.00011329445233783039
ENSG00000186566	0.00011324003248965999
ENSG00000155313	0.00011322837809261331
ENSG00000113643	0.00011318234841738124
ENSG00000139746	0.000113147835226068
ENSG00000130811	0.0001131462855335839
ENSG00000092148	0.00011313315978405899
ENSG00000183808	0.00011308543629731442
ENSG00000163930	0.00011307426416665702
ENSG00000198900	0.00011295893463487588
ENSG00000138411	0.00011291649368939964
ENSG00000005194	0.00011278675086807963
ENSG00000100403	0.00011275138786842186
ENSG00000164663	0.00011273727571163176
ENSG00000169946	0.0001127277537817787
ENSG00000070950	0.00011271619275012585
ENSG00000285387	0.00011268341363301581
ENSG00000135521	0.00011258466820106042
ENSG00000152234	0.00011254376627385414
ENSG00000166012	0.00011254148910799516
ENSG00000136448	0.00011252842855466097
ENSG00000145414	0.00011249414495448286
ENSG00000163219	0.00011248788696162028
ENSG00000288401	0.0001124781223087733
ENSG00000163611	0.00011246073053741477
ENSG00000168014	0.00011245810328741211
ENSG00000114125	0.00011238145217147948
ENSG00000163867	0.00011234985554164341
ENSG00000187778	0.00011231936645300643
ENSG00000158987	0.00011231805672459731
ENSG00000122545	0.00011213807734022452
ENSG00000116127	0.00011213015448472608
ENSG00000102780	0.00011212251224120694
ENSG00000169896	0.00011211016727040176
ENSG00000151414	0.0001120455824083801
ENSG00000138744	0.0001120053938841506
ENSG00000178363	0.0001119930700377347
ENSG00000182667	0.0001119825705199392
ENSG00000127603	0.00011196890976450925
ENSG00000144747	0.00011195859005180115
ENSG00000184281	0.00011195507886090608
ENSG00000117394	0.000111912602999196
ENSG00000143761	0.00011188964047871043
ENSG00000198586	0.00011182666313186841
ENSG00000186832	0.00011174702556746919
ENSG00000148498	0.00011172834817132559
ENSG00000005844	0.00011172142264023249
ENSG00000105085	0.0001116720303854968
ENSG00000143226	0.00011159593630658864
ENSG00000095261	0.00011151819176491402
ENSG00000117523	0.00011135057510441721
ENSG00000147099	0.00011130147116704144
ENSG00000163156	0.00011125095236411046
ENSG00000051341	0.00011121331783390898
ENSG00000173372	0.00011119371751685536
ENSG00000065054	0.000111123507479802
ENSG00000130203	0.00011112281717558329
ENSG00000113300	0.00011105691062284672
ENSG00000085382	0.00011096308019440503
ENSG00000182533	0.00011093702916388969
ENSG00000101624	0.00011081440944423443
ENSG00000118193	0.00011080221961610521
ENSG00000108590	0.0001107953080277018
ENSG00000197249	0.00011076901742104082
ENSG00000137171	0.0001107239091047191
ENSG00000166263	0.0001106899900094054
ENSG00000074590	0.00011068928611710625
ENSG00000144426	0.00011061745824845603
ENSG00000116641	0.00011060508125478319
ENSG00000131626	0.0001105960453646952
ENSG00000281320	0.00011055842257980904
ENSG00000215305	0.00011040693162498709
ENSG00000146463	0.00011040198966819199
ENSG00000157193	0.00011038982980450064
ENSG00000167978	0.00011026941979847709
ENSG00000269556	0.0001102693274108101
ENSG00000221823	0.0001101801650640953
ENSG00000117625	0.00011012102789087702
ENSG00000206181	0.00011010412595752435
ENSG00000278540	0.00011009959555027562
ENSG00000178966	0.00011009508587879715
ENSG00000113657	0.00011009245465331971
ENSG00000168118	0.00011006462498038026
ENSG00000167721	0.00011005076862525026
ENSG00000123636	0.00011003068387870364
ENSG00000130382	0.0001100266729636236
ENSG00000101457	0.00011001340717242084
ENSG00000155561	0.00010998511442023801
ENSG00000013561	0.0001099554223385742
ENSG00000183098	0.00010991300381078729
ENSG00000243156	0.00010990305818427838
ENSG00000106397	0.00010989990873949828
ENSG00000075945	0.00010985788176726671
ENSG00000178177	0.00010978045614696635
ENSG00000185745	0.00010969241566383212
ENSG00000118454	0.00010966994204464976
ENSG00000255529	0.00010965758665488538
ENSG00000135070	0.00010952167730420659
ENSG00000284021	0.00010950143235421544
ENSG00000065268	0.00010950014599674069
ENSG00000172167	0.00010945040843192588
ENSG00000115935	0.00010944794860963862
ENSG00000109819	0.00010944615763341264
ENSG00000185800	0.00010943615589558202
ENSG00000068366	0.00010942469217295524
ENSG00000163349	0.00010941394986387785
ENSG00000196236	0.00010937508724527028
ENSG00000136381	0.00010932115281643257
ENSG00000178726	0.00010929642239415296
ENSG00000240563	0.00010927670543661028
ENSG00000099940	0.0001092689991408198
ENSG00000104368	0.00010925116623622479
ENSG00000005075	0.00010925031213148312
ENSG00000184117	0.00010922871189573829
ENSG00000075415	0.00010917944887462099
ENSG00000132694	0.00010917274058825609
ENSG00000167207	0.00010913451965781292
ENSG00000108469	0.00010905378179431646
ENSG00000141551	0.00010899473896285046
ENSG00000206538	0.00010894473210556947
ENSG00000132849	0.00010893753456261084
ENSG00000173020	0.00010883644626053249
ENSG00000068885	0.00010881753462703386
ENSG00000127837	0.00010878594523714933
ENSG00000132382	0.00010876465824449362
ENSG00000175455	0.00010875352002474699
ENSG00000196937	0.00010874372882616524
ENSG00000101134	0.00010864058906824732
ENSG00000203852	0.00010855194848969423
ENSG00000198888	0.0001085432039323665
ENSG00000168653	0.00010847730401467835
ENSG00000101144	0.00010834903423162567
ENSG00000185130	0.00010829325518889871
ENSG00000052795	0.00010828632657539936
ENSG00000204899	0.00010827262662021269
ENSG00000141456	0.00010815882087734771
ENSG00000136261	0.00010813797972404005
ENSG00000135541	0.00010812883670972259
ENSG00000130830	0.00010812525293124954
ENSG00000120948	0.00010812083455591044
ENSG00000181788	0.00010811613060512183
ENSG00000182162	0.00010808625102394875
ENSG00000101856	0.00010802766779966407
ENSG00000136021	0.00010802168557518426
ENSG00000274290	0.00010792745155210141
ENSG00000175931	0.00010783505510514522
ENSG00000070882	0.00010783400304644914
ENSG00000277273	0.00010780911903899581
ENSG00000183137	0.00010780042981636181
ENSG00000162664	0.00010779184487938959
ENSG00000105640	0.00010768944364385293
ENSG00000164219	0.00010765394282827778
ENSG00000182718	0.00010761049138063674
ENSG00000189431	0.00010760358098775963
ENSG00000132688	0.0001075896000069475
ENSG00000167601	0.00010752646805408845
ENSG00000028277	0.00010748925923803338
ENSG00000163918	0.00010748835592267442
ENSG00000100453	0.00010748392469017635
ENSG00000182175	0.00010738800203448884
ENSG00000102030	0.00010737644043834103
ENSG00000127314	0.00010734398489366493
ENSG00000050344	0.00010734022131142065
ENSG00000174996	0.000107316034455694
ENSG00000188529	0.00010724208018921776
ENSG00000120690	0.000107231124820515
ENSG00000070423	0.00010722479418047887
ENSG00000189043	0.00010720737989106815
ENSG00000198523	0.0001071702601786846
ENSG00000125633	0.00010716186341986639
ENSG00000124216	0.00010715813860718528
ENSG00000182154	0.00010715690776742029
ENSG00000164342	0.00010713691700165384
ENSG00000080200	0.00010689511036668232
ENSG00000113889	0.0001068742675998899
ENSG00000084623	0.00010686615396734289
ENSG00000116147	0.0001068422655973431
ENSG00000273079	0.0001068386459534913
ENSG00000184260	0.00010683776502896586
ENSG00000122566	0.00010682490972323417
ENSG00000117906	0.00010681860791775136
ENSG00000197256	0.00010674161177796443
ENSG00000162367	0.0001067396710314511
ENSG00000065883	0.00010672742144135497
ENSG00000117697	0.00010666678909355733
ENSG00000158270	0.00010665909793448765
ENSG00000161847	0.00010663229718974455
ENSG00000090376	0.00010658033596774637
ENSG00000100523	0.00010656770815748381
ENSG00000175414	0.00010650870700679097
ENSG00000244734	0.000106503280641334
ENSG00000100142	0.00010647983676672092
ENSG00000137601	0.00010636365981283777
ENSG00000135862	0.00010625915282591113
ENSG00000116095	0.00010624699252448252
ENSG00000196586	0.00010615737753082569
ENSG00000157111	0.00010615662786279555
ENSG00000147874	0.0001060861901674262
ENSG00000149557	0.00010607817857142434
ENSG00000130396	0.00010606530862841371
ENSG00000119787	0.00010600240418413352
ENSG00000113905	0.00010598569969921233
ENSG00000105829	0.00010597805685992854
ENSG00000131558	0.00010596264312061205
ENSG00000167491	0.00010593450567154124
ENSG00000102466	0.00010588198986615676
ENSG00000119616	0.00010587307639117372
ENSG00000157554	0.0001058349937321522
ENSG00000146143	0.0001058347892630731
ENSG00000206052	0.00010581215750395901
ENSG00000119707	0.00010571861279253387
ENSG00000054118	0.00010571571010477618
ENSG00000108387	0.00010570874986502775
ENSG00000112234	0.00010566043678746228
ENSG00000135503	0.0001055603087613538
ENSG00000254772	0.00010553778207175622
ENSG00000167635	0.00010550421800480353
ENSG00000123136	0.00010546188450208759
ENSG00000169515	0.0001054520220868954
ENSG00000115947	0.00010543620576381462
ENSG00000166037	0.0001053232689260846
ENSG00000113456	0.00010530708813433373
ENSG00000126945	0.00010527969442817162
ENSG00000058729	0.00010524282936358351
ENSG00000167754	0.00010523802631157107
ENSG00000030419	0.00010523582700728623
ENSG00000063978	0.00010512548087940384
ENSG00000122862	0.00010511893713824224
ENSG00000189308	0.00010510994548897222
ENSG00000101940	0.0001050913430847461
ENSG00000106086	0.00010508837841171628
ENSG00000116213	0.00010503012150523562
ENSG00000125971	0.00010500727592788763
ENSG00000124783	0.00010497057196825724
ENSG00000112208	0.00010495979315903732
ENSG00000163931	0.00010494025882613252
ENSG00000143476	0.00010493650688997888
ENSG00000074319	0.00010493073987458595
ENSG00000077238	0.00010489514429392582
ENSG00000282844	0.00010488530736564095
ENSG00000204843	0.0001048558463964237
ENSG00000162992	0.00010484629745859631
ENSG00000244005	0.00010482310662026207
ENSG00000073711	0.00010480206929887926
ENSG00000197969	0.00010476795234551612
ENSG00000183814	0.00010475366860286088
ENSG00000168411	0.00010453201251495612
ENSG00000106327	0.00010451730882373143
ENSG00000282947	0.00010448180017909673
ENSG00000100815	0.000104466841338692
ENSG00000101138	0.0001044323614967214
ENSG00000240303	0.00010439332530957066
ENSG00000162959	0.00010432545960708057
ENSG00000101892	0.00010431086634982918
ENSG00000137871	0.00010429441009477987
ENSG00000130479	0.00010428278786486275
ENSG00000107560	0.00010428169898412924
ENSG00000126226	0.00010425513820289715
ENSG00000064989	0.00010425345626216723
ENSG00000077522	0.00010424719221377152
ENSG00000157741	0.00010415080937299988
ENSG00000174437	0.00010412170444816735
ENSG00000152291	0.0001040947096135468
ENSG00000102908	0.00010404913830767688
ENSG00000111087	0.00010395918449153042
ENSG00000101849	0.00010394286534820758
ENSG00000196730	0.00010389059570915282
ENSG00000125352	0.00010387632247639677
ENSG00000109103	0.0001038668703437171
ENSG00000144891	0.00010369189616435588
ENSG00000197714	0.00010359314992415346
ENSG00000188878	0.00010359014513813072
ENSG00000006638	0.00010356469903114922
ENSG00000153989	0.00010355878393510123
ENSG00000112249	0.0001035392576676817
ENSG00000106333	0.0001035078717504007
ENSG00000162337	0.0001034770911358829
ENSG00000276561	0.00010344637911977759
ENSG00000164197	0.00010343933938063725
ENSG00000120820	0.0001034059348642274
ENSG00000198821	0.00010337836597128209
ENSG00000142166	0.00010337784699283001
ENSG00000100425	0.00010337406136026392
ENSG00000007080	0.00010333570445226539
ENSG00000171466	0.0001033250253173178
ENSG00000111725	0.00010330117286984564
ENSG00000101096	0.00010329165550612326
ENSG00000127412	0.00010324853042515249
ENSG00000163286	0.00010324678353135764
ENSG00000136813	0.00010314733330049162
ENSG00000141522	0.00010308735549127933
ENSG00000275052	0.00010308293488486974
ENSG00000174886	0.00010304084196870997
ENSG00000115295	0.00010302149255378426
ENSG00000140391	0.00010298901149210445
ENSG00000155926	0.0001029293420738042
ENSG00000116717	0.0001027435335863664
ENSG00000158636	0.00010272978099055218
ENSG00000064419	0.00010272758078843909
ENSG00000132718	0.00010267796378473368
ENSG00000168438	0.00010261769814615799
ENSG00000100379	0.00010251759802607286
ENSG00000125245	0.00010250789626020238
ENSG00000134574	0.00010246487401810118
ENSG00000158813	0.00010241575286313444
ENSG00000003400	0.00010238500566329734
ENSG00000113742	0.00010238195540830287
ENSG00000158717	0.00010230484566637138
ENSG00000115661	0.00010228821170854479
ENSG00000088832	0.00010227170868661837
ENSG00000123562	0.00010224810815853569
ENSG00000132664	0.00010222433841737503
ENSG00000115816	0.00010219947545456141
ENSG00000117533	0.00010218385647582792
ENSG00000157077	0.00010217411439881596
ENSG00000108587	0.00010217320082228172
ENSG00000103653	0.00010210819974236549
ENSG00000228913	0.00010207878356685549
ENSG00000101017	0.00010206861809195541
ENSG00000081019	0.00010203739967706873
ENSG00000077458	0.00010202371119398656
ENSG00000105726	0.0001020229747446762
ENSG00000197562	0.00010202230711140709
ENSG00000136122	0.00010200856132419352
ENSG00000153317	0.0001019545546478973
ENSG00000166170	0.00010195376260731544
ENSG00000102755	0.00010193397083246789
ENSG00000034152	0.00010188042924394308
ENSG00000130158	0.00010186134115891559
ENSG00000137547	0.00010181705724818816
ENSG00000102781	0.00010179722434253919
ENSG00000139926	0.00010176438455043022
ENSG00000069431	0.00010173620640160967
ENSG00000100280	0.00010168057366965266
ENSG00000042429	0.00010163545566734671
ENSG00000109184	0.00010138325116342993
ENSG00000135720	0.00010137665263307681
ENSG00000152409	0.00010136837891281354
ENSG00000126860	0.00010118798858155896
ENSG00000164190	0.00010118541529400925
ENSG00000169062	0.00010114239724905806
ENSG00000124422	0.00010113939382677288
ENSG00000278463	0.00010110756070383077
ENSG00000110075	0.00010106343372703742
ENSG00000151332	0.00010106091071752772
ENSG00000154380	0.00010101255308756655
ENSG00000170832	0.00010097442855938943
ENSG00000107187	0.00010090800755075756
ENSG00000126838	0.0001007842219235811
ENSG00000142544	0.00010070807907289878
ENSG00000157456	0.00010068678570732824
ENSG00000100316	0.00010067948562020476
ENSG00000132670	0.00010067433220191366
ENSG00000126861	0.00010066429129122969
ENSG00000113312	0.00010064978472515591
ENSG00000276043	0.00010061390907647493
ENSG00000119729	0.00010060634712290707
ENSG00000154723	0.0001005768225770193
ENSG00000145817	0.00010057409895674849
ENSG00000196811	0.000100561842122883
ENSG00000164032	0.00010052067448761725
ENSG00000137692	0.00010047138117929186
ENSG00000116473	0.00010046363725508749
ENSG00000167657	0.00010043692479876683
ENSG00000198756	0.00010042379280385689
ENSG00000119878	0.00010038810269752952
ENSG00000142655	0.00010037983959068536
ENSG00000089682	0.00010035971709244927
ENSG00000113649	0.00010017745201054496
ENSG00000143337	0.00010016485364198543
ENSG00000083845	0.00010016075740145768
ENSG00000058091	0.00010010491437353303
ENSG00000173163	0.00010000630960615826
ENSG00000065060	9.999931061164294e-05
ENSG00000120937	9.999752823327018e-05
ENSG00000006659	9.996432988202651e-05
ENSG00000144713	9.992058602467352e-05
ENSG00000076201	9.991535995054273e-05
ENSG00000181610	9.988903283325173e-05
ENSG00000197961	9.988284365279651e-05
ENSG00000185728	9.986206422981786e-05
ENSG00000135046	9.984318327091358e-05
ENSG00000138175	9.983401166535987e-05
ENSG00000198015	9.981618434093438e-05
ENSG00000133243	9.976735367942973e-05
ENSG00000126067	9.976412140880207e-05
ENSG00000175097	9.973603883492361e-05
ENSG00000166888	9.96714867538723e-05
ENSG00000124486	9.966649189180304e-05
ENSG00000130307	9.964678020861504e-05
ENSG00000118579	9.963977992508156e-05
ENSG00000140416	9.960193071617662e-05
ENSG00000162688	9.958025754391997e-05
ENSG00000111664	9.95666067121435e-05
ENSG00000182568	9.953342655542877e-05
ENSG00000131469	9.949804473293708e-05
ENSG00000165672	9.9477676086787e-05
ENSG00000173068	9.94551394730455e-05
ENSG00000163743	9.945461858799684e-05
ENSG00000169245	9.941129821987578e-05
ENSG00000113248	9.939446591886059e-05
ENSG00000069399	9.931567933734982e-05
ENSG00000182831	9.920492343839202e-05
ENSG00000136152	9.919280348975835e-05
ENSG00000089280	9.919216812430057e-05
ENSG00000138442	9.915866494610355e-05
ENSG00000135823	9.909445928835612e-05
ENSG00000007923	9.907217322995557e-05
ENSG00000174903	9.906250421673857e-05
ENSG00000078053	9.905332769326333e-05
ENSG00000067992	9.902817256699767e-05
ENSG00000168883	9.901023182089456e-05
ENSG00000153560	9.900236985544926e-05
ENSG00000131507	9.896533082111598e-05
ENSG00000181555	9.89049810248662e-05
ENSG00000081014	9.889560098553191e-05
ENSG00000187240	9.887719331079875e-05
ENSG00000111727	9.874997474171235e-05
ENSG00000157303	9.871028337402763e-05
ENSG00000185278	9.870614433599503e-05
ENSG00000277633	9.868599471044722e-05
ENSG00000008988	9.867455199947461e-05
ENSG00000153201	9.86352612150923e-05
ENSG00000121454	9.863073933435307e-05
ENSG00000244754	9.86217174838278e-05
ENSG00000134686	9.860934576677249e-05
ENSG00000228405	9.85715405112806e-05
ENSG00000141385	9.83580141470262e-05
ENSG00000187231	9.83195775309819e-05
ENSG00000151239	9.826037574897651e-05
ENSG00000166900	9.826022803450428e-05
ENSG00000119041	9.817272430075435e-05
ENSG00000105677	9.812831325575019e-05
ENSG00000101247	9.812037639663168e-05
ENSG00000185104	9.81143357098006e-05
ENSG00000144227	9.810366269673607e-05
ENSG00000111647	9.810166923367323e-05
ENSG00000124614	9.805035799611333e-05
ENSG00000184344	9.801418787893814e-05
ENSG00000131876	9.79000068261068e-05
ENSG00000198844	9.784950273354645e-05
ENSG00000197601	9.77797203278598e-05
ENSG00000184752	9.776996900900661e-05
ENSG00000125247	9.772644332923329e-05
ENSG00000173273	9.768626135402417e-05
ENSG00000111860	9.767495831059006e-05
ENSG00000136573	9.765563481114899e-05
ENSG00000166337	9.76455288515013e-05
ENSG00000145730	9.76434663329545e-05
ENSG00000143546	9.761755648417952e-05
ENSG00000181450	9.761740375579002e-05
ENSG00000104356	9.756620714422062e-05
ENSG00000171488	9.75617058085326e-05
ENSG00000167685	9.754762085973613e-05
ENSG00000174444	9.752298995249038e-05
ENSG00000127511	9.750910661975979e-05
ENSG00000171204	9.750897884800279e-05
ENSG00000105679	9.742688318219766e-05
ENSG00000142892	9.740187006155884e-05
ENSG00000104343	9.740001597736835e-05
ENSG00000169122	9.739158188906768e-05
ENSG00000276045	9.719660224221517e-05
ENSG00000128908	9.717387614961877e-05
ENSG00000035403	9.715432678550069e-05
ENSG00000165283	9.713624212376728e-05
ENSG00000110700	9.70788873409629e-05
ENSG00000186496	9.702133377067595e-05
ENSG00000258947	9.700098999362324e-05
ENSG00000183020	9.69941822956249e-05
ENSG00000119414	9.698374547338666e-05
ENSG00000112964	9.698192222959473e-05
ENSG00000141759	9.695376734557951e-05
ENSG00000138757	9.69370626171981e-05
ENSG00000172380	9.689205813461508e-05
ENSG00000069345	9.687009760952453e-05
ENSG00000139112	9.685773112350706e-05
ENSG00000100503	9.684489752330558e-05
ENSG00000111328	9.683312242672285e-05
ENSG00000185630	9.682089710419346e-05
ENSG00000187837	9.675440873181383e-05
ENSG00000174891	9.670001294086667e-05
ENSG00000188372	9.669576307682465e-05
ENSG00000114503	9.665168836199576e-05
ENSG00000170037	9.663678996189e-05
ENSG00000019582	9.662499635930622e-05
ENSG00000134250	9.661003019786286e-05
ENSG00000018236	9.660034939711209e-05
ENSG00000067842	9.657637310270789e-05
ENSG00000168936	9.656620431185084e-05
ENSG00000146828	9.651577208279449e-05
ENSG00000186951	9.649631965891662e-05
ENSG00000137094	9.649036330238575e-05
ENSG00000036054	9.649010341048777e-05
ENSG00000121579	9.648997527219745e-05
ENSG00000177455	9.645578162615216e-05
ENSG00000170542	9.645181336866641e-05
ENSG00000158022	9.64085465210443e-05
ENSG00000051825	9.640706842863667e-05
ENSG00000081320	9.635515096554549e-05
ENSG00000106723	9.625922730626115e-05
ENSG00000155111	9.625869661312292e-05
ENSG00000115956	9.621507294262221e-05
ENSG00000151458	9.618865392247466e-05
ENSG00000087206	9.616381525406763e-05
ENSG00000070366	9.612483186197689e-05
ENSG00000133026	9.608846309148418e-05
ENSG00000165494	9.605905987689052e-05
ENSG00000013810	9.603989454167101e-05
ENSG00000126267	9.603673703117325e-05
ENSG00000006125	9.602723499468983e-05
ENSG00000009954	9.596878811418456e-05
ENSG00000064225	9.596857456653033e-05
ENSG00000186185	9.595911681358351e-05
ENSG00000141867	9.595173904547911e-05
ENSG00000118946	9.5916252324983e-05
ENSG00000112651	9.587374662547692e-05
ENSG00000178502	9.578292739740811e-05
ENSG00000136108	9.572328269340169e-05
ENSG00000123094	9.568419970115122e-05
ENSG00000114316	9.562956211459801e-05
ENSG00000116062	9.562530306766491e-05
ENSG00000058804	9.558910147170906e-05
ENSG00000120594	9.550050153854575e-05
ENSG00000071655	9.548019759429484e-05
ENSG00000119630	9.54400051042959e-05
ENSG00000198774	9.542285591283321e-05
ENSG00000128228	9.540711432175796e-05
ENSG00000135698	9.53137395469059e-05
ENSG00000144935	9.529617097648783e-05
ENSG00000149806	9.528639325817435e-05
ENSG00000101346	9.526104073722304e-05
ENSG00000258429	9.525539840352882e-05
ENSG00000168065	9.518774868113501e-05
ENSG00000171960	9.51724137911213e-05
ENSG00000101639	9.514913181780576e-05
ENSG00000139180	9.513583349840037e-05
ENSG00000213024	9.511086776087587e-05
ENSG00000181847	9.509352180337577e-05
ENSG00000143119	9.5089794407677e-05
ENSG00000033327	9.500394917681339e-05
ENSG00000182263	9.496335710059255e-05
ENSG00000142867	9.49265704496528e-05
ENSG00000125775	9.489453281611472e-05
ENSG00000165527	9.487801803127823e-05
ENSG00000140990	9.486500369932601e-05
ENSG00000165806	9.484038490861568e-05
ENSG00000173769	9.483998523507465e-05
ENSG00000172667	9.482851334848225e-05
ENSG00000173166	9.482006112341551e-05
ENSG00000116809	9.481756020745265e-05
ENSG00000125779	9.480378439084232e-05
ENSG00000147687	9.478938221918803e-05
ENSG00000171487	9.475986425190471e-05
ENSG00000164111	9.475182817562336e-05
ENSG00000125870	9.466370069876553e-05
ENSG00000120149	9.465853636854013e-05
ENSG00000066739	9.463685985817389e-05
ENSG00000122705	9.461449586287447e-05
ENSG00000124233	9.460703406764235e-05
ENSG00000176623	9.456609785972025e-05
ENSG00000104613	9.454883051467156e-05
ENSG00000233927	9.45322158896968e-05
ENSG00000135424	9.452163700888076e-05
ENSG00000123364	9.442557642864954e-05
ENSG00000140465	9.441774565383412e-05
ENSG00000133048	9.437803524980393e-05
ENSG00000123505	9.436883137813687e-05
ENSG00000163820	9.436742302930847e-05
ENSG00000023892	9.434759755568282e-05
ENSG00000165338	9.432629370161101e-05
ENSG00000072849	9.431510108399746e-05
ENSG00000125482	9.428002610630603e-05
ENSG00000174606	9.425560111032013e-05
ENSG00000107882	9.423494461357422e-05
ENSG00000198171	9.422322338277759e-05
ENSG00000165525	9.421536319224205e-05
ENSG00000057608	9.41504416246427e-05
ENSG00000125249	9.410415118120585e-05
ENSG00000214413	9.404717131130998e-05
ENSG00000143155	9.401810139192519e-05
ENSG00000236251	9.39921330509413e-05
ENSG00000159224	9.398131621826654e-05
ENSG00000100941	9.394638987503873e-05
ENSG00000126602	9.392784706980618e-05
ENSG00000114573	9.390807826268249e-05
ENSG00000176194	9.389721869098466e-05
ENSG00000163344	9.386391029360787e-05
ENSG00000169231	9.385812050390294e-05
ENSG00000145741	9.384722250197724e-05
ENSG00000165409	9.382193448514552e-05
ENSG00000057663	9.378458607341188e-05
ENSG00000160888	9.374837900184943e-05
ENSG00000064703	9.369424603474576e-05
ENSG00000163635	9.368552739744426e-05
ENSG00000134516	9.3669335318423e-05
ENSG00000132912	9.366513345101595e-05
ENSG00000169744	9.365236808048474e-05
ENSG00000100055	9.356667996810684e-05
ENSG00000101974	9.354259957815154e-05
ENSG00000082996	9.352823314717374e-05
ENSG00000129625	9.343055416458918e-05
ENSG00000175416	9.342493378910349e-05
ENSG00000103769	9.342377323670381e-05
ENSG00000105671	9.338091267361525e-05
ENSG00000164758	9.335293355343518e-05
ENSG00000265241	9.331817107519244e-05
ENSG00000107938	9.3301808308683e-05
ENSG00000090054	9.329234230336426e-05
ENSG00000114120	9.32183097620597e-05
ENSG00000130702	9.317668905610428e-05
ENSG00000242689	9.316600281976705e-05
ENSG00000112936	9.314497000279601e-05
ENSG00000122861	9.314241024047714e-05
ENSG00000136231	9.309834180732185e-05
ENSG00000145495	9.306543308276606e-05
ENSG00000155659	9.304630689891624e-05
ENSG00000101210	9.303271957300437e-05
ENSG00000015676	9.30197901278975e-05
ENSG00000151502	9.301260114771483e-05
ENSG00000077420	9.297857317591331e-05
ENSG00000184900	9.294117298322482e-05
ENSG00000183918	9.289754071913338e-05
ENSG00000140682	9.288717259390883e-05
ENSG00000173559	9.283404334064521e-05
ENSG00000113318	9.282388901970242e-05
ENSG00000156735	9.277774684301554e-05
ENSG00000075856	9.277765237121762e-05
ENSG00000171148	9.272034835110048e-05
ENSG00000109133	9.266260122952515e-05
ENSG00000154721	9.263069019595083e-05
ENSG00000163512	9.259559925512128e-05
ENSG00000001631	9.257277070841636e-05
ENSG00000263001	9.245358534582338e-05
ENSG00000103154	9.244931999312349e-05
ENSG00000067836	9.243858485654343e-05
ENSG00000038358	9.241573771763453e-05
ENSG00000068878	9.240266019627599e-05
ENSG00000198836	9.23923088101106e-05
ENSG00000074054	9.239013185326912e-05
ENSG00000156299	9.238555902486133e-05
ENSG00000115694	9.238397218358434e-05
ENSG00000009307	9.23049943540057e-05
ENSG00000125447	9.229909848599906e-05
ENSG00000140941	9.225870237514952e-05
ENSG00000076706	9.219472899054876e-05
ENSG00000101365	9.217881697352729e-05
ENSG00000173193	9.210413443475101e-05
ENSG00000136810	9.209545863562823e-05
ENSG00000175216	9.209536835663316e-05
ENSG00000157107	9.208634414198168e-05
ENSG00000162402	9.204317484768636e-05
ENSG00000167113	9.203196739309883e-05
ENSG00000072832	9.202887088060813e-05
ENSG00000100292	9.202883190060531e-05
ENSG00000124356	9.200129331010914e-05
ENSG00000111615	9.199415659609625e-05
ENSG00000041982	9.198844637621012e-05
ENSG00000009790	9.197626671089954e-05
ENSG00000196873	9.196925031629779e-05
ENSG00000188404	9.196835574291098e-05
ENSG00000136271	9.195050603841664e-05
ENSG00000109424	9.193289872658987e-05
ENSG00000058262	9.19307984774309e-05
ENSG00000129354	9.192783586756009e-05
ENSG00000164162	9.190732423748744e-05
ENSG00000119231	9.189795810573179e-05
ENSG00000101191	9.185457849244869e-05
ENSG00000145861	9.180985261860875e-05
ENSG00000151247	9.179531139719091e-05
ENSG00000011304	9.178349250724487e-05
ENSG00000047315	9.17786331886645e-05
ENSG00000070886	9.177398164077919e-05
ENSG00000123575	9.175003522652833e-05
ENSG00000105695	9.173860679633698e-05
ENSG00000156374	9.170929066330328e-05
ENSG00000159593	9.165475815857612e-05
ENSG00000075420	9.163452362688005e-05
ENSG00000164654	9.163404249557151e-05
ENSG00000125901	9.161929835679777e-05
ENSG00000096006	9.161494053749765e-05
ENSG00000186038	9.158655922640355e-05
ENSG00000159259	9.156571183153136e-05
ENSG00000123159	9.156321969907774e-05
ENSG00000138092	9.15388251645971e-05
ENSG00000145990	9.153662661566304e-05
ENSG00000071082	9.153546710727507e-05
ENSG00000126785	9.151133733579802e-05
ENSG00000128276	9.151014816900659e-05
ENSG00000183853	9.138922206591081e-05
ENSG00000140379	9.137693647956333e-05
ENSG00000129988	9.135843402161214e-05
ENSG00000165699	9.133923087695509e-05
ENSG00000115085	9.133718130003616e-05
ENSG00000129691	9.132359708772103e-05
ENSG00000151967	9.129961575785168e-05
ENSG00000120658	9.126504839665924e-05
ENSG00000169418	9.124494767569884e-05
ENSG00000131408	9.124181043817398e-05
ENSG00000182670	9.119497126346749e-05
ENSG00000120215	9.118810539597174e-05
ENSG00000085760	9.118150600188127e-05
ENSG00000162236	9.112132264088615e-05
ENSG00000099246	9.109504638444364e-05
ENSG00000135999	9.105736624836792e-05
ENSG00000178057	9.105239696415586e-05
ENSG00000079616	9.102016813321867e-05
ENSG00000175866	9.101975205467604e-05
ENSG00000164118	9.100189404704345e-05
ENSG00000230989	9.098897405933006e-05
ENSG00000284254	9.095275408340295e-05
ENSG00000136732	9.092178763417807e-05
ENSG00000187954	9.091305045304304e-05
ENSG00000180644	9.089566724110787e-05
ENSG00000171311	9.088788839384127e-05
ENSG00000135451	9.087807998654193e-05
ENSG00000198276	9.085826315573535e-05
ENSG00000141380	9.074539241440559e-05
ENSG00000143977	9.071374293636894e-05
ENSG00000143653	9.070018735218247e-05
ENSG00000185774	9.064937537233182e-05
ENSG00000198720	9.064178978948903e-05
ENSG00000086827	9.0624792677094e-05
ENSG00000197557	9.06241985692385e-05
ENSG00000162441	9.061556920060389e-05
ENSG00000018408	9.060145816130623e-05
ENSG00000244687	9.054248777538265e-05
ENSG00000159110	9.05374017012704e-05
ENSG00000169504	9.052214651132949e-05
ENSG00000115289	9.046617594887256e-05
ENSG00000032444	9.045055237957267e-05
ENSG00000133997	9.044550676928499e-05
ENSG00000116962	9.043678725108018e-05
ENSG00000116039	9.040432951773588e-05
ENSG00000087470	9.038211946848105e-05
ENSG00000282905	9.033282310238465e-05
ENSG00000169856	9.032426982555942e-05
ENSG00000179115	9.030674830336113e-05
ENSG00000051128	9.030363337095047e-05
ENSG00000147274	9.029905574142402e-05
ENSG00000165392	9.01929502600582e-05
ENSG00000277481	9.017843798665145e-05
ENSG00000100429	9.015898340008658e-05
ENSG00000150672	9.014578159965465e-05
ENSG00000104885	9.014195047617482e-05
ENSG00000139154	9.013589027015381e-05
ENSG00000116663	9.012794892568385e-05
ENSG00000162849	9.011067984299871e-05
ENSG00000172172	9.00674255959653e-05
ENSG00000038274	9.006565616740695e-05
ENSG00000186810	9.006221472467583e-05
ENSG00000119596	9.004649496030049e-05
ENSG00000181544	9.004162941821034e-05
ENSG00000147257	9.002399472283888e-05
ENSG00000108309	9.000681711956882e-05
ENSG00000188015	9.000210318187592e-05
ENSG00000136861	8.995860213270536e-05
ENSG00000085644	8.990916250373339e-05
ENSG00000165804	8.990202369822438e-05
ENSG00000020922	8.988815656868619e-05
ENSG00000070808	8.986500920521539e-05
ENSG00000132824	8.982514415601112e-05
ENSG00000196793	8.978807421580909e-05
ENSG00000067066	8.976888335078741e-05
ENSG00000120925	8.97376003552851e-05
ENSG00000008294	8.963849511788495e-05
ENSG00000029725	8.963108512473095e-05
ENSG00000089902	8.96187227449375e-05
ENSG00000135100	8.950286552865862e-05
ENSG00000108528	8.9496510117214e-05
ENSG00000077152	8.948909036214945e-05
ENSG00000169118	8.94552087954013e-05
ENSG00000185340	8.944161251552655e-05
ENSG00000176788	8.943947718417772e-05
ENSG00000169249	8.938360260143226e-05
ENSG00000243955	8.937099468076711e-05
ENSG00000128595	8.935908441733838e-05
ENSG00000198901	8.932366657187188e-05
ENSG00000156471	8.925542417381876e-05
ENSG00000213949	8.922634367533163e-05
ENSG00000107447	8.921834884293595e-05
ENSG00000025772	8.915923743773872e-05
ENSG00000123545	8.914422528293911e-05
ENSG00000163909	8.908094148962374e-05
ENSG00000162191	8.90786232489179e-05
ENSG00000131495	8.904084168339666e-05
ENSG00000080371	8.902742159315118e-05
ENSG00000115138	8.901364322503507e-05
ENSG00000129170	8.898619732617412e-05
ENSG00000107669	8.897503228604982e-05
ENSG00000175756	8.896873937383757e-05
ENSG00000122741	8.896750990191831e-05
ENSG00000156931	8.895634166131859e-05
ENSG00000104313	8.895011057130837e-05
ENSG00000185479	8.892699826197205e-05
ENSG00000049323	8.890930963884206e-05
ENSG00000115009	8.890449319041735e-05
ENSG00000167005	8.88700321629686e-05
ENSG00000065000	8.886569125392567e-05
ENSG00000176903	8.886343728087397e-05
ENSG00000089775	8.885360409209716e-05
ENSG00000170122	8.880461127479485e-05
ENSG00000136950	8.879535595761757e-05
ENSG00000162961	8.878449236743611e-05
ENSG00000213585	8.877722266733752e-05
ENSG00000100796	8.875758850616695e-05
ENSG00000157087	8.875446380593269e-05
ENSG00000000938	8.87294707547131e-05
ENSG00000169019	8.871280403317812e-05
ENSG00000133872	8.871238149356504e-05
ENSG00000154832	8.868843939362438e-05
ENSG00000114744	8.867704776040275e-05
ENSG00000184678	8.867672523007527e-05
ENSG00000109381	8.864687370033111e-05
ENSG00000112110	8.862143991057069e-05
ENSG00000160949	8.853300463331401e-05
ENSG00000147421	8.849296151278361e-05
ENSG00000109756	8.847034435754817e-05
ENSG00000104142	8.846728179754489e-05
ENSG00000180447	8.846521797039756e-05
ENSG00000165512	8.844048708265694e-05
ENSG00000288299	8.842589426741657e-05
ENSG00000182149	8.838740937181454e-05
ENSG00000130748	8.838491412133791e-05
ENSG00000170471	8.835903866859049e-05
ENSG00000166484	8.835813308841458e-05
ENSG00000086598	8.834083254048254e-05
ENSG00000129993	8.83330562770039e-05
ENSG00000147381	8.829595578154288e-05
ENSG00000165219	8.826693661026073e-05
ENSG00000136100	8.824828535511244e-05
ENSG00000144674	8.81913047216382e-05
ENSG00000147432	8.815837364295913e-05
ENSG00000118473	8.813381937379419e-05
ENSG00000175203	8.811817214478451e-05
ENSG00000164329	8.806754084831252e-05
ENSG00000109790	8.803791443403691e-05
ENSG00000113645	8.802475842579676e-05
ENSG00000072315	8.793349191396326e-05
ENSG00000144224	8.793348733701608e-05
ENSG00000090061	8.789578592722155e-05
ENSG00000196664	8.787298479730145e-05
ENSG00000156467	8.781242029262967e-05
ENSG00000115718	8.778449930122206e-05
ENSG00000116266	8.76568757228986e-05
ENSG00000198728	8.759544179442707e-05
ENSG00000163104	8.759199476077185e-05
ENSG00000137822	8.758408741765082e-05
ENSG00000138622	8.757997672950279e-05
ENSG00000165732	8.75795431346366e-05
ENSG00000124198	8.756718650046016e-05
ENSG00000103196	8.7553213436057e-05
ENSG00000173110	8.7546772030487e-05
ENSG00000121067	8.753890158494703e-05
ENSG00000111837	8.751775746662737e-05
ENSG00000187608	8.751507143693148e-05
ENSG00000156697	8.75113946194288e-05
ENSG00000156831	8.749083998566728e-05
ENSG00000164953	8.748062876674483e-05
ENSG00000055950	8.745588510502784e-05
ENSG00000120251	8.740466550993456e-05
ENSG00000153814	8.734284756099321e-05
ENSG00000124795	8.727863652946519e-05
ENSG00000100410	8.724438823437096e-05
ENSG00000173275	8.722536858947607e-05
ENSG00000107815	8.720259172174515e-05
ENSG00000183048	8.716156837968879e-05
ENSG00000116670	8.714646465125952e-05
ENSG00000082014	8.714531160505393e-05
ENSG00000129151	8.708814228148457e-05
ENSG00000160307	8.708716252865995e-05
ENSG00000130224	8.708477858024023e-05
ENSG00000184408	8.707233489301772e-05
ENSG00000092054	8.705562098646341e-05
ENSG00000148308	8.699222401187748e-05
ENSG00000031823	8.69220331367095e-05
ENSG00000108984	8.691488344252401e-05
ENSG00000257365	8.68855141159664e-05
ENSG00000012211	8.687929269813861e-05
ENSG00000131459	8.685810938574676e-05
ENSG00000101189	8.685686775367837e-05
ENSG00000163220	8.685130850485522e-05
ENSG00000124209	8.683818060357444e-05
ENSG00000177169	8.682527806891655e-05
ENSG00000197530	8.673738821082143e-05
ENSG00000121570	8.669268260163417e-05
ENSG00000112038	8.667668510475425e-05
ENSG00000144724	8.667251990763089e-05
ENSG00000106299	8.6664873528225e-05
ENSG00000091009	8.663432574107407e-05
ENSG00000110711	8.662784019011363e-05
ENSG00000115685	8.658689899301709e-05
ENSG00000014216	8.651647745542883e-05
ENSG00000099381	8.648170190827465e-05
ENSG00000111229	8.630754467321301e-05
ENSG00000043355	8.630102693033092e-05
ENSG00000198743	8.625440428623859e-05
ENSG00000180263	8.623974140419665e-05
ENSG00000143450	8.620804181783798e-05
ENSG00000107581	8.620776728274352e-05
ENSG00000106080	8.620721239479825e-05
ENSG00000108306	8.620108071553522e-05
ENSG00000151461	8.619253982275047e-05
ENSG00000100225	8.613342285858275e-05
ENSG00000167461	8.608178159234895e-05
ENSG00000167136	8.607511840496757e-05
ENSG00000117408	8.605193492674775e-05
ENSG00000077279	8.604213275573424e-05
ENSG00000091879	8.601900717154963e-05
ENSG00000184270	8.599784295186792e-05
ENSG00000255423	8.597120717487851e-05
ENSG00000167645	8.589930098670995e-05
ENSG00000018510	8.587645039646644e-05
ENSG00000161405	8.584743927339527e-05
ENSG00000100351	8.58240145630809e-05
ENSG00000242485	8.578841395849567e-05
ENSG00000101335	8.576830859845823e-05
ENSG00000115368	8.570912754345872e-05
ENSG00000117385	8.565566262784561e-05
ENSG00000111537	8.560838933690043e-05
ENSG00000149948	8.560562388191877e-05
ENSG00000172575	8.560024057654924e-05
ENSG00000105983	8.559612835048389e-05
ENSG00000125885	8.559187063417976e-05
ENSG00000214078	8.557292803220905e-05
ENSG00000177058	8.556020005305499e-05
ENSG00000107262	8.554156572496821e-05
ENSG00000186081	8.552272093603838e-05
ENSG00000118513	8.550554374987752e-05
ENSG00000120068	8.550104255682791e-05
ENSG00000128944	8.548297278704638e-05
ENSG00000114480	8.547541310157709e-05
ENSG00000103540	8.544963506382053e-05
ENSG00000221978	8.542131319173399e-05
ENSG00000170248	8.540975288548733e-05
ENSG00000206579	8.54035625547098e-05
ENSG00000143882	8.53850503262112e-05
ENSG00000155363	8.536582711247142e-05
ENSG00000148180	8.53526077256192e-05
ENSG00000152944	8.52970206981957e-05
ENSG00000179262	8.528956526030027e-05
ENSG00000283780	8.526665747758993e-05
ENSG00000174010	8.526118221423771e-05
ENSG00000078114	8.525950634008861e-05
ENSG00000116016	8.524783977451031e-05
ENSG00000172175	8.522203644473412e-05
ENSG00000128159	8.52179972875735e-05
ENSG00000185787	8.519916897122716e-05
ENSG00000101216	8.519557594381406e-05
ENSG00000133704	8.51939830274815e-05
ENSG00000143801	8.512979559260675e-05
ENSG00000117069	8.508896139626754e-05
ENSG00000173145	8.507163730956744e-05
ENSG00000120253	8.506990789868444e-05
ENSG00000116824	8.501851720973894e-05
ENSG00000135164	8.496272191403188e-05
ENSG00000107890	8.491915538848762e-05
ENSG00000116701	8.491082659753842e-05
ENSG00000095970	8.483936026153446e-05
ENSG00000106399	8.483087293889547e-05
ENSG00000182004	8.478042487848656e-05
ENSG00000174021	8.475511051290904e-05
ENSG00000185231	8.47337133388081e-05
ENSG00000231268	8.472874598791665e-05
ENSG00000133895	8.47113868407537e-05
ENSG00000066294	8.47037429075679e-05
ENSG00000011332	8.467988443872447e-05
ENSG00000167232	8.466813102543639e-05
ENSG00000122180	8.465176233995477e-05
ENSG00000185634	8.465006982093701e-05
ENSG00000087365	8.461572803650986e-05
ENSG00000134283	8.46077432762109e-05
ENSG00000137161	8.460441113653701e-05
ENSG00000025434	8.451332026156062e-05
ENSG00000165629	8.449889461320889e-05
ENSG00000119844	8.448363822916591e-05
ENSG00000077080	8.447364253861073e-05
ENSG00000261992	8.447195001487793e-05
ENSG00000151694	8.444283614590329e-05
ENSG00000129116	8.437983786319239e-05
ENSG00000139220	8.436603963444189e-05
ENSG00000020633	8.434750049947464e-05
ENSG00000125430	8.427799337098972e-05
ENSG00000198223	8.424754012267657e-05
ENSG00000156603	8.423801768875605e-05
ENSG00000073008	8.423420003050191e-05
ENSG00000054523	8.423417133628887e-05
ENSG00000053372	8.423199867510843e-05
ENSG00000162747	8.421798712364065e-05
ENSG00000244067	8.421546707409196e-05
ENSG00000139668	8.421536357499278e-05
ENSG00000128266	8.421003705252658e-05
ENSG00000172243	8.420785260052095e-05
ENSG00000147130	8.420442708784366e-05
ENSG00000186834	8.418008171819717e-05
ENSG00000125965	8.416193249573212e-05
ENSG00000113522	8.413617319558574e-05
ENSG00000168000	8.411500742526073e-05
ENSG00000171346	8.410395031776322e-05
ENSG00000121966	8.40983776583941e-05
ENSG00000101082	8.409754576202278e-05
ENSG00000138303	8.403373788252148e-05
ENSG00000107758	8.402997362782977e-05
ENSG00000115365	8.399034604366311e-05
ENSG00000181090	8.396987286173349e-05
ENSG00000120533	8.396758297138651e-05
ENSG00000132591	8.394361616585589e-05
ENSG00000124557	8.39247489222008e-05
ENSG00000105610	8.389341790556132e-05
ENSG00000040341	8.388472194267146e-05
ENSG00000197223	8.385399916378066e-05
ENSG00000090013	8.383926543014796e-05
ENSG00000212935	8.376810844738948e-05
ENSG00000132825	8.373771866823042e-05
ENSG00000137449	8.3736697807931e-05
ENSG00000113368	8.372230417839183e-05
ENSG00000075391	8.369444966941478e-05
ENSG00000085365	8.368992652824305e-05
ENSG00000115884	8.368525577703315e-05
ENSG00000228083	8.368448566452258e-05
ENSG00000185842	8.363203823137923e-05
ENSG00000165197	8.363004147804575e-05
ENSG00000125753	8.362931380252575e-05
ENSG00000160218	8.362887460889383e-05
ENSG00000014138	8.361957902975313e-05
ENSG00000100473	8.360511216569821e-05
ENSG00000147571	8.358785542787052e-05
ENSG00000170624	8.358148810928523e-05
ENSG00000174106	8.357509491855473e-05
ENSG00000167613	8.357358393984046e-05
ENSG00000130935	8.357351046279387e-05
ENSG00000116984	8.356434284038834e-05
ENSG00000104872	8.355862537999821e-05
ENSG00000188419	8.355849890854226e-05
ENSG00000103496	8.35453264872963e-05
ENSG00000187123	8.346922105497192e-05
ENSG00000173402	8.342478938851073e-05
ENSG00000104388	8.33983834514917e-05
ENSG00000064309	8.334174391199124e-05
ENSG00000134265	8.328701254621087e-05
ENSG00000073050	8.327799355710213e-05
ENSG00000288453	8.326912629218363e-05
ENSG00000089048	8.326526065622166e-05
ENSG00000162063	8.325292678898623e-05
ENSG00000196305	8.32323752547787e-05
ENSG00000124157	8.315873655617971e-05
ENSG00000156873	8.315535257292036e-05
ENSG00000165288	8.311059521521212e-05
ENSG00000100325	8.306910058335534e-05
ENSG00000085514	8.306444492488078e-05
ENSG00000173482	8.305410310669459e-05
ENSG00000169291	8.301265653587562e-05
ENSG00000126583	8.296884401289875e-05
ENSG00000140153	8.294095957426312e-05
ENSG00000117450	8.292719108345247e-05
ENSG00000130255	8.288109971075066e-05
ENSG00000198252	8.286691321014531e-05
ENSG00000186732	8.279954377010013e-05
ENSG00000151224	8.279242974269895e-05
ENSG00000115091	8.279132990138717e-05
ENSG00000198034	8.276036596690993e-05
ENSG00000136068	8.274581158842122e-05
ENSG00000170775	8.269854699493546e-05
ENSG00000172590	8.267165462887958e-05
ENSG00000083535	8.267105359439241e-05
ENSG00000137207	8.266820369253645e-05
ENSG00000123473	8.266811844301646e-05
ENSG00000113851	8.263806453872956e-05
ENSG00000160813	8.26011291788198e-05
ENSG00000125968	8.25822529027682e-05
ENSG00000078246	8.254472501886472e-05
ENSG00000134419	8.2538814060367e-05
ENSG00000030304	8.252242860076463e-05
ENSG00000161270	8.250294201046755e-05
ENSG00000165215	8.246698126077265e-05
ENSG00000114650	8.243215660659279e-05
ENSG00000120071	8.242629061578338e-05
ENSG00000124702	8.241968494916549e-05
ENSG00000143742	8.241272119939837e-05
ENSG00000088356	8.24055904050276e-05
ENSG00000116661	8.234997285376023e-05
ENSG00000205250	8.230586792320759e-05
ENSG00000168894	8.229885389168778e-05
ENSG00000145782	8.228855239114693e-05
ENSG00000151422	8.22757201196133e-05
ENSG00000211456	8.226051536715087e-05
ENSG00000172197	8.220326518578112e-05
ENSG00000100028	8.220246501170438e-05
ENSG00000129515	8.220085667909965e-05
ENSG00000113569	8.219390139366695e-05
ENSG00000096088	8.218878865438627e-05
ENSG00000136504	8.218121981772795e-05
ENSG00000099308	8.217839718345869e-05
ENSG00000075089	8.21564781243089e-05
ENSG00000138430	8.210256825719826e-05
ENSG00000288217	8.207204666480244e-05
ENSG00000056277	8.206173116072256e-05
ENSG00000147509	8.203170158772178e-05
ENSG00000105649	8.199842047544278e-05
ENSG00000242515	8.197604638576482e-05
ENSG00000278570	8.197112834298448e-05
ENSG00000107864	8.194740504958741e-05
ENSG00000090520	8.194122407077458e-05
ENSG00000113282	8.193776400104973e-05
ENSG00000143442	8.19302927030925e-05
ENSG00000196954	8.190906085853718e-05
ENSG00000078699	8.185625655594639e-05
ENSG00000179021	8.183372871813172e-05
ENSG00000186310	8.183034639623713e-05
ENSG00000134882	8.178573667744558e-05
ENSG00000185730	8.178043123828082e-05
ENSG00000230143	8.168083401728636e-05
ENSG00000006715	8.167102183890336e-05
ENSG00000186184	8.165731501811116e-05
ENSG00000134970	8.162155938268213e-05
ENSG00000047634	8.15987719667951e-05
ENSG00000113430	8.158747006798085e-05
ENSG00000180879	8.158142544055131e-05
ENSG00000111203	8.157330868924353e-05
ENSG00000155827	8.153054544877053e-05
ENSG00000169884	8.151918505070183e-05
ENSG00000157510	8.148282682498888e-05
ENSG00000149100	8.147597801357261e-05
ENSG00000123329	8.14228787693886e-05
ENSG00000131013	8.142176452773976e-05
ENSG00000285339	8.13992240439889e-05
ENSG00000148053	8.130775429642724e-05
ENSG00000182185	8.129960880756118e-05
ENSG00000176058	8.126785120368769e-05
ENSG00000101473	8.120262379501931e-05
ENSG00000105819	8.118976969006869e-05
ENSG00000153283	8.118170178943592e-05
ENSG00000161970	8.117243745100848e-05
ENSG00000124333	8.114412690391261e-05
ENSG00000168944	8.11439422283797e-05
ENSG00000145494	8.109306452725e-05
ENSG00000157933	8.10250192780901e-05
ENSG00000173744	8.097932669238301e-05
ENSG00000178074	8.097895135404988e-05
ENSG00000163634	8.091179296442866e-05
ENSG00000107562	8.088394116158255e-05
ENSG00000288210	8.088099687296703e-05
ENSG00000166862	8.087164440118464e-05
ENSG00000130713	8.0855580962642e-05
ENSG00000107331	8.08376167264626e-05
ENSG00000154945	8.075290147205347e-05
ENSG00000143870	8.070391367535359e-05
ENSG00000130024	8.070302245182653e-05
ENSG00000153936	8.069571090261328e-05
ENSG00000141505	8.068766102882251e-05
ENSG00000086504	8.068213586250618e-05
ENSG00000104177	8.068029846588828e-05
ENSG00000096696	8.061029238466025e-05
ENSG00000188895	8.059669862692373e-05
ENSG00000143815	8.054202419740423e-05
ENSG00000154767	8.054111793596083e-05
ENSG00000178562	8.053136306420716e-05
ENSG00000101152	8.05209922414903e-05
ENSG00000160299	8.050177559761846e-05
ENSG00000117500	8.048462943148231e-05
ENSG00000288455	8.044424919873886e-05
ENSG00000119401	8.039429352360922e-05
ENSG00000113763	8.035588220542156e-05
ENSG00000285023	8.033956974041936e-05
ENSG00000115866	8.032757576913456e-05
ENSG00000125508	8.032334991082491e-05
ENSG00000109606	8.031061969311752e-05
ENSG00000167414	8.029088801074845e-05
ENSG00000198056	8.026418106906655e-05
ENSG00000060688	8.026263584227737e-05
ENSG00000196502	8.023690496056401e-05
ENSG00000109101	8.021436847874955e-05
ENSG00000124120	8.021338364798838e-05
ENSG00000166813	8.020296871592435e-05
ENSG00000101343	8.018251612432561e-05
ENSG00000066032	8.014690281292715e-05
ENSG00000104267	8.013412141098317e-05
ENSG00000117360	8.012952179167327e-05
ENSG00000129292	8.01170562414074e-05
ENSG00000088833	8.010560558725196e-05
ENSG00000105290	8.009172140110003e-05
ENSG00000157450	8.001251520575953e-05
ENSG00000116830	7.996091833470902e-05
ENSG00000112335	7.995753289272556e-05
ENSG00000106344	7.995721262365374e-05
ENSG00000272196	7.995057709052163e-05
ENSG00000104064	7.989842750178821e-05
ENSG00000111641	7.989059356380032e-05
ENSG00000277258	7.988910492240282e-05
ENSG00000128050	7.985564390861335e-05
ENSG00000243414	7.981881405346042e-05
ENSG00000154920	7.981706042091102e-05
ENSG00000137265	7.980497970197055e-05
ENSG00000120235	7.9730229927557e-05
ENSG00000129221	7.971476253114275e-05
ENSG00000075651	7.966436468089527e-05
ENSG00000148843	7.963513260077321e-05
ENSG00000276726	7.962848381366963e-05
ENSG00000158615	7.962669101792067e-05
ENSG00000187266	7.962126093096211e-05
ENSG00000141753	7.96168065959344e-05
ENSG00000124177	7.960467707218108e-05
ENSG00000160211	7.957998976548385e-05
ENSG00000003987	7.952966824003192e-05
ENSG00000101132	7.949479414323358e-05
ENSG00000282972	7.948496821331248e-05
ENSG00000197858	7.948053158525111e-05
ENSG00000176624	7.947474103237467e-05
ENSG00000144021	7.94678763440629e-05
ENSG00000188603	7.946355089557179e-05
ENSG00000179085	7.94569811028637e-05
ENSG00000125386	7.943421115825242e-05
ENSG00000135604	7.941207361816738e-05
ENSG00000168298	7.940843131058976e-05
ENSG00000176749	7.94059990130753e-05
ENSG00000173207	7.940059098294843e-05
ENSG00000138078	7.93626999974599e-05
ENSG00000114796	7.93557245717461e-05
ENSG00000102468	7.935239740381604e-05
ENSG00000105392	7.934414402259718e-05
ENSG00000184302	7.933091158291992e-05
ENSG00000185298	7.933062839200648e-05
ENSG00000119725	7.928546607751551e-05
ENSG00000137710	7.921524288389615e-05
ENSG00000100413	7.918193890276027e-05
ENSG00000112576	7.914137604441848e-05
ENSG00000143889	7.913141075322871e-05
ENSG00000184402	7.913040270185522e-05
ENSG00000174744	7.907410445650033e-05
ENSG00000100209	7.903136356275032e-05
ENSG00000152137	7.902607786011965e-05
ENSG00000011243	7.900912201650462e-05
ENSG00000204086	7.899691738271088e-05
ENSG00000275199	7.899298073674882e-05
ENSG00000108759	7.896124875439453e-05
ENSG00000025423	7.895758846542821e-05
ENSG00000118482	7.893797603856756e-05
ENSG00000092853	7.884738821038403e-05
ENSG00000284282	7.882950018254564e-05
ENSG00000122218	7.882806071570507e-05
ENSG00000172766	7.87972907174316e-05
ENSG00000104320	7.879703613302807e-05
ENSG00000105967	7.879241354045923e-05
ENSG00000211448	7.872930353680971e-05
ENSG00000150782	7.870611279554644e-05
ENSG00000166407	7.869841919761008e-05
ENSG00000135047	7.86924688314573e-05
ENSG00000085117	7.869088505385542e-05
ENSG00000068323	7.868819878932792e-05
ENSG00000179913	7.866818697825891e-05
ENSG00000130829	7.864436747837846e-05
ENSG00000160293	7.860301665137257e-05
ENSG00000150459	7.857515127327048e-05
ENSG00000150636	7.857129355752938e-05
ENSG00000160867	7.852632778737863e-05
ENSG00000114767	7.85156151079905e-05
ENSG00000161940	7.848921345900587e-05
ENSG00000122386	7.847111927948061e-05
ENSG00000167759	7.845808697582444e-05
ENSG00000100234	7.842387085753487e-05
ENSG00000187741	7.841225074000372e-05
ENSG00000281614	7.839097527682863e-05
ENSG00000284916	7.838957750647286e-05
ENSG00000180304	7.837528828455571e-05
ENSG00000233816	7.835806033604468e-05
ENSG00000213658	7.831337616971537e-05
ENSG00000281277	7.830408046694019e-05
ENSG00000283681	7.828219942260725e-05
ENSG00000137834	7.818308740905628e-05
ENSG00000125450	7.815945640823741e-05
ENSG00000138185	7.814960160916442e-05
ENSG00000160678	7.814670809321595e-05
ENSG00000152749	7.81418217816327e-05
ENSG00000047056	7.813409437420853e-05
ENSG00000273899	7.808512541344067e-05
ENSG00000100417	7.803709817970164e-05
ENSG00000196313	7.800803934163051e-05
ENSG00000085265	7.798722595560584e-05
ENSG00000157954	7.792237891722703e-05
ENSG00000100580	7.791387245952689e-05
ENSG00000143502	7.787794078416681e-05
ENSG00000129083	7.787251016457011e-05
ENSG00000138768	7.785442893230783e-05
ENSG00000120756	7.785060312890479e-05
ENSG00000134597	7.783278781103025e-05
ENSG00000174748	7.782886595598343e-05
ENSG00000092531	7.780675526591762e-05
ENSG00000180667	7.779198568496353e-05
ENSG00000085063	7.776580527631098e-05
ENSG00000170852	7.775953323048785e-05
ENSG00000146676	7.772874491873184e-05
ENSG00000168778	7.771837716846193e-05
ENSG00000163697	7.771437408445483e-05
ENSG00000125630	7.771241858283765e-05
ENSG00000143387	7.765806230659845e-05
ENSG00000168263	7.764578451771726e-05
ENSG00000103449	7.764227621689929e-05
ENSG00000174175	7.76157047496528e-05
ENSG00000061918	7.761223879367242e-05
ENSG00000221837	7.761137160795891e-05
ENSG00000088247	7.760283952608836e-05
ENSG00000072571	7.757011334802096e-05
ENSG00000153561	7.756623111694504e-05
ENSG00000005889	7.756129368448795e-05
ENSG00000135404	7.755382317490082e-05
ENSG00000178860	7.752550837418327e-05
ENSG00000059804	7.752422098266992e-05
ENSG00000179886	7.750098997183041e-05
ENSG00000103710	7.747741180563369e-05
ENSG00000111358	7.744513567346919e-05
ENSG00000062598	7.744330235203047e-05
ENSG00000128708	7.743932058879198e-05
ENSG00000134046	7.743173787888532e-05
ENSG00000152240	7.73989025973287e-05
ENSG00000162244	7.738720655020525e-05
ENSG00000135966	7.738397342407667e-05
ENSG00000025156	7.738327348022394e-05
ENSG00000273936	7.737937159186754e-05
ENSG00000107295	7.736300294836947e-05
ENSG00000102158	7.73582340348277e-05
ENSG00000151725	7.733737223782018e-05
ENSG00000167258	7.732608993817149e-05
ENSG00000166164	7.731402952062658e-05
ENSG00000114315	7.731180877703869e-05
ENSG00000137285	7.73018177106805e-05
ENSG00000186847	7.728684527847653e-05
ENSG00000230336	7.727610669539666e-05
ENSG00000102128	7.725724514282175e-05
ENSG00000079785	7.718093160874054e-05
ENSG00000177426	7.71775790880863e-05
ENSG00000138750	7.71758556489377e-05
ENSG00000116649	7.711813290764754e-05
ENSG00000188783	7.708615271128448e-05
ENSG00000187522	7.700962860819579e-05
ENSG00000134757	7.697814191452705e-05
ENSG00000171246	7.692410231679609e-05
ENSG00000183023	7.69112545262859e-05
ENSG00000170262	7.690365394388002e-05
ENSG00000136026	7.690046246467117e-05
ENSG00000150625	7.689366420402213e-05
ENSG00000077721	7.68728325781494e-05
ENSG00000277263	7.685798582879673e-05
ENSG00000125834	7.683784644656015e-05
ENSG00000186190	7.677657702426204e-05
ENSG00000142065	7.675159836873973e-05
ENSG00000250506	7.67486267293073e-05
ENSG00000136521	7.673462373824863e-05
ENSG00000123143	7.669388142784859e-05
ENSG00000133101	7.66867982303605e-05
ENSG00000122986	7.667632847976458e-05
ENSG00000085999	7.665187028134958e-05
ENSG00000109189	7.664997109599117e-05
ENSG00000134744	7.65987537230207e-05
ENSG00000129460	7.658439096582455e-05
ENSG00000119953	7.657846802266945e-05
ENSG00000127334	7.657827864032435e-05
ENSG00000221826	7.65387513216508e-05
ENSG00000133317	7.652723177022158e-05
ENSG00000122707	7.65034466534227e-05
ENSG00000102595	7.649277527328268e-05
ENSG00000037241	7.648345491973409e-05
ENSG00000117322	7.64546279132206e-05
ENSG00000180096	7.644451317638438e-05
ENSG00000135413	7.641060960000826e-05
ENSG00000123338	7.640557887830537e-05
ENSG00000167768	7.640517182250559e-05
ENSG00000166819	7.639772725381586e-05
ENSG00000140455	7.639238413955218e-05
ENSG00000104853	7.635398783970848e-05
ENSG00000198843	7.634190434206168e-05
ENSG00000197147	7.633112111746915e-05
ENSG00000171824	7.629227980960923e-05
ENSG00000132692	7.6268832127496e-05
ENSG00000108691	7.624865236694844e-05
ENSG00000115310	7.623453152228268e-05
ENSG00000104915	7.622750439315512e-05
ENSG00000205726	7.619329831461548e-05
ENSG00000131724	7.617127684789368e-05
ENSG00000091409	7.616225207185259e-05
ENSG00000132031	7.615049167248801e-05
ENSG00000113600	7.614640803379469e-05
ENSG00000134900	7.612668873516922e-05
ENSG00000133794	7.61097261113986e-05
ENSG00000134215	7.608602170541355e-05
ENSG00000089006	7.607363642991616e-05
ENSG00000108298	7.603417000553111e-05
ENSG00000147669	7.599609719969338e-05
ENSG00000106004	7.59418252821771e-05
ENSG00000105141	7.593961537892095e-05
ENSG00000113263	7.584634575104604e-05
ENSG00000282853	7.584410062938533e-05
ENSG00000105372	7.580646492434418e-05
ENSG00000113141	7.578776195276137e-05
ENSG00000106100	7.57612344491323e-05
ENSG00000121351	7.567987658027471e-05
ENSG00000116106	7.566522969796712e-05
ENSG00000146729	7.566329896570228e-05
ENSG00000171208	7.564667413885893e-05
ENSG00000083168	7.56461992150795e-05
ENSG00000118985	7.561575713930974e-05
ENSG00000102531	7.559223263155827e-05
ENSG00000073169	7.558230755366924e-05
ENSG00000109771	7.553780514439783e-05
ENSG00000186895	7.552224933906869e-05
ENSG00000074047	7.54305971787858e-05
ENSG00000187961	7.542937811157131e-05
ENSG00000171855	7.542770669875889e-05
ENSG00000155849	7.529140318855643e-05
ENSG00000197321	7.527611977099899e-05
ENSG00000168310	7.526361524713739e-05
ENSG00000011275	7.523438636296187e-05
ENSG00000182199	7.520977325952253e-05
ENSG00000173258	7.518919606227754e-05
ENSG00000171189	7.518171940726596e-05
ENSG00000277079	7.517345324594374e-05
ENSG00000101391	7.516063525781375e-05
ENSG00000172322	7.515124340961015e-05
ENSG00000163806	7.513376336247463e-05
ENSG00000008083	7.513249162025068e-05
ENSG00000136689	7.511737061870271e-05
ENSG00000114302	7.509570254647213e-05
ENSG00000184436	7.505777790112051e-05
ENSG00000137814	7.505147189284323e-05
ENSG00000122483	7.500880777468484e-05
ENSG00000148154	7.500526450936799e-05
ENSG00000165821	7.497284130498508e-05
ENSG00000115738	7.495567061224064e-05
ENSG00000019102	7.489048447594937e-05
ENSG00000004142	7.488329241546526e-05
ENSG00000171953	7.488010044912322e-05
ENSG00000119922	7.487674175922371e-05
ENSG00000113648	7.482029691570572e-05
ENSG00000165934	7.481376732267227e-05
ENSG00000178394	7.47465513954391e-05
ENSG00000119772	7.474302963293796e-05
ENSG00000175110	7.468261006601757e-05
ENSG00000170242	7.461142014385846e-05
ENSG00000138459	7.458592962040278e-05
ENSG00000083750	7.458532710859491e-05
ENSG00000153879	7.451064023924009e-05
ENSG00000188175	7.449228144720853e-05
ENSG00000145214	7.448840716268911e-05
ENSG00000117122	7.447976302151623e-05
ENSG00000139620	7.447652239701205e-05
ENSG00000004776	7.447519011547362e-05
ENSG00000130522	7.443165277185772e-05
ENSG00000113520	7.443142131523288e-05
ENSG00000032219	7.443030680112055e-05
ENSG00000143536	7.442863698417541e-05
ENSG00000100084	7.441999491003819e-05
ENSG00000139974	7.438477430017073e-05
ENSG00000169621	7.437710828244598e-05
ENSG00000163993	7.437023689062033e-05
ENSG00000159399	7.435884576027897e-05
ENSG00000104290	7.434576812622996e-05
ENSG00000071243	7.433811176165115e-05
ENSG00000124608	7.43201695708756e-05
ENSG00000149925	7.431183433294416e-05
ENSG00000173914	7.426197951030429e-05
ENSG00000135318	7.425148553836021e-05
ENSG00000124635	7.422085521003616e-05
ENSG00000179094	7.421116970409637e-05
ENSG00000103313	7.420624361094125e-05
ENSG00000137841	7.41877483356016e-05
ENSG00000122870	7.413333536484702e-05
ENSG00000136634	7.413115785108587e-05
ENSG00000099995	7.411287313455526e-05
ENSG00000169957	7.40798112251888e-05
ENSG00000231116	7.405551865292724e-05
ENSG00000212122	7.403642800864755e-05
ENSG00000044524	7.398499247629765e-05
ENSG00000146094	7.396856628683456e-05
ENSG00000070193	7.39463888867307e-05
ENSG00000092108	7.392862866527865e-05
ENSG00000214367	7.391952403453555e-05
ENSG00000174740	7.390376332454505e-05
ENSG00000141506	7.388896585847231e-05
ENSG00000149591	7.388239086242933e-05
ENSG00000101294	7.38698210093184e-05
ENSG00000198467	7.386883965537534e-05
ENSG00000019549	7.386801971469267e-05
ENSG00000119314	7.380472230970466e-05
ENSG00000135443	7.376854808267887e-05
ENSG00000109046	7.376282739869424e-05
ENSG00000154548	7.374639668944325e-05
ENSG00000274211	7.373388717308148e-05
ENSG00000155975	7.369898885543236e-05
ENSG00000117266	7.363147928559965e-05
ENSG00000159111	7.36256398774389e-05
ENSG00000008086	7.361809713403363e-05
ENSG00000133398	7.357126875139422e-05
ENSG00000103485	7.357119498236401e-05
ENSG00000143549	7.352566343741714e-05
ENSG00000197063	7.352461828835062e-05
ENSG00000184500	7.347696018559077e-05
ENSG00000132639	7.347499997818799e-05
ENSG00000183638	7.34621658870287e-05
ENSG00000171094	7.345414331679485e-05
ENSG00000120688	7.339285727713617e-05
ENSG00000163235	7.338391568275123e-05
ENSG00000162616	7.337386511159719e-05
ENSG00000079435	7.331869715360059e-05
ENSG00000110104	7.330618930250216e-05
ENSG00000136982	7.330553047992582e-05
ENSG00000198453	7.327729481084967e-05
ENSG00000120910	7.326433593030829e-05
ENSG00000005436	7.32534951740463e-05
ENSG00000182446	7.325152377270345e-05
ENSG00000261456	7.324260059093961e-05
ENSG00000275911	7.323221160868073e-05
ENSG00000129654	7.322763451374071e-05
ENSG00000231135	7.313224725478582e-05
ENSG00000087502	7.312738744542674e-05
ENSG00000105127	7.312038393936831e-05
ENSG00000069493	7.309677488113844e-05
ENSG00000162511	7.309240062241084e-05
ENSG00000186106	7.303767853356454e-05
ENSG00000169282	7.302776994576585e-05
ENSG00000076053	7.301631108372426e-05
ENSG00000026751	7.300181300506983e-05
ENSG00000005156	7.297889636914982e-05
ENSG00000102858	7.296503683143885e-05
ENSG00000170604	7.295989979445313e-05
ENSG00000106683	7.295356474856809e-05
ENSG00000144824	7.289133499258654e-05
ENSG00000123609	7.287967460819764e-05
ENSG00000075673	7.28421582338402e-05
ENSG00000160972	7.283213720083869e-05
ENSG00000198799	7.282780245586522e-05
ENSG00000100632	7.280357270753355e-05
ENSG00000040608	7.280134017010107e-05
ENSG00000104973	7.275900265099876e-05
ENSG00000092470	7.273922792304229e-05
ENSG00000178028	7.273678726786829e-05
ENSG00000113532	7.269128162780202e-05
ENSG00000160410	7.267200465370914e-05
ENSG00000130164	7.263914680150785e-05
ENSG00000115306	7.258498929196155e-05
ENSG00000173327	7.25799046636948e-05
ENSG00000139549	7.254684903894304e-05
ENSG00000145349	7.25456475122891e-05
ENSG00000179242	7.253575894879809e-05
ENSG00000168509	7.248316070442931e-05
ENSG00000108312	7.246925908770898e-05
ENSG00000154975	7.245905358377624e-05
ENSG00000185532	7.242655253279221e-05
ENSG00000147789	7.241029019793467e-05
ENSG00000157851	7.237108872727187e-05
ENSG00000101400	7.236491928417264e-05
ENSG00000105705	7.234278642038468e-05
ENSG00000179632	7.233866966192113e-05
ENSG00000177283	7.232539707475961e-05
ENSG00000164867	7.231804086042212e-05
ENSG00000159199	7.23106893520981e-05
ENSG00000175324	7.22786275312998e-05
ENSG00000105696	7.22369619446574e-05
ENSG00000084652	7.223211102920213e-05
ENSG00000166816	7.222605223941665e-05
ENSG00000068912	7.218969588983459e-05
ENSG00000124067	7.218234989540042e-05
ENSG00000032742	7.21810261148566e-05
ENSG00000113196	7.217830020530023e-05
ENSG00000174697	7.215686500797468e-05
ENSG00000169223	7.215358418780337e-05
ENSG00000167984	7.212862596107572e-05
ENSG00000198610	7.212687465750427e-05
ENSG00000170290	7.212347524704742e-05
ENSG00000141873	7.203777037629713e-05
ENSG00000099917	7.203389032588086e-05
ENSG00000116580	7.199800048853936e-05
ENSG00000184677	7.199428707750335e-05
ENSG00000105383	7.198730022535726e-05
ENSG00000174156	7.197518358248484e-05
ENSG00000010295	7.195735958006616e-05
ENSG00000163041	7.195100159177691e-05
ENSG00000105404	7.193127987200895e-05
ENSG00000075413	7.191445733912809e-05
ENSG00000122591	7.189449390258918e-05
ENSG00000159228	7.186596706160433e-05
ENSG00000139351	7.185422670414063e-05
ENSG00000105426	7.183038252043633e-05
ENSG00000145431	7.181563909567633e-05
ENSG00000156127	7.179540103721311e-05
ENSG00000113240	7.172875269684749e-05
ENSG00000136158	7.169901452281205e-05
ENSG00000284889	7.167460270042032e-05
ENSG00000138083	7.167062592531854e-05
ENSG00000175084	7.166287573571525e-05
ENSG00000066654	7.163630740016358e-05
ENSG00000120334	7.162816251077823e-05
ENSG00000075884	7.161980420991427e-05
ENSG00000162594	7.159132165042659e-05
ENSG00000137145	7.157802236242719e-05
ENSG00000237599	7.152464050765881e-05
ENSG00000111218	7.152258564557123e-05
ENSG00000274641	7.152187951402938e-05
ENSG00000104147	7.149430615301696e-05
ENSG00000180616	7.148780686786361e-05
ENSG00000163347	7.147993644752701e-05
ENSG00000164442	7.147403596961243e-05
ENSG00000165480	7.14231339939656e-05
ENSG00000118939	7.140752809683405e-05
ENSG00000106278	7.136138220989913e-05
ENSG00000157557	7.135727500754767e-05
ENSG00000121101	7.135383862622297e-05
ENSG00000175467	7.13356959032028e-05
ENSG00000141446	7.133211489821559e-05
ENSG00000134242	7.132828254071857e-05
ENSG00000076928	7.131327204624165e-05
ENSG00000113615	7.131078964824436e-05
ENSG00000103522	7.130441361252758e-05
ENSG00000273703	7.128695516263611e-05
ENSG00000126767	7.126023903556289e-05
ENSG00000214063	7.123529363241408e-05
ENSG00000184428	7.112483557159601e-05
ENSG00000121749	7.108236098651052e-05
ENSG00000102804	7.107651603187924e-05
ENSG00000105939	7.107148384577867e-05
ENSG00000078140	7.100470801553875e-05
ENSG00000130287	7.099691960553449e-05
ENSG00000147123	7.091891416615554e-05
ENSG00000189001	7.086573600459038e-05
ENSG00000115317	7.085282498970458e-05
ENSG00000073614	7.084139189252853e-05
ENSG00000100296	7.083410445145632e-05
ENSG00000185019	7.08294827778578e-05
ENSG00000197641	7.08273562932281e-05
ENSG00000196950	7.081893459707939e-05
ENSG00000143971	7.080993899649534e-05
ENSG00000103043	7.079615078949217e-05
ENSG00000135346	7.078729614314982e-05
ENSG00000011451	7.07326722035458e-05
ENSG00000135587	7.07314556111894e-05
ENSG00000111816	7.073079665813023e-05
ENSG00000110799	7.071806371417408e-05
ENSG00000170426	7.067563848905515e-05
ENSG00000161944	7.065502136925853e-05
ENSG00000163606	7.065318798928937e-05
ENSG00000147536	7.062981550464857e-05
ENSG00000139116	7.062755858317194e-05
ENSG00000007047	7.061497649371648e-05
ENSG00000071967	7.060283749469359e-05
ENSG00000067167	7.057939085063634e-05
ENSG00000115541	7.053833051858973e-05
ENSG00000137992	7.04935085907506e-05
ENSG00000162614	7.049243927078265e-05
ENSG00000166313	7.048188642545722e-05
ENSG00000174059	7.047409994639704e-05
ENSG00000105576	7.047076893976953e-05
ENSG00000152583	7.045589780592887e-05
ENSG00000171497	7.03471746953127e-05
ENSG00000108106	7.033853240558376e-05
ENSG00000116752	7.032393169623364e-05
ENSG00000249915	7.031691248279391e-05
ENSG00000107164	7.030379580402074e-05
ENSG00000148019	7.028863859430537e-05
ENSG00000215853	7.026930065853683e-05
ENSG00000102225	7.024169631335299e-05
ENSG00000131238	7.019287782068185e-05
ENSG00000144712	7.018248457858394e-05
ENSG00000134363	7.015464071043423e-05
ENSG00000145216	7.013929475999992e-05
ENSG00000163902	7.013452257313104e-05
ENSG00000100749	7.012777627745704e-05
ENSG00000118620	7.011387814954119e-05
ENSG00000197646	7.010510398746192e-05
ENSG00000143171	7.009586263505071e-05
ENSG00000137267	7.006017465813373e-05
ENSG00000281877	7.004031900907313e-05
ENSG00000054654	7.003741747182475e-05
ENSG00000130779	7.001140410210897e-05
ENSG00000182473	7.000661004468615e-05
ENSG00000116754	7.0005956863368e-05
ENSG00000103657	6.99719120811205e-05
ENSG00000116329	6.992853627793312e-05
ENSG00000254535	6.992521426655906e-05
ENSG00000186907	6.990864475921018e-05
ENSG00000025800	6.99000737809434e-05
ENSG00000275565	6.988573666798794e-05
ENSG00000103024	6.988361941654542e-05
ENSG00000185022	6.98813408650073e-05
ENSG00000171401	6.987331550025506e-05
ENSG00000118298	6.98592705149461e-05
ENSG00000115806	6.980000826765828e-05
ENSG00000177600	6.974173641499261e-05
ENSG00000203734	6.97349236746335e-05
ENSG00000160959	6.97246513542293e-05
ENSG00000165240	6.968300242154706e-05
ENSG00000119638	6.964036721320271e-05
ENSG00000114013	6.963006012991374e-05
ENSG00000278152	6.962909371627668e-05
ENSG00000137672	6.958939253985949e-05
ENSG00000165304	6.958579241198852e-05
ENSG00000136802	6.957866392611998e-05
ENSG00000240505	6.951967876753561e-05
ENSG00000214253	6.948723563434624e-05
ENSG00000176533	6.948469475514798e-05
ENSG00000106346	6.946984182449689e-05
ENSG00000077097	6.94512724968866e-05
ENSG00000167332	6.944658322574542e-05
ENSG00000136854	6.943425413593247e-05
ENSG00000164252	6.943259655136779e-05
ENSG00000147400	6.943064790982982e-05
ENSG00000198838	6.94073671785489e-05
ENSG00000164405	6.939729857832476e-05
ENSG00000122787	6.938057959006945e-05
ENSG00000146872	6.938046673977783e-05
ENSG00000161249	6.931453743151197e-05
ENSG00000170035	6.929537105592869e-05
ENSG00000111361	6.927577643239825e-05
ENSG00000168395	6.92628010254902e-05
ENSG00000136929	6.925843823106014e-05
ENSG00000153933	6.922064304259066e-05
ENSG00000144485	6.918944560254724e-05
ENSG00000164438	6.918944560254724e-05
ENSG00000149932	6.918280427578989e-05
ENSG00000025293	6.916252701257831e-05
ENSG00000152595	6.915801251877034e-05
ENSG00000134532	6.914808431568381e-05
ENSG00000171475	6.914206704570915e-05
ENSG00000023902	6.911197852965762e-05
ENSG00000015171	6.9109632670671e-05
ENSG00000197930	6.910804155119605e-05
ENSG00000131808	6.910633690163644e-05
ENSG00000130520	6.908330308463207e-05
ENSG00000122068	6.905795808077212e-05
ENSG00000120242	6.905048178839337e-05
ENSG00000170310	6.904574530972236e-05
ENSG00000118520	6.895708267976707e-05
ENSG00000251258	6.89478830345385e-05
ENSG00000133226	6.893820272014245e-05
ENSG00000239732	6.893415330088845e-05
ENSG00000105723	6.892760506720749e-05
ENSG00000136715	6.892058692692108e-05
ENSG00000053254	6.891431792006386e-05
ENSG00000131873	6.888280713342475e-05
ENSG00000075914	6.887053410265541e-05
ENSG00000183431	6.886061911696827e-05
ENSG00000120075	6.884490901717792e-05
ENSG00000128714	6.880900976014497e-05
ENSG00000105289	6.880417001205516e-05
ENSG00000136891	6.877108910332346e-05
ENSG00000138709	6.874195957904745e-05
ENSG00000125962	6.874099768716559e-05
ENSG00000183434	6.872631046179285e-05
ENSG00000138069	6.870961737716848e-05
ENSG00000117090	6.870165942826429e-05
ENSG00000196159	6.870116269133469e-05
ENSG00000196104	6.869583760086259e-05
ENSG00000129991	6.865830548187349e-05
ENSG00000106852	6.86282315895076e-05
ENSG00000163399	6.862015588146171e-05
ENSG00000197081	6.860826133298905e-05
ENSG00000120686	6.856967860165097e-05
ENSG00000130669	6.856908861679415e-05
ENSG00000110680	6.855821714562337e-05
ENSG00000181541	6.84483697583879e-05
ENSG00000131143	6.843973410622172e-05
ENSG00000168818	6.841392114252822e-05
ENSG00000198482	6.839556143120083e-05
ENSG00000122257	6.834898723793865e-05
ENSG00000261893	6.834731255988775e-05
ENSG00000196866	6.832036306446331e-05
ENSG00000171316	6.831591834835458e-05
ENSG00000100629	6.830531009381054e-05
ENSG00000124479	6.829298567481769e-05
ENSG00000103932	6.82742089554681e-05
ENSG00000273594	6.826673928556456e-05
ENSG00000169194	6.823976486349128e-05
ENSG00000196850	6.823105926587237e-05
ENSG00000165688	6.822718775073291e-05
ENSG00000137497	6.82268655569286e-05
ENSG00000010404	6.820733116912461e-05
ENSG00000111052	6.812588780418481e-05
ENSG00000198198	6.811557683064057e-05
ENSG00000078237	6.810497705758304e-05
ENSG00000158169	6.810199527208448e-05
ENSG00000166091	6.809917798098275e-05
ENSG00000095637	6.808576452014121e-05
ENSG00000108798	6.804942513502019e-05
ENSG00000112282	6.804334855516678e-05
ENSG00000046653	6.803779282539474e-05
ENSG00000141448	6.801914911477245e-05
ENSG00000171222	6.79977314554175e-05
ENSG00000128590	6.795421314086327e-05
ENSG00000154642	6.795127387866716e-05
ENSG00000108465	6.794370267068281e-05
ENSG00000239779	6.793531840992692e-05
ENSG00000100307	6.792248620167016e-05
ENSG00000140299	6.789407118615242e-05
ENSG00000142627	6.787160736389678e-05
ENSG00000173597	6.784293858233542e-05
ENSG00000158445	6.783493331435392e-05
ENSG00000184047	6.78053005913022e-05
ENSG00000214706	6.779621055022104e-05
ENSG00000108797	6.778589562357094e-05
ENSG00000163435	6.777692487830504e-05
ENSG00000106009	6.777058608332374e-05
ENSG00000168875	6.776083397168852e-05
ENSG00000091656	6.772142226770317e-05
ENSG00000142541	6.77032650073734e-05
ENSG00000100422	6.768613552690634e-05
ENSG00000113621	6.766553403697787e-05
ENSG00000005022	6.75993624551403e-05
ENSG00000179041	6.759233676975245e-05
ENSG00000067715	6.757813161414571e-05
ENSG00000104907	6.756229285361709e-05
ENSG00000105880	6.754118389417866e-05
ENSG00000104221	6.753813452444062e-05
ENSG00000276410	6.75267003380747e-05
ENSG00000188033	6.751799450455623e-05
ENSG00000167515	6.751141736186975e-05
ENSG00000138496	6.750346465195909e-05
ENSG00000182899	6.745543993243712e-05
ENSG00000118420	6.742823473350494e-05
ENSG00000264424	6.741315884443655e-05
ENSG00000213231	6.739189808795754e-05
ENSG00000077800	6.738837474888433e-05
ENSG00000118407	6.735659866014013e-05
ENSG00000175550	6.733138237248293e-05
ENSG00000196510	6.730719499785357e-05
ENSG00000110245	6.728987478543652e-05
ENSG00000116741	6.727784206006148e-05
ENSG00000091651	6.727722738547912e-05
ENSG00000134539	6.72445034347165e-05
ENSG00000167566	6.724140309005269e-05
ENSG00000164830	6.72109410172972e-05
ENSG00000164045	6.714253828603359e-05
ENSG00000075275	6.714150920347912e-05
ENSG00000100271	6.705107218792336e-05
ENSG00000113946	6.704939271861472e-05
ENSG00000119396	6.703791285025733e-05
ENSG00000169155	6.69725102678251e-05
ENSG00000072210	6.691091340838484e-05
ENSG00000168564	6.690585578254742e-05
ENSG00000164938	6.689390841456121e-05
ENSG00000124491	6.688470765015777e-05
ENSG00000172262	6.687488940332472e-05
ENSG00000181625	6.686280041287255e-05
ENSG00000186642	6.683679823766474e-05
ENSG00000006625	6.683118106999531e-05
ENSG00000130340	6.682335997544716e-05
ENSG00000165799	6.677603349459384e-05
ENSG00000164532	6.675775354693242e-05
ENSG00000127328	6.674835881247303e-05
ENSG00000171195	6.670485937046057e-05
ENSG00000119139	6.669740452133185e-05
ENSG00000177954	6.668577405399114e-05
ENSG00000108604	6.667624618851055e-05
ENSG00000213782	6.6676197379006e-05
ENSG00000119900	6.667112221578902e-05
ENSG00000197757	6.666590719538092e-05
ENSG00000146350	6.66287514293395e-05
ENSG00000109680	6.660968478964022e-05
ENSG00000106689	6.658699932253733e-05
ENSG00000115364	6.657984037436182e-05
ENSG00000164105	6.649903030021907e-05
ENSG00000182621	6.649343458603166e-05
ENSG00000170689	6.647797232116387e-05
ENSG00000177034	6.647062232021956e-05
ENSG00000262993	6.646058266231252e-05
ENSG00000103241	6.640197212711309e-05
ENSG00000141644	6.638817050060402e-05
ENSG00000113525	6.637319730521556e-05
ENSG00000157625	6.63727051840489e-05
ENSG00000166946	6.636946396854472e-05
ENSG00000130176	6.636444423474272e-05
ENSG00000116191	6.636212455141521e-05
ENSG00000138378	6.635240286375436e-05
ENSG00000126882	6.633304331136348e-05
ENSG00000010322	6.630049026092883e-05
ENSG00000022267	6.629761570981392e-05
ENSG00000107566	6.629132379546488e-05
ENSG00000277641	6.628731815012148e-05
ENSG00000077549	6.62775190438601e-05
ENSG00000149541	6.626660891482738e-05
ENSG00000140199	6.626258742441216e-05
ENSG00000171858	6.625484105016462e-05
ENSG00000101004	6.624467114560065e-05
ENSG00000176774	6.623869933553584e-05
ENSG00000264522	6.619859913807436e-05
ENSG00000170734	6.618619065559662e-05
ENSG00000131504	6.615221363010285e-05
ENSG00000187513	6.612255619819145e-05
ENSG00000163291	6.607584977776506e-05
ENSG00000154914	6.605584004572298e-05
ENSG00000177374	6.602966410842117e-05
ENSG00000172724	6.602757093436475e-05
ENSG00000164187	6.598962392870127e-05
ENSG00000068400	6.59598545823495e-05
ENSG00000130338	6.594940315300626e-05
ENSG00000276072	6.591622577914676e-05
ENSG00000185966	6.589599295713982e-05
ENSG00000019995	6.58865867510976e-05
ENSG00000133030	6.58553535499234e-05
ENSG00000122140	6.581469574675604e-05
ENSG00000154734	6.579858021400096e-05
ENSG00000136943	6.571931851457095e-05
ENSG00000146276	6.57046704649924e-05
ENSG00000086289	6.57046704649924e-05
ENSG00000137076	6.562397592292996e-05
ENSG00000183576	6.561986065422384e-05
ENSG00000169251	6.560476587727308e-05
ENSG00000113361	6.557381232332275e-05
ENSG00000160710	6.553528971645577e-05
ENSG00000089053	6.547887581550305e-05
ENSG00000162624	6.546489670840266e-05
ENSG00000137673	6.544674796136736e-05
ENSG00000091140	6.544492511470517e-05
ENSG00000205339	6.544356013012653e-05
ENSG00000106144	6.542248130669088e-05
ENSG00000179335	6.536802308638259e-05
ENSG00000069849	6.536779815396363e-05
ENSG00000104331	6.535346401361525e-05
ENSG00000180332	6.534725710229628e-05
ENSG00000057935	6.532665924112739e-05
ENSG00000213463	6.531196127709908e-05
ENSG00000187955	6.529944549737553e-05
ENSG00000137070	6.52778451784687e-05
ENSG00000172785	6.526433083610155e-05
ENSG00000089250	6.525580370301225e-05
ENSG00000184613	6.522416922650862e-05
ENSG00000074317	6.522195954891461e-05
ENSG00000173933	6.520640383028947e-05
ENSG00000152457	6.50844259108395e-05
ENSG00000173272	6.505139777698663e-05
ENSG00000181333	6.50075816343332e-05
ENSG00000139793	6.500161110739617e-05
ENSG00000185420	6.497352322299882e-05
ENSG00000008405	6.494735358599046e-05
ENSG00000133103	6.492744362956675e-05
ENSG00000121957	6.49217840464649e-05
ENSG00000103723	6.491143040299577e-05
ENSG00000156976	6.48878028408938e-05
ENSG00000157613	6.486604369490918e-05
ENSG00000257315	6.485580710647612e-05
ENSG00000076604	6.485446497440399e-05
ENSG00000170373	6.485072650437264e-05
ENSG00000108349	6.48498390707141e-05
ENSG00000048140	6.484003165820463e-05
ENSG00000185499	6.48355694595672e-05
ENSG00000160185	6.483235385227432e-05
ENSG00000115825	6.47693971221226e-05
ENSG00000152256	6.476923771599666e-05
ENSG00000140382	6.476586393662753e-05
ENSG00000095574	6.476317886029373e-05
ENSG00000185651	6.470097744212504e-05
ENSG00000105700	6.469554526751444e-05
ENSG00000064651	6.468548134270394e-05
ENSG00000138336	6.468285227709882e-05
ENSG00000165476	6.466551125169924e-05
ENSG00000198301	6.462738499383032e-05
ENSG00000166033	6.461778302962048e-05
ENSG00000117153	6.46080964535705e-05
ENSG00000055147	6.458678401437662e-05
ENSG00000196459	6.458502758919519e-05
ENSG00000111707	6.456735920399575e-05
ENSG00000006704	6.455947613053278e-05
ENSG00000070501	6.45523260269251e-05
ENSG00000102900	6.453827443718691e-05
ENSG00000162704	6.452364106577232e-05
ENSG00000164073	6.449436326352153e-05
ENSG00000185722	6.448211137900457e-05
ENSG00000006788	6.447190247455491e-05
ENSG00000125877	6.446864301205633e-05
ENSG00000169509	6.440025464369718e-05
ENSG00000197045	6.439405939557488e-05
ENSG00000179583	6.438879673682587e-05
ENSG00000105849	6.436331676575586e-05
ENSG00000145781	6.436040018835102e-05
ENSG00000162298	6.435913090923647e-05
ENSG00000147894	6.432957811150115e-05
ENSG00000113048	6.430937834135175e-05
ENSG00000242616	6.428139840491605e-05
ENSG00000101445	6.42622791819427e-05
ENSG00000247315	6.423200216328965e-05
ENSG00000177138	6.422814323182223e-05
ENSG00000151503	6.4205785838342e-05
ENSG00000108255	6.418317593768137e-05
ENSG00000170584	6.417258279978904e-05
ENSG00000151090	6.415928283775721e-05
ENSG00000151914	6.41436694062635e-05
ENSG00000139343	6.41427871680355e-05
ENSG00000131165	6.413417378559238e-05
ENSG00000198947	6.412883859212474e-05
ENSG00000116584	6.412102674051425e-05
ENSG00000164535	6.409983911448137e-05
ENSG00000163660	6.409460454392477e-05
ENSG00000157601	6.40883585269724e-05
ENSG00000162819	6.406758803037629e-05
ENSG00000138758	6.406226826549158e-05
ENSG00000204131	6.405134181255022e-05
ENSG00000132424	6.405082661643391e-05
ENSG00000103489	6.404806982340252e-05
ENSG00000143368	6.403897987013697e-05
ENSG00000151304	6.401641809853308e-05
ENSG00000188167	6.397108238112543e-05
ENSG00000138326	6.389531813050405e-05
ENSG00000118785	6.388615269681932e-05
ENSG00000181804	6.387613498360834e-05
ENSG00000109083	6.386606267975363e-05
ENSG00000160741	6.385421283233012e-05
ENSG00000130511	6.383828088143601e-05
ENSG00000134365	6.380727254042796e-05
ENSG00000198771	6.37736902663794e-05
ENSG00000166265	6.375369306374307e-05
ENSG00000204065	6.375293817448505e-05
ENSG00000072958	6.37508431620804e-05
ENSG00000169710	6.37433136680166e-05
ENSG00000196576	6.370742463827356e-05
ENSG00000139726	6.369390672417727e-05
ENSG00000090989	6.368482255108113e-05
ENSG00000002834	6.367190175562797e-05
ENSG00000143222	6.362264649316119e-05
ENSG00000154556	6.360378392854183e-05
ENSG00000181827	6.358072549060807e-05
ENSG00000178171	6.357462021429954e-05
ENSG00000076944	6.355571886618176e-05
ENSG00000120949	6.352382053833756e-05
ENSG00000005893	6.35195977273187e-05
ENSG00000104921	6.349870709420106e-05
ENSG00000164258	6.34915244502474e-05
ENSG00000141298	6.345376667893924e-05
ENSG00000124827	6.344403584977653e-05
ENSG00000117592	6.338041375580683e-05
ENSG00000173511	6.337738570524632e-05
ENSG00000172530	6.335723509013448e-05
ENSG00000128253	6.335251395122839e-05
ENSG00000132938	6.333770379231484e-05
ENSG00000138777	6.332017639471289e-05
ENSG00000183570	6.331622218473315e-05
ENSG00000139151	6.330369797491039e-05
ENSG00000177238	6.330074710712044e-05
ENSG00000243646	6.329971066749933e-05
ENSG00000167671	6.329055405696163e-05
ENSG00000136156	6.325662961526215e-05
ENSG00000163501	6.32364526839202e-05
ENSG00000176170	6.322107483468452e-05
ENSG00000163563	6.314709611395048e-05
ENSG00000112280	6.312198184199492e-05
ENSG00000167625	6.309014619036326e-05
ENSG00000173230	6.308075620684279e-05
ENSG00000161634	6.307789953518707e-05
ENSG00000166169	6.305816618094955e-05
ENSG00000129596	6.305759418489327e-05
ENSG00000138032	6.30440669530387e-05
ENSG00000076641	6.30132700694974e-05
ENSG00000166831	6.29893973037004e-05
ENSG00000164068	6.298401588219831e-05
ENSG00000104497	6.294708816126792e-05
ENSG00000067445	6.294607622828593e-05
ENSG00000179562	6.293640971425732e-05
ENSG00000145362	6.293097278501803e-05
ENSG00000139438	6.292527885667608e-05
ENSG00000243137	6.290317306695183e-05
ENSG00000138735	6.289697238213186e-05
ENSG00000094841	6.289212225726878e-05
ENSG00000165832	6.28685976332749e-05
ENSG00000136842	6.283709617235225e-05
ENSG00000101350	6.282697116050863e-05
ENSG00000205323	6.281942403593208e-05
ENSG00000004939	6.281942029632964e-05
ENSG00000155868	6.281143064338274e-05
ENSG00000095585	6.279745308981525e-05
ENSG00000103995	6.278166135660683e-05
ENSG00000151176	6.277897582933776e-05
ENSG00000011566	6.2771144964166e-05
ENSG00000170632	6.27570722692197e-05
ENSG00000170860	6.273939671494922e-05
ENSG00000067141	6.271331488886606e-05
ENSG00000151292	6.269765666640319e-05
ENSG00000160917	6.265524344448087e-05
ENSG00000221829	6.264005268438888e-05
ENSG00000108518	6.262460792522145e-05
ENSG00000099875	6.261648528300028e-05
ENSG00000198589	6.258674518245276e-05
ENSG00000198911	6.257240042853623e-05
ENSG00000114904	6.256847665424213e-05
ENSG00000126001	6.256087482493906e-05
ENSG00000278195	6.255791537173572e-05
ENSG00000142687	6.254976348874481e-05
ENSG00000118898	6.254975116442893e-05
ENSG00000172292	6.254853294145046e-05
ENSG00000129474	6.251315788422624e-05
ENSG00000101444	6.250778273054297e-05
ENSG00000133627	6.248030454776187e-05
ENSG00000100353	6.247716471061755e-05
ENSG00000188706	6.24698320071528e-05
ENSG00000149735	6.246878127384503e-05
ENSG00000025770	6.245745810362388e-05
ENSG00000137975	6.24107884973525e-05
ENSG00000161888	6.239879853770991e-05
ENSG00000133020	6.235807373342955e-05
ENSG00000147684	6.23579849031643e-05
ENSG00000107679	6.235157248397165e-05
ENSG00000198363	6.232325352500892e-05
ENSG00000184481	6.231598753524463e-05
ENSG00000181938	6.230219207503962e-05
ENSG00000237508	6.229563918349724e-05
ENSG00000220205	6.227468713621661e-05
ENSG00000231925	6.220042814146908e-05
ENSG00000118640	6.21979671938699e-05
ENSG00000186628	6.217762703047471e-05
ENSG00000080986	6.215165458074095e-05
ENSG00000276618	6.213411374752106e-05
ENSG00000138698	6.211891021283646e-05
ENSG00000111341	6.208388895399285e-05
ENSG00000136267	6.207760135288986e-05
ENSG00000182872	6.207287366405366e-05
ENSG00000172399	6.207118337742512e-05
ENSG00000152492	6.2061725238084e-05
ENSG00000151748	6.203574067423673e-05
ENSG00000163281	6.202593147337778e-05
ENSG00000123064	6.198275959947953e-05
ENSG00000099899	6.197473023026779e-05
ENSG00000184661	6.196987907896011e-05
ENSG00000100532	6.195999648524764e-05
ENSG00000172057	6.195922758453238e-05
ENSG00000007171	6.193494018792183e-05
ENSG00000188976	6.191061203317048e-05
ENSG00000185414	6.188110917141128e-05
ENSG00000139921	6.187853923358338e-05
ENSG00000181092	6.185093976016128e-05
ENSG00000198740	6.184179653383105e-05
ENSG00000164284	6.182106280049907e-05
ENSG00000141433	6.177643056014732e-05
ENSG00000149792	6.176270447355776e-05
ENSG00000069329	6.175624781750683e-05
ENSG00000224470	6.17524396899867e-05
ENSG00000002016	6.174555040530975e-05
ENSG00000183304	6.173431159395865e-05
ENSG00000275713	6.173349887262699e-05
ENSG00000161914	6.172989566484735e-05
ENSG00000131778	6.172737889092981e-05
ENSG00000276051	6.170635250484905e-05
ENSG00000105255	6.170160304756402e-05
ENSG00000158417	6.169012297517127e-05
ENSG00000128340	6.168699074302788e-05
ENSG00000130560	6.167534336734917e-05
ENSG00000149781	6.165582257906444e-05
ENSG00000153563	6.163608070250923e-05
ENSG00000171060	6.163574235062008e-05
ENSG00000253797	6.163282500395038e-05
ENSG00000164104	6.160636327644719e-05
ENSG00000107201	6.1597387294062e-05
ENSG00000100219	6.158867256810926e-05
ENSG00000047410	6.155751316101685e-05
ENSG00000000971	6.14980629670414e-05
ENSG00000163453	6.148911577340773e-05
ENSG00000122420	6.148787779647437e-05
ENSG00000129219	6.14795006381641e-05
ENSG00000185551	6.147925624737207e-05
ENSG00000164050	6.146777999680347e-05
ENSG00000101162	6.146269429795684e-05
ENSG00000177311	6.145920689014123e-05
ENSG00000189367	6.144465264702833e-05
ENSG00000127920	6.143840243471009e-05
ENSG00000167118	6.142012027794599e-05
ENSG00000155506	6.141749560734417e-05
ENSG00000126746	6.139830505233747e-05
ENSG00000057294	6.137175547827558e-05
ENSG00000121057	6.13104256033824e-05
ENSG00000177189	6.130940690907048e-05
ENSG00000160219	6.128353431756608e-05
ENSG00000167751	6.127829520961208e-05
ENSG00000185869	6.122162055041249e-05
ENSG00000183625	6.12153609468022e-05
ENSG00000168490	6.121412740405401e-05
ENSG00000236637	6.120810822065569e-05
ENSG00000178104	6.120114892023628e-05
ENSG00000102878	6.119020940427574e-05
ENSG00000142552	6.118139931818526e-05
ENSG00000182923	6.113703126163047e-05
ENSG00000128604	6.113666880006384e-05
ENSG00000170967	6.113278853881977e-05
ENSG00000152147	6.111712060770659e-05
ENSG00000116983	6.109077748442081e-05
ENSG00000166405	6.108776623845136e-05
ENSG00000153944	6.104938697309891e-05
ENSG00000111728	6.1018856410090445e-05
ENSG00000102100	6.097541980659123e-05
ENSG00000106290	6.0947734880706294e-05
ENSG00000102144	6.092275935067654e-05
ENSG00000147408	6.087395543189201e-05
ENSG00000231924	6.084616119140893e-05
ENSG00000169813	6.083105286011168e-05
ENSG00000073861	6.0829820699281656e-05
ENSG00000147202	6.08093225169099e-05
ENSG00000125285	6.0802515195589266e-05
ENSG00000189091	6.079343813315862e-05
ENSG00000137642	6.078883581459726e-05
ENSG00000049245	6.0786288901255096e-05
ENSG00000178996	6.077412047148671e-05
ENSG00000136709	6.076358295989956e-05
ENSG00000288407	6.076147748196382e-05
ENSG00000136944	6.073239113033137e-05
ENSG00000109113	6.0709328158595686e-05
ENSG00000110429	6.0693216870340665e-05
ENSG00000197885	6.067794540411061e-05
ENSG00000065534	6.067420654578884e-05
ENSG00000141837	6.066056356710372e-05
ENSG00000134376	6.0657082428476214e-05
ENSG00000081026	6.06566965282463e-05
ENSG00000179387	6.065530266103449e-05
ENSG00000079689	6.064233669952444e-05
ENSG00000106976	6.0629345274985433e-05
ENSG00000118162	6.0626509688680854e-05
ENSG00000197614	6.061708902235647e-05
ENSG00000110046	6.061189595933238e-05
ENSG00000214415	6.060896462291979e-05
ENSG00000175575	6.060642506078985e-05
ENSG00000079931	6.0588343347386414e-05
ENSG00000005243	6.057985651208322e-05
ENSG00000126453	6.0576228408708096e-05
ENSG00000163596	6.0575404211233565e-05
ENSG00000116221	6.056391227019642e-05
ENSG00000108091	6.056081164252719e-05
ENSG00000167904	6.055004703491087e-05
ENSG00000151233	6.052812240389703e-05
ENSG00000078403	6.052531103355088e-05
ENSG00000198242	6.048761451312621e-05
ENSG00000196976	6.0486527711542084e-05
ENSG00000139083	6.046827469693476e-05
ENSG00000177646	6.0378801035646394e-05
ENSG00000138755	6.035744738712255e-05
ENSG00000169750	6.0356129273125505e-05
ENSG00000241837	6.035481694893835e-05
ENSG00000182208	6.0347469915294045e-05
ENSG00000136527	6.03260115850577e-05
ENSG00000198612	6.0322164590811645e-05
ENSG00000198517	6.031438236209662e-05
ENSG00000082781	6.0283371417836223e-05
ENSG00000111667	6.0273111971799126e-05
ENSG00000276262	6.0260108839548074e-05
ENSG00000057657	6.025532363470873e-05
ENSG00000147145	6.019912007377189e-05
ENSG00000138780	6.018862242836165e-05
ENSG00000196526	6.0168170463944186e-05
ENSG00000285443	6.014504163636765e-05
ENSG00000132950	6.0144459217119726e-05
ENSG00000169297	6.0144179538947584e-05
ENSG00000075388	6.010142466466607e-05
ENSG00000163898	6.010130292628544e-05
ENSG00000107611	6.009746821887802e-05
ENSG00000204414	6.0095630930769855e-05
ENSG00000137726	6.008454722496692e-05
ENSG00000134109	6.007727946862038e-05
ENSG00000143878	6.0071404227591424e-05
ENSG00000187140	6.006868361765276e-05
ENSG00000102195	6.0062418674547534e-05
ENSG00000158828	6.00522552376423e-05
ENSG00000134760	6.004439980728249e-05
ENSG00000149177	6.003428832585154e-05
ENSG00000100075	6.0014075402658786e-05
ENSG00000074755	6.000447234845579e-05
ENSG00000013725	5.996442548774251e-05
ENSG00000157927	5.996165744302865e-05
ENSG00000163257	5.9925331332873044e-05
ENSG00000197958	5.991936869016875e-05
ENSG00000122034	5.990899506620216e-05
ENSG00000136928	5.990181293902939e-05
ENSG00000147416	5.989150217178731e-05
ENSG00000131153	5.9878650729266504e-05
ENSG00000185379	5.987803322146152e-05
ENSG00000185619	5.98609766247546e-05
ENSG00000008710	5.9830741779248304e-05
ENSG00000197746	5.982771468886393e-05
ENSG00000150764	5.9824283684691476e-05
ENSG00000254093	5.980392651957851e-05
ENSG00000110169	5.975905316844852e-05
ENSG00000164082	5.974000372886202e-05
ENSG00000197077	5.9722139896431206e-05
ENSG00000171443	5.971548558029714e-05
ENSG00000067596	5.968003265928761e-05
ENSG00000149294	5.96718159894588e-05
ENSG00000106052	5.966320065145121e-05
ENSG00000109471	5.966210021161753e-05
ENSG00000112306	5.9651915885979934e-05
ENSG00000113971	5.964563161056333e-05
ENSG00000177628	5.9630783968382924e-05
ENSG00000039650	5.957593161140229e-05
ENSG00000168393	5.956726225429396e-05
ENSG00000136750	5.954302991757641e-05
ENSG00000167081	5.9518240134590525e-05
ENSG00000153339	5.951397346912606e-05
ENSG00000232839	5.947472807187647e-05
ENSG00000258366	5.9464267154806095e-05
ENSG00000063322	5.944854358074861e-05
ENSG00000129484	5.9432089405735944e-05
ENSG00000182774	5.942872447791125e-05
ENSG00000004059	5.937052025346439e-05
ENSG00000177432	5.936209517610755e-05
ENSG00000072310	5.936139329128707e-05
ENSG00000004779	5.9330862176296526e-05
ENSG00000121931	5.9295291332515425e-05
ENSG00000182541	5.924081847099305e-05
ENSG00000070061	5.924029083635861e-05
ENSG00000060237	5.919819477389746e-05
ENSG00000198353	5.9190201588659916e-05
ENSG00000110497	5.918230922974246e-05
ENSG00000126777	5.9162726996368135e-05
ENSG00000135077	5.915892744266795e-05
ENSG00000105501	5.9129002385568504e-05
ENSG00000282956	5.910475217938761e-05
ENSG00000127588	5.910064158491489e-05
ENSG00000163032	5.909814230076764e-05
ENSG00000111859	5.9081662068044444e-05
ENSG00000135899	5.9079507989828135e-05
ENSG00000159189	5.9045469279123286e-05
ENSG00000012223	5.903761950354863e-05
ENSG00000123496	5.9030872837897996e-05
ENSG00000235568	5.9030803458806955e-05
ENSG00000053438	5.897622667778254e-05
ENSG00000158796	5.896781374623881e-05
ENSG00000097046	5.8933080168918446e-05
ENSG00000114107	5.889883389439807e-05
ENSG00000100784	5.8883859526453726e-05
ENSG00000165410	5.88822891003755e-05
ENSG00000216490	5.887945504912829e-05
ENSG00000163785	5.886640153790527e-05
ENSG00000135766	5.881950061043086e-05
ENSG00000172379	5.8803934644343426e-05
ENSG00000122223	5.878707008021168e-05
ENSG00000123737	5.8780295672317924e-05
ENSG00000068383	5.877866618599175e-05
ENSG00000230034	5.8720435027033236e-05
ENSG00000131788	5.871185729340188e-05
ENSG00000077157	5.8705452698270805e-05
ENSG00000111704	5.8694986953435615e-05
ENSG00000091164	5.868349415087429e-05
ENSG00000007341	5.866726451222618e-05
ENSG00000151746	5.865961150825738e-05
ENSG00000143398	5.8632946213011356e-05
ENSG00000115488	5.861897830841247e-05
ENSG00000273859	5.861478871460847e-05
ENSG00000103510	5.8557125960813234e-05
ENSG00000181817	5.855456765490968e-05
ENSG00000205208	5.852026093942072e-05
ENSG00000163466	5.850268823643109e-05
ENSG00000169895	5.8433479360136696e-05
ENSG00000197965	5.842382152570409e-05
ENSG00000172071	5.8408465208308576e-05
ENSG00000134207	5.8402447568168116e-05
ENSG00000162520	5.8390377398754055e-05
ENSG00000166148	5.8357769418733754e-05
ENSG00000178209	5.833138459770425e-05
ENSG00000177917	5.8330473738680316e-05
ENSG00000164733	5.831159594889596e-05
ENSG00000068354	5.8290609393621935e-05
ENSG00000254997	5.8283905737946284e-05
ENSG00000057252	5.8259739852960044e-05
ENSG00000129534	5.8253704745994424e-05
ENSG00000041515	5.822414219153492e-05
ENSG00000137504	5.820445713425327e-05
ENSG00000168385	5.816209179181816e-05
ENSG00000155508	5.811707092653491e-05
ENSG00000167325	5.8104270441023665e-05
ENSG00000164675	5.806615811200619e-05
ENSG00000140829	5.799352275397771e-05
ENSG00000160695	5.796816636124963e-05
ENSG00000112763	5.7956737256001764e-05
ENSG00000164338	5.794185917805678e-05
ENSG00000180992	5.7937647846521727e-05
ENSG00000169189	5.793465461940142e-05
ENSG00000167261	5.7915338890594315e-05
ENSG00000036672	5.790124050574182e-05
ENSG00000178567	5.78909798959738e-05
ENSG00000163875	5.789014311541106e-05
ENSG00000170144	5.78697201620136e-05
ENSG00000006611	5.785660214809269e-05
ENSG00000143373	5.785217150963986e-05
ENSG00000132002	5.7823388031226906e-05
ENSG00000134061	5.781998642168068e-05
ENSG00000167173	5.780090732873048e-05
ENSG00000117362	5.7797144579352446e-05
ENSG00000288114	5.7782151363908925e-05
ENSG00000115944	5.776703033100599e-05
ENSG00000141580	5.776245962854258e-05
ENSG00000197891	5.773130731037565e-05
ENSG00000165195	5.769524535598619e-05
ENSG00000183691	5.7693744645012465e-05
ENSG00000143127	5.7693006901577743e-05
ENSG00000137100	5.768213642811546e-05
ENSG00000143258	5.7679057108062583e-05
ENSG00000100167	5.766106816782783e-05
ENSG00000102038	5.765467288442403e-05
ENSG00000230961	5.765318094226578e-05
ENSG00000105778	5.7643281470082976e-05
ENSG00000136273	5.7622516943896304e-05
ENSG00000142675	5.760661970913361e-05
ENSG00000188393	5.760089146154731e-05
ENSG00000147869	5.759952843397278e-05
ENSG00000147548	5.7586321704108306e-05
ENSG00000107099	5.753471120139098e-05
ENSG00000132300	5.7528029743642007e-05
ENSG00000186818	5.7525565495765526e-05
ENSG00000170340	5.752072897050132e-05
ENSG00000106609	5.747206599155977e-05
ENSG00000023608	5.7471730992639215e-05
ENSG00000163629	5.746992950382886e-05
ENSG00000152467	5.7466424129806974e-05
ENSG00000124222	5.745427573017617e-05
ENSG00000134216	5.745389697501077e-05
ENSG00000122224	5.744360608195266e-05
ENSG00000144406	5.7427899141096854e-05
ENSG00000179091	5.741566865949849e-05
ENSG00000101888	5.739739580563881e-05
ENSG00000152382	5.739138259138238e-05
ENSG00000136628	5.736879648007325e-05
ENSG00000163131	5.736519026626146e-05
ENSG00000163840	5.734978747592898e-05
ENSG00000218336	5.734067042281811e-05
ENSG00000179151	5.733893468670461e-05
ENSG00000142347	5.731760120130515e-05
ENSG00000158545	5.73170511057791e-05
ENSG00000084072	5.730576197788997e-05
ENSG00000135900	5.728936486602227e-05
ENSG00000090539	5.728048579070461e-05
ENSG00000128789	5.7273349922275426e-05
ENSG00000071794	5.726460467281779e-05
ENSG00000142856	5.7166358194217845e-05
ENSG00000114784	5.715951007423846e-05
ENSG00000140259	5.715159999897316e-05
ENSG00000163882	5.7145347430525975e-05
ENSG00000100239	5.713342284249603e-05
ENSG00000007908	5.7111227471209e-05
ENSG00000154845	5.710914418121193e-05
ENSG00000013297	5.7072006708518464e-05
ENSG00000187024	5.7055457091228564e-05
ENSG00000213995	5.704920368584326e-05
ENSG00000197579	5.7036786801575675e-05
ENSG00000162999	5.703051030323986e-05
ENSG00000135972	5.702414844964361e-05
ENSG00000122367	5.702333710835619e-05
ENSG00000182253	5.7020137208606964e-05
ENSG00000033170	5.701211362594764e-05
ENSG00000087274	5.699042451319959e-05
ENSG00000038945	5.6989588590635255e-05
ENSG00000080822	5.6969273587396664e-05
ENSG00000006576	5.696463301081224e-05
ENSG00000104722	5.690485810384192e-05
ENSG00000120992	5.689864656615413e-05
ENSG00000102974	5.688585538807228e-05
ENSG00000115590	5.687974397733884e-05
ENSG00000171103	5.687946161764579e-05
ENSG00000242802	5.6860315733313254e-05
ENSG00000174243	5.681939586262333e-05
ENSG00000124688	5.678614761879042e-05
ENSG00000111897	5.678057878684989e-05
ENSG00000152795	5.6777724131900156e-05
ENSG00000130414	5.676564289344434e-05
ENSG00000155393	5.675260084637439e-05
ENSG00000164399	5.6742729380699894e-05
ENSG00000106714	5.6730619235524864e-05
ENSG00000156113	5.669907864037114e-05
ENSG00000118515	5.668465111315378e-05
ENSG00000158411	5.668396753239169e-05
ENSG00000145388	5.666761000357757e-05
ENSG00000074370	5.6651248214457204e-05
ENSG00000007520	5.665123339865579e-05
ENSG00000149091	5.662578487339216e-05
ENSG00000006634	5.662270946918028e-05
ENSG00000110931	5.661950900673296e-05
ENSG00000171310	5.658422143387768e-05
ENSG00000160305	5.650772985806484e-05
ENSG00000211460	5.6498398567437775e-05
ENSG00000165912	5.6479252091368944e-05
ENSG00000135363	5.6417375887703076e-05
ENSG00000182463	5.641021357512764e-05
ENSG00000198000	5.640439394937371e-05
ENSG00000174579	5.639261305470868e-05
ENSG00000186897	5.638931866820527e-05
ENSG00000187257	5.637434150964384e-05
ENSG00000136717	5.637188390291368e-05
ENSG00000188394	5.6370901479157264e-05
ENSG00000087086	5.636860730724113e-05
ENSG00000184979	5.632822072631946e-05
ENSG00000158161	5.632721468239266e-05
ENSG00000134014	5.6312387196097584e-05
ENSG00000100154	5.6304105108967355e-05
ENSG00000122133	5.628376208092048e-05
ENSG00000155890	5.6265214087449826e-05
ENSG00000100575	5.626051521226475e-05
ENSG00000087299	5.621247429816734e-05
ENSG00000184432	5.61531932585925e-05
ENSG00000154277	5.6150540172647697e-05
ENSG00000164167	5.6149572671201544e-05
ENSG00000035720	5.6081223089898945e-05
ENSG00000002822	5.6073508567066454e-05
ENSG00000141232	5.596739088627061e-05
ENSG00000027869	5.596537686952261e-05
ENSG00000233276	5.596190095628132e-05
ENSG00000129518	5.5951126881093204e-05
ENSG00000139269	5.595033088383104e-05
ENSG00000122778	5.594824992732999e-05
ENSG00000170160	5.592497654682121e-05
ENSG00000152969	5.591935182378249e-05
ENSG00000092847	5.591634077623373e-05
ENSG00000136942	5.588813787987624e-05
ENSG00000280831	5.587648886093388e-05
ENSG00000163125	5.585214748749557e-05
ENSG00000179841	5.582451150906095e-05
ENSG00000134905	5.5780538502790934e-05
ENSG00000170369	5.5751930158497794e-05
ENSG00000117595	5.570525071361673e-05
ENSG00000198824	5.567651973281868e-05
ENSG00000175595	5.5670785468914554e-05
ENSG00000156973	5.563622351960254e-05
ENSG00000103091	5.5548649317623524e-05
ENSG00000122026	5.5544796039100945e-05
ENSG00000156345	5.5535529982714076e-05
ENSG00000014123	5.5533145802846696e-05
ENSG00000164778	5.55318476897747e-05
ENSG00000133937	5.55318476897747e-05
ENSG00000163374	5.552299156305712e-05
ENSG00000282633	5.552216347174671e-05
ENSG00000170836	5.548469557177356e-05
ENSG00000100479	5.5484571352298724e-05
ENSG00000149782	5.547146930109257e-05
ENSG00000173674	5.546405189657256e-05
ENSG00000116032	5.543645534327211e-05
ENSG00000173335	5.5431242787334445e-05
ENSG00000139219	5.542772147189046e-05
ENSG00000165501	5.540787266730292e-05
ENSG00000160563	5.5402115517463145e-05
ENSG00000183617	5.537247996685911e-05
ENSG00000097033	5.537046996180986e-05
ENSG00000171723	5.5342077433881294e-05
ENSG00000262814	5.5326007736349015e-05
ENSG00000183648	5.532592699548448e-05
ENSG00000120896	5.5291092992965524e-05
ENSG00000125170	5.5287977931805875e-05
ENSG00000185608	5.528685930266638e-05
ENSG00000172340	5.52719230462494e-05
ENSG00000054356	5.524185237235205e-05
ENSG00000146909	5.5236250566681496e-05
ENSG00000118680	5.523446330070362e-05
ENSG00000035928	5.521517806574804e-05
ENSG00000155974	5.5198334401980054e-05
ENSG00000112877	5.517518545209999e-05
ENSG00000078687	5.517092391444056e-05
ENSG00000197632	5.516216452773502e-05
ENSG00000168702	5.514164046818312e-05
ENSG00000140931	5.512259293918311e-05
ENSG00000100038	5.5110126289417955e-05
ENSG00000130640	5.509334193571641e-05
ENSG00000020426	5.507789116045043e-05
ENSG00000049541	5.506611630109552e-05
ENSG00000096433	5.506153871898418e-05
ENSG00000132603	5.50513448323217e-05
ENSG00000123607	5.5044246652747926e-05
ENSG00000154447	5.502054521248638e-05
ENSG00000072778	5.501411643253824e-05
ENSG00000163017	5.50141014289821e-05
ENSG00000108702	5.500906781707299e-05
ENSG00000161677	5.500431535603856e-05
ENSG00000140623	5.494218605158927e-05
ENSG00000181619	5.4937535316551835e-05
ENSG00000132744	5.4933467160308495e-05
ENSG00000135636	5.4890020562978395e-05
ENSG00000101347	5.4883024792382106e-05
ENSG00000170323	5.4871824297783294e-05
ENSG00000090060	5.485790537965552e-05
ENSG00000134575	5.4847978113553895e-05
ENSG00000134186	5.4832974716354565e-05
ENSG00000178951	5.482388196423212e-05
ENSG00000008735	5.481434224684031e-05
ENSG00000137806	5.4788381212343415e-05
ENSG00000197713	5.478099126740674e-05
ENSG00000241553	5.4755199703650454e-05
ENSG00000108826	5.474010966158199e-05
ENSG00000161835	5.472180997523685e-05
ENSG00000155636	5.471907014543421e-05
ENSG00000008056	5.470452730737629e-05
ENSG00000160396	5.467598787851249e-05
ENSG00000140538	5.466359852204905e-05
ENSG00000285485	5.466219168953496e-05
ENSG00000115109	5.463538911648113e-05
ENSG00000171823	5.4609793081068244e-05
ENSG00000112182	5.460572784263494e-05
ENSG00000126003	5.459909361026132e-05
ENSG00000163950	5.459280466290762e-05
ENSG00000183479	5.458677218004549e-05
ENSG00000097096	5.456655910749328e-05
ENSG00000115602	5.456143441150257e-05
ENSG00000155304	5.4553240100739804e-05
ENSG00000169836	5.455294905793138e-05
ENSG00000158062	5.453820024881542e-05
ENSG00000147224	5.4531540905108624e-05
ENSG00000156928	5.4504736894023745e-05
ENSG00000181704	5.449968150233587e-05
ENSG00000161920	5.449871945077342e-05
ENSG00000279247	5.4495091242033466e-05
ENSG00000119402	5.448859957303548e-05
ENSG00000144191	5.4486398585444164e-05
ENSG00000288130	5.445336652132295e-05
ENSG00000092850	5.4434366965496816e-05
ENSG00000175513	5.443377896922953e-05
ENSG00000116001	5.4414290882831505e-05
ENSG00000100023	5.441126921157281e-05
ENSG00000184588	5.4409414511173575e-05
ENSG00000144048	5.4399406119361236e-05
ENSG00000163132	5.436990949600437e-05
ENSG00000176887	5.436751880567941e-05
ENSG00000008441	5.4347845959368935e-05
ENSG00000133706	5.431548521767136e-05
ENSG00000112115	5.4306738065743726e-05
ENSG00000147081	5.42969474824674e-05
ENSG00000112640	5.4279906203935764e-05
ENSG00000155961	5.427598932871139e-05
ENSG00000115993	5.4264359778913734e-05
ENSG00000165059	5.426417441294753e-05
ENSG00000089693	5.422144195533331e-05
ENSG00000116852	5.420887769013763e-05
ENSG00000171320	5.4177235119513546e-05
ENSG00000146063	5.414877603037028e-05
ENSG00000156983	5.4148533928816535e-05
ENSG00000066557	5.414680933962875e-05
ENSG00000197448	5.414665167183149e-05
ENSG00000160271	5.4146340769220045e-05
ENSG00000137218	5.413775437271623e-05
ENSG00000137845	5.41325642038188e-05
ENSG00000149596	5.4114129223580333e-05
ENSG00000140374	5.4106762867316545e-05
ENSG00000001167	5.410434447222077e-05
ENSG00000281089	5.409410184317453e-05
ENSG00000171045	5.4091141276058e-05
ENSG00000188243	5.404529305691836e-05
ENSG00000177666	5.402714391293494e-05
ENSG00000171843	5.401854559254675e-05
ENSG00000165588	5.401633981714872e-05
ENSG00000176697	5.40110819421905e-05
ENSG00000105048	5.400114409681073e-05
ENSG00000080561	5.3991721056870427e-05
ENSG00000196150	5.392681013457893e-05
ENSG00000162729	5.390298133425963e-05
ENSG00000145901	5.380059474499462e-05
ENSG00000101204	5.379533626613879e-05
ENSG00000099860	5.3765573546925886e-05
ENSG00000274221	5.376485020822618e-05
ENSG00000120093	5.372851432624439e-05
ENSG00000133069	5.372532768878295e-05
ENSG00000213983	5.372069940997529e-05
ENSG00000106070	5.3693973498620836e-05
ENSG00000160683	5.366863880201038e-05
ENSG00000186871	5.366492885807997e-05
ENSG00000135049	5.3664767553300384e-05
ENSG00000100883	5.361548075270049e-05
ENSG00000132842	5.3614384690198294e-05
ENSG00000115839	5.360051735949677e-05
ENSG00000142676	5.358298486221389e-05
ENSG00000141696	5.355692493854894e-05
ENSG00000074201	5.355427329111773e-05
ENSG00000090447	5.351853528852894e-05
ENSG00000137876	5.3501516566006565e-05
ENSG00000106305	5.3489312080390544e-05
ENSG00000164303	5.3471646012967306e-05
ENSG00000142949	5.345578677488321e-05
ENSG00000139546	5.3453463949650065e-05
ENSG00000042781	5.3447877456707715e-05
ENSG00000125503	5.344282285040337e-05
ENSG00000090273	5.34281982895149e-05
ENSG00000136731	5.3392374931067583e-05
ENSG00000092841	5.334893748001191e-05
ENSG00000105176	5.334614919829979e-05
ENSG00000186660	5.3338574509276195e-05
ENSG00000164176	5.332927288408956e-05
ENSG00000028203	5.3327687068103745e-05
ENSG00000170881	5.331966984276537e-05
ENSG00000138686	5.3310405132268874e-05
ENSG00000113407	5.3303280443465814e-05
ENSG00000144036	5.3274057514501955e-05
ENSG00000239306	5.326004449349306e-05
ENSG00000118508	5.3248962027050696e-05
ENSG00000116251	5.324273899472791e-05
ENSG00000138834	5.322681868500801e-05
ENSG00000283447	5.320935885019825e-05
ENSG00000172613	5.319200279991179e-05
ENSG00000089012	5.317359102276331e-05
ENSG00000166396	5.3140782172678686e-05
ENSG00000075539	5.312507624636535e-05
ENSG00000134247	5.3083630503053074e-05
ENSG00000087301	5.3072944701717234e-05
ENSG00000178252	5.307135546935734e-05
ENSG00000131966	5.306834604214095e-05
ENSG00000172005	5.303720662011144e-05
ENSG00000101977	5.303396838452917e-05
ENSG00000185324	5.301012015066882e-05
ENSG00000205111	5.299914812984695e-05
ENSG00000172020	5.298952505124509e-05
ENSG00000126218	5.2980373273330666e-05
ENSG00000182022	5.29560245597104e-05
ENSG00000119408	5.2930179427582455e-05
ENSG00000158869	5.292495429567658e-05
ENSG00000198026	5.290778157633037e-05
ENSG00000126883	5.286985104914988e-05
ENSG00000134480	5.286927833583447e-05
ENSG00000239713	5.2852057767208634e-05
ENSG00000140968	5.2830853538988166e-05
ENSG00000105270	5.282482108456904e-05
ENSG00000157514	5.278020658760095e-05
ENSG00000119541	5.2756419015865334e-05
ENSG00000145868	5.275568658564438e-05
ENSG00000145936	5.275451129007671e-05
ENSG00000182255	5.27255654395701e-05
ENSG00000156860	5.271482641729344e-05
ENSG00000087589	5.2712420239109014e-05
ENSG00000108819	5.2709081814866744e-05
ENSG00000179588	5.2699197281842614e-05
ENSG00000115514	5.2691011077046155e-05
ENSG00000163154	5.2677162137185036e-05
ENSG00000100109	5.266367702238501e-05
ENSG00000167654	5.265724806020505e-05
ENSG00000114416	5.265631374556986e-05
ENSG00000102021	5.265123827212566e-05
ENSG00000104863	5.2632369741158365e-05
ENSG00000175489	5.262180856116255e-05
ENSG00000132109	5.261975281003513e-05
ENSG00000162227	5.259528441497651e-05
ENSG00000119614	5.253525513646586e-05
ENSG00000104763	5.2533813421874094e-05
ENSG00000124784	5.2518739175329534e-05
ENSG00000229314	5.2506396538320594e-05
ENSG00000152822	5.2492639683332256e-05
ENSG00000114388	5.248626091979002e-05
ENSG00000122435	5.245976711180202e-05
ENSG00000108509	5.245572285784049e-05
ENSG00000175294	5.244642474660599e-05
ENSG00000110321	5.243725952453497e-05
ENSG00000136848	5.2405933969174505e-05
ENSG00000028528	5.240181935468026e-05
ENSG00000126259	5.239714926012186e-05
ENSG00000115234	5.237420742951806e-05
ENSG00000117984	5.2373760834307253e-05
ENSG00000016082	5.234213603394674e-05
ENSG00000180730	5.231437834551464e-05
ENSG00000145348	5.2313945605237205e-05
ENSG00000102471	5.2292297255084954e-05
ENSG00000171345	5.2291150783973934e-05
ENSG00000129910	5.229075555445368e-05
ENSG00000197959	5.2280102828249876e-05
ENSG00000148841	5.2275719154812236e-05
ENSG00000129250	5.224634152266045e-05
ENSG00000061455	5.224557856272846e-05
ENSG00000172260	5.224104648733414e-05
ENSG00000168959	5.223190595778494e-05
ENSG00000187054	5.221657834636631e-05
ENSG00000109171	5.220860141068924e-05
ENSG00000182168	5.2188570754735855e-05
ENSG00000102879	5.218031424657605e-05
ENSG00000132840	5.217075551851654e-05
ENSG00000104765	5.21688552223115e-05
ENSG00000115392	5.216143575912211e-05
ENSG00000074706	5.215488440020037e-05
ENSG00000092345	5.215275449780903e-05
ENSG00000109180	5.2148936142646017e-05
ENSG00000249115	5.213850113830077e-05
ENSG00000112799	5.212419903940102e-05
ENSG00000090621	5.210503577915378e-05
ENSG00000124802	5.2102187083836e-05
ENSG00000173821	5.209772376245501e-05
ENSG00000138386	5.20844522679058e-05
ENSG00000164093	5.2061981167022434e-05
ENSG00000170276	5.203578016577698e-05
ENSG00000171360	5.2016748018650355e-05
ENSG00000131931	5.200441855451698e-05
ENSG00000160131	5.1997228706263946e-05
ENSG00000125351	5.198985739601978e-05
ENSG00000142182	5.1977602679448204e-05
ENSG00000181904	5.196285603777248e-05
ENSG00000160201	5.192396579925358e-05
ENSG00000172053	5.192017154066887e-05
ENSG00000105063	5.190315442527015e-05
ENSG00000101200	5.1894649952299786e-05
ENSG00000158079	5.1884799131987824e-05
ENSG00000152484	5.1862895223922566e-05
ENSG00000244038	5.185439223000442e-05
ENSG00000150337	5.182079022598762e-05
ENSG00000144285	5.181875113800264e-05
ENSG00000169567	5.181699143189556e-05
ENSG00000112685	5.1792244477238355e-05
ENSG00000163682	5.1790422401054784e-05
ENSG00000269313	5.177139756189796e-05
ENSG00000064490	5.1740350075810465e-05
ENSG00000135447	5.173609388502264e-05
ENSG00000168300	5.171361247526726e-05
ENSG00000126803	5.170678829924995e-05
ENSG00000012124	5.166880397337779e-05
ENSG00000170348	5.166565423245352e-05
ENSG00000135387	5.166173296711717e-05
ENSG00000149133	5.166054790426576e-05
ENSG00000152669	5.1624715790219515e-05
ENSG00000005884	5.161615981187791e-05
ENSG00000104626	5.16049422953355e-05
ENSG00000031698	5.158876083260877e-05
ENSG00000005812	5.1524751754591455e-05
ENSG00000274497	5.1515198703701365e-05
ENSG00000186891	5.151223820455999e-05
ENSG00000198604	5.148398981644891e-05
ENSG00000060566	5.143882802564994e-05
ENSG00000115073	5.1432333344597366e-05
ENSG00000160113	5.143186998106279e-05
ENSG00000167286	5.1428411408959285e-05
ENSG00000197769	5.1417587426280706e-05
ENSG00000171016	5.1401165227463416e-05
ENSG00000275074	5.1348530317268835e-05
ENSG00000172893	5.1328777273799056e-05
ENSG00000165072	5.130283289134336e-05
ENSG00000131470	5.1248606896830494e-05
ENSG00000134438	5.1245962084341205e-05
ENSG00000148660	5.123418543837852e-05
ENSG00000213199	5.121702682192593e-05
ENSG00000068394	5.121426335987987e-05
ENSG00000151577	5.115271178974075e-05
ENSG00000077264	5.113188891150115e-05
ENSG00000239789	5.111957554252157e-05
ENSG00000167395	5.111737689954942e-05
ENSG00000114019	5.109919955901331e-05
ENSG00000142528	5.105896509498053e-05
ENSG00000149089	5.104753020864916e-05
ENSG00000168454	5.098384610160747e-05
ENSG00000062716	5.0983110942101524e-05
ENSG00000276323	5.097098844470236e-05
ENSG00000198963	5.095651086154875e-05
ENSG00000163736	5.093171986004787e-05
ENSG00000206072	5.092075830926288e-05
ENSG00000197971	5.091356124162234e-05
ENSG00000158321	5.091118281895073e-05
ENSG00000262634	5.0906688576293705e-05
ENSG00000178913	5.089012739825488e-05
ENSG00000166736	5.0888348294186736e-05
ENSG00000204842	5.086228182287434e-05
ENSG00000184672	5.0859498069967996e-05
ENSG00000075151	5.0842282901660335e-05
ENSG00000285032	5.0841967214525644e-05
ENSG00000137976	5.0813802166641843e-05
ENSG00000160883	5.080681039086784e-05
ENSG00000146592	5.0800577579676504e-05
ENSG00000081087	5.0774312441945273e-05
ENSG00000163382	5.076906068308104e-05
ENSG00000205189	5.076847611435568e-05
ENSG00000125354	5.0761909528329e-05
ENSG00000184571	5.075631190214319e-05
ENSG00000160783	5.0730232651479974e-05
ENSG00000006116	5.072614970261262e-05
ENSG00000152082	5.0722959949627614e-05
ENSG00000132561	5.069642894866746e-05
ENSG00000099385	5.069402360438262e-05
ENSG00000112242	5.067460923909465e-05
ENSG00000152270	5.066136259653764e-05
ENSG00000143622	5.064821031580191e-05
ENSG00000125304	5.064751892503514e-05
ENSG00000100979	5.064676930709923e-05
ENSG00000100426	5.0646724700663136e-05
ENSG00000173171	5.063611132304255e-05
ENSG00000100350	5.062995772914033e-05
ENSG00000035499	5.060913513784203e-05
ENSG00000273889	5.059947628771896e-05
ENSG00000105737	5.057411172076059e-05
ENSG00000197275	5.055505969439021e-05
ENSG00000180871	5.0519817297261026e-05
ENSG00000105443	5.050944773839909e-05
ENSG00000241186	5.050309423579253e-05
ENSG00000064726	5.0464289401011005e-05
ENSG00000180228	5.045377990796627e-05
ENSG00000010818	5.045366494232129e-05
ENSG00000018699	5.0427179702690015e-05
ENSG00000259384	5.037516644023261e-05
ENSG00000203747	5.0314494678619424e-05
ENSG00000106617	5.029471995056921e-05
ENSG00000080031	5.029208768611805e-05
ENSG00000182195	5.028125307328189e-05
ENSG00000120656	5.0196015447277496e-05
ENSG00000133316	5.0187951592555146e-05
ENSG00000159496	5.0181850898592945e-05
ENSG00000184113	5.016964958307016e-05
ENSG00000171873	5.016073075413661e-05
ENSG00000154743	5.0129787332436214e-05
ENSG00000130254	5.012923333698422e-05
ENSG00000107960	5.012365034209086e-05
ENSG00000174943	5.0114912282560165e-05
ENSG00000184371	5.010419852412598e-05
ENSG00000176390	5.008033171033159e-05
ENSG00000049089	5.007038625731758e-05
ENSG00000140859	5.0070325689760466e-05
ENSG00000105993	5.0038938671182236e-05
ENSG00000106615	5.002636173805714e-05
ENSG00000171425	5.001783659882407e-05
ENSG00000115761	4.999659714130307e-05
ENSG00000144635	4.998453285048027e-05
ENSG00000061938	4.998352283862799e-05
ENSG00000034693	4.997485763552809e-05
ENSG00000100591	4.996100955610445e-05
ENSG00000180318	4.9956177220386695e-05
ENSG00000135333	4.994814190318766e-05
ENSG00000095981	4.9946006652471975e-05
ENSG00000100014	4.9940881129002735e-05
ENSG00000020577	4.9924215166354486e-05
ENSG00000054793	4.9920286574323967e-05
ENSG00000007402	4.9914068491191814e-05
ENSG00000128564	4.991338812387445e-05
ENSG00000086189	4.990223425604547e-05
ENSG00000157131	4.988435297857645e-05
ENSG00000143382	4.9883136062728857e-05
ENSG00000101958	4.988240873927716e-05
ENSG00000261150	4.9877116582514574e-05
ENSG00000139352	4.987585278718176e-05
ENSG00000256812	4.986978062891344e-05
ENSG00000162104	4.986358462214417e-05
ENSG00000148835	4.985664169591473e-05
ENSG00000008869	4.985238573123114e-05
ENSG00000170899	4.983443555172743e-05
ENSG00000184207	4.9830667195930213e-05
ENSG00000103549	4.982058390433248e-05
ENSG00000001629	4.9797831282698125e-05
ENSG00000182196	4.976774966020821e-05
ENSG00000175548	4.975293916117822e-05
ENSG00000104967	4.9749877562960546e-05
ENSG00000130513	4.973609661457703e-05
ENSG00000104805	4.973233393149701e-05
ENSG00000112276	4.972066246165498e-05
ENSG00000163655	4.9712697399391404e-05
ENSG00000136758	4.969627381880646e-05
ENSG00000141994	4.9687791849262844e-05
ENSG00000144283	4.968740661586856e-05
ENSG00000129933	4.967477432723759e-05
ENSG00000262666	4.9653089180465144e-05
ENSG00000172809	4.9652496796064103e-05
ENSG00000162419	4.964638407124373e-05
ENSG00000087152	4.963554274214456e-05
ENSG00000162344	4.963404228137658e-05
ENSG00000167088	4.962787504146494e-05
ENSG00000178605	4.9620748176789514e-05
ENSG00000288301	4.9598962845817184e-05
ENSG00000121552	4.959149975051991e-05
ENSG00000106367	4.958773851284555e-05
ENSG00000140836	4.958543711830782e-05
ENSG00000103168	4.956502282155735e-05
ENSG00000282873	4.95506985100267e-05
ENSG00000197728	4.952997818382748e-05
ENSG00000123200	4.9521908637363846e-05
ENSG00000112983	4.947622488952062e-05
ENSG00000156804	4.943269438275335e-05
ENSG00000027697	4.942299503364023e-05
ENSG00000074657	4.93914627283338e-05
ENSG00000132589	4.9384596857081405e-05
ENSG00000090020	4.937521836555e-05
ENSG00000168487	4.9371296455448256e-05
ENSG00000126353	4.934403417410121e-05
ENSG00000110080	4.933143562478813e-05
ENSG00000116685	4.932960359771977e-05
ENSG00000088256	4.9310425633670874e-05
ENSG00000049283	4.929343391596386e-05
ENSG00000170820	4.927935256275385e-05
ENSG00000050426	4.926305262566438e-05
ENSG00000276787	4.926177292101522e-05
ENSG00000064687	4.923400380378958e-05
ENSG00000177697	4.9219411930638225e-05
ENSG00000262473	4.921674645231143e-05
ENSG00000152127	4.920704591983614e-05
ENSG00000167130	4.919961565587509e-05
ENSG00000168488	4.918666943509068e-05
ENSG00000150630	4.9151809162657326e-05
ENSG00000116285	4.91448433020687e-05
ENSG00000277909	4.9144684978917536e-05
ENSG00000221869	4.9137052137899034e-05
ENSG00000136286	4.9079380178398225e-05
ENSG00000116833	4.906170634184003e-05
ENSG00000010704	4.9050362812229525e-05
ENSG00000134588	4.904369941181665e-05
ENSG00000141127	4.90154084431798e-05
ENSG00000129562	4.8994632842915115e-05
ENSG00000106803	4.8989998726144694e-05
ENSG00000185668	4.895410115554486e-05
ENSG00000115325	4.895118967621784e-05
ENSG00000023330	4.8930577629483315e-05
ENSG00000128609	4.890371858824413e-05
ENSG00000047230	4.88935109781434e-05
ENSG00000163728	4.88912933931079e-05
ENSG00000172037	4.886750351140016e-05
ENSG00000115307	4.8865770336944076e-05
ENSG00000046604	4.8862271023015385e-05
ENSG00000116586	4.885507761450164e-05
ENSG00000223367	4.88273400654524e-05
ENSG00000148143	4.882219692394965e-05
ENSG00000139168	4.8806097014376574e-05
ENSG00000135828	4.8788144379365e-05
ENSG00000198954	4.8746166160238804e-05
ENSG00000179915	4.873860825700232e-05
ENSG00000164683	4.871118527294022e-05
ENSG00000116871	4.8700440048064886e-05
ENSG00000166349	4.8699494623228927e-05
ENSG00000253710	4.869946614690757e-05
ENSG00000163530	4.867470522415133e-05
ENSG00000173221	4.866247163615819e-05
ENSG00000151327	4.863355360930574e-05
ENSG00000177125	4.8632141963731465e-05
ENSG00000177519	4.861760319629361e-05
ENSG00000129450	4.860898681864602e-05
ENSG00000107263	4.860487402943996e-05
ENSG00000167815	4.85940680012757e-05
ENSG00000197683	4.8544644520172924e-05
ENSG00000067533	4.853568457391453e-05
ENSG00000173905	4.85354029128977e-05
ENSG00000105327	4.853374574423278e-05
ENSG00000128271	4.8522350105938734e-05
ENSG00000241468	4.8521874535843074e-05
ENSG00000082269	4.8503156243418146e-05
ENSG00000147526	4.847706786394778e-05
ENSG00000170325	4.844622296908311e-05
ENSG00000088808	4.8443909626157536e-05
ENSG00000197157	4.8437039920724804e-05
ENSG00000145740	4.843092374815964e-05
ENSG00000111676	4.838854465362055e-05
ENSG00000165879	4.837417655478543e-05
ENSG00000127241	4.836303144487901e-05
ENSG00000134709	4.836248619211448e-05
ENSG00000134769	4.835846712593144e-05
ENSG00000155755	4.8356763013943954e-05
ENSG00000107438	4.8342371966076246e-05
ENSG00000154127	4.8312668470406186e-05
ENSG00000168556	4.828938313905773e-05
ENSG00000167880	4.826731129890488e-05
ENSG00000135775	4.826679118595026e-05
ENSG00000123595	4.823476780324648e-05
ENSG00000237344	4.822910008669049e-05
ENSG00000100139	4.821614580625989e-05
ENSG00000157778	4.82038704551599e-05
ENSG00000078304	4.81860845601444e-05
ENSG00000115750	4.8165854811199286e-05
ENSG00000107371	4.815818038352299e-05
ENSG00000185238	4.8139578506674356e-05
ENSG00000143776	4.813522141719277e-05
ENSG00000211445	4.813477927408764e-05
ENSG00000213672	4.8116513112616826e-05
ENSG00000105656	4.8111619669386435e-05
ENSG00000273514	4.811032827696755e-05
ENSG00000158467	4.809120643299277e-05
ENSG00000143590	4.8090147501434923e-05
ENSG00000197548	4.8083552742494645e-05
ENSG00000109674	4.807703191735776e-05
ENSG00000187531	4.806350681703704e-05
ENSG00000075891	4.806229340923353e-05
ENSG00000138190	4.8042626030100215e-05
ENSG00000197586	4.803785905574261e-05
ENSG00000181965	4.803737788535029e-05
ENSG00000147419	4.8030222489667206e-05
ENSG00000163251	4.8022922253301704e-05
ENSG00000120049	4.796729277558797e-05
ENSG00000163092	4.795204244453831e-05
ENSG00000147613	4.794858699349637e-05
ENSG00000148700	4.794328064787332e-05
ENSG00000167757	4.792565824716683e-05
ENSG00000183475	4.7918119267030616e-05
ENSG00000166971	4.791279439131942e-05
ENSG00000138029	4.790776457385137e-05
ENSG00000105866	4.790682235446288e-05
ENSG00000132470	4.79058532377219e-05
ENSG00000066027	4.790214872388893e-05
ENSG00000128710	4.790064609439664e-05
ENSG00000058056	4.789971605580263e-05
ENSG00000280858	4.7891096625641156e-05
ENSG00000130294	4.788309772319854e-05
ENSG00000089199	4.783919954633183e-05
ENSG00000143520	4.783536800930532e-05
ENSG00000071242	4.782062763076011e-05
ENSG00000126337	4.78138198834924e-05
ENSG00000087111	4.7808381473567694e-05
ENSG00000136167	4.776891032213966e-05
ENSG00000100721	4.776621972000985e-05
ENSG00000119509	4.7723302336559024e-05
ENSG00000137473	4.7721584528649705e-05
ENSG00000177971	4.7721164521631533e-05
ENSG00000163064	4.7706555515009034e-05
ENSG00000151615	4.769014898941728e-05
ENSG00000115593	4.7677926583304574e-05
ENSG00000091073	4.7647420418052225e-05
ENSG00000100526	4.7623196952795755e-05
ENSG00000105281	4.760560193643382e-05
ENSG00000164296	4.758978035999251e-05
ENSG00000177272	4.758407020315638e-05
ENSG00000183153	4.7576500231343544e-05
ENSG00000157036	4.75682432799646e-05
ENSG00000130147	4.756205022233392e-05
ENSG00000107736	4.75592668117955e-05
ENSG00000171989	4.754623730132357e-05
ENSG00000124089	4.753813335807772e-05
ENSG00000118972	4.752674351206453e-05
ENSG00000068976	4.751894011632741e-05
ENSG00000176049	4.7460516215775756e-05
ENSG00000070371	4.7458992059939845e-05
ENSG00000234829	4.744057440872759e-05
ENSG00000137936	4.742291634440291e-05
ENSG00000179958	4.741812287920694e-05
ENSG00000167393	4.7413255709739016e-05
ENSG00000092020	4.7401446786550515e-05
ENSG00000175224	4.738023358960502e-05
ENSG00000157827	4.737397759275905e-05
ENSG00000158373	4.736404458330271e-05
ENSG00000164209	4.733786002667097e-05
ENSG00000103152	4.733282676874614e-05
ENSG00000139505	4.7328814213833107e-05
ENSG00000115828	4.732606043925585e-05
ENSG00000234545	4.7242472068149036e-05
ENSG00000142082	4.724163595723454e-05
ENSG00000146555	4.7213250799297234e-05
ENSG00000173198	4.721169098445576e-05
ENSG00000155158	4.7206680080299884e-05
ENSG00000051108	4.719420402814847e-05
ENSG00000174989	4.7182532119890173e-05
ENSG00000115084	4.716151625219376e-05
ENSG00000198553	4.7158972015079535e-05
ENSG00000165115	4.712112354868123e-05
ENSG00000237335	4.711493191765127e-05
ENSG00000127554	4.711342869909324e-05
ENSG00000077380	4.710831308273514e-05
ENSG00000288461	4.7082731816505135e-05
ENSG00000110148	4.707690726541273e-05
ENSG00000188827	4.706932626261897e-05
ENSG00000142089	4.705820427591622e-05
ENSG00000275932	4.702069946890785e-05
ENSG00000174576	4.702053566223618e-05
ENSG00000203965	4.7019856518716695e-05
ENSG00000213023	4.700364643766496e-05
ENSG00000137831	4.7000420728252656e-05
ENSG00000077063	4.699486541917305e-05
ENSG00000112312	4.698236657314732e-05
ENSG00000105675	4.697937508425947e-05
ENSG00000185046	4.696112341380244e-05
ENSG00000164828	4.695906610513698e-05
ENSG00000082153	4.6948097466590576e-05
ENSG00000277733	4.694037338604963e-05
ENSG00000168538	4.6904424058987784e-05
ENSG00000103194	4.6877873294029226e-05
ENSG00000084754	4.6866850404328426e-05
ENSG00000081913	4.684888011769538e-05
ENSG00000213190	4.683104947830413e-05
ENSG00000111237	4.682609369164394e-05
ENSG00000168906	4.681180305258496e-05
ENSG00000138813	4.6809461636150244e-05
ENSG00000166986	4.6809396961327746e-05
ENSG00000100116	4.680038226469427e-05
ENSG00000162517	4.679324639546417e-05
ENSG00000136279	4.6789007119740035e-05
ENSG00000076826	4.678154269338472e-05
ENSG00000136936	4.678066076650496e-05
ENSG00000172426	4.675645598672235e-05
ENSG00000134460	4.6755144988684845e-05
ENSG00000163161	4.675455672332302e-05
ENSG00000135269	4.674383294127355e-05
ENSG00000147124	4.6741559129490204e-05
ENSG00000002549	4.672344529086196e-05
ENSG00000213445	4.6713656441391355e-05
ENSG00000138646	4.6690711583352594e-05
ENSG00000182247	4.66903121336465e-05
ENSG00000183873	4.6686467824610404e-05
ENSG00000102890	4.667524981691056e-05
ENSG00000135605	4.6664806779781835e-05
ENSG00000104980	4.662278186481184e-05
ENSG00000166800	4.6607206465899305e-05
ENSG00000161904	4.6600872642939444e-05
ENSG00000166166	4.65825525388606e-05
ENSG00000149503	4.6581156145392365e-05
ENSG00000253293	4.6576987909221147e-05
ENSG00000171729	4.657225303777785e-05
ENSG00000166573	4.6569904921397724e-05
ENSG00000197780	4.6557871222076715e-05
ENSG00000054611	4.652687813809555e-05
ENSG00000172680	4.6524142316787014e-05
ENSG00000080802	4.6513432907128324e-05
ENSG00000198700	4.6511094554083885e-05
ENSG00000103018	4.650753609935218e-05
ENSG00000113209	4.649804570885585e-05
ENSG00000163083	4.648997863651203e-05
ENSG00000136045	4.64870217550884e-05
ENSG00000136826	4.647426788778524e-05
ENSG00000119446	4.6462136199972046e-05
ENSG00000198203	4.645186086632424e-05
ENSG00000185043	4.644001454039043e-05
ENSG00000158850	4.643042169025727e-05
ENSG00000131773	4.642533138068981e-05
ENSG00000012822	4.641185768376349e-05
ENSG00000169371	4.640084296237821e-05
ENSG00000175582	4.6395831782987694e-05
ENSG00000177556	4.638712980924808e-05
ENSG00000139990	4.6355455626680915e-05
ENSG00000141052	4.6332009103231464e-05
ENSG00000155760	4.6317270631677804e-05
ENSG00000277571	4.630270589643499e-05
ENSG00000150656	4.6302656229829643e-05
ENSG00000152056	4.6302618321523016e-05
ENSG00000156802	4.630214140381453e-05
ENSG00000277424	4.629827571412303e-05
ENSG00000107282	4.629562370271003e-05
ENSG00000133169	4.6293880400428937e-05
ENSG00000110841	4.6262169197520596e-05
ENSG00000100227	4.626015307839669e-05
ENSG00000064835	4.6253905746819166e-05
ENSG00000168418	4.624155135930658e-05
ENSG00000189120	4.6237907261496986e-05
ENSG00000204941	4.623694045365388e-05
ENSG00000049167	4.6229142352666656e-05
ENSG00000164309	4.622418962401315e-05
ENSG00000178921	4.618797894962967e-05
ENSG00000136718	4.617567279120489e-05
ENSG00000152217	4.61608175118522e-05
ENSG00000130305	4.616073939979856e-05
ENSG00000084733	4.614647196531563e-05
ENSG00000154478	4.613583789572705e-05
ENSG00000175305	4.6111936094574135e-05
ENSG00000186265	4.607785986833228e-05
ENSG00000130997	4.607252202418336e-05
ENSG00000173714	4.605942889546872e-05
ENSG00000131095	4.6039791863217526e-05
ENSG00000155265	4.6035155242394056e-05
ENSG00000120837	4.6034458934322294e-05
ENSG00000136144	4.603402693692921e-05
ENSG00000126458	4.6031512639210894e-05
ENSG00000163519	4.600557325718669e-05
ENSG00000164880	4.600528676630254e-05
ENSG00000166483	4.599730045894003e-05
ENSG00000079387	4.5968076437294636e-05
ENSG00000179348	4.5967814481368074e-05
ENSG00000008300	4.59648666250583e-05
ENSG00000165891	4.596171667443404e-05
ENSG00000105556	4.595293450366079e-05
ENSG00000183230	4.595217132300744e-05
ENSG00000175334	4.594867936481645e-05
ENSG00000173641	4.592861588476271e-05
ENSG00000011201	4.589104149554624e-05
ENSG00000135457	4.5880080797267403e-05
ENSG00000115677	4.5878215398300016e-05
ENSG00000106443	4.5877114814693216e-05
ENSG00000196155	4.586927201661856e-05
ENSG00000102384	4.586560843007134e-05
ENSG00000021776	4.5857932288556825e-05
ENSG00000010310	4.579019886352174e-05
ENSG00000105246	4.5787812320327466e-05
ENSG00000101811	4.577472409593265e-05
ENSG00000137818	4.575226689396179e-05
ENSG00000101236	4.569136366707752e-05
ENSG00000196182	4.566946749940865e-05
ENSG00000184916	4.5659799656073845e-05
ENSG00000063046	4.565950421671796e-05
ENSG00000158864	4.564274202911408e-05
ENSG00000132436	4.562513805742397e-05
ENSG00000183813	4.560903141120269e-05
ENSG00000173898	4.55698334900903e-05
ENSG00000127870	4.556781457741442e-05
ENSG00000148291	4.556200469226796e-05
ENSG00000165733	4.555920627612277e-05
ENSG00000148834	4.5554534256389824e-05
ENSG00000049249	4.552233119772978e-05
ENSG00000141756	4.550493736642239e-05
ENSG00000164291	4.54971818464751e-05
ENSG00000121743	4.547992079810353e-05
ENSG00000150361	4.547264853690812e-05
ENSG00000139567	4.5463672343124685e-05
ENSG00000106952	4.543957219721325e-05
ENSG00000120498	4.542885482352095e-05
ENSG00000101282	4.541953967442875e-05
ENSG00000125454	4.541789431797653e-05
ENSG00000276701	4.541716940442343e-05
ENSG00000101441	4.5396045729126036e-05
ENSG00000111752	4.537945065687357e-05
ENSG00000151490	4.531868817934491e-05
ENSG00000109814	4.530106108352859e-05
ENSG00000004864	4.529751860682241e-05
ENSG00000052749	4.5294527333995125e-05
ENSG00000165966	4.528630630858704e-05
ENSG00000184640	4.527657924868624e-05
ENSG00000030066	4.5271312918099134e-05
ENSG00000154997	4.521424824323539e-05
ENSG00000144746	4.521197296932966e-05
ENSG00000110801	4.5194068996857274e-05
ENSG00000198815	4.517684773298605e-05
ENSG00000122779	4.5160288377596516e-05
ENSG00000256797	4.515933234370677e-05
ENSG00000167460	4.515618186191755e-05
ENSG00000164588	4.515093012378984e-05
ENSG00000197903	4.51487451684112e-05
ENSG00000113552	4.514201344956795e-05
ENSG00000145687	4.513930188334033e-05
ENSG00000064547	4.513620188457294e-05
ENSG00000080546	4.5135059560796325e-05
ENSG00000078668	4.5129322303963955e-05
ENSG00000164975	4.5122916496333326e-05
ENSG00000181409	4.5102959978394245e-05
ENSG00000104859	4.5100861218799744e-05
ENSG00000163661	4.506750512500628e-05
ENSG00000176108	4.5046739800091984e-05
ENSG00000170948	4.502943192394233e-05
ENSG00000082805	4.502755374244611e-05
ENSG00000101608	4.5017905306025084e-05
ENSG00000164061	4.5008575832733736e-05
ENSG00000196876	4.499989462916911e-05
ENSG00000115970	4.498193461602186e-05
ENSG00000139734	4.497499642940621e-05
ENSG00000083093	4.4960556976183555e-05
ENSG00000138039	4.493226348650016e-05
ENSG00000169718	4.490514509155104e-05
ENSG00000183775	4.4903156070786544e-05
ENSG00000186090	4.489889468580889e-05
ENSG00000140400	4.489486771271752e-05
ENSG00000100867	4.4841318825598084e-05
ENSG00000109519	4.483037962626333e-05
ENSG00000134138	4.482856942181113e-05
ENSG00000130775	4.481875780333398e-05
ENSG00000178585	4.481513019276345e-05
ENSG00000070159	4.4812044620063846e-05
ENSG00000170653	4.4805704068955395e-05
ENSG00000005961	4.4804864181173954e-05
ENSG00000112972	4.4792617213455e-05
ENSG00000172888	4.4789713259875344e-05
ENSG00000122970	4.478137620397108e-05
ENSG00000187566	4.4756154326721226e-05
ENSG00000102316	4.4754079792624275e-05
ENSG00000230624	4.475025498415199e-05
ENSG00000123179	4.473429665392416e-05
ENSG00000105146	4.473309445554407e-05
ENSG00000163554	4.47119858002929e-05
ENSG00000172403	4.470449474114819e-05
ENSG00000165970	4.4700598420199924e-05
ENSG00000135480	4.468907776893729e-05
ENSG00000152670	4.4686297806465224e-05
ENSG00000160714	4.467180442491313e-05
ENSG00000111880	4.466361181171311e-05
ENSG00000110906	4.464835987377032e-05
ENSG00000138942	4.46363386280123e-05
ENSG00000099804	4.462830473714745e-05
ENSG00000107281	4.462533413046819e-05
ENSG00000165030	4.4624827975349556e-05
ENSG00000274577	4.460918574768753e-05
ENSG00000138311	4.460734227855822e-05
ENSG00000132388	4.46021597955147e-05
ENSG00000134153	4.457762461912976e-05
ENSG00000143469	4.457217600509176e-05
ENSG00000175606	4.45640356389228e-05
ENSG00000198929	4.4524327249333754e-05
ENSG00000274768	4.4524223226116746e-05
ENSG00000163798	4.448187718970387e-05
ENSG00000198300	4.448124179275621e-05
ENSG00000018625	4.447333077919169e-05
ENSG00000198945	4.445610050462679e-05
ENSG00000184863	4.4441645346340837e-05
ENSG00000174842	4.4428746376635066e-05
ENSG00000115165	4.442660898332916e-05
ENSG00000124942	4.442470804168275e-05
ENSG00000119820	4.438876782081434e-05
ENSG00000143294	4.438802146450543e-05
ENSG00000168939	4.438156812860852e-05
ENSG00000109065	4.435328655923499e-05
ENSG00000072694	4.4345445508760054e-05
ENSG00000176884	4.433122818616713e-05
ENSG00000143393	4.431496489937393e-05
ENSG00000171109	4.430624594791832e-05
ENSG00000115211	4.429855279160742e-05
ENSG00000124006	4.4280194394101676e-05
ENSG00000168066	4.4274636430432704e-05
ENSG00000182793	4.426910588044266e-05
ENSG00000124733	4.4259115496231784e-05
ENSG00000136143	4.425819779372131e-05
ENSG00000130226	4.4256141409809065e-05
ENSG00000129946	4.4250510505624093e-05
ENSG00000100129	4.4240789647830065e-05
ENSG00000118194	4.4238092412096386e-05
ENSG00000083544	4.421681050271914e-05
ENSG00000165322	4.417220367014237e-05
ENSG00000123268	4.416565808707047e-05
ENSG00000100258	4.416272028714084e-05
ENSG00000227500	4.4159661490063526e-05
ENSG00000183734	4.415934301948574e-05
ENSG00000149532	4.415082066900824e-05
ENSG00000168269	4.414181188933061e-05
ENSG00000027644	4.412147409057265e-05
ENSG00000171051	4.4114016503395e-05
ENSG00000086205	4.410006539886344e-05
ENSG00000043143	4.4082784019408954e-05
ENSG00000152266	4.408235160426507e-05
ENSG00000196284	4.4076213465879524e-05
ENSG00000124574	4.4074091717057856e-05
ENSG00000156011	4.406865247512376e-05
ENSG00000129255	4.405661245623338e-05
ENSG00000189058	4.403672927305784e-05
ENSG00000118004	4.3999118026428525e-05
ENSG00000070010	4.3989018728331625e-05
ENSG00000107863	4.3987796224829624e-05
ENSG00000276231	4.39819770595552e-05
ENSG00000145996	4.39760991909968e-05
ENSG00000106153	4.396719663231818e-05
ENSG00000143314	4.3963052330637896e-05
ENSG00000135409	4.396223852697252e-05
ENSG00000186471	4.395930669845849e-05
ENSG00000163599	4.395237816931011e-05
ENSG00000149761	4.392565595543703e-05
ENSG00000100714	4.391391066588802e-05
ENSG00000167914	4.389776035324008e-05
ENSG00000128602	4.3896994076946025e-05
ENSG00000164896	4.388542935518284e-05
ENSG00000196700	4.3858121693826185e-05
ENSG00000099260	4.3827266509537027e-05
ENSG00000184905	4.381018889983541e-05
ENSG00000022355	4.379515914245359e-05
ENSG00000266412	4.377610785912442e-05
ENSG00000087495	4.377404554477292e-05
ENSG00000105793	4.376992438323736e-05
ENSG00000106635	4.3755520876790705e-05
ENSG00000163938	4.372079450460827e-05
ENSG00000213563	4.372069779987085e-05
ENSG00000198780	4.371889019095487e-05
ENSG00000125998	4.371889019095487e-05
ENSG00000144852	4.37123176810105e-05
ENSG00000152464	4.370336885388233e-05
ENSG00000078814	4.36985437085874e-05
ENSG00000091136	4.3685377453341585e-05
ENSG00000154310	4.3683086818532325e-05
ENSG00000152778	4.367021107141916e-05
ENSG00000144355	4.366162172985173e-05
ENSG00000160654	4.364367647789265e-05
ENSG00000121410	4.362321902413868e-05
ENSG00000174307	4.361824931239328e-05
ENSG00000114631	4.360708760497867e-05
ENSG00000078618	4.359416893168354e-05
ENSG00000033030	4.3542174380593296e-05
ENSG00000115241	4.3539179590860654e-05
ENSG00000124496	4.352835351948764e-05
ENSG00000058085	4.352433378004721e-05
ENSG00000234127	4.351621830443243e-05
ENSG00000110274	4.351264775382292e-05
ENSG00000012174	4.349926114393671e-05
ENSG00000175745	4.349698167885361e-05
ENSG00000143493	4.3488955250684456e-05
ENSG00000139445	4.348317818521241e-05
ENSG00000170448	4.3480148457892244e-05
ENSG00000104938	4.346515586091483e-05
ENSG00000166603	4.346394767997201e-05
ENSG00000063854	4.344619040836343e-05
ENSG00000161850	4.343307213581288e-05
ENSG00000056097	4.340330438457212e-05
ENSG00000205302	4.3392176877723555e-05
ENSG00000003756	4.33882905591534e-05
ENSG00000158055	4.337550063518576e-05
ENSG00000105287	4.336530668950699e-05
ENSG00000185674	4.3341063799994175e-05
ENSG00000112079	4.3334607380593095e-05
ENSG00000152214	4.3327056703636646e-05
ENSG00000111665	4.330616876098111e-05
ENSG00000162188	4.3271040163552205e-05
ENSG00000188554	4.326649855138667e-05
ENSG00000186487	4.324772156217117e-05
ENSG00000166411	4.324190833095565e-05
ENSG00000254647	4.3241525716788754e-05
ENSG00000134884	4.323126543511499e-05
ENSG00000170965	4.321817987664647e-05
ENSG00000178035	4.320891565055564e-05
ENSG00000083838	4.320853351626895e-05
ENSG00000146457	4.319882888523285e-05
ENSG00000145916	4.319642466151217e-05
ENSG00000283068	4.318126351415209e-05
ENSG00000131389	4.317181300117849e-05
ENSG00000145526	4.3159023636859585e-05
ENSG00000152422	4.314916347099314e-05
ENSG00000088298	4.313691173301827e-05
ENSG00000162869	4.311127823262785e-05
ENSG00000165637	4.310260417089223e-05
ENSG00000197451	4.309966422818491e-05
ENSG00000065183	4.309070497763013e-05
ENSG00000184451	4.308663749421348e-05
ENSG00000142252	4.307357293632799e-05
ENSG00000007312	4.3068360235169794e-05
ENSG00000196678	4.3036961382829397e-05
ENSG00000111145	4.292447824903448e-05
ENSG00000160404	4.291967507428241e-05
ENSG00000144231	4.2910586374132376e-05
ENSG00000160392	4.2878948354786294e-05
ENSG00000135924	4.282478332936434e-05
ENSG00000135577	4.281838243974272e-05
ENSG00000241123	4.281585538249365e-05
ENSG00000150681	4.277379260355531e-05
ENSG00000196277	4.277201040929003e-05
ENSG00000138101	4.276451443875728e-05
ENSG00000168515	4.2762058245499835e-05
ENSG00000174123	4.276090528325378e-05
ENSG00000144645	4.2748722875260496e-05
ENSG00000185518	4.2746835288413076e-05
ENSG00000172578	4.274040503774904e-05
ENSG00000069702	4.273528340009295e-05
ENSG00000130733	4.26929735598314e-05
ENSG00000136237	4.269086436119536e-05
ENSG00000141026	4.2657259271426975e-05
ENSG00000100665	4.2653963993173324e-05
ENSG00000107862	4.2623897288482416e-05
ENSG00000133818	4.262374449522368e-05
ENSG00000198626	4.261669142519984e-05
ENSG00000155858	4.2604444392399765e-05
ENSG00000185519	4.2571216806371395e-05
ENSG00000272804	4.257042402710699e-05
ENSG00000205220	4.256924085201963e-05
ENSG00000111331	4.255474588694504e-05
ENSG00000138675	4.253919700004652e-05
ENSG00000109079	4.25370776900361e-05
ENSG00000242028	4.252948027145393e-05
ENSG00000170180	4.25240831996247e-05
ENSG00000119866	4.251516743382857e-05
ENSG00000100461	4.2497381764026035e-05
ENSG00000075461	4.2487461703257564e-05
ENSG00000129038	4.248464413598869e-05
ENSG00000155511	4.246914239236703e-05
ENSG00000137413	4.245212029137721e-05
ENSG00000145191	4.2440346841865375e-05
ENSG00000244405	4.240054638416804e-05
ENSG00000174483	4.2396559667808475e-05
ENSG00000065427	4.237390895655596e-05
ENSG00000164334	4.237307523279631e-05
ENSG00000089737	4.237278308542021e-05
ENSG00000285281	4.236617397860855e-05
ENSG00000161999	4.236462752415769e-05
ENSG00000160087	4.234730159571536e-05
ENSG00000115207	4.2346965662179225e-05
ENSG00000140807	4.233543404670111e-05
ENSG00000125484	4.2331362858783485e-05
ENSG00000163975	4.2304360019052724e-05
ENSG00000111224	4.2299757179248164e-05
ENSG00000057593	4.229940232566186e-05
ENSG00000099991	4.2298664251740506e-05
ENSG00000064995	4.2288953107752504e-05
ENSG00000168421	4.227534690327742e-05
ENSG00000173156	4.2261822541518764e-05
ENSG00000135940	4.224429182720218e-05
ENSG00000221838	4.223960158126955e-05
ENSG00000089169	4.2227897792945904e-05
ENSG00000129667	4.222655138051651e-05
ENSG00000167083	4.222377163489881e-05
ENSG00000163536	4.221834259463796e-05
ENSG00000148384	4.2218014020198205e-05
ENSG00000275023	4.218854263033759e-05
ENSG00000103202	4.218298188627654e-05
ENSG00000164597	4.216667227564862e-05
ENSG00000183092	4.2155882029147784e-05
ENSG00000168566	4.2149623286793365e-05
ENSG00000111305	4.214619781987719e-05
ENSG00000063660	4.211580477612998e-05
ENSG00000099901	4.209409795381974e-05
ENSG00000111796	4.206752741609104e-05
ENSG00000187325	4.2064444904470845e-05
ENSG00000188739	4.205242159393589e-05
ENSG00000100592	4.20502822339809e-05
ENSG00000006128	4.2042749059947677e-05
ENSG00000183010	4.2041240830961984e-05
ENSG00000108064	4.202529661155119e-05
ENSG00000099204	4.2023649445089714e-05
ENSG00000132963	4.201187156413884e-05
ENSG00000148082	4.2001789463974384e-05
ENSG00000187626	4.1989641196965885e-05
ENSG00000234414	4.1984053997212195e-05
ENSG00000040731	4.198337140397999e-05
ENSG00000053371	4.1981108130381456e-05
ENSG00000171703	4.197100123816143e-05
ENSG00000260916	4.195624733653625e-05
ENSG00000285248	4.19481635617771e-05
ENSG00000121671	4.194765580442133e-05
ENSG00000170145	4.193633116483984e-05
ENSG00000005102	4.193556187930354e-05
ENSG00000106992	4.193275675970248e-05
ENSG00000092094	4.192797402522991e-05
ENSG00000145365	4.187305379348166e-05
ENSG00000144524	4.185347053493311e-05
ENSG00000160049	4.182123638884143e-05
ENSG00000179407	4.180674601865209e-05
ENSG00000132600	4.179970738110258e-05
ENSG00000185245	4.176902094742423e-05
ENSG00000135069	4.1764937208233596e-05
ENSG00000114853	4.173799197363536e-05
ENSG00000108001	4.172563695469584e-05
ENSG00000171532	4.172450724555238e-05
ENSG00000172995	4.171691056846e-05
ENSG00000073060	4.1683283315258936e-05
ENSG00000152520	4.166377176566647e-05
ENSG00000182759	4.1654321516113935e-05
ENSG00000181143	4.1613706068886615e-05
ENSG00000134294	4.16124232681397e-05
ENSG00000181754	4.160154375144106e-05
ENSG00000135932	4.159779711195585e-05
ENSG00000138030	4.156987844147799e-05
ENSG00000101104	4.156731064444505e-05
ENSG00000185010	4.15651695469211e-05
ENSG00000133107	4.156333682868864e-05
ENSG00000140022	4.1554487914376445e-05
ENSG00000135083	4.155032133089766e-05
ENSG00000172016	4.1531793828066045e-05
ENSG00000110880	4.151990015576551e-05
ENSG00000171940	4.151535772278436e-05
ENSG00000126464	4.151500920341826e-05
ENSG00000147905	4.150179902718066e-05
ENSG00000084463	4.148997375783755e-05
ENSG00000213741	4.145743446154861e-05
ENSG00000241685	4.144770686487503e-05
ENSG00000055163	4.1433033279002825e-05
ENSG00000101220	4.141531851330152e-05
ENSG00000175895	4.1397305103420213e-05
ENSG00000277276	4.139688712803116e-05
ENSG00000120094	4.136573876826972e-05
ENSG00000140743	4.1335049606142934e-05
ENSG00000156925	4.132924460384865e-05
ENSG00000169683	4.131037963226002e-05
ENSG00000103671	4.129697972618628e-05
ENSG00000153044	4.128741187578257e-05
ENSG00000115263	4.1280621136870675e-05
ENSG00000119487	4.127231677385913e-05
ENSG00000144233	4.127217985382409e-05
ENSG00000198258	4.1246958927243916e-05
ENSG00000248746	4.124062835062031e-05
ENSG00000163346	4.123873034894588e-05
ENSG00000116678	4.1236428658713346e-05
ENSG00000167969	4.1235085511214165e-05
ENSG00000170619	4.123193203829798e-05
ENSG00000170579	4.1229715008992045e-05
ENSG00000197747	4.120587448734456e-05
ENSG00000196968	4.1204146197901726e-05
ENSG00000154415	4.1187706580035404e-05
ENSG00000165140	4.1165559762839165e-05
ENSG00000000460	4.1125548131459726e-05
ENSG00000136274	4.1110716837347935e-05
ENSG00000288283	4.1099445123941965e-05
ENSG00000112290	4.109721116850963e-05
ENSG00000157191	4.1059804221221554e-05
ENSG00000161544	4.105161767354871e-05
ENSG00000120733	4.1048204090702526e-05
ENSG00000282986	4.104552647102632e-05
ENSG00000105821	4.103454824685081e-05
ENSG00000187605	4.101787257680757e-05
ENSG00000149016	4.101672984822982e-05
ENSG00000010244	4.101612399035961e-05
ENSG00000129911	4.1011462694794836e-05
ENSG00000181781	4.100189702917116e-05
ENSG00000106692	4.0991112930673576e-05
ENSG00000282958	4.098163591809532e-05
ENSG00000168314	4.0976905883914494e-05
ENSG00000161960	4.097449683723404e-05
ENSG00000180891	4.097364744638151e-05
ENSG00000214575	4.094067917304256e-05
ENSG00000115592	4.093597947390973e-05
ENSG00000196547	4.0931229254873465e-05
ENSG00000112214	4.092492752240885e-05
ENSG00000162009	4.0911963088816835e-05
ENSG00000111732	4.091147263357518e-05
ENSG00000109943	4.09015046580032e-05
ENSG00000173991	4.089432839696935e-05
ENSG00000198874	4.0889074840161664e-05
ENSG00000090776	4.087794508059727e-05
ENSG00000189252	4.087567335131113e-05
ENSG00000170500	4.0864682481992605e-05
ENSG00000105369	4.083594325785746e-05
ENSG00000177150	4.0834292099390576e-05
ENSG00000128573	4.082188437419381e-05
ENSG00000143774	4.0773736357011076e-05
ENSG00000277016	4.0771882074255014e-05
ENSG00000150477	4.076779600574852e-05
ENSG00000243910	4.074666597013643e-05
ENSG00000175215	4.0724666846372485e-05
ENSG00000160447	4.072296077745868e-05
ENSG00000175581	4.070550466267376e-05
ENSG00000162777	4.07053046563326e-05
ENSG00000162928	4.067626841714573e-05
ENSG00000277336	4.06669676347111e-05
ENSG00000163935	4.062832956727883e-05
ENSG00000150768	4.06259617033498e-05
ENSG00000003096	4.0615865178368086e-05
ENSG00000173960	4.061394706019043e-05
ENSG00000127585	4.060272546456574e-05
ENSG00000012504	4.0585557510797726e-05
ENSG00000131475	4.0571324984854194e-05
ENSG00000125827	4.054939198161247e-05
ENSG00000186787	4.0540295960038223e-05
ENSG00000114204	4.0528741435482226e-05
ENSG00000179148	4.051984250232836e-05
ENSG00000117139	4.049676282986923e-05
ENSG00000288701	4.0493079229743704e-05
ENSG00000154080	4.047277720972179e-05
ENSG00000122477	4.047265265009233e-05
ENSG00000132972	4.0470230357167034e-05
ENSG00000161956	4.0457038863201864e-05
ENSG00000185697	4.042459901341613e-05
ENSG00000146576	4.0409754256597737e-05
ENSG00000108559	4.038546082639224e-05
ENSG00000132182	4.0383038766138163e-05
ENSG00000126953	4.0373586594254495e-05
ENSG00000160856	4.036841297896759e-05
ENSG00000100983	4.035339894819696e-05
ENSG00000110934	4.035328283875723e-05
ENSG00000258643	4.035065804409002e-05
ENSG00000198466	4.0338226070191734e-05
ENSG00000101098	4.03158117222389e-05
ENSG00000131864	4.0306321938562394e-05
ENSG00000167291	4.029060517840696e-05
ENSG00000115194	4.0288232920558584e-05
ENSG00000101246	4.028107350206555e-05
ENSG00000101871	4.025554837341851e-05
ENSG00000176566	4.0250522121043106e-05
ENSG00000135093	4.023974222930124e-05
ENSG00000136098	4.0227974053398553e-05
ENSG00000079215	4.0224774013377595e-05
ENSG00000125813	4.0210947816578115e-05
ENSG00000196220	4.019968764348114e-05
ENSG00000129347	4.018215052348875e-05
ENSG00000119185	4.017474174026209e-05
ENSG00000182511	4.016701933102844e-05
ENSG00000130558	4.016435234078297e-05
ENSG00000158623	4.014947393738212e-05
ENSG00000176136	4.014206174525076e-05
ENSG00000162630	4.012807207936173e-05
ENSG00000178127	4.011732672047188e-05
ENSG00000148606	4.010345648766379e-05
ENSG00000197079	4.010324965267304e-05
ENSG00000139287	4.010324212847812e-05
ENSG00000072736	4.0099879650630016e-05
ENSG00000119718	4.008677637931448e-05
ENSG00000178188	4.007321771854525e-05
ENSG00000237051	4.006773066677702e-05
ENSG00000247596	4.0049185858057855e-05
ENSG00000133142	4.004759407260658e-05
ENSG00000155330	4.004155748819548e-05
ENSG00000164144	4.003862702584221e-05
ENSG00000036828	4.003794331585157e-05
ENSG00000144061	4.001458948491256e-05
ENSG00000168280	4.000478897414298e-05
ENSG00000144791	3.9997262827626176e-05
ENSG00000117586	3.997982316594353e-05
ENSG00000151491	3.9976797150339713e-05
ENSG00000160796	3.996649450965005e-05
ENSG00000116954	3.994427961572403e-05
ENSG00000149305	3.9943794412993694e-05
ENSG00000137776	3.993971036939265e-05
ENSG00000152767	3.9907694361485894e-05
ENSG00000196428	3.990056734556768e-05
ENSG00000149600	3.988654982964994e-05
ENSG00000004961	3.985569111535616e-05
ENSG00000168872	3.98388101200569e-05
ENSG00000131653	3.9835263280186756e-05
ENSG00000178175	3.9826558244380194e-05
ENSG00000144029	3.982477652887402e-05
ENSG00000111046	3.982272072793754e-05
ENSG00000134873	3.9821472780744774e-05
ENSG00000262826	3.982039162851953e-05
ENSG00000275835	3.9802691240418545e-05
ENSG00000114126	3.9800205237903494e-05
ENSG00000088682	3.979987106403693e-05
ENSG00000165471	3.978981114137238e-05
ENSG00000110876	3.978022958158981e-05
ENSG00000124092	3.977758638689764e-05
ENSG00000170485	3.9770974972973104e-05
ENSG00000154710	3.976483812054087e-05
ENSG00000162613	3.975991697767348e-05
ENSG00000069011	3.975837935738649e-05
ENSG00000284571	3.9726581393138655e-05
ENSG00000188958	3.97201771844235e-05
ENSG00000106400	3.969773291290101e-05
ENSG00000109475	3.969738345440027e-05
ENSG00000159251	3.9694192567528577e-05
ENSG00000138604	3.968817817910862e-05
ENSG00000284137	3.968722398093422e-05
ENSG00000188375	3.968226825415439e-05
ENSG00000119655	3.966482219981595e-05
ENSG00000138107	3.964784161387776e-05
ENSG00000040933	3.9631945935186857e-05
ENSG00000278613	3.9630705923869874e-05
ENSG00000137338	3.962064069204046e-05
ENSG00000080224	3.9616943535266026e-05
ENSG00000134748	3.960184413694867e-05
ENSG00000171551	3.958175454768539e-05
ENSG00000198932	3.957637261803713e-05
ENSG00000147246	3.955806137073618e-05
ENSG00000011007	3.95536041096021e-05
ENSG00000168685	3.951910765180909e-05
ENSG00000204316	3.951560740198182e-05
ENSG00000185652	3.951330887811624e-05
ENSG00000120500	3.9487989838068034e-05
ENSG00000171936	3.9484397171410645e-05
ENSG00000136827	3.947326595975534e-05
ENSG00000006016	3.946537408282381e-05
ENSG00000155980	3.945888587709974e-05
ENSG00000165097	3.942498793761137e-05
ENSG00000135919	3.942348148001435e-05
ENSG00000284260	3.9348104422702774e-05
ENSG00000052841	3.934184072523679e-05
ENSG00000131473	3.933793479214053e-05
ENSG00000171055	3.933643062965553e-05
ENSG00000007384	3.933358486392571e-05
ENSG00000119689	3.9325039492853066e-05
ENSG00000143257	3.929507449708879e-05
ENSG00000109572	3.928356997156128e-05
ENSG00000113391	3.927152809733416e-05
ENSG00000107807	3.9269426987769706e-05
ENSG00000163995	3.926091092886061e-05
ENSG00000143156	3.923722471192621e-05
ENSG00000123989	3.922402299830842e-05
ENSG00000168995	3.9218360044533944e-05
ENSG00000175592	3.921642467271102e-05
ENSG00000100813	3.9205662905933456e-05
ENSG00000120697	3.9198724611790885e-05
ENSG00000159176	3.919194764051269e-05
ENSG00000122679	3.918867205151181e-05
ENSG00000196776	3.918133488109959e-05
ENSG00000165516	3.914055426187745e-05
ENSG00000197461	3.913182850201052e-05
ENSG00000124225	3.912355796844054e-05
ENSG00000197471	3.9122796523074144e-05
ENSG00000124159	3.9113860469574326e-05
ENSG00000129455	3.910949928791812e-05
ENSG00000189195	3.910929651080786e-05
ENSG00000160349	3.9087929156618115e-05
ENSG00000140632	3.907061577342875e-05
ENSG00000166535	3.906871567071777e-05
ENSG00000185760	3.906828556088515e-05
ENSG00000086288	3.906273884144594e-05
ENSG00000069424	3.9061346393286516e-05
ENSG00000070669	3.905359892073318e-05
ENSG00000132965	3.9051568714999135e-05
ENSG00000085449	3.9028345277263384e-05
ENSG00000109111	3.902457716902191e-05
ENSG00000164751	3.902231033955743e-05
ENSG00000113360	3.9017185420669374e-05
ENSG00000101850	3.90136011307907e-05
ENSG00000259956	3.8987782589444445e-05
ENSG00000143278	3.896688336042632e-05
ENSG00000155495	3.89596381379154e-05
ENSG00000188157	3.894495460950718e-05
ENSG00000153162	3.892339466056128e-05
ENSG00000140545	3.8912676262850877e-05
ENSG00000129990	3.8890600436337086e-05
ENSG00000152689	3.8873246238305406e-05
ENSG00000141084	3.886373452291043e-05
ENSG00000009844	3.8851999341048937e-05
ENSG00000119801	3.884892072361046e-05
ENSG00000154813	3.884135600289304e-05
ENSG00000158528	3.883621979766655e-05
ENSG00000164299	3.883332122937625e-05
ENSG00000174738	3.881269581217981e-05
ENSG00000177990	3.8771030138410266e-05
ENSG00000244057	3.876325006360774e-05
ENSG00000107554	3.875231092476804e-05
ENSG00000101384	3.872534482256346e-05
ENSG00000115648	3.871900848472466e-05
ENSG00000114487	3.868308013801313e-05
ENSG00000205413	3.867922154354701e-05
ENSG00000064961	3.8663463498030415e-05
ENSG00000104327	3.865422935099038e-05
ENSG00000169035	3.8643199379304085e-05
ENSG00000162595	3.864283447895863e-05
ENSG00000241484	3.86110368134097e-05
ENSG00000139675	3.8610933517612615e-05
ENSG00000054965	3.8605530440253286e-05
ENSG00000122025	3.8605425422219466e-05
ENSG00000152192	3.859956627564826e-05
ENSG00000173546	3.8599499371580865e-05
ENSG00000163060	3.8592646097794866e-05
ENSG00000168209	3.8572590901545884e-05
ENSG00000168092	3.856141540842535e-05
ENSG00000110848	3.8548824587012025e-05
ENSG00000112893	3.8521458740094135e-05
ENSG00000112130	3.849880077487405e-05
ENSG00000152208	3.8484895084559314e-05
ENSG00000177479	3.847473355306943e-05
ENSG00000167850	3.8469215535622384e-05
ENSG00000113269	3.8464191841322304e-05
ENSG00000168291	3.8455437809123526e-05
ENSG00000151150	3.8453244851268844e-05
ENSG00000141556	3.843552500074584e-05
ENSG00000221986	3.841556042602288e-05
ENSG00000111602	3.8409720860679076e-05
ENSG00000168830	3.84040310393312e-05
ENSG00000288145	3.8398463405066064e-05
ENSG00000040275	3.8398183559490484e-05
ENSG00000132141	3.839685497736329e-05
ENSG00000139973	3.8392795987649106e-05
ENSG00000124160	3.837808677011649e-05
ENSG00000284238	3.836559273313437e-05
ENSG00000054116	3.836409401181154e-05
ENSG00000140798	3.8360061270163455e-05
ENSG00000136636	3.83498188370086e-05
ENSG00000163166	3.8320361643500884e-05
ENSG00000167306	3.8288955477108515e-05
ENSG00000221866	3.827296092658776e-05
ENSG00000182580	3.8268054499465305e-05
ENSG00000097021	3.826802234012076e-05
ENSG00000164440	3.8246633773598265e-05
ENSG00000140740	3.820662775634095e-05
ENSG00000100814	3.820316437079415e-05
ENSG00000156219	3.820054297461538e-05
ENSG00000130477	3.8197063450690035e-05
ENSG00000077009	3.818974537826692e-05
ENSG00000180104	3.81682611334953e-05
ENSG00000236826	3.8133888616201505e-05
ENSG00000172023	3.8109783241722074e-05
ENSG00000182389	3.8101830623330445e-05
ENSG00000033050	3.8101260692875354e-05
ENSG00000154358	3.809814483237731e-05
ENSG00000117877	3.8096800102316346e-05
ENSG00000218891	3.80896703805357e-05
ENSG00000171450	3.807630698409769e-05
ENSG00000125733	3.8075426341439966e-05
ENSG00000133105	3.807284853437703e-05
ENSG00000125675	3.8054092983221985e-05
ENSG00000060069	3.803369076104502e-05
ENSG00000119977	3.80245869565897e-05
ENSG00000133246	3.801878803850536e-05
ENSG00000141542	3.797906879282004e-05
ENSG00000140577	3.797747847340965e-05
ENSG00000115226	3.797590272376501e-05
ENSG00000115239	3.796706964517256e-05
ENSG00000123080	3.7963816801914193e-05
ENSG00000174915	3.7963769873255616e-05
ENSG00000091128	3.7956441564056106e-05
ENSG00000147481	3.7951148295841464e-05
ENSG00000180176	3.79434284101073e-05
ENSG00000132026	3.794200573845664e-05
ENSG00000278129	3.791014904837595e-05
ENSG00000176386	3.790648597538822e-05
ENSG00000118518	3.7877062404295954e-05
ENSG00000095059	3.7877015509809484e-05
ENSG00000204370	3.786979439622357e-05
ENSG00000169871	3.78628833477544e-05
ENSG00000155087	3.783814675737742e-05
ENSG00000151320	3.783579790202856e-05
ENSG00000177301	3.7829257279872665e-05
ENSG00000102678	3.78109901823374e-05
ENSG00000153767	3.77772499757717e-05
ENSG00000170571	3.774640769735213e-05
ENSG00000089063	3.7746149117843176e-05
ENSG00000108622	3.774265562133789e-05
ENSG00000033627	3.7738129695550384e-05
ENSG00000104812	3.7722234007383995e-05
ENSG00000148840	3.769827781541109e-05
ENSG00000171643	3.767783522454069e-05
ENSG00000184226	3.767724325866112e-05
ENSG00000155876	3.7663938650534925e-05
ENSG00000154133	3.764164826616979e-05
ENSG00000105323	3.7620172329270126e-05
ENSG00000160072	3.76193849120032e-05
ENSG00000091127	3.75912561866016e-05
ENSG00000105877	3.7586295455859094e-05
ENSG00000263290	3.758459859791495e-05
ENSG00000168309	3.7577492229394285e-05
ENSG00000137054	3.757094227830754e-05
ENSG00000100722	3.756223859030064e-05
ENSG00000106078	3.751746394409735e-05
ENSG00000187840	3.750752938863323e-05
ENSG00000282954	3.7480211381752055e-05
ENSG00000102010	3.747304885527402e-05
ENSG00000102837	3.746972010733315e-05
ENSG00000011260	3.7463860717826395e-05
ENSG00000227471	3.740488583476492e-05
ENSG00000109466	3.739762510701885e-05
ENSG00000273562	3.739285240302301e-05
ENSG00000146373	3.737503207921945e-05
ENSG00000241563	3.7342526303249086e-05
ENSG00000088367	3.7325607890651186e-05
ENSG00000148337	3.730973312879867e-05
ENSG00000001617	3.729997317473992e-05
ENSG00000096080	3.729076894079437e-05
ENSG00000081386	3.728492431912623e-05
ENSG00000182230	3.7281479708215145e-05
ENSG00000129757	3.7279952251897405e-05
ENSG00000241343	3.7266620970281094e-05
ENSG00000132703	3.719846939097326e-05
ENSG00000170322	3.7195166921909616e-05
ENSG00000148335	3.7164290303349324e-05
ENSG00000102003	3.712944768354897e-05
ENSG00000167985	3.712840031371603e-05
ENSG00000168267	3.707777707667841e-05
ENSG00000168286	3.707466737047684e-05
ENSG00000277943	3.706635600063458e-05
ENSG00000134765	3.7064435864729606e-05
ENSG00000282899	3.704760827873756e-05
ENSG00000103274	3.7037371732252325e-05
ENSG00000048028	3.70346621723285e-05
ENSG00000158985	3.702365852146943e-05
ENSG00000158106	3.7015056708331204e-05
ENSG00000260325	3.701086603476797e-05
ENSG00000106459	3.6993325912955765e-05
ENSG00000163872	3.6986758141374435e-05
ENSG00000151465	3.6972054655154925e-05
ENSG00000143631	3.697011396043023e-05
ENSG00000111196	3.6944335217018935e-05
ENSG00000139625	3.693937128963731e-05
ENSG00000122188	3.691770465111422e-05
ENSG00000147082	3.691698277623126e-05
ENSG00000139714	3.690688300374544e-05
ENSG00000152684	3.69006080422554e-05
ENSG00000198785	3.68964013818313e-05
ENSG00000140795	3.6894957917889666e-05
ENSG00000111554	3.6888466066687295e-05
ENSG00000172156	3.6883874669670445e-05
ENSG00000010292	3.686029862615232e-05
ENSG00000079277	3.685434199741672e-05
ENSG00000132434	3.685243869743478e-05
ENSG00000140365	3.684787104981224e-05
ENSG00000167333	3.680761950264678e-05
ENSG00000108578	3.680011110485299e-05
ENSG00000128408	3.6792255878468075e-05
ENSG00000100678	3.678960116928189e-05
ENSG00000154553	3.678795751524826e-05
ENSG00000091181	3.6775308575320216e-05
ENSG00000111247	3.675814779162489e-05
ENSG00000140403	3.675104868553201e-05
ENSG00000125864	3.674298569390642e-05
ENSG00000131732	3.67327446177334e-05
ENSG00000150593	3.672591379868583e-05
ENSG00000171617	3.67257793118705e-05
ENSG00000083223	3.67077826715853e-05
ENSG00000165905	3.670408725965055e-05
ENSG00000198924	3.669725975455281e-05
ENSG00000123560	3.6690439572507574e-05
ENSG00000177575	3.664514029314554e-05
ENSG00000204498	3.66294397718199e-05
ENSG00000247077	3.6614224623676354e-05
ENSG00000119938	3.660492482267689e-05
ENSG00000123095	3.658373535277983e-05
ENSG00000136197	3.6578841024040565e-05
ENSG00000186074	3.6571295164615845e-05
ENSG00000087510	3.654566963265968e-05
ENSG00000122756	3.653844363118251e-05
ENSG00000140543	3.6535504352048056e-05
ENSG00000115762	3.65259683581459e-05
ENSG00000196455	3.6525524217848804e-05
ENSG00000126107	3.6516466547967916e-05
ENSG00000064692	3.647436494261511e-05
ENSG00000145879	3.647097271605203e-05
ENSG00000130810	3.646198151802201e-05
ENSG00000141161	3.645360221156459e-05
ENSG00000143324	3.64529233765953e-05
ENSG00000136487	3.6448100602888515e-05
ENSG00000188991	3.642632306608301e-05
ENSG00000078549	3.642594692280746e-05
ENSG00000142494	3.642116971310177e-05
ENSG00000166845	3.639333185314513e-05
ENSG00000075568	3.639317977568296e-05
ENSG00000275221	3.6386584232775494e-05
ENSG00000104903	3.638239180801258e-05
ENSG00000103343	3.636170563131303e-05
ENSG00000116703	3.634300900192578e-05
ENSG00000101280	3.633761803626674e-05
ENSG00000171566	3.6331721490617076e-05
ENSG00000072195	3.6331542312924685e-05
ENSG00000231377	3.632075558819766e-05
ENSG00000127946	3.6316911470334676e-05
ENSG00000166634	3.631215103431519e-05
ENSG00000146007	3.630453570951032e-05
ENSG00000134389	3.630192800458499e-05
ENSG00000120333	3.627920509154208e-05
ENSG00000180660	3.626111234870606e-05
ENSG00000205476	3.6260633585796914e-05
ENSG00000107949	3.625887222022845e-05
ENSG00000161681	3.625869676278495e-05
ENSG00000145833	3.6251481413604316e-05
ENSG00000168615	3.624791805536135e-05
ENSG00000121211	3.624686890476436e-05
ENSG00000121058	3.624265298469604e-05
ENSG00000168495	3.624163445461739e-05
ENSG00000095066	3.6210191552840654e-05
ENSG00000180543	3.62052926057063e-05
ENSG00000118965	3.6200795086031836e-05
ENSG00000157216	3.619956100231412e-05
ENSG00000103365	3.619910875249701e-05
ENSG00000138002	3.6180201540682014e-05
ENSG00000124507	3.615928804467609e-05
ENSG00000100612	3.6119185251370136e-05
ENSG00000143157	3.611000583880767e-05
ENSG00000132780	3.6097059632498765e-05
ENSG00000150347	3.606611604393245e-05
ENSG00000023318	3.605173860829483e-05
ENSG00000114349	3.6047579545152336e-05
ENSG00000157017	3.6041218797807694e-05
ENSG00000134755	3.603698501580791e-05
ENSG00000106633	3.6016154972760104e-05
ENSG00000163006	3.601581080166039e-05
ENSG00000119777	3.600863141887251e-05
ENSG00000100346	3.600194242761829e-05
ENSG00000172409	3.599221266101293e-05
ENSG00000143811	3.599069069276445e-05
ENSG00000104325	3.597959156691284e-05
ENSG00000124535	3.5967206120364933e-05
ENSG00000087074	3.596674485254998e-05
ENSG00000104047	3.596066940129481e-05
ENSG00000149115	3.595068737608008e-05
ENSG00000101052	3.594920721159695e-05
ENSG00000184007	3.5944200819023886e-05
ENSG00000169344	3.5938035278007905e-05
ENSG00000121634	3.593210269279342e-05
ENSG00000168710	3.5929583988130295e-05
ENSG00000107130	3.5923541257632906e-05
ENSG00000171004	3.591087180628289e-05
ENSG00000158748	3.590360577112581e-05
ENSG00000185085	3.589996322622385e-05
ENSG00000172469	3.587105643727793e-05
ENSG00000131264	3.58672231793145e-05
ENSG00000132661	3.585988799767286e-05
ENSG00000197566	3.5848703518155996e-05
ENSG00000128641	3.584677516046267e-05
ENSG00000161547	3.582383038720157e-05
ENSG00000004700	3.581106833442565e-05
ENSG00000147724	3.580947056162916e-05
ENSG00000052850	3.5806683913957296e-05
ENSG00000203786	3.5799075228149394e-05
ENSG00000215114	3.579178742389915e-05
ENSG00000121905	3.578898477171208e-05
ENSG00000125124	3.5767846418491806e-05
ENSG00000153130	3.5767775201155714e-05
ENSG00000135744	3.576643747105253e-05
ENSG00000108700	3.575862083160235e-05
ENSG00000161513	3.575379696748422e-05
ENSG00000162604	3.57449346639574e-05
ENSG00000103591	3.572528743383023e-05
ENSG00000106804	3.571604881799673e-05
ENSG00000146216	3.569785663146853e-05
ENSG00000197217	3.568656700103359e-05
ENSG00000053747	3.5686245605136154e-05
ENSG00000197361	3.567568071960335e-05
ENSG00000104131	3.5671449120742845e-05
ENSG00000053501	3.5669576735441414e-05
ENSG00000165474	3.5666795094614944e-05
ENSG00000100106	3.5659907594588594e-05
ENSG00000263761	3.5658135605311834e-05
ENSG00000102096	3.563537779075493e-05
ENSG00000187239	3.562798684271924e-05
ENSG00000125492	3.56122630032396e-05
ENSG00000182645	3.559647923916168e-05
ENSG00000136295	3.5554999130900626e-05
ENSG00000131016	3.5553088656766204e-05
ENSG00000080603	3.555150566164424e-05
ENSG00000150048	3.55500977067938e-05
ENSG00000181195	3.554279056989986e-05
ENSG00000131236	3.55206351684205e-05
ENSG00000197702	3.548403049276061e-05
ENSG00000011523	3.5483318086372446e-05
ENSG00000021826	3.5470721602909e-05
ENSG00000163527	3.547012583266249e-05
ENSG00000225950	3.54473602240569e-05
ENSG00000168268	3.544133376405528e-05
ENSG00000078401	3.5433658515480885e-05
ENSG00000165661	3.542772849753506e-05
ENSG00000198382	3.54085814811243e-05
ENSG00000198042	3.54051064609141e-05
ENSG00000173267	3.53933278756582e-05
ENSG00000124145	3.538595381915997e-05
ENSG00000105887	3.5371961116333016e-05
ENSG00000111783	3.536978266595729e-05
ENSG00000153820	3.535113472538832e-05
ENSG00000069482	3.534350821287332e-05
ENSG00000123836	3.534094348569969e-05
ENSG00000070961	3.531865988799449e-05
ENSG00000130150	3.531609600115488e-05
ENSG00000140463	3.531383866576949e-05
ENSG00000248099	3.530951404897656e-05
ENSG00000068079	3.5308153550513465e-05
ENSG00000140265	3.5306883135125146e-05
ENSG00000164970	3.529576266917135e-05
ENSG00000163171	3.528638804629597e-05
ENSG00000108799	3.528221456620392e-05
ENSG00000162076	3.526457023498075e-05
ENSG00000113088	3.524745142110147e-05
ENSG00000076382	3.524255454011534e-05
ENSG00000103264	3.523388096416854e-05
ENSG00000121653	3.522276461641597e-05
ENSG00000196358	3.5213113521095386e-05
ENSG00000176407	3.520894414062252e-05
ENSG00000165775	3.5203488680077925e-05
ENSG00000099364	3.519029481079943e-05
ENSG00000107968	3.518936750799778e-05
ENSG00000133056	3.517595255255363e-05
ENSG00000108830	3.516679330480191e-05
ENSG00000256269	3.51521287481713e-05
ENSG00000172273	3.5147147667427894e-05
ENSG00000066136	3.5139563889770954e-05
ENSG00000070785	3.513358538899916e-05
ENSG00000137764	3.5124483696356336e-05
ENSG00000164237	3.512274495955084e-05
ENSG00000110696	3.5122101339345986e-05
ENSG00000198670	3.511558844756231e-05
ENSG00000109047	3.510678353105805e-05
ENSG00000164951	3.510542789325527e-05
ENSG00000077312	3.5103929600328205e-05
ENSG00000284944	3.509623010251835e-05
ENSG00000166855	3.509509448952849e-05
ENSG00000104960	3.509508650242701e-05
ENSG00000109255	3.509476374975651e-05
ENSG00000152207	3.509304925105999e-05
ENSG00000055118	3.507072605166595e-05
ENSG00000162851	3.503255703870234e-05
ENSG00000206485	3.50190544260876e-05
ENSG00000107833	3.500403342292668e-05
ENSG00000181991	3.500336684495176e-05
ENSG00000130032	3.499607561258114e-05
ENSG00000107951	3.498460334549614e-05
ENSG00000107249	3.496614320878228e-05
ENSG00000132693	3.495956332320545e-05
ENSG00000135968	3.4953098127283584e-05
ENSG00000138617	3.4946657278404454e-05
ENSG00000059588	3.493864762492176e-05
ENSG00000141985	3.493386361890069e-05
ENSG00000132872	3.492292095714524e-05
ENSG00000137270	3.492096622270025e-05
ENSG00000177879	3.490162726432332e-05
ENSG00000149187	3.488861501667053e-05
ENSG00000187796	3.487712321160411e-05
ENSG00000185896	3.487140413987947e-05
ENSG00000186838	3.4856234200915036e-05
ENSG00000079819	3.484803277474762e-05
ENSG00000168175	3.4847507982696e-05
ENSG00000168137	3.484470657545006e-05
ENSG00000100288	3.482829355999443e-05
ENSG00000198873	3.4824715677971046e-05
ENSG00000178718	3.4815371195165986e-05
ENSG00000150401	3.4789920231953324e-05
ENSG00000163710	3.47602322419524e-05
ENSG00000204010	3.476010081821818e-05
ENSG00000062194	3.475700998501906e-05
ENSG00000245680	3.4738432769862154e-05
ENSG00000167700	3.473075217104512e-05
ENSG00000127928	3.472477290756099e-05
ENSG00000125414	3.47068389123642e-05
ENSG00000156313	3.4703028540449765e-05
ENSG00000198574	3.469874036217503e-05
ENSG00000188092	3.4697446733837805e-05
ENSG00000121594	3.468345582884709e-05
ENSG00000028116	3.466241174255866e-05
ENSG00000090263	3.4646744204927345e-05
ENSG00000166295	3.4631723345608835e-05
ENSG00000187391	3.462560174972512e-05
ENSG00000176046	3.4597777904034456e-05
ENSG00000108825	3.459055958468591e-05
ENSG00000061794	3.458994806927967e-05
ENSG00000134321	3.458886653346341e-05
ENSG00000164023	3.458639263384237e-05
ENSG00000059728	3.456024570944646e-05
ENSG00000103351	3.455743769540129e-05
ENSG00000103269	3.455668332155581e-05
ENSG00000241697	3.4553338557793006e-05
ENSG00000126249	3.454891620574541e-05
ENSG00000283706	3.454177428462843e-05
ENSG00000114859	3.45413605356131e-05
ENSG00000205138	3.4529955256256117e-05
ENSG00000137815	3.4522725672552016e-05
ENSG00000139637	3.452000333148354e-05
ENSG00000143499	3.4510917972680156e-05
ENSG00000080823	3.451004210535928e-05
ENSG00000064607	3.4506439111435626e-05
ENSG00000132612	3.449922556716976e-05
ENSG00000182197	3.449746241873755e-05
ENSG00000284796	3.449015226308359e-05
ENSG00000130787	3.448460389907141e-05
ENSG00000285048	3.44696170939735e-05
ENSG00000163914	3.446809139490559e-05
ENSG00000140263	3.445172991571552e-05
ENSG00000102349	3.4443891522635936e-05
ENSG00000114115	3.444180097699578e-05
ENSG00000276480	3.4432166758075784e-05
ENSG00000127483	3.4418222692796395e-05
ENSG00000258839	3.441809319366511e-05
ENSG00000128886	3.439656784723001e-05
ENSG00000198286	3.438757298943981e-05
ENSG00000108669	3.438750879819426e-05
ENSG00000215455	3.437931889457465e-05
ENSG00000187607	3.4353787770547824e-05
ENSG00000135324	3.4348072047502286e-05
ENSG00000166938	3.432146357747091e-05
ENSG00000214753	3.4294550937052416e-05
ENSG00000198925	3.42856868789746e-05
ENSG00000185090	3.428348942163029e-05
ENSG00000084110	3.4278895090622626e-05
ENSG00000067334	3.4270527223767975e-05
ENSG00000115875	3.426169919278393e-05
ENSG00000117481	3.4250355851159465e-05
ENSG00000159479	3.419664811501646e-05
ENSG00000112561	3.417030085578769e-05
ENSG00000178105	3.4112878300398944e-05
ENSG00000092964	3.4103341894521126e-05
ENSG00000115687	3.409943231914844e-05
ENSG00000234704	3.409663766340931e-05
ENSG00000198889	3.409070168946149e-05
ENSG00000198910	3.4090027006945936e-05
ENSG00000186017	3.408942926850635e-05
ENSG00000122375	3.4079361917127984e-05
ENSG00000148444	3.407313358934264e-05
ENSG00000144848	3.407178606299738e-05
ENSG00000182985	3.406553950025528e-05
ENSG00000160679	3.406265181374803e-05
ENSG00000284807	3.406035451492292e-05
ENSG00000048392	3.4059548396285475e-05
ENSG00000106331	3.404346761353615e-05
ENSG00000145198	3.404072157016681e-05
ENSG00000151718	3.4031415807717285e-05
ENSG00000113161	3.4031291252061165e-05
ENSG00000145242	3.40129114388846e-05
ENSG00000127578	3.400944486443398e-05
ENSG00000099822	3.4006698345756696e-05
ENSG00000130303	3.39842074991905e-05
ENSG00000182308	3.398352712441083e-05
ENSG00000044090	3.397906260376135e-05
ENSG00000153558	3.3950662328750735e-05
ENSG00000169180	3.392900161040056e-05
ENSG00000205903	3.3928982134520234e-05
ENSG00000082556	3.392283666588588e-05
ENSG00000162066	3.391524320085591e-05
ENSG00000167283	3.3912460602714996e-05
ENSG00000187672	3.391171193935896e-05
ENSG00000008324	3.390760430203843e-05
ENSG00000173480	3.390670737516681e-05
ENSG00000182400	3.389472416478326e-05
ENSG00000171017	3.387760853628995e-05
ENSG00000174963	3.3876023185616207e-05
ENSG00000113494	3.3862802922847366e-05
ENSG00000096872	3.3843257621810435e-05
ENSG00000066926	3.378703505845442e-05
ENSG00000153237	3.3783606826379515e-05
ENSG00000166224	3.3775201128151915e-05
ENSG00000158560	3.375937576615326e-05
ENSG00000157680	3.3758402344859704e-05
ENSG00000118246	3.375504268412671e-05
ENSG00000116688	3.375497909302912e-05
ENSG00000013441	3.374285164568592e-05
ENSG00000179604	3.372870540631231e-05
ENSG00000118096	3.372545503517468e-05
ENSG00000100150	3.372512930823501e-05
ENSG00000113966	3.369815306265261e-05
ENSG00000121310	3.3677115109541076e-05
ENSG00000049130	3.367309151807335e-05
ENSG00000174429	3.3664131032141485e-05
ENSG00000086619	3.3662819638284494e-05
ENSG00000108511	3.366205094261566e-05
ENSG00000135372	3.3647928635131606e-05
ENSG00000205426	3.3623303034013776e-05
ENSG00000124126	3.360635261702762e-05
ENSG00000118922	3.360525640795969e-05
ENSG00000197111	3.359993718039709e-05
ENSG00000115507	3.359968140953225e-05
ENSG00000170178	3.358875558313695e-05
ENSG00000198547	3.358748975071253e-05
ENSG00000183091	3.356628695455178e-05
ENSG00000121417	3.35618251873145e-05
ENSG00000158710	3.355276681990192e-05
ENSG00000140854	3.353311956522318e-05
ENSG00000142698	3.35188401101304e-05
ENSG00000124429	3.351617438458347e-05
ENSG00000132330	3.349824610297296e-05
ENSG00000156466	3.349012905479439e-05
ENSG00000163482	3.348784996384136e-05
ENSG00000155660	3.3473733638079055e-05
ENSG00000118271	3.346564052420123e-05
ENSG00000016490	3.346150361103155e-05
ENSG00000198712	3.345143367724667e-05
ENSG00000255302	3.344932302111264e-05
ENSG00000272391	3.3442915477771494e-05
ENSG00000155906	3.3431528211064324e-05
ENSG00000198886	3.3425605553380144e-05
ENSG00000169592	3.340652994691747e-05
ENSG00000102048	3.338492367598229e-05
ENSG00000065675	3.338061696234627e-05
ENSG00000013503	3.3371394105872106e-05
ENSG00000078967	3.33479306457877e-05
ENSG00000198860	3.334094939451985e-05
ENSG00000132010	3.3324791467325e-05
ENSG00000139718	3.332284377336044e-05
ENSG00000165819	3.331495321805842e-05
ENSG00000198804	3.331133375328339e-05
ENSG00000151650	3.3311241856984994e-05
ENSG00000124201	3.3309581620898595e-05
ENSG00000135299	3.329740911165638e-05
ENSG00000145592	3.329322645377918e-05
ENSG00000056972	3.3283610241158935e-05
ENSG00000169306	3.327769661825555e-05
ENSG00000112357	3.3275698040054736e-05
ENSG00000236149	3.3238836601086986e-05
ENSG00000152404	3.322166076670487e-05
ENSG00000160194	3.317916358371937e-05
ENSG00000071127	3.317555512591657e-05
ENSG00000135365	3.3162419315085406e-05
ENSG00000186827	3.314028184686436e-05
ENSG00000109832	3.3127310850200537e-05
ENSG00000120254	3.3126170767195815e-05
ENSG00000188624	3.310640587927589e-05
ENSG00000204866	3.310640587927589e-05
ENSG00000021852	3.307689040955215e-05
ENSG00000148429	3.307023089439512e-05
ENSG00000135821	3.3068793395820866e-05
ENSG00000123411	3.306546025904883e-05
ENSG00000065613	3.306119188275456e-05
ENSG00000136699	3.3057255950179656e-05
ENSG00000106993	3.3045377627446e-05
ENSG00000151348	3.303694469705387e-05
ENSG00000143850	3.302847832576308e-05
ENSG00000166510	3.30268500715227e-05
ENSG00000129451	3.3022078999997906e-05
ENSG00000121807	3.300836751389705e-05
ENSG00000131100	3.3008239935607935e-05
ENSG00000058404	3.299393726013435e-05
ENSG00000048828	3.298465067498829e-05
ENSG00000176171	3.297018805484346e-05
ENSG00000118564	3.296976392187415e-05
ENSG00000173404	3.29695320972138e-05
ENSG00000169570	3.2955638399043575e-05
ENSG00000088320	3.2947568601901004e-05
ENSG00000178750	3.2939884070217055e-05
ENSG00000262418	3.293974724689826e-05
ENSG00000164967	3.292243105432871e-05
ENSG00000128607	3.292240732029388e-05
ENSG00000139131	3.291794816894002e-05
ENSG00000186687	3.289685846231239e-05
ENSG00000092621	3.2890462532476294e-05
ENSG00000134453	3.2857396886924036e-05
ENSG00000134470	3.284562379174116e-05
ENSG00000118804	3.281923738509326e-05
ENSG00000196361	3.279326348922756e-05
ENSG00000124587	3.279009509326465e-05
ENSG00000165138	3.27891756401871e-05
ENSG00000131737	3.278300898777974e-05
ENSG00000116128	3.278026915230238e-05
ENSG00000133112	3.275923111111136e-05
ENSG00000101605	3.275351349062077e-05
ENSG00000234539	3.2741096406107995e-05
ENSG00000172819	3.2736778908607324e-05
ENSG00000133111	3.2716265799902484e-05
ENSG00000087087	3.2709469465064955e-05
ENSG00000169403	3.2704203453547694e-05
ENSG00000128335	3.270346532851383e-05
ENSG00000089597	3.269993560065821e-05
ENSG00000141905	3.2687296776087396e-05
ENSG00000134697	3.26850287714363e-05
ENSG00000186272	3.2680646644982405e-05
ENSG00000086065	3.267411211952417e-05
ENSG00000175325	3.266520579997688e-05
ENSG00000167863	3.2662188720514e-05
ENSG00000164325	3.266166678310021e-05
ENSG00000142864	3.264319098887073e-05
ENSG00000159450	3.26192832900415e-05
ENSG00000028839	3.261913952036484e-05
ENSG00000120509	3.261317997436703e-05
ENSG00000140105	3.2592495663053694e-05
ENSG00000160062	3.258223003689e-05
ENSG00000138802	3.255634471498307e-05
ENSG00000146232	3.2553414700735216e-05
ENSG00000171786	3.253298779474635e-05
ENSG00000146701	3.251438913089981e-05
ENSG00000144749	3.251051902920168e-05
ENSG00000134259	3.250964294559992e-05
ENSG00000184330	3.25043615540475e-05
ENSG00000127863	3.249543367117191e-05
ENSG00000170385	3.2494459129579364e-05
ENSG00000198786	3.249204214738452e-05
ENSG00000167791	3.249073104915782e-05
ENSG00000128683	3.2446107352725485e-05
ENSG00000275555	3.244364837239427e-05
ENSG00000148341	3.24382319837282e-05
ENSG00000132681	3.2433822842606144e-05
ENSG00000198732	3.239783464798996e-05
ENSG00000182117	3.2359361734162596e-05
ENSG00000163961	3.2352282824323183e-05
ENSG00000070814	3.2339433043488346e-05
ENSG00000203896	3.233547206933494e-05
ENSG00000141956	3.233105462990473e-05
ENSG00000135272	3.2301818354467404e-05
ENSG00000175279	3.2272309703360334e-05
ENSG00000196998	3.226551304015423e-05
ENSG00000196754	3.225149367763836e-05
ENSG00000174780	3.2250688845820755e-05
ENSG00000107223	3.224743683121251e-05
ENSG00000111716	3.2241427292152526e-05
ENSG00000130695	3.22171019418895e-05
ENSG00000163945	3.221698712992072e-05
ENSG00000136160	3.2215458957806285e-05
ENSG00000140332	3.221360112056283e-05
ENSG00000185009	3.220763141549181e-05
ENSG00000169174	3.2196796476231e-05
ENSG00000185053	3.219227563096764e-05
ENSG00000198104	3.2188911229658675e-05
ENSG00000175567	3.217729755248671e-05
ENSG00000154174	3.215183787394378e-05
ENSG00000282928	3.214906967704824e-05
ENSG00000144354	3.214600023735659e-05
ENSG00000184076	3.212369585673528e-05
ENSG00000154059	3.2080545102828237e-05
ENSG00000276191	3.20722056732931e-05
ENSG00000105507	3.205740819376756e-05
ENSG00000164078	3.2044404631705244e-05
ENSG00000182768	3.2040673720311607e-05
ENSG00000182307	3.203036322092711e-05
ENSG00000134684	3.202327264247703e-05
ENSG00000160339	3.2020341661455016e-05
ENSG00000110047	3.2018566612272256e-05
ENSG00000151779	3.201187683755333e-05
ENSG00000137273	3.200584372227033e-05
ENSG00000126368	3.199848404171237e-05
ENSG00000177047	3.1994208412190696e-05
ENSG00000196967	3.1984993441857834e-05
ENSG00000143164	3.198081667227242e-05
ENSG00000087266	3.196512299026171e-05
ENSG00000198933	3.19610793719328e-05
ENSG00000189306	3.196016682679703e-05
ENSG00000184060	3.1955226646180246e-05
ENSG00000185962	3.193035053760369e-05
ENSG00000184005	3.192211609463271e-05
ENSG00000117133	3.191999690960189e-05
ENSG00000176641	3.1870115326758985e-05
ENSG00000149179	3.185926805141298e-05
ENSG00000173210	3.182024344506164e-05
ENSG00000113387	3.181528525444686e-05
ENSG00000124193	3.178378350484729e-05
ENSG00000156234	3.177956907120106e-05
ENSG00000257923	3.177472057577184e-05
ENSG00000145391	3.176601957014081e-05
ENSG00000173418	3.1762784703583875e-05
ENSG00000007264	3.17613632517197e-05
ENSG00000130638	3.175834060198123e-05
ENSG00000189046	3.1750992003464554e-05
ENSG00000182187	3.1746103588886686e-05
ENSG00000174460	3.174269322289551e-05
ENSG00000124939	3.1739445673568067e-05
ENSG00000107819	3.173135444020822e-05
ENSG00000169213	3.172572763319521e-05
ENSG00000131746	3.171514709390622e-05
ENSG00000011295	3.169700545239772e-05
ENSG00000166111	3.168839096544707e-05
ENSG00000163541	3.167515847737131e-05
ENSG00000141068	3.166511033640541e-05
ENSG00000185885	3.1654616616479955e-05
ENSG00000125814	3.165315214879525e-05
ENSG00000138495	3.165116686844487e-05
ENSG00000115844	3.16395199391402e-05
ENSG00000105583	3.1628084009117137e-05
ENSG00000079841	3.160886512556852e-05
ENSG00000170043	3.1601974584846274e-05
ENSG00000166997	3.1600345585052764e-05
ENSG00000137101	3.158357433036544e-05
ENSG00000117091	3.157814672010043e-05
ENSG00000187514	3.1561022696847384e-05
ENSG00000162836	3.1558425105253724e-05
ENSG00000285348	3.155288860933751e-05
ENSG00000171490	3.1547851841925104e-05
ENSG00000170779	3.154484897420834e-05
ENSG00000115107	3.15109872043745e-05
ENSG00000277586	3.149627010578928e-05
ENSG00000146926	3.1480165571114785e-05
ENSG00000091972	3.147257910637491e-05
ENSG00000205089	3.146981612055009e-05
ENSG00000168763	3.1455586832386005e-05
ENSG00000183527	3.1445301239550585e-05
ENSG00000197696	3.143807960418527e-05
ENSG00000150760	3.142251242083979e-05
ENSG00000100266	3.1417509795572565e-05
ENSG00000182827	3.1394487133172495e-05
ENSG00000196139	3.139034888332271e-05
ENSG00000108771	3.13899831052454e-05
ENSG00000027075	3.1384077659013385e-05
ENSG00000277936	3.137073877015486e-05
ENSG00000169641	3.136781440143248e-05
ENSG00000160460	3.135285929014189e-05
ENSG00000189067	3.1336768925143846e-05
ENSG00000174136	3.1335598557936896e-05
ENSG00000239900	3.1325823402425184e-05
ENSG00000178498	3.1324074428985226e-05
ENSG00000162889	3.132216859690146e-05
ENSG00000203710	3.131131864605185e-05
ENSG00000158806	3.130523232486177e-05
ENSG00000151164	3.12999760182894e-05
ENSG00000126264	3.128943210602027e-05
ENSG00000142515	3.1256317149245485e-05
ENSG00000049246	3.124724369081218e-05
ENSG00000126804	3.122193911523914e-05
ENSG00000189221	3.118776916380603e-05
ENSG00000146618	3.11860002459152e-05
ENSG00000167749	3.118582313912938e-05
ENSG00000161180	3.1170419922778646e-05
ENSG00000021762	3.1162848295540634e-05
ENSG00000178096	3.115332720199316e-05
ENSG00000253548	3.11445901571514e-05
ENSG00000165792	3.114040901512186e-05
ENSG00000140386	3.1139392187248126e-05
ENSG00000163518	3.112698471775088e-05
ENSG00000135631	3.110488487430998e-05
ENSG00000205356	3.109586334827441e-05
ENSG00000165209	3.1087790740100564e-05
ENSG00000092203	3.1080461515268094e-05
ENSG00000109118	3.107636957568382e-05
ENSG00000240694	3.1065478020359246e-05
ENSG00000100364	3.104592071072655e-05
ENSG00000162714	3.104206408946658e-05
ENSG00000197312	3.103644934230135e-05
ENSG00000107140	3.102214909827385e-05
ENSG00000265808	3.101421943500533e-05
ENSG00000184277	3.10102808198835e-05
ENSG00000140319	3.1010174843697005e-05
ENSG00000163568	3.100741432517992e-05
ENSG00000178607	3.0998742198970926e-05
ENSG00000107731	3.09854677020639e-05
ENSG00000125148	3.096453156394647e-05
ENSG00000095787	3.096227475283947e-05
ENSG00000144834	3.095927241147614e-05
ENSG00000123570	3.094977117164904e-05
ENSG00000186470	3.09476104293559e-05
ENSG00000140006	3.094192491731462e-05
ENSG00000077684	3.094110592211547e-05
ENSG00000120805	3.093685205226342e-05
ENSG00000114698	3.092674430562895e-05
ENSG00000288121	3.0921857538314465e-05
ENSG00000234114	3.089556353929875e-05
ENSG00000157869	3.0895123758138166e-05
ENSG00000274513	3.0894860853024044e-05
ENSG00000168404	3.0886032620476235e-05
ENSG00000188219	3.088311884826914e-05
ENSG00000233801	3.0877619617716526e-05
ENSG00000137077	3.087181810231863e-05
ENSG00000132326	3.0867035745813706e-05
ENSG00000026950	3.08653483543378e-05
ENSG00000263012	3.084667212685788e-05
ENSG00000186480	3.084000760869004e-05
ENSG00000223443	3.082126079092341e-05
ENSG00000283056	3.080872789860951e-05
ENSG00000160445	3.0784134391225784e-05
ENSG00000169862	3.078201386460102e-05
ENSG00000144895	3.075778842814101e-05
ENSG00000265354	3.074946715506142e-05
ENSG00000197912	3.0748429193926016e-05
ENSG00000152977	3.07450729588075e-05
ENSG00000198053	3.0729887387254014e-05
ENSG00000095139	3.07245588667263e-05
ENSG00000143375	3.069746927446371e-05
ENSG00000177694	3.067658260567886e-05
ENSG00000135317	3.066927959304292e-05
ENSG00000116406	3.065813430929352e-05
ENSG00000105185	3.0641117977845965e-05
ENSG00000161204	3.063687327166251e-05
ENSG00000160716	3.0632851270308646e-05
ENSG00000170777	3.062958458288868e-05
ENSG00000198798	3.062125376490597e-05
ENSG00000121940	3.061512956008807e-05
ENSG00000225553	3.058726209551853e-05
ENSG00000117859	3.058269305426385e-05
ENSG00000119685	3.0577841765805106e-05
ENSG00000203883	3.05703386073412e-05
ENSG00000223496	3.056504563257035e-05
ENSG00000214022	3.0564845688499305e-05
ENSG00000124019	3.0551196056820646e-05
ENSG00000171241	3.0539205502431966e-05
ENSG00000177963	3.052163027259731e-05
ENSG00000173113	3.0516029119623265e-05
ENSG00000138741	3.0513607985581196e-05
ENSG00000125820	3.0491319373693256e-05
ENSG00000075043	3.0487550006412127e-05
ENSG00000162512	3.048181684956195e-05
ENSG00000169783	3.0479952487776836e-05
ENSG00000139372	3.0469582049784546e-05
ENSG00000164076	3.045494357466539e-05
ENSG00000107443	3.0430456531945275e-05
ENSG00000077235	3.0413934048657872e-05
ENSG00000180219	3.0409771712326244e-05
ENSG00000152904	3.0408776235996227e-05
ENSG00000108829	3.0400734862625463e-05
ENSG00000275165	3.0393065327112906e-05
ENSG00000179455	3.0375602235493133e-05
ENSG00000153574	3.035097047669855e-05
ENSG00000186591	3.034076023953343e-05
ENSG00000278624	3.0335568468817605e-05
ENSG00000181004	3.0323211225136487e-05
ENSG00000070087	3.0315566741141708e-05
ENSG00000115539	3.031403575224003e-05
ENSG00000090686	3.0300222989645078e-05
ENSG00000101470	3.0298211796913094e-05
ENSG00000162909	3.026758086129637e-05
ENSG00000166930	3.026006659295628e-05
ENSG00000242441	3.0240782158938476e-05
ENSG00000108384	3.0233392288165656e-05
ENSG00000012061	3.02327056397353e-05
ENSG00000187855	3.021998213451542e-05
ENSG00000101935	3.0215422191522724e-05
ENSG00000101782	3.0209262570074185e-05
ENSG00000173218	3.01842245302322e-05
ENSG00000130175	3.0171111936157307e-05
ENSG00000143320	3.0155980153575282e-05
ENSG00000283060	3.010479667799842e-05
ENSG00000075142	3.009774422774269e-05
ENSG00000054938	3.009070778919101e-05
ENSG00000120800	3.0079512491635543e-05
ENSG00000115840	3.0062596686139156e-05
ENSG00000105088	3.00565499655832e-05
ENSG00000075643	3.0054876239550137e-05
ENSG00000171853	3.0033844844232173e-05
ENSG00000029153	3.0028743339805932e-05
ENSG00000162510	3.002214004169326e-05
ENSG00000160200	3.0015240279210465e-05
ENSG00000184205	3.000949412175645e-05
ENSG00000162302	3.000658282761132e-05
ENSG00000119946	2.9992598964711336e-05
ENSG00000119403	2.9990410469811514e-05
ENSG00000124334	2.998762505112185e-05
ENSG00000167112	2.9985999678303308e-05
ENSG00000094914	2.9979254296026397e-05
ENSG00000177674	2.9966731787800527e-05
ENSG00000175115	2.9964692900333444e-05
ENSG00000281449	2.9941970524881052e-05
ENSG00000119715	2.9933751820845837e-05
ENSG00000285049	2.993075837951311e-05
ENSG00000198695	2.992769853561728e-05
ENSG00000284850	2.9927675492682524e-05
ENSG00000092421	2.99243763780295e-05
ENSG00000139645	2.9919726867052305e-05
ENSG00000110697	2.9915404703949315e-05
ENSG00000082641	2.990009477906983e-05
ENSG00000105486	2.989354867583653e-05
ENSG00000197594	2.989076777276719e-05
ENSG00000152932	2.989060536377297e-05
ENSG00000112031	2.988924245558349e-05
ENSG00000141279	2.9861371409155988e-05
ENSG00000006007	2.9849247724541514e-05
ENSG00000130758	2.9827851463902502e-05
ENSG00000139515	2.982688804634975e-05
ENSG00000162891	2.9822995928349708e-05
ENSG00000275082	2.980674860688961e-05
ENSG00000137474	2.98006013761545e-05
ENSG00000139719	2.978514044594863e-05
ENSG00000177542	2.978310182967764e-05
ENSG00000099889	2.977809128620525e-05
ENSG00000166136	2.9771132213563553e-05
ENSG00000280951	2.976122160498269e-05
ENSG00000163607	2.9756439391602432e-05
ENSG00000180043	2.9752661590259423e-05
ENSG00000182963	2.972890557924414e-05
ENSG00000106636	2.9720865061846903e-05
ENSG00000172348	2.9717280191501843e-05
ENSG00000198205	2.9713796519300097e-05
ENSG00000141527	2.971252241985094e-05
ENSG00000185483	2.9712421505958466e-05
ENSG00000007866	2.9699262818601563e-05
ENSG00000152804	2.969823630057533e-05
ENSG00000163956	2.9696529911527942e-05
ENSG00000143753	2.969231992285319e-05
ENSG00000274047	2.9689327406054755e-05
ENSG00000106066	2.9684219853283594e-05
ENSG00000105186	2.9677499755661435e-05
ENSG00000187091	2.9676812588818673e-05
ENSG00000174233	2.966627941069813e-05
ENSG00000177143	2.9665060103372828e-05
ENSG00000132334	2.966386788331264e-05
ENSG00000163312	2.96578324162457e-05
ENSG00000096264	2.965639892452363e-05
ENSG00000107929	2.9645140229896358e-05
ENSG00000124155	2.9640341161857832e-05
ENSG00000274636	2.9639874264135755e-05
ENSG00000111049	2.96324964240429e-05
ENSG00000166441	2.9562497315715538e-05
ENSG00000136856	2.9555752271814975e-05
ENSG00000203618	2.955054597664459e-05
ENSG00000083937	2.954593912566598e-05
ENSG00000134375	2.954385114959845e-05
ENSG00000105223	2.953619529270514e-05
ENSG00000089094	2.9514988855971505e-05
ENSG00000144893	2.9510943951235388e-05
ENSG00000171847	2.949953124280047e-05
ENSG00000116815	2.9496102314186363e-05
ENSG00000102580	2.9485236755402145e-05
ENSG00000123992	2.948036986137989e-05
ENSG00000141404	2.9477366781434945e-05
ENSG00000006744	2.9476625458670994e-05
ENSG00000163191	2.946341451924848e-05
ENSG00000172007	2.945824717475808e-05
ENSG00000198918	2.9438435792248403e-05
ENSG00000206527	2.9432740534296338e-05
ENSG00000167994	2.942084689932951e-05
ENSG00000153179	2.9418629124820587e-05
ENSG00000143006	2.9416746189706044e-05
ENSG00000277104	2.941671240617689e-05
ENSG00000166181	2.9414902291476825e-05
ENSG00000160097	2.9402697866958358e-05
ENSG00000163206	2.940188387890653e-05
ENSG00000173011	2.9401649767187838e-05
ENSG00000144655	2.9385071160051204e-05
ENSG00000169136	2.938490072464049e-05
ENSG00000124641	2.935461290603115e-05
ENSG00000164949	2.9352286693811696e-05
ENSG00000130348	2.9324720179596032e-05
ENSG00000183161	2.932186421698174e-05
ENSG00000128487	2.930737388458772e-05
ENSG00000186479	2.9274217505770967e-05
ENSG00000159579	2.9270378189984723e-05
ENSG00000068001	2.9267385698644724e-05
ENSG00000152910	2.9265562020085448e-05
ENSG00000189182	2.9264209298342617e-05
ENSG00000134815	2.9255959257187806e-05
ENSG00000171621	2.924907934029358e-05
ENSG00000113328	2.9241959899252325e-05
ENSG00000065518	2.923688648052746e-05
ENSG00000226430	2.9223847129424457e-05
ENSG00000167632	2.9221041945676553e-05
ENSG00000166847	2.9206604740036657e-05
ENSG00000105402	2.9179130614124754e-05
ENSG00000124562	2.9162312208773123e-05
ENSG00000084234	2.915951635470192e-05
ENSG00000123219	2.9150729382964247e-05
ENSG00000065717	2.9134160756386704e-05
ENSG00000113327	2.9127669286929112e-05
ENSG00000011454	2.9118999770482142e-05
ENSG00000104756	2.91186473976233e-05
ENSG00000211455	2.910322684626855e-05
ENSG00000174607	2.9082595463298956e-05
ENSG00000115159	2.9044018245325994e-05
ENSG00000169020	2.9038002928496518e-05
ENSG00000119383	2.9035946006124902e-05
ENSG00000105699	2.9029250932323232e-05
ENSG00000107672	2.902765114437338e-05
ENSG00000136111	2.9021623867252948e-05
ENSG00000275013	2.9021123293036258e-05
ENSG00000186088	2.901501884613407e-05
ENSG00000103335	2.9002158279224723e-05
ENSG00000162482	2.8993378129876977e-05
ENSG00000114854	2.8990178694290554e-05
ENSG00000130300	2.8976448772222686e-05
ENSG00000198168	2.896302717297781e-05
ENSG00000167476	2.8961964996431968e-05
ENSG00000129226	2.894257460488112e-05
ENSG00000135312	2.894218113449843e-05
ENSG00000141428	2.894186675687744e-05
ENSG00000214114	2.8924385024022586e-05
ENSG00000276230	2.8893736040290026e-05
ENSG00000006194	2.8881731304157344e-05
ENSG00000013016	2.8872833020918417e-05
ENSG00000156136	2.8870278761731586e-05
ENSG00000166788	2.8856288723971546e-05
ENSG00000198218	2.8833279127000068e-05
ENSG00000130347	2.8828365233062526e-05
ENSG00000173976	2.8814130003596788e-05
ENSG00000135723	2.8807701549352625e-05
ENSG00000137075	2.8802294313755804e-05
ENSG00000177733	2.878416272109705e-05
ENSG00000099331	2.877769622195237e-05
ENSG00000112137	2.87733420475048e-05
ENSG00000133131	2.8750787386674366e-05
ENSG00000005486	2.874676045449874e-05
ENSG00000101213	2.873628029000044e-05
ENSG00000276082	2.872286453076232e-05
ENSG00000136738	2.8722183006917787e-05
ENSG00000156738	2.871731000571271e-05
ENSG00000198336	2.871142560389598e-05
ENSG00000135124	2.869743479883787e-05
ENSG00000101981	2.868607090455849e-05
ENSG00000110811	2.867147936350406e-05
ENSG00000170871	2.8670465585803108e-05
ENSG00000138660	2.866108204509314e-05
ENSG00000100263	2.8642082507810034e-05
ENSG00000164330	2.8633228846550808e-05
ENSG00000171202	2.8607990773350555e-05
ENSG00000164610	2.8606638370422214e-05
ENSG00000184897	2.8588751331509e-05
ENSG00000116514	2.857907090994887e-05
ENSG00000131374	2.857886970564568e-05
ENSG00000133055	2.857067069892037e-05
ENSG00000122515	2.856461310977697e-05
ENSG00000109066	2.8542304388982084e-05
ENSG00000143771	2.8538366176136447e-05
ENSG00000151632	2.8538072113566248e-05
ENSG00000212864	2.8533577744763312e-05
ENSG00000047188	2.853138279104015e-05
ENSG00000115977	2.85297141150993e-05
ENSG00000080819	2.8527013702843198e-05
ENSG00000174013	2.850404004211492e-05
ENSG00000101638	2.8503524096223964e-05
ENSG00000072042	2.8501861486388384e-05
ENSG00000149930	2.849774486559472e-05
ENSG00000175482	2.848708439743207e-05
ENSG00000113068	2.8468827620022617e-05
ENSG00000075073	2.8462086845222365e-05
ENSG00000116906	2.846020944870333e-05
ENSG00000180185	2.845902084596685e-05
ENSG00000205629	2.8456763133175403e-05
ENSG00000272047	2.8455896701763346e-05
ENSG00000126432	2.8446777834847085e-05
ENSG00000128563	2.8429182947516774e-05
ENSG00000163013	2.842576565647113e-05
ENSG00000102539	2.842365400950779e-05
ENSG00000165192	2.839925320062797e-05
ENSG00000131269	2.8398183431288528e-05
ENSG00000143727	2.838555161879225e-05
ENSG00000110448	2.836635106848491e-05
ENSG00000262785	2.8363836661295105e-05
ENSG00000100554	2.8359565664630256e-05
ENSG00000123983	2.8349838546727866e-05
ENSG00000196935	2.834481195328764e-05
ENSG00000133466	2.833746969731046e-05
ENSG00000197822	2.8336116091184576e-05
ENSG00000134909	2.8331802942520846e-05
ENSG00000176102	2.8328817764500007e-05
ENSG00000172602	2.831737413780362e-05
ENSG00000132467	2.8303100893764324e-05
ENSG00000145194	2.830215453514396e-05
ENSG00000153066	2.8293315254629525e-05
ENSG00000213809	2.8291742290415594e-05
ENSG00000160202	2.829054015122319e-05
ENSG00000114554	2.8284038310811184e-05
ENSG00000154143	2.8261296785520038e-05
ENSG00000119711	2.8250887874575137e-05
ENSG00000278023	2.824990177158985e-05
ENSG00000198727	2.8249564164431727e-05
ENSG00000104081	2.8249068289856385e-05
ENSG00000163879	2.8233976755476918e-05
ENSG00000123728	2.8232206484357085e-05
ENSG00000186049	2.822143995247842e-05
ENSG00000148377	2.819941797413568e-05
ENSG00000166165	2.8187532888824626e-05
ENSG00000284984	2.8167577590837886e-05
ENSG00000171243	2.815821928956606e-05
ENSG00000186063	2.8130237474995557e-05
ENSG00000173334	2.809956195877336e-05
ENSG00000100330	2.808486176827593e-05
ENSG00000079257	2.8083158909724947e-05
ENSG00000162676	2.8062609963295835e-05
ENSG00000178741	2.8049545158889767e-05
ENSG00000129055	2.80279276792158e-05
ENSG00000136014	2.8012723175719895e-05
ENSG00000112787	2.7998745798431894e-05
ENSG00000120875	2.7998207046688173e-05
ENSG00000108588	2.7993120551963046e-05
ENSG00000103021	2.7987705075258708e-05
ENSG00000182325	2.7954021432188703e-05
ENSG00000111540	2.794899930922332e-05
ENSG00000163623	2.7933865609758817e-05
ENSG00000140553	2.792872810777892e-05
ENSG00000185418	2.7914541297068777e-05
ENSG00000161542	2.7889551665598142e-05
ENSG00000156858	2.7884281173711463e-05
ENSG00000149295	2.7883675161085745e-05
ENSG00000276838	2.7868355800139068e-05
ENSG00000125900	2.7863090423342785e-05
ENSG00000108176	2.785636670326371e-05
ENSG00000183696	2.785439079538658e-05
ENSG00000170743	2.7850545569789374e-05
ENSG00000130703	2.784984171305965e-05
ENSG00000106246	2.7849300113833874e-05
ENSG00000134108	2.7835802580961383e-05
ENSG00000159055	2.783451044374634e-05
ENSG00000257017	2.781421408159979e-05
ENSG00000106113	2.7808375360436037e-05
ENSG00000161973	2.7799578918276926e-05
ENSG00000275272	2.779558893140477e-05
ENSG00000169738	2.7747992930020327e-05
ENSG00000138785	2.774174152517243e-05
ENSG00000129696	2.773900843513151e-05
ENSG00000145439	2.7738755755905565e-05
ENSG00000147862	2.7736739672950636e-05
ENSG00000181472	2.7728688860417882e-05
ENSG00000197050	2.772285504450575e-05
ENSG00000112425	2.770890673381972e-05
ENSG00000177468	2.7663411591152612e-05
ENSG00000167889	2.7641138109435894e-05
ENSG00000125735	2.7636709215594212e-05
ENSG00000161905	2.7623463837528495e-05
ENSG00000119559	2.7621075543333455e-05
ENSG00000188917	2.7601374033483157e-05
ENSG00000091536	2.7580105429819328e-05
ENSG00000093167	2.756921317324923e-05
ENSG00000172732	2.7565121240965914e-05
ENSG00000066230	2.755255875142241e-05
ENSG00000164035	2.754970858561511e-05
ENSG00000102805	2.7537985163043555e-05
ENSG00000198049	2.752093102691183e-05
ENSG00000127884	2.7511259422296675e-05
ENSG00000103495	2.7489434686456098e-05
ENSG00000276833	2.7483713882002795e-05
ENSG00000105321	2.7476944342489917e-05
ENSG00000116604	2.744864275310758e-05
ENSG00000153140	2.7448136806319212e-05
ENSG00000162105	2.744201770178592e-05
ENSG00000111666	2.7433497421792287e-05
ENSG00000131149	2.7424728490921396e-05
ENSG00000134899	2.7418700423923465e-05
ENSG00000184203	2.7405659595062515e-05
ENSG00000211890	2.7372285142019684e-05
ENSG00000123178	2.736601493627739e-05
ENSG00000140320	2.7361853231454644e-05
ENSG00000166716	2.7360016735072823e-05
ENSG00000170540	2.733659202810584e-05
ENSG00000076770	2.7335945960511842e-05
ENSG00000240682	2.7330354158877678e-05
ENSG00000283781	2.7317173203520187e-05
ENSG00000073067	2.7314793893170258e-05
ENSG00000214517	2.7313879326095683e-05
ENSG00000166130	2.7302727144755023e-05
ENSG00000128872	2.729910032857013e-05
ENSG00000144560	2.729624297589675e-05
ENSG00000109911	2.7285585973187325e-05
ENSG00000188807	2.7284897673226962e-05
ENSG00000100138	2.724284773840211e-05
ENSG00000168434	2.722827082222373e-05
ENSG00000128524	2.721508664327576e-05
ENSG00000009724	2.7212716824983966e-05
ENSG00000143365	2.718989322382941e-05
ENSG00000197165	2.7177715958186608e-05
ENSG00000137513	2.7174230189281062e-05
ENSG00000120685	2.7173063731113572e-05
ENSG00000008394	2.7171114527795438e-05
ENSG00000096093	2.7161908978888252e-05
ENSG00000174840	2.7160839095033816e-05
ENSG00000164897	2.715549165632935e-05
ENSG00000120256	2.714155678371856e-05
ENSG00000123975	2.7134947115988672e-05
ENSG00000082438	2.7129793808484044e-05
ENSG00000104879	2.710215911037574e-05
ENSG00000096746	2.7066081835020705e-05
ENSG00000122550	2.7065424589571712e-05
ENSG00000185088	2.7057012649021315e-05
ENSG00000154370	2.704100199542814e-05
ENSG00000004848	2.703691737439408e-05
ENSG00000142405	2.703481135009985e-05
ENSG00000183690	2.703290976097737e-05
ENSG00000214717	2.7032352138721822e-05
ENSG00000243147	2.702413479230547e-05
ENSG00000154175	2.7016287055524303e-05
ENSG00000165125	2.701117879617365e-05
ENSG00000168671	2.7010360643900974e-05
ENSG00000117601	2.7006231740245397e-05
ENSG00000124664	2.6993190330606375e-05
ENSG00000274429	2.698649116065566e-05
ENSG00000274669	2.6985682850287802e-05
ENSG00000135930	2.6984098216392065e-05
ENSG00000197019	2.6980627103849608e-05
ENSG00000124541	2.698056291359908e-05
ENSG00000185344	2.6972620821561594e-05
ENSG00000148541	2.6959946438394135e-05
ENSG00000170477	2.6957950058426755e-05
ENSG00000203485	2.6954155354651506e-05
ENSG00000171772	2.69495042005182e-05
ENSG00000122507	2.6946986650474906e-05
ENSG00000143079	2.6942883444260276e-05
ENSG00000100281	2.6941383325493612e-05
ENSG00000184985	2.6941195346356243e-05
ENSG00000128567	2.6938956725883682e-05
ENSG00000168843	2.6930143138611235e-05
ENSG00000183763	2.6918442760877263e-05
ENSG00000274726	2.6899644054505445e-05
ENSG00000170260	2.6895708003389923e-05
ENSG00000181418	2.6881197750623475e-05
ENSG00000090432	2.687987451806039e-05
ENSG00000101911	2.6873104208410986e-05
ENSG00000021300	2.6867193683075036e-05
ENSG00000166035	2.6853601269007302e-05
ENSG00000173406	2.684736646468964e-05
ENSG00000280610	2.684019016818756e-05
ENSG00000262911	2.681937173963711e-05
ENSG00000172915	2.681604572977986e-05
ENSG00000197296	2.6810599238428395e-05
ENSG00000275035	2.680512283178922e-05
ENSG00000172551	2.6798634851592506e-05
ENSG00000165502	2.6793943453032684e-05
ENSG00000144118	2.679250481769598e-05
ENSG00000005981	2.6784738378604552e-05
ENSG00000165572	2.6768938330017177e-05
ENSG00000086848	2.675998946353999e-05
ENSG00000113812	2.6748040442090803e-05
ENSG00000100664	2.674547931987882e-05
ENSG00000288146	2.674294081628522e-05
ENSG00000105464	2.6740711324518322e-05
ENSG00000147459	2.673566305925999e-05
ENSG00000164902	2.6717024079831474e-05
ENSG00000163874	2.6704219113053684e-05
ENSG00000186111	2.669033210921398e-05
ENSG00000014919	2.6666226544641314e-05
ENSG00000254709	2.6665991518008783e-05
ENSG00000102935	2.666217173664616e-05
ENSG00000114737	2.6658291542639607e-05
ENSG00000196136	2.6658042028932602e-05
ENSG00000165702	2.6651445698658142e-05
ENSG00000151640	2.6647967258653433e-05
ENSG00000213523	2.6634661020369432e-05
ENSG00000139890	2.6627377288923598e-05
ENSG00000128191	2.661888436636264e-05
ENSG00000112343	2.661127097748681e-05
ENSG00000127993	2.6610215459950924e-05
ENSG00000005448	2.6604430906847867e-05
ENSG00000276458	2.6584647713655085e-05
ENSG00000121988	2.6579550133689584e-05
ENSG00000168096	2.6569994480777566e-05
ENSG00000100987	2.6559013511978843e-05
ENSG00000108688	2.6555469656604713e-05
ENSG00000176658	2.65553631346374e-05
ENSG00000083067	2.6544335931487186e-05
ENSG00000178078	2.6515382606874757e-05
ENSG00000167394	2.6494251559450222e-05
ENSG00000115425	2.6490596824178395e-05
ENSG00000288445	2.648790664316133e-05
ENSG00000159289	2.647667350825419e-05
ENSG00000105662	2.646606842856555e-05
ENSG00000237190	2.6462642162402075e-05
ENSG00000140284	2.6459909604102528e-05
ENSG00000108231	2.645914141135333e-05
ENSG00000145088	2.6456125970668276e-05
ENSG00000166228	2.6424520534773003e-05
ENSG00000189430	2.642013982983395e-05
ENSG00000128242	2.6416025100092648e-05
ENSG00000110243	2.6385275290768557e-05
ENSG00000102245	2.6383246566158805e-05
ENSG00000184349	2.637934879817148e-05
ENSG00000143952	2.637828204879354e-05
ENSG00000157181	2.635307611600938e-05
ENSG00000171793	2.6343287098724685e-05
ENSG00000274205	2.633422195227912e-05
ENSG00000282838	2.6323291591561344e-05
ENSG00000040199	2.631603835457549e-05
ENSG00000146540	2.6315540822562963e-05
ENSG00000073792	2.6306410636886103e-05
ENSG00000181029	2.6278499190399766e-05
ENSG00000010803	2.6274988984722665e-05
ENSG00000147465	2.6269767840587464e-05
ENSG00000125741	2.6266516636074032e-05
ENSG00000288353	2.626181485095092e-05
ENSG00000183785	2.6256779998081543e-05
ENSG00000166394	2.62534758857406e-05
ENSG00000126705	2.6232795711796203e-05
ENSG00000115041	2.6230974759453094e-05
ENSG00000083812	2.621601112116144e-05
ENSG00000158526	2.621039229401239e-05
ENSG00000164985	2.6210018026235657e-05
ENSG00000179119	2.6208694790968547e-05
ENSG00000014641	2.6205904549433403e-05
ENSG00000168116	2.6204946268792654e-05
ENSG00000141012	2.6204186230828642e-05
ENSG00000165626	2.6199181845450042e-05
ENSG00000280682	2.6176708240745735e-05
ENSG00000092036	2.617283216631297e-05
ENSG00000186141	2.6159985928993914e-05
ENSG00000169902	2.615970147335761e-05
ENSG00000117215	2.6148763180661382e-05
ENSG00000225312	2.6147794401573862e-05
ENSG00000126653	2.6145523358106643e-05
ENSG00000138964	2.613769091704644e-05
ENSG00000002919	2.6130441692528583e-05
ENSG00000197622	2.612476695178305e-05
ENSG00000103811	2.6118527257107186e-05
ENSG00000124508	2.611653562202108e-05
ENSG00000079482	2.6116153592231976e-05
ENSG00000181027	2.6108351354152852e-05
ENSG00000100299	2.609815999673054e-05
ENSG00000186187	2.6097398860815335e-05
ENSG00000100105	2.6080747074431934e-05
ENSG00000125703	2.6079975778884152e-05
ENSG00000115255	2.607225712811505e-05
ENSG00000167522	2.606829896261673e-05
ENSG00000135525	2.606733984626877e-05
ENSG00000139278	2.6043824424909472e-05
ENSG00000129071	2.6040630599970968e-05
ENSG00000205809	2.603962064106978e-05
ENSG00000108381	2.603520675037761e-05
ENSG00000138433	2.6030580024875643e-05
ENSG00000104369	2.6029758216811054e-05
ENSG00000101327	2.602777729479072e-05
ENSG00000048540	2.602253337724741e-05
ENSG00000151729	2.5994779964688344e-05
ENSG00000168081	2.5991754403868523e-05
ENSG00000178904	2.599041352528551e-05
ENSG00000147586	2.5986203454823777e-05
ENSG00000100241	2.598519045094664e-05
ENSG00000170185	2.5967139847791903e-05
ENSG00000111245	2.5961817623328672e-05
ENSG00000099256	2.595611793837575e-05
ENSG00000008256	2.595545678968342e-05
ENSG00000167578	2.5947667092888176e-05
ENSG00000227345	2.594687770515559e-05
ENSG00000132471	2.5945710006827528e-05
ENSG00000122642	2.5937164834139538e-05
ENSG00000078328	2.5935822815784042e-05
ENSG00000170873	2.5934841634432292e-05
ENSG00000231408	2.5934382593582215e-05
ENSG00000114383	2.5933800964201943e-05
ENSG00000163577	2.5932441975796702e-05
ENSG00000102181	2.592388195356196e-05
ENSG00000104381	2.59218386023593e-05
ENSG00000165556	2.5918293436420028e-05
ENSG00000125868	2.5916779208041427e-05
ENSG00000179361	2.591450615975564e-05
ENSG00000266173	2.5893572407288114e-05
ENSG00000262771	2.5891468134614037e-05
ENSG00000119705	2.588168747452685e-05
ENSG00000182957	2.5857885593768318e-05
ENSG00000169087	2.5857688786621353e-05
ENSG00000273397	2.5851364166195216e-05
ENSG00000100360	2.5831351704548244e-05
ENSG00000008277	2.582804183169303e-05
ENSG00000048342	2.5822990578419337e-05
ENSG00000139233	2.581191992938477e-05
ENSG00000179943	2.5808866460572725e-05
ENSG00000271601	2.5786866752071913e-05
ENSG00000198677	2.5774954176723887e-05
ENSG00000140564	2.5761950816628108e-05
ENSG00000188021	2.5746407016514544e-05
ENSG00000225748	2.57187461710939e-05
ENSG00000121766	2.5699492179981516e-05
ENSG00000077463	2.5685216187765236e-05
ENSG00000151835	2.5681852294266657e-05
ENSG00000128739	2.566971361019792e-05
ENSG00000160799	2.565813497729768e-05
ENSG00000109436	2.5643597285723276e-05
ENSG00000101417	2.5639882447356994e-05
ENSG00000239857	2.563871221638308e-05
ENSG00000136867	2.563416909156531e-05
ENSG00000277656	2.56331208672877e-05
ENSG00000120798	2.56275806230356e-05
ENSG00000215704	2.5626269401835592e-05
ENSG00000213398	2.5625195326522175e-05
ENSG00000188517	2.5617046252706582e-05
ENSG00000166794	2.5609299811231795e-05
ENSG00000038382	2.5608290326032335e-05
ENSG00000139579	2.5607806086763234e-05
ENSG00000102898	2.5604077989469843e-05
ENSG00000168374	2.559895234282959e-05
ENSG00000127318	2.5573519295801104e-05
ENSG00000129159	2.5567503668968557e-05
ENSG00000106605	2.5537300612075634e-05
ENSG00000128463	2.5527401185918658e-05
ENSG00000140612	2.551902719329032e-05
ENSG00000100448	2.5514613055065788e-05
ENSG00000166401	2.5509844132074478e-05
ENSG00000181467	2.549067905423229e-05
ENSG00000187772	2.5489752181359288e-05
ENSG00000206562	2.5467295447951977e-05
ENSG00000129422	2.5466465796383052e-05
ENSG00000155034	2.543794381026363e-05
ENSG00000004455	2.5408980782965586e-05
ENSG00000138131	2.5398335105467406e-05
ENSG00000226384	2.538822373348608e-05
ENSG00000178307	2.538296096555106e-05
ENSG00000285193	2.537937710361058e-05
ENSG00000063601	2.537901582202882e-05
ENSG00000134809	2.537594061834513e-05
ENSG00000175970	2.536698404787215e-05
ENSG00000167210	2.534973935899023e-05
ENSG00000197279	2.5325463225588268e-05
ENSG00000086589	2.5325240549647356e-05
ENSG00000161849	2.531957146137662e-05
ENSG00000115561	2.531862419674474e-05
ENSG00000147164	2.531586640502901e-05
ENSG00000167925	2.525732325965166e-05
ENSG00000148153	2.5254599552607203e-05
ENSG00000143013	2.523667205898637e-05
ENSG00000106436	2.5232376352464308e-05
ENSG00000156009	2.522393690047421e-05
ENSG00000163412	2.5191069262633508e-05
ENSG00000112486	2.5189611561763672e-05
ENSG00000010030	2.5184185349721887e-05
ENSG00000076716	2.5172633003044237e-05
ENSG00000141933	2.5171306227188775e-05
ENSG00000181061	2.5163799883994262e-05
ENSG00000112041	2.515964945693834e-05
ENSG00000278494	2.5159309440724063e-05
ENSG00000175505	2.5151816256695113e-05
ENSG00000143537	2.5142447310171214e-05
ENSG00000118160	2.5134868528641344e-05
ENSG00000102241	2.5132022202134075e-05
ENSG00000213465	2.5126770600742762e-05
ENSG00000198018	2.511844547681791e-05
ENSG00000115350	2.5118199175296748e-05
ENSG00000162408	2.5117679194032532e-05
ENSG00000168724	2.510596915158655e-05
ENSG00000134812	2.510215306424651e-05
ENSG00000113739	2.5094224482779324e-05
ENSG00000168264	2.5090476797686082e-05
ENSG00000173545	2.508838250282618e-05
ENSG00000137478	2.5081844115274873e-05
ENSG00000135373	2.5080761993055822e-05
ENSG00000156675	2.5075071025644174e-05
ENSG00000162896	2.50720959164596e-05
ENSG00000179965	2.5057251812312322e-05
ENSG00000172932	2.5055279012364424e-05
ENSG00000106541	2.5055185669919333e-05
ENSG00000267796	2.504350075018262e-05
ENSG00000105254	2.5037989243046444e-05
ENSG00000115290	2.5030398448783332e-05
ENSG00000114520	2.5018553962019153e-05
ENSG00000104983	2.501566006013822e-05
ENSG00000169021	2.500082436655425e-05
ENSG00000132698	2.499480581303675e-05
ENSG00000115274	2.4983272101868474e-05
ENSG00000183826	2.494997532937291e-05
ENSG00000164919	2.4939673971061712e-05
ENSG00000170454	2.493900965332835e-05
ENSG00000105879	2.4938434967993228e-05
ENSG00000163485	2.4933275909158747e-05
ENSG00000115525	2.4924530310897e-05
ENSG00000278268	2.492004208627144e-05
ENSG00000105982	2.491413603765214e-05
ENSG00000180340	2.491352021746763e-05
ENSG00000166974	2.4906927643690827e-05
ENSG00000224145	2.489908839192361e-05
ENSG00000139910	2.4892143065821395e-05
ENSG00000140395	2.488575620523787e-05
ENSG00000050130	2.4881435127797805e-05
ENSG00000166869	2.487910698310357e-05
ENSG00000168993	2.487904971609038e-05
ENSG00000176915	2.4874850968163522e-05
ENSG00000267855	2.4874615757236672e-05
ENSG00000229381	2.4872344731474495e-05
ENSG00000109861	2.4865835070339382e-05
ENSG00000108784	2.4857452591982825e-05
ENSG00000112659	2.4847255830098833e-05
ENSG00000133216	2.484562930346879e-05
ENSG00000177663	2.4843318224760663e-05
ENSG00000099949	2.4839774987269214e-05
ENSG00000285301	2.4837562702093796e-05
ENSG00000175213	2.4810403159307087e-05
ENSG00000205186	2.4798164994486978e-05
ENSG00000072609	2.478700929316235e-05
ENSG00000118017	2.4785709689092216e-05
ENSG00000166557	2.4784927236057008e-05
ENSG00000196338	2.4776027020763266e-05
ENSG00000166689	2.4772132412702018e-05
ENSG00000130517	2.475822474995283e-05
ENSG00000131187	2.4752419047713436e-05
ENSG00000173705	2.4744788549094347e-05
ENSG00000164062	2.4737445584102097e-05
ENSG00000122692	2.4732056590549165e-05
ENSG00000149639	2.471609500332244e-05
ENSG00000090615	2.4711814585342607e-05
ENSG00000144161	2.4681931681947713e-05
ENSG00000196839	2.467791444535299e-05
ENSG00000102699	2.467303489622256e-05
ENSG00000131381	2.466892965396582e-05
ENSG00000276192	2.4666512307365212e-05
ENSG00000108666	2.466395420207851e-05
ENSG00000205423	2.4651819577706684e-05
ENSG00000126247	2.4644115890315478e-05
ENSG00000198833	2.4635682641001805e-05
ENSG00000112246	2.46277537088328e-05
ENSG00000158195	2.4626103516139092e-05
ENSG00000167881	2.4624972280251336e-05
ENSG00000150054	2.4618303212337563e-05
ENSG00000145703	2.4613781692157512e-05
ENSG00000142910	2.4605737755693338e-05
ENSG00000127152	2.4603247926505716e-05
ENSG00000136159	2.4596075377615072e-05
ENSG00000180329	2.459281160505661e-05
ENSG00000077943	2.4575601500239612e-05
ENSG00000283082	2.456275787180753e-05
ENSG00000119397	2.455889527763435e-05
ENSG00000203782	2.455084450718707e-05
ENSG00000165084	2.4545793748436048e-05
ENSG00000105447	2.4540823894543422e-05
ENSG00000175137	2.453858347791315e-05
ENSG00000261221	2.453121789605442e-05
ENSG00000262334	2.4514325350072942e-05
ENSG00000037965	2.4511646861085417e-05
ENSG00000278211	2.4510905351079005e-05
ENSG00000237710	2.449754533568198e-05
ENSG00000120370	2.4491543194161875e-05
ENSG00000198689	2.4489344635123e-05
ENSG00000274391	2.4483118735719024e-05
ENSG00000106460	2.4476233291244766e-05
ENSG00000111801	2.4470441970485588e-05
ENSG00000164053	2.445721472204449e-05
ENSG00000150394	2.4457040519943835e-05
ENSG00000196743	2.444514238564493e-05
ENSG00000240592	2.4421750350611562e-05
ENSG00000146282	2.4404495821596222e-05
ENSG00000175121	2.4400446654013875e-05
ENSG00000120833	2.4389816520658635e-05
ENSG00000172939	2.4354924639055644e-05
ENSG00000006210	2.434368774785474e-05
ENSG00000076513	2.433360816467371e-05
ENSG00000168930	2.4313317382270292e-05
ENSG00000116711	2.431071486156502e-05
ENSG00000074696	2.4303035727235678e-05
ENSG00000187634	2.429573625474289e-05
ENSG00000282725	2.4291062200620538e-05
ENSG00000100916	2.42848945205649e-05
ENSG00000145321	2.4284404584881615e-05
ENSG00000102910	2.428228181402511e-05
ENSG00000158716	2.4280427550917408e-05
ENSG00000006837	2.427535130613175e-05
ENSG00000111671	2.4262272694721004e-05
ENSG00000164318	2.425927781442431e-05
ENSG00000164332	2.4251556130201564e-05
ENSG00000164972	2.4233519702004115e-05
ENSG00000095794	2.420558533959638e-05
ENSG00000176358	2.4204142253785815e-05
ENSG00000173175	2.4192662630042516e-05
ENSG00000248905	2.4177071891891223e-05
ENSG00000186377	2.4177045871001607e-05
ENSG00000197345	2.415880052987892e-05
ENSG00000100994	2.4144024731137536e-05
ENSG00000143924	2.413608051705853e-05
ENSG00000124357	2.4133408870339245e-05
ENSG00000166090	2.4133187052847774e-05
ENSG00000135597	2.4124289328118963e-05
ENSG00000172867	2.4120019499776024e-05
ENSG00000281917	2.4101054069432967e-05
ENSG00000146070	2.4100951631811987e-05
ENSG00000103319	2.409693583874387e-05
ENSG00000157483	2.4086818854075952e-05
ENSG00000177558	2.4076325305874633e-05
ENSG00000134262	2.406685829582762e-05
ENSG00000001561	2.4061565727207128e-05
ENSG00000124172	2.406145858538955e-05
ENSG00000139572	2.405126838257892e-05
ENSG00000099769	2.4038349550776564e-05
ENSG00000185808	2.4037396232330712e-05
ENSG00000108187	2.4012662081057906e-05
ENSG00000126858	2.4006257250178794e-05
ENSG00000198648	2.399161040985048e-05
ENSG00000110911	2.3984304645522282e-05
ENSG00000205155	2.3976134788836958e-05
ENSG00000134072	2.397586674875123e-05
ENSG00000128699	2.3975112185900933e-05
ENSG00000092067	2.3968130295684098e-05
ENSG00000198763	2.3937308309322965e-05
ENSG00000136213	2.3933225527991803e-05
ENSG00000132128	2.3922780986735066e-05
ENSG00000113384	2.3915714407765605e-05
ENSG00000109472	2.391456375767763e-05
ENSG00000123131	2.3901393458676305e-05
ENSG00000095319	2.388947247143867e-05
ENSG00000085511	2.3889311266760594e-05
ENSG00000157653	2.3886557438967722e-05
ENSG00000100596	2.388223170915166e-05
ENSG00000139988	2.3879982643229487e-05
ENSG00000084112	2.387655590922474e-05
ENSG00000168256	2.3865090789856203e-05
ENSG00000180138	2.3863242320375346e-05
ENSG00000223355	2.384444541934178e-05
ENSG00000135740	2.3840706423017954e-05
ENSG00000035687	2.3838131137378386e-05
ENSG00000100934	2.383423724107766e-05
ENSG00000066651	2.3819356024724008e-05
ENSG00000127527	2.3817547836379477e-05
ENSG00000213424	2.3811122347114972e-05
ENSG00000256453	2.3809678360409378e-05
ENSG00000117691	2.3802667105174937e-05
ENSG00000276920	2.380099799780736e-05
ENSG00000150316	2.3798357379889e-05
ENSG00000123685	2.37810278436301e-05
ENSG00000274779	2.377177050198104e-05
ENSG00000130724	2.3767123008619883e-05
ENSG00000243489	2.3765478359954872e-05
ENSG00000267368	2.3762011902423292e-05
ENSG00000042832	2.3755990181374488e-05
ENSG00000276463	2.375036740284716e-05
ENSG00000198759	2.3736094003959898e-05
ENSG00000118363	2.373001857494508e-05
ENSG00000134758	2.3718334401930638e-05
ENSG00000105355	2.371330782378319e-05
ENSG00000167775	2.370066614766785e-05
ENSG00000118655	2.3695520098984858e-05
ENSG00000115504	2.368678741502527e-05
ENSG00000123843	2.368627174639382e-05
ENSG00000180938	2.3664602967356467e-05
ENSG00000105738	2.3664408274280763e-05
ENSG00000142273	2.3660196504863227e-05
ENSG00000265491	2.3655309764841422e-05
ENSG00000169031	2.3653205611748783e-05
ENSG00000079385	2.365311829617178e-05
ENSG00000105997	2.3641192622509966e-05
ENSG00000138439	2.364107892838889e-05
ENSG00000147378	2.3610559818390218e-05
ENSG00000108389	2.360299452010646e-05
ENSG00000117525	2.3588203701752025e-05
ENSG00000119760	2.358655860388094e-05
ENSG00000223510	2.3573233899401772e-05
ENSG00000131368	2.3572471954004378e-05
ENSG00000134759	2.3570589668309877e-05
ENSG00000099203	2.3564726741028176e-05
ENSG00000109758	2.3554198943734132e-05
ENSG00000261857	2.3552576938934196e-05
ENSG00000120708	2.3552576938934196e-05
ENSG00000156599	2.3543704292164012e-05
ENSG00000161533	2.3532851516185333e-05
ENSG00000137492	2.3527668536761032e-05
ENSG00000090659	2.3512440481549213e-05
ENSG00000165495	2.3511284388570773e-05
ENSG00000167941	2.3500708949055503e-05
ENSG00000157152	2.3497313852407685e-05
ENSG00000197168	2.3496434643722096e-05
ENSG00000128791	2.348727004909593e-05
ENSG00000111011	2.34822518698556e-05
ENSG00000169519	2.347179954496893e-05
ENSG00000173530	2.346461604526508e-05
ENSG00000165169	2.346363788926928e-05
ENSG00000003989	2.3459993123121426e-05
ENSG00000067704	2.3457112819852042e-05
ENSG00000086475	2.3456729531409722e-05
ENSG00000162642	2.3449278109504957e-05
ENSG00000174417	2.344797297390749e-05
ENSG00000163749	2.3431426408237912e-05
ENSG00000054148	2.3430554445169275e-05
ENSG00000131697	2.342033050072066e-05
ENSG00000034677	2.341156969443288e-05
ENSG00000164418	2.33939248152168e-05
ENSG00000134571	2.3392022753048112e-05
ENSG00000136940	2.3390489358236768e-05
ENSG00000146757	2.3377227555643724e-05
ENSG00000276996	2.337291854164895e-05
ENSG00000063241	2.3370390464267203e-05
ENSG00000123684	2.335884038809377e-05
ENSG00000073737	2.3357649086928432e-05
ENSG00000141101	2.334503027362754e-05
ENSG00000138760	2.3344765149036428e-05
ENSG00000118526	2.334219711162774e-05
ENSG00000120675	2.3338502295118916e-05
ENSG00000110514	2.333233813366714e-05
ENSG00000120519	2.332426352489758e-05
ENSG00000136153	2.3323944700008884e-05
ENSG00000164402	2.3323887123337948e-05
ENSG00000168229	2.3304645289494188e-05
ENSG00000008311	2.3297646920534402e-05
ENSG00000281022	2.3292886105276922e-05
ENSG00000284426	2.3290645251038997e-05
ENSG00000164244	2.325573817923393e-05
ENSG00000118557	2.325338369109149e-05
ENSG00000104611	2.324208495652587e-05
ENSG00000090674	2.3238813519644627e-05
ENSG00000158769	2.3230203094246898e-05
ENSG00000275045	2.322303520304755e-05
ENSG00000166670	2.3212834327129656e-05
ENSG00000148688	2.318961365206552e-05
ENSG00000165868	2.3188391186764394e-05
ENSG00000120669	2.318443990417996e-05
ENSG00000129204	2.3173104322417126e-05
ENSG00000173540	2.3169353917794795e-05
ENSG00000164136	2.3156492663746235e-05
ENSG00000048471	2.3150479411628824e-05
ENSG00000120647	2.3148903114198347e-05
ENSG00000102076	2.3148169603168243e-05
ENSG00000126254	2.3144870492929242e-05
ENSG00000134440	2.3144409300878845e-05
ENSG00000133195	2.3138446459819785e-05
ENSG00000114745	2.3138414265128618e-05
ENSG00000138835	2.313386295908349e-05
ENSG00000135116	2.3131724075805566e-05
ENSG00000188996	2.310742185594798e-05
ENSG00000081041	2.3095761242464953e-05
ENSG00000133454	2.3093556541962662e-05
ENSG00000111786	2.3089845520055963e-05
ENSG00000167487	2.3086098527537778e-05
ENSG00000117682	2.308264619069802e-05
ENSG00000185917	2.306944865438696e-05
ENSG00000178467	2.304714282145201e-05
ENSG00000135052	2.3037134322580934e-05
ENSG00000131652	2.301523570135732e-05
ENSG00000177303	2.301329564997139e-05
ENSG00000169951	2.300752687710177e-05
ENSG00000109654	2.3004654142834577e-05
ENSG00000076864	2.2998516504730915e-05
ENSG00000154188	2.2989351080794342e-05
ENSG00000239697	2.2970458769907902e-05
ENSG00000184857	2.296383016039918e-05
ENSG00000147852	2.2956287958309055e-05
ENSG00000180822	2.2955954234165046e-05
ENSG00000227804	2.2932016183682443e-05
ENSG00000164889	2.2926096470470078e-05
ENSG00000006607	2.2921287854622618e-05
ENSG00000112367	2.291536541261619e-05
ENSG00000076356	2.2914276059062275e-05
ENSG00000262845	2.290744394925095e-05
ENSG00000160360	2.2903886905144298e-05
ENSG00000165898	2.288591072808183e-05
ENSG00000118733	2.287534742977271e-05
ENSG00000172554	2.284425864236885e-05
ENSG00000100478	2.284339330039964e-05
ENSG00000121680	2.2840432665223068e-05
ENSG00000105722	2.284010154151245e-05
ENSG00000133636	2.283771698658865e-05
ENSG00000107105	2.2832246279623107e-05
ENSG00000173846	2.2822723148976298e-05
ENSG00000275338	2.2800917710931246e-05
ENSG00000135414	2.279800245258258e-05
ENSG00000241973	2.279670950879713e-05
ENSG00000187682	2.27957840785037e-05
ENSG00000259494	2.278142793586569e-05
ENSG00000277722	2.2776528658715664e-05
ENSG00000152578	2.2748806984368706e-05
ENSG00000158301	2.2745759882528557e-05
ENSG00000147650	2.2734127093106346e-05
ENSG00000106244	2.27241147557062e-05
ENSG00000184232	2.272314361002208e-05
ENSG00000103051	2.2698793124617453e-05
ENSG00000112245	2.26761008068672e-05
ENSG00000102901	2.2660574110437054e-05
ENSG00000285011	2.2641918312253743e-05
ENSG00000113734	2.2639075055523138e-05
ENSG00000124532	2.263752789005209e-05
ENSG00000104299	2.263603435106787e-05
ENSG00000173702	2.2626743260868552e-05
ENSG00000168143	2.2618035953871542e-05
ENSG00000158473	2.2616444596021865e-05
ENSG00000116133	2.261412660449988e-05
ENSG00000171763	2.2612550335475602e-05
ENSG00000189283	2.2610342593866703e-05
ENSG00000165323	2.260435712617464e-05
ENSG00000185818	2.259966062336157e-05
ENSG00000135801	2.2598969643574732e-05
ENSG00000137414	2.259806113984092e-05
ENSG00000189030	2.2590614030817124e-05
ENSG00000198721	2.2582942124913685e-05
ENSG00000141378	2.2572476212417434e-05
ENSG00000065618	2.2569618099528774e-05
ENSG00000188215	2.256303216374665e-05
ENSG00000160862	2.2562715066619085e-05
ENSG00000136631	2.256059244917411e-05
ENSG00000177602	2.2543678276073075e-05
ENSG00000126261	2.2541940103600706e-05
ENSG00000121274	2.2518804779203155e-05
ENSG00000184702	2.251793183650907e-05
ENSG00000276977	2.2501987954853706e-05
ENSG00000077585	2.2480691177677475e-05
ENSG00000154928	2.247984392892405e-05
ENSG00000198060	2.247867698404132e-05
ENSG00000068971	2.2470281590213634e-05
ENSG00000126895	2.2457599197556388e-05
ENSG00000136933	2.2456145861934303e-05
ENSG00000189410	2.2426621679001415e-05
ENSG00000166206	2.2415738660557966e-05
ENSG00000130707	2.2412597815772872e-05
ENSG00000100380	2.2401918173417788e-05
ENSG00000187554	2.238234395723544e-05
ENSG00000008517	2.2371335493147897e-05
ENSG00000105538	2.236495216405299e-05
ENSG00000105438	2.2359448553422863e-05
ENSG00000163832	2.23577405844642e-05
ENSG00000172432	2.2347926774521175e-05
ENSG00000144596	2.2335424984742756e-05
ENSG00000134996	2.2320574654038303e-05
ENSG00000107651	2.2318578374138918e-05
ENSG00000104723	2.2310899352226034e-05
ENSG00000162599	2.2309498138874323e-05
ENSG00000186976	2.2300178363024084e-05
ENSG00000274437	2.229505028675592e-05
ENSG00000167797	2.2294023009916872e-05
ENSG00000255112	2.2290027592872647e-05
ENSG00000171201	2.228685810745825e-05
ENSG00000138395	2.2275686040166173e-05
ENSG00000169855	2.227265421137521e-05
ENSG00000185246	2.2270408706845645e-05
ENSG00000079432	2.225653172481103e-05
ENSG00000111737	2.2256035226692594e-05
ENSG00000164054	2.2246917070493143e-05
ENSG00000149474	2.224690447190502e-05
ENSG00000239264	2.224387944038938e-05
ENSG00000147573	2.2242666877486685e-05
ENSG00000225590	2.2234719607679547e-05
ENSG00000111879	2.221383431426354e-05
ENSG00000165188	2.2206660003449836e-05
ENSG00000168517	2.2202651179160993e-05
ENSG00000106245	2.2201922023200648e-05
ENSG00000167981	2.2200123619449862e-05
ENSG00000147166	2.2194273102972774e-05
ENSG00000166839	2.2169449722445692e-05
ENSG00000135441	2.216922167216268e-05
ENSG00000121864	2.2152849352621567e-05
ENSG00000172468	2.214681151753814e-05
ENSG00000198856	2.214667359064612e-05
ENSG00000172992	2.2144141129261804e-05
ENSG00000197956	2.2141625733608093e-05
ENSG00000148572	2.21348848448813e-05
ENSG00000107829	2.2133281647478902e-05
ENSG00000137996	2.2127185059820173e-05
ENSG00000110719	2.212595742862817e-05
ENSG00000137656	2.2117429441689757e-05
ENSG00000263324	2.2098263291528337e-05
ENSG00000121769	2.208810493963986e-05
ENSG00000135241	2.2085612548267398e-05
ENSG00000169242	2.208361966433857e-05
ENSG00000089234	2.207948761432843e-05
ENSG00000276799	2.2072938894574536e-05
ENSG00000170819	2.207032793065961e-05
ENSG00000163600	2.2063702350619235e-05
ENSG00000164591	2.2048515055718585e-05
ENSG00000143772	2.2043901244650214e-05
ENSG00000185963	2.2040149201201384e-05
ENSG00000152465	2.203669359756671e-05
ENSG00000145354	2.2027233359346743e-05
ENSG00000162636	2.199593158388017e-05
ENSG00000119599	2.1988973152684318e-05
ENSG00000069974	2.1980727453436786e-05
ENSG00000102098	2.1978486959824933e-05
ENSG00000131370	2.1975203454580608e-05
ENSG00000011198	2.1974968089188908e-05
ENSG00000051523	2.1965534172404088e-05
ENSG00000162368	2.196255922138745e-05
ENSG00000083844	2.1951712783249155e-05
ENSG00000166902	2.1950228506258737e-05
ENSG00000135473	2.192547113953946e-05
ENSG00000128654	2.1913092876881348e-05
ENSG00000130066	2.1906118482574802e-05
ENSG00000101306	2.1905371721708032e-05
ENSG00000132275	2.1887335413843258e-05
ENSG00000121691	2.1876885699877906e-05
ENSG00000137269	2.1870593591466506e-05
ENSG00000085185	2.1866661131208943e-05
ENSG00000159958	2.1866347949734902e-05
ENSG00000183019	2.1846223971264922e-05
ENSG00000117751	2.1840479628714418e-05
ENSG00000197658	2.182999168558127e-05
ENSG00000143793	2.1828004863690276e-05
ENSG00000273873	2.1825926191854425e-05
ENSG00000213265	2.1819298248008036e-05
ENSG00000058335	2.1812949932555797e-05
ENSG00000171914	2.1802072195342978e-05
ENSG00000072682	2.1801063296748858e-05
ENSG00000101310	2.1795362900441614e-05
ENSG00000152076	2.1793792442987663e-05
ENSG00000127980	2.1762311248569076e-05
ENSG00000117593	2.175399840536807e-05
ENSG00000010219	2.1741310234994718e-05
ENSG00000115468	2.1721218853014735e-05
ENSG00000160182	2.1708447596076677e-05
ENSG00000164508	2.1691980573046487e-05
ENSG00000148672	2.1690829062480394e-05
ENSG00000167323	2.1689588984088218e-05
ENSG00000123838	2.1684667885561748e-05
ENSG00000170275	2.1683463886209023e-05
ENSG00000263465	2.1682533770143865e-05
ENSG00000089220	2.1660024156997196e-05
ENSG00000121053	2.1651310452469077e-05
ENSG00000006453	2.1622465325967707e-05
ENSG00000163162	2.1607712584138365e-05
ENSG00000142149	2.1606030818666503e-05
ENSG00000142677	2.160305214386521e-05
ENSG00000178234	2.1602576816881983e-05
ENSG00000101115	2.1587208059743356e-05
ENSG00000186638	2.1569781437946218e-05
ENSG00000167186	2.1565010368302094e-05
ENSG00000146858	2.156321251700617e-05
ENSG00000138794	2.15603818259742e-05
ENSG00000100034	2.1552106633700164e-05
ENSG00000171476	2.153854605729229e-05
ENSG00000104691	2.1536232489553073e-05
ENSG00000121390	2.149354909142724e-05
ENSG00000116729	2.1482022448102935e-05
ENSG00000145912	2.148060401233048e-05
ENSG00000121542	2.1479374189535753e-05
ENSG00000112379	2.1475525375819452e-05
ENSG00000141002	2.1466831446221186e-05
ENSG00000262795	2.1459973212265993e-05
ENSG00000109686	2.1456404987689908e-05
ENSG00000123165	2.145351598235157e-05
ENSG00000143376	2.1450729662721004e-05
ENSG00000129158	2.1446065174865502e-05
ENSG00000135736	2.1444242639271248e-05
ENSG00000119669	2.1427882525062964e-05
ENSG00000073910	2.1421836850616985e-05
ENSG00000108848	2.1417105159896465e-05
ENSG00000173141	2.14089483868097e-05
ENSG00000197555	2.1403525761109374e-05
ENSG00000153208	2.139154497395628e-05
ENSG00000109061	2.1388998825381964e-05
ENSG00000122136	2.1382997877172064e-05
ENSG00000169427	2.1382579921240186e-05
ENSG00000111110	2.1382579921240186e-05
ENSG00000099622	2.13587332701703e-05
ENSG00000254999	2.1358661900331834e-05
ENSG00000105655	2.1349738949483375e-05
ENSG00000129636	2.133534195380054e-05
ENSG00000102393	2.132791319372151e-05
ENSG00000279486	2.1327589481674744e-05
ENSG00000197043	2.1326617700613016e-05
ENSG00000243279	2.132442912535363e-05
ENSG00000071626	2.13239095753326e-05
ENSG00000173599	2.130975691991609e-05
ENSG00000164091	2.1302094592553737e-05
ENSG00000004660	2.1300692206884086e-05
ENSG00000099797	2.130001326855617e-05
ENSG00000157578	2.129060266734271e-05
ENSG00000274675	2.1280805181915523e-05
ENSG00000082068	2.1279920157668892e-05
ENSG00000141316	2.1270342342405168e-05
ENSG00000110492	2.1253020813314866e-05
ENSG00000111450	2.1250879549996544e-05
ENSG00000106809	2.124987259256125e-05
ENSG00000179046	2.1234816575224847e-05
ENSG00000108639	2.1233018786226425e-05
ENSG00000157259	2.1227450242352033e-05
ENSG00000135678	2.1217689848278992e-05
ENSG00000123213	2.120764230638118e-05
ENSG00000135040	2.1207517044990737e-05
ENSG00000166592	2.120481102957145e-05
ENSG00000131080	2.1204396122208523e-05
ENSG00000128918	2.1200539722803614e-05
ENSG00000225697	2.118267245788142e-05
ENSG00000146109	2.1152505290701055e-05
ENSG00000275333	2.1150676454297043e-05
ENSG00000171885	2.1143941420184342e-05
ENSG00000168476	2.1143670363471396e-05
ENSG00000167995	2.1137033958366502e-05
ENSG00000055957	2.1134484223403065e-05
ENSG00000125744	2.1132997600855467e-05
ENSG00000125821	2.1119015015627785e-05
ENSG00000087253	2.1119015015627785e-05
ENSG00000093183	2.111339461926434e-05
ENSG00000178184	2.1107107220352632e-05
ENSG00000149262	2.1088916700857007e-05
ENSG00000132256	2.1080767050670767e-05
ENSG00000166402	2.1071612787748643e-05
ENSG00000108523	2.105838806944068e-05
ENSG00000141198	2.1057013678919053e-05
ENSG00000136888	2.1051191076504698e-05
ENSG00000009335	2.1044467937635824e-05
ENSG00000103507	2.1033912768971043e-05
ENSG00000115216	2.103306432464257e-05
ENSG00000187987	2.1024575044474925e-05
ENSG00000160007	2.1019829742605377e-05
ENSG00000111713	2.101756466484304e-05
ENSG00000108599	2.1010315909583168e-05
ENSG00000122359	2.1000934251088027e-05
ENSG00000110048	2.099859782873159e-05
ENSG00000100284	2.0988530881759292e-05
ENSG00000102575	2.096502409484404e-05
ENSG00000142002	2.0964169657126863e-05
ENSG00000132671	2.094794742661415e-05
ENSG00000136908	2.0913982814657255e-05
ENSG00000090470	2.0913646494298638e-05
ENSG00000137040	2.087134258173485e-05
ENSG00000117479	2.0855391134531857e-05
ENSG00000185482	2.0852967355866122e-05
ENSG00000183779	2.0852066463724603e-05
ENSG00000166863	2.0844959240809657e-05
ENSG00000145293	2.0842429764860006e-05
ENSG00000140939	2.0840201981517537e-05
ENSG00000132004	2.082722940055832e-05
ENSG00000196453	2.0820421559696846e-05
ENSG00000133612	2.0818257998685563e-05
ENSG00000167977	2.0817777068266613e-05
ENSG00000171403	2.0816221386794583e-05
ENSG00000179862	2.0813670605079282e-05
ENSG00000131871	2.0803385102397942e-05
ENSG00000143248	2.0765830982186597e-05
ENSG00000170264	2.075596064974146e-05
ENSG00000196091	2.0753744084556363e-05
ENSG00000115386	2.0749560905598106e-05
ENSG00000240583	2.074755389838743e-05
ENSG00000156253	2.074576860286112e-05
ENSG00000169760	2.074465326149206e-05
ENSG00000105220	2.0734445465195888e-05
ENSG00000158042	2.0722416667403026e-05
ENSG00000102760	2.071988009024435e-05
ENSG00000034533	2.0694563227313925e-05
ENSG00000285262	2.068385818346991e-05
ENSG00000213694	2.068136132993159e-05
ENSG00000118263	2.067421322714004e-05
ENSG00000133935	2.0650699173283238e-05
ENSG00000180739	2.0647115149605174e-05
ENSG00000150990	2.0646951207021212e-05
ENSG00000243725	2.0645682124799726e-05
ENSG00000284194	2.064490499466089e-05
ENSG00000090863	2.0638976199097985e-05
ENSG00000197901	2.062229010671012e-05
ENSG00000117632	2.0620795975394625e-05
ENSG00000196218	2.061846838608366e-05
ENSG00000137496	2.0616902764772964e-05
ENSG00000064042	2.061567808740356e-05
ENSG00000005020	2.060676848766693e-05
ENSG00000136682	2.05948936966719e-05
ENSG00000121486	2.0591644187276598e-05
ENSG00000165609	2.0585479235941635e-05
ENSG00000109063	2.0578693788590324e-05
ENSG00000073536	2.0574619132618427e-05
ENSG00000100206	2.0558264383491796e-05
ENSG00000114200	2.0556942592482336e-05
ENSG00000162373	2.0547841245683545e-05
ENSG00000137124	2.054765792202881e-05
ENSG00000137500	2.0538836984901785e-05
ENSG00000164294	2.053587459174149e-05
ENSG00000089050	2.0527173394496625e-05
ENSG00000187446	2.0524245023254014e-05
ENSG00000184708	2.052275858777975e-05
ENSG00000100285	2.051904691209971e-05
ENSG00000151892	2.048636934284716e-05
ENSG00000122877	2.046956393048967e-05
ENSG00000115129	2.0457505236641794e-05
ENSG00000132294	2.0434082149392135e-05
ENSG00000109270	2.0405394899592456e-05
ENSG00000099810	2.040509283003369e-05
ENSG00000188937	2.040167767662265e-05
ENSG00000109452	2.0400582768977916e-05
ENSG00000049883	2.039815475647088e-05
ENSG00000167371	2.0397795839475417e-05
ENSG00000110435	2.038793554832557e-05
ENSG00000155957	2.038348937383046e-05
ENSG00000148484	2.038282964744199e-05
ENSG00000203942	2.037753991164738e-05
ENSG00000151657	2.0362412118214042e-05
ENSG00000151093	2.0349187897885966e-05
ENSG00000108651	2.0328667648991796e-05
ENSG00000102893	2.0319560711228675e-05
ENSG00000120159	2.0317375876344093e-05
ENSG00000105996	2.0317219178701456e-05
ENSG00000163093	2.0309916811513495e-05
ENSG00000181773	2.0300705455820624e-05
ENSG00000167105	2.0300074585822577e-05
ENSG00000107957	2.0295425201488925e-05
ENSG00000160703	2.0286392286254064e-05
ENSG00000104936	2.0258146811474268e-05
ENSG00000170876	2.025793748682982e-05
ENSG00000152086	2.0253698784629767e-05
ENSG00000162645	2.0253584440853505e-05
ENSG00000167447	2.025310359147171e-05
ENSG00000128656	2.0251671843096275e-05
ENSG00000053918	2.024877149844703e-05
ENSG00000037474	2.0240262738574623e-05
ENSG00000213413	2.0237416375301895e-05
ENSG00000269058	2.0236871366254258e-05
ENSG00000283510	2.0236650686410566e-05
ENSG00000154099	2.0233475432417604e-05
ENSG00000275935	2.021437941025859e-05
ENSG00000188158	2.020471959831419e-05
ENSG00000099219	2.0175264244808688e-05
ENSG00000169550	2.017419235923196e-05
ENSG00000115526	2.0173776733297037e-05
ENSG00000147596	2.016922954752266e-05
ENSG00000183054	2.0152430861279868e-05
ENSG00000113389	2.0150731268900955e-05
ENSG00000080618	2.014521016404089e-05
ENSG00000005379	2.0140056161782737e-05
ENSG00000107719	2.0129484090228342e-05
ENSG00000196411	2.0126923814887354e-05
ENSG00000132716	2.0102837857097428e-05
ENSG00000143452	2.009574789797434e-05
ENSG00000117602	2.0090968498113758e-05
ENSG00000130584	2.0077411979946686e-05
ENSG00000164283	2.007182748951258e-05
ENSG00000107537	2.006785423228983e-05
ENSG00000138771	2.0048064133499728e-05
ENSG00000178773	2.0031865428992983e-05
ENSG00000091583	2.00316922819855e-05
ENSG00000131351	2.0031285841220456e-05
ENSG00000119523	2.0010625877456615e-05
ENSG00000143369	2.0004502672537384e-05
ENSG00000130544	1.9996514617979964e-05
ENSG00000103056	1.9992636371185464e-05
ENSG00000182158	1.9969112973100094e-05
ENSG00000143367	1.996881571298608e-05
ENSG00000164715	1.9967474048692465e-05
ENSG00000158552	1.9958544542173656e-05
ENSG00000111961	1.995533331076496e-05
ENSG00000082196	1.9928429278145288e-05
ENSG00000139117	1.9927451425520894e-05
ENSG00000108788	1.9920009518892977e-05
ENSG00000138642	1.9918438186145288e-05
ENSG00000048544	1.991302856117604e-05
ENSG00000117152	1.990390335747616e-05
ENSG00000114850	1.9902325228548967e-05
ENSG00000213918	1.9894334674362994e-05
ENSG00000176396	1.9877881293569957e-05
ENSG00000185101	1.987763463107619e-05
ENSG00000139517	1.9858977563504536e-05
ENSG00000113369	1.984965452614143e-05
ENSG00000175220	1.9848547421618395e-05
ENSG00000186522	1.9842668265393818e-05
ENSG00000103502	1.9841200274650768e-05
ENSG00000180806	1.9838536749815196e-05
ENSG00000109787	1.9834935037908283e-05
ENSG00000084764	1.9834260096567436e-05
ENSG00000265972	1.982009271084691e-05
ENSG00000161714	1.9817522285564037e-05
ENSG00000134644	1.980767868681008e-05
ENSG00000196782	1.9805672475450973e-05
ENSG00000023697	1.980394900861819e-05
ENSG00000151612	1.9800577876699712e-05
ENSG00000224552	1.979880278026352e-05
ENSG00000113356	1.9787032100081462e-05
ENSG00000137962	1.9785415972032404e-05
ENSG00000137942	1.9779506599215212e-05
ENSG00000124839	1.9775788162293215e-05
ENSG00000090487	1.9758011334872185e-05
ENSG00000166685	1.97546896088953e-05
ENSG00000064199	1.9745066783760537e-05
ENSG00000126243	1.9739251850796157e-05
ENSG00000182606	1.9736037665306186e-05
ENSG00000004948	1.972172130578012e-05
ENSG00000168398	1.9718655170626115e-05
ENSG00000116199	1.9715271644179505e-05
ENSG00000224200	1.9713605044745285e-05
ENSG00000198853	1.9690063345477924e-05
ENSG00000111670	1.9681148281432492e-05
ENSG00000254550	1.967494702687886e-05
ENSG00000102243	1.967122055870518e-05
ENSG00000186462	1.9666244853459337e-05
ENSG00000159231	1.964132722432486e-05
ENSG00000169220	1.9635817430390277e-05
ENSG00000214160	1.9633316092717783e-05
ENSG00000110693	1.9630990503081777e-05
ENSG00000132423	1.9587207484050354e-05
ENSG00000170486	1.9586403873196332e-05
ENSG00000131844	1.95831548466897e-05
ENSG00000106789	1.9576128924296064e-05
ENSG00000284400	1.956582552838361e-05
ENSG00000143183	1.9548914725253042e-05
ENSG00000205981	1.953539894359509e-05
ENSG00000157796	1.9528735356833924e-05
ENSG00000148408	1.952583705852781e-05
ENSG00000104432	1.9522426480764157e-05
ENSG00000285121	1.951562556479523e-05
ENSG00000090889	1.9514972228420234e-05
ENSG00000162734	1.949580010655746e-05
ENSG00000166681	1.9487074498863714e-05
ENSG00000108370	1.947898979569457e-05
ENSG00000170266	1.9475803671669862e-05
ENSG00000164292	1.945721714681399e-05
ENSG00000087494	1.945205132193232e-05
ENSG00000198498	1.945108069782267e-05
ENSG00000145332	1.9450472412137314e-05
ENSG00000139644	1.9418983034844366e-05
ENSG00000281709	1.9403711328667634e-05
ENSG00000062582	1.940349135611678e-05
ENSG00000111802	1.9393400146875614e-05
ENSG00000151623	1.9385745845733737e-05
ENSG00000141425	1.9378084678034675e-05
ENSG00000230685	1.9377559185709345e-05
ENSG00000145982	1.9375488977182028e-05
ENSG00000197894	1.9374824641236042e-05
ENSG00000173868	1.936734374646428e-05
ENSG00000061936	1.936616892521836e-05
ENSG00000070614	1.936490251743505e-05
ENSG00000173548	1.936285259095974e-05
ENSG00000066629	1.934277739176763e-05
ENSG00000183963	1.9342191000994787e-05
ENSG00000159184	1.9341781651898006e-05
ENSG00000169548	1.9336948092247972e-05
ENSG00000070540	1.9333219002764375e-05
ENSG00000146021	1.9330376447153333e-05
ENSG00000112186	1.9328581851599567e-05
ENSG00000197121	1.9319229302479435e-05
ENSG00000111262	1.9312383184851654e-05
ENSG00000166046	1.9311720646812883e-05
ENSG00000172123	1.931114200960012e-05
ENSG00000172244	1.929883392539312e-05
ENSG00000159723	1.929820516961601e-05
ENSG00000165553	1.9292453637530678e-05
ENSG00000141295	1.928930744389889e-05
ENSG00000047621	1.9286683360997734e-05
ENSG00000110871	1.9280788768010906e-05
ENSG00000152348	1.927883679928783e-05
ENSG00000110442	1.9277088655364403e-05
ENSG00000134802	1.9274627889219417e-05
ENSG00000137274	1.926007639478003e-05
ENSG00000156453	1.92494413831391e-05
ENSG00000116260	1.924132472434988e-05
ENSG00000275568	1.9238669028053312e-05
ENSG00000166503	1.9235517994968995e-05
ENSG00000184292	1.923535891467038e-05
ENSG00000269405	1.921886732771957e-05
ENSG00000066084	1.921759209067615e-05
ENSG00000285493	1.9212925827750712e-05
ENSG00000101447	1.9207465461416142e-05
ENSG00000163904	1.9207389333824356e-05
ENSG00000169583	1.9203070455207077e-05
ENSG00000283859	1.917698746916186e-05
ENSG00000162430	1.9174265644792096e-05
ENSG00000143153	1.91579044097045e-05
ENSG00000172954	1.9156875870558106e-05
ENSG00000109625	1.915338378607661e-05
ENSG00000241253	1.9145395436301807e-05
ENSG00000285479	1.9137978589117126e-05
ENSG00000099365	1.9127630198228036e-05
ENSG00000198010	1.9123533503354334e-05
ENSG00000282228	1.911958583837942e-05
ENSG00000173660	1.9109949055342194e-05
ENSG00000123130	1.910019844337845e-05
ENSG00000137843	1.909677061615127e-05
ENSG00000237808	1.9095227381786766e-05
ENSG00000148798	1.909406307381143e-05
ENSG00000170234	1.909315875578775e-05
ENSG00000198814	1.9088941932540837e-05
ENSG00000276293	1.9085882994814535e-05
ENSG00000188763	1.9078044474075623e-05
ENSG00000071054	1.9069225030569577e-05
ENSG00000129493	1.906161450717137e-05
ENSG00000038210	1.904067375375992e-05
ENSG00000111775	1.90372477594816e-05
ENSG00000197915	1.9037190129876897e-05
ENSG00000008952	1.9036163038258413e-05
ENSG00000011590	1.9034501569592538e-05
ENSG00000119723	1.9032314048216543e-05
ENSG00000179639	1.9029622789284096e-05
ENSG00000166199	1.8993797827378933e-05
ENSG00000106261	1.8978990814119766e-05
ENSG00000169891	1.8972016440746494e-05
ENSG00000189241	1.8970154982527262e-05
ENSG00000186395	1.8967164242752472e-05
ENSG00000070404	1.8961477787727192e-05
ENSG00000116731	1.895549223161324e-05
ENSG00000272325	1.895208529624282e-05
ENSG00000172986	1.8951861366582728e-05
ENSG00000135362	1.8943060813569385e-05
ENSG00000174808	1.893643119970861e-05
ENSG00000085662	1.8933784179598576e-05
ENSG00000248333	1.8930010091203687e-05
ENSG00000116120	1.892650144520603e-05
ENSG00000079150	1.8907528434048056e-05
ENSG00000172586	1.8899781826075146e-05
ENSG00000164609	1.887731848799072e-05
ENSG00000136280	1.8871723545166946e-05
ENSG00000100146	1.8795436215339477e-05
ENSG00000127526	1.8783792169445742e-05
ENSG00000284869	1.8777607885374104e-05
ENSG00000015592	1.8746539927633175e-05
ENSG00000108932	1.8741773886876154e-05
ENSG00000162761	1.8738695692188267e-05
ENSG00000163170	1.87372926943081e-05
ENSG00000265681	1.8735853910386603e-05
ENSG00000285317	1.873509497985501e-05
ENSG00000076650	1.8724797930087773e-05
ENSG00000184160	1.8711740147776558e-05
ENSG00000196562	1.86978686616447e-05
ENSG00000127463	1.8686237647657053e-05
ENSG00000102302	1.868449575633347e-05
ENSG00000146223	1.8673571932415397e-05
ENSG00000114738	1.8663553768137154e-05
ENSG00000137074	1.8653631585533295e-05
ENSG00000180481	1.863470666505507e-05
ENSG00000100335	1.863116343695777e-05
ENSG00000134222	1.862228408181918e-05
ENSG00000159899	1.8619092554465125e-05
ENSG00000164512	1.8613511136395233e-05
ENSG00000134545	1.8606187345792516e-05
ENSG00000169914	1.860616410745985e-05
ENSG00000163214	1.86006685907273e-05
ENSG00000078269	1.859973673562172e-05
ENSG00000260027	1.859682173773709e-05
ENSG00000163249	1.856230425921619e-05
ENSG00000133401	1.855039397003461e-05
ENSG00000164627	1.8549685020495702e-05
ENSG00000273529	1.854912399508898e-05
ENSG00000132405	1.8541507114852522e-05
ENSG00000160145	1.8528048806143964e-05
ENSG00000137824	1.8526866126239785e-05
ENSG00000122912	1.8519667638445685e-05
ENSG00000181690	1.851460526973597e-05
ENSG00000114982	1.850496036910881e-05
ENSG00000227317	1.8496668774249443e-05
ENSG00000136783	1.849469478330727e-05
ENSG00000196693	1.848771994573862e-05
ENSG00000168887	1.8484816043984795e-05
ENSG00000280495	1.8482655623281875e-05
ENSG00000164080	1.847254252870446e-05
ENSG00000079156	1.8449191407503033e-05
ENSG00000132254	1.8446827714140906e-05
ENSG00000115963	1.8445328220965083e-05
ENSG00000145708	1.8423571116003153e-05
ENSG00000176986	1.841973664471259e-05
ENSG00000182809	1.83917208374211e-05
ENSG00000186197	1.83888772084149e-05
ENSG00000198513	1.8380656916639985e-05
ENSG00000135722	1.8379715025571163e-05
ENSG00000189266	1.8374122843628425e-05
ENSG00000117983	1.8364335578206972e-05
ENSG00000101311	1.835211118417875e-05
ENSG00000143126	1.8349986577738263e-05
ENSG00000100302	1.834819095072601e-05
ENSG00000106682	1.8347289095522534e-05
ENSG00000119508	1.83455797505801e-05
ENSG00000163913	1.8336418819150448e-05
ENSG00000122203	1.8326598791915496e-05
ENSG00000169972	1.832075634096886e-05
ENSG00000177051	1.8310939543442805e-05
ENSG00000132463	1.830823737385996e-05
ENSG00000100290	1.830750469752255e-05
ENSG00000164404	1.8304638192793614e-05
ENSG00000166348	1.8288168809381582e-05
ENSG00000100997	1.8279698064744032e-05
ENSG00000082213	1.8275788341637e-05
ENSG00000132773	1.827453942727985e-05
ENSG00000163815	1.827088286221236e-05
ENSG00000167034	1.8264924953447188e-05
ENSG00000189171	1.8261008899840236e-05
ENSG00000138109	1.825668892655408e-05
ENSG00000205268	1.825343529084202e-05
ENSG00000275498	1.8244289897235632e-05
ENSG00000198055	1.8239575550782885e-05
ENSG00000137393	1.8231688778053607e-05
ENSG00000123810	1.8225000282567222e-05
ENSG00000165376	1.8206661300665173e-05
ENSG00000215251	1.820153220843377e-05
ENSG00000204271	1.819302172831336e-05
ENSG00000214021	1.8192399018446625e-05
ENSG00000163584	1.819112528825268e-05
ENSG00000172461	1.8185373550926102e-05
ENSG00000160183	1.8174462775681565e-05
ENSG00000171700	1.8149414220586964e-05
ENSG00000180818	1.8143120992980797e-05
ENSG00000144959	1.8130760335831375e-05
ENSG00000121440	1.8125375078461552e-05
ENSG00000125571	1.81239437059173e-05
ENSG00000159197	1.8118825491318488e-05
ENSG00000198938	1.810410931051494e-05
ENSG00000187151	1.809632683528377e-05
ENSG00000262635	1.806930522164504e-05
ENSG00000153391	1.8065932356223548e-05
ENSG00000146005	1.8063208629966506e-05
ENSG00000145819	1.805847442013785e-05
ENSG00000002745	1.804752578506795e-05
ENSG00000104870	1.803812309577559e-05
ENSG00000136003	1.80360563762352e-05
ENSG00000166507	1.8035022004377486e-05
ENSG00000107897	1.8029423365262708e-05
ENSG00000242265	1.8023489705353335e-05
ENSG00000162852	1.8013091343021375e-05
ENSG00000158793	1.8008280698873316e-05
ENSG00000196072	1.800276887510265e-05
ENSG00000153714	1.798717080105521e-05
ENSG00000163947	1.795702718872277e-05
ENSG00000016402	1.795382333006383e-05
ENSG00000120008	1.7952859215968014e-05
ENSG00000149571	1.7952201458403416e-05
ENSG00000113273	1.7944973411974435e-05
ENSG00000116698	1.7944695899764178e-05
ENSG00000120709	1.7941343024555368e-05
ENSG00000103528	1.7929702135554902e-05
ENSG00000184221	1.792707245862649e-05
ENSG00000111639	1.7924808765817738e-05
ENSG00000112195	1.7918810915417928e-05
ENSG00000164615	1.7908337074305014e-05
ENSG00000138399	1.7903791628418343e-05
ENSG00000169372	1.7887924988298593e-05
ENSG00000087903	1.7885131636817592e-05
ENSG00000172889	1.7881221268189206e-05
ENSG00000161647	1.7870875421305674e-05
ENSG00000166828	1.7863445765430148e-05
ENSG00000106524	1.785697550146786e-05
ENSG00000177119	1.785395506641771e-05
ENSG00000160688	1.7849094996833907e-05
ENSG00000129235	1.7846777361043112e-05
ENSG00000003147	1.784622045439503e-05
ENSG00000143867	1.7845078244126926e-05
ENSG00000133835	1.7822290499206165e-05
ENSG00000139641	1.781578307310663e-05
ENSG00000174238	1.7796953625905798e-05
ENSG00000163818	1.7792407085894164e-05
ENSG00000136044	1.7790217949107554e-05
ENSG00000187033	1.7769088517142653e-05
ENSG00000177984	1.7768911321369574e-05
ENSG00000115353	1.776861750124652e-05
ENSG00000136816	1.7754817974999264e-05
ENSG00000134504	1.774771416771118e-05
ENSG00000108423	1.774592441896883e-05
ENSG00000156853	1.774189122993714e-05
ENSG00000146278	1.7732971555224884e-05
ENSG00000131148	1.772526339034862e-05
ENSG00000186318	1.7719500524974133e-05
ENSG00000151338	1.7716807899609064e-05
ENSG00000174446	1.7714899477139432e-05
ENSG00000159348	1.7712838589706203e-05
ENSG00000164904	1.7712034192752632e-05
ENSG00000112874	1.770965103262635e-05
ENSG00000159388	1.7699832214241965e-05
ENSG00000145555	1.767345879338769e-05
ENSG00000181274	1.7672414574475484e-05
ENSG00000197457	1.766476563072424e-05
ENSG00000004838	1.7661760930983824e-05
ENSG00000136141	1.7658860210924765e-05
ENSG00000179914	1.7647465606365355e-05
ENSG00000166471	1.764101377826551e-05
ENSG00000131748	1.763792728422991e-05
ENSG00000113504	1.763726267943124e-05
ENSG00000135111	1.7635931087662743e-05
ENSG00000130037	1.7630386751179495e-05
ENSG00000144395	1.7609119426295872e-05
ENSG00000106348	1.760310033181182e-05
ENSG00000180772	1.760049380697861e-05
ENSG00000017483	1.7595983551041413e-05
ENSG00000157911	1.7594522036851364e-05
ENSG00000167799	1.7592589380612837e-05
ENSG00000100564	1.7588247042611497e-05
ENSG00000086666	1.758561774482498e-05
ENSG00000204852	1.758169488932989e-05
ENSG00000077935	1.7579154545520972e-05
ENSG00000153113	1.7577754805775484e-05
ENSG00000133983	1.7576659966607753e-05
ENSG00000102362	1.7572333454114212e-05
ENSG00000169221	1.7557866579634665e-05
ENSG00000111348	1.7554312866485203e-05
ENSG00000173451	1.7552236294463845e-05
ENSG00000166887	1.754529325274861e-05
ENSG00000105963	1.7542518025642533e-05
ENSG00000185291	1.752859607713573e-05
ENSG00000140497	1.752177906440545e-05
ENSG00000282608	1.7521407368146005e-05
ENSG00000130939	1.751893708689435e-05
ENSG00000081985	1.7511198007442645e-05
ENSG00000103978	1.7490812099208112e-05
ENSG00000131183	1.7485571694934214e-05
ENSG00000173456	1.747388406343046e-05
ENSG00000148187	1.746284886571929e-05
ENSG00000213551	1.744302912798274e-05
ENSG00000130714	1.7419148931938133e-05
ENSG00000105607	1.7415359746942957e-05
ENSG00000103546	1.7414073488687195e-05
ENSG00000116117	1.739692387126008e-05
ENSG00000198039	1.738617725012915e-05
ENSG00000139437	1.7382578839821022e-05
ENSG00000173848	1.738021553132633e-05
ENSG00000124570	1.7353669836123666e-05
ENSG00000172476	1.734589394188618e-05
ENSG00000169599	1.7343922192317992e-05
ENSG00000025039	1.7343664753374688e-05
ENSG00000155962	1.7343168097784085e-05
ENSG00000187535	1.7329657079987585e-05
ENSG00000139684	1.73172535489199e-05
ENSG00000130165	1.731609428971011e-05
ENSG00000051596	1.731548448142181e-05
ENSG00000148719	1.7311589738204852e-05
ENSG00000064999	1.7308724962957258e-05
ENSG00000112782	1.7306166353947985e-05
ENSG00000148908	1.7304841972617833e-05
ENSG00000268651	1.728032682225345e-05
ENSG00000188677	1.726999784309918e-05
ENSG00000130427	1.7267721461864005e-05
ENSG00000111319	1.7258145123834255e-05
ENSG00000143390	1.7253030673118287e-05
ENSG00000134287	1.725008316817843e-05
ENSG00000162374	1.724305425662003e-05
ENSG00000187051	1.723665350960991e-05
ENSG00000232040	1.7227524907996547e-05
ENSG00000198546	1.7218588967547384e-05
ENSG00000155850	1.721726248601811e-05
ENSG00000164077	1.7201133617743057e-05
ENSG00000178409	1.7199117424125662e-05
ENSG00000110786	1.719503856285078e-05
ENSG00000100065	1.719047635516136e-05
ENSG00000104490	1.7179519516125387e-05
ENSG00000134369	1.717939410464978e-05
ENSG00000139626	1.7171785467745518e-05
ENSG00000070214	1.7166319111897132e-05
ENSG00000103174	1.7138293513037796e-05
ENSG00000155792	1.713617722377843e-05
ENSG00000187730	1.7130122476095665e-05
ENSG00000138134	1.712274095434339e-05
ENSG00000115756	1.711714899355672e-05
ENSG00000134717	1.7095544088667612e-05
ENSG00000170921	1.709298698432476e-05
ENSG00000105613	1.7086411276941315e-05
ENSG00000168246	1.707319252721964e-05
ENSG00000133028	1.707084572156304e-05
ENSG00000005302	1.705231437824445e-05
ENSG00000167397	1.7035599844081987e-05
ENSG00000060491	1.7029275348223672e-05
ENSG00000143198	1.7022941210009966e-05
ENSG00000165632	1.7015425720372626e-05
ENSG00000110675	1.7013945288803913e-05
ENSG00000126759	1.7012653081148005e-05
ENSG00000186635	1.70008832866025e-05
ENSG00000236625	1.6999603909229046e-05
ENSG00000226560	1.6999603909229046e-05
ENSG00000077232	1.6998229703900163e-05
ENSG00000075340	1.6991716643971237e-05
ENSG00000110436	1.6989050945268365e-05
ENSG00000117174	1.6988953868448618e-05
ENSG00000081721	1.6976740007712417e-05
ENSG00000174938	1.6962175372214676e-05
ENSG00000166049	1.6953997721485404e-05
ENSG00000131203	1.6953625196615146e-05
ENSG00000119392	1.695345241353782e-05
ENSG00000108963	1.6948459142950068e-05
ENSG00000067177	1.694401898271123e-05
ENSG00000136205	1.6940422704173568e-05
ENSG00000274829	1.692692380992992e-05
ENSG00000142224	1.6925778811537093e-05
ENSG00000075975	1.6920803455420194e-05
ENSG00000141503	1.691854605983993e-05
ENSG00000089091	1.6911893673799816e-05
ENSG00000167996	1.6905064637174277e-05
ENSG00000141562	1.6900560157793232e-05
ENSG00000083290	1.6896983554476483e-05
ENSG00000166947	1.6892152996429575e-05
ENSG00000181408	1.6881173929399444e-05
ENSG00000138759	1.687805278605482e-05
ENSG00000143819	1.6860187500043e-05
ENSG00000087269	1.6838256374235874e-05
ENSG00000223887	1.6832585431469762e-05
ENSG00000186283	1.6829839933972483e-05
ENSG00000143748	1.68155406654993e-05
ENSG00000267978	1.6805520016061888e-05
ENSG00000146802	1.680299510655255e-05
ENSG00000147439	1.6798107750422453e-05
ENSG00000158604	1.6797876316820478e-05
ENSG00000165349	1.6797738883941975e-05
ENSG00000155816	1.679146637350703e-05
ENSG00000163630	1.6790433619287853e-05
ENSG00000196090	1.6785551608030624e-05
ENSG00000276495	1.676990564060737e-05
ENSG00000173992	1.6762941935961036e-05
ENSG00000178093	1.6753339735461897e-05
ENSG00000149970	1.6746082636783716e-05
ENSG00000162873	1.674151233357151e-05
ENSG00000165271	1.6740397690491282e-05
ENSG00000198919	1.6699690605388056e-05
ENSG00000173153	1.669108967274919e-05
ENSG00000274327	1.66870205081543e-05
ENSG00000165113	1.6685103435556348e-05
ENSG00000176919	1.6683859378302755e-05
ENSG00000099992	1.6681903715741067e-05
ENSG00000130312	1.6677422122848787e-05
ENSG00000007944	1.66715196676664e-05
ENSG00000129646	1.6670251257925193e-05
ENSG00000147364	1.6658742645495283e-05
ENSG00000144909	1.6639021071877673e-05
ENSG00000107874	1.6638645345311917e-05
ENSG00000175193	1.662084363164528e-05
ENSG00000106415	1.6619549072972383e-05
ENSG00000186501	1.66149917210025e-05
ENSG00000069018	1.660029119589145e-05
ENSG00000167191	1.6593251954969504e-05
ENSG00000021355	1.658993792439363e-05
ENSG00000116212	1.6585565811730732e-05
ENSG00000126233	1.6584533167578977e-05
ENSG00000008438	1.6576408131332975e-05
ENSG00000171365	1.657586067640517e-05
ENSG00000204403	1.657558069095645e-05
ENSG00000102401	1.6563037778852323e-05
ENSG00000124659	1.6556909622743165e-05
ENSG00000157978	1.6554351379858035e-05
ENSG00000108515	1.6546443692746345e-05
ENSG00000185736	1.6542559258706076e-05
ENSG00000111254	1.6541919582678935e-05
ENSG00000136883	1.6517643937786314e-05
ENSG00000135951	1.6505837981105996e-05
ENSG00000277804	1.6504995403467575e-05
ENSG00000140044	1.649579468228425e-05
ENSG00000088926	1.648089369015828e-05
ENSG00000175087	1.6475235082750393e-05
ENSG00000196353	1.647030774076324e-05
ENSG00000144407	1.64688631421938e-05
ENSG00000133422	1.6466420841876238e-05
ENSG00000170917	1.6455514540224814e-05
ENSG00000104537	1.645465142704486e-05
ENSG00000112039	1.6452366780876793e-05
ENSG00000173928	1.6440272693231252e-05
ENSG00000117899	1.6423529722180896e-05
ENSG00000206150	1.6420849417633956e-05
ENSG00000227746	1.6416835917255974e-05
ENSG00000174306	1.640627958404001e-05
ENSG00000183496	1.6403489789816258e-05
ENSG00000140264	1.639974424435411e-05
ENSG00000154359	1.6396873619941796e-05
ENSG00000107372	1.6392238018030827e-05
ENSG00000163754	1.638946946240309e-05
ENSG00000124713	1.6385941142465975e-05
ENSG00000172456	1.638030488022737e-05
ENSG00000125375	1.637825617352723e-05
ENSG00000198478	1.6377839455803504e-05
ENSG00000158578	1.6371184040804745e-05
ENSG00000147206	1.6367441905126052e-05
ENSG00000117594	1.6362479473092574e-05
ENSG00000013588	1.6361705142280752e-05
ENSG00000143641	1.634982109266772e-05
ENSG00000165886	1.6344713600117878e-05
ENSG00000161618	1.6341260386860018e-05
ENSG00000116141	1.633852794814768e-05
ENSG00000213625	1.633800120458254e-05
ENSG00000139722	1.6335714546421322e-05
ENSG00000168453	1.632500650051228e-05
ENSG00000100836	1.6314318860145285e-05
ENSG00000196704	1.6313001854488295e-05
ENSG00000175445	1.6312560075250777e-05
ENSG00000070182	1.6301967198652137e-05
ENSG00000100196	1.6288203553201517e-05
ENSG00000008382	1.6263913142478834e-05
ENSG00000288368	1.6262080249053846e-05
ENSG00000144579	1.626182969374058e-05
ENSG00000196482	1.625957508137932e-05
ENSG00000145979	1.6257458862013524e-05
ENSG00000187094	1.625617278548385e-05
ENSG00000037637	1.6255334604984687e-05
ENSG00000119138	1.6253241751537634e-05
ENSG00000124787	1.622429015272571e-05
ENSG00000119013	1.6219820398753477e-05
ENSG00000186654	1.619831228538014e-05
ENSG00000159763	1.619579846088812e-05
ENSG00000183032	1.618369367101918e-05
ENSG00000135148	1.6182492480068965e-05
ENSG00000081692	1.6181017172104264e-05
ENSG00000163618	1.6176341063141666e-05
ENSG00000138036	1.6172668320672167e-05
ENSG00000167508	1.6165600100564563e-05
ENSG00000283847	1.6151443882790037e-05
ENSG00000167840	1.6148870564964486e-05
ENSG00000168152	1.6139989938163445e-05
ENSG00000188153	1.6139927199390917e-05
ENSG00000112053	1.6131265506115413e-05
ENSG00000198642	1.6113355410328805e-05
ENSG00000103342	1.6099990894950937e-05
ENSG00000177791	1.6097489622086522e-05
ENSG00000029639	1.6094150492548272e-05
ENSG00000135596	1.6087782335593728e-05
ENSG00000263238	1.6085958741036762e-05
ENSG00000162551	1.6080978784487473e-05
ENSG00000165533	1.6077275656202646e-05
ENSG00000151366	1.6063468517548886e-05
ENSG00000056736	1.6056665098054126e-05
ENSG00000164251	1.6051707834807717e-05
ENSG00000196352	1.6044270267785414e-05
ENSG00000177352	1.603973048537232e-05
ENSG00000143633	1.603971755130682e-05
ENSG00000184524	1.603008169064934e-05
ENSG00000164756	1.6022855620766746e-05
ENSG00000179403	1.6021254438258363e-05
ENSG00000129680	1.602034406267923e-05
ENSG00000174177	1.6011336332074902e-05
ENSG00000188786	1.6009959050390754e-05
ENSG00000103942	1.599137481514253e-05
ENSG00000166451	1.5968588091578518e-05
ENSG00000176988	1.5957563008497306e-05
ENSG00000132570	1.595431191738051e-05
ENSG00000278693	1.5954277249656122e-05
ENSG00000134569	1.5944834576499548e-05
ENSG00000124243	1.5943068505205906e-05
ENSG00000065609	1.593271699439041e-05
ENSG00000079112	1.5924911386167766e-05
ENSG00000107317	1.59243554655346e-05
ENSG00000099910	1.5909717567462643e-05
ENSG00000104976	1.5891848228624496e-05
ENSG00000205542	1.588950544568531e-05
ENSG00000132313	1.5882489259826746e-05
ENSG00000130649	1.5878126191290388e-05
ENSG00000169764	1.586283643169595e-05
ENSG00000004866	1.58488028811329e-05
ENSG00000151475	1.584817765688045e-05
ENSG00000170074	1.5844679082110764e-05
ENSG00000044446	1.584332414971946e-05
ENSG00000160216	1.5836859062058288e-05
ENSG00000177613	1.5825662407285228e-05
ENSG00000122863	1.5823486803243584e-05
ENSG00000138674	1.5814765299645915e-05
ENSG00000114648	1.5804521343400762e-05
ENSG00000131944	1.579765992864184e-05
ENSG00000108439	1.5797046838079366e-05
ENSG00000178695	1.578934362962895e-05
ENSG00000116005	1.5787183762385676e-05
ENSG00000184895	1.5783093111201645e-05
ENSG00000141639	1.5774795442164266e-05
ENSG00000125731	1.577124424976918e-05
ENSG00000131477	1.577123840637654e-05
ENSG00000134183	1.5769147538270766e-05
ENSG00000105514	1.5769073667665163e-05
ENSG00000014824	1.576514993934441e-05
ENSG00000108947	1.5760274529132942e-05
ENSG00000213977	1.5759661729228934e-05
ENSG00000100490	1.575821916722624e-05
ENSG00000156026	1.5742658220128694e-05
ENSG00000054983	1.5723496435229223e-05
ENSG00000136720	1.5700639392359336e-05
ENSG00000141376	1.568909860352188e-05
ENSG00000256683	1.5683194130112036e-05
ENSG00000145016	1.5682043036269786e-05
ENSG00000089163	1.5673514802770678e-05
ENSG00000187134	1.566387806567167e-05
ENSG00000134851	1.5662853094456276e-05
ENSG00000178462	1.5629946442188065e-05
ENSG00000175906	1.562848068395089e-05
ENSG00000166866	1.5610038015487423e-05
ENSG00000108576	1.5608471558403498e-05
ENSG00000198952	1.5594824228406775e-05
ENSG00000180901	1.558990879470669e-05
ENSG00000105053	1.5582672930718287e-05
ENSG00000277101	1.557636345419111e-05
ENSG00000099139	1.5576060273925582e-05
ENSG00000284982	1.5566838828560126e-05
ENSG00000144152	1.5559383076213682e-05
ENSG00000132376	1.5557699221200095e-05
ENSG00000141219	1.5552693867823878e-05
ENSG00000171611	1.5552176694556996e-05
ENSG00000156515	1.5549717239474738e-05
ENSG00000185565	1.554829494475797e-05
ENSG00000086696	1.5539562876405308e-05
ENSG00000227420	1.5532562172567825e-05
ENSG00000204175	1.5530816235019646e-05
ENSG00000128829	1.5520488075150683e-05
ENSG00000150787	1.5518658400642145e-05
ENSG00000137875	1.5515268425572307e-05
ENSG00000086062	1.550453568477953e-05
ENSG00000066135	1.550349155701439e-05
ENSG00000160570	1.5492262252036913e-05
ENSG00000160961	1.5487690777899924e-05
ENSG00000126822	1.5477963121437432e-05
ENSG00000188613	1.547096465478705e-05
ENSG00000277405	1.5441221501784234e-05
ENSG00000130313	1.5438837276523074e-05
ENSG00000149577	1.5435213702769514e-05
ENSG00000145743	1.5427161395523597e-05
ENSG00000183066	1.5424959845077206e-05
ENSG00000069275	1.542401625446864e-05
ENSG00000151360	1.5411842171496168e-05
ENSG00000229432	1.5404695647066864e-05
ENSG00000142657	1.5400219177766846e-05
ENSG00000114812	1.5396930548117453e-05
ENSG00000185187	1.5395308045745183e-05
ENSG00000276825	1.539181773019005e-05
ENSG00000162458	1.5388470100246073e-05
ENSG00000176490	1.5369726454457267e-05
ENSG00000095203	1.5352334628285427e-05
ENSG00000072135	1.5351827404317975e-05
ENSG00000084073	1.535137934770535e-05
ENSG00000137941	1.5330968945677983e-05
ENSG00000047644	1.5327759711121836e-05
ENSG00000106665	1.5317157780560057e-05
ENSG00000134962	1.530936326699321e-05
ENSG00000142207	1.530410428183245e-05
ENSG00000278787	1.528599199210189e-05
ENSG00000198839	1.5280537783538695e-05
ENSG00000013374	1.526724172185847e-05
ENSG00000177981	1.5263474261553497e-05
ENSG00000166582	1.5259247921631037e-05
ENSG00000168301	1.5258190952222267e-05
ENSG00000113638	1.5256820930163445e-05
ENSG00000168621	1.5248924902270115e-05
ENSG00000157593	1.5239860196429231e-05
ENSG00000103034	1.5228304929485281e-05
ENSG00000111252	1.5208116573660856e-05
ENSG00000159164	1.5197491617369505e-05
ENSG00000116985	1.5194990521050568e-05
ENSG00000110244	1.5179086686939338e-05
ENSG00000134343	1.5178669215382031e-05
ENSG00000067248	1.5149455214129848e-05
ENSG00000146574	1.5147429679992386e-05
ENSG00000128294	1.5139005711405323e-05
ENSG00000173581	1.513176965146231e-05
ENSG00000147883	1.5129677897820476e-05
ENSG00000126970	1.5129241974794358e-05
ENSG00000132323	1.5125149104854713e-05
ENSG00000117425	1.511814943917285e-05
ENSG00000064666	1.5107679445948288e-05
ENSG00000183049	1.5100328870007295e-05
ENSG00000185112	1.5092349788165365e-05
ENSG00000146842	1.5077879383906956e-05
ENSG00000177045	1.5067519386684289e-05
ENSG00000035664	1.5060690008410108e-05
ENSG00000184182	1.505205912781493e-05
ENSG00000181191	1.5044507432019298e-05
ENSG00000168589	1.5041115671278256e-05
ENSG00000130208	1.5039221626747129e-05
ENSG00000101160	1.501912652578492e-05
ENSG00000111481	1.5012622052457551e-05
ENSG00000204060	1.5009792887436457e-05
ENSG00000130818	1.5009011840696295e-05
ENSG00000197372	1.5007267384433251e-05
ENSG00000288335	1.5002721772349441e-05
ENSG00000149548	1.4997896726133148e-05
ENSG00000100504	1.4980759794356705e-05
ENSG00000205659	1.4976752335493647e-05
ENSG00000109016	1.4967246821472394e-05
ENSG00000142733	1.496534496195387e-05
ENSG00000142784	1.4952568535885452e-05
ENSG00000103160	1.4938551725938541e-05
ENSG00000166340	1.4937538419974686e-05
ENSG00000110921	1.4928568394647857e-05
ENSG00000157184	1.4927206175487085e-05
ENSG00000154493	1.4912238684367104e-05
ENSG00000038002	1.489985338328901e-05
ENSG00000120471	1.4895305255049762e-05
ENSG00000182132	1.4892026722296084e-05
ENSG00000119522	1.4866737064925188e-05
ENSG00000115548	1.4863143404951842e-05
ENSG00000059573	1.4861180852224644e-05
ENSG00000140307	1.4854061668229183e-05
ENSG00000185127	1.4851201152162944e-05
ENSG00000090530	1.4851173549855988e-05
ENSG00000174788	1.4848609223617338e-05
ENSG00000256525	1.4847301909616644e-05
ENSG00000125510	1.4844099069990918e-05
ENSG00000120725	1.483830705711458e-05
ENSG00000174032	1.4836167478440162e-05
ENSG00000163319	1.4832744364669808e-05
ENSG00000144182	1.482079576008442e-05
ENSG00000164649	1.4815462719001588e-05
ENSG00000163464	1.4815065426314402e-05
ENSG00000228253	1.4792315634672414e-05
ENSG00000102743	1.4792001140931703e-05
ENSG00000274296	1.4766705438480817e-05
ENSG00000078070	1.476461561373896e-05
ENSG00000281230	1.4753957046071064e-05
ENSG00000109323	1.4743852656139065e-05
ENSG00000004468	1.4742718166235911e-05
ENSG00000105549	1.473159320506854e-05
ENSG00000189129	1.4720851654986396e-05
ENSG00000283034	1.471725822027229e-05
ENSG00000065485	1.4713962006758004e-05
ENSG00000155846	1.4698400512745674e-05
ENSG00000198231	1.4694412656643753e-05
ENSG00000137098	1.4690449176894108e-05
ENSG00000153037	1.4683800710913621e-05
ENSG00000128596	1.4669567522469098e-05
ENSG00000125037	1.4668304306575179e-05
ENSG00000285426	1.465715827607784e-05
ENSG00000163528	1.4649037473999847e-05
ENSG00000132970	1.4641961626769896e-05
ENSG00000284548	1.461884277633482e-05
ENSG00000044459	1.4596141230947373e-05
ENSG00000138738	1.4583039261577695e-05
ENSG00000188559	1.4565056418559954e-05
ENSG00000113719	1.4561611527024843e-05
ENSG00000244122	1.4553167065809398e-05
ENSG00000035141	1.4539942992348977e-05
ENSG00000168447	1.45387452655803e-05
ENSG00000154917	1.4535425757548189e-05
ENSG00000110090	1.4531631126518678e-05
ENSG00000041880	1.4530422438554211e-05
ENSG00000154655	1.4527698787903543e-05
ENSG00000101079	1.452768735518463e-05
ENSG00000138119	1.4526276663525705e-05
ENSG00000153395	1.4524468208075413e-05
ENSG00000149499	1.4516147808738949e-05
ENSG00000139428	1.4508793353994906e-05
ENSG00000107742	1.450680088073811e-05
ENSG00000125844	1.450083734917497e-05
ENSG00000116761	1.4494660564536532e-05
ENSG00000126749	1.4482886970136106e-05
ENSG00000198570	1.4482442074572027e-05
ENSG00000158792	1.4478551634265057e-05
ENSG00000068650	1.4474026043820558e-05
ENSG00000169598	1.4473684540579767e-05
ENSG00000156256	1.4470758629953521e-05
ENSG00000115267	1.445424371764222e-05
ENSG00000086015	1.4452415666568131e-05
ENSG00000021645	1.4445728702332436e-05
ENSG00000126775	1.4444032370654676e-05
ENSG00000162300	1.444400120886601e-05
ENSG00000142039	1.4431865100550716e-05
ENSG00000184470	1.442276401862102e-05
ENSG00000161980	1.441826917233911e-05
ENSG00000022840	1.4415260275960893e-05
ENSG00000176531	1.4415195233763015e-05
ENSG00000182240	1.4409245983447584e-05
ENSG00000138031	1.4405853803365475e-05
ENSG00000145911	1.439883524020518e-05
ENSG00000175093	1.4390954871924206e-05
ENSG00000167785	1.4386456680960818e-05
ENSG00000160999	1.4385949136795651e-05
ENSG00000131771	1.4372151773672818e-05
ENSG00000165264	1.4362391881944032e-05
ENSG00000158104	1.4361362086915113e-05
ENSG00000118432	1.4358781936274186e-05
ENSG00000170298	1.435505803895208e-05
ENSG00000130540	1.4354396527420553e-05
ENSG00000161896	1.435286369774725e-05
ENSG00000152102	1.434959354808143e-05
ENSG00000120729	1.4337466229377918e-05
ENSG00000213380	1.4333715536090878e-05
ENSG00000177414	1.431635018856944e-05
ENSG00000131725	1.4313645171635436e-05
ENSG00000120549	1.4313226371783763e-05
ENSG00000187736	1.4292853186647877e-05
ENSG00000108924	1.4283792270535933e-05
ENSG00000105953	1.4283225970029457e-05
ENSG00000144401	1.4282506718138486e-05
ENSG00000179477	1.4282418436397907e-05
ENSG00000123561	1.4282191597115372e-05
ENSG00000269858	1.427218255221821e-05
ENSG00000084734	1.4269244976714306e-05
ENSG00000167315	1.4268400294843106e-05
ENSG00000067082	1.4265632910963847e-05
ENSG00000169393	1.4251258973933377e-05
ENSG00000108342	1.4245901303756458e-05
ENSG00000119973	1.4233398305259505e-05
ENSG00000065371	1.4232700477170671e-05
ENSG00000168334	1.4229033883180713e-05
ENSG00000153015	1.4224430781306485e-05
ENSG00000168569	1.4221860159222137e-05
ENSG00000010327	1.4212391391397426e-05
ENSG00000153774	1.4202958177821734e-05
ENSG00000173786	1.4198222222136853e-05
ENSG00000152558	1.4197557827751123e-05
ENSG00000143842	1.4194232552473357e-05
ENSG00000101844	1.4187758253871622e-05
ENSG00000135454	1.4182068576955894e-05
ENSG00000104435	1.4171510571276388e-05
ENSG00000138613	1.4161762055265498e-05
ENSG00000204160	1.4161168596509778e-05
ENSG00000144840	1.4152785538244986e-05
ENSG00000158874	1.4150942546487706e-05
ENSG00000168955	1.4143537560813581e-05
ENSG00000178764	1.4134614515184314e-05
ENSG00000221926	1.413434415303024e-05
ENSG00000169635	1.4131369178122548e-05
ENSG00000172830	1.4124407485477009e-05
ENSG00000241258	1.411629491850802e-05
ENSG00000132958	1.4101785361614112e-05
ENSG00000100600	1.4099149571259602e-05
ENSG00000186174	1.4097453965925644e-05
ENSG00000048462	1.4095973243149887e-05
ENSG00000111674	1.4081656848425844e-05
ENSG00000135439	1.4079715283749896e-05
ENSG00000189369	1.4078350603335184e-05
ENSG00000099284	1.407253771972034e-05
ENSG00000136155	1.4069523950213748e-05
ENSG00000182551	1.40637037648685e-05
ENSG00000165584	1.4063034477876267e-05
ENSG00000196843	1.406143485200931e-05
ENSG00000107551	1.4058239201918098e-05
ENSG00000211598	1.4051955994973688e-05
ENSG00000042317	1.404540086800798e-05
ENSG00000130385	1.4035865994072124e-05
ENSG00000041802	1.4034944084530267e-05
ENSG00000165795	1.4025013535287629e-05
ENSG00000088387	1.4016437075895609e-05
ENSG00000213593	1.4008698489288644e-05
ENSG00000109220	1.4000831347634852e-05
ENSG00000071994	1.3971202107439026e-05
ENSG00000099617	1.3965407728920765e-05
ENSG00000182272	1.3959983438475708e-05
ENSG00000102043	1.3949957569953613e-05
ENSG00000205838	1.3944508507856464e-05
ENSG00000034510	1.3941299593428903e-05
ENSG00000283391	1.3939351275309535e-05
ENSG00000140474	1.3926453129644458e-05
ENSG00000068784	1.3925787448509823e-05
ENSG00000274811	1.3921001462204157e-05
ENSG00000141447	1.389884530369304e-05
ENSG00000076554	1.3864708797387777e-05
ENSG00000168827	1.3863187675409853e-05
ENSG00000196465	1.386207723831727e-05
ENSG00000112992	1.386147416754019e-05
ENSG00000204084	1.3857981094799915e-05
ENSG00000126088	1.3855884454588604e-05
ENSG00000275746	1.3850866309589079e-05
ENSG00000115275	1.3809618906161437e-05
ENSG00000277926	1.3809156645907603e-05
ENSG00000138379	1.3801959511192777e-05
ENSG00000043591	1.3800586273979969e-05
ENSG00000196646	1.3799081385804547e-05
ENSG00000227402	1.3793437678380668e-05
ENSG00000131446	1.3790834842145559e-05
ENSG00000144589	1.3782137656565696e-05
ENSG00000180316	1.378048671906239e-05
ENSG00000143839	1.3749419386179474e-05
ENSG00000153029	1.3737814957779558e-05
ENSG00000108839	1.3736509832249494e-05
ENSG00000089818	1.3731762752572916e-05
ENSG00000155366	1.373048469089944e-05
ENSG00000074695	1.3713893900433931e-05
ENSG00000153786	1.370725111559735e-05
ENSG00000171604	1.3692789417255832e-05
ENSG00000149927	1.368109962919919e-05
ENSG00000241945	1.3678840501157236e-05
ENSG00000065621	1.3675023312108991e-05
ENSG00000154646	1.3670465962894657e-05
ENSG00000076685	1.3654670591773642e-05
ENSG00000147955	1.3654381509522518e-05
ENSG00000196141	1.364808489735351e-05
ENSG00000197798	1.364169779102716e-05
ENSG00000116679	1.3636895682111276e-05
ENSG00000147144	1.3636860025288672e-05
ENSG00000125457	1.3635828432031275e-05
ENSG00000121413	1.3635413141378588e-05
ENSG00000159556	1.3633229899595929e-05
ENSG00000111144	1.3630437811909952e-05
ENSG00000166682	1.3613837112139942e-05
ENSG00000087076	1.360219544901227e-05
ENSG00000288185	1.3599775426592346e-05
ENSG00000204673	1.358991082552599e-05
ENSG00000143355	1.3587218566705694e-05
ENSG00000105357	1.3571896297605314e-05
ENSG00000135297	1.356777867884911e-05
ENSG00000163069	1.3550933233773383e-05
ENSG00000159173	1.3547689623505973e-05
ENSG00000082212	1.3539879193897007e-05
ENSG00000152785	1.353458136923691e-05
ENSG00000015532	1.351252946405746e-05
ENSG00000128250	1.3507678397909054e-05
ENSG00000160213	1.3506109259538702e-05
ENSG00000144040	1.3499101774910613e-05
ENSG00000116273	1.3497730965661756e-05
ENSG00000163481	1.3494111799089907e-05
ENSG00000115042	1.3442934605996206e-05
ENSG00000157916	1.3437882398706982e-05
ENSG00000196689	1.343392140906031e-05
ENSG00000159063	1.3429445009303722e-05
ENSG00000165678	1.342317814047722e-05
ENSG00000249471	1.3422226907276225e-05
ENSG00000091732	1.3418233680758758e-05
ENSG00000133805	1.339466236944649e-05
ENSG00000157637	1.337216474021397e-05
ENSG00000178623	1.3357749886729983e-05
ENSG00000166908	1.3355850764316094e-05
ENSG00000165704	1.3353820816215719e-05
ENSG00000230900	1.3335792074711149e-05
ENSG00000087053	1.3326823383974018e-05
ENSG00000198752	1.3322540735462915e-05
ENSG00000162396	1.3310070558459953e-05
ENSG00000144711	1.329362512565518e-05
ENSG00000143196	1.327118276252176e-05
ENSG00000064652	1.3258591774749884e-05
ENSG00000110777	1.3255684722834148e-05
ENSG00000069535	1.325478238853421e-05
ENSG00000164344	1.3253283633388964e-05
ENSG00000079459	1.3251125232339458e-05
ENSG00000139370	1.3240646103442327e-05
ENSG00000111907	1.3238293655491387e-05
ENSG00000144134	1.3237209166967908e-05
ENSG00000171291	1.3231509085752101e-05
ENSG00000184845	1.3227915090293463e-05
ENSG00000143570	1.3219090667381438e-05
ENSG00000285007	1.3211635961874072e-05
ENSG00000171119	1.3203085118204006e-05
ENSG00000103253	1.3196280011763036e-05
ENSG00000278728	1.319192068921994e-05
ENSG00000123106	1.319157986890848e-05
ENSG00000213186	1.3170753611643019e-05
ENSG00000196660	1.3165391476419763e-05
ENSG00000110888	1.31580607995063e-05
ENSG00000160050	1.3154605341177461e-05
ENSG00000162413	1.3154179781719237e-05
ENSG00000173486	1.3154162444385393e-05
ENSG00000165983	1.3137272400478679e-05
ENSG00000115604	1.3127743664116485e-05
ENSG00000127663	1.310533795511987e-05
ENSG00000269404	1.3104140592843943e-05
ENSG00000197324	1.3100501691943002e-05
ENSG00000136449	1.3090275617016858e-05
ENSG00000128394	1.3088957713206033e-05
ENSG00000161692	1.3077686928256641e-05
ENSG00000179546	1.3074861473560745e-05
ENSG00000143315	1.307312133430246e-05
ENSG00000064601	1.30705477691823e-05
ENSG00000104979	1.3060962609244563e-05
ENSG00000165312	1.3056700553440921e-05
ENSG00000159640	1.3054471346371568e-05
ENSG00000108433	1.3051842672852888e-05
ENSG00000285302	1.3047033415965621e-05
ENSG00000171234	1.3027676825642596e-05
ENSG00000171603	1.3025793674877986e-05
ENSG00000182557	1.301127801388221e-05
ENSG00000169676	1.3007638989015664e-05
ENSG00000137055	1.3005641361844552e-05
ENSG00000131848	1.3000232388967286e-05
ENSG00000171522	1.2996515301600624e-05
ENSG00000168484	1.298809678211287e-05
ENSG00000144736	1.2983253236276606e-05
ENSG00000137628	1.2962671358470965e-05
ENSG00000089248	1.296069641623677e-05
ENSG00000205927	1.2958871968466812e-05
ENSG00000113722	1.2954216405264515e-05
ENSG00000128283	1.2948876937011468e-05
ENSG00000180878	1.2928433863245612e-05
ENSG00000211450	1.2925495995996061e-05
ENSG00000085998	1.2922334535351285e-05
ENSG00000153898	1.2922334535351285e-05
ENSG00000134780	1.2922334535351285e-05
ENSG00000100220	1.2916040613484873e-05
ENSG00000283741	1.2909714920879784e-05
ENSG00000151692	1.2906255556217645e-05
ENSG00000102931	1.2905034427034885e-05
ENSG00000266472	1.2899396864782234e-05
ENSG00000198492	1.2897587119562174e-05
ENSG00000186977	1.2883623874701993e-05
ENSG00000108179	1.2852633625971392e-05
ENSG00000087842	1.284842709550469e-05
ENSG00000172171	1.2848307513978982e-05
ENSG00000107104	1.2848178481907354e-05
ENSG00000167535	1.2840318899114139e-05
ENSG00000011347	1.2833711352411907e-05
ENSG00000129173	1.2832864658762618e-05
ENSG00000145919	1.2829283244329423e-05
ENSG00000125910	1.2823814447455101e-05
ENSG00000130803	1.281032554303002e-05
ENSG00000154930	1.2810049284630075e-05
ENSG00000151693	1.2809038636671305e-05
ENSG00000173818	1.2804617065800793e-05
ENSG00000100365	1.2801457349391831e-05
ENSG00000158458	1.2793509911738475e-05
ENSG00000118507	1.2782027433598737e-05
ENSG00000105771	1.2778133812243358e-05
ENSG00000204822	1.2778029064988716e-05
ENSG00000135778	1.2773271838648886e-05
ENSG00000114279	1.276581047234633e-05
ENSG00000004534	1.2765033576730982e-05
ENSG00000167964	1.2764068558227475e-05
ENSG00000285241	1.2764011209739265e-05
ENSG00000165887	1.2763789457719432e-05
ENSG00000168802	1.2757778731605394e-05
ENSG00000177380	1.2755993653306914e-05
ENSG00000101049	1.2753543085576423e-05
ENSG00000138162	1.2727030977997692e-05
ENSG00000203780	1.272398382228595e-05
ENSG00000130881	1.2702046399580888e-05
ENSG00000283802	1.2697585266121278e-05
ENSG00000160075	1.2688954747617538e-05
ENSG00000182095	1.2686415513390802e-05
ENSG00000141627	1.2684565927432718e-05
ENSG00000003436	1.2684134950501753e-05
ENSG00000283104	1.2683612583168096e-05
ENSG00000283883	1.2679500413057243e-05
ENSG00000241822	1.2678787062828553e-05
ENSG00000166068	1.2677605722763521e-05
ENSG00000152700	1.2669867230526303e-05
ENSG00000142599	1.2664409505280815e-05
ENSG00000065665	1.2648977756820468e-05
ENSG00000150045	1.2645683623320878e-05
ENSG00000149922	1.2642576728943596e-05
ENSG00000179630	1.26238509390321e-05
ENSG00000145649	1.2621661860104419e-05
ENSG00000138684	1.2603904471867737e-05
ENSG00000248098	1.2602618307413474e-05
ENSG00000173662	1.2594622435724185e-05
ENSG00000011478	1.258921981658891e-05
ENSG00000179820	1.2568570886300444e-05
ENSG00000288219	1.2565167626576505e-05
ENSG00000072954	1.256493392399967e-05
ENSG00000023909	1.2561258167859954e-05
ENSG00000116350	1.2556179912980692e-05
ENSG00000169129	1.2554986464143822e-05
ENSG00000170412	1.2545534662588043e-05
ENSG00000125898	1.2545297490507715e-05
ENSG00000161671	1.2544350008609263e-05
ENSG00000151322	1.254244800923838e-05
ENSG00000125459	1.2538177285002346e-05
ENSG00000131094	1.2533637205048964e-05
ENSG00000285199	1.2532877721957108e-05
ENSG00000169814	1.252575421412932e-05
ENSG00000163719	1.2522571646143354e-05
ENSG00000116991	1.2516542906690292e-05
ENSG00000152359	1.2514362891334347e-05
ENSG00000165006	1.251247069476432e-05
ENSG00000151923	1.2511177863787715e-05
ENSG00000110628	1.2502934621873916e-05
ENSG00000059145	1.2499252786307949e-05
ENSG00000075826	1.2497579374658796e-05
ENSG00000148690	1.2494908630445086e-05
ENSG00000147100	1.2488722846617167e-05
ENSG00000105516	1.2486212263955472e-05
ENSG00000278574	1.2484717006100527e-05
ENSG00000047849	1.247600237712363e-05
ENSG00000153064	1.2467222495580343e-05
ENSG00000197976	1.2466398214094724e-05
ENSG00000059691	1.2462664952561945e-05
ENSG00000169410	1.2458872577228273e-05
ENSG00000288362	1.2457202529162292e-05
ENSG00000146833	1.2449363485181548e-05
ENSG00000141384	1.2447141116730856e-05
ENSG00000187045	1.2435904629084863e-05
ENSG00000188257	1.2426758783942541e-05
ENSG00000187210	1.2418760490594217e-05
ENSG00000204138	1.2407702219825755e-05
ENSG00000163348	1.2386721641984813e-05
ENSG00000162222	1.2385814910414968e-05
ENSG00000118900	1.237157385518264e-05
ENSG00000169629	1.2371315093032304e-05
ENSG00000041353	1.2366312658187267e-05
ENSG00000174516	1.2366282696144053e-05
ENSG00000130717	1.2341174748700832e-05
ENSG00000159212	1.2335472407987887e-05
ENSG00000122966	1.233272862197256e-05
ENSG00000288503	1.2330137326885478e-05
ENSG00000105550	1.2327469468371651e-05
ENSG00000213221	1.2327395700594693e-05
ENSG00000119650	1.2325758773290965e-05
ENSG00000165462	1.231624189347319e-05
ENSG00000112146	1.2305496332293238e-05
ENSG00000213614	1.2303124043293993e-05
ENSG00000176422	1.2284626054726598e-05
ENSG00000206557	1.2249064869811324e-05
ENSG00000106948	1.2223698460226711e-05
ENSG00000048162	1.2221673174777564e-05
ENSG00000138587	1.2211181596137132e-05
ENSG00000150594	1.2201991069461182e-05
ENSG00000133639	1.2200695192593554e-05
ENSG00000182179	1.2200506347582612e-05
ENSG00000065154	1.2200443611238614e-05
ENSG00000148331	1.2195537710853797e-05
ENSG00000164877	1.2190662799643535e-05
ENSG00000151498	1.218017956513523e-05
ENSG00000182687	1.2176193288369088e-05
ENSG00000137409	1.2175813625041185e-05
ENSG00000189056	1.2167115292605406e-05
ENSG00000092871	1.2155216882512114e-05
ENSG00000168958	1.2147280570269553e-05
ENSG00000164331	1.2147133676725082e-05
ENSG00000106868	1.2144105700081982e-05
ENSG00000167114	1.2134495611396996e-05
ENSG00000163644	1.2124933684664456e-05
ENSG00000042493	1.2112489645561724e-05
ENSG00000169299	1.2111971591569571e-05
ENSG00000095209	1.210264323072555e-05
ENSG00000120907	1.2102039007536235e-05
ENSG00000000003	1.209957672821422e-05
ENSG00000108100	1.2097052021637201e-05
ENSG00000154620	1.2095256128167683e-05
ENSG00000106688	1.2091536041027724e-05
ENSG00000105379	1.2086228378157435e-05
ENSG00000167748	1.2085294056995993e-05
ENSG00000107959	1.208497583803066e-05
ENSG00000275122	1.2080237110561189e-05
ENSG00000152229	1.2076064680349709e-05
ENSG00000108852	1.2063949362617365e-05
ENSG00000050327	1.2052739108588911e-05
ENSG00000153233	1.2048206189109185e-05
ENSG00000005100	1.2045343899700903e-05
ENSG00000105755	1.2036328115397509e-05
ENSG00000198822	1.2028698030556707e-05
ENSG00000281540	1.202712071287046e-05
ENSG00000196092	1.2015711238956306e-05
ENSG00000136770	1.2008464475558449e-05
ENSG00000175336	1.2008371363454715e-05
ENSG00000122728	1.200506640505694e-05
ENSG00000138347	1.199786003979276e-05
ENSG00000083720	1.1989627003309964e-05
ENSG00000115616	1.1983503896464268e-05
ENSG00000160602	1.1960522014128044e-05
ENSG00000117410	1.19566152394034e-05
ENSG00000149021	1.1953968939473771e-05
ENSG00000149534	1.1951596786991549e-05
ENSG00000248487	1.1940953912819715e-05
ENSG00000159409	1.1911243768540943e-05
ENSG00000009830	1.1910325934725433e-05
ENSG00000115665	1.1906421771720794e-05
ENSG00000170633	1.1896241265774785e-05
ENSG00000091483	1.1886731760442122e-05
ENSG00000122557	1.1884691889423796e-05
ENSG00000155252	1.1852826657496204e-05
ENSG00000197343	1.1849259154633926e-05
ENSG00000069188	1.1846518426273595e-05
ENSG00000170364	1.183924157947018e-05
ENSG00000167565	1.1828250509688737e-05
ENSG00000138286	1.182801459951616e-05
ENSG00000170214	1.1819925626677384e-05
ENSG00000178473	1.181857064456177e-05
ENSG00000205352	1.1815836258208736e-05
ENSG00000135144	1.180247647882452e-05
ENSG00000117868	1.1799035952688431e-05
ENSG00000092200	1.1796062025154964e-05
ENSG00000196581	1.1789486397770138e-05
ENSG00000149798	1.1773829552452108e-05
ENSG00000160685	1.1761464325103775e-05
ENSG00000158014	1.1759465756128091e-05
ENSG00000285206	1.1740229098400838e-05
ENSG00000147324	1.1700630934170882e-05
ENSG00000110917	1.1700192982682514e-05
ENSG00000184939	1.1697916669587711e-05
ENSG00000006652	1.168789576569734e-05
ENSG00000152642	1.168293893799067e-05
ENSG00000230128	1.1679381092239935e-05
ENSG00000105251	1.1668950108510883e-05
ENSG00000011143	1.1664125310587873e-05
ENSG00000090006	1.1655819669889716e-05
ENSG00000189114	1.1611570332360462e-05
ENSG00000198650	1.1607795621854897e-05
ENSG00000070778	1.1605701462963707e-05
ENSG00000063180	1.1603007377408365e-05
ENSG00000182575	1.1587016135260189e-05
ENSG00000058799	1.1581174808813586e-05
ENSG00000137760	1.1579220706635397e-05
ENSG00000179750	1.1578019648792694e-05
ENSG00000119321	1.1576818202603366e-05
ENSG00000171295	1.1563640469670016e-05
ENSG00000154545	1.1556236239179515e-05
ENSG00000166105	1.1551646730861154e-05
ENSG00000112293	1.1551170958487128e-05
ENSG00000159322	1.1548842324300792e-05
ENSG00000283887	1.1547702592753677e-05
ENSG00000165282	1.1516045139028745e-05
ENSG00000174080	1.1503827105647913e-05
ENSG00000188211	1.1501705519823688e-05
ENSG00000134986	1.1484711730932115e-05
ENSG00000162882	1.1483228788668107e-05
ENSG00000132740	1.1475052611596192e-05
ENSG00000180573	1.1469780584504249e-05
ENSG00000130643	1.1450691114840453e-05
ENSG00000276657	1.1448318515532095e-05
ENSG00000148950	1.1435848795109802e-05
ENSG00000283024	1.1434756994969853e-05
ENSG00000023041	1.1423093866564389e-05
ENSG00000111726	1.1403032989032539e-05
ENSG00000205403	1.1399134429532095e-05
ENSG00000214113	1.1378981412919926e-05
ENSG00000063761	1.1372876553370006e-05
ENSG00000089022	1.136558674508089e-05
ENSG00000112855	1.1364209108709548e-05
ENSG00000285390	1.1359128013289304e-05
ENSG00000110171	1.1355764837703981e-05
ENSG00000163141	1.1355272908737737e-05
ENSG00000172828	1.1349406993325549e-05
ENSG00000100122	1.1316407834437584e-05
ENSG00000196431	1.1316312456750655e-05
ENSG00000137821	1.1309075202398565e-05
ENSG00000106392	1.1305477889160028e-05
ENSG00000288408	1.1297342991357088e-05
ENSG00000166987	1.1296598489995701e-05
ENSG00000154134	1.1290574819153934e-05
ENSG00000013573	1.128931758853289e-05
ENSG00000178988	1.1287457427482013e-05
ENSG00000151092	1.1287445218380762e-05
ENSG00000126562	1.1278560299608064e-05
ENSG00000158470	1.1259984090973233e-05
ENSG00000083307	1.1256467703791505e-05
ENSG00000134317	1.1256467703791505e-05
ENSG00000284468	1.1241065113472766e-05
ENSG00000162600	1.1235197598485858e-05
ENSG00000196684	1.1231778800124716e-05
ENSG00000263057	1.12113510060456e-05
ENSG00000128203	1.1211046508777442e-05
ENSG00000236515	1.1207855928557746e-05
ENSG00000254986	1.1204189765466748e-05
ENSG00000165841	1.1198424785702671e-05
ENSG00000175283	1.119707710394835e-05
ENSG00000283018	1.118486016577497e-05
ENSG00000213160	1.1170601200342463e-05
ENSG00000182544	1.1167588454777399e-05
ENSG00000105058	1.1158863024297124e-05
ENSG00000176714	1.113984755665842e-05
ENSG00000104549	1.1137443907413742e-05
ENSG00000108406	1.1130829993623272e-05
ENSG00000003056	1.1130154554124299e-05
ENSG00000197892	1.112752632408538e-05
ENSG00000138769	1.1113747162878978e-05
ENSG00000142751	1.1105886938316272e-05
ENSG00000163114	1.1103021361728133e-05
ENSG00000136935	1.1086770483007423e-05
ENSG00000126524	1.1082104059288047e-05
ENSG00000110723	1.1080593509366137e-05
ENSG00000100226	1.1079628002620557e-05
ENSG00000076662	1.1079002476469367e-05
ENSG00000173621	1.1065898431423765e-05
ENSG00000129103	1.1065580835110902e-05
ENSG00000149929	1.1057578741581696e-05
ENSG00000099864	1.1053406071597211e-05
ENSG00000173083	1.1050926486866987e-05
ENSG00000180035	1.1046629085684318e-05
ENSG00000175003	1.104211887452446e-05
ENSG00000105855	1.1019865815675686e-05
ENSG00000106927	1.10156151405653e-05
ENSG00000119950	1.1009699259741252e-05
ENSG00000256223	1.0991598779180144e-05
ENSG00000153904	1.0983566032064329e-05
ENSG00000288250	1.0982213620570087e-05
ENSG00000173762	1.0980985126589214e-05
ENSG00000282657	1.0969169778740011e-05
ENSG00000280962	1.0963483183594606e-05
ENSG00000100347	1.0963252889277065e-05
ENSG00000176896	1.0961802924192503e-05
ENSG00000113319	1.0947336091967652e-05
ENSG00000130299	1.0943265659135097e-05
ENSG00000109775	1.0938021241170384e-05
ENSG00000169271	1.0935925708164023e-05
ENSG00000187764	1.0935471071749231e-05
ENSG00000157782	1.0915458490637386e-05
ENSG00000283539	1.0906715350954439e-05
ENSG00000274247	1.0902910758097823e-05
ENSG00000275544	1.0902016192106205e-05
ENSG00000281309	1.0896258429218616e-05
ENSG00000011009	1.089477855481907e-05
ENSG00000182901	1.0869450493166309e-05
ENSG00000074527	1.0866786190642028e-05
ENSG00000184635	1.0863588415229004e-05
ENSG00000052126	1.0859713949436428e-05
ENSG00000140943	1.0856318239945586e-05
ENSG00000183520	1.0846220803742985e-05
ENSG00000183155	1.0845541002738991e-05
ENSG00000149328	1.084455029388872e-05
ENSG00000117614	1.0844165194376084e-05
ENSG00000181915	1.0839912339492283e-05
ENSG00000167196	1.0821192140969539e-05
ENSG00000101307	1.0811475724754391e-05
ENSG00000137177	1.080590922284185e-05
ENSG00000197283	1.0800516942997211e-05
ENSG00000187742	1.0787599555237812e-05
ENSG00000110031	1.0784655209307874e-05
ENSG00000054967	1.078275974579249e-05
ENSG00000114626	1.0779279607750659e-05
ENSG00000185650	1.0779256725744644e-05
ENSG00000135845	1.0772861610618489e-05
ENSG00000100294	1.0765717791544574e-05
ENSG00000141519	1.076004615773041e-05
ENSG00000155897	1.0755554523168245e-05
ENSG00000164056	1.0751689878445219e-05
ENSG00000155090	1.0750604761225351e-05
ENSG00000139970	1.075046335922749e-05
ENSG00000198783	1.0749268525972677e-05
ENSG00000165650	1.0737498908667215e-05
ENSG00000166889	1.0736829277363539e-05
ENSG00000221995	1.0735401653723034e-05
ENSG00000136828	1.0732725872700143e-05
ENSG00000012232	1.072265110300549e-05
ENSG00000244752	1.0720774116846585e-05
ENSG00000047457	1.0719482374620408e-05
ENSG00000169230	1.0717082695383597e-05
ENSG00000258890	1.0701703467662085e-05
ENSG00000184840	1.0693439304746864e-05
ENSG00000090857	1.069206842919037e-05
ENSG00000125485	1.0689686122802676e-05
ENSG00000135898	1.0680512568670497e-05
ENSG00000163273	1.0680140734469359e-05
ENSG00000101746	1.0671930848004695e-05
ENSG00000067064	1.066709336361328e-05
ENSG00000179941	1.0662550492675174e-05
ENSG00000162399	1.06610975194959e-05
ENSG00000276416	1.0614037167936721e-05
ENSG00000188735	1.0610089024505377e-05
ENSG00000108242	1.0607809356398774e-05
ENSG00000006747	1.0605175741400734e-05
ENSG00000105245	1.0600350457724354e-05
ENSG00000274145	1.0598256491037528e-05
ENSG00000124523	1.0580849967055355e-05
ENSG00000173653	1.0576987694122148e-05
ENSG00000288141	1.0575918754955859e-05
ENSG00000288292	1.0550397115069248e-05
ENSG00000168890	1.054879516284931e-05
ENSG00000169925	1.0541518578499522e-05
ENSG00000213927	1.0539262568244984e-05
ENSG00000132781	1.053618089133728e-05
ENSG00000114646	1.0532709371044585e-05
ENSG00000118242	1.0519119812136285e-05
ENSG00000132819	1.0510337379736486e-05
ENSG00000060558	1.049125375602197e-05
ENSG00000189143	1.0489716175063868e-05
ENSG00000260428	1.0484077206843063e-05
ENSG00000090971	1.0475060568210675e-05
ENSG00000122965	1.0466691757403707e-05
ENSG00000102317	1.0463492674562811e-05
ENSG00000133606	1.046131743051356e-05
ENSG00000188778	1.04447172781588e-05
ENSG00000164008	1.0440503811481258e-05
ENSG00000160868	1.042983577998666e-05
ENSG00000183878	1.0428284585980404e-05
ENSG00000123933	1.0427766165874908e-05
ENSG00000166123	1.0425850511877353e-05
ENSG00000114993	1.0424266792986299e-05
ENSG00000276175	1.0404760753339488e-05
ENSG00000280706	1.040466628820029e-05
ENSG00000173614	1.0404368828603271e-05
ENSG00000175643	1.0397843540392192e-05
ENSG00000118514	1.0396615595806718e-05
ENSG00000101544	1.039633382341296e-05
ENSG00000171606	1.039564661958115e-05
ENSG00000089127	1.0386407075661882e-05
ENSG00000117298	1.0371596189022304e-05
ENSG00000103642	1.0369890903261308e-05
ENSG00000160181	1.0365729347877831e-05
ENSG00000139874	1.0365262239137428e-05
ENSG00000158856	1.0364937776186909e-05
ENSG00000179532	1.0361245774590947e-05
ENSG00000100650	1.0348147353298556e-05
ENSG00000162526	1.0339083273235584e-05
ENSG00000117036	1.0335085511418832e-05
ENSG00000169071	1.0330842343438532e-05
ENSG00000186998	1.0327747396781842e-05
ENSG00000131435	1.0316128462925016e-05
ENSG00000185567	1.0313887224789028e-05
ENSG00000171467	1.0300002952057081e-05
ENSG00000105227	1.0298851208404374e-05
ENSG00000182810	1.0297328188555548e-05
ENSG00000183340	1.028867981714534e-05
ENSG00000121775	1.028765339649103e-05
ENSG00000159202	1.0268219106025055e-05
ENSG00000164253	1.026412675690735e-05
ENSG00000242114	1.0264023208867908e-05
ENSG00000288357	1.0251758023507974e-05
ENSG00000086232	1.0249090536723166e-05
ENSG00000087250	1.0247720313524722e-05
ENSG00000151876	1.0245251427618469e-05
ENSG00000172572	1.0240332122874006e-05
ENSG00000134020	1.0234874202613071e-05
ENSG00000127452	1.0232094170734615e-05
ENSG00000069509	1.0230588266854986e-05
ENSG00000111271	1.0229624235693548e-05
ENSG00000155545	1.0227964034801424e-05
ENSG00000101955	1.0217739319475273e-05
ENSG00000256762	1.0212805726231909e-05
ENSG00000180509	1.0211348079137393e-05
ENSG00000120437	1.0203241883161669e-05
ENSG00000046647	1.0195501654348536e-05
ENSG00000198722	1.0191290628368327e-05
ENSG00000107593	1.0173829217820768e-05
ENSG00000235233	1.0171496193299828e-05
ENSG00000171303	1.0168760717984243e-05
ENSG00000169860	1.0166104880224628e-05
ENSG00000258315	1.0148463427285973e-05
ENSG00000140945	1.0143996926427863e-05
ENSG00000065802	1.0136755353100583e-05
ENSG00000166478	1.0120491385827681e-05
ENSG00000117448	1.0113127738891194e-05
ENSG00000171865	1.0110100842957408e-05
ENSG00000132329	1.0108261208496795e-05
ENSG00000131591	1.0106728632614504e-05
ENSG00000188522	1.0102690569729792e-05
ENSG00000278415	1.0100554942513634e-05
ENSG00000163586	1.0089557129981163e-05
ENSG00000196569	1.0081754552943884e-05
ENSG00000163703	1.0074779060464864e-05
ENSG00000196109	1.0065316194807217e-05
ENSG00000173918	1.00602457880966e-05
ENSG00000197982	1.0055678764515608e-05
ENSG00000108551	1.005188448370558e-05
ENSG00000137440	1.0039570221595819e-05
ENSG00000121578	1.0029675468499913e-05
ENSG00000135392	1.0029654674224127e-05
ENSG00000283009	1.0025897201811109e-05
ENSG00000277964	1.0019388323971894e-05
ENSG00000070476	1.0015300678091749e-05
ENSG00000157823	1.0013950615743485e-05
ENSG00000156886	1.0011469975241591e-05
ENSG00000068137	1.0009200440017401e-05
ENSG00000070081	1.0005044258745162e-05
ENSG00000140280	1.0000652806471295e-05
ENSG00000170631	9.989866562554209e-06
ENSG00000198502	9.978297601473936e-06
ENSG00000197208	9.977037369292295e-06
ENSG00000179761	9.970214581304783e-06
ENSG00000130234	9.969288408686489e-06
ENSG00000182628	9.968553682925472e-06
ENSG00000161509	9.966666847849886e-06
ENSG00000140326	9.96265243876731e-06
ENSG00000151148	9.96032379071194e-06
ENSG00000149212	9.950900853774216e-06
ENSG00000282830	9.9503534150669e-06
ENSG00000129187	9.94785297216486e-06
ENSG00000122299	9.943915056954938e-06
ENSG00000138801	9.942695043451022e-06
ENSG00000188886	9.927182261315454e-06
ENSG00000163394	9.921592706868183e-06
ENSG00000171100	9.921163527565098e-06
ENSG00000162769	9.92102155609074e-06
ENSG00000196388	9.914141003229002e-06
ENSG00000162738	9.911475829330335e-06
ENSG00000070444	9.901490474552598e-06
ENSG00000146285	9.897430038633322e-06
ENSG00000112699	9.892346761694674e-06
ENSG00000092068	9.8848509889867e-06
ENSG00000168528	9.884438375669489e-06
ENSG00000119812	9.883685938445218e-06
ENSG00000277439	9.880830673012614e-06
ENSG00000101493	9.867611273141519e-06
ENSG00000232312	9.86393654829843e-06
ENSG00000099326	9.861382508120638e-06
ENSG00000103187	9.85828382903347e-06
ENSG00000242173	9.840487602371546e-06
ENSG00000005801	9.839730963148205e-06
ENSG00000176715	9.834812611080951e-06
ENSG00000157600	9.83423867318306e-06
ENSG00000156006	9.830039359434839e-06
ENSG00000147642	9.822120237799486e-06
ENSG00000106537	9.81568048519285e-06
ENSG00000160753	9.801769494525385e-06
ENSG00000140853	9.79913787709622e-06
ENSG00000114757	9.793836535798395e-06
ENSG00000142178	9.793826836471162e-06
ENSG00000109689	9.791847201261849e-06
ENSG00000103111	9.790109497022602e-06
ENSG00000181220	9.78964804190271e-06
ENSG00000168329	9.787316014875705e-06
ENSG00000280549	9.785455753323375e-06
ENSG00000162267	9.782498606594406e-06
ENSG00000184178	9.778021534762326e-06
ENSG00000154016	9.776493643446054e-06
ENSG00000213145	9.773868584456083e-06
ENSG00000166145	9.766242630640928e-06
ENSG00000133878	9.754762691700562e-06
ENSG00000230930	9.750081665066787e-06
ENSG00000138641	9.748616665036364e-06
ENSG00000108641	9.728515485186254e-06
ENSG00000148120	9.723544964510047e-06
ENSG00000162522	9.716353037332051e-06
ENSG00000136457	9.711486735001693e-06
ENSG00000166024	9.707098089651248e-06
ENSG00000065989	9.697829915934888e-06
ENSG00000114021	9.696947967162689e-06
ENSG00000133661	9.696788577259288e-06
ENSG00000007255	9.690203681973753e-06
ENSG00000225737	9.680795612286933e-06
ENSG00000285178	9.680405172219096e-06
ENSG00000197024	9.67555574338868e-06
ENSG00000240344	9.663026886039155e-06
ENSG00000185875	9.661268314859296e-06
ENSG00000134779	9.65610020926507e-06
ENSG00000186442	9.655714861839278e-06
ENSG00000185033	9.630783300929443e-06
ENSG00000084070	9.62881057964664e-06
ENSG00000176020	9.628293831510486e-06
ENSG00000158158	9.620088308710174e-06
ENSG00000159592	9.612148514606192e-06
ENSG00000100243	9.611458939547986e-06
ENSG00000029993	9.606741732773401e-06
ENSG00000124140	9.60251409903015e-06
ENSG00000186675	9.597532457873523e-06
ENSG00000165828	9.574223981558405e-06
ENSG00000104946	9.56743731982206e-06
ENSG00000003393	9.566258541080283e-06
ENSG00000176401	9.553534408385982e-06
ENSG00000189057	9.552067397064237e-06
ENSG00000074935	9.55013221717373e-06
ENSG00000114374	9.548345426701917e-06
ENSG00000239887	9.538241036208517e-06
ENSG00000183117	9.534552723652975e-06
ENSG00000214456	9.534411826161859e-06
ENSG00000280873	9.530412778245428e-06
ENSG00000101187	9.510867443652417e-06
ENSG00000099282	9.510609163212955e-06
ENSG00000183036	9.509643807029193e-06
ENSG00000130956	9.505825166378048e-06
ENSG00000037042	9.493348689740805e-06
ENSG00000104731	9.493249972036313e-06
ENSG00000144827	9.486020315021572e-06
ENSG00000100599	9.482648812444581e-06
ENSG00000120337	9.479622815489776e-06
ENSG00000283868	9.47722931920967e-06
ENSG00000102547	9.475724336353999e-06
ENSG00000233450	9.473435314008202e-06
ENSG00000109854	9.469498848573818e-06
ENSG00000120324	9.468378843604126e-06
ENSG00000159792	9.466910160227698e-06
ENSG00000117143	9.465315039965901e-06
ENSG00000239305	9.46297251419533e-06
ENSG00000176142	9.460074634378851e-06
ENSG00000243480	9.45877898277448e-06
ENSG00000110200	9.457164685825318e-06
ENSG00000142459	9.451129787373968e-06
ENSG00000163624	9.446764065145867e-06
ENSG00000013523	9.436928452958977e-06
ENSG00000132768	9.431847636057146e-06
ENSG00000100124	9.430647267134753e-06
ENSG00000186684	9.421421282896653e-06
ENSG00000139190	9.42000844768574e-06
ENSG00000117262	9.413394378216646e-06
ENSG00000180233	9.40678579236226e-06
ENSG00000166529	9.404757250371271e-06
ENSG00000276011	9.401695209717509e-06
ENSG00000160199	9.397381705800843e-06
ENSG00000124588	9.390939689262188e-06
ENSG00000187766	9.384051226761904e-06
ENSG00000242247	9.383254592664006e-06
ENSG00000283630	9.382756698145674e-06
ENSG00000185960	9.381129790774937e-06
ENSG00000163873	9.365204012478133e-06
ENSG00000161682	9.352295321229896e-06
ENSG00000129566	9.351378943012268e-06
ENSG00000187630	9.349671331564236e-06
ENSG00000074966	9.34658087610298e-06
ENSG00000107521	9.344955667399207e-06
ENSG00000185002	9.330949958541343e-06
ENSG00000170801	9.325380504596801e-06
ENSG00000167987	9.320933778417632e-06
ENSG00000151079	9.310352892233387e-06
ENSG00000213930	9.305757935638478e-06
ENSG00000187678	9.300901362478416e-06
ENSG00000137033	9.294675499387748e-06
ENSG00000184792	9.29372054593153e-06
ENSG00000099785	9.291174424774586e-06
ENSG00000274334	9.270211271688908e-06
ENSG00000124568	9.25455420315006e-06
ENSG00000162366	9.25455420315006e-06
ENSG00000197375	9.25455420315006e-06
ENSG00000198569	9.25455420315006e-06
ENSG00000253873	9.25085753924931e-06
ENSG00000113108	9.250776406590848e-06
ENSG00000169258	9.249885375187222e-06
ENSG00000181026	9.246805242544254e-06
ENSG00000013288	9.244319022002114e-06
ENSG00000185305	9.2377399493654e-06
ENSG00000214274	9.2360648712767e-06
ENSG00000099866	9.216304825253295e-06
ENSG00000149218	9.21351257729381e-06
ENSG00000233573	9.21332311997931e-06
ENSG00000136002	9.208358554768621e-06
ENSG00000284501	9.201193435880451e-06
ENSG00000204991	9.196142563216543e-06
ENSG00000006327	9.192275848977848e-06
ENSG00000059122	9.188037973035107e-06
ENSG00000146938	9.185699401430553e-06
ENSG00000227720	9.175724800429055e-06
ENSG00000163516	9.167564985757745e-06
ENSG00000058453	9.145785409659938e-06
ENSG00000154065	9.136249503764334e-06
ENSG00000181192	9.122586268644973e-06
ENSG00000119862	9.114685908640023e-06
ENSG00000237441	9.114490087223993e-06
ENSG00000285053	9.113836997418432e-06
ENSG00000133318	9.113214326114221e-06
ENSG00000132879	9.11240478295405e-06
ENSG00000168062	9.104423428074968e-06
ENSG00000131037	9.095886503054787e-06
ENSG00000223572	9.095845344827514e-06
ENSG00000241119	9.089226315867223e-06
ENSG00000248485	9.084374257344394e-06
ENSG00000017260	9.079380881943148e-06
ENSG00000100077	9.075442420252589e-06
ENSG00000178537	9.071573596262556e-06
ENSG00000165996	9.069732539934103e-06
ENSG00000175130	9.068240919520055e-06
ENSG00000074964	9.065693664119553e-06
ENSG00000076067	9.058455248727103e-06
ENSG00000198885	9.05603064363527e-06
ENSG00000068097	9.053442654322647e-06
ENSG00000156049	9.052290654617921e-06
ENSG00000169684	9.0482144974323e-06
ENSG00000164576	9.046882181685908e-06
ENSG00000111912	9.044936985778612e-06
ENSG00000196116	9.029143955682894e-06
ENSG00000188312	9.023461861103309e-06
ENSG00000106771	9.023444791230033e-06
ENSG00000166016	9.021010919021877e-06
ENSG00000169933	9.018797162420256e-06
ENSG00000120289	9.013244378393625e-06
ENSG00000120742	9.004751789299576e-06
ENSG00000141401	9.000845969714487e-06
ENSG00000136710	8.998408606686886e-06
ENSG00000280663	8.99042957133354e-06
ENSG00000165182	8.98304470605372e-06
ENSG00000122859	8.976158367378898e-06
ENSG00000197329	8.962598838720202e-06
ENSG00000184056	8.957239048886559e-06
ENSG00000167208	8.926198744690575e-06
ENSG00000120913	8.917244354869263e-06
ENSG00000262145	8.9143057148086e-06
ENSG00000175344	8.905703059152114e-06
ENSG00000269096	8.905073464495853e-06
ENSG00000164096	8.89957622513911e-06
ENSG00000133135	8.898912057088167e-06
ENSG00000117054	8.897221166666696e-06
ENSG00000108557	8.892862550218102e-06
ENSG00000124107	8.87571928299299e-06
ENSG00000171206	8.873624483141066e-06
ENSG00000172159	8.867328369497178e-06
ENSG00000026297	8.86478240937515e-06
ENSG00000167701	8.858207127293458e-06
ENSG00000139946	8.858019367038139e-06
ENSG00000169955	8.8424472511031e-06
ENSG00000158457	8.815416807251768e-06
ENSG00000277149	8.812799362637551e-06
ENSG00000135205	8.812613244935985e-06
ENSG00000181404	8.788672282035762e-06
ENSG00000162444	8.787314984981842e-06
ENSG00000250565	8.780031192579819e-06
ENSG00000151575	8.777978631008811e-06
ENSG00000134910	8.765598610851861e-06
ENSG00000166886	8.75813473791594e-06
ENSG00000062485	8.752379545988829e-06
ENSG00000169105	8.750768423861021e-06
ENSG00000066382	8.74305362018896e-06
ENSG00000187244	8.741324649004289e-06
ENSG00000198089	8.737157363405561e-06
ENSG00000102230	8.714660558628068e-06
ENSG00000118495	8.713048714488274e-06
ENSG00000106484	8.710538237368066e-06
ENSG00000084731	8.703038613020236e-06
ENSG00000083444	8.701600362981965e-06
ENSG00000146085	8.69296951050103e-06
ENSG00000113119	8.689590034903492e-06
ENSG00000166750	8.688054287626405e-06
ENSG00000168876	8.68515401765224e-06
ENSG00000197381	8.68371423446379e-06
ENSG00000090097	8.674542410321814e-06
ENSG00000100092	8.667667160724327e-06
ENSG00000135763	8.655435653243099e-06
ENSG00000198830	8.645268138190077e-06
ENSG00000166446	8.644555101578612e-06
ENSG00000164929	8.636889854199514e-06
ENSG00000185475	8.636574731011202e-06
ENSG00000162739	8.636493777612502e-06
ENSG00000155463	8.633343046954718e-06
ENSG00000144455	8.630296437117485e-06
ENSG00000139323	8.629810014085945e-06
ENSG00000136868	8.626923176303408e-06
ENSG00000135378	8.619701032080462e-06
ENSG00000284009	8.615502215109802e-06
ENSG00000162543	8.61287589235355e-06
ENSG00000198792	8.611753938607793e-06
ENSG00000119929	8.604288847859322e-06
ENSG00000143149	8.597808931499248e-06
ENSG00000156990	8.591866036578683e-06
ENSG00000070610	8.588335491600604e-06
ENSG00000178449	8.573756502182752e-06
ENSG00000137168	8.572682515233534e-06
ENSG00000143162	8.557480847417327e-06
ENSG00000081923	8.544428424791892e-06
ENSG00000138640	8.530883828050978e-06
ENSG00000167968	8.529608297394954e-06
ENSG00000081177	8.529481844375983e-06
ENSG00000171435	8.527316911368683e-06
ENSG00000197705	8.524977568109607e-06
ENSG00000124374	8.523062202085528e-06
ENSG00000146755	8.522745506751608e-06
ENSG00000144451	8.517788498743816e-06
ENSG00000156284	8.511329230041857e-06
ENSG00000189060	8.5044071316461e-06
ENSG00000125967	8.502713942288927e-06
ENSG00000282825	8.479159288160505e-06
ENSG00000103855	8.477248434010357e-06
ENSG00000107625	8.476367305651975e-06
ENSG00000184156	8.470082649848633e-06
ENSG00000250361	8.467732387238796e-06
ENSG00000117245	8.46103693021777e-06
ENSG00000163666	8.446163967037986e-06
ENSG00000157429	8.444451934313453e-06
ENSG00000136938	8.430351851898568e-06
ENSG00000141965	8.41568628414419e-06
ENSG00000141086	8.4147965788033e-06
ENSG00000177181	8.410425215416689e-06
ENSG00000139318	8.408797407252696e-06
ENSG00000276111	8.4053140012908e-06
ENSG00000089876	8.404337925012091e-06
ENSG00000177951	8.398583723849311e-06
ENSG00000169857	8.395034438186586e-06
ENSG00000135090	8.395029123468953e-06
ENSG00000179134	8.384470634531895e-06
ENSG00000172201	8.38054125876386e-06
ENSG00000112305	8.37942601045853e-06
ENSG00000169962	8.377428940737348e-06
ENSG00000008130	8.374758368666704e-06
ENSG00000198692	8.370913027671403e-06
ENSG00000111832	8.367967042081559e-06
ENSG00000115271	8.36743109403797e-06
ENSG00000198130	8.366912458246863e-06
ENSG00000198088	8.366703700529154e-06
ENSG00000164684	8.364863342417825e-06
ENSG00000185527	8.351310623641028e-06
ENSG00000119927	8.347426382378291e-06
ENSG00000175309	8.339532249713934e-06
ENSG00000234078	8.335613801683538e-06
ENSG00000111684	8.334456867387307e-06
ENSG00000166965	8.32698570792518e-06
ENSG00000178971	8.324084902210906e-06
ENSG00000169562	8.323329002828885e-06
ENSG00000001630	8.32323392114175e-06
ENSG00000168067	8.317743352092893e-06
ENSG00000176055	8.312180258140575e-06
ENSG00000137078	8.300587527137264e-06
ENSG00000152952	8.291836991551675e-06
ENSG00000147180	8.291216824867249e-06
ENSG00000113296	8.288560737646394e-06
ENSG00000067048	8.286659689610693e-06
ENSG00000147676	8.284875162259225e-06
ENSG00000128185	8.28253858031858e-06
ENSG00000167861	8.280572181727375e-06
ENSG00000184227	8.280098638838697e-06
ENSG00000186326	8.278147844737086e-06
ENSG00000110844	8.275609632489263e-06
ENSG00000130309	8.274923337470593e-06
ENSG00000185621	8.26890583874648e-06
ENSG00000064270	8.261706772250896e-06
ENSG00000175938	8.261706772250896e-06
ENSG00000156502	8.259755962884813e-06
ENSG00000141560	8.258276357704288e-06
ENSG00000125780	8.24981604037692e-06
ENSG00000129355	8.246070806170421e-06
ENSG00000174705	8.233174834844421e-06
ENSG00000167257	8.229459775809675e-06
ENSG00000100170	8.220301880986559e-06
ENSG00000281244	8.219210547867234e-06
ENSG00000104450	8.214744108614669e-06
ENSG00000176148	8.212243145408142e-06
ENSG00000176029	8.208180648290065e-06
ENSG00000116783	8.204405666609758e-06
ENSG00000187189	8.196595584070046e-06
ENSG00000130749	8.193721961026628e-06
ENSG00000119703	8.18803552000635e-06
ENSG00000163684	8.185353542837588e-06
ENSG00000104880	8.181735320247302e-06
ENSG00000111785	8.181130470387471e-06
ENSG00000198597	8.171314299932512e-06
ENSG00000183943	8.16933981412841e-06
ENSG00000111886	8.166229436965445e-06
ENSG00000088538	8.1581129545555e-06
ENSG00000143374	8.147711542718377e-06
ENSG00000169228	8.138982340388808e-06
ENSG00000135114	8.138891684582878e-06
ENSG00000104866	8.137311786180856e-06
ENSG00000101203	8.136221130365094e-06
ENSG00000176871	8.134627657596826e-06
ENSG00000184992	8.132892864989285e-06
ENSG00000170703	8.13247063638263e-06
ENSG00000184787	8.130245949430906e-06
ENSG00000175206	8.130200148085002e-06
ENSG00000163590	8.122964015293629e-06
ENSG00000171174	8.110202875579516e-06
ENSG00000170469	8.105177187184348e-06
ENSG00000049860	8.099919037206677e-06
ENSG00000145779	8.096679032492468e-06
ENSG00000101439	8.095987065162154e-06
ENSG00000062524	8.095831543217123e-06
ENSG00000116922	8.094924556128621e-06
ENSG00000161277	8.094914624419142e-06
ENSG00000079335	8.093420562462131e-06
ENSG00000157368	8.073555580673847e-06
ENSG00000065882	8.055628069242271e-06
ENSG00000090612	8.054500686738835e-06
ENSG00000183798	8.048114335502762e-06
ENSG00000134324	8.0457388290269e-06
ENSG00000288169	8.038427415341154e-06
ENSG00000164086	8.037159898994342e-06
ENSG00000075239	8.03209747367746e-06
ENSG00000157150	8.03154708098429e-06
ENSG00000174007	8.026845052998993e-06
ENSG00000079337	8.025453813097492e-06
ENSG00000135686	8.009378953297457e-06
ENSG00000129673	8.002653622239055e-06
ENSG00000171773	7.999731470599624e-06
ENSG00000153885	7.996282644479137e-06
ENSG00000130940	7.987736125704694e-06
ENSG00000268447	7.984418168368647e-06
ENSG00000187288	7.981285362863119e-06
ENSG00000172922	7.981095195404858e-06
ENSG00000140848	7.976837735802904e-06
ENSG00000164011	7.975856767885698e-06
ENSG00000282269	7.973290000848513e-06
ENSG00000164485	7.968465496413394e-06
ENSG00000133134	7.96813989741014e-06
ENSG00000176894	7.96114755825083e-06
ENSG00000143862	7.960558907976248e-06
ENSG00000116525	7.943903139336291e-06
ENSG00000172179	7.938654910893519e-06
ENSG00000183715	7.932102912323126e-06
ENSG00000137714	7.924275659466693e-06
ENSG00000232062	7.923142014550493e-06
ENSG00000196372	7.922281830447173e-06
ENSG00000285182	7.921050257232459e-06
ENSG00000197818	7.914894048861754e-06
ENSG00000083099	7.913592735548295e-06
ENSG00000188883	7.908189973625014e-06
ENSG00000140450	7.905592345595796e-06
ENSG00000079332	7.90146597917047e-06
ENSG00000170430	7.898809671824173e-06
ENSG00000131373	7.879824758723794e-06
ENSG00000101654	7.87729952471674e-06
ENSG00000284320	7.877298366488455e-06
ENSG00000130764	7.868795678037416e-06
ENSG00000006282	7.867742569274932e-06
ENSG00000121068	7.86651496407131e-06
ENSG00000117519	7.857812990113689e-06
ENSG00000188690	7.843212905343721e-06
ENSG00000275410	7.84093948750136e-06
ENSG00000131115	7.836263648377043e-06
ENSG00000138375	7.833214273814357e-06
ENSG00000215788	7.810061284330824e-06
ENSG00000198183	7.806269723214759e-06
ENSG00000099957	7.805448781545868e-06
ENSG00000288307	7.795756925591401e-06
ENSG00000124098	7.791285284919071e-06
ENSG00000151552	7.786986082378726e-06
ENSG00000139211	7.784173846417395e-06
ENSG00000105339	7.780949390011136e-06
ENSG00000146469	7.770595627878103e-06
ENSG00000167778	7.759242838626715e-06
ENSG00000123352	7.759185215952414e-06
ENSG00000010438	7.75113133803714e-06
ENSG00000164326	7.742312203114008e-06
ENSG00000100505	7.740562661777603e-06
ENSG00000108039	7.739321799135258e-06
ENSG00000130005	7.730076197793627e-06
ENSG00000085788	7.72998487579283e-06
ENSG00000050730	7.72643476175688e-06
ENSG00000288504	7.722579993368731e-06
ENSG00000229493	7.708511545523908e-06
ENSG00000020129	7.698704966953867e-06
ENSG00000159784	7.698704966953867e-06
ENSG00000102309	7.696849476681535e-06
ENSG00000115652	7.69566002963598e-06
ENSG00000110057	7.68672739760817e-06
ENSG00000281665	7.685856976599688e-06
ENSG00000120053	7.678265160628992e-06
ENSG00000162694	7.672004125574113e-06
ENSG00000133193	7.668165685337363e-06
ENSG00000137707	7.666876791222397e-06
ENSG00000176022	7.662763314545166e-06
ENSG00000154274	7.662356588422583e-06
ENSG00000158571	7.653447724365218e-06
ENSG00000170890	7.64992561743093e-06
ENSG00000131242	7.644852504401822e-06
ENSG00000165434	7.644607811114905e-06
ENSG00000012171	7.635739652569452e-06
ENSG00000137501	7.619296511177212e-06
ENSG00000159433	7.617978801109423e-06
ENSG00000090924	7.614573583957942e-06
ENSG00000132465	7.614425765046469e-06
ENSG00000148584	7.612730195527503e-06
ENSG00000109501	7.610841784488901e-06
ENSG00000130038	7.606096621302061e-06
ENSG00000088812	7.596943030739037e-06
ENSG00000080845	7.590099463871774e-06
ENSG00000149547	7.578506687853164e-06
ENSG00000243364	7.577810250189815e-06
ENSG00000164465	7.572831542075801e-06
ENSG00000158764	7.572803598251327e-06
ENSG00000005882	7.5671807728563675e-06
ENSG00000226916	7.5619238626685164e-06
ENSG00000285344	7.555653575905024e-06
ENSG00000143545	7.5489622602891414e-06
ENSG00000108479	7.541147394390045e-06
ENSG00000065911	7.533834760393649e-06
ENSG00000153132	7.530611317537868e-06
ENSG00000129472	7.5294601629953075e-06
ENSG00000137960	7.521631080468936e-06
ENSG00000108861	7.520854345598697e-06
ENSG00000089335	7.511837202698681e-06
ENSG00000275051	7.507740065332522e-06
ENSG00000171314	7.503019449529765e-06
ENSG00000108961	7.503014459983835e-06
ENSG00000198840	7.495476768003276e-06
ENSG00000242386	7.494970791212326e-06
ENSG00000133313	7.481552390129229e-06
ENSG00000171428	7.4753676228924484e-06
ENSG00000281857	7.467011135841186e-06
ENSG00000170049	7.463045020729814e-06
ENSG00000120158	7.462025393947602e-06
ENSG00000081181	7.434400583676875e-06
ENSG00000163157	7.432644711239669e-06
ENSG00000110218	7.427073216132371e-06
ENSG00000138669	7.412568714207158e-06
ENSG00000083123	7.407992299862561e-06
ENSG00000281178	7.40344628835712e-06
ENSG00000109586	7.394547387670707e-06
ENSG00000197563	7.393897071887038e-06
ENSG00000159200	7.393151656712104e-06
ENSG00000145692	7.39087325401731e-06
ENSG00000148926	7.3846272677886795e-06
ENSG00000149743	7.380776917758386e-06
ENSG00000042088	7.374247658392638e-06
ENSG00000121851	7.37348675722802e-06
ENSG00000099937	7.362771565633366e-06
ENSG00000284228	7.360901455543497e-06
ENSG00000137073	7.3558699486792645e-06
ENSG00000155629	7.352655080079689e-06
ENSG00000180817	7.3475145516677986e-06
ENSG00000174428	7.338227575070467e-06
ENSG00000071575	7.331362250735634e-06
ENSG00000172059	7.331055804858075e-06
ENSG00000154639	7.326204931919848e-06
ENSG00000243943	7.315049062448296e-06
ENSG00000171385	7.31062175495147e-06
ENSG00000109738	7.308902595140856e-06
ENSG00000160993	7.30012355320327e-06
ENSG00000168546	7.294794055890622e-06
ENSG00000275003	7.29475841691977e-06
ENSG00000169193	7.293429306186595e-06
ENSG00000119673	7.28904705215131e-06
ENSG00000115486	7.2775749579383525e-06
ENSG00000136147	7.274478206461509e-06
ENSG00000172331	7.273921287301224e-06
ENSG00000144591	7.26390719886869e-06
ENSG00000205730	7.24589856285786e-06
ENSG00000159873	7.233476474667031e-06
ENSG00000130783	7.2206763932556265e-06
ENSG00000277140	7.216066833792784e-06
ENSG00000133121	7.2095358877297075e-06
ENSG00000014257	7.2013426857087105e-06
ENSG00000112679	7.193244697503654e-06
ENSG00000136161	7.1889143718141075e-06
ENSG00000163864	7.1848797795671835e-06
ENSG00000008853	7.181233729625809e-06
ENSG00000163814	7.178886920042866e-06
ENSG00000069943	7.178314969462672e-06
ENSG00000164687	7.174792364106792e-06
ENSG00000125449	7.173655484486753e-06
ENSG00000049239	7.165722864404683e-06
ENSG00000091317	7.165534005712183e-06
ENSG00000171219	7.165462548921827e-06
ENSG00000141526	7.16024291407577e-06
ENSG00000061656	7.156598162013998e-06
ENSG00000157322	7.155102537769381e-06
ENSG00000127952	7.154132386079271e-06
ENSG00000205810	7.1447361037746885e-06
ENSG00000167772	7.143063871813741e-06
ENSG00000198934	7.142423604378263e-06
ENSG00000132196	7.1369049105328375e-06
ENSG00000086548	7.132406075243253e-06
ENSG00000175376	7.125889525455936e-06
ENSG00000009950	7.122931606048991e-06
ENSG00000142686	7.1192662353619535e-06
ENSG00000028310	7.11457170992943e-06
ENSG00000170088	7.111798811755709e-06
ENSG00000169682	7.109948572488318e-06
ENSG00000138193	7.109341637639311e-06
ENSG00000102683	7.109138724080984e-06
ENSG00000198576	7.105471545008938e-06
ENSG00000139725	7.10512913247297e-06
ENSG00000119888	7.1006396826839994e-06
ENSG00000086102	7.091153384753646e-06
ENSG00000114023	7.08596486500468e-06
ENSG00000143061	7.076909383754514e-06
ENSG00000066322	7.074284973335332e-06
ENSG00000036565	7.0720210762747724e-06
ENSG00000128652	7.060286562294185e-06
ENSG00000159921	7.054865179607868e-06
ENSG00000131089	7.054446537971757e-06
ENSG00000109158	7.052353013984722e-06
ENSG00000054277	7.051319025531124e-06
ENSG00000272398	7.046739943096224e-06
ENSG00000109099	7.0452055671623e-06
ENSG00000114026	7.03990397111379e-06
ENSG00000247626	7.033776130198438e-06
ENSG00000168026	7.027200319377892e-06
ENSG00000163499	7.023624201130206e-06
ENSG00000253276	7.018345380197569e-06
ENSG00000178163	7.018345380197569e-06
ENSG00000135540	7.011259231754929e-06
ENSG00000136872	7.0025484977308255e-06
ENSG00000173852	6.999539875074291e-06
ENSG00000206561	6.9972860794830255e-06
ENSG00000125384	6.997149668980116e-06
ENSG00000131979	6.993650757278502e-06
ENSG00000165355	6.992859030209423e-06
ENSG00000114054	6.98009212690953e-06
ENSG00000147533	6.9798295606309e-06
ENSG00000183837	6.972480371783694e-06
ENSG00000116791	6.972465936154702e-06
ENSG00000128011	6.966620300895053e-06
ENSG00000040633	6.9628017997113865e-06
ENSG00000169877	6.9623199850438045e-06
ENSG00000205581	6.954177776748776e-06
ENSG00000130529	6.9368442386455644e-06
ENSG00000151445	6.936819769599707e-06
ENSG00000258102	6.933717978284669e-06
ENSG00000183255	6.930301140916745e-06
ENSG00000171357	6.9295773768882316e-06
ENSG00000275618	6.927521961403646e-06
ENSG00000267534	6.924548573343814e-06
ENSG00000106785	6.922728486146462e-06
ENSG00000161526	6.921358802912976e-06
ENSG00000187908	6.9196376642620026e-06
ENSG00000100276	6.909506210728664e-06
ENSG00000063176	6.898515797620741e-06
ENSG00000012817	6.894602331040324e-06
ENSG00000187147	6.894390290186949e-06
ENSG00000143147	6.888420096953966e-06
ENSG00000116353	6.878990517716938e-06
ENSG00000214819	6.875526922300499e-06
ENSG00000177548	6.8725449333468965e-06
ENSG00000143457	6.868988633296621e-06
ENSG00000167378	6.862300566374867e-06
ENSG00000184492	6.8621731043426926e-06
ENSG00000125841	6.85930182950863e-06
ENSG00000122574	6.844087610706598e-06
ENSG00000162032	6.839528604906722e-06
ENSG00000188321	6.834318745396729e-06
ENSG00000127743	6.824012378994256e-06
ENSG00000178425	6.822711020544622e-06
ENSG00000100053	6.819464644472324e-06
ENSG00000166450	6.809916477302849e-06
ENSG00000198931	6.807897075137339e-06
ENSG00000100221	6.807177459575608e-06
ENSG00000197444	6.792263168703297e-06
ENSG00000103966	6.785911405070578e-06
ENSG00000147041	6.784019913192098e-06
ENSG00000150510	6.77332166408463e-06
ENSG00000285451	6.770974727542339e-06
ENSG00000188643	6.767578223408532e-06
ENSG00000148411	6.7636924215913955e-06
ENSG00000160908	6.762525436618666e-06
ENSG00000263090	6.744425400895341e-06
ENSG00000196981	6.731702113838784e-06
ENSG00000215271	6.7295295895309365e-06
ENSG00000138231	6.721981724415496e-06
ENSG00000189334	6.721253719750387e-06
ENSG00000170855	6.720862541017094e-06
ENSG00000288293	6.717422670617863e-06
ENSG00000120278	6.714766767443382e-06
ENSG00000139977	6.713178563470243e-06
ENSG00000176410	6.710429882728012e-06
ENSG00000254470	6.70064608047332e-06
ENSG00000186918	6.694804636555621e-06
ENSG00000282880	6.693763279724934e-06
ENSG00000113272	6.691203018804654e-06
ENSG00000113100	6.687485399891705e-06
ENSG00000124257	6.687485399891705e-06
ENSG00000234616	6.687485399891705e-06
ENSG00000257591	6.6654854151725255e-06
ENSG00000281661	6.656823271584469e-06
ENSG00000262327	6.65398395338896e-06
ENSG00000278488	6.6493787454227775e-06
ENSG00000196683	6.645285861951389e-06
ENSG00000074582	6.6452203396162085e-06
ENSG00000139636	6.6449449421301655e-06
ENSG00000133619	6.64359726496257e-06
ENSG00000166562	6.635606122737238e-06
ENSG00000277443	6.629668211481155e-06
ENSG00000064763	6.628839302457174e-06
ENSG00000167107	6.626131514678338e-06
ENSG00000256771	6.617834094636929e-06
ENSG00000077147	6.610413963482488e-06
ENSG00000095539	6.602439640024122e-06
ENSG00000100865	6.601478187446083e-06
ENSG00000091640	6.600298718173787e-06
ENSG00000215193	6.5996912756273e-06
ENSG00000150687	6.599649317169551e-06
ENSG00000133863	6.598242038080746e-06
ENSG00000164270	6.593557901009369e-06
ENSG00000054690	6.585989421067873e-06
ENSG00000168734	6.57248361705152e-06
ENSG00000182359	6.564248712228777e-06
ENSG00000236279	6.560976579143766e-06
ENSG00000274736	6.555814024727205e-06
ENSG00000009765	6.552752445542361e-06
ENSG00000167646	6.550370090089708e-06
ENSG00000110025	6.549644629635198e-06
ENSG00000280627	6.549365508408943e-06
ENSG00000120942	6.543902693179859e-06
ENSG00000171209	6.5414635370098935e-06
ENSG00000274286	6.538570524188545e-06
ENSG00000163870	6.531733306516554e-06
ENSG00000164674	6.531664271597085e-06
ENSG00000278495	6.531587339348522e-06
ENSG00000166192	6.526007128888491e-06
ENSG00000136010	6.50637144562669e-06
ENSG00000186564	6.501459327837051e-06
ENSG00000148339	6.501320358623049e-06
ENSG00000163794	6.5010701024535096e-06
ENSG00000169131	6.4952196847137505e-06
ENSG00000183336	6.489262863648781e-06
ENSG00000242726	6.483169411446881e-06
ENSG00000164099	6.475938539052541e-06
ENSG00000144366	6.472023218574601e-06
ENSG00000143942	6.471379123325165e-06
ENSG00000277236	6.471361060917172e-06
ENSG00000131171	6.4632110855499544e-06
ENSG00000115221	6.456486700961282e-06
ENSG00000125740	6.445046597477169e-06
ENSG00000092529	6.443586746909108e-06
ENSG00000155368	6.439408652390448e-06
ENSG00000125166	6.429917791892595e-06
ENSG00000108602	6.426868377241253e-06
ENSG00000118418	6.413513788595632e-06
ENSG00000182952	6.413513788595632e-06
ENSG00000165917	6.410090423097371e-06
ENSG00000135334	6.40837669405354e-06
ENSG00000159788	6.403929304851929e-06
ENSG00000198369	6.402323645569453e-06
ENSG00000205362	6.381641381588883e-06
ENSG00000285465	6.370602276130653e-06
ENSG00000162341	6.358097306389262e-06
ENSG00000198753	6.353966159902887e-06
ENSG00000114735	6.351465070785588e-06
ENSG00000175879	6.33780339615195e-06
ENSG00000162627	6.333330149137819e-06
ENSG00000231314	6.319954214053252e-06
ENSG00000182512	6.318235476816129e-06
ENSG00000172794	6.318022990079436e-06
ENSG00000155465	6.3139237558132614e-06
ENSG00000171302	6.307340641828137e-06
ENSG00000179299	6.305759411139366e-06
ENSG00000132357	6.305746789367127e-06
ENSG00000150893	6.305439054834229e-06
ENSG00000110975	6.298884704012085e-06
ENSG00000163072	6.296728810422728e-06
ENSG00000127124	6.295225922656725e-06
ENSG00000166801	6.294230071343158e-06
ENSG00000101323	6.293389404792292e-06
ENSG00000288295	6.290133971019126e-06
ENSG00000128285	6.287342349038876e-06
ENSG00000244509	6.283473190773036e-06
ENSG00000188095	6.278588046768548e-06
ENSG00000185813	6.278361932616761e-06
ENSG00000164128	6.276673791099143e-06
ENSG00000176155	6.2724044958801e-06
ENSG00000095380	6.27032798651798e-06
ENSG00000177106	6.2630598894520554e-06
ENSG00000274619	6.259176216720288e-06
ENSG00000140057	6.257739074052291e-06
ENSG00000100321	6.257260463443041e-06
ENSG00000129028	6.25710562895962e-06
ENSG00000150540	6.252331097055946e-06
ENSG00000240857	6.248657793160253e-06
ENSG00000167202	6.247889522021928e-06
ENSG00000164708	6.234259359856227e-06
ENSG00000235443	6.227736141099863e-06
ENSG00000154640	6.225097527356185e-06
ENSG00000116337	6.225023910876207e-06
ENSG00000074416	6.224474423704469e-06
ENSG00000165443	6.21936931493457e-06
ENSG00000171033	6.2190133276207725e-06
ENSG00000160191	6.216945915568156e-06
ENSG00000110108	6.21325872513149e-06
ENSG00000281123	6.208754772242798e-06
ENSG00000006534	6.205426761752584e-06
ENSG00000138600	6.190405699280142e-06
ENSG00000187792	6.1897073478828835e-06
ENSG00000087085	6.185703825984993e-06
ENSG00000198551	6.1805198884704875e-06
ENSG00000119280	6.1654109299255085e-06
ENSG00000175946	6.148779086177395e-06
ENSG00000121690	6.1468539050635626e-06
ENSG00000108733	6.1457625731577296e-06
ENSG00000227315	6.144266840908631e-06
ENSG00000138650	6.139287447078449e-06
ENSG00000109618	6.133070658614205e-06
ENSG00000196975	6.13088897489233e-06
ENSG00000111701	6.127160839004533e-06
ENSG00000237056	6.125205198032268e-06
ENSG00000196214	6.118828577980802e-06
ENSG00000183605	6.118411454647829e-06
ENSG00000084090	6.112864983832187e-06
ENSG00000182795	6.103134953870706e-06
ENSG00000158477	6.094509309175251e-06
ENSG00000158488	6.094509309175251e-06
ENSG00000136240	6.0907188218320756e-06
ENSG00000141429	6.087346614757787e-06
ENSG00000143401	6.086850506594457e-06
ENSG00000187193	6.083160871969252e-06
ENSG00000138115	6.08161488960951e-06
ENSG00000196449	6.0799792686799015e-06
ENSG00000262860	6.0745683544385255e-06
ENSG00000185361	6.072538379289768e-06
ENSG00000039537	6.071743819641935e-06
ENSG00000172840	6.0680273836995e-06
ENSG00000124615	6.060447375968916e-06
ENSG00000167531	6.060118763255684e-06
ENSG00000124767	6.056365581271654e-06
ENSG00000187676	6.0550965154395025e-06
ENSG00000149516	6.047466377624117e-06
ENSG00000196387	6.046617901849695e-06
ENSG00000100412	6.045320438889975e-06
ENSG00000060971	6.042066993442229e-06
ENSG00000103647	6.036403337829318e-06
ENSG00000135108	6.0344524622371854e-06
ENSG00000137509	6.030118073880995e-06
ENSG00000104804	6.029885614567171e-06
ENSG00000163354	6.0176931525758136e-06
ENSG00000035115	6.001625370886781e-06
ENSG00000082146	5.999714476675613e-06
ENSG00000125746	5.986487068615971e-06
ENSG00000285226	5.985763117911512e-06
ENSG00000110063	5.979026445233427e-06
ENSG00000019144	5.978499915265613e-06
ENSG00000124102	5.974941647325913e-06
ENSG00000132911	5.96612960844954e-06
ENSG00000171596	5.96612960844954e-06
ENSG00000243056	5.964304358824704e-06
ENSG00000138435	5.961701749238927e-06
ENSG00000143740	5.9535398260915195e-06
ENSG00000159882	5.9478586095026805e-06
ENSG00000005469	5.947693896148916e-06
ENSG00000106638	5.946425861145816e-06
ENSG00000164743	5.94568673736721e-06
ENSG00000187713	5.942834431385483e-06
ENSG00000110076	5.9425012931611436e-06
ENSG00000188315	5.940301413663939e-06
ENSG00000151689	5.936048116256214e-06
ENSG00000180251	5.9286459573270395e-06
ENSG00000128973	5.918898066671527e-06
ENSG00000107745	5.918587601827454e-06
ENSG00000177030	5.915382731802948e-06
ENSG00000142765	5.914605410868772e-06
ENSG00000131142	5.909251883394371e-06
ENSG00000180720	5.895226929446792e-06
ENSG00000182318	5.891867364082314e-06
ENSG00000213015	5.888023151366526e-06
ENSG00000131067	5.887534065079947e-06
ENSG00000237165	5.882584440742179e-06
ENSG00000159267	5.876583655843892e-06
ENSG00000112303	5.875622620820732e-06
ENSG00000171714	5.866936006725657e-06
ENSG00000154146	5.841224628767355e-06
ENSG00000125629	5.838947966762134e-06
ENSG00000121797	5.83743695004242e-06
ENSG00000102007	5.83333085858497e-06
ENSG00000056998	5.831360829624183e-06
ENSG00000186439	5.824900315626786e-06
ENSG00000073803	5.824459428966425e-06
ENSG00000105711	5.815670595727081e-06
ENSG00000122852	5.7984614494231e-06
ENSG00000143420	5.791214222975416e-06
ENSG00000239961	5.7773144998979065e-06
ENSG00000123472	5.775572719338779e-06
ENSG00000196860	5.771109175810481e-06
ENSG00000004139	5.770174363395643e-06
ENSG00000166326	5.769429375419512e-06
ENSG00000007001	5.766436669971956e-06
ENSG00000164347	5.761015727821104e-06
ENSG00000185189	5.7510882013861815e-06
ENSG00000156398	5.7497647408126e-06
ENSG00000171307	5.742096029927356e-06
ENSG00000171469	5.7354611325897835e-06
ENSG00000170684	5.728098302984128e-06
ENSG00000104774	5.7050244716958985e-06
ENSG00000179163	5.700396085253123e-06
ENSG00000149084	5.6952368139960884e-06
ENSG00000096092	5.692410519581327e-06
ENSG00000126217	5.683637537636232e-06
ENSG00000240184	5.683026016168133e-06
ENSG00000280165	5.683026016168133e-06
ENSG00000125246	5.682997647090453e-06
ENSG00000135469	5.682417654283497e-06
ENSG00000124831	5.67376922873861e-06
ENSG00000205758	5.6676540082811e-06
ENSG00000284868	5.665816481703601e-06
ENSG00000237172	5.65567335039953e-06
ENSG00000282992	5.65567335039953e-06
ENSG00000124440	5.649058457020965e-06
ENSG00000166311	5.64343326413153e-06
ENSG00000119326	5.641981899099405e-06
ENSG00000198075	5.6405840392447214e-06
ENSG00000120341	5.640014619163268e-06
ENSG00000285343	5.6383069321575515e-06
ENSG00000114923	5.636062770550119e-06
ENSG00000168924	5.634953446455648e-06
ENSG00000166133	5.6286909695107504e-06
ENSG00000114988	5.623880934394677e-06
ENSG00000019169	5.618888314237953e-06
ENSG00000177054	5.612211571995105e-06
ENSG00000167434	5.605639573313882e-06
ENSG00000181873	5.6045235493939026e-06
ENSG00000121289	5.595317540657624e-06
ENSG00000085377	5.592048546987851e-06
ENSG00000127561	5.582502038561767e-06
ENSG00000235588	5.579187569312296e-06
ENSG00000213390	5.579077867931011e-06
ENSG00000067221	5.572590439410923e-06
ENSG00000161911	5.572173332805542e-06
ENSG00000147647	5.56101929492355e-06
ENSG00000151014	5.559015985593182e-06
ENSG00000135632	5.558653299762351e-06
ENSG00000154814	5.558582388101227e-06
ENSG00000101474	5.5550560607858e-06
ENSG00000151806	5.548022044049019e-06
ENSG00000011376	5.547089354264813e-06
ENSG00000187959	5.52908630280374e-06
ENSG00000122481	5.52279349078808e-06
ENSG00000125861	5.520939820464804e-06
ENSG00000169704	5.511062744300875e-06
ENSG00000198937	5.498338833075955e-06
ENSG00000121236	5.49579907581088e-06
ENSG00000213246	5.489529797926622e-06
ENSG00000143891	5.4889323013590296e-06
ENSG00000102024	5.46494823301052e-06
ENSG00000109089	5.461548426045583e-06
ENSG00000049769	5.450952340131027e-06
ENSG00000089177	5.450502436685483e-06
ENSG00000187475	5.449644662372739e-06
ENSG00000166006	5.4331015826398315e-06
ENSG00000186583	5.427868375867683e-06
ENSG00000255501	5.414348412181086e-06
ENSG00000198881	5.4128334071674184e-06
ENSG00000177082	5.409012148585575e-06
ENSG00000228278	5.408726456235216e-06
ENSG00000174944	5.40734449073786e-06
ENSG00000266074	5.407033385048629e-06
ENSG00000091704	5.403338629433087e-06
ENSG00000100359	5.401900337532836e-06
ENSG00000259431	5.400514632336994e-06
ENSG00000125144	5.391363916380718e-06
ENSG00000205358	5.391363916380718e-06
ENSG00000102870	5.39098152688997e-06
ENSG00000105968	5.38805248471204e-06
ENSG00000184515	5.360089902842883e-06
ENSG00000213347	5.359282764580042e-06
ENSG00000096070	5.352727694901819e-06
ENSG00000140993	5.352316710223683e-06
ENSG00000102385	5.350408412819866e-06
ENSG00000162783	5.3465709023164145e-06
ENSG00000274958	5.3453578704610506e-06
ENSG00000068745	5.341842323089185e-06
ENSG00000087008	5.330822947562795e-06
ENSG00000110851	5.325486538163981e-06
ENSG00000174652	5.3251285333552695e-06
ENSG00000125846	5.324114127372187e-06
ENSG00000158805	5.3221382936487825e-06
ENSG00000181481	5.318929806919473e-06
ENSG00000149418	5.317044479708327e-06
ENSG00000279116	5.313454952564997e-06
ENSG00000274780	5.3122785717467445e-06
ENSG00000144681	5.306314159312388e-06
ENSG00000104472	5.298974174043612e-06
ENSG00000143858	5.2973995879213e-06
ENSG00000121104	5.295721323488105e-06
ENSG00000128274	5.284860289989402e-06
ENSG00000177842	5.283348712415496e-06
ENSG00000229809	5.283348712415496e-06
ENSG00000167600	5.2826827678491684e-06
ENSG00000143845	5.280504893373157e-06
ENSG00000186815	5.280281357649716e-06
ENSG00000100304	5.277877641956646e-06
ENSG00000155275	5.277212820173092e-06
ENSG00000244617	5.271821652832727e-06
ENSG00000135074	5.2645519843226694e-06
ENSG00000198908	5.259687939090222e-06
ENSG00000116691	5.256588915074018e-06
ENSG00000157014	5.2509282342187045e-06
ENSG00000182054	5.249222481404983e-06
ENSG00000081248	5.246426186419342e-06
ENSG00000163472	5.241372374691018e-06
ENSG00000169762	5.237728345964844e-06
ENSG00000103248	5.232285188674281e-06
ENSG00000177383	5.216162116448955e-06
ENSG00000243708	5.212736943285782e-06
ENSG00000171462	5.2038704092607404e-06
ENSG00000114902	5.2028728205778025e-06
ENSG00000112294	5.200883773636848e-06
ENSG00000160752	5.19734627414474e-06
ENSG00000176095	5.194405529159745e-06
ENSG00000105707	5.191738566443625e-06
ENSG00000146733	5.188148322635018e-06
ENSG00000134077	5.183525018006348e-06
ENSG00000198736	5.181300855694275e-06
ENSG00000090975	5.172299714409384e-06
ENSG00000099904	5.165805424962047e-06
ENSG00000168297	5.160250615045629e-06
ENSG00000146072	5.149216236356597e-06
ENSG00000142669	5.144452840583423e-06
ENSG00000150403	5.144452840583423e-06
ENSG00000103876	5.144452840583423e-06
ENSG00000110011	5.144452840583423e-06
ENSG00000137463	5.144452840583423e-06
ENSG00000165973	5.144452840583423e-06
ENSG00000122335	5.144452840583423e-06
ENSG00000204179	5.144452840583423e-06
ENSG00000086730	5.137914334485349e-06
ENSG00000284841	5.125296135223956e-06
ENSG00000165655	5.1225146433841925e-06
ENSG00000182791	5.122293017580828e-06
ENSG00000109929	5.1209995809672374e-06
ENSG00000168925	5.118134812785134e-06
ENSG00000184828	5.118091192517114e-06
ENSG00000121350	5.11788413309977e-06
ENSG00000188997	5.115755908008863e-06
ENSG00000185272	5.1135673220122425e-06
ENSG00000179833	5.112297907165654e-06
ENSG00000185252	5.112297907165654e-06
ENSG00000168795	5.109139907407919e-06
ENSG00000048991	5.105768239240574e-06
ENSG00000106560	5.10497544648531e-06
ENSG00000257594	5.103582201217262e-06
ENSG00000185432	5.100477267836e-06
ENSG00000164048	5.086260296461807e-06
ENSG00000165238	5.0823978186877265e-06
ENSG00000198643	5.081386691524191e-06
ENSG00000106077	5.066488904334977e-06
ENSG00000285377	5.063868288584669e-06
ENSG00000175198	5.059277257149329e-06
ENSG00000113761	5.056472492222608e-06
ENSG00000166171	5.055463228500674e-06
ENSG00000266964	5.051776918252674e-06
ENSG00000076555	5.047493020668133e-06
ENSG00000111885	5.044619869996146e-06
ENSG00000169594	5.043499709062016e-06
ENSG00000132478	5.0320349081964035e-06
ENSG00000153823	5.027285726344216e-06
ENSG00000166387	5.0256088109838815e-06
ENSG00000136870	5.025550048350734e-06
ENSG00000213934	5.018667409977576e-06
ENSG00000125434	5.002744429271425e-06
ENSG00000177096	5.0018072968012545e-06
ENSG00000164713	5.000903046225137e-06
ENSG00000132669	4.997997082269158e-06
ENSG00000198805	4.9921862959248255e-06
ENSG00000148677	4.990014059083922e-06
ENSG00000136643	4.988978312072357e-06
ENSG00000130559	4.986255190726756e-06
ENSG00000147912	4.985180119914505e-06
ENSG00000155026	4.983921216592091e-06
ENSG00000109511	4.982164926062667e-06
ENSG00000116218	4.981090910602548e-06
ENSG00000198182	4.978669528254363e-06
ENSG00000161791	4.967202101253161e-06
ENSG00000183762	4.963666166934712e-06
ENSG00000166548	4.963666166934712e-06
ENSG00000180855	4.956892842483511e-06
ENSG00000072134	4.948243656135776e-06
ENSG00000143507	4.946500559624298e-06
ENSG00000163933	4.939261551914876e-06
ENSG00000173467	4.938164594681703e-06
ENSG00000116138	4.9275641036517994e-06
ENSG00000170525	4.922821992267084e-06
ENSG00000171169	4.918769222320519e-06
ENSG00000125999	4.916134983556329e-06
ENSG00000100344	4.91542960760857e-06
ENSG00000241878	4.913500434773325e-06
ENSG00000166454	4.913237754648303e-06
ENSG00000278284	4.908169874182143e-06
ENSG00000197893	4.901220549470774e-06
ENSG00000273607	4.90121203416479e-06
ENSG00000132640	4.897365755942387e-06
ENSG00000163545	4.894568685925273e-06
ENSG00000071205	4.893645721614459e-06
ENSG00000145949	4.8906243374745865e-06
ENSG00000266714	4.890239923722723e-06
ENSG00000213626	4.872767843282661e-06
ENSG00000106012	4.869971973729836e-06
ENSG00000015133	4.86885934745893e-06
ENSG00000168907	4.861097119481229e-06
ENSG00000143847	4.85940652674579e-06
ENSG00000173320	4.858296528182965e-06
ENSG00000198754	4.853875313709458e-06
ENSG00000101188	4.853024864498311e-06
ENSG00000242220	4.8358892800315094e-06
ENSG00000180957	4.832872498310836e-06
ENSG00000155256	4.8245304013880374e-06
ENSG00000109762	4.815825139526758e-06
ENSG00000165526	4.808612309501262e-06
ENSG00000151883	4.808164260202706e-06
ENSG00000105419	4.807110978224505e-06
ENSG00000168826	4.803087852287606e-06
ENSG00000146243	4.799466905131741e-06
ENSG00000135482	4.799050455150298e-06
ENSG00000101695	4.7982216234663e-06
ENSG00000142634	4.797985370751489e-06
ENSG00000234508	4.790000065325195e-06
ENSG00000179010	4.789797558773715e-06
ENSG00000146066	4.782271793014154e-06
ENSG00000173409	4.7777822171982154e-06
ENSG00000140521	4.777228900876221e-06
ENSG00000145384	4.776941500071229e-06
ENSG00000183044	4.774151430504358e-06
ENSG00000119471	4.767800060535595e-06
ENSG00000283852	4.76456821682964e-06
ENSG00000169692	4.758922945461263e-06
ENSG00000182983	4.758922945461263e-06
ENSG00000148459	4.756118405276435e-06
ENSG00000168758	4.754164074633312e-06
ENSG00000198912	4.752695039203076e-06
ENSG00000163803	4.7446242003453014e-06
ENSG00000138279	4.744299119899225e-06
ENSG00000136319	4.7439141807437676e-06
ENSG00000275385	4.743383869170094e-06
ENSG00000180098	4.732457733520646e-06
ENSG00000163376	4.7185692711398985e-06
ENSG00000178974	4.7183451777435095e-06
ENSG00000103150	4.717839791923639e-06
ENSG00000143344	4.717391307835974e-06
ENSG00000170425	4.7173003132172295e-06
ENSG00000142611	4.716807470204472e-06
ENSG00000116209	4.70481296802196e-06
ENSG00000013563	4.693654158066066e-06
ENSG00000164366	4.6918004874518365e-06
ENSG00000178685	4.6884445956271914e-06
ENSG00000223609	4.686243290092982e-06
ENSG00000198876	4.6766024553116365e-06
ENSG00000116675	4.673390255229366e-06
ENSG00000181896	4.6701659544120575e-06
ENSG00000288188	4.664476201693351e-06
ENSG00000065833	4.6640732523875725e-06
ENSG00000116031	4.661317206241401e-06
ENSG00000187601	4.656973880860864e-06
ENSG00000172339	4.653644473373457e-06
ENSG00000101546	4.639796302286362e-06
ENSG00000112320	4.639648694388889e-06
ENSG00000187164	4.636674950867531e-06
ENSG00000284495	4.630849560327256e-06
ENSG00000075213	4.628008689506032e-06
ENSG00000174992	4.627872023538697e-06
ENSG00000182732	4.622491967929977e-06
ENSG00000150667	4.61524093591744e-06
ENSG00000188782	4.611121189740755e-06
ENSG00000105499	4.6102349086488615e-06
ENSG00000223638	4.6048218355650574e-06
ENSG00000144677	4.599251434249344e-06
ENSG00000204128	4.593303902824652e-06
ENSG00000149260	4.593303902824652e-06
ENSG00000104635	4.593303902824652e-06
ENSG00000174928	4.59234704029181e-06
ENSG00000135960	4.5918019078597605e-06
ENSG00000285449	4.575464860523365e-06
ENSG00000137709	4.575339687003927e-06
ENSG00000164221	4.571084231739162e-06
ENSG00000143512	4.569453959084955e-06
ENSG00000122585	4.564545897086257e-06
ENSG00000188352	4.550681501377829e-06
ENSG00000280584	4.543893878898027e-06
ENSG00000148200	4.54296984053244e-06
ENSG00000163812	4.534128445166549e-06
ENSG00000161558	4.532530214800442e-06
ENSG00000165300	4.532530214800442e-06
ENSG00000115902	4.532530214800442e-06
ENSG00000275600	4.532530214800442e-06
ENSG00000139624	4.531802646708807e-06
ENSG00000144802	4.5276487650277795e-06
ENSG00000137310	4.526477056528315e-06
ENSG00000116885	4.522753954033178e-06
ENSG00000146530	4.516519876730194e-06
ENSG00000174562	4.515610503115501e-06
ENSG00000162437	4.511066971617442e-06
ENSG00000007202	4.5042614519831506e-06
ENSG00000171388	4.5008841219117165e-06
ENSG00000114638	4.49991644900344e-06
ENSG00000183828	4.49694318996526e-06
ENSG00000139263	4.490730375913111e-06
ENSG00000278243	4.48489867890381e-06
ENSG00000169908	4.481141947758734e-06
ENSG00000179083	4.481141947758734e-06
ENSG00000120306	4.469255400301391e-06
ENSG00000177576	4.469255400301391e-06
ENSG00000174227	4.469255400301391e-06
ENSG00000160781	4.469255400301391e-06
ENSG00000139291	4.468612175440656e-06
ENSG00000101577	4.462642460297582e-06
ENSG00000100373	4.462412765848236e-06
ENSG00000161243	4.461191956215906e-06
ENSG00000084710	4.459772656993932e-06
ENSG00000143179	4.454857384000625e-06
ENSG00000147872	4.451510074288231e-06
ENSG00000115361	4.449140131500429e-06
ENSG00000172890	4.445952026907139e-06
ENSG00000010318	4.439933963384138e-06
ENSG00000099968	4.438919890613522e-06
ENSG00000102970	4.437935184904029e-06
ENSG00000187650	4.437810535447099e-06
ENSG00000136811	4.4375493104256025e-06
ENSG00000087263	4.436661450304544e-06
ENSG00000026559	4.434761495568435e-06
ENSG00000164695	4.4344882634181174e-06
ENSG00000079974	4.4308973620719256e-06
ENSG00000162572	4.429211694419402e-06
ENSG00000181523	4.417787365533771e-06
ENSG00000213965	4.413684354390845e-06
ENSG00000100079	4.408856896715806e-06
ENSG00000111911	4.406926456433118e-06
ENSG00000059378	4.402353673296305e-06
ENSG00000141622	4.4005773884173615e-06
ENSG00000169435	4.400253003419159e-06
ENSG00000077454	4.3989794668601115e-06
ENSG00000175573	4.397212242497855e-06
ENSG00000275832	4.395733370969228e-06
ENSG00000276537	4.393358969935912e-06
ENSG00000073417	4.387864142663727e-06
ENSG00000102034	4.386269544303783e-06
ENSG00000198331	4.378020027502795e-06
ENSG00000280908	4.37788481697164e-06
ENSG00000196557	4.373082983462836e-06
ENSG00000146054	4.371490852139743e-06
ENSG00000165630	4.3690750619987775e-06
ENSG00000172116	4.36589471723762e-06
ENSG00000188010	4.36586433256977e-06
ENSG00000140557	4.364681812196501e-06
ENSG00000177202	4.363616146256758e-06
ENSG00000172594	4.360503147318785e-06
ENSG00000152582	4.360503147318785e-06
ENSG00000179598	4.357346671709931e-06
ENSG00000184954	4.357158869491272e-06
ENSG00000255561	4.349345534839832e-06
ENSG00000048740	4.347659252339598e-06
ENSG00000127831	4.347474841382727e-06
ENSG00000260691	4.346417467724486e-06
ENSG00000158747	4.342958582077905e-06
ENSG00000288269	4.340663282151175e-06
ENSG00000175556	4.334504813683539e-06
ENSG00000117400	4.327797819031444e-06
ENSG00000162065	4.318349485337005e-06
ENSG00000244607	4.316127362364328e-06
ENSG00000183864	4.312040461034512e-06
ENSG00000261986	4.310353065599027e-06
ENSG00000258659	4.306212495672826e-06
ENSG00000072163	4.304547354493708e-06
ENSG00000184083	4.302854622536888e-06
ENSG00000196652	4.2965055513088254e-06
ENSG00000176953	4.29468777695402e-06
ENSG00000182040	4.292755811587041e-06
ENSG00000153048	4.291864814470896e-06
ENSG00000148824	4.290140007895353e-06
ENSG00000103316	4.288614996771947e-06
ENSG00000133739	4.26885799410025e-06
ENSG00000042445	4.265022163290106e-06
ENSG00000171368	4.262569778071752e-06
ENSG00000090861	4.261336057546421e-06
ENSG00000129824	4.259764654828579e-06
ENSG00000133019	4.259344957967857e-06
ENSG00000124469	4.254766203697315e-06
ENSG00000180815	4.254147447670183e-06
ENSG00000108591	4.249207437576036e-06
ENSG00000091622	4.2461497223420874e-06
ENSG00000010361	4.245606264542e-06
ENSG00000198816	4.245110912992364e-06
ENSG00000243509	4.239046009749478e-06
ENSG00000145491	4.233415929982735e-06
ENSG00000111696	4.223987932144053e-06
ENSG00000145882	4.223954355466778e-06
ENSG00000058866	4.218660808389706e-06
ENSG00000182521	4.2171182270989385e-06
ENSG00000141337	4.2081037789168415e-06
ENSG00000141458	4.2081037789168415e-06
ENSG00000167971	4.205236807000233e-06
ENSG00000167037	4.202554245245233e-06
ENSG00000120314	4.2021514742630555e-06
ENSG00000276559	4.2010545032986834e-06
ENSG00000183723	4.199399269427052e-06
ENSG00000135097	4.188620291716914e-06
ENSG00000151474	4.188600483038922e-06
ENSG00000072422	4.177325970260909e-06
ENSG00000143458	4.1727807054222975e-06
ENSG00000204936	4.168806669005617e-06
ENSG00000081377	4.160207283889486e-06
ENSG00000196275	4.158412847416853e-06
ENSG00000089639	4.158242631578657e-06
ENSG00000198157	4.1555217859416686e-06
ENSG00000161217	4.153020406548263e-06
ENSG00000275099	4.152145672449169e-06
ENSG00000168952	4.150375609015323e-06
ENSG00000197870	4.145902049994181e-06
ENSG00000152213	4.1378107850307965e-06
ENSG00000119431	4.1378107850307965e-06
ENSG00000182919	4.1378107850307965e-06
ENSG00000168237	4.1378107850307965e-06
ENSG00000135622	4.136016081171061e-06
ENSG00000140691	4.133199855205706e-06
ENSG00000120332	4.132265019404883e-06
ENSG00000244045	4.1313174107725694e-06
ENSG00000184731	4.1184394674705644e-06
ENSG00000134256	4.1177029932195956e-06
ENSG00000173085	4.117605148699488e-06
ENSG00000184194	4.101495721160909e-06
ENSG00000157765	4.08577544317049e-06
ENSG00000131831	4.0841982024896975e-06
ENSG00000188620	4.082128806037821e-06
ENSG00000180999	4.082015488231375e-06
ENSG00000154783	4.077769792468544e-06
ENSG00000147614	4.077644208918327e-06
ENSG00000102387	4.076977656784519e-06
ENSG00000025796	4.076777266182931e-06
ENSG00000171794	4.062416796170899e-06
ENSG00000203667	4.05976349182221e-06
ENSG00000113790	4.039572633175218e-06
ENSG00000282891	4.034755220178434e-06
ENSG00000110583	4.034435028065491e-06
ENSG00000170788	4.0224857935365035e-06
ENSG00000117862	4.02230149561417e-06
ENSG00000166833	4.015360113707884e-06
ENSG00000197181	4.010305988081963e-06
ENSG00000196263	4.008702709297194e-06
ENSG00000229117	4.000075830860335e-06
ENSG00000122644	3.999857150421469e-06
ENSG00000131379	3.998257666594719e-06
ENSG00000124406	3.983699960628435e-06
ENSG00000170927	3.981981770693646e-06
ENSG00000196371	3.970885449265234e-06
ENSG00000157734	3.969096024638146e-06
ENSG00000140398	3.967318381712256e-06
ENSG00000214013	3.967157591936442e-06
ENSG00000169402	3.966424695577281e-06
ENSG00000184508	3.964856697438729e-06
ENSG00000006740	3.963072031544357e-06
ENSG00000143473	3.958895773807962e-06
ENSG00000285434	3.953120071467922e-06
ENSG00000019186	3.947559727849581e-06
ENSG00000167103	3.934276973317301e-06
ENSG00000198142	3.927805114690797e-06
ENSG00000128928	3.922153111762306e-06
ENSG00000065029	3.915359192236383e-06
ENSG00000130948	3.905754175545968e-06
ENSG00000134198	3.902212024172976e-06
ENSG00000257949	3.899122088906549e-06
ENSG00000106336	3.896369799245186e-06
ENSG00000165272	3.896044242791145e-06
ENSG00000288275	3.89075862936288e-06
ENSG00000155093	3.888136981292198e-06
ENSG00000124370	3.886709683244647e-06
ENSG00000160785	3.883407630966829e-06
ENSG00000064787	3.879713076099886e-06
ENSG00000162975	3.877641753824649e-06
ENSG00000114670	3.877198822923139e-06
ENSG00000198178	3.877198822923139e-06
ENSG00000154102	3.876940877577125e-06
ENSG00000186472	3.8605185958255195e-06
ENSG00000157985	3.857275273544757e-06
ENSG00000167272	3.8531670246790185e-06
ENSG00000282854	3.8415238602205506e-06
ENSG00000244274	3.839153253977064e-06
ENSG00000100427	3.837914878655123e-06
ENSG00000141255	3.837914878655123e-06
ENSG00000173917	3.836985703111684e-06
ENSG00000170903	3.836842030373863e-06
ENSG00000198216	3.8325858964920804e-06
ENSG00000144535	3.821920904961203e-06
ENSG00000153086	3.820224568342062e-06
ENSG00000131400	3.819353055316959e-06
ENSG00000113924	3.817736592336674e-06
ENSG00000131668	3.816416712270007e-06
ENSG00000204946	3.8102129774871773e-06
ENSG00000283030	3.8047727715042353e-06
ENSG00000176720	3.8029460595369655e-06
ENSG00000163755	3.799123925532892e-06
ENSG00000168904	3.788651336124549e-06
ENSG00000089820	3.7863591884859467e-06
ENSG00000066248	3.7851255796777103e-06
ENSG00000283882	3.7822426497947833e-06
ENSG00000276004	3.7822426497947833e-06
ENSG00000162390	3.782124156230708e-06
ENSG00000140830	3.776011225670133e-06
ENSG00000104044	3.7759683240227994e-06
ENSG00000108219	3.7759683240227994e-06
ENSG00000135390	3.7759683240227994e-06
ENSG00000172985	3.7758891665968038e-06
ENSG00000013619	3.775307780281225e-06
ENSG00000284598	3.766921696506531e-06
ENSG00000148158	3.751338370664395e-06
ENSG00000100744	3.7479332333762443e-06
ENSG00000203943	3.7454969399615467e-06
ENSG00000162438	3.744312354897612e-06
ENSG00000107789	3.7341488713085867e-06
ENSG00000164749	3.732008844384224e-06
ENSG00000138764	3.7316917409792534e-06
ENSG00000130821	3.7230326699368316e-06
ENSG00000126545	3.721134677710991e-06
ENSG00000129657	3.7209138521176665e-06
ENSG00000148468	3.7170552909668133e-06
ENSG00000143643	3.7170552909668133e-06
ENSG00000139737	3.7170552909668133e-06
ENSG00000203867	3.7170552909668133e-06
ENSG00000159166	3.7121516996462633e-06
ENSG00000130762	3.706003916337668e-06
ENSG00000165175	3.7045782796610183e-06
ENSG00000158125	3.7039344110455837e-06
ENSG00000141504	3.7029007307404665e-06
ENSG00000119771	3.70041100941066e-06
ENSG00000179922	3.697755818220486e-06
ENSG00000100711	3.6941614787051066e-06
ENSG00000105366	3.690445237128243e-06
ENSG00000275793	3.6825013700498678e-06
ENSG00000175662	3.682342778212689e-06
ENSG00000235961	3.6820251122848797e-06
ENSG00000103199	3.6771205827274122e-06
ENSG00000169093	3.673063296821237e-06
ENSG00000134775	3.6664823993906065e-06
ENSG00000100249	3.6663369936581063e-06
ENSG00000167536	3.6595078277684156e-06
ENSG00000038532	3.651498253491637e-06
ENSG00000152527	3.6508851151354973e-06
ENSG00000178826	3.6474393507916842e-06
ENSG00000142279	3.6396434241832846e-06
ENSG00000168754	3.6367193061284773e-06
ENSG00000125734	3.6367193061284773e-06
ENSG00000188493	3.636175082092873e-06
ENSG00000005073	3.6297693429150763e-06
ENSG00000143319	3.6263672251159628e-06
ENSG00000213689	3.618488236485045e-06
ENSG00000092377	3.6175355292666965e-06
ENSG00000145723	3.6166010562482474e-06
ENSG00000179918	3.61303718924339e-06
ENSG00000166261	3.612386577096797e-06
ENSG00000187003	3.609227895375298e-06
ENSG00000142794	3.607330496565161e-06
ENSG00000170745	3.6037344459192563e-06
ENSG00000171126	3.6037344459192563e-06
ENSG00000172716	3.6024536303417223e-06
ENSG00000197948	3.602204263601492e-06
ENSG00000169800	3.599944886465011e-06
ENSG00000276358	3.577434497101188e-06
ENSG00000108828	3.5748113597924432e-06
ENSG00000070190	3.5680606200310582e-06
ENSG00000130475	3.5662700151314153e-06
ENSG00000117154	3.5632104983146704e-06
ENSG00000122176	3.561149234237939e-06
ENSG00000179002	3.559152384715576e-06
ENSG00000135045	3.5535763116863867e-06
ENSG00000162139	3.546006660681091e-06
ENSG00000132581	3.5387295578537025e-06
ENSG00000244414	3.529763107059982e-06
ENSG00000116785	3.5291084934790204e-06
ENSG00000148925	3.5284595686694585e-06
ENSG00000140479	3.523123098399765e-06
ENSG00000176454	3.523123098399765e-06
ENSG00000179331	3.5211974165843746e-06
ENSG00000273820	3.520114276183297e-06
ENSG00000283649	3.511648039364635e-06
ENSG00000115841	3.5089021294864133e-06
ENSG00000129197	3.5018617945446862e-06
ENSG00000112514	3.4995822921953208e-06
ENSG00000198093	3.4915334705542035e-06
ENSG00000196517	3.486832561004956e-06
ENSG00000163884	3.48448965476981e-06
ENSG00000166452	3.482265303224477e-06
ENSG00000243927	3.477831694140278e-06
ENSG00000213999	3.476406611584416e-06
ENSG00000139531	3.4744330015970586e-06
ENSG00000171262	3.4715261443408987e-06
ENSG00000105388	3.4674882124649125e-06
ENSG00000143158	3.461844056924176e-06
ENSG00000168917	3.4616485213596004e-06
ENSG00000057757	3.457767561251939e-06
ENSG00000088970	3.4559138200749577e-06
ENSG00000019505	3.452323409586946e-06
ENSG00000125648	3.45138586653719e-06
ENSG00000187516	3.4513080149500126e-06
ENSG00000100246	3.4500922647482245e-06
ENSG00000274671	3.4435634470178436e-06
ENSG00000105717	3.4407534516516038e-06
ENSG00000162620	3.4387973905426763e-06
ENSG00000005238	3.43436500284956e-06
ENSG00000161640	3.4291113961685657e-06
ENSG00000228090	3.4291113961685657e-06
ENSG00000274952	3.4291113961685657e-06
ENSG00000132874	3.4271562207808e-06
ENSG00000185267	3.4269092279961767e-06
ENSG00000157703	3.4264829350599413e-06
ENSG00000162813	3.4264829350599413e-06
ENSG00000182180	3.413965528212144e-06
ENSG00000182566	3.405323009590347e-06
ENSG00000178445	3.4049911714377753e-06
ENSG00000169919	3.401745720591333e-06
ENSG00000121210	3.3888392518221952e-06
ENSG00000099994	3.3846795064662077e-06
ENSG00000184887	3.3769267088361974e-06
ENSG00000198832	3.372040271872072e-06
ENSG00000133789	3.3642653171634265e-06
ENSG00000119411	3.359481844315254e-06
ENSG00000140718	3.358509048652685e-06
ENSG00000105612	3.3524890034823604e-06
ENSG00000229353	3.3419060205032472e-06
ENSG00000133710	3.339162241408979e-06
ENSG00000168743	3.333644601333494e-06
ENSG00000185669	3.3290390591432995e-06
ENSG00000204634	3.3161001673091846e-06
ENSG00000167182	3.3121705123156223e-06
ENSG00000087237	3.2986949594308576e-06
ENSG00000168781	3.294077992412361e-06
ENSG00000119782	3.2931086803643245e-06
ENSG00000167528	3.289578030732965e-06
ENSG00000124459	3.2893125592633586e-06
ENSG00000085433	3.2766673451332407e-06
ENSG00000185640	3.2672147888638263e-06
ENSG00000168575	3.2665448301935337e-06
ENSG00000181513	3.2655182705734607e-06
ENSG00000133874	3.259498604551412e-06
ENSG00000072133	3.259221939499669e-06
ENSG00000125812	3.258443327357977e-06
ENSG00000039600	3.2567999409820365e-06
ENSG00000183795	3.2563434265587345e-06
ENSG00000115850	3.2521772508792145e-06
ENSG00000181634	3.251256864105254e-06
ENSG00000134278	3.2394008650680726e-06
ENSG00000169752	3.2311097193484927e-06
ENSG00000178732	3.2276100567693133e-06
ENSG00000221946	3.2256311908050497e-06
ENSG00000073670	3.2222395937495956e-06
ENSG00000144136	3.2170574979221618e-06
ENSG00000196670	3.2123504306263003e-06
ENSG00000078596	3.2118478547126156e-06
ENSG00000138449	3.2118478547126156e-06
ENSG00000125848	3.2118478547126156e-06
ENSG00000121716	3.209312903408444e-06
ENSG00000139044	3.209312903408444e-06
ENSG00000176204	3.209312903408444e-06
ENSG00000180902	3.2073561040193217e-06
ENSG00000288118	3.2063997957759352e-06
ENSG00000167588	3.204235193463893e-06
ENSG00000141258	3.204235193463893e-06
ENSG00000149124	3.204235193463893e-06
ENSG00000101443	3.204235193463893e-06
ENSG00000122547	3.2040190900419905e-06
ENSG00000141424	3.202960097398716e-06
ENSG00000263163	3.202960097398716e-06
ENSG00000120162	3.1940997594961742e-06
ENSG00000124602	3.192890813581686e-06
ENSG00000145287	3.1871120211355602e-06
ENSG00000119125	3.187085915089693e-06
ENSG00000036473	3.1766293639752467e-06
ENSG00000150712	3.175995748720275e-06
ENSG00000235132	3.171368848776841e-06
ENSG00000198380	3.16292076296946e-06
ENSG00000141540	3.1520003163817704e-06
ENSG00000144843	3.14535801536447e-06
ENSG00000076344	3.1424802204912992e-06
ENSG00000104205	3.1406254854825657e-06
ENSG00000131969	3.1339640853117645e-06
ENSG00000178149	3.1299198179356916e-06
ENSG00000189337	3.1274934673604314e-06
ENSG00000143412	3.1274934673604314e-06
ENSG00000184307	3.115782128357639e-06
ENSG00000158220	3.1153417876340386e-06
ENSG00000272636	3.105046702454706e-06
ENSG00000080493	3.10489342544781e-06
ENSG00000168016	3.099437738818969e-06
ENSG00000274684	3.096010512327626e-06
ENSG00000146776	3.0939378939104108e-06
ENSG00000162433	3.0922158236906915e-06
ENSG00000196177	3.0894984299542664e-06
ENSG00000275214	3.0894835646189222e-06
ENSG00000149054	3.085404853891253e-06
ENSG00000225921	3.0785897604236204e-06
ENSG00000149289	3.0756309583600035e-06
ENSG00000196422	3.070175832329014e-06
ENSG00000196812	3.060604654223192e-06
ENSG00000161798	3.0559177896272473e-06
ENSG00000125872	3.0559177896272473e-06
ENSG00000197123	3.0559177896272473e-06
ENSG00000119986	3.0559177896272473e-06
ENSG00000178386	3.0559177896272473e-06
ENSG00000110925	3.0552356624064953e-06
ENSG00000009694	3.052547900969728e-06
ENSG00000135677	3.0476457026916602e-06
ENSG00000278461	3.046850846069513e-06
ENSG00000136444	3.0453328605989527e-06
ENSG00000171735	3.0336396992391066e-06
ENSG00000066923	3.032287284807016e-06
ENSG00000153815	3.0215021706950954e-06
ENSG00000215269	3.0200989768873566e-06
ENSG00000121316	3.0200989768873566e-06
ENSG00000154319	3.0200989768873566e-06
ENSG00000123353	3.0182165183914035e-06
ENSG00000129353	3.015806348238136e-06
ENSG00000144730	3.0126731723963077e-06
ENSG00000149292	3.0118566155753126e-06
ENSG00000145029	3.00893138597137e-06
ENSG00000002586	3.0063371851656085e-06
ENSG00000128951	2.997773931695446e-06
ENSG00000086544	2.993550962286268e-06
ENSG00000143486	2.9920249721922153e-06
ENSG00000179168	2.991654594150169e-06
ENSG00000164483	2.9842098732312394e-06
ENSG00000166347	2.980832466787137e-06
ENSG00000178802	2.980000055414858e-06
ENSG00000008516	2.9798754300663473e-06
ENSG00000249139	2.9798754300663473e-06
ENSG00000198841	2.9780889971672764e-06
ENSG00000148204	2.9670477753918534e-06
ENSG00000273793	2.9657942080890323e-06
ENSG00000109917	2.953313690756865e-06
ENSG00000198951	2.9483834440844247e-06
ENSG00000185666	2.9434139073414854e-06
ENSG00000235162	2.9428978103792583e-06
ENSG00000197272	2.941904809952133e-06
ENSG00000277462	2.937526689546724e-06
ENSG00000274473	2.927023368882123e-06
ENSG00000182902	2.92685793582978e-06
ENSG00000196663	2.92649525864316e-06
ENSG00000147127	2.9185220583405905e-06
ENSG00000130957	2.9158952941837883e-06
ENSG00000106031	2.9072861767728417e-06
ENSG00000284752	2.9040048687605847e-06
ENSG00000179133	2.8988856245507093e-06
ENSG00000145945	2.8923502096172453e-06
ENSG00000151882	2.886825718213986e-06
ENSG00000215695	2.886825718213986e-06
ENSG00000175352	2.886825718213986e-06
ENSG00000112530	2.885932603522491e-06
ENSG00000107341	2.8851082210546766e-06
ENSG00000171236	2.8755324696199762e-06
ENSG00000143851	2.8751906440869907e-06
ENSG00000158050	2.8751906440869907e-06
ENSG00000180535	2.8742336122924507e-06
ENSG00000143479	2.87058467652214e-06
ENSG00000111364	2.8668518594793766e-06
ENSG00000135709	2.86659470940348e-06
ENSG00000170100	2.8578299808291062e-06
ENSG00000165389	2.8499586287849023e-06
ENSG00000288297	2.8476339294597803e-06
ENSG00000232641	2.8450468449999427e-06
ENSG00000131096	2.84109061745974e-06
ENSG00000116157	2.8348540278451495e-06
ENSG00000168591	2.8348540278451495e-06
ENSG00000115297	2.8338613575030825e-06
ENSG00000103067	2.824879532040987e-06
ENSG00000166260	2.82420294467358e-06
ENSG00000284120	2.8183247282307132e-06
ENSG00000131050	2.8183247282307132e-06
ENSG00000041988	2.8069632965726284e-06
ENSG00000162650	2.7976311100410626e-06
ENSG00000145864	2.795728714789052e-06
ENSG00000128311	2.785659040958605e-06
ENSG00000221821	2.772585550003588e-06
ENSG00000162571	2.7704273055042536e-06
ENSG00000203760	2.7649710704581526e-06
ENSG00000118816	2.7620019808825863e-06
ENSG00000140675	2.7604290735385946e-06
ENSG00000108582	2.757990457619603e-06
ENSG00000133597	2.7521914458818277e-06
ENSG00000257727	2.74688317421476e-06
ENSG00000198758	2.7380083880352825e-06
ENSG00000006757	2.7363332984276164e-06
ENSG00000104129	2.73377312109205e-06
ENSG00000159445	2.731261487186749e-06
ENSG00000214827	2.731261487186749e-06
ENSG00000144218	2.7151718530987735e-06
ENSG00000276761	2.705304494937926e-06
ENSG00000167644	2.705304494937926e-06
ENSG00000273574	2.704817089525913e-06
ENSG00000100376	2.70324165646018e-06
ENSG00000072041	2.701002431894721e-06
ENSG00000152503	2.699559713887648e-06
ENSG00000180914	2.691004322039388e-06
ENSG00000171492	2.68966845562487e-06
ENSG00000033011	2.6859627053574224e-06
ENSG00000171135	2.6859627053574224e-06
ENSG00000167216	2.6859627053574224e-06
ENSG00000135912	2.6828941800509234e-06
ENSG00000170166	2.681953939162334e-06
ENSG00000095485	2.6799333664511895e-06
ENSG00000160180	2.662870315848983e-06
ENSG00000123892	2.6624479748502935e-06
ENSG00000105429	2.6544226747375427e-06
ENSG00000149150	2.6515468663807217e-06
ENSG00000114544	2.6515468663807217e-06
ENSG00000176393	2.651080707100365e-06
ENSG00000104228	2.644436299622421e-06
ENSG00000065357	2.6409005268303972e-06
ENSG00000165060	2.6394608389541944e-06
ENSG00000235758	2.639363023535874e-06
ENSG00000070718	2.6379810268211645e-06
ENSG00000010626	2.6327587148529143e-06
ENSG00000284900	2.63055756585172e-06
ENSG00000160588	2.6286834441633296e-06
ENSG00000105518	2.6235697023990636e-06
ENSG00000178038	2.622332453628536e-06
ENSG00000184209	2.619863010418151e-06
ENSG00000100319	2.619863010418151e-06
ENSG00000122012	2.610976410559522e-06
ENSG00000285516	2.6075103088181823e-06
ENSG00000124253	2.6024713798009413e-06
ENSG00000204178	2.600677366880545e-06
ENSG00000156521	2.597418385172699e-06
ENSG00000188542	2.597418385172699e-06
ENSG00000117480	2.595294495849428e-06
ENSG00000133477	2.595294495849428e-06
ENSG00000263296	2.593971717184387e-06
ENSG00000138796	2.589368982205621e-06
ENSG00000188425	2.581095470697759e-06
ENSG00000174327	2.5792685969552664e-06
ENSG00000282967	2.5772124518832555e-06
ENSG00000275679	2.5772124518832555e-06
ENSG00000283046	2.5772124518832555e-06
ENSG00000276615	2.576211793288623e-06
ENSG00000128045	2.576211793288623e-06
ENSG00000151778	2.576211793288623e-06
ENSG00000204611	2.5740162205586477e-06
ENSG00000077984	2.5726401179049576e-06
ENSG00000104901	2.5706979008896093e-06
ENSG00000274137	2.5678336303069245e-06
ENSG00000163126	2.5678336303069245e-06
ENSG00000122971	2.5637733736767664e-06
ENSG00000285394	2.5543060430140877e-06
ENSG00000227600	2.553268825367456e-06
ENSG00000148842	2.54604845956528e-06
ENSG00000167720	2.537884996944331e-06
ENSG00000091490	2.5323458203487638e-06
ENSG00000168916	2.5255868024953696e-06
ENSG00000229665	2.5179343393143934e-06
ENSG00000109193	2.5156900515550327e-06
ENSG00000164114	2.5156900515550327e-06
ENSG00000186280	2.5156900515550327e-06
ENSG00000173585	2.511440704999581e-06
ENSG00000179981	2.5074408512243455e-06
ENSG00000088727	2.5020895427988517e-06
ENSG00000166189	2.501634994493148e-06
ENSG00000185149	2.500705467076345e-06
ENSG00000168679	2.496037952635078e-06
ENSG00000103356	2.496037952635078e-06
ENSG00000116857	2.4757884213498444e-06
ENSG00000262664	2.4744895730895436e-06
ENSG00000125409	2.4720841498278697e-06
ENSG00000123415	2.4646288549933256e-06
ENSG00000151611	2.463003177521019e-06
ENSG00000033100	2.461405060862912e-06
ENSG00000185798	2.4571753185467945e-06
ENSG00000183067	2.452518475857171e-06
ENSG00000158825	2.452518475857171e-06
ENSG00000015413	2.4489091582713863e-06
ENSG00000170419	2.448008363755704e-06
ENSG00000130035	2.4456094766957728e-06
ENSG00000137857	2.440291311658011e-06
ENSG00000156414	2.4328741876285515e-06
ENSG00000219481	2.4261613695792754e-06
ENSG00000091138	2.4219232018824942e-06
ENSG00000164304	2.418904089457915e-06
ENSG00000113838	2.4144671227327406e-06
ENSG00000176746	2.4132965882961906e-06
ENSG00000064886	2.4104186455799575e-06
ENSG00000278843	2.4066538748585098e-06
ENSG00000135517	2.404698281134083e-06
ENSG00000148090	2.385460919180464e-06
ENSG00000163531	2.382107138996864e-06
ENSG00000276184	2.3768540168189785e-06
ENSG00000139344	2.3737511486374243e-06
ENSG00000112941	2.370765503922342e-06
ENSG00000137802	2.3699599987587384e-06
ENSG00000175564	2.367076229288635e-06
ENSG00000146197	2.363906040707599e-06
ENSG00000161664	2.354670705584931e-06
ENSG00000140948	2.354670705584931e-06
ENSG00000114805	2.354670705584931e-06
ENSG00000141569	2.3545201530631567e-06
ENSG00000124104	2.3530691799952087e-06
ENSG00000146416	2.348234906099289e-06
ENSG00000278326	2.3473699759469233e-06
ENSG00000203972	2.3473699759469233e-06
ENSG00000125650	2.346409626586914e-06
ENSG00000143194	2.344410126628866e-06
ENSG00000160223	2.344269275154189e-06
ENSG00000128309	2.341623949571748e-06
ENSG00000284017	2.332752496264261e-06
ENSG00000156463	2.332752496264261e-06
ENSG00000162148	2.332752496264261e-06
ENSG00000214941	2.3290373334019166e-06
ENSG00000183396	2.3257151797292646e-06
ENSG00000133731	2.3248139473064638e-06
ENSG00000150961	2.323033821147527e-06
ENSG00000198835	2.311156533096872e-06
ENSG00000109272	2.311156533096872e-06
ENSG00000103742	2.311156533096872e-06
ENSG00000234906	2.311156533096872e-06
ENSG00000043514	2.301145373864745e-06
ENSG00000004799	2.300306799275341e-06
ENSG00000176473	2.300193840489078e-06
ENSG00000282937	2.295362372520149e-06
ENSG00000123454	2.2947671811811413e-06
ENSG00000132821	2.291566041157462e-06
ENSG00000166669	2.2902075372269157e-06
ENSG00000138621	2.2877583937979047e-06
ENSG00000198807	2.2871300181415315e-06
ENSG00000139835	2.286278097700728e-06
ENSG00000144199	2.285303653698673e-06
ENSG00000047936	2.2849556274971806e-06
ENSG00000181007	2.280432773136631e-06
ENSG00000178935	2.280432773136631e-06
ENSG00000152439	2.280432773136631e-06
ENSG00000164776	2.280064526421607e-06
ENSG00000215915	2.280064526421607e-06
ENSG00000130684	2.276426778025926e-06
ENSG00000128322	2.266615452642494e-06
ENSG00000181035	2.2589680775142096e-06
ENSG00000084092	2.2556790649470054e-06
ENSG00000176371	2.2525293476487365e-06
ENSG00000196867	2.2521151755457244e-06
ENSG00000109881	2.250323358640162e-06
ENSG00000151413	2.246775600109836e-06
ENSG00000161610	2.2446991415266894e-06
ENSG00000225824	2.2446991415266894e-06
ENSG00000242259	2.242672903843879e-06
ENSG00000276021	2.2384101535042145e-06
ENSG00000103381	2.2378562924774916e-06
ENSG00000129538	2.2326979053368906e-06
ENSG00000128346	2.2319132117474442e-06
ENSG00000196990	2.2316630697159545e-06
ENSG00000172780	2.227104750349468e-06
ENSG00000141665	2.2244385731062047e-06
ENSG00000176160	2.2186030514457473e-06
ENSG00000184164	2.217306023528876e-06
ENSG00000170374	2.2170136119298453e-06
ENSG00000124313	2.2160938204774783e-06
ENSG00000229937	2.215478351716259e-06
ENSG00000184162	2.20874871373237e-06
ENSG00000117280	2.2076503215414736e-06
ENSG00000188848	2.2073698622389713e-06
ENSG00000172927	2.2062698369628696e-06
ENSG00000177614	2.199056190040334e-06
ENSG00000263155	2.1967413734481174e-06
ENSG00000165055	2.191223736645245e-06
ENSG00000138207	2.188139526838933e-06
ENSG00000285482	2.186800180342056e-06
ENSG00000110660	2.186800180342056e-06
ENSG00000167065	2.18254586947632e-06
ENSG00000172482	2.180037507424759e-06
ENSG00000203797	2.180037507424759e-06
ENSG00000095321	2.180037507424759e-06
ENSG00000099377	2.1765773918920865e-06
ENSG00000171813	2.171530093465145e-06
ENSG00000136542	2.1601105199474623e-06
ENSG00000164047	2.1501307173328224e-06
ENSG00000148218	2.140254532441579e-06
ENSG00000119943	2.1381402980938353e-06
ENSG00000278191	2.1358836309859572e-06
ENSG00000062282	2.1353468146868716e-06
ENSG00000133106	2.1353468146868716e-06
ENSG00000276286	2.1336753008114167e-06
ENSG00000156395	2.1256323950297697e-06
ENSG00000273494	2.121706089231297e-06
ENSG00000117308	2.1206127374144913e-06
ENSG00000129682	2.1178287415743047e-06
ENSG00000106069	2.1140694963638342e-06
ENSG00000275779	2.112456468088935e-06
ENSG00000118960	2.1067193972121276e-06
ENSG00000137266	2.1056208278563872e-06
ENSG00000123643	2.1056208278563872e-06
ENSG00000119899	2.1056208278563872e-06
ENSG00000166821	2.096309087656732e-06
ENSG00000131779	2.096309087656732e-06
ENSG00000100372	2.096309087656732e-06
ENSG00000147119	2.096309087656732e-06
ENSG00000168282	2.096309087656732e-06
ENSG00000174132	2.096309087656732e-06
ENSG00000198189	2.096309087656732e-06
ENSG00000132437	2.094247448950043e-06
ENSG00000151364	2.0898948734706014e-06
ENSG00000155428	2.0812627850739742e-06
ENSG00000161055	2.0765804268739797e-06
ENSG00000164265	2.0765804268739797e-06
ENSG00000282739	2.0687662654445008e-06
ENSG00000139433	2.0672990395871494e-06
ENSG00000168824	2.065014304088978e-06
ENSG00000104140	2.0636257089893736e-06
ENSG00000178199	2.063508014845929e-06
ENSG00000278220	2.0538822811831335e-06
ENSG00000204856	2.049061325325316e-06
ENSG00000141098	2.0475285270395142e-06
ENSG00000084693	2.0475285270395142e-06
ENSG00000107242	2.044812231650119e-06
ENSG00000166796	2.0445865090712985e-06
ENSG00000215045	2.0445119495621484e-06
ENSG00000179600	2.0422502638428774e-06
ENSG00000128965	2.0390678850273913e-06
ENSG00000262749	2.032324127439118e-06
ENSG00000176428	2.0270706076704755e-06
ENSG00000185100	2.0262386821486493e-06
ENSG00000105136	2.0221401453289198e-06
ENSG00000070759	2.0094604648705963e-06
ENSG00000275365	2.0053301286366314e-06
ENSG00000168056	2.0053301286366314e-06
ENSG00000176387	2.0034786978461487e-06
ENSG00000134627	2.0008455232113665e-06
ENSG00000123739	1.9995700535678034e-06
ENSG00000138823	1.9987103807956786e-06
ENSG00000145920	1.99844916052614e-06
ENSG00000158887	1.996164478582517e-06
ENSG00000102904	1.99537540070959e-06
ENSG00000275483	1.991663332078208e-06
ENSG00000133065	1.9902296013517268e-06
ENSG00000164574	1.9902296013517268e-06
ENSG00000179029	1.9829012410419458e-06
ENSG00000085831	1.98186206032445e-06
ENSG00000158691	1.9616669522243983e-06
ENSG00000110881	1.9575783824239724e-06
ENSG00000108684	1.9575783824239724e-06
ENSG00000186866	1.9538279461740845e-06
ENSG00000253719	1.9538279461740845e-06
ENSG00000159527	1.938546841425787e-06
ENSG00000140905	1.9358667953967527e-06
ENSG00000276464	1.9358667953967527e-06
ENSG00000162174	1.9358667953967527e-06
ENSG00000197142	1.933081835639264e-06
ENSG00000132406	1.9220315194029235e-06
ENSG00000153721	1.921309885306712e-06
ENSG00000110074	1.9209479591243725e-06
ENSG00000135916	1.9171027393001018e-06
ENSG00000278889	1.914510566403401e-06
ENSG00000276836	1.911898443370473e-06
ENSG00000120318	1.911898443370473e-06
ENSG00000135002	1.9110973173374453e-06
ENSG00000105552	1.9103654842406765e-06
ENSG00000158486	1.9075042752928344e-06
ENSG00000066735	1.9075042752928344e-06
ENSG00000170439	1.9058630660288543e-06
ENSG00000131055	1.9040149723905853e-06
ENSG00000126460	1.8992369758567246e-06
ENSG00000140961	1.8915432923974045e-06
ENSG00000114547	1.8897709521997024e-06
ENSG00000078804	1.8889793042291655e-06
ENSG00000157884	1.883934017354504e-06
ENSG00000288359	1.8804668845438682e-06
ENSG00000177239	1.8804668845438682e-06
ENSG00000160505	1.8780644723423175e-06
ENSG00000051620	1.867792738002653e-06
ENSG00000100418	1.8621947654166071e-06
ENSG00000144668	1.8618449309600378e-06
ENSG00000111181	1.8605449454736287e-06
ENSG00000095397	1.8505661014153022e-06
ENSG00000198680	1.846245801855098e-06
ENSG00000105409	1.8447418099475396e-06
ENSG00000128805	1.8414828273171623e-06
ENSG00000156298	1.8404469675737985e-06
ENSG00000162542	1.8404469675737985e-06
ENSG00000145358	1.8358711982785313e-06
ENSG00000186051	1.8356937537106784e-06
ENSG00000169991	1.8338397757734392e-06
ENSG00000160058	1.8221282462357012e-06
ENSG00000188761	1.820270781117048e-06
ENSG00000154217	1.8194106436574977e-06
ENSG00000182107	1.8156915673767768e-06
ENSG00000060709	1.8037086795532934e-06
ENSG00000154222	1.8020490711179668e-06
ENSG00000275031	1.8020490711179668e-06
ENSG00000068724	1.8020490711179668e-06
ENSG00000187017	1.7992278289151964e-06
ENSG00000116035	1.7934023404318666e-06
ENSG00000001084	1.7901907066325521e-06
ENSG00000187595	1.7890648008799471e-06
ENSG00000151012	1.7827682867037199e-06
ENSG00000122873	1.7827682867037199e-06
ENSG00000172803	1.7816623802559453e-06
ENSG00000163295	1.779180818957139e-06
ENSG00000188282	1.7741329778689886e-06
ENSG00000274935	1.7688148919673184e-06
ENSG00000113811	1.7682876071776814e-06
ENSG00000256618	1.7680650487172642e-06
ENSG00000148985	1.7670469132628197e-06
ENSG00000178922	1.7552058073962242e-06
ENSG00000165863	1.7552058073962242e-06
ENSG00000074276	1.754937245023959e-06
ENSG00000037757	1.754934586309557e-06
ENSG00000138413	1.7540130782275578e-06
ENSG00000137825	1.753967642505326e-06
ENSG00000145087	1.749930967551663e-06
ENSG00000136011	1.7491514405320703e-06
ENSG00000164307	1.7474549920203002e-06
ENSG00000105398	1.744583054743992e-06
ENSG00000188747	1.73727346706733e-06
ENSG00000159214	1.7344457073386126e-06
ENSG00000186526	1.729159228379723e-06
ENSG00000148604	1.7264259921291517e-06
ENSG00000166289	1.7264259921291517e-06
ENSG00000169989	1.7264259921291517e-06
ENSG00000166183	1.7207842927427281e-06
ENSG00000198855	1.716448491399836e-06
ENSG00000085465	1.7148700926394796e-06
ENSG00000275111	1.7074724263223336e-06
ENSG00000127774	1.7039365030628916e-06
ENSG00000187627	1.702974225018313e-06
ENSG00000013392	1.7029588841137224e-06
ENSG00000184867	1.6982063754622941e-06
ENSG00000108556	1.6891764291119454e-06
ENSG00000135902	1.6891764291119454e-06
ENSG00000150750	1.688593102994859e-06
ENSG00000153165	1.686792923872879e-06
ENSG00000198863	1.6833651710827844e-06
ENSG00000105784	1.6709343251761929e-06
ENSG00000163053	1.6546782900595418e-06
ENSG00000171970	1.6518447133079017e-06
ENSG00000130528	1.6503889508594458e-06
ENSG00000276876	1.6488638466170073e-06
ENSG00000116874	1.6482823377801075e-06
ENSG00000102921	1.6460950396949549e-06
ENSG00000089692	1.6455605630955317e-06
ENSG00000149182	1.6422844001939056e-06
ENSG00000106853	1.6391443136066152e-06
ENSG00000106266	1.636050764532739e-06
ENSG00000116771	1.633562936019591e-06
ENSG00000189023	1.6315551886444346e-06
ENSG00000133742	1.6249192768826921e-06
ENSG00000144063	1.623975141278168e-06
ENSG00000162623	1.6213550581753901e-06
ENSG00000138308	1.6210378980855972e-06
ENSG00000139410	1.6184009080423546e-06
ENSG00000054179	1.61424816478481e-06
ENSG00000049247	1.6107554433685137e-06
ENSG00000175183	1.6107554433685137e-06
ENSG00000008118	1.6044179435435281e-06
ENSG00000261701	1.601840874592563e-06
ENSG00000163694	1.5969750337624557e-06
ENSG00000182134	1.5953936524899794e-06
ENSG00000140043	1.5935821924484672e-06
ENSG00000235744	1.5926894823705676e-06
ENSG00000239457	1.5926894823705676e-06
ENSG00000100099	1.5886431060072678e-06
ENSG00000175287	1.5862176820039914e-06
ENSG00000143167	1.5862176820039914e-06
ENSG00000123360	1.5862176820039914e-06
ENSG00000145022	1.5809686353576807e-06
ENSG00000124103	1.5794526380645687e-06
ENSG00000157657	1.5775288838320729e-06
ENSG00000078487	1.5725850172441026e-06
ENSG00000007174	1.5725775018280467e-06
ENSG00000120451	1.5651887170526023e-06
ENSG00000115282	1.5639848114766388e-06
ENSG00000103227	1.5611474100130742e-06
ENSG00000228075	1.5578395312228026e-06
ENSG00000170011	1.5569765266337666e-06
ENSG00000092929	1.5569765266337666e-06
ENSG00000102984	1.5539436118836912e-06
ENSG00000110887	1.5509057912100027e-06
ENSG00000205978	1.5484217903338395e-06
ENSG00000005187	1.544914170047941e-06
ENSG00000189037	1.5441633537555054e-06
ENSG00000155367	1.5373895989219889e-06
ENSG00000135750	1.5373895989219889e-06
ENSG00000181826	1.532911285561257e-06
ENSG00000156381	1.5303151753842388e-06
ENSG00000213799	1.5226331496741147e-06
ENSG00000163357	1.517573320235732e-06
ENSG00000095713	1.5122060811813703e-06
ENSG00000105767	1.5075832561993266e-06
ENSG00000124299	1.4947445662751135e-06
ENSG00000115459	1.4936850916297065e-06
ENSG00000148344	1.493522082836919e-06
ENSG00000107020	1.493522082836919e-06
ENSG00000148680	1.4927675975903536e-06
ENSG00000166920	1.4925218054879644e-06
ENSG00000168661	1.4896198323608905e-06
ENSG00000196862	1.489287490852662e-06
ENSG00000144120	1.484210787514464e-06
ENSG00000285203	1.4714408910261483e-06
ENSG00000274538	1.4714408910261483e-06
ENSG00000140986	1.4713651592857467e-06
ENSG00000163673	1.462840456242239e-06
ENSG00000136193	1.462325252635907e-06
ENSG00000134594	1.451524158642792e-06
ENSG00000288399	1.4472371498482832e-06
ENSG00000213337	1.4472371498482832e-06
ENSG00000243335	1.4472371498482832e-06
ENSG00000117419	1.4461504905728772e-06
ENSG00000274611	1.439016027820313e-06
ENSG00000102032	1.4360925992000637e-06
ENSG00000101222	1.4360925992000637e-06
ENSG00000169084	1.4360925992000637e-06
ENSG00000165496	1.4281100240221297e-06
ENSG00000164040	1.4121906788767812e-06
ENSG00000171433	1.4107275785061888e-06
ENSG00000171298	1.4052989416600674e-06
ENSG00000126878	1.3978146607770274e-06
ENSG00000285140	1.3944056601921697e-06
ENSG00000179912	1.3887129482737612e-06
ENSG00000065491	1.3887129482737612e-06
ENSG00000147251	1.3887129482737612e-06
ENSG00000280477	1.3756179665121553e-06
ENSG00000103061	1.3652069166090728e-06
ENSG00000204653	1.3649680150321339e-06
ENSG00000117226	1.3507371598308756e-06
ENSG00000182950	1.348295164489676e-06
ENSG00000170370	1.3452754537456514e-06
ENSG00000148730	1.3452754537456514e-06
ENSG00000223494	1.3446311073043926e-06
ENSG00000007545	1.341423374820842e-06
ENSG00000105519	1.3409500067340918e-06
ENSG00000197951	1.3358253358562716e-06
ENSG00000198464	1.3358253358562716e-06
ENSG00000163040	1.3358253358562716e-06
ENSG00000266338	1.3358253358562716e-06
ENSG00000089356	1.3353737317813716e-06
ENSG00000215126	1.3307643944258033e-06
ENSG00000182362	1.3306586554927797e-06
ENSG00000115457	1.3272353546553821e-06
ENSG00000226784	1.3247797736266994e-06
ENSG00000100147	1.3160100702146257e-06
ENSG00000165521	1.3125535491307009e-06
ENSG00000164117	1.2959491518289224e-06
ENSG00000012660	1.2952737366038902e-06
ENSG00000106258	1.2668505614388014e-06
ENSG00000109208	1.2573785038270585e-06
ENSG00000165105	1.255419815433931e-06
ENSG00000080293	1.2439716496114551e-06
ENSG00000235194	1.2439203511002231e-06
ENSG00000164403	1.2386731279703378e-06
ENSG00000187097	1.235625396759567e-06
ENSG00000170502	1.235625396759567e-06
ENSG00000137198	1.2342064181826158e-06
ENSG00000167549	1.232035309429096e-06
ENSG00000283085	1.2160743799442586e-06
ENSG00000107165	1.2160743799442586e-06
ENSG00000149489	1.215516627228379e-06
ENSG00000109107	1.214712372731237e-06
ENSG00000066697	1.2111006974175724e-06
ENSG00000112304	1.2089152907943928e-06
ENSG00000145850	1.2089152907943928e-06
ENSG00000280969	1.2069317162511708e-06
ENSG00000278444	1.205702019126219e-06
ENSG00000008282	1.2030349229859222e-06
ENSG00000288149	1.1938876151962209e-06
ENSG00000197889	1.1905471812427292e-06
ENSG00000158966	1.1902187077709904e-06
ENSG00000138639	1.1786393228088514e-06
ENSG00000271303	1.1748010196303362e-06
ENSG00000141574	1.1667312002004138e-06
ENSG00000006025	1.1664961380869311e-06
ENSG00000180398	1.1656815300689924e-06
ENSG00000284290	1.156938846707467e-06
ENSG00000116667	1.1430361556868085e-06
ENSG00000226479	1.1430361556868085e-06
ENSG00000136925	1.1401617312552403e-06
ENSG00000198682	1.139509030115845e-06
ENSG00000103037	1.1323082694401331e-06
ENSG00000130844	1.1314823510706814e-06
ENSG00000125356	1.1221577566852858e-06
ENSG00000108474	1.1207148819800118e-06
ENSG00000149573	1.1171901103927382e-06
ENSG00000162814	1.1170409159513098e-06
ENSG00000268009	1.1140737894506765e-06
ENSG00000160282	1.1140737894506765e-06
ENSG00000154957	1.1133618741424233e-06
ENSG00000170748	1.1130343891564545e-06
ENSG00000159335	1.1104654610229397e-06
ENSG00000091542	1.1092735310708803e-06
ENSG00000180346	1.0931716618172807e-06
ENSG00000180611	1.0910776774189154e-06
ENSG00000004777	1.0905628564048404e-06
ENSG00000136531	1.0895091868853635e-06
ENSG00000174672	1.0849037877301526e-06
ENSG00000016864	1.080560137698877e-06
ENSG00000136371	1.0737497125429406e-06
ENSG00000114999	1.0737497125429406e-06
ENSG00000254858	1.0691634095755845e-06
ENSG00000150773	1.0660369935283365e-06
ENSG00000146250	1.0636929981846145e-06
ENSG00000102897	1.0636929981846145e-06
ENSG00000132746	1.0549222617225166e-06
ENSG00000103353	1.048926747331156e-06
ENSG00000129167	1.0356951848344789e-06
ENSG00000135407	1.0237073421564129e-06
ENSG00000258289	1.0218827418452568e-06
ENSG00000176771	1.0160945685113755e-06
ENSG00000070601	1.0101088382686005e-06
ENSG00000185215	1.0101064664872032e-06
ENSG00000072657	1.0043891605222571e-06
ENSG00000167131	9.95519505263541e-07
ENSG00000131069	9.9172556719024e-07
ENSG00000262243	9.638289965846797e-07
ENSG00000166619	9.515319683371618e-07
ENSG00000142235	9.515319683371618e-07
ENSG00000277086	9.43983313786947e-07
ENSG00000138166	9.346850221615758e-07
ENSG00000167470	9.340676206099573e-07
ENSG00000112981	8.921270259280605e-07
ENSG00000103145	8.809452819862739e-07
ENSG00000106049	8.673069616322849e-07
ENSG00000144306	8.640663888407319e-07
ENSG00000132481	8.602162356116544e-07
ENSG00000135374	8.352120421678454e-07
ENSG00000004399	7.801275098871864e-07
ENSG00000162755	7.407245197570401e-07
ENSG00000167525	7.407245197570401e-07
ENSG00000164620	7.393456430280216e-07
ENSG00000196408	7.383428219410242e-07
ENSG00000137880	5.944610953335799e-07
ENSG00000165078	4.7269340170396626e-07
ENSG00000133665	3.791509122546449e-07
ENSG00000196189	1.6577757937708573e-07
ENSG00000170381	1.6577757937708573e-07
ENSG00000175544	0.0
ENSG00000102001	0.0
ENSG00000183979	0.0
ENSG00000288611	0.0
ENSG00000183971	0.0
ENSG00000146013	0.0
ENSG00000117407	0.0
ENSG00000173080	0.0
ENSG00000288474	0.0
ENSG00000206203	0.0
ENSG00000126467	0.0
ENSG00000105668	0.0
ENSG00000110375	0.0
ENSG00000074621	0.0
ENSG00000198515	0.0
ENSG00000139899	0.0
ENSG00000102924	0.0
ENSG00000172318	0.0
ENSG00000241635	0.0
ENSG00000100031	0.0
ENSG00000133475	0.0
ENSG00000282424	0.0
ENSG00000282584	0.0
