GeneNames	Score
ENSG00000146648	0.0024908757071683456
ENSG00000141510	0.002370796673805415
ENSG00000177885	0.0017973655090351337
ENSG00000136997	0.0016659174201731064
ENSG00000100393	0.001605057884099963
ENSG00000116478	0.0015382743766863575
ENSG00000168036	0.0015134125608197658
ENSG00000188612	0.0015130707661738336
ENSG00000115414	0.0014661474820007719
ENSG00000145675	0.0014598030220540786
ENSG00000163631	0.001339807370174393
ENSG00000100603	0.0012637391584699987
ENSG00000091831	0.0012238731334876744
ENSG00000148400	0.001115408451438095
ENSG00000166913	0.0011090738345261714
ENSG00000096401	0.0010959958813858265
ENSG00000142208	0.0010371433171687773
ENSG00000080824	0.0010207756689464326
ENSG00000197122	0.0009303181877964774
ENSG00000169083	0.0009298772533658284
ENSG00000004487	0.0009154173691540376
ENSG00000196591	0.000909289986638686
ENSG00000012048	0.0009083762850382419
ENSG00000129521	0.0008946866719854554
ENSG00000036257	0.0008840728339721954
ENSG00000181163	0.0008839182226500439
ENSG00000123374	0.0008708857286101391
ENSG00000160691	0.0008584174913693917
ENSG00000132155	0.0008567816235246267
ENSG00000173039	0.000856436682623256
ENSG00000100345	0.0008473607218012631
ENSG00000162692	0.0008455466289295148
ENSG00000005339	0.0008440557076003474
ENSG00000166949	0.0008194227869090529
ENSG00000135679	0.0007985300759341784
ENSG00000124181	0.0007747359854805831
ENSG00000100030	0.0007672012162479107
ENSG00000177606	0.000765285879194289
ENSG00000164924	0.0007629034795009218
ENSG00000147403	0.0007535239056247431
ENSG00000141736	0.0007447761267560923
ENSG00000153187	0.0007246156601175197
ENSG00000141480	0.0007227190677357156
ENSG00000096384	0.0007104818988128868
ENSG00000121879	0.0007060246434789137
ENSG00000094916	0.0006989970533481436
ENSG00000183421	0.0006892313078926576
ENSG00000213639	0.0006869033422912377
ENSG00000102882	0.000673472536382195
ENSG00000116030	0.0006629654271556485
ENSG00000106462	0.0006611686941599904
ENSG00000137486	0.00066070052504947
ENSG00000139687	0.0006585150182835447
ENSG00000169398	0.0006253753807212032
ENSG00000105647	0.0006253518607877538
ENSG00000149311	0.000614276731486057
ENSG00000141367	0.0006096018960492566
ENSG00000147601	0.000606368164783008
ENSG00000185920	0.000602807830104414
ENSG00000172531	0.000598211040745501
ENSG00000188486	0.0005937399863418934
ENSG00000141027	0.0005897935485025753
ENSG00000175387	0.0005857770451478895
ENSG00000140009	0.0005843322793069412
ENSG00000184634	0.0005711609418699575
ENSG00000170027	0.000567942436884721
ENSG00000105568	0.0005650440006847961
ENSG00000103275	0.0005642871137848536
ENSG00000183337	0.0005612076328956557
ENSG00000068024	0.0005609551575037482
ENSG00000185591	0.0005556701533917901
ENSG00000276536	0.0005544457549905716
ENSG00000179295	0.0005539999699318808
ENSG00000168610	0.0005522080644204265
ENSG00000010810	0.0005513123543059465
ENSG00000113721	0.000549945783385196
ENSG00000196535	0.0005477546582650663
ENSG00000110395	0.0005467641202862153
ENSG00000134982	0.0005450479899321913
ENSG00000169032	0.0005418646597625985
ENSG00000182944	0.0005396554529596332
ENSG00000269335	0.0005370601428018739
ENSG00000157764	0.0005360618163361878
ENSG00000105976	0.0005351952478815671
ENSG00000128513	0.0005348362367934686
ENSG00000186298	0.0005347022787514042
ENSG00000082701	0.0005312331427257303
ENSG00000113558	0.0005308540879268884
ENSG00000130726	0.0005286102222470622
ENSG00000140575	0.0005283733338989748
ENSG00000166135	0.0005283208012449173
ENSG00000127191	0.0005236798907373555
ENSG00000140464	0.0005195462065679666
ENSG00000131467	0.0005182243278858521
ENSG00000115415	0.0005171009643439837
ENSG00000115966	0.0005145893005754919
ENSG00000131759	0.0005090331402121204
ENSG00000145715	0.000505260280576575
ENSG00000253729	0.0005039556178168847
ENSG00000066117	0.0005036256704445434
ENSG00000078061	0.0005016699525428958
ENSG00000141568	0.0005004083822950971
ENSG00000112559	0.0004962622449939957
ENSG00000100644	0.0004947752621097313
ENSG00000134086	0.000492955435589416
ENSG00000112062	0.0004903629154702437
ENSG00000115904	0.0004877071396684433
ENSG00000101945	0.000486406017356364
ENSG00000127616	0.00048635756449570585
ENSG00000168214	0.00048635205929985865
ENSG00000286522	0.00048626157621285395
ENSG00000178568	0.0004843128296543711
ENSG00000096717	0.0004817149210711992
ENSG00000077782	0.00048148994134648767
ENSG00000169047	0.00048020760265396847
ENSG00000163513	0.0004768768011989335
ENSG00000136238	0.0004764346460949587
ENSG00000196367	0.00047342602703590064
ENSG00000128052	0.0004716384244241027
ENSG00000065361	0.0004709084131204637
ENSG00000116977	0.0004692499986728501
ENSG00000167862	0.0004671858159319867
ENSG00000197299	0.00046514995805783065
ENSG00000066468	0.0004645365297450441
ENSG00000170345	0.0004640084756520372
ENSG00000166167	0.0004637689218509911
ENSG00000126561	0.00046362964645860357
ENSG00000157404	0.0004636107831424489
ENSG00000109320	0.00046232061091116037
ENSG00000171862	0.0004618858543059548
ENSG00000118260	0.00046041465129848484
ENSG00000179222	0.0004554372825957323
ENSG00000092820	0.00045478329793100484
ENSG00000067560	0.00045163318763541947
ENSG00000096968	0.00045104769608446545
ENSG00000104517	0.0004487123015069145
ENSG00000171720	0.00044847168149011795
ENSG00000124762	0.0004478215588950661
ENSG00000102054	0.00044691878665586483
ENSG00000187555	0.0004465781347537997
ENSG00000101412	0.00044650787120488694
ENSG00000131747	0.00044443267223350587
ENSG00000097007	0.00044417711903849133
ENSG00000115524	0.0004440631923271463
ENSG00000100697	0.00044367725799560016
ENSG00000173226	0.00044236796568707603
ENSG00000141646	0.00044216046442459083
ENSG00000159216	0.0004401742360772018
ENSG00000070831	0.0004382954977004255
ENSG00000196924	0.00043622404055902665
ENSG00000135486	0.00043533619334287874
ENSG00000134308	0.00043292999296252105
ENSG00000167770	0.00043224638440670407
ENSG00000105401	0.00042963062007921277
ENSG00000108055	0.00042850912780106345
ENSG00000103197	0.000428067145538659
ENSG00000001626	0.00042769193785057987
ENSG00000051382	0.00042641280677327127
ENSG00000135316	0.00042625092510651817
ENSG00000166851	0.00042595782814702164
ENSG00000088986	0.00042544907165772245
ENSG00000068078	0.00042275682563648246
ENSG00000111679	0.0004213451169573892
ENSG00000205937	0.0004212606002619228
ENSG00000085662	0.0004193186346031242
ENSG00000054267	0.00041807464640866764
ENSG00000166848	0.00041717586877714597
ENSG00000101361	0.0004168639867648335
ENSG00000139618	0.0004159351684815632
ENSG00000146535	0.0004158321355998628
ENSG00000196504	0.0004158028268033728
ENSG00000166333	0.00041566091063482627
ENSG00000182578	0.00041395490684188296
ENSG00000069956	0.0004135205109036162
ENSG00000136807	0.0004125629012282436
ENSG00000067369	0.00041094049486301395
ENSG00000198730	0.0004097511213334801
ENSG00000165280	0.00040923138641920243
ENSG00000113575	0.00040783107583290435
ENSG00000175104	0.0004053046061262257
ENSG00000167193	0.00040464217812225293
ENSG00000100151	0.000404397337749574
ENSG00000147065	0.00040426776232112613
ENSG00000161203	0.0004026620354120513
ENSG00000128245	0.0004022992387525809
ENSG00000070770	0.00040201118436341106
ENSG00000133703	0.00040172316855874226
ENSG00000105894	0.00040075289343296985
ENSG00000049618	0.00039987484176089204
ENSG00000117461	0.0003998665792779434
ENSG00000169375	0.00039985487054499226
ENSG00000181555	0.00039683095631068107
ENSG00000163565	0.0003968022347560645
ENSG00000101972	0.00039680098744588525
ENSG00000117713	0.00039572431012674803
ENSG00000142192	0.0003938876703885654
ENSG00000089280	0.00039249290661705225
ENSG00000124466	0.0003902490927214748
ENSG00000127337	0.0003897544812025294
ENSG00000198890	0.0003891496708964768
ENSG00000110713	0.00038846849588329026
ENSG00000175054	0.0003859947661125324
ENSG00000173473	0.00038555502175020953
ENSG00000254087	0.00038511048409219404
ENSG00000165916	0.0003849200272993233
ENSG00000157106	0.0003847445119607424
ENSG00000153814	0.00038454016487427764
ENSG00000175602	0.0003844037257291717
ENSG00000087586	0.0003830912479093443
ENSG00000055130	0.0003827940824808908
ENSG00000113916	0.0003813690529129346
ENSG00000105397	0.0003813332082687102
ENSG00000111711	0.0003804312953981689
ENSG00000065970	0.000380424471402438
ENSG00000108654	0.0003794371779193325
ENSG00000183207	0.0003794163830517116
ENSG00000213281	0.0003794079254384714
ENSG00000185359	0.0003787493875356378
ENSG00000165458	0.0003761388630955828
ENSG00000135446	0.000374813792501071
ENSG00000075218	0.0003746512489649651
ENSG00000079999	0.0003742575004203011
ENSG00000047410	0.00037381326442410107
ENSG00000075624	0.0003723994143781298
ENSG00000109971	0.00037178388286388664
ENSG00000197879	0.00036961014559747145
ENSG00000141543	0.0003689571940173317
ENSG00000104365	0.00036851241258507264
ENSG00000108424	0.00036834688282659164
ENSG00000174197	0.0003678678343144074
ENSG00000072803	0.0003662404500842279
ENSG00000118046	0.00036603233265068496
ENSG00000113758	0.0003657816065438517
ENSG00000197157	0.00036573506202939703
ENSG00000183495	0.0003652865828596213
ENSG00000175793	0.0003650261731445234
ENSG00000161011	0.0003647204996841882
ENSG00000174720	0.0003641176335115183
ENSG00000131981	0.0003629645445005292
ENSG00000196363	0.00036267237555466975
ENSG00000159692	0.0003623881360489977
ENSG00000102974	0.00036236810931319474
ENSG00000171791	0.00036219955177875605
ENSG00000125686	0.0003621620434199121
ENSG00000176678	0.0003609734833725112
ENSG00000163517	0.0003606772368178074
ENSG00000162521	0.00035889386465822793
ENSG00000148773	0.00035878133040219044
ENSG00000126934	0.00035788220999552283
ENSG00000072364	0.0003575508953532118
ENSG00000078747	0.00035728449140724354
ENSG00000198898	0.00035529277782918593
ENSG00000186575	0.00035432940670053443
ENSG00000084774	0.00035430789294111194
ENSG00000197323	0.0003526584755460827
ENSG00000087191	0.0003515996476819832
ENSG00000084676	0.0003513026220558725
ENSG00000138160	0.00035085033503492086
ENSG00000213341	0.0003489668347359009
ENSG00000071655	0.00034835886039647217
ENSG00000134954	0.00034715833118533076
ENSG00000133805	0.00034715446224911276
ENSG00000132646	0.00034635787847433705
ENSG00000196843	0.0003455082967835561
ENSG00000122566	0.00034510401654231477
ENSG00000134243	0.0003447412143102309
ENSG00000157613	0.00034468576616745767
ENSG00000121989	0.0003437120209713559
ENSG00000166888	0.0003422220016443685
ENSG00000150093	0.00034217368839759493
ENSG00000143799	0.00034065271273080205
ENSG00000111206	0.00033871113352497526
ENSG00000159363	0.00033816872780865635
ENSG00000101367	0.00033778271311865144
ENSG00000127445	0.0003375262462699481
ENSG00000123124	0.00033664616652591655
ENSG00000275126	0.00033625132967014245
ENSG00000198646	0.0003355835963696632
ENSG00000140443	0.00033521911317091897
ENSG00000164916	0.00033426877469551393
ENSG00000011426	0.00033355585270186737
ENSG00000162735	0.00033354351681203734
ENSG00000167258	0.0003332238986913383
ENSG00000116044	0.0003327718752024617
ENSG00000172977	0.0003322800395582317
ENSG00000101266	0.0003316936638590673
ENSG00000147548	0.0003316808701206001
ENSG00000113712	0.0003305208932224649
ENSG00000183579	0.00033050393714152275
ENSG00000166068	0.00033039396048731946
ENSG00000184371	0.0003302204082262898
ENSG00000165731	0.0003293468858921102
ENSG00000165699	0.00032925257570907436
ENSG00000112592	0.00032880621872619217
ENSG00000125676	0.00032858297151288837
ENSG00000163939	0.00032806500236017813
ENSG00000049768	0.00032759477192155435
ENSG00000172534	0.00032665970592276217
ENSG00000167642	0.00032620966579344045
ENSG00000114166	0.0003258341788566685
ENSG00000124789	0.00032501208286533445
ENSG00000145386	0.00032480300146991466
ENSG00000145147	0.0003246790265042657
ENSG00000118985	0.0003242471206942358
ENSG00000143575	0.0003233174125268498
ENSG00000071564	0.0003231328665427768
ENSG00000143622	0.0003227088632235299
ENSG00000071051	0.00032243128508240644
ENSG00000186350	0.0003221100073441554
ENSG00000137693	0.00032191083844572
ENSG00000234651	0.0003210759895844415
ENSG00000280548	0.00032089138738483706
ENSG00000170312	0.0003207498947765256
ENSG00000177463	0.0003205264802244644
ENSG00000139613	0.00032029263016393147
ENSG00000103126	0.00032015973205470904
ENSG00000183765	0.00031929013636398484
ENSG00000196498	0.00031896967705942524
ENSG00000183638	0.0003187552152869952
ENSG00000101966	0.00031874064748045475
ENSG00000138668	0.00031872932429817877
ENSG00000175029	0.00031809811980314175
ENSG00000171956	0.0003177818630748253
ENSG00000126215	0.00031762486421013116
ENSG00000198286	0.0003175043093327425
ENSG00000198793	0.0003174273399726094
ENSG00000135903	0.00031704985679414325
ENSG00000004975	0.0003161727591878709
ENSG00000134853	0.0003159907306623734
ENSG00000071626	0.00031580677088513894
ENSG00000122565	0.0003157605978068497
ENSG00000125447	0.0003147017159457631
ENSG00000087365	0.0003138411861865447
ENSG00000124788	0.0003138131298016823
ENSG00000274474	0.00031357119368417483
ENSG00000109458	0.0003134524044754817
ENSG00000122641	0.00031323919397743463
ENSG00000140988	0.00031231670815501936
ENSG00000273993	0.00031221342462378924
ENSG00000111642	0.0003110755040040261
ENSG00000186908	0.00031074652339578264
ENSG00000108312	0.0003107338051232846
ENSG00000101558	0.0003105228022402526
ENSG00000113580	0.00031026360375387206
ENSG00000121022	0.00031014710280858867
ENSG00000086758	0.0003093585579071851
ENSG00000139718	0.00030909687341599434
ENSG00000099783	0.0003089783560759374
ENSG00000147140	0.00030728528544277843
ENSG00000077150	0.00030593888135994104
ENSG00000178919	0.0003057303769895205
ENSG00000135829	0.0003055712966750185
ENSG00000072518	0.0003054070663648379
ENSG00000140992	0.0003052217632994866
ENSG00000240563	0.00030479762065485915
ENSG00000136485	0.00030447655561818067
ENSG00000145012	0.00030428059636920617
ENSG00000107643	0.00030404064447790013
ENSG00000134574	0.0003039060679174867
ENSG00000158290	0.00030381555880875283
ENSG00000140836	0.0003037847820460876
ENSG00000104412	0.0003036691167751691
ENSG00000104695	0.00030356245834194795
ENSG00000126457	0.0003033000599599662
ENSG00000167110	0.00030285177550055893
ENSG00000110092	0.0003026718329422085
ENSG00000119414	0.00030175762915234827
ENSG00000023445	0.0003016685456302218
ENSG00000183779	0.0003015306590208087
ENSG00000196419	0.00030144443829878344
ENSG00000138674	0.00030072858646190405
ENSG00000162946	0.0003000104676972427
ENSG00000165119	0.00029970970517645846
ENSG00000170581	0.0002992363452356844
ENSG00000163930	0.0002992276106306096
ENSG00000029534	0.0002988532676178852
ENSG00000158092	0.00029785022519480747
ENSG00000079805	0.00029738534385418254
ENSG00000050405	0.0002968792485290189
ENSG00000051180	0.00029621857938974744
ENSG00000170759	0.00029609656887966904
ENSG00000101146	0.0002953698573977272
ENSG00000105974	0.0002952825244486437
ENSG00000101421	0.00029521072626566286
ENSG00000104884	0.00029437994412951865
ENSG00000148843	0.00029437693283181684
ENSG00000236177	0.0002941785071759209
ENSG00000178971	0.00029402829361707526
ENSG00000187605	0.00029344399112795255
ENSG00000163435	0.0002933262450698808
ENSG00000242802	0.0002932234188383118
ENSG00000049540	0.00029220835867521785
ENSG00000146834	0.00029216340986586685
ENSG00000148396	0.000291729142763924
ENSG00000111581	0.000291632493286079
ENSG00000143772	0.0002912501142849552
ENSG00000145907	0.00029119395555539656
ENSG00000081913	0.0002908347042342524
ENSG00000072201	0.00029079316087779987
ENSG00000151702	0.00029077798717128204
ENSG00000135333	0.00029075520387318474
ENSG00000056558	0.00029048663690490204
ENSG00000188827	0.00029038270666684185
ENSG00000099956	0.00029030788114163303
ENSG00000004897	0.00028977573720183396
ENSG00000135250	0.00028933324224223703
ENSG00000198909	0.000289233903199158
ENSG00000121903	0.0002886161070489867
ENSG00000135018	0.00028775950042955056
ENSG00000026025	0.00028747598012758227
ENSG00000138071	0.000286785580044847
ENSG00000106799	0.00028589926795207513
ENSG00000082898	0.0002857958674926767
ENSG00000015479	0.00028562127645634567
ENSG00000129315	0.00028548135261257095
ENSG00000160570	0.0002849185944409945
ENSG00000101109	0.00028439588741386684
ENSG00000108468	0.00028294617020504175
ENSG00000123154	0.0002828649713222439
ENSG00000099942	0.0002828572913238817
ENSG00000100387	0.00028278183008915075
ENSG00000112164	0.0002823106012566643
ENSG00000148584	0.00028218166483414385
ENSG00000107175	0.00028177431622593155
ENSG00000094631	0.0002804883278746017
ENSG00000171105	0.00028040355552153484
ENSG00000113578	0.0002795564913315637
ENSG00000130396	0.0002795426156446929
ENSG00000167986	0.0002792016098462819
ENSG00000111276	0.0002789079778853777
ENSG00000147162	0.00027865776406870167
ENSG00000170365	0.00027865444952609796
ENSG00000198862	0.0002785702010011406
ENSG00000010017	0.0002784086297234719
ENSG00000198822	0.000278156353893437
ENSG00000011422	0.00027812364332304297
ENSG00000136518	0.0002779140161964959
ENSG00000154229	0.00027779415579588026
ENSG00000118137	0.00027760028819987843
ENSG00000083635	0.00027754955910005394
ENSG00000134057	0.0002766555709993779
ENSG00000165156	0.00027665223456244575
ENSG00000160789	0.00027629478508269206
ENSG00000196182	0.0002762584082856064
ENSG00000126767	0.00027575093477553194
ENSG00000170558	0.00027526194859066593
ENSG00000039068	0.00027428510913626197
ENSG00000057657	0.00027372912067022474
ENSG00000068489	0.0002737243932758336
ENSG00000166925	0.0002735130683434112
ENSG00000085224	0.00027317341034581894
ENSG00000104760	0.00027304526080433676
ENSG00000132170	0.00027298739457633974
ENSG00000146047	0.0002729554188876258
ENSG00000277401	0.0002725954456904334
ENSG00000188846	0.00027248143772832205
ENSG00000132535	0.00027231762708792374
ENSG00000134644	0.0002723048902926686
ENSG00000115053	0.0002720223475175539
ENSG00000100462	0.0002719247690244535
ENSG00000171552	0.00027167933717019854
ENSG00000213923	0.0002716260920389988
ENSG00000125618	0.0002715312688809763
ENSG00000100815	0.0002711227498719111
ENSG00000196628	0.00027096784045536437
ENSG00000047936	0.0002708780407993787
ENSG00000162385	0.00027075331851997384
ENSG00000198795	0.0002704174789773207
ENSG00000124164	0.000270113944931799
ENSG00000140262	0.00027009667180862056
ENSG00000182866	0.0002695947727546214
ENSG00000063244	0.0002694209128397495
ENSG00000150907	0.0002693308122923108
ENSG00000183735	0.00026896016585052564
ENSG00000129351	0.00026877817934394785
ENSG00000114742	0.00026834463221386866
ENSG00000102125	0.00026829980608085284
ENSG00000177084	0.0002679559915674044
ENSG00000075711	0.0002669848379935742
ENSG00000173207	0.000266623703361285
ENSG00000113263	0.00026634645547381127
ENSG00000168702	0.00026632931545805187
ENSG00000100888	0.0002659986972886704
ENSG00000065911	0.0002657200077930333
ENSG00000288516	0.0002653265854393074
ENSG00000132383	0.00026442696649869087
ENSG00000106211	0.00026386234452831675
ENSG00000123983	0.00026371289023861496
ENSG00000164588	0.0002635282529244416
ENSG00000160551	0.0002633793039954875
ENSG00000244405	0.00026259204202206554
ENSG00000157110	0.0002625656773333127
ENSG00000168412	0.0002620780508112318
ENSG00000135111	0.00026204259565665804
ENSG00000118689	0.00026171150239640554
ENSG00000147804	0.0002610675983330603
ENSG00000182979	0.00026094696368391345
ENSG00000125952	0.00026077151616909767
ENSG00000168259	0.00025924388134481894
ENSG00000069399	0.0002591261445929136
ENSG00000166923	0.0002590960063302301
ENSG00000080503	0.0002589527816310259
ENSG00000134698	0.0002589022337590361
ENSG00000108561	0.0002588203724536065
ENSG00000140538	0.0002586519834309221
ENSG00000173821	0.0002583319722071943
ENSG00000035403	0.00025802123416775045
ENSG00000178104	0.0002575054479272869
ENSG00000124151	0.00025744446953865916
ENSG00000137203	0.0002572286723280169
ENSG00000186472	0.0002570417754730022
ENSG00000103266	0.00025702641025309467
ENSG00000131791	0.00025638086063434115
ENSG00000102977	0.00025563482712855084
ENSG00000223638	0.0002553216926974937
ENSG00000136754	0.0002551152811267745
ENSG00000111321	0.00025497281919310475
ENSG00000172270	0.0002546130602589549
ENSG00000169105	0.0002539946881139616
ENSG00000058729	0.00025381899294521325
ENSG00000278372	0.0002535590858427088
ENSG00000179094	0.00025354650793653805
ENSG00000162736	0.00025338344958933975
ENSG00000171992	0.00025326847584560344
ENSG00000084093	0.0002528370428143869
ENSG00000147082	0.00025227504603373357
ENSG00000159352	0.00025194805661710575
ENSG00000168092	0.00025133346270921617
ENSG00000183454	0.00025132982512070836
ENSG00000143321	0.00025094008731595547
ENSG00000153147	0.00025054082169084996
ENSG00000166266	0.00024970943058176407
ENSG00000073282	0.00024939987051811704
ENSG00000060688	0.0002490669659932443
ENSG00000087088	0.0002488267691506176
ENSG00000108774	0.0002485825145367772
ENSG00000137309	0.00024840147488556054
ENSG00000161800	0.00024835958899225853
ENSG00000131508	0.00024835921232858177
ENSG00000173894	0.00024812210054503273
ENSG00000074219	0.000248014157425068
ENSG00000139842	0.0002477152936308037
ENSG00000131748	0.0002474462879934215
ENSG00000170471	0.0002472184699345984
ENSG00000141570	0.0002471629861366485
ENSG00000142937	0.0002471281991435745
ENSG00000186566	0.00024712425096386296
ENSG00000122025	0.00024676536938502395
ENSG00000047579	0.00024656772741503137
ENSG00000166946	0.0002465265270842467
ENSG00000120696	0.0002464017559508273
ENSG00000166750	0.00024635885060025545
ENSG00000125266	0.0002449667553576923
ENSG00000064692	0.0002449662573067682
ENSG00000076242	0.00024460665269957556
ENSG00000083857	0.00024399532283866221
ENSG00000055732	0.00024397709085025536
ENSG00000046651	0.0002436433511906372
ENSG00000087338	0.00024325500023266981
ENSG00000172716	0.00024315437214765203
ENSG00000196235	0.00024310691245032129
ENSG00000164379	0.00024306962602376413
ENSG00000134371	0.00024306494123424503
ENSG00000165506	0.0002425229711132726
ENSG00000121481	0.0002423557051139461
ENSG00000144597	0.00024222618115262847
ENSG00000170606	0.00024160149567037292
ENSG00000122952	0.00024151303125939457
ENSG00000108773	0.00024128823837177472
ENSG00000213024	0.00024127355647843063
ENSG00000163820	0.0002412145337177562
ENSG00000132964	0.00024113287154008632
ENSG00000125107	0.0002409131816192485
ENSG00000111676	0.0002405468094527289
ENSG00000227046	0.00024045724870856488
ENSG00000114354	0.00024026379081907128
ENSG00000102034	0.00024020526713604393
ENSG00000172943	0.00024013832139104665
ENSG00000138795	0.00023991985492979626
ENSG00000083168	0.00023919567093768992
ENSG00000135063	0.00023889051113211866
ENSG00000117399	0.00023872739021396386
ENSG00000034713	0.00023860188554217723
ENSG00000058866	0.00023853659665274587
ENSG00000065978	0.00023841209467446656
ENSG00000050748	0.00023810210348456187
ENSG00000116918	0.00023802822237405793
ENSG00000134640	0.0002377294788120878
ENSG00000139154	0.0002375070997011185
ENSG00000162434	0.0002375040686061962
ENSG00000185900	0.00023733304963123657
ENSG00000111640	0.00023660826395172083
ENSG00000163960	0.0002366046450630363
ENSG00000196923	0.00023586461625855706
ENSG00000123908	0.00023564978217029936
ENSG00000100764	0.0002355175951616528
ENSG00000132341	0.00023517772231035735
ENSG00000147133	0.00023515112543105008
ENSG00000284915	0.0002351155484628455
ENSG00000182054	0.0002344725295583668
ENSG00000132604	0.0002343300249152286
ENSG00000060339	0.00023385867545766363
ENSG00000172354	0.00023374506734260642
ENSG00000144381	0.0002337280599963377
ENSG00000178999	0.00023260711080734444
ENSG00000168002	0.0002322631495114612
ENSG00000095015	0.0002320884744992704
ENSG00000138175	0.00023207993725084033
ENSG00000124422	0.00023192307786054018
ENSG00000138685	0.00023177651468692234
ENSG00000067182	0.00023129861591863617
ENSG00000167553	0.00023120356267392926
ENSG00000115163	0.00023050873634032724
ENSG00000127838	0.00023036536609312525
ENSG00000100906	0.0002302278431340534
ENSG00000168090	0.00022979853331190207
ENSG00000120899	0.00022951767979555087
ENSG00000285246	0.00022945422309184632
ENSG00000151725	0.00022933971866992184
ENSG00000125845	0.00022911484946145323
ENSG00000143190	0.0002282530525212905
ENSG00000111652	0.00022769932062024286
ENSG00000067900	0.00022755859020071896
ENSG00000181852	0.0002267851396860426
ENSG00000108883	0.00022659844791806101
ENSG00000137955	0.00022639905698381883
ENSG00000048052	0.00022562905529350705
ENSG00000145335	0.00022516291598146916
ENSG00000198681	0.00022488157616255998
ENSG00000104969	0.0002248024824569238
ENSG00000143436	0.00022464814947445124
ENSG00000149269	0.00022464039658667338
ENSG00000259207	0.0002245867023982489
ENSG00000146731	0.00022438503884694716
ENSG00000168395	0.00022402488627081826
ENSG00000158186	0.0002239703651672395
ENSG00000126581	0.0002238292763124206
ENSG00000136897	0.00022373554461887005
ENSG00000165025	0.00022364484146798045
ENSG00000107854	0.00022309461786859753
ENSG00000155657	0.00022307175372502186
ENSG00000135144	0.00022295507112178633
ENSG00000087152	0.0002227973415293156
ENSG00000114353	0.000222756115509713
ENSG00000115233	0.00022235273287622364
ENSG00000196549	0.00022211332572349385
ENSG00000136937	0.00022194927008226047
ENSG00000143437	0.00022179210651569728
ENSG00000171634	0.00022155350471104752
ENSG00000164109	0.00022153768268694802
ENSG00000075785	0.00022133602909246196
ENSG00000143947	0.00022119925727190465
ENSG00000105221	0.00022002250153519844
ENSG00000101126	0.0002198946696945632
ENSG00000100379	0.00021980559091081865
ENSG00000232960	0.00021966843068280383
ENSG00000120693	0.00021947971603330507
ENSG00000275885	0.00021946271081258508
ENSG00000163932	0.00021943578049880182
ENSG00000105639	0.0002194039880516254
ENSG00000232810	0.00021936970371332705
ENSG00000117758	0.0002191470829971288
ENSG00000044115	0.000219074411067745
ENSG00000115091	0.0002184191436775434
ENSG00000109906	0.00021815251536630708
ENSG00000283777	0.00021807706884771137
ENSG00000137154	0.00021745250649173988
ENSG00000166225	0.0002172732047433994
ENSG00000166226	0.00021722351677827312
ENSG00000103479	0.00021707520099364922
ENSG00000100811	0.00021627547834799225
ENSG00000138413	0.000216264174234488
ENSG00000131196	0.00021612067227648764
ENSG00000234495	0.00021570047517157286
ENSG00000108946	0.00021521862091376413
ENSG00000149554	0.00021499367870137233
ENSG00000156970	0.00021485067001335206
ENSG00000100614	0.00021466233138536878
ENSG00000198176	0.0002146474540037931
ENSG00000074266	0.00021464151454022977
ENSG00000078674	0.00021417740866140096
ENSG00000171608	0.00021380481359043187
ENSG00000064012	0.00021371941833043642
ENSG00000171735	0.00021369542322659447
ENSG00000014164	0.00021349475567806393
ENSG00000142168	0.00021346830410014792
ENSG00000101076	0.0002134564806005829
ENSG00000100726	0.00021323447402040412
ENSG00000114999	0.00021319425110468277
ENSG00000079246	0.00021308955651686408
ENSG00000198121	0.00021308303966898756
ENSG00000113194	0.00021302916841187673
ENSG00000183668	0.00021290368670525808
ENSG00000176165	0.0002127006803803748
ENSG00000153201	0.00021256704392448808
ENSG00000182220	0.00021250073295990565
ENSG00000186185	0.0002124088919235171
ENSG00000102226	0.0002123773778196638
ENSG00000174343	0.00021205542400557555
ENSG00000115289	0.00021170054238447484
ENSG00000117620	0.00021166935370028732
ENSG00000137713	0.00021164078790547093
ENSG00000128731	0.00021155911396421965
ENSG00000084623	0.00021154689393771027
ENSG00000110330	0.0002114124420375828
ENSG00000157168	0.0002113906266802842
ENSG00000099817	0.00021109237816441454
ENSG00000076321	0.0002110824832471367
ENSG00000137807	0.00021097350921104338
ENSG00000179772	0.00021081608669741973
ENSG00000114956	0.00021073928124102614
ENSG00000092841	0.00021069556209734756
ENSG00000198400	0.00021066423621165668
ENSG00000157212	0.00021058805304731835
ENSG00000002330	0.00021045669167626954
ENSG00000160679	0.0002104088172781519
ENSG00000112658	0.00021022234193837088
ENSG00000156873	0.00021018159443114985
ENSG00000058272	0.00021013263862482262
ENSG00000108256	0.0002099859026942078
ENSG00000028137	0.00020948999657650135
ENSG00000073584	0.00020926495884575688
ENSG00000130725	0.00020926197601098823
ENSG00000029363	0.00020917786529931867
ENSG00000078369	0.00020916555076287585
ENSG00000167085	0.00020888514968450043
ENSG00000141582	0.0002088214355581392
ENSG00000160867	0.00020879572422873423
ENSG00000155561	0.0002087184032688046
ENSG00000138448	0.0002086967333344063
ENSG00000079134	0.0002084786625843315
ENSG00000172939	0.00020825847892892214
ENSG00000175166	0.00020813048417476953
ENSG00000125991	0.00020793277163959272
ENSG00000281324	0.0002079199579386869
ENSG00000131788	0.000207682941332844
ENSG00000055332	0.00020764394761825966
ENSG00000180370	0.00020752685329599856
ENSG00000153107	0.00020744735118848732
ENSG00000143621	0.00020713385872173787
ENSG00000088930	0.00020687854891308856
ENSG00000196781	0.00020661986385105732
ENSG00000101337	0.00020661675513548595
ENSG00000197102	0.0002062153381406234
ENSG00000085415	0.0002062126521964866
ENSG00000170004	0.00020596857042723076
ENSG00000006125	0.0002058323311253125
ENSG00000185800	0.0002056678833898456
ENSG00000093009	0.00020562325528447034
ENSG00000082014	0.00020558769827414515
ENSG00000187741	0.00020548102758722136
ENSG00000095002	0.00020538890452323746
ENSG00000244462	0.0002051449285773583
ENSG00000158813	0.00020507634988470506
ENSG00000066044	0.00020507236076082604
ENSG00000014257	0.00020500773892627496
ENSG00000158485	0.00020493359887437045
ENSG00000197386	0.00020490199037919126
ENSG00000044524	0.00020469745325723068
ENSG00000173801	0.00020465364784868782
ENSG00000184009	0.0002045898443785896
ENSG00000170142	0.0002043978551198853
ENSG00000050628	0.00020415853680093434
ENSG00000104872	0.00020411811278744457
ENSG00000111424	0.00020392491159543973
ENSG00000169313	0.00020372814709453973
ENSG00000284901	0.0002036785396941449
ENSG00000100083	0.00020349667841264082
ENSG00000154380	0.00020342558508683778
ENSG00000105854	0.00020333134396954692
ENSG00000258227	0.0002030372249021365
ENSG00000089685	0.000202943151069923
ENSG00000168961	0.00020271538981535045
ENSG00000173402	0.0002025274867653816
ENSG00000251258	0.00020222100133816372
ENSG00000127314	0.00020216380036888648
ENSG00000167552	0.00020193610598113058
ENSG00000197860	0.00020131331495587074
ENSG00000114302	0.00020116432172992898
ENSG00000265241	0.0002011282051598501
ENSG00000047932	0.00020083424534757954
ENSG00000110925	0.00020063436730865137
ENSG00000146670	0.00020051659861551073
ENSG00000031823	0.00020049486667231473
ENSG00000196470	0.00019988132841981476
ENSG00000149582	0.00019977078230241265
ENSG00000087077	0.00019970670657199616
ENSG00000124813	0.0001995793596869698
ENSG00000165392	0.00019953875684450574
ENSG00000178950	0.00019948106967183267
ENSG00000149480	0.0001992803358627257
ENSG00000181638	0.000199240336663677
ENSG00000144674	0.00019912028319532738
ENSG00000122126	0.0001990899638970733
ENSG00000187778	0.00019902647244326896
ENSG00000082458	0.0001989824985596667
ENSG00000269556	0.00019896404561944213
ENSG00000215301	0.0001989520146677733
ENSG00000066336	0.00019893408495883533
ENSG00000118217	0.00019872281514495338
ENSG00000123268	0.00019860565305273813
ENSG00000163468	0.0001985218534337046
ENSG00000146918	0.00019841500478529113
ENSG00000143549	0.0001982123091308304
ENSG00000129084	0.00019800667680956865
ENSG00000169604	0.00019796440725737503
ENSG00000127481	0.0001975980614004724
ENSG00000065526	0.00019754083128357695
ENSG00000143442	0.00019741309133116658
ENSG00000196576	0.0001973674570105476
ENSG00000170315	0.00019693377824888094
ENSG00000272886	0.0001969191679473384
ENSG00000263236	0.00019687540467894907
ENSG00000163602	0.00019681136774597332
ENSG00000197170	0.0001967922225874103
ENSG00000120071	0.00019677310691566945
ENSG00000103490	0.0001965923357852579
ENSG00000100425	0.00019651793416775653
ENSG00000143258	0.00019640608463090183
ENSG00000106723	0.00019608085838995632
ENSG00000101843	0.00019593160912059572
ENSG00000168028	0.00019587729572290678
ENSG00000033327	0.000195768265443661
ENSG00000125651	0.00019571913347277403
ENSG00000128585	0.0001955483529242652
ENSG00000143379	0.00019544859189055385
ENSG00000147677	0.00019543345189938834
ENSG00000170242	0.00019534825939521096
ENSG00000138798	0.00019518672994965164
ENSG00000136875	0.00019505003763012373
ENSG00000158055	0.00019500211045712392
ENSG00000169679	0.0001948264718184173
ENSG00000126351	0.00019478666839986517
ENSG00000169231	0.00019476335481685058
ENSG00000173914	0.00019466832941872692
ENSG00000131408	0.00019449598520670538
ENSG00000186812	0.00019446118089890888
ENSG00000169249	0.0001942864038526966
ENSG00000188419	0.00019389008519349928
ENSG00000136504	0.00019381533777108388
ENSG00000060237	0.00019367816220309638
ENSG00000198954	0.00019363685013190453
ENSG00000185513	0.00019351109321521248
ENSG00000111653	0.00019342986333578555
ENSG00000108262	0.0001934211302068612
ENSG00000105810	0.0001933619626171551
ENSG00000113303	0.00019333770288777852
ENSG00000160803	0.00019328847026528376
ENSG00000149575	0.00019324856354236523
ENSG00000197943	0.00019321112603851753
ENSG00000075945	0.00019298011716091317
ENSG00000106089	0.00019270920487132065
ENSG00000172936	0.0001925880588820931
ENSG00000108094	0.00019255465508823623
ENSG00000178691	0.00019252930088935788
ENSG00000138376	0.00019214899380616128
ENSG00000072134	0.00019206619280755387
ENSG00000179218	0.00019186719002047844
ENSG00000108840	0.00019165124912012168
ENSG00000115145	0.0001915752671706565
ENSG00000151849	0.00019156713995916754
ENSG00000145990	0.0001915451095669674
ENSG00000158773	0.0001912005682009635
ENSG00000133740	0.00019103463540384196
ENSG00000273899	0.00019093410637144708
ENSG00000128591	0.00019093271060278933
ENSG00000072501	0.0001906823411022057
ENSG00000105085	0.00019063322423567227
ENSG00000015171	0.00019061093158991428
ENSG00000101040	0.0001905660088294291
ENSG00000047315	0.0001905239545685832
ENSG00000108679	0.00019044652308970595
ENSG00000117153	0.0001904301298747589
ENSG00000149273	0.00019028069497761615
ENSG00000116106	0.0001902704294488135
ENSG00000087510	0.00019026737951727442
ENSG00000133059	0.00019012826696112827
ENSG00000076108	0.00019012424368198563
ENSG00000114978	0.00019011408021022227
ENSG00000103932	0.00018974549208551232
ENSG00000123384	0.00018974540075852145
ENSG00000142945	0.00018958705242746348
ENSG00000138081	0.00018957003492539167
ENSG00000154582	0.00018954997072147432
ENSG00000137575	0.00018933802555726515
ENSG00000142453	0.00018922041853851508
ENSG00000168785	0.0001891200681968837
ENSG00000164754	0.00018911776725325053
ENSG00000232045	0.00018902834384569892
ENSG00000189403	0.00018884849937857783
ENSG00000169252	0.0001888119166904627
ENSG00000137801	0.0001886494377675514
ENSG00000102100	0.00018859571164190413
ENSG00000114867	0.00018852970088830648
ENSG00000090061	0.000188181416042868
ENSG00000116128	0.00018815027289701108
ENSG00000140600	0.00018802032203856544
ENSG00000119041	0.00018794119314715168
ENSG00000122958	0.00018792014707199852
ENSG00000156983	0.0001877894358521547
ENSG00000204104	0.0001876719176206573
ENSG00000164327	0.00018749404134550332
ENSG00000091651	0.00018748059502420858
ENSG00000070814	0.00018743536927887572
ENSG00000130699	0.00018731118521830546
ENSG00000120217	0.00018714718640779952
ENSG00000164597	0.00018683517451733013
ENSG00000070756	0.000186712437884444
ENSG00000163159	0.00018669814348105907
ENSG00000094880	0.00018662237308642008
ENSG00000120438	0.00018657008546153775
ENSG00000078246	0.00018577374620333802
ENSG00000196712	0.00018569245804364625
ENSG00000196199	0.00018565055433253307
ENSG00000117748	0.00018546054135194038
ENSG00000139350	0.0001854055868809458
ENSG00000153982	0.00018539997901538866
ENSG00000135341	0.00018538503242138398
ENSG00000188906	0.00018514694576731827
ENSG00000074181	0.00018513051023641623
ENSG00000198900	0.0001850470996402628
ENSG00000169217	0.00018504345143771712
ENSG00000188313	0.00018498339779948452
ENSG00000173757	0.0001847810748494085
ENSG00000171148	0.00018468608423649851
ENSG00000173166	0.00018442309825400687
ENSG00000117360	0.000184258307156301
ENSG00000072110	0.00018420046847247328
ENSG00000137275	0.00018419325447228434
ENSG00000107816	0.00018414468306751896
ENSG00000105393	0.0001840899270222203
ENSG00000135655	0.0001840758976875223
ENSG00000100985	0.00018406638931430208
ENSG00000105127	0.00018398747425994903
ENSG00000131462	0.0001838446450543823
ENSG00000161057	0.0001837053360639407
ENSG00000160973	0.00018369517188431271
ENSG00000135624	0.00018358114113992488
ENSG00000189079	0.000183560379421476
ENSG00000065883	0.0001830553513296016
ENSG00000166508	0.00018300726423600537
ENSG00000185627	0.00018277671543108034
ENSG00000183386	0.00018277206102359814
ENSG00000028203	0.0001826195490323238
ENSG00000176692	0.00018260798727145818
ENSG00000170832	0.00018256443157185242
ENSG00000105364	0.00018239848145433317
ENSG00000148175	0.00018238405105436273
ENSG00000165480	0.0001823800798476361
ENSG00000071539	0.00018224370055553406
ENSG00000067596	0.00018219755035909452
ENSG00000143398	0.000182179353786009
ENSG00000105173	0.00018200577043677962
ENSG00000141293	0.00018195911099025744
ENSG00000124610	0.00018192763808610007
ENSG00000177238	0.00018186111375831368
ENSG00000105486	0.00018180526033775995
ENSG00000109606	0.00018163959984327836
ENSG00000158710	0.00018157323103918583
ENSG00000078403	0.0001815420618625496
ENSG00000196396	0.00018150597408257886
ENSG00000164164	0.00018137635694783183
ENSG00000114450	0.00018136761444870357
ENSG00000138180	0.00018136629551150215
ENSG00000063046	0.00018131317587942268
ENSG00000277564	0.00018106364270161328
ENSG00000011465	0.00018105453434924328
ENSG00000180182	0.00018087676016079846
ENSG00000172216	0.0001807708423770412
ENSG00000065548	0.0001805427751871874
ENSG00000111596	0.000180528830404435
ENSG00000089022	0.00018045482326445406
ENSG00000127947	0.00018045132413732455
ENSG00000174744	0.00018040452119910403
ENSG00000082438	0.0001803714347894131
ENSG00000117650	0.00018022618688470182
ENSG00000155438	0.00017999704474744047
ENSG00000105576	0.00017996549249347252
ENSG00000077522	0.0001798851381225968
ENSG00000006118	0.00017986669033701324
ENSG00000166164	0.00017981084983997563
ENSG00000204406	0.0001798022483137746
ENSG00000127511	0.00017976013716478322
ENSG00000100311	0.0001796925664993827
ENSG00000125450	0.00017953180972249665
ENSG00000135837	0.00017952127679550945
ENSG00000196961	0.00017944294995842283
ENSG00000143322	0.0001792542851241313
ENSG00000119335	0.00017924291163459624
ENSG00000111328	0.00017891199371366061
ENSG00000068308	0.00017886044284911058
ENSG00000163539	0.00017875583736378707
ENSG00000103363	0.00017871101913184177
ENSG00000129515	0.00017861135151278225
ENSG00000164885	0.00017860844159330833
ENSG00000104960	0.00017859458265253068
ENSG00000140525	0.00017859377674611543
ENSG00000155229	0.00017849220547526095
ENSG00000138443	0.00017846636539753442
ENSG00000169508	0.00017840690610395875
ENSG00000162191	0.00017830317576674533
ENSG00000151929	0.00017818545718754035
ENSG00000096060	0.0001781172052951978
ENSG00000169057	0.00017807325979690976
ENSG00000157456	0.0001778396274326044
ENSG00000101182	0.00017759499019303103
ENSG00000123485	0.00017754510518613282
ENSG00000100201	0.0001774554975499773
ENSG00000102119	0.00017719471867085656
ENSG00000143384	0.00017696706827633447
ENSG00000140396	0.00017695352806328576
ENSG00000116560	0.00017672198108226788
ENSG00000162923	0.00017670090342790338
ENSG00000151461	0.00017668911347067941
ENSG00000108510	0.00017658606589358858
ENSG00000129219	0.00017650231416716357
ENSG00000069248	0.00017648832712798806
ENSG00000172845	0.00017643643015749242
ENSG00000135823	0.0001764186118286744
ENSG00000130816	0.00017630765594188678
ENSG00000153827	0.0001760720753359107
ENSG00000198728	0.00017601201122062861
ENSG00000134690	0.00017589571160574096
ENSG00000084463	0.00017585946852378194
ENSG00000117139	0.00017572880771054227
ENSG00000142655	0.00017545032728221124
ENSG00000147010	0.00017543467701524533
ENSG00000116809	0.00017531972055125124
ENSG00000183530	0.0001753018887498634
ENSG00000159377	0.00017527670862417657
ENSG00000182149	0.00017524521230008366
ENSG00000088727	0.00017523582251386104
ENSG00000170248	0.00017519416639396603
ENSG00000100142	0.00017507698790973842
ENSG00000048140	0.00017505667890865882
ENSG00000169131	0.00017496955723419292
ENSG00000196313	0.00017473201530955964
ENSG00000038219	0.00017472801304040046
ENSG00000065135	0.00017458558413496617
ENSG00000198625	0.0001745319445703386
ENSG00000133773	0.00017449354449320198
ENSG00000141968	0.0001744498500328736
ENSG00000118513	0.00017424975312698666
ENSG00000054598	0.0001741234132746427
ENSG00000163636	0.00017398007165803263
ENSG00000179862	0.00017396194657533202
ENSG00000117222	0.00017363456198909153
ENSG00000074621	0.00017361511053877018
ENSG00000130311	0.0001734010980836076
ENSG00000197024	0.00017325971483325473
ENSG00000096696	0.00017320932880384758
ENSG00000221826	0.0001731285636882889
ENSG00000165240	0.00017305518756344834
ENSG00000152291	0.00017289112352803065
ENSG00000164548	0.00017284387943858378
ENSG00000170325	0.0001728432355618667
ENSG00000104892	0.00017283919886013289
ENSG00000197461	0.0001727516339088355
ENSG00000163564	0.000172736981466035
ENSG00000070495	0.00017270765296250777
ENSG00000132382	0.00017269564170907395
ENSG00000129173	0.00017258460879460984
ENSG00000158796	0.00017250890500479816
ENSG00000061676	0.00017243469157171798
ENSG00000118434	0.0001724225708106847
ENSG00000132694	0.000172303318831615
ENSG00000125835	0.0001721694908623318
ENSG00000107758	0.00017208445797147387
ENSG00000079950	0.000171937565786337
ENSG00000171456	0.00017189666156144484
ENSG00000274442	0.00017180932685434115
ENSG00000101665	0.00017180031985029526
ENSG00000124171	0.0001717629849475964
ENSG00000148677	0.0001717494775011323
ENSG00000101868	0.00017164303068804067
ENSG00000131323	0.0001716126250755046
ENSG00000102144	0.00017160195811071052
ENSG00000196510	0.00017150610689249245
ENSG00000038427	0.00017150198291085493
ENSG00000145730	0.00017147051211850834
ENSG00000120705	0.0001713548397627623
ENSG00000198887	0.000171271579067016
ENSG00000037241	0.00017110940442233456
ENSG00000011454	0.00017107130659694056
ENSG00000167526	0.000171001414736868
ENSG00000082397	0.0001709597784911286
ENSG00000144048	0.00017094108171493316
ENSG00000135720	0.00017082145493559488
ENSG00000068654	0.00017073215207519816
ENSG00000160877	0.00017062755985045554
ENSG00000080815	0.00017052578779270516
ENSG00000100395	0.0001703920992319321
ENSG00000184281	0.00017029954338414747
ENSG00000011304	0.0001701666920055314
ENSG00000008838	0.00017001011256789119
ENSG00000232575	0.00016985858600206764
ENSG00000148737	0.00016977540313974508
ENSG00000197858	0.0001697639354052162
ENSG00000089159	0.00016970747100669448
ENSG00000116717	0.0001695180644490363
ENSG00000178209	0.0001693526206851048
ENSG00000161202	0.00016932855809785133
ENSG00000170425	0.00016922428942722477
ENSG00000145425	0.00016898796286318293
ENSG00000118007	0.00016898610458864467
ENSG00000181240	0.0001686866195359608
ENSG00000172530	0.00016868505838586408
ENSG00000115694	0.00016863442461027026
ENSG00000038382	0.0001684916819558825
ENSG00000148634	0.0001684709207436458
ENSG00000108671	0.0001684433024933739
ENSG00000186871	0.00016816583438817548
ENSG00000168283	0.00016814436700857398
ENSG00000099800	0.0001681266191595802
ENSG00000109332	0.0001681105394184259
ENSG00000133101	0.00016786910880206075
ENSG00000154767	0.0001678018833464845
ENSG00000156052	0.000167780348777668
ENSG00000084112	0.0001676421540749718
ENSG00000164068	0.00016761715382523082
ENSG00000180900	0.00016757711760666228
ENSG00000205111	0.00016746891236637035
ENSG00000112576	0.00016735015905217592
ENSG00000166233	0.00016732328417859096
ENSG00000127914	0.00016714690215822002
ENSG00000189143	0.00016712925332867425
ENSG00000007372	0.00016711985256276387
ENSG00000115808	0.00016686637974936588
ENSG00000172757	0.00016685048032103885
ENSG00000080839	0.00016677030967542195
ENSG00000141738	0.00016676295315983414
ENSG00000114739	0.00016673525294567812
ENSG00000100519	0.00016672027155832759
ENSG00000126456	0.000166706551490084
ENSG00000079616	0.00016663695620877943
ENSG00000086730	0.0001666088278236473
ENSG00000101191	0.00016657898150935975
ENSG00000158445	0.00016656654467694723
ENSG00000006062	0.00016653813993130012
ENSG00000164114	0.00016650625993257215
ENSG00000072401	0.0001664585562605184
ENSG00000135506	0.0001664124383971423
ENSG00000100028	0.00016639838836019492
ENSG00000130177	0.00016639218613257695
ENSG00000104973	0.00016636441265367892
ENSG00000221983	0.00016634130158823998
ENSG00000133884	0.00016620233671947167
ENSG00000126461	0.00016620132775256114
ENSG00000113300	0.00016610974687325354
ENSG00000069869	0.0001660448884550162
ENSG00000184216	0.00016579376682066465
ENSG00000107779	0.0001657463799821445
ENSG00000175215	0.00016572662890162613
ENSG00000120616	0.00016563505664988492
ENSG00000104897	0.00016562200609626255
ENSG00000198258	0.00016559792327916164
ENSG00000130119	0.00016555939806319137
ENSG00000113643	0.0001654882067634818
ENSG00000120733	0.00016548164011584145
ENSG00000075856	0.0001654413364790546
ENSG00000177565	0.00016506660720156427
ENSG00000106346	0.00016503071804846388
ENSG00000154920	0.0001649894447618322
ENSG00000164951	0.00016497879002204876
ENSG00000278565	0.00016496146454010816
ENSG00000143228	0.00016492688269598713
ENSG00000173805	0.0001648476960832886
ENSG00000068323	0.0001647405379273157
ENSG00000162367	0.00016451984687631329
ENSG00000164305	0.00016416769375719124
ENSG00000186919	0.00016405956862204383
ENSG00000144824	0.00016399182023716773
ENSG00000073614	0.0001639347415604331
ENSG00000067715	0.00016393339009587393
ENSG00000144747	0.000163892900513508
ENSG00000182004	0.00016370259580857638
ENSG00000120526	0.00016369296105210073
ENSG00000143514	0.00016362623285803073
ENSG00000187498	0.00016361726246099252
ENSG00000135862	0.0001635721756011079
ENSG00000068796	0.0001633498614318321
ENSG00000148606	0.0001631891790014265
ENSG00000105193	0.00016317020055952724
ENSG00000026508	0.0001626649404415986
ENSG00000005156	0.00016265449581322148
ENSG00000171988	0.0001626481050206426
ENSG00000101052	0.00016264132468491997
ENSG00000274352	0.0001625447748216544
ENSG00000065054	0.00016254049746476065
ENSG00000100097	0.00016247313004790452
ENSG00000176986	0.00016231945944730238
ENSG00000171222	0.0001621850375399231
ENSG00000101384	0.00016213523966306017
ENSG00000171843	0.00016210167945771665
ENSG00000143632	0.0001620734254668912
ENSG00000163041	0.00016203915334424453
ENSG00000102384	0.00016201948844262004
ENSG00000134283	0.00016201671192315383
ENSG00000106459	0.00016200550232858685
ENSG00000184743	0.0001619063279410383
ENSG00000165671	0.00016186676953474407
ENSG00000167491	0.00016186176874941307
ENSG00000119917	0.00016180852979288469
ENSG00000005007	0.00016174271553528338
ENSG00000168310	0.0001617254192615117
ENSG00000003400	0.00016169726391611542
ENSG00000114062	0.00016158199867910425
ENSG00000149532	0.00016149403377276367
ENSG00000164663	0.0001614833446380923
ENSG00000133858	0.00016142868194037616
ENSG00000174233	0.0001613625498660532
ENSG00000185247	0.00016129944585286106
ENSG00000171681	0.00016129911373243563
ENSG00000124214	0.00016123833202091555
ENSG00000181449	0.0001612031503465286
ENSG00000070808	0.00016120285659799186
ENSG00000109534	0.00016116834399497356
ENSG00000157349	0.00016099656116670653
ENSG00000197616	0.00016071232676430483
ENSG00000175197	0.00016061756792793151
ENSG00000126464	0.00016060663156419817
ENSG00000129946	0.0001606001838716687
ENSG00000134852	0.0001604841608918385
ENSG00000008196	0.00016045380079611672
ENSG00000103653	0.000160444217611752
ENSG00000132549	0.00016039991687409987
ENSG00000076984	0.00016037240094660948
ENSG00000156299	0.0001603666401142
ENSG00000198373	0.00016033103172016775
ENSG00000137802	0.0001603202444574003
ENSG00000166747	0.00016020892492162205
ENSG00000130511	0.00016019295462370986
ENSG00000112739	0.00016015968141028293
ENSG00000140382	0.0001600244994485516
ENSG00000088325	0.0001600164160051179
ENSG00000175416	0.0001599915300154921
ENSG00000104375	0.00015992588302215266
ENSG00000143106	0.00015992051665824687
ENSG00000110651	0.00015980583456826885
ENSG00000183741	0.00015974146837088293
ENSG00000142798	0.00015972257854461827
ENSG00000162337	0.00015966502374615304
ENSG00000156345	0.00015961991913798326
ENSG00000082805	0.00015947857713222892
ENSG00000136930	0.00015936625107960479
ENSG00000108443	0.00015934680529564507
ENSG00000008083	0.00015933952037804706
ENSG00000171150	0.00015928540613341428
ENSG00000094804	0.000159197597052379
ENSG00000111664	0.00015918720718815273
ENSG00000132842	0.00015916936521099168
ENSG00000087245	0.00015909902560210296
ENSG00000185559	0.00015906297613308546
ENSG00000142875	0.00015899985745140084
ENSG00000129083	0.00015897215393075102
ENSG00000275903	0.00015894830696224377
ENSG00000158850	0.0001588518644556148
ENSG00000102871	0.00015880567806773928
ENSG00000030582	0.00015873748098737823
ENSG00000122484	0.0001587245665366007
ENSG00000111605	0.0001587137145588042
ENSG00000240508	0.0001585890969875424
ENSG00000070444	0.00015857841059740765
ENSG00000179271	0.00015856003299427246
ENSG00000263001	0.00015845517088053165
ENSG00000154174	0.00015835117548644245
ENSG00000147044	0.00015833947724310212
ENSG00000162517	0.00015824553798309403
ENSG00000142627	0.00015822063615901545
ENSG00000164045	0.00015821974400752822
ENSG00000076201	0.00015795860819009964
ENSG00000101654	0.0001578955722470125
ENSG00000119772	0.00015788877524120702
ENSG00000167881	0.00015784494499824933
ENSG00000085832	0.00015775406196236102
ENSG00000161016	0.00015773203583025128
ENSG00000172046	0.00015772594601932987
ENSG00000135451	0.00015764240883541227
ENSG00000113013	0.0001576100296162251
ENSG00000123575	0.00015750701677444398
ENSG00000106588	0.00015749829114259295
ENSG00000128833	0.0001574977513641002
ENSG00000119596	0.00015735366005840013
ENSG00000138757	0.00015731261327346101
ENSG00000073111	0.00015710861122657607
ENSG00000121775	0.00015703668708551315
ENSG00000124302	0.00015698807780437513
ENSG00000042429	0.00015696216245104577
ENSG00000175832	0.0001569013440445399
ENSG00000189431	0.0001568818307532567
ENSG00000124766	0.00015678446544893537
ENSG00000150753	0.00015669148847077306
ENSG00000121774	0.00015657322216992787
ENSG00000145220	0.00015656620596123273
ENSG00000125846	0.00015655504269780255
ENSG00000064300	0.00015649485635725895
ENSG00000048649	0.00015626226014523102
ENSG00000082175	0.00015625375970740638
ENSG00000161547	0.0001562524691995866
ENSG00000068028	0.00015622499721842698
ENSG00000015676	0.00015616071131000064
ENSG00000137752	0.00015614783160742822
ENSG00000185950	0.00015608553751840848
ENSG00000182287	0.00015607683529287003
ENSG00000139218	0.00015605145304956606
ENSG00000162231	0.00015602481251432567
ENSG00000117625	0.00015599450472493493
ENSG00000101336	0.0001559786641953543
ENSG00000064393	0.00015594377131031523
ENSG00000157450	0.00015580876496237996
ENSG00000163781	0.0001555831993380499
ENSG00000008128	0.00015557584926498424
ENSG00000196914	0.00015557470141004104
ENSG00000092847	0.00015555910159297586
ENSG00000134962	0.000155555558137949
ENSG00000090520	0.00015542953334670678
ENSG00000132466	0.00015523417557041354
ENSG00000075413	0.00015514935729638306
ENSG00000165417	0.0001551098254475015
ENSG00000134215	0.00015497842596396184
ENSG00000125691	0.00015490453330274556
ENSG00000203852	0.00015488887777972258
ENSG00000182158	0.00015484476287539817
ENSG00000109846	0.00015480877396395349
ENSG00000108509	0.00015475514185192413
ENSG00000080986	0.0001547095104881458
ENSG00000147168	0.00015464087003944446
ENSG00000107938	0.0001546203922145211
ENSG00000117036	0.00015459206487745795
ENSG00000055917	0.00015458893711935005
ENSG00000163029	0.00015438404046213452
ENSG00000081307	0.00015423130534445177
ENSG00000144566	0.0001540892195984835
ENSG00000010244	0.00015402925609647462
ENSG00000134313	0.00015391659246207233
ENSG00000133704	0.00015379176096946015
ENSG00000155506	0.00015376909618762015
ENSG00000198231	0.0001537388820633801
ENSG00000069329	0.0001537250739880454
ENSG00000135966	0.00015370901241209723
ENSG00000144554	0.00015362922307682894
ENSG00000176248	0.00015357361239196952
ENSG00000151466	0.00015356664060000176
ENSG00000143553	0.00015348422210001848
ENSG00000245848	0.00015344593772754177
ENSG00000110811	0.00015332841378980593
ENSG00000154237	0.00015327125427563849
ENSG00000023734	0.00015304673583004395
ENSG00000106299	0.0001529968120365564
ENSG00000167460	0.00015295927325072447
ENSG00000115760	0.0001529180205577369
ENSG00000143761	0.00015267662928839768
ENSG00000102786	0.00015256251305161494
ENSG00000117305	0.00015247269375583898
ENSG00000145604	0.0001524616421556413
ENSG00000167674	0.0001523905746914959
ENSG00000170485	0.00015238201146131327
ENSG00000140534	0.000152298226051573
ENSG00000032219	0.00015227467711871083
ENSG00000176208	0.00015223849814829517
ENSG00000100485	0.00015218671504398998
ENSG00000174564	0.00015216144946693594
ENSG00000074603	0.00015207249706321234
ENSG00000126214	0.00015204088324593455
ENSG00000149657	0.00015186200288017494
ENSG00000111665	0.00015186087227130832
ENSG00000092531	0.00015182162453256462
ENSG00000115306	0.0001518091801105047
ENSG00000104904	0.00015176052299032658
ENSG00000076382	0.00015174372784702386
ENSG00000113522	0.0001516863670354957
ENSG00000141456	0.00015165402669249027
ENSG00000105855	0.00015140464815496254
ENSG00000116641	0.00015131509208915942
ENSG00000089053	0.0001512326973361511
ENSG00000184384	0.00015109289303705682
ENSG00000105829	0.0001510810449791921
ENSG00000215305	0.00015107956938681375
ENSG00000139083	0.0001510700028447487
ENSG00000129245	0.00015102877033303333
ENSG00000109189	0.00015097343138665618
ENSG00000099341	0.00015088339322572828
ENSG00000167005	0.00015065567630921412
ENSG00000143373	0.0001506291468249274
ENSG00000145817	0.00015059974027492378
ENSG00000007168	0.000150597241890838
ENSG00000175573	0.00015058253359072647
ENSG00000116604	0.0001505712377416243
ENSG00000079102	0.00015049737056872269
ENSG00000188895	0.0001504711659677457
ENSG00000120690	0.00015044197157316225
ENSG00000185340	0.00015034690837843938
ENSG00000083312	0.00015031545222308923
ENSG00000158467	0.0001503027920547021
ENSG00000125755	0.0001502976554927422
ENSG00000197756	0.00015023242206245184
ENSG00000106290	0.00015016605654093423
ENSG00000100106	0.00015015008812809932
ENSG00000147676	0.00015008555122353424
ENSG00000160310	0.00015005286776817475
ENSG00000163681	0.00014992104310241976
ENSG00000149923	0.0001499049004508056
ENSG00000100567	0.00014988478739510843
ENSG00000141068	0.00014983007077463658
ENSG00000092969	0.00014967624479059308
ENSG00000183770	0.0001496388094823006
ENSG00000184708	0.00014961148470035216
ENSG00000136986	0.00014953952516482088
ENSG00000066777	0.00014950850056606984
ENSG00000123610	0.00014944361160649703
ENSG00000053900	0.00014944335366506552
ENSG00000101442	0.0001494157444660551
ENSG00000187079	0.00014939002880355622
ENSG00000170296	0.00014935441900116081
ENSG00000204843	0.0001492130775176226
ENSG00000176105	0.0001491506337927929
ENSG00000083307	0.00014913286918653498
ENSG00000183283	0.00014896160998030344
ENSG00000085872	0.00014890920018272805
ENSG00000125633	0.00014881897385632173
ENSG00000122741	0.0001487839572354533
ENSG00000158717	0.00014874921594460323
ENSG00000106070	0.00014873414336820663
ENSG00000026103	0.00014865729723809176
ENSG00000102978	0.00014852709676527998
ENSG00000091409	0.00014849855068282383
ENSG00000065243	0.00014848932503712668
ENSG00000120063	0.00014848588722057455
ENSG00000187109	0.00014844469038378553
ENSG00000184675	0.0001483364225430376
ENSG00000154945	0.0001483027291605326
ENSG00000196262	0.00014827711397906755
ENSG00000145349	0.0001482631501234808
ENSG00000078808	0.00014826006425861567
ENSG00000101199	0.00014823228370497118
ENSG00000141867	0.00014823179256455904
ENSG00000153044	0.0001482258400966381
ENSG00000139436	0.00014817628119822806
ENSG00000144357	0.00014812027177274516
ENSG00000116539	0.00014806208298720578
ENSG00000186716	0.00014796970019670137
ENSG00000205730	0.00014795630552396654
ENSG00000165934	0.00014790625037793153
ENSG00000122218	0.0001477387538754611
ENSG00000107404	0.0001475587529908589
ENSG00000122482	0.0001475152177433275
ENSG00000165525	0.0001474380359428818
ENSG00000025156	0.00014741020562611775
ENSG00000136878	0.00014738650286449243
ENSG00000140153	0.00014733859433411586
ENSG00000161405	0.00014728232183500829
ENSG00000154342	0.0001472204623066028
ENSG00000105723	0.00014714469607029376
ENSG00000157020	0.00014709377669527713
ENSG00000166501	0.00014704536942759455
ENSG00000136026	0.00014701200243518394
ENSG00000116350	0.0001469313772943765
ENSG00000105229	0.0001468995657421407
ENSG00000174371	0.00014686295442165555
ENSG00000099995	0.00014677839312914252
ENSG00000130382	0.00014676373130125827
ENSG00000115170	0.00014668294997088253
ENSG00000175063	0.00014665905404711167
ENSG00000136869	0.00014664922799086149
ENSG00000118729	0.00014657581507940853
ENSG00000164050	0.00014656940262461183
ENSG00000151422	0.00014655739925923747
ENSG00000162704	0.0001465314356109562
ENSG00000106263	0.0001464437560589674
ENSG00000156795	0.00014643561777533332
ENSG00000087206	0.00014643199730013907
ENSG00000106511	0.00014642319986689193
ENSG00000144224	0.00014623633824302322
ENSG00000176407	0.00014623371794908357
ENSG00000198034	0.0001461877525132087
ENSG00000181220	0.00014606930755110378
ENSG00000176749	0.000146028674847241
ENSG00000118200	0.00014595175191764795
ENSG00000052126	0.00014593706213713117
ENSG00000095787	0.0001458675143234791
ENSG00000119729	0.00014584035106908813
ENSG00000136450	0.00014580176952364956
ENSG00000125398	0.00014566357092387242
ENSG00000143970	0.0001456471405048881
ENSG00000154473	0.00014556998256474638
ENSG00000204130	0.00014552350877616963
ENSG00000170144	0.00014551732311448784
ENSG00000117069	0.0001454853496971867
ENSG00000145833	0.0001452767574441448
ENSG00000137574	0.0001452715010600006
ENSG00000136352	0.00014525979613227172
ENSG00000078304	0.00014514752768290297
ENSG00000106682	0.00014513565987601127
ENSG00000081479	0.00014502568360488316
ENSG00000108344	0.00014501354822961453
ENSG00000173692	0.00014497909307211392
ENSG00000166478	0.00014496970155495036
ENSG00000077152	0.00014482199838687133
ENSG00000134597	0.0001446144995548791
ENSG00000171823	0.00014457251994981528
ENSG00000131381	0.00014453986063485974
ENSG00000123607	0.00014452698187714466
ENSG00000112697	0.00014446528582591465
ENSG00000135913	0.0001443403121039417
ENSG00000165891	0.00014423916861316585
ENSG00000134419	0.00014420763673883737
ENSG00000164303	0.00014415599362546918
ENSG00000007923	0.00014404581447073349
ENSG00000124356	0.00014402927490130335
ENSG00000285379	0.00014397347218687232
ENSG00000143995	0.00014392153154761967
ENSG00000005075	0.00014391213840378336
ENSG00000176049	0.0001438816409618784
ENSG00000075426	0.00014382246562172463
ENSG00000078900	0.00014371288465820815
ENSG00000070193	0.00014366328014053106
ENSG00000175467	0.00014365653586059614
ENSG00000088888	0.0001435801595945759
ENSG00000169813	0.00014356086099207287
ENSG00000181090	0.00014355203479377758
ENSG00000144233	0.00014354121142278074
ENSG00000241553	0.00014343421029431493
ENSG00000005175	0.00014341086331420898
ENSG00000138593	0.00014326413733915217
ENSG00000185730	0.0001432589949755804
ENSG00000099385	0.0001432328767727858
ENSG00000165644	0.00014312971814560993
ENSG00000141380	0.00014312330316671018
ENSG00000163877	0.000143086314688411
ENSG00000131165	0.00014303960554912253
ENSG00000077942	0.00014299493597959975
ENSG00000276043	0.0001429040762324153
ENSG00000122705	0.00014289517669110644
ENSG00000131023	0.00014274662775075737
ENSG00000139116	0.00014260299139029137
ENSG00000196290	0.00014258272377412658
ENSG00000110237	0.0001425574285906365
ENSG00000064490	0.00014242768423479457
ENSG00000123091	0.00014229175737505694
ENSG00000121741	0.00014225098512371905
ENSG00000206560	0.00014224322658760056
ENSG00000188883	0.00014222030863358348
ENSG00000130429	0.0001422190878709872
ENSG00000155760	0.00014220616507540934
ENSG00000112983	0.0001422031500200438
ENSG00000108349	0.0001422017976497318
ENSG00000178084	0.000142156558345812
ENSG00000239672	0.0001420956336341425
ENSG00000167658	0.0001420767216826549
ENSG00000178502	0.0001420284336862307
ENSG00000263528	0.00014200006523627866
ENSG00000131238	0.0001419181569156151
ENSG00000152804	0.00014190366536201554
ENSG00000007392	0.0001419022059107172
ENSG00000162552	0.00014184874415533558
ENSG00000106683	0.0001418407583585317
ENSG00000175216	0.00014173550985856052
ENSG00000198242	0.0001417265654083492
ENSG00000102606	0.00014171927494396926
ENSG00000181392	0.0001417061725863522
ENSG00000153207	0.000141580946099108
ENSG00000123358	0.00014149559526275077
ENSG00000157077	0.00014135518394768948
ENSG00000111252	0.00014131341874647804
ENSG00000115484	0.00014131159692616483
ENSG00000120149	0.000141305888389378
ENSG00000120885	0.00014129408005411262
ENSG00000110700	0.00014121712647034558
ENSG00000166484	0.00014118819285505714
ENSG00000187323	0.00014112766971916254
ENSG00000281877	0.000141086961277453
ENSG00000178764	0.00014108303220111769
ENSG00000177889	0.00014106466786753083
ENSG00000152455	0.0001410558581587363
ENSG00000139193	0.00014103837487024852
ENSG00000186766	0.00014102992368865885
ENSG00000121060	0.00014101379125960366
ENSG00000089009	0.0001409404891864029
ENSG00000128272	0.00014092731913152042
ENSG00000117155	0.0001408044690125083
ENSG00000111203	0.00014080304520986512
ENSG00000115232	0.0001407902731098867
ENSG00000130159	0.0001407900870159495
ENSG00000135249	0.0001407431355589261
ENSG00000141294	0.000140739190675588
ENSG00000185236	0.0001407332395432763
ENSG00000112118	0.00014073318917829378
ENSG00000175073	0.00014073067071913482
ENSG00000138778	0.00014071813360286525
ENSG00000104856	0.00014067053990205933
ENSG00000150990	0.00014062064569910025
ENSG00000075975	0.00014062028085949302
ENSG00000171223	0.00014048415607862072
ENSG00000088298	0.00014039231041176872
ENSG00000166986	0.00014036185631543998
ENSG00000135318	0.00014026324271829586
ENSG00000125818	0.0001402540901078708
ENSG00000185624	0.0001401324034038516
ENSG00000168615	0.0001401294576963018
ENSG00000185787	0.00014011478023980153
ENSG00000166681	0.00014004805693488474
ENSG00000181104	0.00013997882213092995
ENSG00000198791	0.00013978800911390306
ENSG00000070367	0.00013972572053796154
ENSG00000090989	0.00013972272607324683
ENSG00000126070	0.00013963821162448379
ENSG00000101057	0.00013954313018150355
ENSG00000086061	0.00013949828010797384
ENSG00000206075	0.00013949561827951304
ENSG00000166439	0.00013948534065806462
ENSG00000123395	0.0001394801810084748
ENSG00000149308	0.00013941004814776566
ENSG00000177138	0.00013936881011111438
ENSG00000163466	0.00013921807803249868
ENSG00000178896	0.0001391582744912824
ENSG00000166337	0.00013913255370863334
ENSG00000227322	0.00013901110880173428
ENSG00000127824	0.0001390065670387162
ENSG00000102755	0.00013898130731652104
ENSG00000143319	0.00013888484775204367
ENSG00000235107	0.00013886265084853009
ENSG00000198467	0.00013886247092774866
ENSG00000198033	0.0001388332150898536
ENSG00000090060	0.00013879996440917055
ENSG00000189091	0.00013879568998445113
ENSG00000173933	0.00013876894838992247
ENSG00000119285	0.00013870522613775943
ENSG00000177917	0.0001386939829636926
ENSG00000172638	0.00013868778410529
ENSG00000155096	0.00013867921703711818
ENSG00000061273	0.00013867416242302176
ENSG00000164587	0.0001386082237711801
ENSG00000106571	0.00013859060571936923
ENSG00000170037	0.00013856412912973602
ENSG00000101162	0.0001385302823728605
ENSG00000008018	0.000138504573011038
ENSG00000163697	0.00013846203364255633
ENSG00000172466	0.00013845699898682319
ENSG00000185009	0.00013845522744648355
ENSG00000115561	0.0001384441653834407
ENSG00000176903	0.00013840091296140464
ENSG00000131504	0.00013835113026065466
ENSG00000149636	0.0001382671796507794
ENSG00000225830	0.00013826015706472342
ENSG00000172819	0.0001382322425747071
ENSG00000136436	0.00013818794073320627
ENSG00000108175	0.00013808053246885894
ENSG00000106144	0.0001380070346441304
ENSG00000127837	0.00013791733296796658
ENSG00000174010	0.00013779238624738471
ENSG00000138622	0.0001377024238903124
ENSG00000081721	0.00013759725785183073
ENSG00000187123	0.00013756121836235754
ENSG00000273079	0.00013752292868149892
ENSG00000164171	0.00013750122891250828
ENSG00000114503	0.00013736620235562164
ENSG00000050820	0.0001373073184158307
ENSG00000139645	0.0001372715839300756
ENSG00000111530	0.00013723832730938703
ENSG00000157540	0.00013723412183507165
ENSG00000100211	0.00013722684368536482
ENSG00000138190	0.0001371808624552764
ENSG00000140285	0.00013711319128482165
ENSG00000160862	0.00013710633487827803
ENSG00000068354	0.00013709171446945793
ENSG00000167004	0.0001370372456862085
ENSG00000166845	0.00013702235406154478
ENSG00000155100	0.0001368128974797237
ENSG00000018408	0.00013680795727724707
ENSG00000188372	0.00013680284395988152
ENSG00000116473	0.0001367801065518601
ENSG00000175643	0.00013676739305324518
ENSG00000057252	0.00013675407627258875
ENSG00000111639	0.00013673653928587452
ENSG00000137726	0.00013673434006611417
ENSG00000174953	0.00013670352205615542
ENSG00000117560	0.00013669603301764925
ENSG00000106397	0.00013664466665078612
ENSG00000102524	0.0001365973293786097
ENSG00000160255	0.00013658956737516102
ENSG00000090889	0.00013643920799428737
ENSG00000288508	0.0001363455476839832
ENSG00000164683	0.00013626628394412577
ENSG00000153944	0.00013612619220180943
ENSG00000166579	0.0001360137660454338
ENSG00000125743	0.0001360084687983715
ENSG00000148053	0.00013599860993663437
ENSG00000068305	0.0001359270634178017
ENSG00000184432	0.000135926830473328
ENSG00000147475	0.00013590290601585075
ENSG00000152104	0.00013587903246009144
ENSG00000102032	0.00013587826309557913
ENSG00000221829	0.00013587776722685509
ENSG00000213397	0.00013583901674543881
ENSG00000089902	0.00013576642291468962
ENSG00000165055	0.00013573977060952246
ENSG00000186895	0.00013573968980367415
ENSG00000042753	0.0001357273382278016
ENSG00000178096	0.00013572686835458512
ENSG00000100029	0.000135705146889132
ENSG00000153071	0.00013568420775470465
ENSG00000185721	0.00013566307965949087
ENSG00000095261	0.00013565843745767805
ENSG00000135457	0.00013563605342738745
ENSG00000120498	0.00013556171439148645
ENSG00000127526	0.0001355386344549083
ENSG00000126749	0.00013553572681551367
ENSG00000168439	0.00013549692476583802
ENSG00000118873	0.00013547201333794724
ENSG00000196659	0.0001354661679869734
ENSG00000168137	0.00013538060563849573
ENSG00000215021	0.0001353518460049476
ENSG00000107960	0.00013533644832239405
ENSG00000131876	0.00013529196736732316
ENSG00000173889	0.0001352555208265449
ENSG00000025293	0.00013525040341005981
ENSG00000033100	0.00013524017557083628
ENSG00000187257	0.00013523006391405866
ENSG00000011485	0.0001351761864785239
ENSG00000087470	0.00013515832886062636
ENSG00000188120	0.0001351263230987172
ENSG00000174444	0.00013511088862638664
ENSG00000196365	0.00013504890631738252
ENSG00000148848	0.00013502301998399703
ENSG00000197070	0.0001350102937479469
ENSG00000143748	0.00013496407724545873
ENSG00000005302	0.00013491735703747136
ENSG00000164944	0.00013477238979596923
ENSG00000103168	0.0001347285521993716
ENSG00000155850	0.00013471777174813533
ENSG00000109819	0.00013470917840568796
ENSG00000123562	0.0001346736915317367
ENSG00000100422	0.00013464104392999572
ENSG00000138650	0.00013458133466991048
ENSG00000169016	0.0001344714557116675
ENSG00000140848	0.00013440189137471783
ENSG00000147274	0.00013436456648908024
ENSG00000197959	0.00013436158925782282
ENSG00000167261	0.0001343611172624738
ENSG00000140368	0.00013436081919301709
ENSG00000166147	0.00013435738406363074
ENSG00000143294	0.00013433207491372656
ENSG00000138802	0.0001343202405588016
ENSG00000105185	0.00013430281823229124
ENSG00000137776	0.00013427552444176337
ENSG00000126012	0.00013423063819759657
ENSG00000135547	0.00013411746504101723
ENSG00000122257	0.0001340738586056788
ENSG00000162409	0.00013406402208852202
ENSG00000164830	0.0001340074406489944
ENSG00000154832	0.0001340020582273512
ENSG00000143569	0.00013398254251435326
ENSG00000176884	0.00013395560223355003
ENSG00000243943	0.00013394952149558848
ENSG00000186591	0.00013394636707018994
ENSG00000126945	0.0001339363033351933
ENSG00000138398	0.00013392645190008604
ENSG00000174106	0.00013391203818207228
ENSG00000137947	0.00013389609536867267
ENSG00000165494	0.00013381465304206728
ENSG00000064961	0.0001337636029335293
ENSG00000115138	0.00013374887623454558
ENSG00000001167	0.00013372943669627996
ENSG00000074319	0.00013366525508011254
ENSG00000105176	0.00013363400739310857
ENSG00000030066	0.0001336170314651784
ENSG00000142731	0.0001336116122413768
ENSG00000104331	0.00013354977506819905
ENSG00000081189	0.00013354763291282103
ENSG00000184343	0.00013351323201472677
ENSG00000169439	0.00013350209352409209
ENSG00000168461	0.00013347654886210024
ENSG00000141503	0.00013342347242261446
ENSG00000081386	0.0001332957069130679
ENSG00000077097	0.0001332871816209726
ENSG00000196584	0.00013323306958803403
ENSG00000117394	0.00013322093956803148
ENSG00000161677	0.00013321663055523045
ENSG00000180357	0.00013319164461248953
ENSG00000092201	0.00013316040651001
ENSG00000102287	0.00013308117685623767
ENSG00000014216	0.00013302918581318667
ENSG00000103510	0.00013291431900737727
ENSG00000122194	0.00013290418051631214
ENSG00000105640	0.0001328911052544017
ENSG00000076928	0.00013288355461477794
ENSG00000055483	0.00013283779599782358
ENSG00000172732	0.00013278654412720214
ENSG00000109756	0.00013276560535253562
ENSG00000173020	0.00013275673447751913
ENSG00000224470	0.00013275321597235146
ENSG00000175866	0.0001326295878683581
ENSG00000110844	0.00013262350170837784
ENSG00000188986	0.00013258677407837903
ENSG00000125977	0.0001325775559949592
ENSG00000185049	0.00013250261720536088
ENSG00000116833	0.00013247301479210266
ENSG00000084072	0.00013247116882521357
ENSG00000173726	0.00013244086279902702
ENSG00000015285	0.0001324298643881263
ENSG00000281221	0.00013242170810824036
ENSG00000154127	0.00013238346805693907
ENSG00000111752	0.00013237366094544196
ENSG00000167721	0.00013234966877030146
ENSG00000136146	0.00013227114862215361
ENSG00000068912	0.00013209696593775231
ENSG00000103769	0.0001320964578285434
ENSG00000108854	0.00013209265070675505
ENSG00000181788	0.000132070848298836
ENSG00000156076	0.00013204249372399443
ENSG00000104852	0.00013202665161690368
ENSG00000131051	0.0001319910797940804
ENSG00000162493	0.0001319827900894978
ENSG00000198774	0.00013196154100843577
ENSG00000101997	0.0001318865509746331
ENSG00000083845	0.0001318304267939982
ENSG00000063601	0.0001316839370065527
ENSG00000124006	0.0001316666225589278
ENSG00000011260	0.00013159561292994197
ENSG00000118971	0.00013158241273334502
ENSG00000108395	0.0001315672759685136
ENSG00000164953	0.00013153064017791636
ENSG00000068650	0.00013147138004386847
ENSG00000198901	0.00013146365153193933
ENSG00000171863	0.00013145730381817114
ENSG00000153317	0.00013144473544698766
ENSG00000157193	0.0001314326122067484
ENSG00000133226	0.00013142304204032443
ENSG00000110906	0.00013140647898279262
ENSG00000177602	0.00013138756073964646
ENSG00000144028	0.00013135745846254123
ENSG00000198561	0.00013134675532150642
ENSG00000180263	0.00013131422980251504
ENSG00000030110	0.00013131175268558024
ENSG00000139679	0.00013123557818733343
ENSG00000093183	0.00013123105920982508
ENSG00000166128	0.00013122121498867134
ENSG00000288217	0.0001312091029778603
ENSG00000141522	0.0001311744859443971
ENSG00000198863	0.0001311668193977918
ENSG00000275349	0.00013103376433239592
ENSG00000151090	0.00013093226047784128
ENSG00000102145	0.00013093183370889566
ENSG00000104332	0.00013092530550784965
ENSG00000138767	0.00013080252029200185
ENSG00000101811	0.00013079415913595753
ENSG00000156675	0.00013078709811627934
ENSG00000164105	0.00013078150199490428
ENSG00000130733	0.0001306510540059466
ENSG00000133275	0.0001305971526704412
ENSG00000196284	0.00013057904776465985
ENSG00000112715	0.00013055674195924666
ENSG00000115806	0.00013055038178925405
ENSG00000163823	0.000130446484352024
ENSG00000134287	0.00013039191321907503
ENSG00000138095	0.00013032811695984516
ENSG00000107984	0.00013028906739101387
ENSG00000129691	0.00013026632299030863
ENSG00000113083	0.00013024966905984104
ENSG00000204217	0.00013024512522835869
ENSG00000136758	0.00013021504513807734
ENSG00000020922	0.00013018527371767106
ENSG00000156261	0.00013016572645205775
ENSG00000131469	0.00013015771581077472
ENSG00000114648	0.0001301517511485681
ENSG00000130826	0.00013005291170565273
ENSG00000162924	0.00013000404364951626
ENSG00000137814	0.00012999991984794887
ENSG00000056097	0.00012997593504498374
ENSG00000103449	0.00012997174052347698
ENSG00000024526	0.00012994844127787205
ENSG00000087111	0.00012993536167922243
ENSG00000126746	0.00012987177089638177
ENSG00000155659	0.0001298638797450989
ENSG00000153560	0.00012985609518515078
ENSG00000102007	0.00012984673325857054
ENSG00000133216	0.0001298466630518713
ENSG00000101407	0.0001297733670497758
ENSG00000103549	0.0001297601373540497
ENSG00000115464	0.00012971149006813494
ENSG00000283780	0.00012970541359153906
ENSG00000080345	0.00012959471397982296
ENSG00000164190	0.00012957626425903345
ENSG00000182621	0.0001295091580047922
ENSG00000172725	0.00012949264305748764
ENSG00000120868	0.0001294218591724923
ENSG00000155974	0.00012940018303591423
ENSG00000281320	0.00012936263338281722
ENSG00000128595	0.0001293596803783092
ENSG00000104368	0.00012933466177170126
ENSG00000198612	0.00012926754702998608
ENSG00000161888	0.00012926174759982472
ENSG00000165732	0.00012925649843670986
ENSG00000184436	0.00012924862411312652
ENSG00000160710	0.00012923080789891414
ENSG00000138814	0.00012920551424033726
ENSG00000139372	0.00012918446836044056
ENSG00000167515	0.00012903166057581504
ENSG00000115295	0.00012901800795196862
ENSG00000131778	0.0001290133038173035
ENSG00000117724	0.0001289859473664537
ENSG00000172379	0.0001289549061030173
ENSG00000163235	0.00012893173483762054
ENSG00000131473	0.00012891330112090274
ENSG00000112742	0.00012887097195770177
ENSG00000113141	0.0001288328918401114
ENSG00000057935	0.0001288233107686945
ENSG00000170035	0.00012879510423306583
ENSG00000124198	0.0001287108285732474
ENSG00000132356	0.00012870059154062222
ENSG00000048405	0.00012868710510229226
ENSG00000099917	0.0001286731506460999
ENSG00000162607	0.000128657158088536
ENSG00000149136	0.00012861959876412694
ENSG00000116260	0.00012860894581807574
ENSG00000140416	0.00012856457864611647
ENSG00000077348	0.00012856076980664476
ENSG00000105443	0.00012855781192388753
ENSG00000114904	0.00012855141279235664
ENSG00000169714	0.00012854856422965906
ENSG00000064313	0.00012852539774513687
ENSG00000142534	0.00012851056979317388
ENSG00000182400	0.00012850906438726149
ENSG00000066279	0.00012847749625190494
ENSG00000113368	0.00012846117076505868
ENSG00000150995	0.0001284604736371491
ENSG00000092445	0.00012845078672239928
ENSG00000120738	0.00012842066456991607
ENSG00000169689	0.00012837939134232096
ENSG00000170145	0.000128358239099509
ENSG00000107796	0.00012835240596898863
ENSG00000160801	0.00012833641127568286
ENSG00000135999	0.00012832407641310496
ENSG00000112081	0.00012831763191367468
ENSG00000124664	0.00012831014256660058
ENSG00000169504	0.00012823710513545174
ENSG00000171453	0.0001281503196812893
ENSG00000164889	0.0001281230524892288
ENSG00000178053	0.00012812045241720327
ENSG00000073008	0.00012810077191530365
ENSG00000132688	0.00012808669916142973
ENSG00000162714	0.00012806109039767451
ENSG00000163558	0.00012804270713168869
ENSG00000147873	0.0001279752741917054
ENSG00000113552	0.00012796879150354755
ENSG00000205356	0.00012786754382584518
ENSG00000108381	0.00012785779458151047
ENSG00000116062	0.0001278227746162569
ENSG00000176101	0.000127811574426792
ENSG00000171055	0.0001277288744910402
ENSG00000162772	0.00012771610578271703
ENSG00000067606	0.00012762978681692762
ENSG00000119878	0.0001275856953414959
ENSG00000108061	0.00012752845521074786
ENSG00000116670	0.00012751242881653969
ENSG00000285339	0.0001274916351882905
ENSG00000138182	0.00012739485495691377
ENSG00000177125	0.00012739304518154913
ENSG00000130640	0.00012738062029963933
ENSG00000110955	0.00012736677056108636
ENSG00000107625	0.00012734795437688762
ENSG00000170881	0.00012729292568821723
ENSG00000119139	0.00012722723185311477
ENSG00000141564	0.00012718180324061055
ENSG00000138385	0.00012717676145428353
ENSG00000101132	0.00012717537789580247
ENSG00000082516	0.0001271729367946248
ENSG00000221823	0.00012715922111792365
ENSG00000181704	0.00012708622187355227
ENSG00000138698	0.00012702391224717196
ENSG00000117000	0.00012698907312682893
ENSG00000140391	0.00012687075204458298
ENSG00000136925	0.00012686173061733064
ENSG00000106991	0.00012676983548850875
ENSG00000118640	0.00012676006506020005
ENSG00000125877	0.000126752870626256
ENSG00000131437	0.0001267252920783363
ENSG00000166685	0.00012670206179899604
ENSG00000100316	0.0001266910616627026
ENSG00000157107	0.00012664124878110578
ENSG00000137076	0.00012660316984433056
ENSG00000161956	0.00012656571078941453
ENSG00000101413	0.0001264611037974544
ENSG00000065328	0.00012641538928877594
ENSG00000167685	0.00012641504100455154
ENSG00000120156	0.00012637431266373516
ENSG00000174373	0.0001263641470931203
ENSG00000136122	0.0001263559694948237
ENSG00000122008	0.00012632367029069498
ENSG00000085185	0.0001263047772499636
ENSG00000174405	0.00012626209947889477
ENSG00000198551	0.0001262436548466134
ENSG00000114745	0.00012622846275485308
ENSG00000167173	0.00012621063997474803
ENSG00000102901	0.0001261803329431581
ENSG00000116127	0.00012615342739947383
ENSG00000136573	0.00012613328312389012
ENSG00000167182	0.0001261099077542244
ENSG00000116678	0.00012605754838280783
ENSG00000128908	0.00012603797803316087
ENSG00000160957	0.00012597398328098122
ENSG00000171060	0.00012597257394449742
ENSG00000112787	0.00012596397535343478
ENSG00000133243	0.00012585105925284296
ENSG00000121621	0.00012584210842459594
ENSG00000066455	0.00012581079408965424
ENSG00000111229	0.00012579844356074092
ENSG00000134871	0.00012577081566109263
ENSG00000136381	0.00012577069043314673
ENSG00000008710	0.00012576376878083704
ENSG00000165097	0.00012576098503538154
ENSG00000145740	0.00012567536541142324
ENSG00000112578	0.00012564174705185046
ENSG00000125970	0.0001256326030805492
ENSG00000143164	0.0001256300651814457
ENSG00000015153	0.00012556853689170484
ENSG00000163374	0.00012554331891197163
ENSG00000006837	0.0001254450633235325
ENSG00000116213	0.00012539961606829268
ENSG00000160271	0.00012530778753378253
ENSG00000117481	0.0001252790181117024
ENSG00000182473	0.000125222861703359
ENSG00000101216	0.00012521842078913397
ENSG00000069275	0.0001251756393008721
ENSG00000135945	0.00012514551541225913
ENSG00000170653	0.00012512013661725301
ENSG00000124882	0.0001251116341560952
ENSG00000115750	0.00012510907217265686
ENSG00000120314	0.00012508814800067165
ENSG00000169564	0.00012504987591419875
ENSG00000089157	0.00012495947798020496
ENSG00000122068	0.00012493587325406336
ENSG00000112769	0.00012493465374295766
ENSG00000185722	0.00012493413253300456
ENSG00000084731	0.00012488888037040405
ENSG00000164611	0.00012488525063831298
ENSG00000119401	0.00012484972329342202
ENSG00000118579	0.00012478457958972882
ENSG00000086065	0.00012477080652776277
ENSG00000137831	0.00012474998974184293
ENSG00000109118	0.00012473733271677666
ENSG00000198952	0.0001246866801281449
ENSG00000134352	0.00012468411806061355
ENSG00000054654	0.00012465826872377165
ENSG00000158545	0.00012461799443676318
ENSG00000115241	0.00012456398304939328
ENSG00000088305	0.00012456045639104417
ENSG00000184349	0.00012453246077526772
ENSG00000198218	0.00012452380975781695
ENSG00000130222	0.00012449512491914607
ENSG00000144134	0.0001244281631598849
ENSG00000055208	0.0001244237993278164
ENSG00000163743	0.000124379419146308
ENSG00000131828	0.0001243764208027248
ENSG00000150672	0.00012431150197123728
ENSG00000069482	0.0001242455593693696
ENSG00000129993	0.00012423650377295806
ENSG00000107882	0.00012420995235692573
ENSG00000171858	0.00012409783601430036
ENSG00000011405	0.00012406898292936024
ENSG00000182636	0.0001240562855978642
ENSG00000130332	0.00012403379265655266
ENSG00000104408	0.00012399385042991744
ENSG00000003056	0.00012399030227698744
ENSG00000196150	0.00012395756958207511
ENSG00000122861	0.00012394161224674768
ENSG00000284096	0.00012392503720956729
ENSG00000118705	0.00012389942487749377
ENSG00000132676	0.00012384472890710407
ENSG00000107164	0.00012382569641119468
ENSG00000149262	0.00012379179246740113
ENSG00000004478	0.0001237344314795276
ENSG00000090530	0.00012373244974165553
ENSG00000106077	0.00012368814717446893
ENSG00000168564	0.000123658144912154
ENSG00000136244	0.00012355962480772756
ENSG00000184363	0.000123423056397854
ENSG00000174483	0.00012339854383481544
ENSG00000076685	0.00012335589540286965
ENSG00000100722	0.00012332119549119305
ENSG00000136738	0.00012330388536203204
ENSG00000133422	0.0001232885489138879
ENSG00000079387	0.00012325243862054659
ENSG00000136271	0.00012323187083343714
ENSG00000096070	0.0001232006952247856
ENSG00000101849	0.00012313154764728514
ENSG00000059758	0.000123104110893293
ENSG00000095139	0.00012309873723040477
ENSG00000117362	0.00012309446327899868
ENSG00000114316	0.00012304899874320473
ENSG00000114554	0.00012296996248878283
ENSG00000168887	0.0001229249517292391
ENSG00000130255	0.0001228757636134199
ENSG00000203879	0.00012285127157725327
ENSG00000116489	0.00012284855254477038
ENSG00000166224	0.00012283187390186936
ENSG00000170779	0.00012280986152761502
ENSG00000123094	0.00012280030829731967
ENSG00000198517	0.0001227875422418323
ENSG00000164930	0.00012278200510929514
ENSG00000013573	0.00012273576359726158
ENSG00000124571	0.00012272385034262927
ENSG00000169826	0.00012265423990870218
ENSG00000143368	0.0001225580402007137
ENSG00000133193	0.00012253143739247377
ENSG00000064419	0.00012251970985474706
ENSG00000183808	0.00012245184666719714
ENSG00000096063	0.00012244427108584923
ENSG00000171208	0.00012242312774706524
ENSG00000276725	0.00012242076379069514
ENSG00000162344	0.00012240272109456454
ENSG00000189299	0.00012239986578205464
ENSG00000133265	0.00012237732151073455
ENSG00000165724	0.00012234723197289036
ENSG00000156475	0.00012222158073693713
ENSG00000162729	0.00012217118468682778
ENSG00000165029	0.00012205808290285245
ENSG00000163655	0.00012204191213485589
ENSG00000108106	0.00012201001034593475
ENSG00000117523	0.00012199869405474002
ENSG00000229117	0.00012198555538742137
ENSG00000120658	0.00012196538822625375
ENSG00000103485	0.00012190911430071326
ENSG00000064933	0.0001218770002306622
ENSG00000135338	0.00012177445266344297
ENSG00000129933	0.00012173417864707733
ENSG00000143171	0.0001216999903202772
ENSG00000009954	0.00012163667926470428
ENSG00000133103	0.00012157374108666756
ENSG00000182580	0.0001215613557680047
ENSG00000150760	0.00012152927289518833
ENSG00000196586	0.00012152270738592266
ENSG00000136068	0.00012147556591631069
ENSG00000189120	0.00012146580215472955
ENSG00000124357	0.00012145048844068389
ENSG00000185917	0.00012142140121255689
ENSG00000133065	0.00012137712536996781
ENSG00000136492	0.00012136270560597286
ENSG00000109674	0.00012131379207719545
ENSG00000130635	0.00012124868996757383
ENSG00000114638	0.00012124104985851235
ENSG00000064042	0.0001211391961144082
ENSG00000151835	0.00012111340181835053
ENSG00000139112	0.00012109904679960467
ENSG00000150455	0.00012107730051772691
ENSG00000163399	0.00012105056477125479
ENSG00000149600	0.00012101985312791262
ENSG00000160218	0.00012101925677847395
ENSG00000118193	0.00012100096627078593
ENSG00000136942	0.00012096668675411097
ENSG00000130508	0.00012094301888055695
ENSG00000164162	0.00012093555230644843
ENSG00000163125	0.00012089485312399267
ENSG00000162836	0.00012087172740789603
ENSG00000176476	0.00012086973353231656
ENSG00000104419	0.0001208226295393157
ENSG00000180210	0.00012076534794426711
ENSG00000000419	0.00012075537319363694
ENSG00000038358	0.00012075236711702439
ENSG00000079462	0.00012074845864932176
ENSG00000116455	0.00012073254084618646
ENSG00000093000	0.00012068655371743695
ENSG00000136842	0.00012065750328045508
ENSG00000063978	0.00012061499385155977
ENSG00000257365	0.0001205232190200548
ENSG00000130522	0.00012051767586851538
ENSG00000105355	0.0001204223628093218
ENSG00000113657	0.00012040998673681356
ENSG00000114251	0.00012039920601782086
ENSG00000105255	0.0001203557056363377
ENSG00000125868	0.0001203420525697128
ENSG00000062725	0.00012030972259923199
ENSG00000243364	0.00012026320118880604
ENSG00000167447	0.00012025767010478741
ENSG00000100351	0.00012025162768896447
ENSG00000117475	0.00012024842911971192
ENSG00000169118	0.00012021332676590941
ENSG00000101144	0.00012020850833405074
ENSG00000261609	0.00012019740789897577
ENSG00000102038	0.0001201891989830408
ENSG00000065268	0.00012014004419399109
ENSG00000109805	0.00012011319172329016
ENSG00000132938	0.00012009154447095392
ENSG00000149925	0.0001200857544257624
ENSG00000125870	0.00012001128152128426
ENSG00000006451	0.00011983844510229226
ENSG00000145216	0.00011981710695127493
ENSG00000156374	0.00011976293305615976
ENSG00000174799	0.00011972328506929273
ENSG00000198961	0.0001197221707669264
ENSG00000130669	0.00011962496871285053
ENSG00000138675	0.00011959979503966245
ENSG00000027847	0.00011956905997731083
ENSG00000116580	0.00011949933825284712
ENSG00000085999	0.00011942837061812816
ENSG00000129197	0.00011942199882421491
ENSG00000178028	0.00011938451823213581
ENSG00000249915	0.00011936395601620572
ENSG00000100296	0.00011935362646402723
ENSG00000107485	0.00011934553842112233
ENSG00000080603	0.00011929347829690535
ENSG00000197114	0.00011927727336552265
ENSG00000105483	0.00011926354386492454
ENSG00000146247	0.00011925758302892775
ENSG00000134250	0.00011925620774819957
ENSG00000089048	0.00011924423374509642
ENSG00000181610	0.00011915272602948553
ENSG00000169756	0.00011910749321841016
ENSG00000115421	0.00011909510473965224
ENSG00000169067	0.00011909334120469035
ENSG00000148660	0.00011904407813548228
ENSG00000147124	0.00011903279824317637
ENSG00000177189	0.00011902445944680236
ENSG00000145414	0.00011897762261898742
ENSG00000117322	0.00011895625962408401
ENSG00000024048	0.00011893145848762046
ENSG00000100804	0.00011887945125624777
ENSG00000105281	0.00011887280203288686
ENSG00000102572	0.00011885797075072487
ENSG00000136731	0.00011884095965576958
ENSG00000138326	0.00011883764213258945
ENSG00000154975	0.00011878548805405538
ENSG00000143590	0.00011876681797874796
ENSG00000137073	0.00011876528756416797
ENSG00000077549	0.00011876216458142729
ENSG00000164091	0.00011872856496350079
ENSG00000168646	0.00011854021464952504
ENSG00000099381	0.00011853135596139222
ENSG00000010404	0.00011850390987330002
ENSG00000151694	0.00011848912406013721
ENSG00000164970	0.00011843449705989217
ENSG00000075539	0.00011832707007472915
ENSG00000124614	0.00011830805436775126
ENSG00000122223	0.00011829788545177567
ENSG00000135801	0.00011828760985005541
ENSG00000147679	0.00011827971447896926
ENSG00000164442	0.00011821581828550814
ENSG00000100109	0.00011821516791603091
ENSG00000066427	0.00011817973555771022
ENSG00000129514	0.0001181597748673876
ENSG00000171444	0.00011811305107341939
ENSG00000140307	0.00011810044536072976
ENSG00000171877	0.00011807515069214513
ENSG00000172071	0.00011805320428219198
ENSG00000113384	0.00011797649015170875
ENSG00000108107	0.00011795908591887877
ENSG00000102554	0.00011794737561757841
ENSG00000132824	0.00011791106863915789
ENSG00000102081	0.00011790535526874146
ENSG00000161638	0.00011790344166529063
ENSG00000163161	0.00011782751736664494
ENSG00000076706	0.00011782633870319333
ENSG00000214717	0.00011773979860341265
ENSG00000233927	0.00011766640647863658
ENSG00000188559	0.00011763839245805725
ENSG00000011376	0.00011760418675617631
ENSG00000111859	0.00011759543253172624
ENSG00000010292	0.0001175066352835732
ENSG00000115207	0.00011750365605370072
ENSG00000197111	0.0001175025968379979
ENSG00000085365	0.00011740964385224103
ENSG00000275835	0.00011734301694946317
ENSG00000165682	0.00011729443337971846
ENSG00000105438	0.00011726863722684412
ENSG00000187735	0.00011725881211886297
ENSG00000160563	0.00011721665782800227
ENSG00000124177	0.00011720893349140476
ENSG00000115942	0.00011718831923826586
ENSG00000180228	0.00011717585971131603
ENSG00000092853	0.00011715104068231894
ENSG00000134138	0.00011712978274835406
ENSG00000174827	0.00011709509160200054
ENSG00000171475	0.00011707958960678554
ENSG00000100568	0.00011703307950259811
ENSG00000116830	0.00011701120489388178
ENSG00000196305	0.00011700640133920536
ENSG00000070718	0.0001169825563079319
ENSG00000159217	0.00011696775178055745
ENSG00000142949	0.00011692147941859596
ENSG00000100823	0.00011691881017326339
ENSG00000031691	0.00011691604389534122
ENSG00000147099	0.00011689189996096476
ENSG00000114446	0.00011688884535926524
ENSG00000160741	0.00011688196906771647
ENSG00000077721	0.00011685560095609154
ENSG00000060566	0.00011684781616647505
ENSG00000037280	0.00011682882683679807
ENSG00000141433	0.00011675410941245888
ENSG00000145390	0.00011673961019689918
ENSG00000186153	0.0001167369014541593
ENSG00000109062	0.00011671930794331437
ENSG00000170340	0.00011668588624892036
ENSG00000213625	0.00011667942145141992
ENSG00000197321	0.00011667562998139216
ENSG00000177613	0.00011665945213826976
ENSG00000101460	0.0001166467375373241
ENSG00000157111	0.00011661992476238378
ENSG00000126778	0.00011661871492828677
ENSG00000124486	0.00011661188069916343
ENSG00000116698	0.00011650951303610526
ENSG00000168496	0.00011650854538555967
ENSG00000138594	0.00011650179397718752
ENSG00000151332	0.00011647251537097916
ENSG00000133124	0.00011644206360178628
ENSG00000100852	0.0001164403850337197
ENSG00000164111	0.00011642103891719804
ENSG00000198700	0.00011640306359036917
ENSG00000070366	0.00011638500710581788
ENSG00000163348	0.00011628131869288361
ENSG00000151693	0.00011626928157466359
ENSG00000087087	0.00011622869653573988
ENSG00000171174	0.00011617734305715847
ENSG00000109103	0.00011612701905036114
ENSG00000133030	0.00011611581001789677
ENSG00000119707	0.00011610372759703744
ENSG00000109471	0.00011609237349444688
ENSG00000103496	0.00011607417426164018
ENSG00000076003	0.00011604386827182469
ENSG00000138336	0.00011601391468693136
ENSG00000133812	0.00011600830349803632
ENSG00000122359	0.00011597218460161922
ENSG00000168818	0.00011595722794291121
ENSG00000115310	0.0001159469449034062
ENSG00000135932	0.00011592565075350714
ENSG00000163344	0.00011591290436038756
ENSG00000104320	0.00011587483074789663
ENSG00000198945	0.00011583775331364156
ENSG00000054356	0.00011583438858248566
ENSG00000019995	0.00011583367251706813
ENSG00000150457	0.00011582965007105232
ENSG00000225201	0.00011581284230864462
ENSG00000266094	0.00011576398532803348
ENSG00000063177	0.00011574635749646452
ENSG00000138663	0.00011571525176626849
ENSG00000023287	0.00011571047252850404
ENSG00000143226	0.00011571027362970234
ENSG00000100991	0.00011566396464380552
ENSG00000198162	0.00011566062780275493
ENSG00000172315	0.00011562286610955862
ENSG00000186174	0.00011551407603385073
ENSG00000086189	0.0001154977181866825
ENSG00000135766	0.00011549599297901576
ENSG00000170515	0.00011549024504873823
ENSG00000110344	0.00011546248824732096
ENSG00000166200	0.00011544915598809276
ENSG00000122512	0.00011544487729154428
ENSG00000112306	0.00011542855645761094
ENSG00000182872	0.00011542570692075128
ENSG00000136104	0.00011541534794048326
ENSG00000172809	0.00011539646460428608
ENSG00000213741	0.0001153863120646452
ENSG00000128159	0.00011533341144054696
ENSG00000149735	0.00011529021258394879
ENSG00000145861	0.00011526087983133515
ENSG00000108559	0.00011522846903843178
ENSG00000139579	0.0001151661963686653
ENSG00000104738	0.00011515303420614008
ENSG00000073050	0.00011512597263314394
ENSG00000164751	0.0001151053634144826
ENSG00000039319	0.00011510404263994369
ENSG00000072849	0.00011505195070049915
ENSG00000176390	0.00011501991779754303
ENSG00000090615	0.00011499277356730788
ENSG00000130165	0.00011497011747626627
ENSG00000116273	0.000114965049659842
ENSG00000186141	0.00011493798317603908
ENSG00000198755	0.00011490939615129106
ENSG00000107140	0.00011488848016744255
ENSG00000184481	0.00011488002387228801
ENSG00000105372	0.00011485516007219498
ENSG00000141627	0.0001148546956282798
ENSG00000173273	0.00011483308427967948
ENSG00000168078	0.00011482780238397087
ENSG00000134686	0.00011482501718335675
ENSG00000087053	0.00011480671473057855
ENSG00000121152	0.00011475712629892843
ENSG00000197063	0.00011474992651259265
ENSG00000075461	0.00011470389120843572
ENSG00000119421	0.00011466744185420435
ENSG00000066027	0.0001146630641535557
ENSG00000143498	0.0001145864198993334
ENSG00000146263	0.00011458490941451689
ENSG00000089127	0.00011457870691094775
ENSG00000006740	0.0001145309365675026
ENSG00000160410	0.00011451367543056963
ENSG00000086589	0.00011448537966234114
ENSG00000182718	0.00011445157742545094
ENSG00000196950	0.00011443525710811007
ENSG00000037749	0.00011439447591314584
ENSG00000089818	0.00011439335961432421
ENSG00000080845	0.00011433511671773221
ENSG00000264364	0.00011433216373012568
ENSG00000197442	0.00011431614520998525
ENSG00000162188	0.00011423914576537804
ENSG00000113070	0.000114217654781488
ENSG00000108518	0.00011420596761120588
ENSG00000205302	0.00011420202226497722
ENSG00000105258	0.0001141923020185865
ENSG00000108821	0.00011412959593503185
ENSG00000071537	0.00011411134371242067
ENSG00000196465	0.00011408365710439722
ENSG00000101892	0.0001140568896532685
ENSG00000156711	0.00011405587434268348
ENSG00000105323	0.00011404471587612571
ENSG00000091317	0.00011404139352886581
ENSG00000168653	0.00011402502546173978
ENSG00000064703	0.00011399958752011205
ENSG00000074755	0.00011399834562471231
ENSG00000163635	0.00011396195884228835
ENSG00000120370	0.00011394657045978539
ENSG00000177954	0.00011394501627499294
ENSG00000154001	0.00011388708135723722
ENSG00000115593	0.00011388184127130326
ENSG00000185811	0.00011386982878983874
ENSG00000134627	0.00011386704516163002
ENSG00000140465	0.00011386362483836049
ENSG00000139726	0.00011384802672463531
ENSG00000165630	0.00011380940918048647
ENSG00000197622	0.00011372760326591519
ENSG00000083838	0.00011372641669881948
ENSG00000184900	0.00011371846127151908
ENSG00000147649	0.00011371373370279576
ENSG00000176014	0.00011371068596711409
ENSG00000074211	0.00011366048559490431
ENSG00000178035	0.00011355391825949833
ENSG00000111247	0.00011354475361529707
ENSG00000137699	0.00011351733652581663
ENSG00000115085	0.00011350839418717381
ENSG00000138592	0.00011350255755667757
ENSG00000227345	0.0001134779109823779
ENSG00000113621	0.00011347103143517095
ENSG00000088356	0.00011343331496933263
ENSG00000075702	0.00011342753375005497
ENSG00000090020	0.00011341463422046184
ENSG00000184678	0.00011335001250970289
ENSG00000211456	0.00011330068650227742
ENSG00000173542	0.00011326545828251522
ENSG00000090054	0.00011325620993394393
ENSG00000158402	0.0001132464716354501
ENSG00000155636	0.00011321372347162321
ENSG00000198874	0.00011320710360403566
ENSG00000112242	0.0001131836285822351
ENSG00000105701	0.0001131746401837955
ENSG00000111615	0.00011311411213788501
ENSG00000083844	0.00011308144818303914
ENSG00000136643	0.00011302267432058368
ENSG00000019991	0.00011298860093382799
ENSG00000008988	0.00011298851589020828
ENSG00000065427	0.00011297780131480363
ENSG00000178988	0.00011294056800702823
ENSG00000168291	0.00011289378412851165
ENSG00000187908	0.00011287621023670315
ENSG00000103489	0.0001128659906833285
ENSG00000146013	0.00011284766542478202
ENSG00000125730	0.00011284311344163725
ENSG00000100902	0.0001128352441809254
ENSG00000086827	0.00011282950443378488
ENSG00000166402	0.00011279137365788406
ENSG00000112996	0.00011279034926019089
ENSG00000186340	0.0001127854636728999
ENSG00000146414	0.00011276964659184524
ENSG00000115020	0.00011275083525481794
ENSG00000054523	0.00011274432308270653
ENSG00000109670	0.00011274044982788732
ENSG00000164941	0.00011273716791323063
ENSG00000163510	0.00011273397648042097
ENSG00000155545	0.00011271870952127348
ENSG00000033800	0.00011271461978583411
ENSG00000118454	0.00011269212908601684
ENSG00000143756	0.00011266742827704078
ENSG00000105771	0.00011262797387863936
ENSG00000060749	0.0001126274630330684
ENSG00000108788	0.00011261577452305636
ENSG00000185246	0.00011259785235613301
ENSG00000147526	0.00011257281500971494
ENSG00000105971	0.00011256986756199928
ENSG00000147669	0.00011254679310625588
ENSG00000147650	0.00011253963268715141
ENSG00000110107	0.00011253580274173876
ENSG00000163625	0.0001125052289957613
ENSG00000181004	0.00011249478702756058
ENSG00000165637	0.00011244745101162619
ENSG00000153767	0.00011235934754294599
ENSG00000163249	0.00011235205852787627
ENSG00000029725	0.00011228489389317897
ENSG00000170322	0.00011228154496816633
ENSG00000108829	0.00011227188256344969
ENSG00000197771	0.00011223962143696319
ENSG00000135241	0.0001121837273637127
ENSG00000167657	0.00011206710730974792
ENSG00000169100	0.00011206540631394392
ENSG00000198851	0.00011205011206491952
ENSG00000069849	0.00011201758857805181
ENSG00000087258	0.00011200851819096304
ENSG00000107959	0.0001119990585146479
ENSG00000144560	0.0001119844091007292
ENSG00000088247	0.00011193593804189747
ENSG00000161960	0.0001119348527605355
ENSG00000136874	0.00011189725624902557
ENSG00000139546	0.00011187197041561606
ENSG00000172575	0.0001118710366299743
ENSG00000126216	0.00011184947399239868
ENSG00000130340	0.00011177092965890783
ENSG00000008853	0.00011176661641390038
ENSG00000198146	0.00011173178391110272
ENSG00000112029	0.00011169040861402954
ENSG00000268651	0.00011162301783757988
ENSG00000205426	0.00011154766557625835
ENSG00000174943	0.00011154050376967999
ENSG00000135046	0.00011153592659513402
ENSG00000138686	0.0001115329788985412
ENSG00000007080	0.00011150707323808154
ENSG00000126583	0.00011148505654545817
ENSG00000128487	0.00011144097712370972
ENSG00000113658	0.00011142829008211746
ENSG00000125779	0.00011140160372359099
ENSG00000165030	0.00011138293718372403
ENSG00000068394	0.00011136432743465242
ENSG00000087095	0.00011135787982761006
ENSG00000138363	0.00011134988576185547
ENSG00000107863	0.00011133653566642987
ENSG00000100883	0.00011131761751460533
ENSG00000180957	0.00011125653821278148
ENSG00000153234	0.00011124938822485738
ENSG00000168385	0.00011121834013544225
ENSG00000186063	0.0001112109546537969
ENSG00000115641	0.00011119841495730825
ENSG00000136628	0.00011118444016895781
ENSG00000125354	0.00011115884951113411
ENSG00000108298	0.00011115271552581871
ENSG00000205683	0.00011114589506694284
ENSG00000274081	0.00011113989442706005
ENSG00000132376	0.00011110753723828163
ENSG00000242515	0.00011103201133163146
ENSG00000136940	0.00011102818613612
ENSG00000168143	0.00011102330974888289
ENSG00000168172	0.00011100583498209918
ENSG00000067829	0.00011095914954881091
ENSG00000129625	0.00011095287081654466
ENSG00000105290	0.00011094933113549774
ENSG00000277586	0.00011092418167290491
ENSG00000172493	0.00011088926149101957
ENSG00000175390	0.0001108404868373236
ENSG00000133398	0.00011083264204580861
ENSG00000069667	0.000110815988166592
ENSG00000204899	0.00011069540249529165
ENSG00000111641	0.00011064676458984407
ENSG00000000938	0.00011062380325570617
ENSG00000123066	0.00011061346699482349
ENSG00000155111	0.00011059863568526506
ENSG00000185129	0.00011059120864979837
ENSG00000115268	0.00011052821326920256
ENSG00000123136	0.00011051457753026441
ENSG00000115507	0.00011050558296177293
ENSG00000071189	0.00011049958048890457
ENSG00000137942	0.00011048778300867262
ENSG00000118257	0.00011045734625143981
ENSG00000170689	0.00011045393726933318
ENSG00000180198	0.00011044678952203634
ENSG00000198932	0.00011041096757269769
ENSG00000108599	0.00011039570510392883
ENSG00000144524	0.00011037580514632872
ENSG00000143801	0.00011035844505135294
ENSG00000205250	0.00011035446721126349
ENSG00000174276	0.00011034624912523451
ENSG00000092439	0.00011026954649632028
ENSG00000101096	0.00011023745102383816
ENSG00000151247	0.00011023267532442088
ENSG00000158615	0.00011022310099415028
ENSG00000164287	0.00011021249015134614
ENSG00000106278	0.00011020871123821826
ENSG00000152464	0.0001102058729784009
ENSG00000156973	0.00011018166715529643
ENSG00000017797	0.00011017558517959221
ENSG00000163898	0.00011014944014217736
ENSG00000140105	0.00011007072991340476
ENSG00000158195	0.0001100448853607633
ENSG00000187091	0.00011000385395916557
ENSG00000164609	0.00010994770188373568
ENSG00000108819	0.00010993794118711604
ENSG00000087460	0.00010989177048223538
ENSG00000085831	0.00010987547576616372
ENSG00000100385	0.00010987220530780965
ENSG00000102030	0.0001098488141974493
ENSG00000171848	0.0001098419433832688
ENSG00000067533	0.00010983824120905672
ENSG00000126787	0.00010975317025725586
ENSG00000158711	0.00010972363116653536
ENSG00000186897	0.00010971186981363681
ENSG00000182541	0.00010969404683586866
ENSG00000163938	0.00010968999182553953
ENSG00000119318	0.00010968496234289193
ENSG00000124802	0.00010965068064202014
ENSG00000103365	0.00010963584439010542
ENSG00000166170	0.00010960664616292634
ENSG00000146963	0.00010960256986230333
ENSG00000092850	0.00010959778412809293
ENSG00000102678	0.00010956874720055797
ENSG00000140265	0.00010955226810360041
ENSG00000159263	0.00010954688630631935
ENSG00000108469	0.00010952452466501075
ENSG00000162702	0.00010948529390614284
ENSG00000165527	0.000109450228553966
ENSG00000172613	0.00010944591448831012
ENSG00000171560	0.0001094365711092373
ENSG00000167601	0.00010941202054306077
ENSG00000277273	0.0001093788577102089
ENSG00000153094	0.00010937459502948426
ENSG00000177853	0.00010936074020713469
ENSG00000074047	0.00010934508666181026
ENSG00000154727	0.00010933582852227472
ENSG00000112659	0.00010933526612793594
ENSG00000125733	0.00010927703527727579
ENSG00000101752	0.00010919791462730035
ENSG00000171103	0.00010919385798105794
ENSG00000123159	0.00010916068150876799
ENSG00000197579	0.00010910814342407385
ENSG00000067225	0.00010907376927703386
ENSG00000099940	0.00010906075813487762
ENSG00000101220	0.0001090515693271185
ENSG00000161847	0.00010904768981374813
ENSG00000138286	0.00010903797680501492
ENSG00000165006	0.00010902461155075496
ENSG00000127955	0.000108989229981898
ENSG00000114315	0.00010897066391579138
ENSG00000131697	0.00010894435454105727
ENSG00000167632	0.00010892960404149706
ENSG00000108587	0.0001089069467042202
ENSG00000063180	0.00010890550875911723
ENSG00000120265	0.00010885109685869171
ENSG00000167513	0.00010882651770242175
ENSG00000197958	0.00010882006259930536
ENSG00000104881	0.00010874815207252643
ENSG00000167034	0.00010871490733660113
ENSG00000085840	0.00010870996220889861
ENSG00000152484	0.00010867086084282686
ENSG00000124479	0.00010867031858186254
ENSG00000175550	0.00010860126891463814
ENSG00000100596	0.0001085828584965638
ENSG00000130204	0.00010855998060950113
ENSG00000152382	0.00010855852941936853
ENSG00000117335	0.00010854479176634313
ENSG00000213079	0.00010849677441366573
ENSG00000141682	0.00010848436020528598
ENSG00000117632	0.00010847814891982978
ENSG00000028116	0.0001084566102577474
ENSG00000005844	0.00010844290384139141
ENSG00000111880	0.00010843832459088833
ENSG00000105507	0.00010842312105459995
ENSG00000196455	0.0001083685072970806
ENSG00000130811	0.00010835690948502973
ENSG00000107862	0.00010831408174671944
ENSG00000176619	0.00010827748631317906
ENSG00000112232	0.00010825043121368492
ENSG00000167840	0.00010822632924264846
ENSG00000057663	0.00010819203194361488
ENSG00000163882	0.00010815592178998183
ENSG00000179583	0.00010811873819887937
ENSG00000096433	0.00010810953616227208
ENSG00000006634	0.00010804588424728737
ENSG00000089289	0.00010800852113704281
ENSG00000205423	0.00010794167433227368
ENSG00000143842	0.00010793415465163542
ENSG00000188342	0.00010790569142594306
ENSG00000196792	0.00010789204336996162
ENSG00000009335	0.0001078728203451662
ENSG00000198924	0.00010784452511196917
ENSG00000237441	0.0001077755480985088
ENSG00000121390	0.00010768950418869803
ENSG00000123240	0.00010768897430814911
ENSG00000102879	0.00010767156381549446
ENSG00000275052	0.00010766777614165332
ENSG00000105851	0.00010766354838262733
ENSG00000062650	0.0001076343146772003
ENSG00000173218	0.00010761264426251726
ENSG00000164362	0.00010760676436227303
ENSG00000104979	0.00010760367571164005
ENSG00000205339	0.00010759692238134824
ENSG00000089234	0.00010758696028363291
ENSG00000107929	0.00010758593324774779
ENSG00000119777	0.00010752953006595053
ENSG00000135775	0.00010752647602155426
ENSG00000107581	0.000107518463582526
ENSG00000177600	0.00010742990998241198
ENSG00000104885	0.0001074086154484481
ENSG00000019102	0.00010740023509752102
ENSG00000144036	0.00010736853904911598
ENSG00000010610	0.00010736749713410102
ENSG00000152683	0.00010728976403019374
ENSG00000198959	0.0001072808548525451
ENSG00000139990	0.00010725475833669132
ENSG00000172171	0.00010722992926842587
ENSG00000102900	0.00010721590268388892
ENSG00000061938	0.00010719418023880377
ENSG00000156603	0.00010712162117555745
ENSG00000162298	0.0001071022830725911
ENSG00000115816	0.00010709745635085627
ENSG00000023516	0.00010709014084576549
ENSG00000136824	0.0001070899855028361
ENSG00000143257	0.00010708789562522658
ENSG00000088205	0.00010707463668245166
ENSG00000090447	0.00010706627589191567
ENSG00000002822	0.0001070502694357849
ENSG00000126001	0.00010700467130264748
ENSG00000254772	0.00010700464429089525
ENSG00000085741	0.00010700463760306119
ENSG00000150625	0.0001069767185547885
ENSG00000185963	0.00010693732771986387
ENSG00000112561	0.00010689656649142219
ENSG00000169255	0.00010688303274417922
ENSG00000163346	0.0001068603133501466
ENSG00000122778	0.00010681133048713908
ENSG00000152256	0.00010679381600354856
ENSG00000073350	0.00010675811434638557
ENSG00000109079	0.0001067273883534414
ENSG00000122545	0.00010667416868447519
ENSG00000196526	0.00010664694899126175
ENSG00000106546	0.00010664587076874427
ENSG00000075673	0.0001065123961336453
ENSG00000101343	0.0001064906262750403
ENSG00000134013	0.0001064868435062968
ENSG00000105993	0.00010644569436708036
ENSG00000113649	0.00010643595040665322
ENSG00000176095	0.00010643283200389818
ENSG00000165819	0.0001064243772434094
ENSG00000111875	0.00010641686438026316
ENSG00000111707	0.00010641355519254646
ENSG00000161692	0.00010638443897950192
ENSG00000078902	0.00010635512479257017
ENSG00000091039	0.00010633101131395303
ENSG00000283100	0.00010628673654468239
ENSG00000100796	0.00010628563357506923
ENSG00000168438	0.00010628260509698503
ENSG00000156531	0.00010626715317892399
ENSG00000008441	0.00010616421829017811
ENSG00000168883	0.00010605521830232049
ENSG00000125378	0.00010605227138971363
ENSG00000117868	0.00010604649732888422
ENSG00000183853	0.00010603389344849599
ENSG00000041357	0.00010601886861967058
ENSG00000171466	0.00010601757401649333
ENSG00000155755	0.0001060040246503265
ENSG00000034971	0.00010597541152476942
ENSG00000099250	0.0001059723023339309
ENSG00000101197	0.00010595609114108907
ENSG00000130940	0.00010595108497075847
ENSG00000106541	0.00010592309348804807
ENSG00000140463	0.00010592138450290694
ENSG00000120656	0.00010591903390361516
ENSG00000007866	0.0001059182261636984
ENSG00000122515	0.00010590976836108246
ENSG00000119969	0.00010587132869308706
ENSG00000096746	0.0001058475866239313
ENSG00000123643	0.00010584219569832755
ENSG00000074054	0.00010580110615268668
ENSG00000185379	0.00010579426770658155
ENSG00000119866	0.00010578777445947297
ENSG00000162413	0.00010572096546972255
ENSG00000180104	0.0001057175357272135
ENSG00000158517	0.0001056874077938488
ENSG00000142541	0.00010568675728227231
ENSG00000144867	0.00010566452920509397
ENSG00000113648	0.00010565756285193811
ENSG00000113851	0.00010565359051281075
ENSG00000135968	0.00010562587074889822
ENSG00000011243	0.00010562374404224409
ENSG00000182197	0.00010558691800520114
ENSG00000152944	0.00010556042306681689
ENSG00000146350	0.00010555446974601846
ENSG00000151292	0.0001055230166787629
ENSG00000142676	0.0001055131613731838
ENSG00000134323	0.00010548564098707925
ENSG00000011198	0.00010544798743933206
ENSG00000178538	0.00010541505412676034
ENSG00000163875	0.0001053510419022246
ENSG00000161914	0.00010534349726929277
ENSG00000152137	0.0001053409870838603
ENSG00000164104	0.00010533523480704828
ENSG00000166855	0.00010531036750518807
ENSG00000105879	0.00010525649359936373
ENSG00000143315	0.00010523457252170339
ENSG00000144744	0.00010518861380535027
ENSG00000025772	0.00010518163221002662
ENSG00000138347	0.00010517167701530809
ENSG00000092148	0.0001051162445919622
ENSG00000143633	0.0001051149274332554
ENSG00000147789	0.000105074940461598
ENSG00000171100	0.00010506016667261795
ENSG00000167842	0.0001050548319631268
ENSG00000049283	0.00010504374927037637
ENSG00000126562	0.0001050385664482173
ENSG00000120727	0.00010499597051906434
ENSG00000021300	0.00010497993688950139
ENSG00000197265	0.00010495774808312518
ENSG00000144852	0.00010494096457137952
ENSG00000172262	0.00010493670823876291
ENSG00000160796	0.00010491639941269633
ENSG00000163251	0.000104895796698077
ENSG00000156508	0.0001048807601873192
ENSG00000241878	0.000104878938993736
ENSG00000115993	0.00010485153033453629
ENSG00000105556	0.00010479580912626725
ENSG00000109686	0.0001047934205804959
ENSG00000198265	0.00010476177663364187
ENSG00000131626	0.00010475086364930794
ENSG00000167965	0.0001047491079220539
ENSG00000050130	0.00010473816133716609
ENSG00000131149	0.00010471165037233301
ENSG00000009844	0.00010469127690073077
ENSG00000152234	0.00010468918580065135
ENSG00000125445	0.00010468204534535472
ENSG00000167395	0.00010467544100465555
ENSG00000049541	0.00010465357902310042
ENSG00000188706	0.00010462648167788509
ENSG00000130684	0.00010459247445676179
ENSG00000182095	0.00010455277146198958
ENSG00000148180	0.00010454763105769525
ENSG00000165288	0.00010454023501234585
ENSG00000110921	0.00010451430801239536
ENSG00000162733	0.00010449875869805982
ENSG00000095637	0.00010448903249751321
ENSG00000109171	0.00010444885876248576
ENSG00000168411	0.00010443493790145309
ENSG00000083444	0.00010442802488430292
ENSG00000132849	0.00010441824357438561
ENSG00000092199	0.00010426204141974009
ENSG00000106636	0.00010425607929435522
ENSG00000175315	0.00010423978999595216
ENSG00000160917	0.00010422293685007982
ENSG00000121067	0.00010421825961854293
ENSG00000166987	0.00010418183712819924
ENSG00000177628	0.00010415907533998306
ENSG00000168077	0.00010409846657837895
ENSG00000112640	0.00010409167254412925
ENSG00000091009	0.00010409069627114625
ENSG00000105404	0.00010408592653796685
ENSG00000118762	0.00010407516008217088
ENSG00000196154	0.00010406520971544937
ENSG00000105866	0.00010406491583162939
ENSG00000160714	0.00010405882034972604
ENSG00000065150	0.00010405846303797905
ENSG00000196704	0.00010405033048372319
ENSG00000114520	0.00010403058942425801
ENSG00000131013	0.00010402077454877688
ENSG00000103067	0.00010400510131336496
ENSG00000112033	0.00010396659404864534
ENSG00000136931	0.00010391622383468783
ENSG00000167978	0.00010391504717655991
ENSG00000151692	0.00010389570823475527
ENSG00000105186	0.00010389005080343744
ENSG00000011201	0.00010386437396386753
ENSG00000162613	0.0001038063088096811
ENSG00000108010	0.00010376336385319761
ENSG00000149187	0.00010374551919039657
ENSG00000172273	0.00010374009267899224
ENSG00000198026	0.00010372828288510852
ENSG00000186469	0.00010371292150230048
ENSG00000158321	0.00010368116249089552
ENSG00000112078	0.00010365123942400943
ENSG00000162236	0.00010363938766116489
ENSG00000137770	0.00010361310987485177
ENSG00000171940	0.00010359784680685048
ENSG00000168556	0.00010357112686005234
ENSG00000128524	0.00010353067366089812
ENSG00000008086	0.00010350315074987576
ENSG00000114861	0.00010349998009924252
ENSG00000115548	0.00010349817689983727
ENSG00000114784	0.00010349791810179484
ENSG00000157600	0.00010346952613946577
ENSG00000187535	0.00010343570768230569
ENSG00000204316	0.00010342735679745495
ENSG00000017427	0.00010341409220171338
ENSG00000118162	0.00010333605375031963
ENSG00000111907	0.00010333476267547793
ENSG00000168872	0.00010333451733388253
ENSG00000169696	0.00010331593641834042
ENSG00000078618	0.00010330077067428859
ENSG00000130724	0.0001032115604267966
ENSG00000104889	0.00010319718449723256
ENSG00000125084	0.00010315708846169287
ENSG00000006704	0.00010313758778149439
ENSG00000144635	0.00010312978495647662
ENSG00000145868	0.00010310453374294399
ENSG00000125798	0.00010306238130662688
ENSG00000084207	0.00010306168211961231
ENSG00000265491	0.00010306166029688522
ENSG00000015532	0.00010306050460380181
ENSG00000103671	0.00010304996305324976
ENSG00000159202	0.00010304942965199249
ENSG00000182544	0.00010304650026231142
ENSG00000198707	0.00010300401786059236
ENSG00000120709	0.00010299939953577594
ENSG00000134046	0.00010299063346685853
ENSG00000007541	0.00010298263255716199
ENSG00000165804	0.00010291506806814402
ENSG00000152082	0.00010286869152813475
ENSG00000102103	0.00010286297738375098
ENSG00000177842	0.00010283554203614454
ENSG00000090776	0.00010282175261892286
ENSG00000110031	0.0001028137725886123
ENSG00000177479	0.00010279314752015408
ENSG00000198089	0.00010279107530164751
ENSG00000128340	0.00010279024758651548
ENSG00000137285	0.00010278130949044826
ENSG00000012211	0.00010276005257781237
ENSG00000261893	0.00010274789048334781
ENSG00000124641	0.00010272365618042637
ENSG00000105649	0.00010268963026226763
ENSG00000117707	0.00010267080032975667
ENSG00000253710	0.00010265010788695676
ENSG00000144724	0.00010263696849904645
ENSG00000147604	0.00010263357456043934
ENSG00000101003	0.00010261271646575165
ENSG00000155849	0.00010261218983792549
ENSG00000103319	0.00010261120590830126
ENSG00000117595	0.00010260998556415425
ENSG00000137218	0.00010258002489324653
ENSG00000101624	0.00010255675582019457
ENSG00000143977	0.00010255664888389417
ENSG00000136944	0.00010255454914121433
ENSG00000143155	0.00010251583255597676
ENSG00000177700	0.00010247776521019636
ENSG00000143157	0.00010246688033429803
ENSG00000125170	0.00010243835394416064
ENSG00000168907	0.00010241561538301678
ENSG00000175352	0.00010236143022571317
ENSG00000185825	0.00010235506507374655
ENSG00000100401	0.00010234716591809128
ENSG00000164167	0.00010234327508133005
ENSG00000009307	0.00010234115996703626
ENSG00000154764	0.00010232267175685696
ENSG00000143156	0.00010227954856247019
ENSG00000067177	0.00010227592915280398
ENSG00000174780	0.00010222582044388234
ENSG00000100234	0.00010218726688060811
ENSG00000123130	0.00010218694380785988
ENSG00000132153	0.00010217584463717391
ENSG00000155097	0.00010216953620072766
ENSG00000108669	0.00010216929003364077
ENSG00000100941	0.0001021495649104589
ENSG00000120253	0.00010210972453248835
ENSG00000239779	0.00010208544888744633
ENSG00000126261	0.00010208269624465151
ENSG00000137992	0.00010207994135658038
ENSG00000185420	0.00010207787674051614
ENSG00000173120	0.00010202512070233669
ENSG00000175592	0.00010200701694726613
ENSG00000166197	0.00010198740432665881
ENSG00000213658	0.00010197284933072995
ENSG00000101189	0.00010195329270916781
ENSG00000186951	0.00010193357849946387
ENSG00000167900	0.00010192238773199823
ENSG00000156162	0.00010190198441379967
ENSG00000106009	0.00010185776529339677
ENSG00000163430	0.00010181454991027787
ENSG00000221926	0.00010180298987620313
ENSG00000138386	0.00010178719408197542
ENSG00000128191	0.00010177484363493824
ENSG00000169727	0.00010177190222952315
ENSG00000092108	0.00010174468156049669
ENSG00000163995	0.00010167882811525481
ENSG00000039560	0.0001016161504235619
ENSG00000126246	0.00010159930355561482
ENSG00000198677	0.0001015514891984404
ENSG00000136636	0.00010154219532891655
ENSG00000169359	0.00010154174071410967
ENSG00000131375	0.00010152187066128406
ENSG00000240583	0.00010152041961640368
ENSG00000033170	0.00010148928480695405
ENSG00000082781	0.00010148240548820016
ENSG00000100105	0.00010145614860138021
ENSG00000189298	0.00010144690579674821
ENSG00000284126	0.00010141041638076466
ENSG00000198689	0.00010139205138665224
ENSG00000143458	0.00010139128004489421
ENSG00000176102	0.00010131578934322022
ENSG00000102178	0.000101299872232536
ENSG00000103342	0.00010129938593235637
ENSG00000166263	0.00010127408289341855
ENSG00000170185	0.00010122466546442516
ENSG00000140937	0.00010121720373112079
ENSG00000116017	0.00010120827083091839
ENSG00000092054	0.00010120266366691682
ENSG00000174547	0.00010117753072219161
ENSG00000129292	0.00010115340274771984
ENSG00000144426	0.00010105420849505547
ENSG00000124102	0.00010103848324167716
ENSG00000145782	0.00010103099282154762
ENSG00000134453	0.00010098751958649338
ENSG00000175221	0.00010098011972482712
ENSG00000131910	0.0001009546556647365
ENSG00000124233	0.00010095057164814439
ENSG00000151748	0.0001009318837732083
ENSG00000134318	0.00010092956850606627
ENSG00000023909	0.00010089287029823099
ENSG00000187554	0.00010086922582956518
ENSG00000049759	0.00010081918572864744
ENSG00000076604	0.00010080529886746968
ENSG00000138785	0.00010078826132984123
ENSG00000164506	0.00010077374174265735
ENSG00000156535	0.00010076328544751431
ENSG00000081692	0.00010076118946966998
ENSG00000157933	0.00010075176296395392
ENSG00000146802	0.00010074874440146674
ENSG00000114923	0.00010074409685825015
ENSG00000105197	0.00010072869705934094
ENSG00000132612	0.00010072234163876914
ENSG00000221914	0.00010072093914797981
ENSG00000148308	0.00010071717408720836
ENSG00000163512	0.00010069718706711168
ENSG00000100281	0.00010068815559273578
ENSG00000166869	0.00010068497437899588
ENSG00000076924	0.0001006505570623375
ENSG00000119487	0.00010063332725794548
ENSG00000147687	0.00010061709302624074
ENSG00000165733	0.00010060291448045463
ENSG00000168813	0.0001005626671374881
ENSG00000109381	0.00010056050003806893
ENSG00000002016	0.000100548675637215
ENSG00000137497	0.00010051027216159386
ENSG00000125485	0.00010050751992073487
ENSG00000139722	0.00010046125210409435
ENSG00000057608	0.00010041026050737119
ENSG00000132716	0.00010039636752687103
ENSG00000135269	0.00010038124849034183
ENSG00000147443	0.0001003685787516772
ENSG00000130803	0.00010029240076934597
ENSG00000166900	0.00010027659985744472
ENSG00000213672	0.00010022705118973245
ENSG00000163634	0.00010020805709864989
ENSG00000058262	0.00010019823121214808
ENSG00000183762	0.00010019431011117727
ENSG00000160633	0.00010018262037604083
ENSG00000121966	0.00010013372238173143
ENSG00000157851	0.00010012371669784676
ENSG00000154358	0.0001000866046309448
ENSG00000278152	0.00010006722668635078
ENSG00000135870	0.00010006673653553323
ENSG00000137413	0.00010001930591659108
ENSG00000174989	9.99990349413703e-05
ENSG00000113282	9.998242184067343e-05
ENSG00000162419	9.990775579526985e-05
ENSG00000171566	9.990393724089382e-05
ENSG00000110013	9.988386109773331e-05
ENSG00000145592	9.987665685000637e-05
ENSG00000064651	9.977164571256574e-05
ENSG00000185238	9.971596563153214e-05
ENSG00000152056	9.970637860778856e-05
ENSG00000185338	9.969828682302298e-05
ENSG00000106615	9.968203806927545e-05
ENSG00000116747	9.965239628022387e-05
ENSG00000008869	9.964911606167668e-05
ENSG00000144029	9.964692414447401e-05
ENSG00000149591	9.964185943174283e-05
ENSG00000165684	9.957720384604065e-05
ENSG00000099795	9.95502308902611e-05
ENSG00000124784	9.953313638395479e-05
ENSG00000011332	9.953234015609084e-05
ENSG00000184557	9.951987466245175e-05
ENSG00000125484	9.948894612445511e-05
ENSG00000145423	9.948777627822018e-05
ENSG00000125753	9.946718133565183e-05
ENSG00000104442	9.946694383576302e-05
ENSG00000109321	9.943717886090191e-05
ENSG00000163220	9.941162458750415e-05
ENSG00000121058	9.940752502932323e-05
ENSG00000196968	9.937150731381802e-05
ENSG00000119684	9.936730270682071e-05
ENSG00000130520	9.935672214941597e-05
ENSG00000096996	9.929886997794057e-05
ENSG00000115107	9.929870064171043e-05
ENSG00000196700	9.929381045441107e-05
ENSG00000148498	9.928553404271078e-05
ENSG00000264522	9.926682827174902e-05
ENSG00000124160	9.924651334172588e-05
ENSG00000126226	9.921819102221077e-05
ENSG00000078142	9.921060674239588e-05
ENSG00000181191	9.918490880524969e-05
ENSG00000101680	9.913485399518151e-05
ENSG00000143882	9.911570298511419e-05
ENSG00000174842	9.911497268904215e-05
ENSG00000135040	9.911105105909737e-05
ENSG00000125775	9.91083696769178e-05
ENSG00000091428	9.91043919955739e-05
ENSG00000185728	9.90992877037704e-05
ENSG00000113140	9.90809974836636e-05
ENSG00000101158	9.907181597889074e-05
ENSG00000185245	9.9064722577477e-05
ENSG00000125872	9.903930667471768e-05
ENSG00000104490	9.903447917218488e-05
ENSG00000119699	9.902556935955512e-05
ENSG00000008056	9.897465820743551e-05
ENSG00000197081	9.88845766726849e-05
ENSG00000188175	9.88803252027698e-05
ENSG00000130307	9.887538787679225e-05
ENSG00000125482	9.88751520717207e-05
ENSG00000136848	9.887138030295893e-05
ENSG00000255529	9.882617864203029e-05
ENSG00000121892	9.881083854838234e-05
ENSG00000147416	9.880025512415579e-05
ENSG00000132600	9.875310848449048e-05
ENSG00000288325	9.874904106167386e-05
ENSG00000133107	9.873360787857302e-05
ENSG00000146674	9.8716580355523e-05
ENSG00000166148	9.871324240760018e-05
ENSG00000095951	9.870299271802679e-05
ENSG00000138722	9.864996888599075e-05
ENSG00000072832	9.862311365091493e-05
ENSG00000135476	9.862183587393667e-05
ENSG00000101350	9.861762185846669e-05
ENSG00000116661	9.861526943943511e-05
ENSG00000123416	9.860891210128328e-05
ENSG00000159640	9.859818519748556e-05
ENSG00000136536	9.859519713691686e-05
ENSG00000153574	9.855131664519735e-05
ENSG00000136045	9.854536675181476e-05
ENSG00000136631	9.853444271253643e-05
ENSG00000143013	9.853105904085179e-05
ENSG00000197056	9.85242756219024e-05
ENSG00000143162	9.851452025587398e-05
ENSG00000148925	9.85078248792101e-05
ENSG00000074800	9.850000156080714e-05
ENSG00000100368	9.84989527011528e-05
ENSG00000111727	9.849849507938496e-05
ENSG00000169297	9.847507125195915e-05
ENSG00000136153	9.846323043977083e-05
ENSG00000068878	9.842105897497043e-05
ENSG00000115325	9.841247105119988e-05
ENSG00000065413	9.838672140634032e-05
ENSG00000284774	9.83838172465559e-05
ENSG00000159210	9.837549426579351e-05
ENSG00000145632	9.836994458171854e-05
ENSG00000231924	9.827850840112327e-05
ENSG00000006128	9.824628563077585e-05
ENSG00000164400	9.821099612152436e-05
ENSG00000118972	9.82082217997622e-05
ENSG00000221837	9.820539890993742e-05
ENSG00000125538	9.819686678175156e-05
ENSG00000102837	9.819171405592108e-05
ENSG00000110075	9.815017808364154e-05
ENSG00000167985	9.813461918358608e-05
ENSG00000105254	9.811997929955676e-05
ENSG00000186732	9.811468591843275e-05
ENSG00000103647	9.807686098129087e-05
ENSG00000175203	9.807095626897427e-05
ENSG00000198300	9.806942960328675e-05
ENSG00000100241	9.805821644519461e-05
ENSG00000064989	9.805122251960845e-05
ENSG00000099821	9.804679777041371e-05
ENSG00000159231	9.802754611290051e-05
ENSG00000159176	9.802580443224129e-05
ENSG00000143669	9.801826189035923e-05
ENSG00000105472	9.799131043508999e-05
ENSG00000124459	9.798062153993856e-05
ENSG00000186652	9.797696588249645e-05
ENSG00000177694	9.796642011795342e-05
ENSG00000282947	9.795798339763383e-05
ENSG00000135218	9.795325724106894e-05
ENSG00000117505	9.79391612488031e-05
ENSG00000198876	9.792580646123074e-05
ENSG00000137672	9.785567375361294e-05
ENSG00000285435	9.782212316330892e-05
ENSG00000118515	9.781994604770412e-05
ENSG00000158769	9.7810251618289e-05
ENSG00000197548	9.780837965266773e-05
ENSG00000196776	9.777356018519936e-05
ENSG00000117395	9.777093598493135e-05
ENSG00000132906	9.77692103018441e-05
ENSG00000091136	9.77654513955949e-05
ENSG00000182667	9.776176512635717e-05
ENSG00000119946	9.775664873279988e-05
ENSG00000147408	9.775018580255961e-05
ENSG00000118965	9.774455127851582e-05
ENSG00000162631	9.77112722202523e-05
ENSG00000092068	9.770913285439819e-05
ENSG00000153339	9.76955797150535e-05
ENSG00000111790	9.769515948169049e-05
ENSG00000136152	9.763303845237475e-05
ENSG00000089597	9.760502148854078e-05
ENSG00000162734	9.759359524364208e-05
ENSG00000013810	9.759246542580476e-05
ENSG00000198276	9.756086686076312e-05
ENSG00000116016	9.754902302029476e-05
ENSG00000148429	9.751309050619504e-05
ENSG00000111087	9.750790390958833e-05
ENSG00000133895	9.749184055215677e-05
ENSG00000170608	9.74705951813454e-05
ENSG00000086548	9.746075395738161e-05
ENSG00000198929	9.7442500185223e-05
ENSG00000198223	9.74023053636216e-05
ENSG00000011451	9.738719833750614e-05
ENSG00000089094	9.737118881265923e-05
ENSG00000197557	9.733601318811577e-05
ENSG00000100227	9.7313036187422e-05
ENSG00000121417	9.727040702680116e-05
ENSG00000034510	9.726313258362219e-05
ENSG00000143256	9.72597803050413e-05
ENSG00000159479	9.720642001039156e-05
ENSG00000058085	9.720278537506549e-05
ENSG00000047621	9.71503155248226e-05
ENSG00000112245	9.71451600186974e-05
ENSG00000198963	9.710462605810416e-05
ENSG00000107295	9.71020423672089e-05
ENSG00000121350	9.710010740546555e-05
ENSG00000084710	9.70977638591876e-05
ENSG00000170234	9.706794280716023e-05
ENSG00000134077	9.705876017349432e-05
ENSG00000079277	9.704572691980749e-05
ENSG00000115009	9.704436445336927e-05
ENSG00000077463	9.700578296209029e-05
ENSG00000133250	9.698375862853128e-05
ENSG00000139343	9.696584678915476e-05
ENSG00000103494	9.696311125709082e-05
ENSG00000114859	9.691968746187414e-05
ENSG00000187672	9.69046770699786e-05
ENSG00000108465	9.688415711557136e-05
ENSG00000182568	9.685991948708573e-05
ENSG00000095564	9.684752812749726e-05
ENSG00000133606	9.683292227908786e-05
ENSG00000164078	9.682139602344337e-05
ENSG00000146007	9.680671984537425e-05
ENSG00000114098	9.674785207089371e-05
ENSG00000106852	9.666975769209797e-05
ENSG00000179454	9.665584084912259e-05
ENSG00000169855	9.665014628779835e-05
ENSG00000108433	9.66498244623621e-05
ENSG00000178149	9.662247821117668e-05
ENSG00000134717	9.661090266772142e-05
ENSG00000113360	9.65785641556582e-05
ENSG00000131351	9.653511077791795e-05
ENSG00000204262	9.652877182704329e-05
ENSG00000162961	9.650669238035037e-05
ENSG00000164093	9.650211010837116e-05
ENSG00000161249	9.64828752023028e-05
ENSG00000188603	9.646754513591282e-05
ENSG00000197818	9.64673931870988e-05
ENSG00000049245	9.646438835578909e-05
ENSG00000156136	9.64634864425511e-05
ENSG00000176058	9.645368354552566e-05
ENSG00000178252	9.643914463094217e-05
ENSG00000141837	9.642654582831389e-05
ENSG00000110880	9.642358302469297e-05
ENSG00000186106	9.642165406438005e-05
ENSG00000142173	9.63936354476189e-05
ENSG00000176046	9.632637467770932e-05
ENSG00000004700	9.630846936139635e-05
ENSG00000148572	9.627955774781701e-05
ENSG00000083642	9.627572194193319e-05
ENSG00000136861	9.625730257635295e-05
ENSG00000112984	9.62557951125866e-05
ENSG00000005810	9.625303786548871e-05
ENSG00000203965	9.624443201814607e-05
ENSG00000132471	9.623226920177399e-05
ENSG00000211455	9.623035558668587e-05
ENSG00000197746	9.622532936280886e-05
ENSG00000213231	9.620520765337204e-05
ENSG00000157303	9.617687772424606e-05
ENSG00000153989	9.617642568334722e-05
ENSG00000149948	9.615210071177883e-05
ENSG00000130254	9.614844544823121e-05
ENSG00000152422	9.61385334764106e-05
ENSG00000160208	9.613341782829866e-05
ENSG00000166598	9.612880676794593e-05
ENSG00000126705	9.610840615208192e-05
ENSG00000075151	9.610327832090765e-05
ENSG00000243137	9.608880286664946e-05
ENSG00000157954	9.606988576353414e-05
ENSG00000071242	9.606523293153269e-05
ENSG00000140941	9.601293754623448e-05
ENSG00000150630	9.601069778891561e-05
ENSG00000102096	9.598290114670037e-05
ENSG00000110367	9.5976180575876e-05
ENSG00000131089	9.590702294650283e-05
ENSG00000155511	9.59047632770179e-05
ENSG00000142546	9.588597271171136e-05
ENSG00000145088	9.58724185355386e-05
ENSG00000138092	9.585526934486042e-05
ENSG00000198873	9.584428214916788e-05
ENSG00000105880	9.583229126369098e-05
ENSG00000059145	9.583104881365063e-05
ENSG00000012822	9.580839586731563e-05
ENSG00000120800	9.580620287166203e-05
ENSG00000171435	9.580489128762715e-05
ENSG00000137818	9.58020063670103e-05
ENSG00000213983	9.577597921207282e-05
ENSG00000275713	9.575620701230698e-05
ENSG00000103257	9.57069700915706e-05
ENSG00000177455	9.570184561349426e-05
ENSG00000044090	9.568282376182642e-05
ENSG00000160678	9.566413935225307e-05
ENSG00000108506	9.560732146278316e-05
ENSG00000143499	9.558442167193271e-05
ENSG00000171847	9.557884875138951e-05
ENSG00000188130	9.551982639405482e-05
ENSG00000205758	9.550546299666802e-05
ENSG00000144645	9.549116255380265e-05
ENSG00000185651	9.547668017170767e-05
ENSG00000061337	9.542809777105801e-05
ENSG00000076554	9.542153477505629e-05
ENSG00000198001	9.538258912279039e-05
ENSG00000197566	9.536190792708578e-05
ENSG00000131725	9.53433180600989e-05
ENSG00000156931	9.532293977349694e-05
ENSG00000010671	9.530933049060653e-05
ENSG00000136813	9.527833272537171e-05
ENSG00000097033	9.52691411847145e-05
ENSG00000117697	9.526235471406611e-05
ENSG00000186827	9.525980198817848e-05
ENSG00000047849	9.5249787976492e-05
ENSG00000115661	9.524863625141671e-05
ENSG00000110080	9.52358419875366e-05
ENSG00000244038	9.519826662589665e-05
ENSG00000167754	9.516799788906179e-05
ENSG00000197905	9.514890943918701e-05
ENSG00000277079	9.512930167247199e-05
ENSG00000136522	9.50728946334419e-05
ENSG00000156273	9.507210440024939e-05
ENSG00000146872	9.502980626052654e-05
ENSG00000198171	9.502956635833118e-05
ENSG00000134697	9.498649016055773e-05
ENSG00000092470	9.496395318260428e-05
ENSG00000100129	9.495457311189622e-05
ENSG00000166813	9.494313278109856e-05
ENSG00000105698	9.493106763446457e-05
ENSG00000157191	9.491973119762604e-05
ENSG00000102218	9.487029066729941e-05
ENSG00000124216	9.486956123639413e-05
ENSG00000167625	9.484252834420592e-05
ENSG00000100979	9.4831290681505e-05
ENSG00000120685	9.48285747233181e-05
ENSG00000117262	9.481790803098117e-05
ENSG00000177156	9.481240072647796e-05
ENSG00000100354	9.480571794575726e-05
ENSG00000123405	9.477112671870326e-05
ENSG00000176624	9.475628133863541e-05
ENSG00000108091	9.47514696406362e-05
ENSG00000167522	9.471665182912245e-05
ENSG00000183496	9.470143344845138e-05
ENSG00000170290	9.467242915671325e-05
ENSG00000149968	9.466908545132425e-05
ENSG00000138303	9.463582943544836e-05
ENSG00000131100	9.46293735429944e-05
ENSG00000118503	9.459095371749158e-05
ENSG00000122180	9.458395408821262e-05
ENSG00000071082	9.456345688057215e-05
ENSG00000152061	9.456267664872312e-05
ENSG00000174891	9.45278537731804e-05
ENSG00000163156	9.4524609605917e-05
ENSG00000165821	9.452366980389193e-05
ENSG00000227471	9.451689358970401e-05
ENSG00000184117	9.451324728196938e-05
ENSG00000144810	9.44948969826236e-05
ENSG00000181929	9.448333002771663e-05
ENSG00000072310	9.44516542377134e-05
ENSG00000187531	9.441925705706191e-05
ENSG00000103495	9.439821646890609e-05
ENSG00000170631	9.437433575300887e-05
ENSG00000077157	9.435307183073282e-05
ENSG00000145779	9.43403207166161e-05
ENSG00000152904	9.433102694370424e-05
ENSG00000130935	9.431674196494061e-05
ENSG00000136867	9.424191744362669e-05
ENSG00000107819	9.423819227434633e-05
ENSG00000068120	9.421190291061662e-05
ENSG00000108825	9.419994080103173e-05
ENSG00000100580	9.419721045150173e-05
ENSG00000090013	9.41734125272334e-05
ENSG00000115355	9.416684540743902e-05
ENSG00000137265	9.414640973645913e-05
ENSG00000075292	9.414383062825065e-05
ENSG00000172292	9.413250278445719e-05
ENSG00000164080	9.411243150695774e-05
ENSG00000254647	9.41109022389903e-05
ENSG00000054118	9.410390274342007e-05
ENSG00000187514	9.408814701353193e-05
ENSG00000164032	9.407242304707371e-05
ENSG00000158079	9.406154632636592e-05
ENSG00000168066	9.404130987140046e-05
ENSG00000122133	9.40351760160109e-05
ENSG00000007047	9.403358080442318e-05
ENSG00000198203	9.396879627857551e-05
ENSG00000198824	9.395298370715231e-05
ENSG00000136982	9.39516038568398e-05
ENSG00000109111	9.393549869942532e-05
ENSG00000107290	9.39331181274734e-05
ENSG00000147381	9.392412610463915e-05
ENSG00000278195	9.392406040345767e-05
ENSG00000028310	9.391319208814501e-05
ENSG00000164649	9.390322310090412e-05
ENSG00000114391	9.387438500751012e-05
ENSG00000134748	9.386582045727404e-05
ENSG00000163872	9.386349092997967e-05
ENSG00000110047	9.38139685900782e-05
ENSG00000112312	9.380507360949304e-05
ENSG00000135698	9.380373559393283e-05
ENSG00000166862	9.380161582969909e-05
ENSG00000148082	9.379671604927716e-05
ENSG00000168495	9.37760041866401e-05
ENSG00000116750	9.377543887060802e-05
ENSG00000167670	9.372905655912027e-05
ENSG00000051341	9.372399394860816e-05
ENSG00000213585	9.370727671273751e-05
ENSG00000106789	9.3697396532066e-05
ENSG00000197798	9.367498552312526e-05
ENSG00000166313	9.366737041668678e-05
ENSG00000187098	9.36637829939565e-05
ENSG00000198815	9.364920705976588e-05
ENSG00000136826	9.364124060236984e-05
ENSG00000156976	9.361530577964625e-05
ENSG00000167468	9.360440037368754e-05
ENSG00000095059	9.355836869518877e-05
ENSG00000100625	9.353906851014246e-05
ENSG00000196878	9.353881429216116e-05
ENSG00000276644	9.353559135466102e-05
ENSG00000213347	9.35094522161936e-05
ENSG00000196459	9.348071517753994e-05
ENSG00000159459	9.346430952585914e-05
ENSG00000007944	9.34508032381214e-05
ENSG00000122299	9.342398037115047e-05
ENSG00000163682	9.339780707090517e-05
ENSG00000058668	9.334034448878103e-05
ENSG00000168488	9.33364856968597e-05
ENSG00000162819	9.331998412856266e-05
ENSG00000182899	9.330301955968154e-05
ENSG00000135365	9.329574729129358e-05
ENSG00000072571	9.324197075109397e-05
ENSG00000153561	9.323005023427266e-05
ENSG00000183072	9.317042680390957e-05
ENSG00000110274	9.3148067337378e-05
ENSG00000043462	9.313530941177152e-05
ENSG00000144713	9.312231748256187e-05
ENSG00000163811	9.309677190634095e-05
ENSG00000146425	9.309670488537536e-05
ENSG00000151304	9.308339036196575e-05
ENSG00000186496	9.301963809016974e-05
ENSG00000101004	9.298640383561987e-05
ENSG00000163629	9.297878237844196e-05
ENSG00000165757	9.297160994068357e-05
ENSG00000184863	9.296547981003601e-05
ENSG00000140577	9.294314734747737e-05
ENSG00000178409	9.292826863936932e-05
ENSG00000169403	9.28902455912495e-05
ENSG00000051128	9.282962500692122e-05
ENSG00000243130	9.28136291812169e-05
ENSG00000130203	9.280935137667061e-05
ENSG00000151239	9.280510937258047e-05
ENSG00000089639	9.278083658537928e-05
ENSG00000103194	9.276082555051137e-05
ENSG00000273686	9.2723695203743e-05
ENSG00000119446	9.271807996265591e-05
ENSG00000105287	9.268056816075599e-05
ENSG00000198832	9.266593142067668e-05
ENSG00000175662	9.264675824138338e-05
ENSG00000135424	9.262273019283139e-05
ENSG00000152822	9.256613824417196e-05
ENSG00000008324	9.255454252193021e-05
ENSG00000177733	9.250437220841424e-05
ENSG00000167751	9.249685391229351e-05
ENSG00000143493	9.247035339094774e-05
ENSG00000125351	9.246711942338128e-05
ENSG00000060069	9.246121551948526e-05
ENSG00000203760	9.246042456077669e-05
ENSG00000119314	9.243409506778131e-05
ENSG00000155959	9.240959455097447e-05
ENSG00000160211	9.238958238351641e-05
ENSG00000111049	9.237869573819584e-05
ENSG00000112208	9.237656059437794e-05
ENSG00000172888	9.237274327685981e-05
ENSG00000119541	9.234166137524824e-05
ENSG00000127334	9.233462651010064e-05
ENSG00000135363	9.232123828619939e-05
ENSG00000075388	9.229878118429273e-05
ENSG00000136891	9.227071499001577e-05
ENSG00000125656	9.225931732094792e-05
ENSG00000128683	9.225625536021003e-05
ENSG00000124209	9.223718684920068e-05
ENSG00000165533	9.223053522227792e-05
ENSG00000171241	9.222704157691193e-05
ENSG00000137273	9.22161692972949e-05
ENSG00000179943	9.221114855864842e-05
ENSG00000168040	9.214933720443534e-05
ENSG00000143337	9.213214650905649e-05
ENSG00000020633	9.209385654303844e-05
ENSG00000127603	9.201022207224787e-05
ENSG00000165409	9.199360353494069e-05
ENSG00000116906	9.19858625589492e-05
ENSG00000048828	9.19829707408635e-05
ENSG00000136877	9.193617854776137e-05
ENSG00000005100	9.19177452983796e-05
ENSG00000054116	9.189735222279319e-05
ENSG00000196482	9.18765871418535e-05
ENSG00000119922	9.187162993940418e-05
ENSG00000155034	9.183981875131471e-05
ENSG00000070886	9.182204382248396e-05
ENSG00000187678	9.181303204140426e-05
ENSG00000109083	9.178827127705842e-05
ENSG00000166816	9.178121577724246e-05
ENSG00000156858	9.174775567351027e-05
ENSG00000164244	9.174711214339173e-05
ENSG00000187608	9.174149276417772e-05
ENSG00000198522	9.171926790724974e-05
ENSG00000115486	9.16988246543425e-05
ENSG00000123609	9.168337762933027e-05
ENSG00000111218	9.166318337936721e-05
ENSG00000158458	9.16555226386923e-05
ENSG00000187790	9.162675313814222e-05
ENSG00000183010	9.162623624899097e-05
ENSG00000119912	9.160846049588911e-05
ENSG00000163814	9.159708551644978e-05
ENSG00000138279	9.158366305910698e-05
ENSG00000111897	9.157890076626747e-05
ENSG00000162378	9.157472638144997e-05
ENSG00000152240	9.157443820897552e-05
ENSG00000258947	9.156987933272685e-05
ENSG00000119048	9.15669434562793e-05
ENSG00000166340	9.156669013212939e-05
ENSG00000180353	9.153394128347145e-05
ENSG00000137193	9.153039652908183e-05
ENSG00000083290	9.14421539171503e-05
ENSG00000011600	9.142490116781973e-05
ENSG00000130560	9.141568015176651e-05
ENSG00000145687	9.136519179367276e-05
ENSG00000105327	9.133103055830527e-05
ENSG00000166012	9.132877521987189e-05
ENSG00000124225	9.132051991287263e-05
ENSG00000178562	9.126247386739363e-05
ENSG00000138669	9.122359554083739e-05
ENSG00000134001	9.118405778664176e-05
ENSG00000174437	9.115685310388795e-05
ENSG00000099889	9.115615722925209e-05
ENSG00000228913	9.114479555657669e-05
ENSG00000169242	9.111841774136105e-05
ENSG00000133706	9.11089024054248e-05
ENSG00000147400	9.108985313945789e-05
ENSG00000133119	9.108659162608572e-05
ENSG00000007202	9.107312249576534e-05
ENSG00000074696	9.106119550435221e-05
ENSG00000152413	9.104841538533069e-05
ENSG00000198399	9.102666876097743e-05
ENSG00000179526	9.098581366981509e-05
ENSG00000086504	9.096363421371445e-05
ENSG00000171311	9.088911112857199e-05
ENSG00000105989	9.0873437424414e-05
ENSG00000116161	9.086724741994148e-05
ENSG00000198353	9.08661479175523e-05
ENSG00000109586	9.085624476077577e-05
ENSG00000133997	9.07973757275513e-05
ENSG00000112335	9.076560705471604e-05
ENSG00000142675	9.076484254708211e-05
ENSG00000116852	9.072138216014656e-05
ENSG00000091513	9.069294732577356e-05
ENSG00000145912	9.069030776061791e-05
ENSG00000148444	9.066651605501314e-05
ENSG00000128739	9.066278701897723e-05
ENSG00000159399	9.066133950872485e-05
ENSG00000149257	9.065100673949137e-05
ENSG00000123353	9.062362672517397e-05
ENSG00000182173	9.06224457224825e-05
ENSG00000113889	9.061065463888572e-05
ENSG00000241839	9.056750283318621e-05
ENSG00000115368	9.05619863149258e-05
ENSG00000102760	9.056098448906656e-05
ENSG00000152503	9.05317760141118e-05
ENSG00000078687	9.050741752345053e-05
ENSG00000099622	9.046736355414554e-05
ENSG00000007520	9.046046678567421e-05
ENSG00000136014	9.04553526953452e-05
ENSG00000278540	9.044288260190397e-05
ENSG00000265808	9.043868152548429e-05
ENSG00000102316	9.042209032263538e-05
ENSG00000149658	9.040117324057522e-05
ENSG00000198586	9.038762781048037e-05
ENSG00000129204	9.038133263943486e-05
ENSG00000123552	9.036792255023435e-05
ENSG00000143862	9.034436628758436e-05
ENSG00000005102	9.031402438906026e-05
ENSG00000179151	9.030258373273355e-05
ENSG00000161526	9.029523691652881e-05
ENSG00000151388	9.027924819591862e-05
ENSG00000169218	9.024592958211597e-05
ENSG00000123999	9.023122684107535e-05
ENSG00000106771	9.02054586875836e-05
ENSG00000144736	9.01601773707743e-05
ENSG00000175470	9.015746731225536e-05
ENSG00000130224	9.011139658771229e-05
ENSG00000151414	9.01076083944467e-05
ENSG00000164283	9.010306000177174e-05
ENSG00000164402	9.006145578751239e-05
ENSG00000148158	9.005725239773915e-05
ENSG00000005022	9.004085551534732e-05
ENSG00000187325	9.000979858008255e-05
ENSG00000100324	8.999921392572062e-05
ENSG00000092871	8.995429247365817e-05
ENSG00000080298	8.994196995255839e-05
ENSG00000115392	8.988133148059864e-05
ENSG00000136943	8.986802002183747e-05
ENSG00000111331	8.986507012278175e-05
ENSG00000160716	8.984626721620364e-05
ENSG00000177202	8.982333207860197e-05
ENSG00000084674	8.980959584849978e-05
ENSG00000108604	8.97809787300678e-05
ENSG00000169925	8.976827325442615e-05
ENSG00000189195	8.976639642589235e-05
ENSG00000134259	8.975073790247124e-05
ENSG00000155827	8.974342421910873e-05
ENSG00000186468	8.973573320952191e-05
ENSG00000174136	8.973459508954592e-05
ENSG00000117450	8.972244819091585e-05
ENSG00000130713	8.971939613792647e-05
ENSG00000122692	8.970094965899452e-05
ENSG00000180667	8.969138393231346e-05
ENSG00000179262	8.968867843056525e-05
ENSG00000108576	8.968181733822887e-05
ENSG00000140682	8.967139678549205e-05
ENSG00000119669	8.966668531633216e-05
ENSG00000105738	8.9646108576549e-05
ENSG00000102804	8.963063672124776e-05
ENSG00000115687	8.958084284063061e-05
ENSG00000125817	8.956665089271336e-05
ENSG00000144891	8.956476251156005e-05
ENSG00000135164	8.955608592384856e-05
ENSG00000132661	8.955479519490503e-05
ENSG00000183431	8.954571727489017e-05
ENSG00000141542	8.952988770729673e-05
ENSG00000124193	8.952962424650459e-05
ENSG00000127564	8.952537643434318e-05
ENSG00000151883	8.951637082406831e-05
ENSG00000122691	8.946364604315022e-05
ENSG00000185418	8.945657441958525e-05
ENSG00000185634	8.945305608667419e-05
ENSG00000099624	8.94385282808433e-05
ENSG00000102241	8.939467884672514e-05
ENSG00000171094	8.938163216924491e-05
ENSG00000277263	8.937002158554868e-05
ENSG00000143393	8.936782437232224e-05
ENSG00000077312	8.93669904500261e-05
ENSG00000108799	8.936281634419887e-05
ENSG00000136237	8.934860442502385e-05
ENSG00000064309	8.933659614125366e-05
ENSG00000101224	8.933073088230364e-05
ENSG00000179604	8.932056637740852e-05
ENSG00000106605	8.924501386282937e-05
ENSG00000109072	8.923649694252299e-05
ENSG00000168538	8.921550369067288e-05
ENSG00000155980	8.921338125564964e-05
ENSG00000155858	8.919400471231324e-05
ENSG00000169288	8.919239342168941e-05
ENSG00000127328	8.917176336354301e-05
ENSG00000117408	8.915410015905494e-05
ENSG00000139668	8.913766960990493e-05
ENSG00000141258	8.913699729163761e-05
ENSG00000102265	8.912763860489374e-05
ENSG00000142039	8.912261541240993e-05
ENSG00000154719	8.910986348110597e-05
ENSG00000137822	8.91068167735322e-05
ENSG00000146729	8.907545768273494e-05
ENSG00000198466	8.906482517041287e-05
ENSG00000135097	8.90603041528677e-05
ENSG00000137462	8.905611204444745e-05
ENSG00000171302	8.904465232969896e-05
ENSG00000243678	8.903661231948498e-05
ENSG00000186318	8.898182334804265e-05
ENSG00000136021	8.892589514116815e-05
ENSG00000102981	8.891186765228276e-05
ENSG00000170855	8.890280236057708e-05
ENSG00000108784	8.889092212300008e-05
ENSG00000126883	8.885070197972935e-05
ENSG00000099219	8.884530721488876e-05
ENSG00000109472	8.88376994255555e-05
ENSG00000111684	8.883630775169764e-05
ENSG00000182957	8.881999418563768e-05
ENSG00000035141	8.881762370690336e-05
ENSG00000151348	8.878064420594328e-05
ENSG00000131094	8.877180040952372e-05
ENSG00000174243	8.875285908070612e-05
ENSG00000148948	8.875283923722353e-05
ENSG00000180901	8.87281473768323e-05
ENSG00000112531	8.872374474599577e-05
ENSG00000124222	8.87149765762979e-05
ENSG00000167759	8.861394751012795e-05
ENSG00000003402	8.857815240922487e-05
ENSG00000126247	8.857729554818372e-05
ENSG00000035664	8.857527309533695e-05
ENSG00000196663	8.857001286703753e-05
ENSG00000173653	8.855858172909442e-05
ENSG00000163909	8.849719243908546e-05
ENSG00000101213	8.846263134091938e-05
ENSG00000167671	8.844365438423721e-05
ENSG00000108557	8.843775049629503e-05
ENSG00000077254	8.841485626351362e-05
ENSG00000157500	8.839445045564747e-05
ENSG00000187054	8.834065681328833e-05
ENSG00000174442	8.833093275957432e-05
ENSG00000132952	8.832158490188688e-05
ENSG00000162063	8.82855802896715e-05
ENSG00000171469	8.827602558590057e-05
ENSG00000120820	8.823514037824441e-05
ENSG00000104765	8.822831336053152e-05
ENSG00000101017	8.822782534207472e-05
ENSG00000087274	8.822250437179468e-05
ENSG00000214575	8.820769958250375e-05
ENSG00000142698	8.82062039313799e-05
ENSG00000172318	8.819799158484486e-05
ENSG00000166441	8.818918816738053e-05
ENSG00000119203	8.815172363898084e-05
ENSG00000205726	8.81462080822215e-05
ENSG00000174738	8.814391696713583e-05
ENSG00000123064	8.812443201108601e-05
ENSG00000073756	8.812039697577386e-05
ENSG00000197965	8.811082460710697e-05
ENSG00000134779	8.810712130211317e-05
ENSG00000118900	8.808691524392913e-05
ENSG00000123975	8.807982527769314e-05
ENSG00000148840	8.806267392486e-05
ENSG00000064601	8.802584364757786e-05
ENSG00000239713	8.802090374581735e-05
ENSG00000187764	8.801066001277668e-05
ENSG00000144118	8.800210645775047e-05
ENSG00000166006	8.79959233532216e-05
ENSG00000127951	8.797429061209748e-05
ENSG00000143811	8.794803453870774e-05
ENSG00000092978	8.794085340467579e-05
ENSG00000172061	8.791046897619062e-05
ENSG00000129152	8.789922062749962e-05
ENSG00000126016	8.784145039812773e-05
ENSG00000100307	8.783613312656353e-05
ENSG00000139352	8.783224999985736e-05
ENSG00000144591	8.781920468955043e-05
ENSG00000126267	8.781253869168869e-05
ENSG00000204967	8.779634891846416e-05
ENSG00000186976	8.778352407824762e-05
ENSG00000132603	8.776789170754041e-05
ENSG00000157827	8.776388516482385e-05
ENSG00000116221	8.774807885535902e-05
ENSG00000077080	8.774221680722133e-05
ENSG00000165868	8.770509647476427e-05
ENSG00000275575	8.770307443976774e-05
ENSG00000130985	8.769411154616546e-05
ENSG00000112763	8.769336873310391e-05
ENSG00000160299	8.767117279466163e-05
ENSG00000171723	8.764413838618132e-05
ENSG00000111361	8.753864215463784e-05
ENSG00000008256	8.752923426248133e-05
ENSG00000137843	8.752467397533195e-05
ENSG00000129991	8.750970253760576e-05
ENSG00000140543	8.750059272725336e-05
ENSG00000104147	8.74620287356718e-05
ENSG00000158636	8.745288354061487e-05
ENSG00000122026	8.744666488743541e-05
ENSG00000163812	8.743550056654463e-05
ENSG00000164144	8.741503629703821e-05
ENSG00000149781	8.740230791490392e-05
ENSG00000100916	8.73685328975418e-05
ENSG00000117906	8.735563383088417e-05
ENSG00000091073	8.734782742039147e-05
ENSG00000085063	8.733926123893256e-05
ENSG00000153558	8.731546972027633e-05
ENSG00000104756	8.730327725565804e-05
ENSG00000111300	8.728698718791105e-05
ENSG00000095319	8.725467235234486e-05
ENSG00000198000	8.714224155102023e-05
ENSG00000112137	8.713434809026527e-05
ENSG00000182162	8.711196731552061e-05
ENSG00000125352	8.71032659054994e-05
ENSG00000156735	8.708456005095165e-05
ENSG00000154743	8.708375447756577e-05
ENSG00000042832	8.705054827818078e-05
ENSG00000134107	8.704429156632116e-05
ENSG00000111145	8.70412504237591e-05
ENSG00000184304	8.704093404859146e-05
ENSG00000177311	8.702587150433048e-05
ENSG00000243335	8.70250208790588e-05
ENSG00000086991	8.702460822709778e-05
ENSG00000104142	8.696039301511967e-05
ENSG00000172985	8.695716613560327e-05
ENSG00000162992	8.694887567114158e-05
ENSG00000148700	8.694721605393679e-05
ENSG00000126368	8.694594970030505e-05
ENSG00000132912	8.691700953556524e-05
ENSG00000174996	8.690132154764425e-05
ENSG00000134910	8.688668313119131e-05
ENSG00000233822	8.687905740146012e-05
ENSG00000099866	8.687626576627097e-05
ENSG00000102401	8.687569585447839e-05
ENSG00000168268	8.687310647536209e-05
ENSG00000142856	8.687095852194351e-05
ENSG00000186416	8.685952320263962e-05
ENSG00000115839	8.685940455319649e-05
ENSG00000113845	8.685681367380914e-05
ENSG00000182446	8.684017716908295e-05
ENSG00000129932	8.683102020090238e-05
ENSG00000198918	8.681362155513117e-05
ENSG00000164465	8.676335562020266e-05
ENSG00000282853	8.67615280136727e-05
ENSG00000105967	8.671001905014657e-05
ENSG00000140553	8.670957909222441e-05
ENSG00000144589	8.669920717720207e-05
ENSG00000275199	8.668546178269645e-05
ENSG00000138744	8.66616566438172e-05
ENSG00000175376	8.664527741566209e-05
ENSG00000021776	8.663979301508752e-05
ENSG00000167371	8.662740469658998e-05
ENSG00000079332	8.661770806378145e-05
ENSG00000114573	8.661433089068526e-05
ENSG00000129451	8.660953584106428e-05
ENSG00000141905	8.659123863148859e-05
ENSG00000261992	8.658996439197796e-05
ENSG00000107186	8.656516743216677e-05
ENSG00000184677	8.655151839522337e-05
ENSG00000175115	8.654068834330505e-05
ENSG00000258366	8.653994785448004e-05
ENSG00000163818	8.651563530476062e-05
ENSG00000116212	8.64982560358657e-05
ENSG00000116584	8.646974773767668e-05
ENSG00000185130	8.645104361464892e-05
ENSG00000164296	8.644250399881303e-05
ENSG00000171729	8.643629971202322e-05
ENSG00000119977	8.643297416667719e-05
ENSG00000170677	8.636832599318133e-05
ENSG00000116039	8.634811122016483e-05
ENSG00000164107	8.631964360020464e-05
ENSG00000154556	8.631313482613085e-05
ENSG00000103241	8.630809249358677e-05
ENSG00000248099	8.628902459264915e-05
ENSG00000157554	8.627537528828894e-05
ENSG00000154310	8.625848848972745e-05
ENSG00000187140	8.624880826032914e-05
ENSG00000112237	8.624521719413162e-05
ENSG00000172053	8.623909390309862e-05
ENSG00000137871	8.62331544569098e-05
ENSG00000196730	8.62100097314741e-05
ENSG00000137075	8.620100922239169e-05
ENSG00000125657	8.615906383386453e-05
ENSG00000197223	8.614878010354856e-05
ENSG00000205189	8.612084591237833e-05
ENSG00000114757	8.611695419633328e-05
ENSG00000175634	8.607649286509958e-05
ENSG00000106638	8.607489657225148e-05
ENSG00000062822	8.606202058094484e-05
ENSG00000179409	8.604550596850786e-05
ENSG00000163918	8.604130827229284e-05
ENSG00000146463	8.599930745900254e-05
ENSG00000175513	8.599523646777783e-05
ENSG00000005961	8.598474768723994e-05
ENSG00000001084	8.597864479505658e-05
ENSG00000161996	8.597543968287651e-05
ENSG00000114738	8.594415771302384e-05
ENSG00000134569	8.594160313898665e-05
ENSG00000149091	8.592462114776343e-05
ENSG00000138688	8.592454855272055e-05
ENSG00000081059	8.591517824998771e-05
ENSG00000174808	8.590499715726775e-05
ENSG00000184374	8.589767302530341e-05
ENSG00000113838	8.589097958524512e-05
ENSG00000084234	8.58864623117829e-05
ENSG00000111737	8.587681664700229e-05
ENSG00000152284	8.587149282744544e-05
ENSG00000028277	8.58558216803666e-05
ENSG00000171033	8.585573986835686e-05
ENSG00000055044	8.584961488458541e-05
ENSG00000244067	8.58161299023662e-05
ENSG00000164902	8.581354760503967e-05
ENSG00000125813	8.580357689066145e-05
ENSG00000166963	8.576689059448407e-05
ENSG00000167131	8.57663683679795e-05
ENSG00000006534	8.576004673706972e-05
ENSG00000106113	8.575820467072308e-05
ENSG00000175899	8.574835278649615e-05
ENSG00000151617	8.573152293996448e-05
ENSG00000023892	8.573070319557423e-05
ENSG00000065559	8.572453219232449e-05
ENSG00000167863	8.570257815829202e-05
ENSG00000129675	8.567953240372338e-05
ENSG00000162244	8.56729115555586e-05
ENSG00000156709	8.566630789603913e-05
ENSG00000188293	8.56395504551395e-05
ENSG00000143469	8.563395693287846e-05
ENSG00000127483	8.55729978197629e-05
ENSG00000136158	8.556311241444408e-05
ENSG00000111196	8.555745918062489e-05
ENSG00000198821	8.553618196320639e-05
ENSG00000136108	8.552831411061005e-05
ENSG00000179348	8.550857735268771e-05
ENSG00000139636	8.546645732227751e-05
ENSG00000140829	8.54046299293438e-05
ENSG00000112183	8.536889015290611e-05
ENSG00000115866	8.536046800305968e-05
ENSG00000187189	8.534873630514298e-05
ENSG00000140365	8.532195566876257e-05
ENSG00000171346	8.530839531632037e-05
ENSG00000138069	8.529506459712275e-05
ENSG00000174607	8.529021502372892e-05
ENSG00000154845	8.52827498505244e-05
ENSG00000182318	8.526438849170316e-05
ENSG00000177105	8.52518520067401e-05
ENSG00000105227	8.524708868385563e-05
ENSG00000104221	8.521867907949919e-05
ENSG00000148331	8.520731996406913e-05
ENSG00000108622	8.518374899201006e-05
ENSG00000275410	8.517058831605673e-05
ENSG00000141644	8.515436605990268e-05
ENSG00000114346	8.511963976855254e-05
ENSG00000180530	8.511117775300144e-05
ENSG00000126067	8.506343661751732e-05
ENSG00000174886	8.505168032192188e-05
ENSG00000016082	8.502406160447764e-05
ENSG00000167088	8.50114710186897e-05
ENSG00000187954	8.498019038240568e-05
ENSG00000120949	8.496902538632766e-05
ENSG00000180616	8.495757316127175e-05
ENSG00000075568	8.49564425691989e-05
ENSG00000144227	8.494293431365083e-05
ENSG00000120242	8.494115030970457e-05
ENSG00000163283	8.492609217007789e-05
ENSG00000130749	8.490459980566858e-05
ENSG00000175970	8.487513896295233e-05
ENSG00000121671	8.48713028158142e-05
ENSG00000127946	8.48691296343145e-05
ENSG00000160293	8.485655573854328e-05
ENSG00000046604	8.484150701783085e-05
ENSG00000101935	8.479874798260017e-05
ENSG00000259431	8.479564586927247e-05
ENSG00000150961	8.479404646205462e-05
ENSG00000074370	8.479207120779477e-05
ENSG00000090674	8.476526800366679e-05
ENSG00000168301	8.47249510109272e-05
ENSG00000148835	8.469590148586275e-05
ENSG00000166024	8.467448474390297e-05
ENSG00000144791	8.467428330534012e-05
ENSG00000134508	8.462848448231636e-05
ENSG00000284282	8.46142270137325e-05
ENSG00000004534	8.459103682173039e-05
ENSG00000165140	8.454105778793632e-05
ENSG00000145623	8.453157036811824e-05
ENSG00000130313	8.452701455995105e-05
ENSG00000131558	8.449556305359619e-05
ENSG00000109065	8.447893862957267e-05
ENSG00000167768	8.447187106278284e-05
ENSG00000113594	8.444590561172216e-05
ENSG00000124260	8.44450365094202e-05
ENSG00000078699	8.440433944934592e-05
ENSG00000135372	8.438774743675526e-05
ENSG00000169752	8.43820210372493e-05
ENSG00000085265	8.436758105390197e-05
ENSG00000179750	8.436623226709729e-05
ENSG00000169071	8.434977748226886e-05
ENSG00000057149	8.431782292557505e-05
ENSG00000188976	8.431464752122008e-05
ENSG00000155868	8.431401733467767e-05
ENSG00000115738	8.431370808589887e-05
ENSG00000119508	8.430530118764122e-05
ENSG00000169641	8.426841764782413e-05
ENSG00000163788	8.424941706591913e-05
ENSG00000028528	8.423361011916923e-05
ENSG00000198515	8.42309520195258e-05
ENSG00000011275	8.421170530485763e-05
ENSG00000129654	8.419545714585358e-05
ENSG00000160224	8.418425381585133e-05
ENSG00000170265	8.417864238912363e-05
ENSG00000132692	8.414615316010753e-05
ENSG00000168575	8.413732354681201e-05
ENSG00000187051	8.413525385324227e-05
ENSG00000010310	8.410461706160288e-05
ENSG00000122406	8.408930340296921e-05
ENSG00000114209	8.407167776209246e-05
ENSG00000169583	8.406110155092776e-05
ENSG00000075391	8.405643087066994e-05
ENSG00000069424	8.405377180471041e-05
ENSG00000102302	8.403857494557507e-05
ENSG00000169814	8.402653232122575e-05
ENSG00000130477	8.402144307872542e-05
ENSG00000160685	8.401569944318925e-05
ENSG00000123143	8.400757111736633e-05
ENSG00000168894	8.400708061341918e-05
ENSG00000178913	8.400521951843176e-05
ENSG00000163785	8.400290904848623e-05
ENSG00000184524	8.39933309789906e-05
ENSG00000185652	8.39838560130948e-05
ENSG00000167118	8.397290954463956e-05
ENSG00000152332	8.396049557418504e-05
ENSG00000141448	8.394497178964841e-05
ENSG00000260027	8.394420754314988e-05
ENSG00000253719	8.390742813181596e-05
ENSG00000110492	8.389867950083349e-05
ENSG00000099822	8.383550331041785e-05
ENSG00000145526	8.383142721251254e-05
ENSG00000275565	8.382208595849775e-05
ENSG00000185022	8.3814027164014e-05
ENSG00000171310	8.380994276673933e-05
ENSG00000204866	8.378355763864122e-05
ENSG00000117533	8.372400745393566e-05
ENSG00000182827	8.371401533209667e-05
ENSG00000196189	8.370949390844146e-05
ENSG00000173517	8.365239109454407e-05
ENSG00000148541	8.364635585835494e-05
ENSG00000148337	8.363069031178583e-05
ENSG00000164061	8.360720950295593e-05
ENSG00000064999	8.360229235707897e-05
ENSG00000160460	8.359838340130876e-05
ENSG00000151502	8.358854045081633e-05
ENSG00000198589	8.358424912003697e-05
ENSG00000178904	8.357090138540756e-05
ENSG00000163605	8.35699516752635e-05
ENSG00000138030	8.356886043452742e-05
ENSG00000117266	8.355083265123157e-05
ENSG00000159082	8.354510423960493e-05
ENSG00000148943	8.352728076012163e-05
ENSG00000140983	8.34922932405172e-05
ENSG00000131721	8.348538221838687e-05
ENSG00000163110	8.34817166486044e-05
ENSG00000115317	8.346766655481128e-05
ENSG00000198198	8.34656556485612e-05
ENSG00000110931	8.34555936275317e-05
ENSG00000180628	8.343722674099567e-05
ENSG00000150768	8.342917290490181e-05
ENSG00000198919	8.337771089236753e-05
ENSG00000168522	8.336868008021288e-05
ENSG00000126756	8.334252193985279e-05
ENSG00000128266	8.334244968959578e-05
ENSG00000107104	8.333468232427572e-05
ENSG00000275074	8.33332500771088e-05
ENSG00000205155	8.333204401877951e-05
ENSG00000277956	8.327540736737148e-05
ENSG00000178585	8.325927765604662e-05
ENSG00000183066	8.324909288266857e-05
ENSG00000139220	8.32151023830871e-05
ENSG00000101871	8.320770536632843e-05
ENSG00000168807	8.316341039913907e-05
ENSG00000110321	8.316194768063131e-05
ENSG00000102221	8.314075434751214e-05
ENSG00000156831	8.312207637333853e-05
ENSG00000122986	8.312078953582931e-05
ENSG00000196233	8.3087991679369e-05
ENSG00000156313	8.30771109542781e-05
ENSG00000139278	8.307163660256614e-05
ENSG00000107611	8.303784701920958e-05
ENSG00000110711	8.302686649954444e-05
ENSG00000112282	8.301929690836572e-05
ENSG00000184203	8.300394778542461e-05
ENSG00000137171	8.29476225558067e-05
ENSG00000198925	8.294218576647914e-05
ENSG00000010803	8.292678213137891e-05
ENSG00000025770	8.29049403242112e-05
ENSG00000070371	8.28778047197661e-05
ENSG00000107951	8.287170839013122e-05
ENSG00000160199	8.285591458029125e-05
ENSG00000165588	8.284495092650308e-05
ENSG00000130559	8.280376199029924e-05
ENSG00000169710	8.279697586762183e-05
ENSG00000168280	8.279273304719555e-05
ENSG00000089737	8.278443298361826e-05
ENSG00000197172	8.276957140224324e-05
ENSG00000232839	8.276424246945227e-05
ENSG00000119938	8.275140340711786e-05
ENSG00000138439	8.273511154036233e-05
ENSG00000109685	8.273122370881679e-05
ENSG00000182389	8.273006735035996e-05
ENSG00000181789	8.271271138287508e-05
ENSG00000135083	8.271167002870059e-05
ENSG00000089225	8.271017028931627e-05
ENSG00000163032	8.26802667994142e-05
ENSG00000183625	8.267353557570566e-05
ENSG00000198752	8.263898484494933e-05
ENSG00000071127	8.262151367161443e-05
ENSG00000188937	8.259177040388565e-05
ENSG00000064995	8.258106132570785e-05
ENSG00000011258	8.257547813211525e-05
ENSG00000141298	8.257206571070503e-05
ENSG00000180008	8.256443517586377e-05
ENSG00000129354	8.254369937914372e-05
ENSG00000105656	8.253084498393926e-05
ENSG00000188379	8.252337774696567e-05
ENSG00000107831	8.248861712118987e-05
ENSG00000168546	8.246858694841222e-05
ENSG00000152402	8.24615305558396e-05
ENSG00000005812	8.244340487287257e-05
ENSG00000156482	8.239895667593561e-05
ENSG00000101335	8.238341415788189e-05
ENSG00000066739	8.236992529541132e-05
ENSG00000172986	8.236561222864131e-05
ENSG00000101161	8.228209041920161e-05
ENSG00000153914	8.227805593406772e-05
ENSG00000160783	8.226013708085951e-05
ENSG00000075275	8.225775196448002e-05
ENSG00000151150	8.224271204455635e-05
ENSG00000060982	8.220055808217343e-05
ENSG00000175121	8.219295580159441e-05
ENSG00000025423	8.219049156733379e-05
ENSG00000114125	8.218997718818402e-05
ENSG00000255150	8.216608359280198e-05
ENSG00000185386	8.216336111918712e-05
ENSG00000158480	8.212799195193163e-05
ENSG00000102225	8.211826185867465e-05
ENSG00000100330	8.210367709209822e-05
ENSG00000171476	8.210356440752691e-05
ENSG00000110841	8.209705962722224e-05
ENSG00000188529	8.202309661613329e-05
ENSG00000075420	8.200357940491678e-05
ENSG00000185745	8.199859192694971e-05
ENSG00000131171	8.199283823613285e-05
ENSG00000074706	8.195817643785905e-05
ENSG00000262814	8.194195336066027e-05
ENSG00000123095	8.193638376966298e-05
ENSG00000106244	8.192358375531296e-05
ENSG00000183814	8.191700927982296e-05
ENSG00000162676	8.189553361713572e-05
ENSG00000074590	8.1869711798635e-05
ENSG00000125740	8.186583951299767e-05
ENSG00000168778	8.184019680811779e-05
ENSG00000103978	8.182489834463644e-05
ENSG00000120008	8.181063923136912e-05
ENSG00000167785	8.180404139621623e-05
ENSG00000011007	8.178316130898551e-05
ENSG00000162616	8.177077369201936e-05
ENSG00000108375	8.173887471622188e-05
ENSG00000161036	8.173658117936867e-05
ENSG00000164176	8.171603666149836e-05
ENSG00000061987	8.170860867573972e-05
ENSG00000119280	8.168299377922698e-05
ENSG00000076053	8.168283780657369e-05
ENSG00000143033	8.167989832642014e-05
ENSG00000103024	8.167684283009774e-05
ENSG00000197283	8.167438370445562e-05
ENSG00000172367	8.166298372443496e-05
ENSG00000155846	8.165263550223993e-05
ENSG00000176533	8.164723015458101e-05
ENSG00000049130	8.16427308791707e-05
ENSG00000241837	8.163907090968102e-05
ENSG00000110851	8.162738293503559e-05
ENSG00000124172	8.161854078981742e-05
ENSG00000101265	8.16114692974304e-05
ENSG00000101977	8.16112012345793e-05
ENSG00000100302	8.15920433686052e-05
ENSG00000108826	8.156473433832365e-05
ENSG00000174307	8.154734049136181e-05
ENSG00000124299	8.153541204159356e-05
ENSG00000197168	8.152733604178386e-05
ENSG00000183873	8.149515944972231e-05
ENSG00000114850	8.148514577798925e-05
ENSG00000047230	8.146107009481779e-05
ENSG00000136715	8.144276581858981e-05
ENSG00000121454	8.143765519631775e-05
ENSG00000144354	8.143444685373612e-05
ENSG00000258429	8.143153450329824e-05
ENSG00000122420	8.140037384171747e-05
ENSG00000128714	8.139311157478602e-05
ENSG00000109572	8.139249543848017e-05
ENSG00000146909	8.13908781396778e-05
ENSG00000169136	8.137843280827834e-05
ENSG00000107282	8.137395612477238e-05
ENSG00000094841	8.136625146749653e-05
ENSG00000162851	8.133065689934018e-05
ENSG00000198205	8.129265678579478e-05
ENSG00000095585	8.12790634865149e-05
ENSG00000116741	8.124271647206688e-05
ENSG00000100429	8.11983484573872e-05
ENSG00000197982	8.119639250645705e-05
ENSG00000151491	8.119077142536432e-05
ENSG00000178952	8.117742387962271e-05
ENSG00000183576	8.117651210980393e-05
ENSG00000150459	8.116577726725724e-05
ENSG00000133794	8.112775713812537e-05
ENSG00000100934	8.112452281475863e-05
ENSG00000173611	8.10828403653498e-05
ENSG00000120235	8.107132739025057e-05
ENSG00000085788	8.102520182232691e-05
ENSG00000143079	8.101827674361156e-05
ENSG00000182511	8.100619531752126e-05
ENSG00000152527	8.09754836326339e-05
ENSG00000165434	8.097417955045904e-05
ENSG00000169509	8.097026525209395e-05
ENSG00000092421	8.095158438779504e-05
ENSG00000204822	8.093902741838056e-05
ENSG00000136156	8.093832577272786e-05
ENSG00000240184	8.088537588737245e-05
ENSG00000053918	8.085249788214663e-05
ENSG00000152795	8.083817544478083e-05
ENSG00000184270	8.083662059289498e-05
ENSG00000166477	8.082819963580938e-05
ENSG00000099860	8.080324680966058e-05
ENSG00000101236	8.078854996193833e-05
ENSG00000221986	8.077351716441234e-05
ENSG00000179941	8.07721768675228e-05
ENSG00000166046	8.075158037783509e-05
ENSG00000006712	8.07348176584717e-05
ENSG00000140386	8.072903435972414e-05
ENSG00000101310	8.069934747610901e-05
ENSG00000135596	8.069629241983352e-05
ENSG00000285109	8.069382127480924e-05
ENSG00000165655	8.068585482829873e-05
ENSG00000165905	8.066322270074047e-05
ENSG00000129116	8.066022776734516e-05
ENSG00000003393	8.065137627925625e-05
ENSG00000053372	8.064659568565017e-05
ENSG00000197635	8.064518481153364e-05
ENSG00000174606	8.063491691462791e-05
ENSG00000139626	8.063206420619839e-05
ENSG00000170876	8.061250743136069e-05
ENSG00000136709	8.060094907552999e-05
ENSG00000181472	8.059840794981838e-05
ENSG00000184697	8.058278978239624e-05
ENSG00000155363	8.056630030729334e-05
ENSG00000111046	8.05654138647944e-05
ENSG00000106261	8.05528625002662e-05
ENSG00000254999	8.055150035334175e-05
ENSG00000124157	8.054984940804433e-05
ENSG00000165238	8.054652709859963e-05
ENSG00000147509	8.054412993927326e-05
ENSG00000106399	8.053976145248494e-05
ENSG00000137267	8.052782143976103e-05
ENSG00000011143	8.050682003396108e-05
ENSG00000171700	8.050488275321291e-05
ENSG00000165138	8.049974276383971e-05
ENSG00000136699	8.048933586865688e-05
ENSG00000167207	8.046037131068902e-05
ENSG00000111701	8.045604744250694e-05
ENSG00000141316	8.043542632173609e-05
ENSG00000078328	8.042636536191746e-05
ENSG00000047056	8.04214735050756e-05
ENSG00000176386	8.041907051076711e-05
ENSG00000025434	8.038030454416664e-05
ENSG00000143850	8.038009296631425e-05
ENSG00000139180	8.034774882136824e-05
ENSG00000105409	8.03265489019553e-05
ENSG00000177432	8.032329020223473e-05
ENSG00000168476	8.030482688515563e-05
ENSG00000109339	8.02999646633555e-05
ENSG00000105963	8.027569564256586e-05
ENSG00000130544	8.021714166760078e-05
ENSG00000149295	8.017689200741304e-05
ENSG00000110911	8.017374200622817e-05
ENSG00000178386	8.016694913078523e-05
ENSG00000160349	8.014334226982958e-05
ENSG00000185269	8.014237911114911e-05
ENSG00000141279	8.014203306025482e-05
ENSG00000186625	8.01416104195198e-05
ENSG00000137207	8.012382843364924e-05
ENSG00000147905	8.009930690010724e-05
ENSG00000129696	8.008665457336658e-05
ENSG00000135392	8.005236304768892e-05
ENSG00000153487	8.005156949901564e-05
ENSG00000113638	7.995930175495464e-05
ENSG00000164934	7.994457123998478e-05
ENSG00000196405	7.99405187548128e-05
ENSG00000069702	7.991636586563312e-05
ENSG00000081320	7.991618976180611e-05
ENSG00000142611	7.990525624590987e-05
ENSG00000100280	7.987746794546549e-05
ENSG00000121570	7.985472315936319e-05
ENSG00000136560	7.981317203449265e-05
ENSG00000151503	7.979373754296413e-05
ENSG00000116288	7.97902576238214e-05
ENSG00000082258	7.977944694725037e-05
ENSG00000089250	7.977730728222364e-05
ENSG00000067992	7.974715539097734e-05
ENSG00000138768	7.973172199344313e-05
ENSG00000169062	7.969813115228819e-05
ENSG00000143457	7.968863200128192e-05
ENSG00000185619	7.968582999753748e-05
ENSG00000161270	7.968263564079186e-05
ENSG00000130024	7.965969441685922e-05
ENSG00000137221	7.962664811386231e-05
ENSG00000106245	7.962294916071501e-05
ENSG00000198604	7.961837790870697e-05
ENSG00000146373	7.961382695225869e-05
ENSG00000170260	7.96001877661491e-05
ENSG00000162105	7.957173484411435e-05
ENSG00000136448	7.956431306333114e-05
ENSG00000116649	7.955306750366507e-05
ENSG00000169895	7.952613648335994e-05
ENSG00000125731	7.951379150456847e-05
ENSG00000111669	7.951036313238887e-05
ENSG00000163935	7.94736446107717e-05
ENSG00000176194	7.947307363785458e-05
ENSG00000172239	7.945095121945584e-05
ENSG00000128944	7.944303359306372e-05
ENSG00000183918	7.944061077409868e-05
ENSG00000147533	7.942379343041863e-05
ENSG00000147869	7.942050289751895e-05
ENSG00000106344	7.938107210620747e-05
ENSG00000165282	7.937012914947866e-05
ENSG00000101150	7.936698890984366e-05
ENSG00000145016	7.935847637519065e-05
ENSG00000184575	7.934105290671822e-05
ENSG00000165304	7.932895632499895e-05
ENSG00000177082	7.927701909968354e-05
ENSG00000198039	7.92432159544481e-05
ENSG00000177000	7.923804397305572e-05
ENSG00000067208	7.921538523686593e-05
ENSG00000075213	7.921414434167577e-05
ENSG00000072958	7.918608432138754e-05
ENSG00000101441	7.917362316217657e-05
ENSG00000126858	7.917196348398493e-05
ENSG00000111725	7.916422147504164e-05
ENSG00000073910	7.915945185071057e-05
ENSG00000064666	7.915044987889496e-05
ENSG00000105677	7.914746477189418e-05
ENSG00000132639	7.912196209272701e-05
ENSG00000173230	7.911109897327457e-05
ENSG00000079689	7.908728057137028e-05
ENSG00000140968	7.908674887378038e-05
ENSG00000104177	7.908365204948986e-05
ENSG00000185630	7.907526227162884e-05
ENSG00000164118	7.906036027967313e-05
ENSG00000152404	7.902229125821468e-05
ENSG00000138604	7.902169708853601e-05
ENSG00000101138	7.901440798196527e-05
ENSG00000090686	7.901127669317542e-05
ENSG00000175193	7.900797636441248e-05
ENSG00000185499	7.897548860935193e-05
ENSG00000164736	7.89697251931802e-05
ENSG00000162980	7.896917675159258e-05
ENSG00000242372	7.893400930246124e-05
ENSG00000104356	7.892902559466899e-05
ENSG00000171467	7.889701126000869e-05
ENSG00000124702	7.88721614270196e-05
ENSG00000205659	7.885497059119632e-05
ENSG00000104497	7.883733207483882e-05
ENSG00000112877	7.882720850193361e-05
ENSG00000164081	7.881796509506228e-05
ENSG00000197956	7.881038449266492e-05
ENSG00000144681	7.88090683119561e-05
ENSG00000186010	7.875919058803262e-05
ENSG00000120889	7.87531197513886e-05
ENSG00000105518	7.874456165780452e-05
ENSG00000119865	7.873071202992008e-05
ENSG00000173327	7.872210576078256e-05
ENSG00000129657	7.871548178785173e-05
ENSG00000021826	7.871206411719456e-05
ENSG00000149100	7.870909555191089e-05
ENSG00000132664	7.868428990669523e-05
ENSG00000147251	7.868364629517438e-05
ENSG00000166169	7.866643816009096e-05
ENSG00000008735	7.864615532982014e-05
ENSG00000163755	7.863446057359153e-05
ENSG00000122970	7.862399511409668e-05
ENSG00000114854	7.861903651825149e-05
ENSG00000115365	7.860485986797171e-05
ENSG00000144935	7.859036464168893e-05
ENSG00000163219	7.858806832702337e-05
ENSG00000172115	7.858309695335844e-05
ENSG00000184205	7.8576862126769e-05
ENSG00000244754	7.85592531390409e-05
ENSG00000010278	7.854184909329629e-05
ENSG00000178394	7.853886680131342e-05
ENSG00000111554	7.849006233770377e-05
ENSG00000113645	7.846254328162271e-05
ENSG00000168621	7.845160525250684e-05
ENSG00000169946	7.844143170656526e-05
ENSG00000189058	7.842673729158642e-05
ENSG00000106609	7.840671448538537e-05
ENSG00000090273	7.838849870664795e-05
ENSG00000120251	7.83860300229831e-05
ENSG00000168884	7.837220037379651e-05
ENSG00000220205	7.835281346578877e-05
ENSG00000176406	7.832613756825045e-05
ENSG00000176658	7.831752336263165e-05
ENSG00000144320	7.831310128318593e-05
ENSG00000030304	7.830881892472893e-05
ENSG00000164161	7.830815075839817e-05
ENSG00000132972	7.829569942405003e-05
ENSG00000090339	7.828952584719047e-05
ENSG00000162302	7.82868213382663e-05
ENSG00000168026	7.8255320768076e-05
ENSG00000188786	7.82213456258696e-05
ENSG00000125630	7.819571194337997e-05
ENSG00000012061	7.818817085772335e-05
ENSG00000171772	7.818721336601056e-05
ENSG00000121440	7.818276122227722e-05
ENSG00000106976	7.816644174304305e-05
ENSG00000157227	7.816256938192292e-05
ENSG00000143222	7.815695758998378e-05
ENSG00000115159	7.81475377505837e-05
ENSG00000092203	7.814133559718205e-05
ENSG00000247596	7.813733550390202e-05
ENSG00000154553	7.809877819265381e-05
ENSG00000146063	7.809109908400995e-05
ENSG00000071243	7.807091244848095e-05
ENSG00000164332	7.806853823798613e-05
ENSG00000188647	7.805121606751894e-05
ENSG00000015413	7.804762081488753e-05
ENSG00000135373	7.799963679696865e-05
ENSG00000112799	7.798897111969207e-05
ENSG00000099308	7.796424312447751e-05
ENSG00000124491	7.796090179123283e-05
ENSG00000146842	7.792969071094075e-05
ENSG00000133466	7.790553829607603e-05
ENSG00000169435	7.788650778396764e-05
ENSG00000118785	7.785681971359806e-05
ENSG00000067704	7.784984496875574e-05
ENSG00000075188	7.784714765463188e-05
ENSG00000165887	7.784079189264448e-05
ENSG00000204842	7.783856887393743e-05
ENSG00000181143	7.782793552575922e-05
ENSG00000116824	7.782078707630472e-05
ENSG00000021574	7.780174756437448e-05
ENSG00000181019	7.779145848035632e-05
ENSG00000186111	7.777269771377674e-05
ENSG00000278129	7.774872210529775e-05
ENSG00000114416	7.773413823250407e-05
ENSG00000172932	7.773379347049711e-05
ENSG00000188404	7.77110140663091e-05
ENSG00000189114	7.769321835636171e-05
ENSG00000109255	7.768230167896254e-05
ENSG00000168264	7.768002680528494e-05
ENSG00000121940	7.762128999853537e-05
ENSG00000069493	7.761048789662745e-05
ENSG00000011132	7.760888579469395e-05
ENSG00000120049	7.756511124421154e-05
ENSG00000056277	7.755192920731833e-05
ENSG00000118482	7.754100263939411e-05
ENSG00000117586	7.753687069788991e-05
ENSG00000165476	7.75164171358957e-05
ENSG00000276293	7.750255469964745e-05
ENSG00000182240	7.746740894498508e-05
ENSG00000173621	7.746422296332366e-05
ENSG00000120694	7.743582750422396e-05
ENSG00000284254	7.743392281613204e-05
ENSG00000172915	7.741809889813065e-05
ENSG00000179364	7.738562474376366e-05
ENSG00000179299	7.738390460910248e-05
ENSG00000116199	7.7383030775404e-05
ENSG00000100319	7.737873012647197e-05
ENSG00000184916	7.735468033810029e-05
ENSG00000122140	7.735341253190932e-05
ENSG00000122884	7.730982564674896e-05
ENSG00000165471	7.728470112561233e-05
ENSG00000123349	7.727426918254002e-05
ENSG00000164761	7.72689161675749e-05
ENSG00000127318	7.724960681571603e-05
ENSG00000166407	7.724583919035856e-05
ENSG00000048540	7.720510938520916e-05
ENSG00000168393	7.719782826668728e-05
ENSG00000148516	7.717594381884267e-05
ENSG00000140948	7.715069220035876e-05
ENSG00000114857	7.714811035926708e-05
ENSG00000159409	7.713865501773667e-05
ENSG00000165632	7.712352631117722e-05
ENSG00000163737	7.71205187174942e-05
ENSG00000157593	7.711542065735407e-05
ENSG00000155313	7.709390131994864e-05
ENSG00000083535	7.70589490919065e-05
ENSG00000110422	7.704373830249207e-05
ENSG00000164399	7.702919893806075e-05
ENSG00000007264	7.700113527241332e-05
ENSG00000107263	7.699921834520882e-05
ENSG00000169371	7.699486273259445e-05
ENSG00000152977	7.697612188853093e-05
ENSG00000143367	7.693926021158053e-05
ENSG00000112290	7.693758216150619e-05
ENSG00000107815	7.692344944123261e-05
ENSG00000178372	7.691761874192508e-05
ENSG00000149930	7.691362337317577e-05
ENSG00000116266	7.689359043582165e-05
ENSG00000134222	7.688844585048012e-05
ENSG00000116711	7.688683696327673e-05
ENSG00000155508	7.68865572273268e-05
ENSG00000125457	7.687156758928468e-05
ENSG00000203782	7.685360608321343e-05
ENSG00000073060	7.684095088193426e-05
ENSG00000272804	7.68253107872944e-05
ENSG00000113369	7.681928338605717e-05
ENSG00000086619	7.681678063613922e-05
ENSG00000165516	7.6800149865016e-05
ENSG00000168175	7.679981091350912e-05
ENSG00000140379	7.67217820438167e-05
ENSG00000100426	7.670969926402571e-05
ENSG00000125459	7.667813621122581e-05
ENSG00000163848	7.666216874928088e-05
ENSG00000185518	7.664680805144028e-05
ENSG00000141552	7.664552781288432e-05
ENSG00000107223	7.664498018569309e-05
ENSG00000146021	7.661029923249467e-05
ENSG00000171960	7.660921116311566e-05
ENSG00000158022	7.66065058722588e-05
ENSG00000136279	7.660387954384459e-05
ENSG00000088538	7.659635008740759e-05
ENSG00000196220	7.656997445737195e-05
ENSG00000153563	7.656433402434579e-05
ENSG00000046653	7.654638481539825e-05
ENSG00000156599	7.654329840659376e-05
ENSG00000168795	7.653221794429081e-05
ENSG00000131236	7.651306864994738e-05
ENSG00000137815	7.650963993253423e-05
ENSG00000124783	7.649070909873072e-05
ENSG00000101464	7.64879250680038e-05
ENSG00000175065	7.644632560016997e-05
ENSG00000175220	7.644326246776448e-05
ENSG00000134987	7.644212888323729e-05
ENSG00000106078	7.642522009516726e-05
ENSG00000204414	7.633790361900175e-05
ENSG00000157680	7.632612436295219e-05
ENSG00000136295	7.632535807410056e-05
ENSG00000125968	7.632162641406197e-05
ENSG00000125726	7.629366141237787e-05
ENSG00000115419	7.629046261238181e-05
ENSG00000164695	7.627695893523799e-05
ENSG00000120333	7.625553162851884e-05
ENSG00000116903	7.623853008925309e-05
ENSG00000166592	7.623696910130755e-05
ENSG00000120688	7.62087694211341e-05
ENSG00000144712	7.6197351166583e-05
ENSG00000130827	7.619373001014942e-05
ENSG00000134186	7.617085636820353e-05
ENSG00000204634	7.614424658034976e-05
ENSG00000108479	7.61422509483705e-05
ENSG00000165775	7.613170298252428e-05
ENSG00000163714	7.611631967664883e-05
ENSG00000070423	7.609141608905769e-05
ENSG00000125971	7.607143329007186e-05
ENSG00000145741	7.606482450408192e-05
ENSG00000216490	7.605144634210921e-05
ENSG00000108688	7.603774003737256e-05
ENSG00000080561	7.603368581577918e-05
ENSG00000136689	7.599405224972479e-05
ENSG00000163611	7.597638800716831e-05
ENSG00000119616	7.593749668965814e-05
ENSG00000213799	7.592080214121294e-05
ENSG00000136527	7.591981215278012e-05
ENSG00000120925	7.590326337853065e-05
ENSG00000060971	7.589895257421615e-05
ENSG00000171812	7.588523898298745e-05
ENSG00000083093	7.58757494383453e-05
ENSG00000011478	7.587481360702912e-05
ENSG00000160959	7.586536823619637e-05
ENSG00000113905	7.586433567433222e-05
ENSG00000177283	7.583075388003851e-05
ENSG00000102189	7.582882268560403e-05
ENSG00000154917	7.582620748292636e-05
ENSG00000152430	7.581291252602313e-05
ENSG00000115685	7.576312583900065e-05
ENSG00000205352	7.574761133801169e-05
ENSG00000198554	7.574363092632529e-05
ENSG00000085644	7.572891075569501e-05
ENSG00000170264	7.572260954165668e-05
ENSG00000196812	7.571846841859449e-05
ENSG00000112367	7.569009073292375e-05
ENSG00000078098	7.566898265738479e-05
ENSG00000131711	7.566889369360135e-05
ENSG00000115364	7.566596882801619e-05
ENSG00000276561	7.565372960198593e-05
ENSG00000173267	7.565186005631243e-05
ENSG00000167967	7.56489453355818e-05
ENSG00000182195	7.560110263197926e-05
ENSG00000148291	7.558764322041045e-05
ENSG00000075142	7.557656489917019e-05
ENSG00000170965	7.555478477960678e-05
ENSG00000277258	7.555423855610438e-05
ENSG00000187730	7.555307280555748e-05
ENSG00000112379	7.554630717969448e-05
ENSG00000167434	7.553336910319562e-05
ENSG00000171017	7.551714749621194e-05
ENSG00000116329	7.548565902244382e-05
ENSG00000073921	7.547984383650123e-05
ENSG00000177374	7.547939113248931e-05
ENSG00000171824	7.54734961839247e-05
ENSG00000163286	7.54722227989055e-05
ENSG00000120254	7.54709928862633e-05
ENSG00000090372	7.54574231576912e-05
ENSG00000026559	7.542805141966763e-05
ENSG00000139329	7.541670418558297e-05
ENSG00000134765	7.540573716168202e-05
ENSG00000139318	7.539251597981883e-05
ENSG00000142507	7.539014068104816e-05
ENSG00000128791	7.53861583664806e-05
ENSG00000105392	7.53785442808518e-05
ENSG00000288299	7.536886751593401e-05
ENSG00000125508	7.535910736668243e-05
ENSG00000164949	7.53404327769995e-05
ENSG00000125503	7.529166770397719e-05
ENSG00000177192	7.52750329817532e-05
ENSG00000092758	7.526300657229069e-05
ENSG00000106153	7.525022964493733e-05
ENSG00000142657	7.523955500727721e-05
ENSG00000112115	7.52373482375622e-05
ENSG00000166405	7.523521812049669e-05
ENSG00000113248	7.520172169098421e-05
ENSG00000175931	7.519622697753951e-05
ENSG00000168288	7.519420765421432e-05
ENSG00000088387	7.519077083404892e-05
ENSG00000123496	7.518876208708074e-05
ENSG00000136634	7.517957768873368e-05
ENSG00000130702	7.517082255343529e-05
ENSG00000157766	7.516291498081404e-05
ENSG00000178974	7.515860248501527e-05
ENSG00000027869	7.513270811824268e-05
ENSG00000180096	7.512651155306648e-05
ENSG00000117602	7.509401730031416e-05
ENSG00000107443	7.508534095729905e-05
ENSG00000106692	7.507604349441033e-05
ENSG00000156876	7.50417732430887e-05
ENSG00000133636	7.504084767544164e-05
ENSG00000241343	7.503355034952306e-05
ENSG00000223572	7.502399599912205e-05
ENSG00000100413	7.5020939844635e-05
ENSG00000125650	7.501996139918344e-05
ENSG00000134061	7.50140914466498e-05
ENSG00000156886	7.499199348702769e-05
ENSG00000136144	7.498452346833927e-05
ENSG00000172785	7.497719576655234e-05
ENSG00000197045	7.497553227629722e-05
ENSG00000097046	7.49751425279437e-05
ENSG00000121289	7.49673217703864e-05
ENSG00000132128	7.496433406452665e-05
ENSG00000164741	7.494163771108053e-05
ENSG00000187240	7.492248059220271e-05
ENSG00000101210	7.491923973916833e-05
ENSG00000145431	7.49160026562005e-05
ENSG00000182575	7.490048800176097e-05
ENSG00000282844	7.489810744033415e-05
ENSG00000168487	7.488481360150786e-05
ENSG00000113441	7.486306825264388e-05
ENSG00000158987	7.485021708504223e-05
ENSG00000169189	7.483551339432216e-05
ENSG00000189308	7.482878356041648e-05
ENSG00000135736	7.48266016997823e-05
ENSG00000036054	7.482506622598459e-05
ENSG00000065989	7.481737640006526e-05
ENSG00000142166	7.481394293519323e-05
ENSG00000164134	7.479657777691954e-05
ENSG00000104833	7.479439398935529e-05
ENSG00000077092	7.479364654230202e-05
ENSG00000099246	7.479148164162304e-05
ENSG00000258890	7.475352002780496e-05
ENSG00000089876	7.473240568216225e-05
ENSG00000085719	7.473231347589645e-05
ENSG00000182175	7.472538550388699e-05
ENSG00000162889	7.472163559219032e-05
ENSG00000167815	7.470632250523627e-05
ENSG00000105700	7.469914814827316e-05
ENSG00000184445	7.467434783596176e-05
ENSG00000009724	7.464830300690625e-05
ENSG00000119614	7.464648690484655e-05
ENSG00000118655	7.464595517735033e-05
ENSG00000151746	7.464326648386034e-05
ENSG00000140650	7.463972015798608e-05
ENSG00000111796	7.460036169735303e-05
ENSG00000196937	7.459652966986533e-05
ENSG00000100813	7.459023006478115e-05
ENSG00000116406	7.457596920079502e-05
ENSG00000255112	7.457191802472582e-05
ENSG00000185252	7.456642531681295e-05
ENSG00000136888	7.456117438487128e-05
ENSG00000105821	7.451740450518336e-05
ENSG00000119408	7.451076821054306e-05
ENSG00000198816	7.448446375977024e-05
ENSG00000125863	7.447707914669497e-05
ENSG00000135677	7.447459409851937e-05
ENSG00000162402	7.446408871422059e-05
ENSG00000069431	7.44377208418016e-05
ENSG00000077264	7.44189679722775e-05
ENSG00000135100	7.439226346133606e-05
ENSG00000144668	7.438071069054965e-05
ENSG00000132470	7.437832548031438e-05
ENSG00000163735	7.434657935027943e-05
ENSG00000133316	7.433728560672167e-05
ENSG00000054793	7.431256861743343e-05
ENSG00000272391	7.428890228211765e-05
ENSG00000285023	7.428022193807819e-05
ENSG00000278619	7.427816758357863e-05
ENSG00000132485	7.426639853478019e-05
ENSG00000107371	7.423232558346877e-05
ENSG00000186635	7.423175486095403e-05
ENSG00000141219	7.423026507239596e-05
ENSG00000181896	7.422483054058298e-05
ENSG00000167461	7.422339575905889e-05
ENSG00000133110	7.42117335784986e-05
ENSG00000184588	7.417993620217155e-05
ENSG00000131931	7.416947153848403e-05
ENSG00000123500	7.416197792917831e-05
ENSG00000146587	7.41348204651151e-05
ENSG00000108590	7.412685807815409e-05
ENSG00000104312	7.412195342164711e-05
ENSG00000091140	7.409222747860274e-05
ENSG00000118518	7.408320714015429e-05
ENSG00000106366	7.407562062133882e-05
ENSG00000126768	7.40711002965477e-05
ENSG00000170624	7.406277075015353e-05
ENSG00000018236	7.402256319081917e-05
ENSG00000108231	7.401857033267105e-05
ENSG00000145192	7.399694369024886e-05
ENSG00000173848	7.399605247864288e-05
ENSG00000113763	7.398153767704226e-05
ENSG00000239306	7.39640994132398e-05
ENSG00000119185	7.395155142187638e-05
ENSG00000134460	7.39492575790881e-05
ENSG00000134815	7.393054488409634e-05
ENSG00000196104	7.392716182830538e-05
ENSG00000114686	7.392191312084859e-05
ENSG00000172167	7.390427779233876e-05
ENSG00000162591	7.386379804643065e-05
ENSG00000111481	7.385021598722232e-05
ENSG00000066654	7.384886545981079e-05
ENSG00000112079	7.382076941837058e-05
ENSG00000102245	7.380163606516884e-05
ENSG00000186017	7.377741292757822e-05
ENSG00000162869	7.37457482557707e-05
ENSG00000198049	7.369772956823517e-05
ENSG00000117983	7.369659174563159e-05
ENSG00000158417	7.368927315504863e-05
ENSG00000132640	7.368710899483313e-05
ENSG00000130038	7.368327876573054e-05
ENSG00000128242	7.367125184823041e-05
ENSG00000140403	7.366852580566496e-05
ENSG00000003756	7.366657714673865e-05
ENSG00000166145	7.364543047173275e-05
ENSG00000108219	7.363919612739187e-05
ENSG00000170852	7.363787223573489e-05
ENSG00000154277	7.361896262473444e-05
ENSG00000165078	7.35829988690206e-05
ENSG00000101000	7.355137234688735e-05
ENSG00000105136	7.354882195139273e-05
ENSG00000161813	7.353118699345632e-05
ENSG00000115762	7.35078945199433e-05
ENSG00000058673	7.347064342531929e-05
ENSG00000114853	7.346495233161462e-05
ENSG00000176887	7.345285832671034e-05
ENSG00000125931	7.343801238387077e-05
ENSG00000144834	7.341679383517109e-05
ENSG00000004468	7.341092499003263e-05
ENSG00000183734	7.339790654385762e-05
ENSG00000138395	7.33669408645959e-05
ENSG00000137707	7.334322177727216e-05
ENSG00000128789	7.333840374052384e-05
ENSG00000147123	7.333696864210204e-05
ENSG00000117859	7.332813761545179e-05
ENSG00000171291	7.331562924205553e-05
ENSG00000100592	7.331043520143138e-05
ENSG00000058804	7.330747845494731e-05
ENSG00000198369	7.329973304183454e-05
ENSG00000115828	7.329916691436773e-05
ENSG00000063322	7.328345087259334e-05
ENSG00000137269	7.326290376893353e-05
ENSG00000158161	7.326043593546157e-05
ENSG00000261150	7.322426455375727e-05
ENSG00000166454	7.313898353546126e-05
ENSG00000170948	7.313319993823312e-05
ENSG00000164758	7.312884548673838e-05
ENSG00000123636	7.311278068815449e-05
ENSG00000165672	7.311136272770414e-05
ENSG00000164031	7.309581037220396e-05
ENSG00000167771	7.304667336858136e-05
ENSG00000070061	7.304143631851874e-05
ENSG00000185640	7.3025033708229e-05
ENSG00000221838	7.301134271117077e-05
ENSG00000241973	7.300670313932697e-05
ENSG00000198756	7.293817599126141e-05
ENSG00000066230	7.29035858375192e-05
ENSG00000128604	7.288726552623413e-05
ENSG00000109475	7.287324824772144e-05
ENSG00000120075	7.287172333513785e-05
ENSG00000140945	7.28707970734604e-05
ENSG00000165338	7.286095426357687e-05
ENSG00000100225	7.284129124280937e-05
ENSG00000099204	7.283368879749478e-05
ENSG00000150867	7.282259444033597e-05
ENSG00000019169	7.281873300142644e-05
ENSG00000007402	7.281439762371775e-05
ENSG00000091157	7.280113843781768e-05
ENSG00000162650	7.279604056781488e-05
ENSG00000011590	7.278899518776172e-05
ENSG00000197451	7.278619571692337e-05
ENSG00000196954	7.277911316743277e-05
ENSG00000101639	7.27702810284385e-05
ENSG00000189367	7.276728833119477e-05
ENSG00000188763	7.27660526005146e-05
ENSG00000092345	7.273370037230817e-05
ENSG00000173156	7.271700404065198e-05
ENSG00000154370	7.271425169195384e-05
ENSG00000006747	7.26990254405983e-05
ENSG00000162777	7.264946120245672e-05
ENSG00000198792	7.26358265298516e-05
ENSG00000185621	7.263171818489056e-05
ENSG00000105717	7.261867152907066e-05
ENSG00000135899	7.26111580152576e-05
ENSG00000198104	7.260206844632948e-05
ENSG00000197769	7.25981480257096e-05
ENSG00000143512	7.259319527875848e-05
ENSG00000105705	7.257611040614865e-05
ENSG00000131507	7.257478507546361e-05
ENSG00000125826	7.255444691194666e-05
ENSG00000123595	7.253615059015756e-05
ENSG00000111786	7.250793069781233e-05
ENSG00000186810	7.249167823764542e-05
ENSG00000155495	7.244177754116547e-05
ENSG00000115677	7.242930969633079e-05
ENSG00000145242	7.242755264468738e-05
ENSG00000243955	7.24211028974934e-05
ENSG00000130748	7.24130201371641e-05
ENSG00000184752	7.240465110935844e-05
ENSG00000006576	7.239015670016248e-05
ENSG00000144959	7.238108514789912e-05
ENSG00000112280	7.237840299636496e-05
ENSG00000105246	7.236843883096939e-05
ENSG00000168734	7.2327717706018e-05
ENSG00000119042	7.232344354440615e-05
ENSG00000197601	7.231314524755321e-05
ENSG00000247315	7.23047332615148e-05
ENSG00000170348	7.225133171240251e-05
ENSG00000162595	7.224363551198945e-05
ENSG00000177485	7.223308334665267e-05
ENSG00000107331	7.218870029269027e-05
ENSG00000102003	7.21605136652728e-05
ENSG00000175279	7.215060913580845e-05
ENSG00000165175	7.214999265258534e-05
ENSG00000197646	7.214937162117615e-05
ENSG00000255423	7.21468567414579e-05
ENSG00000142599	7.214443809217558e-05
ENSG00000143612	7.2129617975759e-05
ENSG00000116871	7.212089510856357e-05
ENSG00000187792	7.211893664134635e-05
ENSG00000133026	7.211210632648245e-05
ENSG00000140859	7.210945846079981e-05
ENSG00000034152	7.210809073078249e-05
ENSG00000143420	7.210421567567664e-05
ENSG00000164284	7.209322794851024e-05
ENSG00000100721	7.207421217657759e-05
ENSG00000167578	7.207241406280844e-05
ENSG00000163207	7.206487714299498e-05
ENSG00000131263	7.199573337506797e-05
ENSG00000169962	7.199019178566503e-05
ENSG00000095539	7.198595890695351e-05
ENSG00000143382	7.198204737668644e-05
ENSG00000128805	7.198123546403103e-05
ENSG00000115594	7.198033792804725e-05
ENSG00000198569	7.19689181137305e-05
ENSG00000110497	7.19545895164759e-05
ENSG00000115844	7.195230596557322e-05
ENSG00000174804	7.194139173951602e-05
ENSG00000052749	7.193486502905031e-05
ENSG00000196611	7.192186837031189e-05
ENSG00000100403	7.190853343716874e-05
ENSG00000132698	7.189483899879995e-05
ENSG00000143653	7.186621920295275e-05
ENSG00000117751	7.186565250243284e-05
ENSG00000132334	7.185693379769018e-05
ENSG00000213246	7.183495228405575e-05
ENSG00000099901	7.183095490039493e-05
ENSG00000160013	7.182914427370451e-05
ENSG00000095574	7.182874140408646e-05
ENSG00000143473	7.182703838315764e-05
ENSG00000158270	7.181654526556494e-05
ENSG00000205420	7.181387155153392e-05
ENSG00000100242	7.178428854028191e-05
ENSG00000137094	7.178309099758014e-05
ENSG00000149806	7.177139013024337e-05
ENSG00000152457	7.17551396331564e-05
ENSG00000099331	7.174459960024417e-05
ENSG00000004961	7.173510945309446e-05
ENSG00000100532	7.173156311612921e-05
ENSG00000185551	7.171981238269955e-05
ENSG00000160999	7.171424779383576e-05
ENSG00000069974	7.170716877794045e-05
ENSG00000065060	7.169310598350177e-05
ENSG00000119402	7.16426868490982e-05
ENSG00000163349	7.162752964198036e-05
ENSG00000196873	7.160913275122119e-05
ENSG00000108848	7.158554939875431e-05
ENSG00000183020	7.155594110285674e-05
ENSG00000018699	7.155071729654325e-05
ENSG00000184232	7.154055051664754e-05
ENSG00000134851	7.153264109606525e-05
ENSG00000168685	7.150323777812848e-05
ENSG00000135740	7.149408894205515e-05
ENSG00000110719	7.149175793342668e-05
ENSG00000085514	7.147407437253932e-05
ENSG00000052723	7.146930259825032e-05
ENSG00000002745	7.14561100129208e-05
ENSG00000130150	7.145168818188884e-05
ENSG00000171357	7.142735772164912e-05
ENSG00000115825	7.142409046244457e-05
ENSG00000196867	7.141385904905322e-05
ENSG00000103522	7.139342942583686e-05
ENSG00000172020	7.139051314151099e-05
ENSG00000115041	7.137300195251737e-05
ENSG00000143167	7.133247612803254e-05
ENSG00000169744	7.133051378157596e-05
ENSG00000172349	7.127363806881421e-05
ENSG00000124333	7.12563638847162e-05
ENSG00000273703	7.121697161632563e-05
ENSG00000170776	7.121691454345205e-05
ENSG00000198856	7.120106618009826e-05
ENSG00000125814	7.112962858024409e-05
ENSG00000105676	7.11268476265682e-05
ENSG00000120756	7.111574292846442e-05
ENSG00000187266	7.110646227816037e-05
ENSG00000146223	7.110301271511081e-05
ENSG00000121691	7.107718939580348e-05
ENSG00000131373	7.107672755632704e-05
ENSG00000174791	7.102652030562714e-05
ENSG00000118946	7.100296286792803e-05
ENSG00000057019	7.099240419139048e-05
ENSG00000115165	7.098897651793808e-05
ENSG00000156219	7.098869651345563e-05
ENSG00000159111	7.098765809484964e-05
ENSG00000119514	7.098476505396724e-05
ENSG00000163157	7.098100799600181e-05
ENSG00000143776	7.096861895407009e-05
ENSG00000079785	7.089799303666648e-05
ENSG00000139517	7.089648185646915e-05
ENSG00000197780	7.088052803953634e-05
ENSG00000137841	7.086533516043034e-05
ENSG00000136854	7.084804764852679e-05
ENSG00000116984	7.084724451217409e-05
ENSG00000168826	7.084173648488742e-05
ENSG00000206557	7.084049457634717e-05
ENSG00000171621	7.082770199380157e-05
ENSG00000135407	7.079483030168383e-05
ENSG00000164692	7.078630081129694e-05
ENSG00000168509	7.078383399037156e-05
ENSG00000107262	7.07708168000305e-05
ENSG00000197429	7.074010714587632e-05
ENSG00000122203	7.073468266296849e-05
ENSG00000113742	7.072621500214067e-05
ENSG00000148484	7.070179790102329e-05
ENSG00000188352	7.070101417241204e-05
ENSG00000113196	7.065284895209383e-05
ENSG00000172724	7.064629479153774e-05
ENSG00000107669	7.062602249815245e-05
ENSG00000115275	7.061953177233604e-05
ENSG00000142544	7.059745964315877e-05
ENSG00000005194	7.059235929543577e-05
ENSG00000101745	7.057711939971342e-05
ENSG00000169598	7.056989244064903e-05
ENSG00000095713	7.055951269725202e-05
ENSG00000103546	7.054893798312527e-05
ENSG00000099985	7.050337173816008e-05
ENSG00000143924	7.049802173153102e-05
ENSG00000075914	7.049289052517949e-05
ENSG00000122859	7.048902723241754e-05
ENSG00000182774	7.048232626120981e-05
ENSG00000114019	7.046973222029834e-05
ENSG00000136542	7.046575019138556e-05
ENSG00000106483	7.045190689711827e-05
ENSG00000067955	7.044748299878643e-05
ENSG00000138411	7.042515854524938e-05
ENSG00000169429	7.042387732500121e-05
ENSG00000083720	7.041914139065329e-05
ENSG00000184840	7.041385086729207e-05
ENSG00000156515	7.041273820812722e-05
ENSG00000135525	7.041017768294243e-05
ENSG00000065154	7.04068824602147e-05
ENSG00000099875	7.040442207178567e-05
ENSG00000196388	7.040388246445036e-05
ENSG00000149798	7.040119248327596e-05
ENSG00000136160	7.040100505114355e-05
ENSG00000171603	7.038831516505762e-05
ENSG00000112365	7.036989225474446e-05
ENSG00000142784	7.036727282898038e-05
ENSG00000149503	7.036136486458122e-05
ENSG00000142224	7.035670766040849e-05
ENSG00000122863	7.035062847253682e-05
ENSG00000163554	7.033805630254726e-05
ENSG00000104093	7.033471795810007e-05
ENSG00000106804	7.03297848285513e-05
ENSG00000006007	7.032630771509312e-05
ENSG00000249115	7.032451154083238e-05
ENSG00000172336	7.028523918253778e-05
ENSG00000183527	7.027708852117476e-05
ENSG00000013588	7.023862709672504e-05
ENSG00000124939	7.022215629179818e-05
ENSG00000169592	7.021795017000224e-05
ENSG00000169554	7.020587921414745e-05
ENSG00000122787	7.020479201469093e-05
ENSG00000088832	7.019167000990591e-05
ENSG00000115827	7.018749402892561e-05
ENSG00000122550	7.017852160372844e-05
ENSG00000146282	7.01683186730449e-05
ENSG00000134369	7.012642525103276e-05
ENSG00000130175	7.011795146559836e-05
ENSG00000134070	7.010929309872646e-05
ENSG00000062038	7.010043536399183e-05
ENSG00000123737	7.009971866663841e-05
ENSG00000180316	7.008210251857501e-05
ENSG00000198382	7.007750146021608e-05
ENSG00000136950	7.006897837042043e-05
ENSG00000137760	7.00682474448465e-05
ENSG00000157601	7.004446553178971e-05
ENSG00000127463	7.003650275160943e-05
ENSG00000141030	7.00228746618732e-05
ENSG00000071054	7.001953610977243e-05
ENSG00000108961	7.001419793923377e-05
ENSG00000188215	7.000478579168637e-05
ENSG00000131470	7.000320905524108e-05
ENSG00000163599	6.999474024662528e-05
ENSG00000162664	6.99906332213111e-05
ENSG00000179134	6.998471317255236e-05
ENSG00000173762	6.997615159625546e-05
ENSG00000170967	6.997567537468597e-05
ENSG00000118898	6.994380695910927e-05
ENSG00000072210	6.993468912910824e-05
ENSG00000100138	6.992434503834367e-05
ENSG00000147854	6.991471818817996e-05
ENSG00000167414	6.990003512023072e-05
ENSG00000134108	6.988012308218628e-05
ENSG00000147419	6.987963177119016e-05
ENSG00000036565	6.986858173833917e-05
ENSG00000136717	6.986541871677418e-05
ENSG00000119787	6.983294374217094e-05
ENSG00000221978	6.98032899632829e-05
ENSG00000168003	6.979355430625247e-05
ENSG00000110944	6.979354281925961e-05
ENSG00000092067	6.978613555355739e-05
ENSG00000070019	6.977371461395e-05
ENSG00000120948	6.976394584887714e-05
ENSG00000141551	6.971398918706531e-05
ENSG00000170820	6.97132385935111e-05
ENSG00000139567	6.968777745327924e-05
ENSG00000164053	6.96844483727953e-05
ENSG00000198055	6.967831350704942e-05
ENSG00000234616	6.96780508402018e-05
ENSG00000114126	6.966770639401885e-05
ENSG00000156804	6.965636355826123e-05
ENSG00000167792	6.96561386944589e-05
ENSG00000173372	6.96553003249919e-05
ENSG00000104915	6.965067527915002e-05
ENSG00000151233	6.963115549687216e-05
ENSG00000102243	6.961489693637679e-05
ENSG00000127528	6.96113665668693e-05
ENSG00000104879	6.959569361567813e-05
ENSG00000148143	6.958987253501574e-05
ENSG00000090376	6.958854040141151e-05
ENSG00000107281	6.958525469975118e-05
ENSG00000108798	6.958251860001128e-05
ENSG00000178741	6.956205236182603e-05
ENSG00000132467	6.954684950448938e-05
ENSG00000164690	6.954526171113475e-05
ENSG00000115073	6.952192262474479e-05
ENSG00000134571	6.951113741038348e-05
ENSG00000090539	6.9499837795906e-05
ENSG00000143643	6.949579473932705e-05
ENSG00000012223	6.949135647766592e-05
ENSG00000146094	6.948932748471937e-05
ENSG00000083223	6.948278608033328e-05
ENSG00000198093	6.942314324245532e-05
ENSG00000197249	6.940963625807009e-05
ENSG00000115540	6.940464393406968e-05
ENSG00000079112	6.940088091648092e-05
ENSG00000164265	6.939945162537404e-05
ENSG00000102172	6.93992773316826e-05
ENSG00000082996	6.938700576725196e-05
ENSG00000170921	6.937231346311389e-05
ENSG00000259956	6.936916673779578e-05
ENSG00000162139	6.936320979829882e-05
ENSG00000035681	6.935686719390842e-05
ENSG00000096080	6.933000059756433e-05
ENSG00000108342	6.932439681527074e-05
ENSG00000187713	6.931879676955673e-05
ENSG00000116691	6.931418220270133e-05
ENSG00000043143	6.931198131434237e-05
ENSG00000145029	6.928258800296794e-05
ENSG00000145494	6.925774322572564e-05
ENSG00000261456	6.924567527060742e-05
ENSG00000198670	6.924565756732136e-05
ENSG00000275555	6.922767978530683e-05
ENSG00000186130	6.922534526812036e-05
ENSG00000184260	6.921985076787867e-05
ENSG00000203667	6.920946803798624e-05
ENSG00000064545	6.91975693631112e-05
ENSG00000162267	6.919659205539351e-05
ENSG00000160888	6.91818108021499e-05
ENSG00000095981	6.918053360525418e-05
ENSG00000077238	6.917888280379348e-05
ENSG00000139899	6.91675716452835e-05
ENSG00000058404	6.916470054511498e-05
ENSG00000170703	6.914868326878073e-05
ENSG00000135912	6.914310093993352e-05
ENSG00000086102	6.913069092542836e-05
ENSG00000116685	6.910086872208499e-05
ENSG00000103154	6.90781511308053e-05
ENSG00000136231	6.906551334066017e-05
ENSG00000125245	6.904935276866406e-05
ENSG00000131435	6.904102325313055e-05
ENSG00000004399	6.904079587009805e-05
ENSG00000184330	6.903476855390883e-05
ENSG00000115657	6.901705973937337e-05
ENSG00000152932	6.90096794183172e-05
ENSG00000174306	6.898354005909045e-05
ENSG00000117569	6.894405037186e-05
ENSG00000173418	6.893695937012388e-05
ENSG00000122870	6.893440365028015e-05
ENSG00000136010	6.891822990772339e-05
ENSG00000275911	6.888084327974164e-05
ENSG00000182831	6.88757586278968e-05
ENSG00000089682	6.885413345926294e-05
ENSG00000159784	6.883361814294716e-05
ENSG00000169621	6.883044261955097e-05
ENSG00000112305	6.882409184378945e-05
ENSG00000169933	6.881812847871956e-05
ENSG00000169862	6.876678685501058e-05
ENSG00000164086	6.876488940658569e-05
ENSG00000078549	6.875929484478877e-05
ENSG00000180098	6.875861828457544e-05
ENSG00000035928	6.874691527448163e-05
ENSG00000129988	6.873682881098875e-05
ENSG00000111057	6.873255583752002e-05
ENSG00000101955	6.872900036531121e-05
ENSG00000158062	6.872297165202743e-05
ENSG00000072736	6.870307489365933e-05
ENSG00000196678	6.870240396823444e-05
ENSG00000143921	6.87006012164957e-05
ENSG00000129534	6.869100065552928e-05
ENSG00000126653	6.868524684886808e-05
ENSG00000160360	6.868362719955524e-05
ENSG00000142669	6.867552771981129e-05
ENSG00000100461	6.867051921306381e-05
ENSG00000111348	6.865825774969518e-05
ENSG00000007255	6.864941831224221e-05
ENSG00000099804	6.864326408848964e-05
ENSG00000153936	6.863649234678087e-05
ENSG00000120675	6.862703729746978e-05
ENSG00000241794	6.862570860671733e-05
ENSG00000008405	6.860967677092408e-05
ENSG00000116001	6.860383968265939e-05
ENSG00000152217	6.859850534474081e-05
ENSG00000179841	6.859725773842811e-05
ENSG00000120725	6.858125151701726e-05
ENSG00000101981	6.857886935927511e-05
ENSG00000119471	6.857693898188345e-05
ENSG00000155926	6.857651240538402e-05
ENSG00000147614	6.857509983493637e-05
ENSG00000122786	6.857427626539486e-05
ENSG00000116663	6.856228153135733e-05
ENSG00000148218	6.854455574928153e-05
ENSG00000063660	6.854179973294364e-05
ENSG00000179630	6.853908599689038e-05
ENSG00000035720	6.853825599755897e-05
ENSG00000145901	6.853177967690247e-05
ENSG00000179115	6.850102321666613e-05
ENSG00000116586	6.850016962941311e-05
ENSG00000265972	6.84770162697218e-05
ENSG00000175414	6.845336750782359e-05
ENSG00000196782	6.84332467020074e-05
ENSG00000142634	6.842937349121932e-05
ENSG00000104967	6.84061952125275e-05
ENSG00000112110	6.839468138674704e-05
ENSG00000134438	6.83889501753261e-05
ENSG00000140092	6.83621864397513e-05
ENSG00000124275	6.831924891472152e-05
ENSG00000169193	6.831137858718497e-05
ENSG00000057294	6.830945341593053e-05
ENSG00000145495	6.830818044293744e-05
ENSG00000117601	6.830184295886524e-05
ENSG00000197705	6.826207345503918e-05
ENSG00000172380	6.825477496350945e-05
ENSG00000115263	6.824044108880491e-05
ENSG00000178363	6.823794552083356e-05
ENSG00000165675	6.822709940552408e-05
ENSG00000205629	6.821580289816112e-05
ENSG00000178860	6.820581308431383e-05
ENSG00000134775	6.817968565793071e-05
ENSG00000107560	6.817351650908447e-05
ENSG00000113391	6.815000741399068e-05
ENSG00000107872	6.814273758809656e-05
ENSG00000107201	6.813749166113654e-05
ENSG00000079482	6.812433067735101e-05
ENSG00000163873	6.810997613178084e-05
ENSG00000076864	6.810572543397057e-05
ENSG00000164007	6.808605955206262e-05
ENSG00000074071	6.807812374651145e-05
ENSG00000163257	6.807484450023218e-05
ENSG00000175567	6.80646543019534e-05
ENSG00000113318	6.805650249136522e-05
ENSG00000129667	6.804844475690364e-05
ENSG00000008300	6.804838223086867e-05
ENSG00000165572	6.804015105628226e-05
ENSG00000107338	6.803650367893246e-05
ENSG00000050730	6.802550933606288e-05
ENSG00000260916	6.802392262822455e-05
ENSG00000166908	6.800775677209712e-05
ENSG00000165629	6.799051245143493e-05
ENSG00000065717	6.797908076377912e-05
ENSG00000165219	6.797705735879351e-05
ENSG00000136531	6.797411801254335e-05
ENSG00000122507	6.795122965251676e-05
ENSG00000006194	6.794267140950154e-05
ENSG00000128271	6.793638686417817e-05
ENSG00000176396	6.792079659662613e-05
ENSG00000138083	6.791997235309068e-05
ENSG00000166295	6.790442966341168e-05
ENSG00000116815	6.788795635515399e-05
ENSG00000101751	6.78801398178384e-05
ENSG00000157240	6.787485423738262e-05
ENSG00000213465	6.78576340353977e-05
ENSG00000175455	6.783491102215717e-05
ENSG00000051523	6.781746399605167e-05
ENSG00000114812	6.780212996389503e-05
ENSG00000165704	6.778218309949123e-05
ENSG00000121579	6.776332981031028e-05
ENSG00000089195	6.774303706782023e-05
ENSG00000138035	6.77413473269901e-05
ENSG00000100784	6.77028767419908e-05
ENSG00000171564	6.769373633691334e-05
ENSG00000147166	6.761102373448115e-05
ENSG00000147647	6.761044438310933e-05
ENSG00000138435	6.759236809735564e-05
ENSG00000108187	6.757163544656655e-05
ENSG00000217128	6.756709562215577e-05
ENSG00000155093	6.756397233925591e-05
ENSG00000147439	6.755723965681533e-05
ENSG00000130227	6.75434493968168e-05
ENSG00000112972	6.749219380215206e-05
ENSG00000157483	6.748637811954422e-05
ENSG00000172766	6.747866774978696e-05
ENSG00000186395	6.747048987212972e-05
ENSG00000099991	6.74696342272926e-05
ENSG00000178966	6.745684703531027e-05
ENSG00000146858	6.745364260207044e-05
ENSG00000257923	6.744520095333526e-05
ENSG00000139219	6.741992777788578e-05
ENSG00000132744	6.741267919763014e-05
ENSG00000135631	6.738497313613831e-05
ENSG00000164292	6.736221220391137e-05
ENSG00000132323	6.736078869429898e-05
ENSG00000010256	6.73541790954634e-05
ENSG00000182208	6.73496378974634e-05
ENSG00000183258	6.73466466323095e-05
ENSG00000196372	6.732983369603544e-05
ENSG00000152520	6.73199385410208e-05
ENSG00000132109	6.731132294270897e-05
ENSG00000124688	6.72841175551316e-05
ENSG00000116147	6.728306578356754e-05
ENSG00000079841	6.72739856557341e-05
ENSG00000106069	6.72536438629671e-05
ENSG00000198931	6.72501657037539e-05
ENSG00000133961	6.724131630271936e-05
ENSG00000091972	6.721124029604949e-05
ENSG00000116983	6.720938857454671e-05
ENSG00000108406	6.720873848799401e-05
ENSG00000196604	6.719552796867226e-05
ENSG00000092208	6.719055707805599e-05
ENSG00000172551	6.717633961182129e-05
ENSG00000170542	6.71747632653364e-05
ENSG00000114013	6.716617687502124e-05
ENSG00000138311	6.716121547619898e-05
ENSG00000150593	6.715941891526093e-05
ENSG00000143183	6.715937550380832e-05
ENSG00000172869	6.714897696795414e-05
ENSG00000154040	6.713640358962681e-05
ENSG00000140199	6.712549380257727e-05
ENSG00000106443	6.712061170591923e-05
ENSG00000070950	6.710378570138538e-05
ENSG00000177051	6.709593761526926e-05
ENSG00000140511	6.704825002327593e-05
ENSG00000180815	6.704072820205278e-05
ENSG00000176853	6.703795791834865e-05
ENSG00000226784	6.70353610339905e-05
ENSG00000104763	6.701696943750214e-05
ENSG00000166886	6.701043007300538e-05
ENSG00000197892	6.699976952004075e-05
ENSG00000240303	6.699861366345752e-05
ENSG00000104064	6.698858849284604e-05
ENSG00000171443	6.698002891037278e-05
ENSG00000157087	6.697864547219079e-05
ENSG00000124201	6.697694989312784e-05
ENSG00000169871	6.697630253956135e-05
ENSG00000169851	6.695662759849016e-05
ENSG00000180543	6.69269402537126e-05
ENSG00000075651	6.692132008777947e-05
ENSG00000176697	6.686829307509978e-05
ENSG00000116701	6.685488639471782e-05
ENSG00000110324	6.685106582748684e-05
ENSG00000143387	6.678582199956628e-05
ENSG00000013523	6.676213117091794e-05
ENSG00000130338	6.674196994938806e-05
ENSG00000113387	6.673805925717676e-05
ENSG00000101447	6.670779432190487e-05
ENSG00000180938	6.668938211700152e-05
ENSG00000152242	6.667518540695557e-05
ENSG00000169594	6.666886815987983e-05
ENSG00000111728	6.665065560539295e-05
ENSG00000052850	6.665027237848508e-05
ENSG00000160868	6.663936200498279e-05
ENSG00000111110	6.663770098305035e-05
ENSG00000148229	6.66224204650284e-05
ENSG00000151632	6.660368800665901e-05
ENSG00000253293	6.660210786949693e-05
ENSG00000115194	6.660132679449589e-05
ENSG00000272047	6.659676303634392e-05
ENSG00000171865	6.658421292515881e-05
ENSG00000104903	6.65612665691363e-05
ENSG00000168374	6.655274045587585e-05
ENSG00000144136	6.654659151870016e-05
ENSG00000183044	6.65455922535903e-05
ENSG00000100216	6.653160607111845e-05
ENSG00000155090	6.652590403108932e-05
ENSG00000100209	6.650591102237683e-05
ENSG00000111052	6.650423178184449e-05
ENSG00000145241	6.650332265806515e-05
ENSG00000134532	6.649728560744013e-05
ENSG00000139505	6.648374926490277e-05
ENSG00000091622	6.648129840776741e-05
ENSG00000138750	6.648100894180387e-05
ENSG00000128596	6.64770224878836e-05
ENSG00000119396	6.645605935764303e-05
ENSG00000138771	6.645585279325887e-05
ENSG00000117090	6.64412491760254e-05
ENSG00000177272	6.643872399085471e-05
ENSG00000130158	6.643429832441317e-05
ENSG00000156256	6.641499733382215e-05
ENSG00000164330	6.641218570110097e-05
ENSG00000168397	6.640951568946886e-05
ENSG00000008294	6.639866708718768e-05
ENSG00000116191	6.639231817219262e-05
ENSG00000160799	6.638037803781063e-05
ENSG00000166535	6.63782456735534e-05
ENSG00000112276	6.636704207899228e-05
ENSG00000138777	6.636293760166547e-05
ENSG00000104313	6.635643149054672e-05
ENSG00000134874	6.634477232118005e-05
ENSG00000165059	6.63383456297519e-05
ENSG00000112357	6.633702468491023e-05
ENSG00000132031	6.633147213202323e-05
ENSG00000196387	6.632387361382205e-05
ENSG00000165272	6.632115736638071e-05
ENSG00000119403	6.632102221964689e-05
ENSG00000108651	6.630100660459914e-05
ENSG00000111445	6.629122519666278e-05
ENSG00000065357	6.627852441043202e-05
ENSG00000073861	6.624366194666885e-05
ENSG00000183155	6.623642426324827e-05
ENSG00000183570	6.623439772231205e-05
ENSG00000124469	6.62260637502776e-05
ENSG00000074201	6.620360013961116e-05
ENSG00000037897	6.617372764193269e-05
ENSG00000198759	6.616805374377439e-05
ENSG00000086598	6.616463162371715e-05
ENSG00000140632	6.61618582449375e-05
ENSG00000179335	6.615198699046256e-05
ENSG00000082556	6.614115542505281e-05
ENSG00000170890	6.614050074610173e-05
ENSG00000002746	6.613060046091145e-05
ENSG00000277424	6.612998300711316e-05
ENSG00000288401	6.612984544433111e-05
ENSG00000125414	6.612448748399865e-05
ENSG00000105063	6.612292457308076e-05
ENSG00000158373	6.611965179406959e-05
ENSG00000144857	6.611314004439246e-05
ENSG00000139973	6.609654399009116e-05
ENSG00000157259	6.609305114272838e-05
ENSG00000167972	6.607849744164122e-05
ENSG00000181544	6.607610206384599e-05
ENSG00000168875	6.606900955608544e-05
ENSG00000127124	6.606136207939388e-05
ENSG00000145358	6.60575077957e-05
ENSG00000107187	6.605238938681844e-05
ENSG00000166396	6.603204821801557e-05
ENSG00000138764	6.602009776306462e-05
ENSG00000128463	6.601095671225339e-05
ENSG00000177169	6.600636674716034e-05
ENSG00000005073	6.600513242122725e-05
ENSG00000189180	6.600309400059198e-05
ENSG00000157782	6.599993639387144e-05
ENSG00000164366	6.599859803570458e-05
ENSG00000129347	6.597334102924137e-05
ENSG00000163114	6.596971175687515e-05
ENSG00000110448	6.596126822539327e-05
ENSG00000196616	6.595360979051003e-05
ENSG00000164815	6.59514471599589e-05
ENSG00000005436	6.595031166338534e-05
ENSG00000205213	6.593921891955973e-05
ENSG00000152684	6.590357156453006e-05
ENSG00000111775	6.589626459817537e-05
ENSG00000143502	6.588879921401261e-05
ENSG00000139746	6.587310423287806e-05
ENSG00000119138	6.585011073488964e-05
ENSG00000137166	6.57987155140901e-05
ENSG00000159140	6.579407335712546e-05
ENSG00000133731	6.578774333672105e-05
ENSG00000000460	6.578771418240286e-05
ENSG00000128285	6.577312160369064e-05
ENSG00000109466	6.574611112790048e-05
ENSG00000157152	6.574593018137932e-05
ENSG00000215455	6.573266130131704e-05
ENSG00000152467	6.573051877993958e-05
ENSG00000181625	6.572593585680043e-05
ENSG00000161682	6.572523753732676e-05
ENSG00000159256	6.571187491203631e-05
ENSG00000100364	6.571111325794601e-05
ENSG00000164326	6.570262311530675e-05
ENSG00000074317	6.569294337603635e-05
ENSG00000136870	6.568553534824838e-05
ENSG00000176714	6.567463533913316e-05
ENSG00000129596	6.56731742851674e-05
ENSG00000117691	6.564720127171548e-05
ENSG00000120910	6.564513835554578e-05
ENSG00000137098	6.564301485949216e-05
ENSG00000160050	6.563935300094523e-05
ENSG00000231135	6.559264363313728e-05
ENSG00000143793	6.558329063236103e-05
ENSG00000105388	6.556648338908332e-05
ENSG00000166828	6.553918388202054e-05
ENSG00000163541	6.551471145416795e-05
ENSG00000151892	6.550081452054432e-05
ENSG00000164867	6.549175938025193e-05
ENSG00000113327	6.549033431868012e-05
ENSG00000198626	6.54686462977727e-05
ENSG00000180176	6.544648893330344e-05
ENSG00000107242	6.544070645134263e-05
ENSG00000092020	6.54387744137052e-05
ENSG00000181904	6.543836997823055e-05
ENSG00000134516	6.542092390467799e-05
ENSG00000167244	6.537015644379968e-05
ENSG00000161791	6.536832714205677e-05
ENSG00000100271	6.536742978633872e-05
ENSG00000162769	6.535307497305684e-05
ENSG00000083799	6.53486006255114e-05
ENSG00000113520	6.534655526568796e-05
ENSG00000105669	6.534018953089245e-05
ENSG00000151176	6.533500411405759e-05
ENSG00000137642	6.531859875606192e-05
ENSG00000182795	6.53023034696823e-05
ENSG00000107130	6.528768052031394e-05
ENSG00000196684	6.528617421345262e-05
ENSG00000099949	6.526609571514506e-05
ENSG00000160791	6.525535681578244e-05
ENSG00000172197	6.525416221796893e-05
ENSG00000007237	6.523971683572654e-05
ENSG00000110057	6.523681373971967e-05
ENSG00000155962	6.523504292534861e-05
ENSG00000120539	6.52265657294979e-05
ENSG00000196646	6.522125587386546e-05
ENSG00000258315	6.521965935232355e-05
ENSG00000274641	6.52182676371996e-05
ENSG00000011523	6.521260901329182e-05
ENSG00000092621	6.520560879407315e-05
ENSG00000179820	6.519746892559664e-05
ENSG00000178567	6.519706858217826e-05
ENSG00000170619	6.518924178560128e-05
ENSG00000181826	6.517965160690863e-05
ENSG00000137161	6.51794712912103e-05
ENSG00000184954	6.517571649084754e-05
ENSG00000117122	6.514507722095457e-05
ENSG00000131779	6.514446338807723e-05
ENSG00000165271	6.510620614316119e-05
ENSG00000254093	6.509573873641343e-05
ENSG00000213199	6.508808982541541e-05
ENSG00000074966	6.507944549876256e-05
ENSG00000183036	6.507785139788343e-05
ENSG00000162642	6.506843288470076e-05
ENSG00000101856	6.505587540134585e-05
ENSG00000160883	6.504170329795045e-05
ENSG00000134363	6.503588471919312e-05
ENSG00000161850	6.503108287593278e-05
ENSG00000176566	6.502025642816924e-05
ENSG00000109790	6.500276641948278e-05
ENSG00000137601	6.498297055579245e-05
ENSG00000166086	6.496829925752298e-05
ENSG00000115221	6.496309015884608e-05
ENSG00000183715	6.496170480295121e-05
ENSG00000104131	6.495491504446356e-05
ENSG00000113812	6.495485640876773e-05
ENSG00000186654	6.495427212634818e-05
ENSG00000116922	6.494983281299878e-05
ENSG00000162738	6.494894783901224e-05
ENSG00000068971	6.49460512874577e-05
ENSG00000127152	6.49449274270548e-05
ENSG00000188994	6.493598120743079e-05
ENSG00000183340	6.491592855916428e-05
ENSG00000163501	6.491336912570322e-05
ENSG00000188158	6.490581000619796e-05
ENSG00000076944	6.488310930290698e-05
ENSG00000145384	6.486759338845835e-05
ENSG00000100297	6.481551145516229e-05
ENSG00000184937	6.479846427096421e-05
ENSG00000010219	6.47821679890018e-05
ENSG00000137501	6.477039239611447e-05
ENSG00000175175	6.476906518957316e-05
ENSG00000197632	6.476278824666033e-05
ENSG00000099377	6.471461077358955e-05
ENSG00000278463	6.470429734498678e-05
ENSG00000176490	6.470245912772495e-05
ENSG00000101082	6.469812503346155e-05
ENSG00000004948	6.4698013684446e-05
ENSG00000127870	6.465539231639166e-05
ENSG00000188393	6.464169883555248e-05
ENSG00000127054	6.46242387929716e-05
ENSG00000169230	6.461853933386e-05
ENSG00000185504	6.460489830708615e-05
ENSG00000184007	6.455637528341958e-05
ENSG00000131143	6.45420838863008e-05
ENSG00000132953	6.454200534764838e-05
ENSG00000069011	6.453852068628554e-05
ENSG00000105671	6.453773412033639e-05
ENSG00000111275	6.4537346710503e-05
ENSG00000254997	6.452374183045465e-05
ENSG00000104722	6.451725424275638e-05
ENSG00000131737	6.451706364371314e-05
ENSG00000159958	6.449413969273525e-05
ENSG00000165197	6.44929973023099e-05
ENSG00000078140	6.448277339603037e-05
ENSG00000147571	6.447203799300638e-05
ENSG00000169972	6.446181443555302e-05
ENSG00000198523	6.446145194084903e-05
ENSG00000187239	6.444864513851008e-05
ENSG00000243156	6.444740524385892e-05
ENSG00000163644	6.44395237784773e-05
ENSG00000197448	6.442788832153261e-05
ENSG00000177468	6.442213042396773e-05
ENSG00000084073	6.44194127447459e-05
ENSG00000177301	6.441830265055818e-05
ENSG00000104472	6.439104419306423e-05
ENSG00000145692	6.43737781760169e-05
ENSG00000104866	6.437060420107408e-05
ENSG00000106484	6.435629915110274e-05
ENSG00000156853	6.433523445599425e-05
ENSG00000107719	6.432726090505839e-05
ENSG00000105220	6.431947551378485e-05
ENSG00000130714	6.431294510130756e-05
ENSG00000171365	6.431246848861721e-05
ENSG00000110801	6.430275674382703e-05
ENSG00000178773	6.427551024255729e-05
ENSG00000198910	6.426150843586944e-05
ENSG00000171004	6.424753230600411e-05
ENSG00000268606	6.423822286951449e-05
ENSG00000143401	6.421502528936391e-05
ENSG00000170373	6.42110675584372e-05
ENSG00000182521	6.420431573613642e-05
ENSG00000137100	6.41989013093739e-05
ENSG00000145819	6.41768397192337e-05
ENSG00000172016	6.415944158517455e-05
ENSG00000126218	6.415540952865979e-05
ENSG00000090971	6.415381159923712e-05
ENSG00000254986	6.415193047531511e-05
ENSG00000124635	6.41357256923911e-05
ENSG00000134744	6.41269617803948e-05
ENSG00000263761	6.412262708609007e-05
ENSG00000100075	6.408183292215778e-05
ENSG00000137440	6.407800777774311e-05
ENSG00000108528	6.407684978330422e-05
ENSG00000125965	6.406929499708893e-05
ENSG00000179331	6.406592922230127e-05
ENSG00000135541	6.405728773256168e-05
ENSG00000288130	6.405588426984734e-05
ENSG00000108591	6.401051777061948e-05
ENSG00000123080	6.399116689403489e-05
ENSG00000119321	6.398423720379684e-05
ENSG00000173480	6.397949967391709e-05
ENSG00000087303	6.397124253586817e-05
ENSG00000086475	6.397076693985432e-05
ENSG00000085760	6.393747096376198e-05
ENSG00000140455	6.393362440998421e-05
ENSG00000117174	6.391182921832102e-05
ENSG00000079257	6.388128145213095e-05
ENSG00000118508	6.387038268264252e-05
ENSG00000080822	6.38537367607476e-05
ENSG00000066322	6.382414861766186e-05
ENSG00000161542	6.381884617977701e-05
ENSG00000085998	6.381709738234235e-05
ENSG00000177548	6.381473266867781e-05
ENSG00000256812	6.38130958630631e-05
ENSG00000054967	6.378550360726181e-05
ENSG00000274211	6.378092339337286e-05
ENSG00000172007	6.377987889699257e-05
ENSG00000167393	6.377345022317547e-05
ENSG00000004799	6.375937607868727e-05
ENSG00000123411	6.375661178556092e-05
ENSG00000285387	6.375349164900438e-05
ENSG00000084733	6.373879656109956e-05
ENSG00000013441	6.373174446248878e-05
ENSG00000148341	6.370744573299269e-05
ENSG00000187601	6.367970590908874e-05
ENSG00000079432	6.36390612681973e-05
ENSG00000100612	6.362715247023555e-05
ENSG00000019582	6.361176477558097e-05
ENSG00000129038	6.360916949631101e-05
ENSG00000275023	6.360724489625802e-05
ENSG00000122012	6.358758780005794e-05
ENSG00000110876	6.357146187619582e-05
ENSG00000108602	6.356838884491408e-05
ENSG00000173846	6.354562006327091e-05
ENSG00000113532	6.352958334558133e-05
ENSG00000128276	6.35211459584262e-05
ENSG00000183137	6.35206784776509e-05
ENSG00000019144	6.3520060318931e-05
ENSG00000157796	6.351618284512601e-05
ENSG00000135074	6.35143969475379e-05
ENSG00000150750	6.351042454286001e-05
ENSG00000109738	6.34938853765876e-05
ENSG00000184047	6.348746728912261e-05
ENSG00000186834	6.347744236172794e-05
ENSG00000064886	6.347366660579698e-05
ENSG00000142867	6.346399023314239e-05
ENSG00000114388	6.346212964990642e-05
ENSG00000149932	6.345802806129133e-05
ENSG00000066422	6.345734904208251e-05
ENSG00000115935	6.34526085452091e-05
ENSG00000198015	6.344925927334152e-05
ENSG00000137962	6.338985880099997e-05
ENSG00000163624	6.338520531243265e-05
ENSG00000160602	6.33837145128252e-05
ENSG00000103540	6.33757356154112e-05
ENSG00000142156	6.337316490405957e-05
ENSG00000135439	6.335456246452314e-05
ENSG00000186197	6.335044250266303e-05
ENSG00000137145	6.334979481413246e-05
ENSG00000288114	6.334542280335885e-05
ENSG00000197822	6.333741127009637e-05
ENSG00000055147	6.332804025454368e-05
ENSG00000170873	6.331344230065646e-05
ENSG00000179403	6.328664678760029e-05
ENSG00000171793	6.325927566937101e-05
ENSG00000081051	6.32546372519267e-05
ENSG00000105887	6.324766608674364e-05
ENSG00000103111	6.324538028170736e-05
ENSG00000142515	6.324141154441859e-05
ENSG00000157150	6.323670294697593e-05
ENSG00000135744	6.322889853113094e-05
ENSG00000135776	6.322219552958541e-05
ENSG00000181450	6.32157267467578e-05
ENSG00000105141	6.319799681958338e-05
ENSG00000131966	6.319478300987241e-05
ENSG00000145388	6.318985136337782e-05
ENSG00000100353	6.3183870908411e-05
ENSG00000171219	6.318384191548746e-05
ENSG00000144231	6.318165300164432e-05
ENSG00000099994	6.31583859364045e-05
ENSG00000083067	6.315216027002275e-05
ENSG00000082512	6.312092408885511e-05
ENSG00000198911	6.31156926716116e-05
ENSG00000142892	6.310175445923436e-05
ENSG00000118298	6.309631997655642e-05
ENSG00000053501	6.307470288342769e-05
ENSG00000143870	6.306127354610004e-05
ENSG00000150687	6.3058435110284e-05
ENSG00000076662	6.303619070956775e-05
ENSG00000163053	6.30357374701081e-05
ENSG00000187607	6.30218591346398e-05
ENSG00000067066	6.302126996104896e-05
ENSG00000106803	6.301817904296727e-05
ENSG00000157014	6.300992982892701e-05
ENSG00000127586	6.300952232900108e-05
ENSG00000179981	6.298821950145122e-05
ENSG00000171303	6.298351825461884e-05
ENSG00000110777	6.298166532355703e-05
ENSG00000197728	6.296094743258483e-05
ENSG00000124574	6.295512379893474e-05
ENSG00000055163	6.293370830108016e-05
ENSG00000070214	6.293001219899123e-05
ENSG00000101204	6.292704672639069e-05
ENSG00000014138	6.291191274370384e-05
ENSG00000159593	6.29043724021519e-05
ENSG00000128564	6.290098133006735e-05
ENSG00000168830	6.288856628135472e-05
ENSG00000159388	6.288479326018577e-05
ENSG00000126524	6.288157496920596e-05
ENSG00000026297	6.28808783120192e-05
ENSG00000110148	6.287811693752004e-05
ENSG00000166557	6.285456879988454e-05
ENSG00000163577	6.282403083961696e-05
ENSG00000184857	6.282293845865194e-05
ENSG00000067836	6.281744016016421e-05
ENSG00000203786	6.281285769345752e-05
ENSG00000010322	6.279375750618502e-05
ENSG00000135387	6.278709809928817e-05
ENSG00000211890	6.276950793331822e-05
ENSG00000099992	6.276773967706988e-05
ENSG00000059588	6.27672001809177e-05
ENSG00000010295	6.274295517528392e-05
ENSG00000196296	6.272215453851024e-05
ENSG00000160654	6.271787839408535e-05
ENSG00000172123	6.271512505815483e-05
ENSG00000126860	6.269596442366969e-05
ENSG00000134996	6.267027741569225e-05
ENSG00000164733	6.26638145165948e-05
ENSG00000143147	6.266360813553598e-05
ENSG00000102984	6.265955617532755e-05
ENSG00000280831	6.264728719488208e-05
ENSG00000125347	6.264126847708967e-05
ENSG00000184451	6.263495087938627e-05
ENSG00000170374	6.26059692194949e-05
ENSG00000164615	6.260005606058226e-05
ENSG00000203747	6.259853484377653e-05
ENSG00000144579	6.259721052583171e-05
ENSG00000068097	6.253785252390875e-05
ENSG00000170448	6.251583022035523e-05
ENSG00000090659	6.250562880827112e-05
ENSG00000125510	6.249109136302073e-05
ENSG00000060709	6.247990386455045e-05
ENSG00000119535	6.247950306050552e-05
ENSG00000166866	6.245762395091805e-05
ENSG00000178473	6.245029131360021e-05
ENSG00000165795	6.244418606069662e-05
ENSG00000163518	6.244050113484154e-05
ENSG00000164975	6.24288838699769e-05
ENSG00000101327	6.242709224629226e-05
ENSG00000173335	6.242121356296593e-05
ENSG00000273594	6.240571309045083e-05
ENSG00000101391	6.240488899684028e-05
ENSG00000111245	6.238057718599447e-05
ENSG00000099968	6.237593646791356e-05
ENSG00000176953	6.236578519956952e-05
ENSG00000163961	6.236376726967593e-05
ENSG00000065320	6.236133340657323e-05
ENSG00000169180	6.23584147369259e-05
ENSG00000135940	6.235823574724788e-05
ENSG00000135503	6.23083916424741e-05
ENSG00000147164	6.22953590675362e-05
ENSG00000147378	6.228110715028468e-05
ENSG00000182606	6.225269741634021e-05
ENSG00000179776	6.225153048039805e-05
ENSG00000115461	6.224495342864973e-05
ENSG00000137101	6.223558029967775e-05
ENSG00000049323	6.22286053873945e-05
ENSG00000148798	6.222771865606738e-05
ENSG00000141232	6.22219775853274e-05
ENSG00000009790	6.221690302335091e-05
ENSG00000241685	6.221573539642969e-05
ENSG00000124243	6.219950455310052e-05
ENSG00000132002	6.219772935014013e-05
ENSG00000127527	6.219377621184817e-05
ENSG00000100365	6.218795178517312e-05
ENSG00000113722	6.218387852501655e-05
ENSG00000143742	6.215566922819997e-05
ENSG00000013364	6.215386127243434e-05
ENSG00000184402	6.212026024791416e-05
ENSG00000077800	6.210529269943734e-05
ENSG00000278053	6.208842816026909e-05
ENSG00000125820	6.208277950640683e-05
ENSG00000029639	6.207990615964762e-05
ENSG00000156414	6.20710630202179e-05
ENSG00000103507	6.206288679283448e-05
ENSG00000121104	6.206179629521557e-05
ENSG00000221867	6.20584673701721e-05
ENSG00000085511	6.204850924888205e-05
ENSG00000164048	6.204627540683541e-05
ENSG00000138823	6.204560966656202e-05
ENSG00000083812	6.204505188600567e-05
ENSG00000128872	6.20444561088845e-05
ENSG00000129317	6.201819185537054e-05
ENSG00000055957	6.200119386936534e-05
ENSG00000155906	6.198354901145683e-05
ENSG00000172322	6.194920094353891e-05
ENSG00000147257	6.193946642924502e-05
ENSG00000070614	6.19385598252323e-05
ENSG00000157741	6.19159258575817e-05
ENSG00000117528	6.191513722988032e-05
ENSG00000103591	6.189348796224517e-05
ENSG00000164076	6.188835348303534e-05
ENSG00000175582	6.18861902509541e-05
ENSG00000002919	6.187218148845001e-05
ENSG00000184056	6.185476599190144e-05
ENSG00000070159	6.18306205857267e-05
ENSG00000016864	6.180164207854197e-05
ENSG00000185298	6.180065406443851e-05
ENSG00000169550	6.176770904760297e-05
ENSG00000113048	6.174388520776323e-05
ENSG00000130695	6.174242831713612e-05
ENSG00000138185	6.174090948972713e-05
ENSG00000035687	6.173980391722097e-05
ENSG00000100266	6.172753510182272e-05
ENSG00000160712	6.172724769030768e-05
ENSG00000149639	6.172115824765734e-05
ENSG00000072506	6.171242810114908e-05
ENSG00000160949	6.169294438618032e-05
ENSG00000162645	6.163357709199329e-05
ENSG00000119523	6.162910771205544e-05
ENSG00000104812	6.161844930220218e-05
ENSG00000100167	6.161426219375607e-05
ENSG00000115274	6.160465081718326e-05
ENSG00000179915	6.160343688743748e-05
ENSG00000124562	6.160006138852323e-05
ENSG00000140807	6.158974340703725e-05
ENSG00000167987	6.1586044194842e-05
ENSG00000130758	6.157872304843574e-05
ENSG00000164828	6.156462051393565e-05
ENSG00000169221	6.155839621170031e-05
ENSG00000164346	6.15570213311003e-05
ENSG00000161944	6.153715351063418e-05
ENSG00000163736	6.153282105094007e-05
ENSG00000144061	6.152701885588548e-05
ENSG00000234704	6.152647893232824e-05
ENSG00000018625	6.152367483607668e-05
ENSG00000180772	6.151415324389824e-05
ENSG00000049249	6.150206383740137e-05
ENSG00000184845	6.147672016354011e-05
ENSG00000064655	6.145389985781498e-05
ENSG00000171234	6.144830985187168e-05
ENSG00000100678	6.143794034819695e-05
ENSG00000072682	6.141998913519355e-05
ENSG00000065833	6.141911271517391e-05
ENSG00000072694	6.140987766101854e-05
ENSG00000183092	6.136922575237433e-05
ENSG00000154143	6.136854097909338e-05
ENSG00000163519	6.136455766842276e-05
ENSG00000277641	6.135594821100097e-05
ENSG00000186075	6.134507671162494e-05
ENSG00000153064	6.133887405473317e-05
ENSG00000154102	6.131341019782952e-05
ENSG00000156697	6.131262946479009e-05
ENSG00000137474	6.129735011559371e-05
ENSG00000126432	6.127929542844732e-05
ENSG00000066933	6.126985926423496e-05
ENSG00000176170	6.122074984906736e-05
ENSG00000109323	6.120069952614954e-05
ENSG00000131459	6.118271732142757e-05
ENSG00000078043	6.117236373660525e-05
ENSG00000135346	6.11650598992897e-05
ENSG00000115234	6.115390447549151e-05
ENSG00000130305	6.11509030414868e-05
ENSG00000153233	6.114109733858595e-05
ENSG00000261701	6.112538968738084e-05
ENSG00000142149	6.111053127567257e-05
ENSG00000140691	6.110585229404921e-05
ENSG00000117593	6.108211052777787e-05
ENSG00000146374	6.107247519229293e-05
ENSG00000168710	6.10593753560628e-05
ENSG00000159224	6.105452590690586e-05
ENSG00000115386	6.105039735600748e-05
ENSG00000171195	6.104893216275081e-05
ENSG00000145491	6.10436328003649e-05
ENSG00000146250	6.104066704982672e-05
ENSG00000138029	6.1019208907815e-05
ENSG00000150337	6.101357699577784e-05
ENSG00000164972	6.099219258903685e-05
ENSG00000112874	6.09885193720271e-05
ENSG00000136280	6.098335860634729e-05
ENSG00000157978	6.097775669168336e-05
ENSG00000104343	6.0974863577602544e-05
ENSG00000108823	6.096665222624945e-05
ENSG00000135049	6.095726401529338e-05
ENSG00000188493	6.095208316631557e-05
ENSG00000165997	6.0946012570651594e-05
ENSG00000136098	6.090614116433886e-05
ENSG00000129455	6.088263675102042e-05
ENSG00000162630	6.08821954789717e-05
ENSG00000075089	6.088216898254003e-05
ENSG00000156006	6.0872946172996475e-05
ENSG00000138772	6.086024070661726e-05
ENSG00000066084	6.085883746802689e-05
ENSG00000104432	6.085830284619515e-05
ENSG00000006607	6.084156426346008e-05
ENSG00000164576	6.0834802533506535e-05
ENSG00000138246	6.082001764324794e-05
ENSG00000004660	6.081884560347848e-05
ENSG00000197142	6.0815531228322466e-05
ENSG00000173702	6.081535983743776e-05
ENSG00000065000	6.077702885818588e-05
ENSG00000105379	6.0771810126577684e-05
ENSG00000068079	6.0770263212983306e-05
ENSG00000104388	6.075871289152796e-05
ENSG00000268009	6.073654195295491e-05
ENSG00000117877	6.070980343394468e-05
ENSG00000138080	6.068261126876059e-05
ENSG00000164237	6.068221118648828e-05
ENSG00000165169	6.0651755829446915e-05
ENSG00000168916	6.065087487885033e-05
ENSG00000223367	6.063827851794613e-05
ENSG00000101958	6.063569816491719e-05
ENSG00000223510	6.06223317305786e-05
ENSG00000081177	6.056966165491369e-05
ENSG00000138032	6.056699685722622e-05
ENSG00000060656	6.052220456552744e-05
ENSG00000141506	6.051293094092097e-05
ENSG00000105835	6.0511251465785055e-05
ENSG00000137673	6.048336081106765e-05
ENSG00000021762	6.04756081924459e-05
ENSG00000124092	6.046973700066595e-05
ENSG00000159189	6.045410461239283e-05
ENSG00000100014	6.0447606677439655e-05
ENSG00000108309	6.044727057020752e-05
ENSG00000167889	6.044344129067097e-05
ENSG00000166682	6.043211335159604e-05
ENSG00000041353	6.042130784955425e-05
ENSG00000239732	6.0418044183825527e-05
ENSG00000103091	6.041390911875145e-05
ENSG00000135090	6.040028147181487e-05
ENSG00000284238	6.038655426703631e-05
ENSG00000165495	6.038578642302419e-05
ENSG00000160307	6.037802713523404e-05
ENSG00000013503	6.0372144779308555e-05
ENSG00000156925	6.0358200090461446e-05
ENSG00000046774	6.03567060401123e-05
ENSG00000083937	6.033491863305774e-05
ENSG00000033030	6.032456948767403e-05
ENSG00000102195	6.032250942428945e-05
ENSG00000134757	6.0295894734690585e-05
ENSG00000112333	6.028094051666698e-05
ENSG00000155816	6.027983188647901e-05
ENSG00000152127	6.0273948796918335e-05
ENSG00000130300	6.027084218959119e-05
ENSG00000131142	6.026563352187442e-05
ENSG00000204498	6.0263383517032614e-05
ENSG00000074657	6.02628972723986e-05
ENSG00000134575	6.025609655873154e-05
ENSG00000166794	6.02528643854553e-05
ENSG00000282899	6.024445703456252e-05
ENSG00000160194	6.0202898844399665e-05
ENSG00000173198	6.0194261965821655e-05
ENSG00000177674	6.0192560542660075e-05
ENSG00000160072	6.0182573312095695e-05
ENSG00000025708	6.0149224081559246e-05
ENSG00000198301	6.014076671689875e-05
ENSG00000102738	6.013056543585925e-05
ENSG00000206073	6.0127257718349335e-05
ENSG00000163281	6.011246964180635e-05
ENSG00000126243	6.011242758750965e-05
ENSG00000164610	6.0097009904210363e-05
ENSG00000162065	6.009475042436702e-05
ENSG00000177575	6.008797873316492e-05
ENSG00000138769	6.006519757453188e-05
ENSG00000066056	6.006389157584781e-05
ENSG00000123473	6.005653903380027e-05
ENSG00000110693	6.003296752100701e-05
ENSG00000171132	6.002341354781105e-05
ENSG00000092094	5.9970119900758684e-05
ENSG00000151327	5.9952416420846886e-05
ENSG00000196632	5.994678703008993e-05
ENSG00000178093	5.994158551653669e-05
ENSG00000166887	5.992491006402233e-05
ENSG00000288210	5.991099308830026e-05
ENSG00000104907	5.9909289426470195e-05
ENSG00000117407	5.990318747171624e-05
ENSG00000188021	5.989980772607074e-05
ENSG00000273514	5.989920424675698e-05
ENSG00000121653	5.9888567369526876e-05
ENSG00000068383	5.9876097579219316e-05
ENSG00000160785	5.9872598300535666e-05
ENSG00000163104	5.986603994062767e-05
ENSG00000146469	5.9855265540429775e-05
ENSG00000150394	5.9852452759638214e-05
ENSG00000077380	5.98430013997992e-05
ENSG00000168269	5.983827971737173e-05
ENSG00000163357	5.981715872521247e-05
ENSG00000148690	5.980166214710699e-05
ENSG00000105877	5.9797647098537294e-05
ENSG00000167083	5.9786297369185516e-05
ENSG00000147224	5.977566191281259e-05
ENSG00000184661	5.976075007739015e-05
ENSG00000066135	5.974386540110799e-05
ENSG00000105664	5.973939905520221e-05
ENSG00000274391	5.9737548626229123e-05
ENSG00000114805	5.973455997432915e-05
ENSG00000089820	5.970646033040014e-05
ENSG00000183617	5.9688018786422086e-05
ENSG00000137270	5.96710792577193e-05
ENSG00000132872	5.9668600528939346e-05
ENSG00000100490	5.9661869473560875e-05
ENSG00000187961	5.965728542895342e-05
ENSG00000180304	5.9652892463775554e-05
ENSG00000115947	5.963440034996717e-05
ENSG00000069345	5.962062839707175e-05
ENSG00000157557	5.961623296427941e-05
ENSG00000184162	5.961033271451926e-05
ENSG00000205903	5.96037674821584e-05
ENSG00000100139	5.9590453640498826e-05
ENSG00000184113	5.955862906090494e-05
ENSG00000183763	5.955222404492871e-05
ENSG00000143198	5.9549690621775224e-05
ENSG00000129518	5.9532103091519525e-05
ENSG00000168542	5.951242739547631e-05
ENSG00000138759	5.950068983089504e-05
ENSG00000168096	5.9487796605502416e-05
ENSG00000213809	5.947447069505173e-05
ENSG00000112855	5.9467317969953385e-05
ENSG00000197535	5.945129738414972e-05
ENSG00000139211	5.9432071208403495e-05
ENSG00000172023	5.9428060018940895e-05
ENSG00000106400	5.941601945720931e-05
ENSG00000266173	5.94128586417525e-05
ENSG00000204103	5.941278846897522e-05
ENSG00000149179	5.940986527854335e-05
ENSG00000169967	5.940642811688259e-05
ENSG00000112200	5.9388702282178586e-05
ENSG00000126107	5.9385471639167176e-05
ENSG00000174938	5.938506167551955e-05
ENSG00000120802	5.937102741199658e-05
ENSG00000157514	5.936825865220452e-05
ENSG00000120533	5.935824127886113e-05
ENSG00000080823	5.935703237928448e-05
ENSG00000119711	5.935108212983917e-05
ENSG00000100246	5.934490350553731e-05
ENSG00000135047	5.933098738622507e-05
ENSG00000146592	5.932840619662491e-05
ENSG00000114331	5.932482187695511e-05
ENSG00000288461	5.9318272955456255e-05
ENSG00000169635	5.931408269094415e-05
ENSG00000114744	5.925738066653933e-05
ENSG00000284916	5.9251758280738214e-05
ENSG00000261371	5.924472712607694e-05
ENSG00000168067	5.921177124844685e-05
ENSG00000181467	5.918265154524511e-05
ENSG00000134343	5.915584272757714e-05
ENSG00000103051	5.91512611536766e-05
ENSG00000136827	5.914413748073897e-05
ENSG00000135709	5.913732913798836e-05
ENSG00000110934	5.912767316711168e-05
ENSG00000179958	5.911162678640424e-05
ENSG00000241258	5.90929868322236e-05
ENSG00000237190	5.9092491062128524e-05
ENSG00000175087	5.9075091332251453e-05
ENSG00000184226	5.9071330991319135e-05
ENSG00000169884	5.904109337150723e-05
ENSG00000172037	5.903953289558255e-05
ENSG00000105675	5.903388680545743e-05
ENSG00000163507	5.9030642603016564e-05
ENSG00000174579	5.902470416766937e-05
ENSG00000057593	5.901931182756295e-05
ENSG00000093167	5.89834750773204e-05
ENSG00000168490	5.896677039181627e-05
ENSG00000172590	5.895641715185033e-05
ENSG00000146216	5.89530208767436e-05
ENSG00000121766	5.895281564583615e-05
ENSG00000205413	5.8948927877020076e-05
ENSG00000148334	5.892122582710841e-05
ENSG00000174963	5.891896086126105e-05
ENSG00000124120	5.8917867768958956e-05
ENSG00000106367	5.891670364221749e-05
ENSG00000174840	5.889977959739241e-05
ENSG00000133878	5.8894360757555037e-05
ENSG00000196338	5.8877236551356505e-05
ENSG00000180318	5.887462626655261e-05
ENSG00000176915	5.887191534050795e-05
ENSG00000022840	5.8868820124159745e-05
ENSG00000136040	5.886802777130711e-05
ENSG00000188554	5.885842823976433e-05
ENSG00000172795	5.885827274686319e-05
ENSG00000124608	5.8852471089682866e-05
ENSG00000129221	5.8847806768329796e-05
ENSG00000104853	5.8842579655093005e-05
ENSG00000101294	5.883504728142711e-05
ENSG00000017483	5.882185748173627e-05
ENSG00000143314	5.8800291597976315e-05
ENSG00000134504	5.879798349549066e-05
ENSG00000141655	5.879520109764674e-05
ENSG00000187147	5.8782619211130207e-05
ENSG00000064199	5.8775560162769935e-05
ENSG00000140022	5.877377817411044e-05
ENSG00000113600	5.877275977494738e-05
ENSG00000122965	5.876910981483364e-05
ENSG00000283681	5.875997932721461e-05
ENSG00000111305	5.875353739704886e-05
ENSG00000198108	5.874693381530933e-05
ENSG00000096093	5.873568377104534e-05
ENSG00000150054	5.87218113380391e-05
ENSG00000237344	5.871730771037515e-05
ENSG00000128346	5.870924390062384e-05
ENSG00000135924	5.870787056977931e-05
ENSG00000146828	5.869179276682719e-05
ENSG00000152583	5.869021320971277e-05
ENSG00000100373	5.8688292729099876e-05
ENSG00000204946	5.868819392957061e-05
ENSG00000203710	5.864512379380036e-05
ENSG00000122966	5.864456213789567e-05
ENSG00000132670	5.864316177755999e-05
ENSG00000213551	5.863997135423592e-05
ENSG00000100842	5.8633509417595596e-05
ENSG00000023330	5.862790417854275e-05
ENSG00000157927	5.8618139207527464e-05
ENSG00000131475	5.860390984636309e-05
ENSG00000085377	5.860260936080384e-05
ENSG00000136155	5.859001483197293e-05
ENSG00000154914	5.857558654552007e-05
ENSG00000161970	5.856916552787319e-05
ENSG00000128886	5.856011563185107e-05
ENSG00000197345	5.8536361837157415e-05
ENSG00000107897	5.852865845507538e-05
ENSG00000104976	5.8528038600910214e-05
ENSG00000054983	5.850126165629055e-05
ENSG00000161654	5.850032151104164e-05
ENSG00000100448	5.8483534135843684e-05
ENSG00000188015	5.847989915722336e-05
ENSG00000172667	5.843214011740409e-05
ENSG00000154222	5.842341519968931e-05
ENSG00000075618	5.8398146073879615e-05
ENSG00000158623	5.838727059379161e-05
ENSG00000160182	5.838074720406132e-05
ENSG00000188153	5.837477437890608e-05
ENSG00000116679	5.834866779727144e-05
ENSG00000172594	5.832896092276956e-05
ENSG00000124507	5.829973208634997e-05
ENSG00000116141	5.8281377402316877e-05
ENSG00000189221	5.8273684134612536e-05
ENSG00000127663	5.826994697604319e-05
ENSG00000170310	5.824765977477613e-05
ENSG00000108588	5.81881753760423e-05
ENSG00000143333	5.81734629607947e-05
ENSG00000106617	5.8165511652878495e-05
ENSG00000197471	5.8164750511287985e-05
ENSG00000095203	5.81567644694437e-05
ENSG00000196664	5.815031873362991e-05
ENSG00000137463	5.814985235920187e-05
ENSG00000120451	5.813579152785023e-05
ENSG00000110958	5.811087082029868e-05
ENSG00000130348	5.810808648863148e-05
ENSG00000188613	5.810312625343083e-05
ENSG00000117519	5.8099010976545655e-05
ENSG00000132300	5.809120326339677e-05
ENSG00000206072	5.808929483768536e-05
ENSG00000110442	5.80868897185197e-05
ENSG00000196139	5.8084355197372866e-05
ENSG00000175305	5.8076451431237326e-05
ENSG00000105679	5.806272658257186e-05
ENSG00000281277	5.8060305674378004e-05
ENSG00000114120	5.805110467272322e-05
ENSG00000143546	5.804961522249477e-05
ENSG00000136933	5.804055405199575e-05
ENSG00000120669	5.802406637306188e-05
ENSG00000157884	5.8022142687685026e-05
ENSG00000163606	5.8015474019021916e-05
ENSG00000168939	5.800745856859685e-05
ENSG00000100290	5.8001388715112706e-05
ENSG00000170465	5.799770621381443e-05
ENSG00000077935	5.7993530966356154e-05
ENSG00000103187	5.799240499930915e-05
ENSG00000171119	5.799179554345066e-05
ENSG00000103152	5.798621356859742e-05
ENSG00000135077	5.79566671844036e-05
ENSG00000019186	5.795326790137405e-05
ENSG00000101882	5.7949355655700654e-05
ENSG00000151914	5.7947946082786704e-05
ENSG00000112685	5.79328436321977e-05
ENSG00000123364	5.7925304037527595e-05
ENSG00000170684	5.791874711786005e-05
ENSG00000169683	5.7916352440021096e-05
ENSG00000128422	5.790679761307055e-05
ENSG00000173272	5.7892808728245e-05
ENSG00000180660	5.7868887123795785e-05
ENSG00000106066	5.7859535010594254e-05
ENSG00000181541	5.785817629150684e-05
ENSG00000132182	5.784531765046228e-05
ENSG00000143369	5.7843213246731086e-05
ENSG00000144535	5.781801555936908e-05
ENSG00000196411	5.780970939577446e-05
ENSG00000179119	5.780591558149286e-05
ENSG00000165209	5.7805207664528124e-05
ENSG00000043355	5.779802845823083e-05
ENSG00000135404	5.776888290114652e-05
ENSG00000009950	5.7767485176726246e-05
ENSG00000153815	5.775974458225085e-05
ENSG00000105819	5.775095565523456e-05
ENSG00000101152	5.774675466937124e-05
ENSG00000144746	5.774469019986066e-05
ENSG00000127554	5.772945504013244e-05
ENSG00000047188	5.7718042313994565e-05
ENSG00000126259	5.771475294138175e-05
ENSG00000148356	5.771444152224948e-05
ENSG00000161798	5.7697522936941105e-05
ENSG00000123191	5.767363706149311e-05
ENSG00000204991	5.766965743509586e-05
ENSG00000085382	5.7658867243304306e-05
ENSG00000126254	5.7637162717784705e-05
ENSG00000249471	5.762749724132308e-05
ENSG00000103351	5.762609582716834e-05
ENSG00000148680	5.762303807768407e-05
ENSG00000131067	5.762273688476206e-05
ENSG00000101246	5.761351095540078e-05
ENSG00000213445	5.7595312955722474e-05
ENSG00000184979	5.7586351746095894e-05
ENSG00000145920	5.758527852907117e-05
ENSG00000106633	5.757985926474488e-05
ENSG00000132965	5.757081607574775e-05
ENSG00000166261	5.756866658779082e-05
ENSG00000169223	5.7552853653055417e-05
ENSG00000109911	5.75337581364178e-05
ENSG00000138078	5.752232480269007e-05
ENSG00000120519	5.7519903065234764e-05
ENSG00000153283	5.751671140029261e-05
ENSG00000114423	5.7507860661553856e-05
ENSG00000167635	5.750530253922239e-05
ENSG00000149782	5.750284928211024e-05
ENSG00000184613	5.7497652488296895e-05
ENSG00000144485	5.7496874354097554e-05
ENSG00000157429	5.7456525538947145e-05
ENSG00000151079	5.7453781702918115e-05
ENSG00000120699	5.745221219321398e-05
ENSG00000183117	5.744104400993635e-05
ENSG00000116459	5.743747945762316e-05
ENSG00000004939	5.74273031866708e-05
ENSG00000164023	5.742563659860617e-05
ENSG00000213949	5.740394414305596e-05
ENSG00000165973	5.739254906516206e-05
ENSG00000154096	5.737662007523473e-05
ENSG00000167981	5.7374990418863117e-05
ENSG00000109099	5.736990873398934e-05
ENSG00000165661	5.736881901914937e-05
ENSG00000188229	5.735600083229435e-05
ENSG00000240505	5.735412789831044e-05
ENSG00000160201	5.73534998104544e-05
ENSG00000059728	5.7349494582048834e-05
ENSG00000159228	5.734614685490209e-05
ENSG00000276262	5.73432196336502e-05
ENSG00000112964	5.730540094318111e-05
ENSG00000165355	5.729906424282282e-05
ENSG00000108830	5.729586156478592e-05
ENSG00000135336	5.729345627613023e-05
ENSG00000089199	5.7272719231716546e-05
ENSG00000124535	5.72677061161513e-05
ENSG00000128602	5.7260685773032074e-05
ENSG00000158106	5.725952767166391e-05
ENSG00000089012	5.723639906369439e-05
ENSG00000171488	5.7235728992042096e-05
ENSG00000145362	5.721902352613763e-05
ENSG00000198836	5.721138496011494e-05
ENSG00000130787	5.72101745591054e-05
ENSG00000125304	5.7195107386716446e-05
ENSG00000256525	5.716551165400317e-05
ENSG00000121931	5.7157613708443075e-05
ENSG00000106948	5.714788519995954e-05
ENSG00000170122	5.7121493598117936e-05
ENSG00000196090	5.708473831682781e-05
ENSG00000141759	5.707955833307651e-05
ENSG00000122679	5.707533157009728e-05
ENSG00000171853	5.705244957611011e-05
ENSG00000135686	5.704588020624528e-05
ENSG00000102531	5.703880054810512e-05
ENSG00000123338	5.7033007489670214e-05
ENSG00000006071	5.702111009535973e-05
ENSG00000140557	5.701459248935458e-05
ENSG00000169129	5.700656247702311e-05
ENSG00000126775	5.699812129490882e-05
ENSG00000100055	5.6970461881482224e-05
ENSG00000136521	5.69556189090609e-05
ENSG00000101557	5.6953143384050606e-05
ENSG00000130164	5.693364543053854e-05
ENSG00000006715	5.6897515145776244e-05
ENSG00000170421	5.689617801245013e-05
ENSG00000081019	5.6876340763740314e-05
ENSG00000130234	5.6873631226854466e-05
ENSG00000166206	5.6865219517088e-05
ENSG00000144040	5.685143312741184e-05
ENSG00000119638	5.684985608713809e-05
ENSG00000091181	5.683622715482957e-05
ENSG00000120129	5.683333270125817e-05
ENSG00000153395	5.682570960133504e-05
ENSG00000169951	5.681216188942266e-05
ENSG00000149541	5.680961786611771e-05
ENSG00000079385	5.6795650276979115e-05
ENSG00000085433	5.6788902222346176e-05
ENSG00000168769	5.677276601015726e-05
ENSG00000182117	5.672911494721481e-05
ENSG00000081087	5.672573980407597e-05
ENSG00000187840	5.6720113698359564e-05
ENSG00000090863	5.669517834169922e-05
ENSG00000151465	5.668636624538306e-05
ENSG00000213339	5.667888666595826e-05
ENSG00000112320	5.6675504213098176e-05
ENSG00000141385	5.666335995450826e-05
ENSG00000143536	5.665800926813525e-05
ENSG00000173113	5.664741127162692e-05
ENSG00000146197	5.6623563039043574e-05
ENSG00000154059	5.659809576164553e-05
ENSG00000154813	5.659180698324784e-05
ENSG00000142207	5.658293249834245e-05
ENSG00000121957	5.657785796885452e-05
ENSG00000272636	5.657256039365793e-05
ENSG00000155975	5.656080020527511e-05
ENSG00000111231	5.656061501348619e-05
ENSG00000196092	5.655540185997115e-05
ENSG00000184828	5.654035442433163e-05
ENSG00000259384	5.653919487104024e-05
ENSG00000105369	5.652516126478245e-05
ENSG00000171557	5.651109366004713e-05
ENSG00000244687	5.6504779094457974e-05
ENSG00000120833	5.650189705959919e-05
ENSG00000172461	5.650009459463888e-05
ENSG00000170734	5.647090748296165e-05
ENSG00000103043	5.644730009299407e-05
ENSG00000172500	5.643210692232594e-05
ENSG00000117525	5.642550430801926e-05
ENSG00000105722	5.6423049717456516e-05
ENSG00000240682	5.640388322490512e-05
ENSG00000124831	5.6401791459645005e-05
ENSG00000126838	5.638406939038251e-05
ENSG00000176410	5.6376397621135796e-05
ENSG00000196754	5.637173561830112e-05
ENSG00000106052	5.6367114372000644e-05
ENSG00000115541	5.6345451156225676e-05
ENSG00000013561	5.63237644224271e-05
ENSG00000118496	5.6289267919992164e-05
ENSG00000122779	5.628522791779203e-05
ENSG00000156928	5.62723372564661e-05
ENSG00000085449	5.6245562132239975e-05
ENSG00000198610	5.6235843649206585e-05
ENSG00000170819	5.6235703502180426e-05
ENSG00000159592	5.623120182576107e-05
ENSG00000196683	5.6210871445388844e-05
ENSG00000189043	5.621025146761262e-05
ENSG00000133056	5.620081572251623e-05
ENSG00000186480	5.618236141258473e-05
ENSG00000116514	5.6180599337316485e-05
ENSG00000168000	5.617065736353816e-05
ENSG00000105983	5.615655193280234e-05
ENSG00000172890	5.6151757808659437e-05
ENSG00000080802	5.613780491398838e-05
ENSG00000112130	5.612537677001038e-05
ENSG00000137692	5.611575798932726e-05
ENSG00000174130	5.609629394292139e-05
ENSG00000185736	5.60922156808763e-05
ENSG00000143476	5.6090875159720666e-05
ENSG00000175756	5.606062076481611e-05
ENSG00000131746	5.60593614777989e-05
ENSG00000178078	5.6027445925132185e-05
ENSG00000143224	5.6012618303150126e-05
ENSG00000156284	5.5998996732382985e-05
ENSG00000040341	5.599349689521904e-05
ENSG00000142230	5.597541819553608e-05
ENSG00000162604	5.59745095330023e-05
ENSG00000059378	5.596793021946543e-05
ENSG00000186787	5.5951789450096095e-05
ENSG00000182154	5.593363451130147e-05
ENSG00000106993	5.590726181416186e-05
ENSG00000178150	5.590546177870868e-05
ENSG00000185104	5.5901929672363166e-05
ENSG00000173110	5.589582942727586e-05
ENSG00000065618	5.5892009929567964e-05
ENSG00000028839	5.58777295960296e-05
ENSG00000147684	5.585791303289351e-05
ENSG00000163013	5.585592749007359e-05
ENSG00000206538	5.58497104155918e-05
ENSG00000198160	5.5847481352273676e-05
ENSG00000262634	5.58407968135742e-05
ENSG00000053254	5.58252102076578e-05
ENSG00000049449	5.577499346460808e-05
ENSG00000157216	5.576841923820036e-05
ENSG00000153113	5.5762009427676514e-05
ENSG00000102468	5.5752593240566145e-05
ENSG00000203972	5.572604626313062e-05
ENSG00000124575	5.572228260876033e-05
ENSG00000173163	5.571616556612728e-05
ENSG00000124226	5.571609396990412e-05
ENSG00000178057	5.570904500974298e-05
ENSG00000163902	5.5701620844512764e-05
ENSG00000127452	5.567469709685942e-05
ENSG00000127561	5.5660715941226645e-05
ENSG00000114767	5.56524905674123e-05
ENSG00000118804	5.564916870960754e-05
ENSG00000021852	5.564083166864082e-05
ENSG00000111783	5.563918044585355e-05
ENSG00000198843	5.563838741288177e-05
ENSG00000127948	5.561962663935087e-05
ENSG00000277443	5.560900551683772e-05
ENSG00000121552	5.560659800865196e-05
ENSG00000206562	5.560208364594571e-05
ENSG00000077279	5.559892629371638e-05
ENSG00000171314	5.5597967262525273e-05
ENSG00000109063	5.5597655839912214e-05
ENSG00000103160	5.5580503171202275e-05
ENSG00000132746	5.5575365537718816e-05
ENSG00000134183	5.5574406594872354e-05
ENSG00000125910	5.5572555499916075e-05
ENSG00000135821	5.556857857967125e-05
ENSG00000107742	5.555654254946776e-05
ENSG00000196353	5.555524533165235e-05
ENSG00000241563	5.555242648330825e-05
ENSG00000211460	5.5546913220521725e-05
ENSG00000260428	5.554006056810711e-05
ENSG00000101115	5.553652092728481e-05
ENSG00000172403	5.551001207600867e-05
ENSG00000162373	5.5493623557115155e-05
ENSG00000181847	5.546872556098357e-05
ENSG00000198431	5.546277797426031e-05
ENSG00000112679	5.546258780781512e-05
ENSG00000139620	5.546117728587788e-05
ENSG00000105426	5.5458748750795154e-05
ENSG00000274205	5.543406550532743e-05
ENSG00000185002	5.542795747710545e-05
ENSG00000138758	5.540987184998259e-05
ENSG00000148187	5.540492292895077e-05
ENSG00000173905	5.5397937700380036e-05
ENSG00000126088	5.539671717061384e-05
ENSG00000010030	5.538289965450386e-05
ENSG00000151413	5.5381113227079165e-05
ENSG00000102547	5.5367742125545045e-05
ENSG00000129562	5.536753705432282e-05
ENSG00000120805	5.534218464044826e-05
ENSG00000113296	5.534214071019608e-05
ENSG00000132591	5.5302781208334845e-05
ENSG00000100749	5.529148086010283e-05
ENSG00000198074	5.5255623951817316e-05
ENSG00000105849	5.525102025124408e-05
ENSG00000168081	5.5246973734120475e-05
ENSG00000110244	5.524072863045533e-05
ENSG00000116752	5.523677615535494e-05
ENSG00000138834	5.520426049734801e-05
ENSG00000152049	5.519026745629529e-05
ENSG00000143194	5.5189633798824265e-05
ENSG00000162747	5.518960054806507e-05
ENSG00000167778	5.5186565940823315e-05
ENSG00000129003	5.5162982797190856e-05
ENSG00000111713	5.5128231852802004e-05
ENSG00000116731	5.512456380467864e-05
ENSG00000144021	5.511387356771136e-05
ENSG00000125812	5.511387287331086e-05
ENSG00000146701	5.511270686920029e-05
ENSG00000181754	5.510315933741246e-05
ENSG00000138964	5.509298307895008e-05
ENSG00000131969	5.5064971955965846e-05
ENSG00000141639	5.505541115884053e-05
ENSG00000126458	5.5052607938621185e-05
ENSG00000183291	5.5050557760635824e-05
ENSG00000188690	5.504824770676699e-05
ENSG00000125844	5.5042313030019094e-05
ENSG00000131187	5.501312620641965e-05
ENSG00000048740	5.498725157459572e-05
ENSG00000130829	5.498523032245625e-05
ENSG00000101200	5.498506993110912e-05
ENSG00000150779	5.49806234948481e-05
ENSG00000134242	5.497902783852437e-05
ENSG00000131400	5.4938433082251906e-05
ENSG00000182923	5.493703816260518e-05
ENSG00000171262	5.493180139963529e-05
ENSG00000088367	5.490976668602375e-05
ENSG00000144893	5.490324691597478e-05
ENSG00000184672	5.487743490538488e-05
ENSG00000174177	5.48749997481836e-05
ENSG00000151532	5.483878303163145e-05
ENSG00000063241	5.4798847924484125e-05
ENSG00000172867	5.478526930276417e-05
ENSG00000122591	5.4782651660770184e-05
ENSG00000112701	5.4752742742143777e-05
ENSG00000088179	5.4744470539422174e-05
ENSG00000151498	5.4719371962842054e-05
ENSG00000160961	5.469737768869142e-05
ENSG00000110218	5.46893752501499e-05
ENSG00000176454	5.468597930313419e-05
ENSG00000137077	5.463814658455211e-05
ENSG00000172244	5.461149533455207e-05
ENSG00000104671	5.4599274921426814e-05
ENSG00000062194	5.4584232390351806e-05
ENSG00000088682	5.4563604213005637e-05
ENSG00000050438	5.45574380938183e-05
ENSG00000167113	5.4552126673147654e-05
ENSG00000187164	5.454995687405744e-05
ENSG00000169194	5.454340392166993e-05
ENSG00000164463	5.4533600361385166e-05
ENSG00000174748	5.451986906525869e-05
ENSG00000156009	5.451172364413886e-05
ENSG00000214078	5.4501466662839094e-05
ENSG00000137710	5.449624890081962e-05
ENSG00000058453	5.4485656562898326e-05
ENSG00000121057	5.4464339459435176e-05
ENSG00000023318	5.4463306107859055e-05
ENSG00000023839	5.4451039255643045e-05
ENSG00000173511	5.4443002819422444e-05
ENSG00000186272	5.444293415254605e-05
ENSG00000079974	5.4441885299757076e-05
ENSG00000186847	5.4440745627423974e-05
ENSG00000116754	5.4435628692322685e-05
ENSG00000166483	5.441836193225394e-05
ENSG00000002834	5.441711903263139e-05
ENSG00000078053	5.441413259291474e-05
ENSG00000110025	5.4398466561246414e-05
ENSG00000185567	5.439064931320455e-05
ENSG00000171109	5.4385450983796696e-05
ENSG00000080493	5.438493183132637e-05
ENSG00000075131	5.438032076466426e-05
ENSG00000064547	5.4378834107284205e-05
ENSG00000120324	5.436256147766488e-05
ENSG00000138684	5.434590332628317e-05
ENSG00000160049	5.4339104891475154e-05
ENSG00000100023	5.433316732378153e-05
ENSG00000197563	5.432846184416022e-05
ENSG00000078401	5.431613146009405e-05
ENSG00000134262	5.431336090880256e-05
ENSG00000185291	5.4312172988558975e-05
ENSG00000146457	5.4295359161452506e-05
ENSG00000138617	5.429391798947096e-05
ENSG00000132792	5.4288051823232127e-05
ENSG00000168890	5.426964893376365e-05
ENSG00000123560	5.423936780725938e-05
ENSG00000148908	5.4207544368310084e-05
ENSG00000276072	5.420395994156902e-05
ENSG00000123684	5.4200755082434935e-05
ENSG00000111602	5.417354169511493e-05
ENSG00000166411	5.417024333350019e-05
ENSG00000187626	5.4152131524172005e-05
ENSG00000141527	5.414934916345199e-05
ENSG00000109832	5.4144591114815965e-05
ENSG00000054611	5.4143888155632616e-05
ENSG00000125746	5.41361556991423e-05
ENSG00000163931	5.41243220920046e-05
ENSG00000162551	5.4121353692818203e-05
ENSG00000203668	5.4114522488622664e-05
ENSG00000185885	5.4097244358173494e-05
ENSG00000076826	5.409288416140147e-05
ENSG00000134184	5.4087975037185674e-05
ENSG00000163516	5.408092046828865e-05
ENSG00000170836	5.407672978639193e-05
ENSG00000122335	5.4072766711992364e-05
ENSG00000132874	5.406805034736967e-05
ENSG00000111877	5.4066996877500334e-05
ENSG00000149124	5.404664771030251e-05
ENSG00000004455	5.404242645946774e-05
ENSG00000134255	5.4030454067429e-05
ENSG00000184867	5.4017286554984055e-05
ENSG00000125834	5.400525275839137e-05
ENSG00000078399	5.4001750140307476e-05
ENSG00000126759	5.399705112996572e-05
ENSG00000285493	5.3997039853718055e-05
ENSG00000112038	5.398622048546239e-05
ENSG00000179021	5.3974037677725396e-05
ENSG00000149016	5.39646276789263e-05
ENSG00000081014	5.396213126886023e-05
ENSG00000139625	5.3914270516044345e-05
ENSG00000033178	5.39097575900384e-05
ENSG00000144749	5.390937025118212e-05
ENSG00000140332	5.390396765981262e-05
ENSG00000015475	5.387906320225828e-05
ENSG00000182199	5.387422591136547e-05
ENSG00000182134	5.386991451556429e-05
ENSG00000081923	5.3852034629675394e-05
ENSG00000155961	5.385048584901327e-05
ENSG00000169021	5.384528178757428e-05
ENSG00000112486	5.3844468173731684e-05
ENSG00000143376	5.384175679301169e-05
ENSG00000100220	5.381817554829917e-05
ENSG00000197714	5.3809800040088376e-05
ENSG00000196371	5.3798379762029714e-05
ENSG00000168118	5.379252072504911e-05
ENSG00000033050	5.37798156776556e-05
ENSG00000143815	5.3759523616894545e-05
ENSG00000152661	5.3755904161507e-05
ENSG00000101347	5.3754165180632695e-05
ENSG00000184277	5.3751993080938895e-05
ENSG00000182022	5.3718057401819805e-05
ENSG00000135390	5.368091675373987e-05
ENSG00000166974	5.367823715446414e-05
ENSG00000099617	5.367546433303971e-05
ENSG00000102158	5.367211676343835e-05
ENSG00000158747	5.366704656224528e-05
ENSG00000135116	5.365546714103987e-05
ENSG00000172172	5.364934108723374e-05
ENSG00000022267	5.3635365635716796e-05
ENSG00000159069	5.361676996832411e-05
ENSG00000182325	5.361590248984998e-05
ENSG00000103966	5.361138592921614e-05
ENSG00000167208	5.36095656466679e-05
ENSG00000106355	5.358923606254997e-05
ENSG00000106628	5.3588816978481274e-05
ENSG00000134812	5.35518695083727e-05
ENSG00000154016	5.355163792177951e-05
ENSG00000134247	5.3551357780952654e-05
ENSG00000129910	5.35437608312867e-05
ENSG00000136718	5.3522919044564044e-05
ENSG00000111237	5.3514945262801894e-05
ENSG00000115084	5.351348344500655e-05
ENSG00000136802	5.3508613950059455e-05
ENSG00000164896	5.350764771548186e-05
ENSG00000116133	5.350199002059272e-05
ENSG00000119820	5.349878286141177e-05
ENSG00000122877	5.349481815750298e-05
ENSG00000163600	5.348809996978829e-05
ENSG00000167286	5.34739199585328e-05
ENSG00000167565	5.346290913587911e-05
ENSG00000106012	5.3438057025720076e-05
ENSG00000143851	5.342666169426493e-05
ENSG00000124217	5.341033035530857e-05
ENSG00000141198	5.339901857246137e-05
ENSG00000120896	5.3391824869373257e-05
ENSG00000171462	5.3390576491943405e-05
ENSG00000164022	5.3387715171975815e-05
ENSG00000113569	5.338312805729025e-05
ENSG00000012124	5.338018552393488e-05
ENSG00000135597	5.337147760686945e-05
ENSG00000160193	5.3365196610663664e-05
ENSG00000027644	5.336418908868843e-05
ENSG00000188157	5.3353639075900275e-05
ENSG00000257315	5.335217634839541e-05
ENSG00000165953	5.334875300971402e-05
ENSG00000145708	5.3320484304425066e-05
ENSG00000115267	5.331635138247359e-05
ENSG00000158828	5.3313435247857594e-05
ENSG00000163485	5.33122711101398e-05
ENSG00000138696	5.330606620357641e-05
ENSG00000181915	5.330535709598984e-05
ENSG00000135413	5.329585914061394e-05
ENSG00000162374	5.326702090919816e-05
ENSG00000165474	5.326143922248746e-05
ENSG00000152910	5.325487687578859e-05
ENSG00000182687	5.324980214094931e-05
ENSG00000121236	5.3236453860725474e-05
ENSG00000282633	5.322913640743812e-05
ENSG00000130414	5.322316932955251e-05
ENSG00000198722	5.3212761666531364e-05
ENSG00000183087	5.3201670977601694e-05
ENSG00000275434	5.3173170156452866e-05
ENSG00000137834	5.3170756030306624e-05
ENSG00000135540	5.315320117339936e-05
ENSG00000170801	5.313740238613593e-05
ENSG00000146285	5.312511936062988e-05
ENSG00000128016	5.310039868064397e-05
ENSG00000198785	5.308044399099161e-05
ENSG00000101255	5.306938911360098e-05
ENSG00000131370	5.305318896789777e-05
ENSG00000123104	5.304854160343998e-05
ENSG00000135441	5.303881312936172e-05
ENSG00000169018	5.303760453815707e-05
ENSG00000172794	5.303474683642829e-05
ENSG00000123106	5.302035107707001e-05
ENSG00000168447	5.30195475554032e-05
ENSG00000110436	5.301679732440005e-05
ENSG00000170917	5.298829836955229e-05
ENSG00000138660	5.297659612455492e-05
ENSG00000132970	5.296436241538048e-05
ENSG00000140044	5.2959027679588424e-05
ENSG00000168267	5.295669570989889e-05
ENSG00000165512	5.295274803176355e-05
ENSG00000120659	5.294197215666502e-05
ENSG00000160753	5.2927829808643176e-05
ENSG00000188566	5.2913928192870444e-05
ENSG00000095752	5.291165070059682e-05
ENSG00000182492	5.290935143030163e-05
ENSG00000073734	5.289411418264896e-05
ENSG00000187033	5.288632636198672e-05
ENSG00000105668	5.2874817800892796e-05
ENSG00000106868	5.2872539086642776e-05
ENSG00000106305	5.28682947719788e-05
ENSG00000139044	5.285728215600943e-05
ENSG00000131873	5.284330153560707e-05
ENSG00000183520	5.284254283763438e-05
ENSG00000215704	5.28251360343016e-05
ENSG00000160219	5.2820092676072456e-05
ENSG00000185088	5.281376420009929e-05
ENSG00000151640	5.2793697803104315e-05
ENSG00000104327	5.277687568928312e-05
ENSG00000142765	5.277128227844291e-05
ENSG00000167476	5.2759377673159274e-05
ENSG00000157911	5.2743981145414696e-05
ENSG00000126353	5.272865347405773e-05
ENSG00000133106	5.272442843158507e-05
ENSG00000114487	5.272416538372022e-05
ENSG00000087502	5.2723222897026855e-05
ENSG00000171385	5.271728633876303e-05
ENSG00000089006	5.26842781968153e-05
ENSG00000134480	5.265190897932662e-05
ENSG00000188624	5.2649117299517915e-05
ENSG00000113456	5.263463477826886e-05
ENSG00000163273	5.2619762428868546e-05
ENSG00000070778	5.2607981268462346e-05
ENSG00000077585	5.260260587726061e-05
ENSG00000158050	5.258467989657272e-05
ENSG00000170577	5.2579468104433985e-05
ENSG00000114026	5.257698921007382e-05
ENSG00000188807	5.255693816665757e-05
ENSG00000136908	5.2548255847871134e-05
ENSG00000171425	5.254819444163979e-05
ENSG00000186832	5.252301542191231e-05
ENSG00000149499	5.251471339055221e-05
ENSG00000230624	5.249949871933973e-05
ENSG00000132671	5.2493310308423455e-05
ENSG00000102924	5.248984203122998e-05
ENSG00000049246	5.247993299518041e-05
ENSG00000115514	5.2477781669615895e-05
ENSG00000185008	5.247308054036281e-05
ENSG00000144843	5.24599748917851e-05
ENSG00000110799	5.2451454845987504e-05
ENSG00000152102	5.244407298359836e-05
ENSG00000149212	5.244143156977908e-05
ENSG00000070190	5.24366513605532e-05
ENSG00000149970	5.243060585047731e-05
ENSG00000247077	5.2426647886285375e-05
ENSG00000012171	5.241550228525682e-05
ENSG00000186081	5.2414712555800486e-05
ENSG00000106080	5.240178235074307e-05
ENSG00000160180	5.239848261871319e-05
ENSG00000165084	5.2398233727052905e-05
ENSG00000105695	5.238028913513463e-05
ENSG00000145287	5.237279572926286e-05
ENSG00000198643	5.236338329890531e-05
ENSG00000175206	5.235169398378348e-05
ENSG00000103343	5.235073743305847e-05
ENSG00000138600	5.234432601751771e-05
ENSG00000003147	5.233934613856834e-05
ENSG00000091138	5.23299557560502e-05
ENSG00000180739	5.2325582634205216e-05
ENSG00000175336	5.232006964228846e-05
ENSG00000150045	5.230406520070238e-05
ENSG00000132781	5.230359863031625e-05
ENSG00000186522	5.2294129407821574e-05
ENSG00000170458	5.2289025539308156e-05
ENSG00000100292	5.228881176305983e-05
ENSG00000179163	5.2284869470950224e-05
ENSG00000080200	5.2277347321664065e-05
ENSG00000121274	5.225781560589652e-05
ENSG00000136929	5.225246678039675e-05
ENSG00000163453	5.2217024786187146e-05
ENSG00000128203	5.221307107679836e-05
ENSG00000170100	5.219154893908278e-05
ENSG00000205268	5.21688572152144e-05
ENSG00000162222	5.2163619125111105e-05
ENSG00000128567	5.215876121082581e-05
ENSG00000135521	5.214694972141487e-05
ENSG00000148719	5.214573665726284e-05
ENSG00000102362	5.2145320609174696e-05
ENSG00000118520	5.213038331915334e-05
ENSG00000167081	5.211798630877744e-05
ENSG00000185483	5.2115360868690593e-05
ENSG00000118473	5.207410885095354e-05
ENSG00000143418	5.207263865057518e-05
ENSG00000213782	5.2066555829175146e-05
ENSG00000142252	5.20657206123131e-05
ENSG00000095906	5.2045199272854735e-05
ENSG00000243284	5.2035817742494154e-05
ENSG00000137563	5.2033474976098107e-05
ENSG00000215114	5.203268771067178e-05
ENSG00000282905	5.201208461278596e-05
ENSG00000119899	5.199032372021363e-05
ENSG00000198087	5.197371798800868e-05
ENSG00000263324	5.196419047977369e-05
ENSG00000167065	5.195553178668479e-05
ENSG00000172432	5.1947199854206713e-05
ENSG00000165702	5.194435399221365e-05
ENSG00000168421	5.193758526869047e-05
ENSG00000101365	5.1912112068058115e-05
ENSG00000108001	5.1910554833771384e-05
ENSG00000176623	5.190997591962766e-05
ENSG00000169908	5.1905631366633405e-05
ENSG00000248487	5.187420948647451e-05
ENSG00000075340	5.181663641800215e-05
ENSG00000163171	5.179334029079153e-05
ENSG00000137764	5.179332931090564e-05
ENSG00000082269	5.177509642361009e-05
ENSG00000011566	5.175946304400121e-05
ENSG00000215045	5.17420734129013e-05
ENSG00000161681	5.173565197038788e-05
ENSG00000095066	5.172540637595554e-05
ENSG00000134909	5.171765188301619e-05
ENSG00000032742	5.16955217388638e-05
ENSG00000127831	5.1695454955082856e-05
ENSG00000164674	5.168790291243923e-05
ENSG00000262666	5.1677631458265885e-05
ENSG00000157181	5.1675425996411455e-05
ENSG00000001497	5.167542594446974e-05
ENSG00000072315	5.166774873733547e-05
ENSG00000081277	5.1657920336663335e-05
ENSG00000119685	5.165517335997655e-05
ENSG00000241697	5.1645260673341986e-05
ENSG00000016490	5.163969300710393e-05
ENSG00000248144	5.16168216561764e-05
ENSG00000130309	5.158997114014513e-05
ENSG00000178234	5.1581851169355436e-05
ENSG00000169093	5.155370587171445e-05
ENSG00000198947	5.1552923963718636e-05
ENSG00000173451	5.154646211097203e-05
ENSG00000163840	5.154590660220601e-05
ENSG00000187736	5.154180621951226e-05
ENSG00000130066	5.153363747999227e-05
ENSG00000165556	5.151798754531949e-05
ENSG00000125037	5.151371918102492e-05
ENSG00000159055	5.1503053730250004e-05
ENSG00000164056	5.150102370641906e-05
ENSG00000128708	5.150081742188087e-05
ENSG00000165496	5.147663349466776e-05
ENSG00000064607	5.14746274233876e-05
ENSG00000005981	5.146901999987677e-05
ENSG00000153250	5.146346654008088e-05
ENSG00000105419	5.143964950518421e-05
ENSG00000163913	5.1423005995596074e-05
ENSG00000158748	5.14126971701085e-05
ENSG00000160445	5.140327060971524e-05
ENSG00000112339	5.13953070014255e-05
ENSG00000160339	5.1394159151187064e-05
ENSG00000101605	5.138400880023558e-05
ENSG00000068976	5.136524687608413e-05
ENSG00000111254	5.1358695852702017e-05
ENSG00000171045	5.134950784603801e-05
ENSG00000161849	5.133734766622689e-05
ENSG00000198648	5.13102559228708e-05
ENSG00000183605	5.129723962689487e-05
ENSG00000165072	5.1288591188645775e-05
ENSG00000187094	5.128077270955627e-05
ENSG00000179913	5.1267056883599565e-05
ENSG00000105383	5.1266282720175396e-05
ENSG00000103723	5.1263946514855e-05
ENSG00000162755	5.125982756587657e-05
ENSG00000105223	5.123579828557834e-05
ENSG00000198336	5.119694578116961e-05
ENSG00000148346	5.1192458057463196e-05
ENSG00000168955	5.11599790966717e-05
ENSG00000147206	5.1158390617383945e-05
ENSG00000175137	5.1152289735036304e-05
ENSG00000077420	5.114910173593665e-05
ENSG00000133401	5.1145815697833754e-05
ENSG00000139190	5.1140678309300846e-05
ENSG00000087299	5.11324047129669e-05
ENSG00000164008	5.1125340664773256e-05
ENSG00000181938	5.112181563164879e-05
ENSG00000019549	5.110102146804991e-05
ENSG00000137338	5.108581658679552e-05
ENSG00000100380	5.1081994963868986e-05
ENSG00000162909	5.1073102792251494e-05
ENSG00000122176	5.1068794440209994e-05
ENSG00000205476	5.1065880196017234e-05
ENSG00000104218	5.1054903030904444e-05
ENSG00000133454	5.1027991477905376e-05
ENSG00000137547	5.102266970703279e-05
ENSG00000079308	5.1015507464521236e-05
ENSG00000133142	5.1002443087615505e-05
ENSG00000169783	5.099946723173666e-05
ENSG00000154262	5.097890443309555e-05
ENSG00000168515	5.097659540453278e-05
ENSG00000257017	5.094999991474818e-05
ENSG00000205927	5.094937662023923e-05
ENSG00000128253	5.094897362986514e-05
ENSG00000130208	5.094046921515487e-05
ENSG00000165912	5.094012555504643e-05
ENSG00000184209	5.093858014141481e-05
ENSG00000101445	5.0929615699891285e-05
ENSG00000100092	5.092255375381522e-05
ENSG00000276618	5.091342565119e-05
ENSG00000132589	5.090536664172523e-05
ENSG00000164163	5.0890495032254e-05
ENSG00000187855	5.088940480101229e-05
ENSG00000174021	5.087453735084828e-05
ENSG00000007312	5.086796277575009e-05
ENSG00000163623	5.0857553880488015e-05
ENSG00000181092	5.084971287012765e-05
ENSG00000115616	5.08470838164494e-05
ENSG00000171490	5.084676039869409e-05
ENSG00000204065	5.082664676964375e-05
ENSG00000166930	5.081888725938796e-05
ENSG00000115286	5.0806500648854406e-05
ENSG00000158486	5.080067724774456e-05
ENSG00000154928	5.078483528990699e-05
ENSG00000084110	5.078457659459344e-05
ENSG00000167037	5.0774745493273875e-05
ENSG00000156587	5.076670652659327e-05
ENSG00000124782	5.075815982177722e-05
ENSG00000279247	5.074789063202177e-05
ENSG00000123843	5.074741338086567e-05
ENSG00000104381	5.072753289919408e-05
ENSG00000162511	5.072337458781558e-05
ENSG00000104936	5.071999864552279e-05
ENSG00000213160	5.071426099083456e-05
ENSG00000244414	5.070776659501842e-05
ENSG00000124374	5.070695483557717e-05
ENSG00000162076	5.070264038437948e-05
ENSG00000250506	5.0701705875189105e-05
ENSG00000160181	5.070055991781917e-05
ENSG00000108387	5.069272276270247e-05
ENSG00000115008	5.0680874825685894e-05
ENSG00000125901	5.06778741089296e-05
ENSG00000205208	5.0671667641995396e-05
ENSG00000065675	5.067062460804716e-05
ENSG00000071794	5.0670105358263774e-05
ENSG00000101049	5.066720523208166e-05
ENSG00000145879	5.065663824405417e-05
ENSG00000137845	5.0650827474228336e-05
ENSG00000133169	5.064758902186791e-05
ENSG00000008382	5.064364486117762e-05
ENSG00000149218	5.064357380347866e-05
ENSG00000143153	5.063275265400313e-05
ENSG00000164877	5.062655348762624e-05
ENSG00000124942	5.0615124397659365e-05
ENSG00000115977	5.0599665465952364e-05
ENSG00000163879	5.059711150154414e-05
ENSG00000152595	5.058945568952552e-05
ENSG00000106348	5.05884606686856e-05
ENSG00000166573	5.05613406299764e-05
ENSG00000241484	5.055356641180342e-05
ENSG00000116254	5.053915123707577e-05
ENSG00000168944	5.053302015878095e-05
ENSG00000104886	5.053037666074323e-05
ENSG00000163798	5.052641133465149e-05
ENSG00000086232	5.0514747222389837e-05
ENSG00000167112	5.049963416396792e-05
ENSG00000053747	5.048691988220605e-05
ENSG00000090097	5.047823742816492e-05
ENSG00000173597	5.047289562959259e-05
ENSG00000109101	5.046376463380665e-05
ENSG00000133315	5.0432421780769735e-05
ENSG00000198168	5.042963678576892e-05
ENSG00000119231	5.042814961014333e-05
ENSG00000007545	5.042024556600418e-05
ENSG00000165349	5.041870791704001e-05
ENSG00000141424	5.041655718175846e-05
ENSG00000185479	5.040913413579001e-05
ENSG00000150782	5.040753953431609e-05
ENSG00000234829	5.039186980172312e-05
ENSG00000100147	5.038667700446921e-05
ENSG00000121297	5.0374740977740214e-05
ENSG00000095370	5.034870005714592e-05
ENSG00000117280	5.033970307678537e-05
ENSG00000083750	5.0331220523511794e-05
ENSG00000175334	5.03289715029584e-05
ENSG00000166863	5.032267848783608e-05
ENSG00000139168	5.032178866009198e-05
ENSG00000015133	5.0319290545001887e-05
ENSG00000100650	5.031916079007768e-05
ENSG00000113068	5.03047100930649e-05
ENSG00000263155	5.030105840903093e-05
ENSG00000278570	5.029352847645152e-05
ENSG00000102962	5.028955935613145e-05
ENSG00000254709	5.0282226710260134e-05
ENSG00000110169	5.027307012030406e-05
ENSG00000133835	5.024728053638703e-05
ENSG00000171243	5.0246539785630113e-05
ENSG00000184182	5.0239699503173346e-05
ENSG00000167394	5.023667637280253e-05
ENSG00000174123	5.021586595322645e-05
ENSG00000148841	5.017065608735962e-05
ENSG00000099399	5.0162115698146415e-05
ENSG00000147081	5.0159522022546547e-05
ENSG00000167749	5.015166261160721e-05
ENSG00000048462	5.0151254933988445e-05
ENSG00000115718	5.014326192927255e-05
ENSG00000164684	5.0140621581152615e-05
ENSG00000175745	5.012756239317714e-05
ENSG00000172201	5.011730804220153e-05
ENSG00000168679	5.011139311195684e-05
ENSG00000100196	5.0097673308206774e-05
ENSG00000167613	5.009279039781753e-05
ENSG00000012504	5.0090250924405375e-05
ENSG00000135272	5.007313994382479e-05
ENSG00000105402	5.006876787018205e-05
ENSG00000108963	5.0067280473141105e-05
ENSG00000218891	5.006634327293085e-05
ENSG00000071553	5.0060188183198264e-05
ENSG00000197614	5.004473503662699e-05
ENSG00000124383	5.0035971379607764e-05
ENSG00000274768	5.001483568128655e-05
ENSG00000139921	5.001120922549886e-05
ENSG00000117984	4.997739442882289e-05
ENSG00000109220	4.9971476590475424e-05
ENSG00000152213	4.995641121131653e-05
ENSG00000189430	4.995201692499567e-05
ENSG00000127666	4.994621048881877e-05
ENSG00000173404	4.993306195082813e-05
ENSG00000173153	4.992806558996065e-05
ENSG00000165283	4.992594992811398e-05
ENSG00000160185	4.9922241137877726e-05
ENSG00000113100	4.9896826033898175e-05
ENSG00000284889	4.989096720357977e-05
ENSG00000103034	4.9888106876884764e-05
ENSG00000162408	4.9879682461922005e-05
ENSG00000134900	4.987835862525984e-05
ENSG00000130779	4.986203438008505e-05
ENSG00000170088	4.986091838853088e-05
ENSG00000106560	4.9844337959612775e-05
ENSG00000041515	4.982318251384681e-05
ENSG00000126895	4.9821229645998245e-05
ENSG00000204060	4.981797253653669e-05
ENSG00000083520	4.981654479387897e-05
ENSG00000167904	4.977890263898837e-05
ENSG00000115216	4.9766221743076115e-05
ENSG00000125851	4.972149391525518e-05
ENSG00000141401	4.967799145154458e-05
ENSG00000039650	4.967291314626453e-05
ENSG00000163545	4.96696166438281e-05
ENSG00000160683	4.965443265556723e-05
ENSG00000188092	4.96529145680175e-05
ENSG00000163214	4.963055144414992e-05
ENSG00000134899	4.962636486077661e-05
ENSG00000250361	4.961093613321585e-05
ENSG00000062485	4.959691408283439e-05
ENSG00000281449	4.9596726054077535e-05
ENSG00000160695	4.9579935581691005e-05
ENSG00000174903	4.9566267400600515e-05
ENSG00000172554	4.9566230302793566e-05
ENSG00000008277	4.9556945697598395e-05
ENSG00000136603	4.955491327100886e-05
ENSG00000013725	4.9544234417834094e-05
ENSG00000167646	4.954076586173208e-05
ENSG00000117091	4.953818910737766e-05
ENSG00000170989	4.9515510284201134e-05
ENSG00000162739	4.9514956059347115e-05
ENSG00000158104	4.951226922607054e-05
ENSG00000197272	4.9510001718373394e-05
ENSG00000175283	4.95035836687721e-05
ENSG00000182087	4.949799736929161e-05
ENSG00000079215	4.94860614128046e-05
ENSG00000184990	4.947757250200347e-05
ENSG00000197702	4.944854371323074e-05
ENSG00000137809	4.944645541647221e-05
ENSG00000082153	4.944089543443669e-05
ENSG00000177697	4.943230272665445e-05
ENSG00000177646	4.9426156068938254e-05
ENSG00000048162	4.941699622149037e-05
ENSG00000077235	4.941146663528637e-05
ENSG00000161905	4.940446795397608e-05
ENSG00000101188	4.940424179448007e-05
ENSG00000112195	4.9395305480927864e-05
ENSG00000176746	4.936054031259302e-05
ENSG00000146143	4.9330059970331595e-05
ENSG00000145982	4.9301107587418556e-05
ENSG00000066557	4.9295366189577916e-05
ENSG00000165863	4.929381836186585e-05
ENSG00000136783	4.928650907813851e-05
ENSG00000141052	4.928202453916015e-05
ENSG00000163295	4.9281853566671315e-05
ENSG00000156234	4.927966173288563e-05
ENSG00000102743	4.9266477057138414e-05
ENSG00000107864	4.9244444829327336e-05
ENSG00000173898	4.923232664610868e-05
ENSG00000276231	4.922113458339442e-05
ENSG00000112293	4.9218299518660086e-05
ENSG00000146232	4.9214465743875446e-05
ENSG00000184895	4.920537744054982e-05
ENSG00000149115	4.918687713198234e-05
ENSG00000180992	4.917564162080253e-05
ENSG00000151577	4.917376840109728e-05
ENSG00000106392	4.9169505063944385e-05
ENSG00000164418	4.916769691787428e-05
ENSG00000114650	4.914850661398749e-05
ENSG00000165792	4.91450131177831e-05
ENSG00000168398	4.914111999593011e-05
ENSG00000105939	4.908354511021284e-05
ENSG00000180573	4.906764782191435e-05
ENSG00000148154	4.905795310729506e-05
ENSG00000179912	4.9053565753381066e-05
ENSG00000213047	4.9051067583936394e-05
ENSG00000101470	4.904112407993873e-05
ENSG00000102317	4.903578206824246e-05
ENSG00000107651	4.902788471292352e-05
ENSG00000143320	4.9022183113349156e-05
ENSG00000164897	4.901693622857326e-05
ENSG00000009765	4.899267823327295e-05
ENSG00000158473	4.8991851871788244e-05
ENSG00000151779	4.898667427503596e-05
ENSG00000082515	4.896501226177116e-05
ENSG00000116035	4.895486428341552e-05
ENSG00000173467	4.895134063402894e-05
ENSG00000111678	4.895016237334322e-05
ENSG00000101596	4.894698546663642e-05
ENSG00000274290	4.894250293601715e-05
ENSG00000168152	4.892051333741597e-05
ENSG00000062598	4.891558594832869e-05
ENSG00000127412	4.8912554773314556e-05
ENSG00000125861	4.890589667762035e-05
ENSG00000197324	4.889348631095355e-05
ENSG00000140350	4.888897152491919e-05
ENSG00000168016	4.887418444954632e-05
ENSG00000171016	4.8867736065398504e-05
ENSG00000167105	4.886496584781948e-05
ENSG00000153879	4.8864676627008144e-05
ENSG00000128709	4.8861800426242944e-05
ENSG00000169836	4.8861538384414516e-05
ENSG00000274577	4.8843885869537156e-05
ENSG00000106268	4.884138913167661e-05
ENSG00000198771	4.8838657998059125e-05
ENSG00000198860	4.883298522417832e-05
ENSG00000150637	4.8828120687143826e-05
ENSG00000177034	4.882063844635592e-05
ENSG00000177426	4.881621963497371e-05
ENSG00000143119	4.880815175265457e-05
ENSG00000122188	4.880090955491689e-05
ENSG00000070501	4.879641655332232e-05
ENSG00000196352	4.8791883934883786e-05
ENSG00000102878	4.878969218054568e-05
ENSG00000182902	4.878689704315844e-05
ENSG00000129757	4.8755217136971784e-05
ENSG00000166451	4.875472066712548e-05
ENSG00000143486	4.874809980769516e-05
ENSG00000185532	4.8743833624511133e-05
ENSG00000120509	4.8742711481323254e-05
ENSG00000241186	4.873853637904957e-05
ENSG00000173171	4.8727820476639655e-05
ENSG00000157017	4.8718007674995666e-05
ENSG00000023697	4.8709228669048334e-05
ENSG00000165688	4.8698276154901755e-05
ENSG00000280858	4.864827272439525e-05
ENSG00000144191	4.864276420829626e-05
ENSG00000143390	4.86326997338706e-05
ENSG00000171401	4.861085225295372e-05
ENSG00000124523	4.860812061532322e-05
ENSG00000163126	4.859874942883757e-05
ENSG00000105778	4.8589048526657144e-05
ENSG00000113971	4.851600965908097e-05
ENSG00000164715	4.849925677276322e-05
ENSG00000136161	4.846621525909626e-05
ENSG00000176788	4.846498276786874e-05
ENSG00000104921	4.8443086964458384e-05
ENSG00000105550	4.8435981950407026e-05
ENSG00000189171	4.8425800584765654e-05
ENSG00000118271	4.841442272238546e-05
ENSG00000140395	4.8412769191415785e-05
ENSG00000177984	4.8411128834357775e-05
ENSG00000163832	4.8406777277489175e-05
ENSG00000116251	4.839333700210452e-05
ENSG00000130479	4.838478405245994e-05
ENSG00000123329	4.83838935573778e-05
ENSG00000131148	4.837563232732149e-05
ENSG00000240694	4.836554612450938e-05
ENSG00000126264	4.834988367995727e-05
ENSG00000178462	4.8348042307352e-05
ENSG00000231116	4.8346726008067786e-05
ENSG00000160145	4.833772705039445e-05
ENSG00000005379	4.8329024175187335e-05
ENSG00000160113	4.8317627099392886e-05
ENSG00000169760	4.8313080682917165e-05
ENSG00000101444	4.8309655133326834e-05
ENSG00000009694	4.827813864518138e-05
ENSG00000186866	4.826746702001879e-05
ENSG00000065491	4.82542024895736e-05
ENSG00000132819	4.824810495756168e-05
ENSG00000107833	4.824073852587297e-05
ENSG00000234127	4.823647722015761e-05
ENSG00000130649	4.823300455965849e-05
ENSG00000256453	4.821996606544833e-05
ENSG00000092964	4.8219965898775e-05
ENSG00000052841	4.821779061524208e-05
ENSG00000163520	4.820091588999576e-05
ENSG00000138459	4.819636289700672e-05
ENSG00000145919	4.8191248617915975e-05
ENSG00000197961	4.8190283976612764e-05
ENSG00000144848	4.8184746023682735e-05
ENSG00000276833	4.816842295522431e-05
ENSG00000119801	4.816589249033001e-05
ENSG00000162614	4.815228541195175e-05
ENSG00000188394	4.814358328914876e-05
ENSG00000163154	4.814087099386449e-05
ENSG00000006788	4.81390043524184e-05
ENSG00000130830	4.812217021310318e-05
ENSG00000156738	4.81159978998759e-05
ENSG00000183580	4.809972352546547e-05
ENSG00000187837	4.807799835178829e-05
ENSG00000167914	4.8070867913522144e-05
ENSG00000164128	4.8061210069479044e-05
ENSG00000163719	4.805922340521735e-05
ENSG00000057757	4.805558040623533e-05
ENSG00000118680	4.805527260096451e-05
ENSG00000135845	4.803984609259478e-05
ENSG00000160688	4.803323144899363e-05
ENSG00000117419	4.8031749286472855e-05
ENSG00000185085	4.8011608260265254e-05
ENSG00000266338	4.801001248702301e-05
ENSG00000123165	4.800538090471784e-05
ENSG00000123219	4.800013074697133e-05
ENSG00000168958	4.799685890887418e-05
ENSG00000115946	4.7986069718401866e-05
ENSG00000157869	4.798082946645378e-05
ENSG00000142347	4.798051586485179e-05
ENSG00000134539	4.7971501980704696e-05
ENSG00000170419	4.79587054822067e-05
ENSG00000156127	4.795454572675e-05
ENSG00000158042	4.7933895427609654e-05
ENSG00000066629	4.7924800987764875e-05
ENSG00000173991	4.792441568447804e-05
ENSG00000152767	4.79199047599148e-05
ENSG00000223496	4.791625956350786e-05
ENSG00000100997	4.7915075459791625e-05
ENSG00000118432	4.7912664875499435e-05
ENSG00000163749	4.788777423172707e-05
ENSG00000158793	4.78812652970078e-05
ENSG00000166889	4.785615889314866e-05
ENSG00000151445	4.7855873460978006e-05
ENSG00000048028	4.7850764166016e-05
ENSG00000114626	4.784382963308746e-05
ENSG00000163563	4.784027841972093e-05
ENSG00000177045	4.7837427958966214e-05
ENSG00000066294	4.782981627250482e-05
ENSG00000133475	4.782933596606492e-05
ENSG00000118246	4.782825863029338e-05
ENSG00000131652	4.782312407503719e-05
ENSG00000124334	4.782123192672115e-05
ENSG00000162814	4.781846653854982e-05
ENSG00000089177	4.78121249134721e-05
ENSG00000150510	4.7807278403402625e-05
ENSG00000128250	4.780089911105635e-05
ENSG00000130775	4.7800836274982914e-05
ENSG00000143771	4.778336478714489e-05
ENSG00000168724	4.776699432613222e-05
ENSG00000138433	4.77562620444742e-05
ENSG00000149313	4.775590935681952e-05
ENSG00000129493	4.775430738793097e-05
ENSG00000164880	4.774792167692778e-05
ENSG00000064726	4.774155412925887e-05
ENSG00000185527	4.773766683892789e-05
ENSG00000177425	4.772323365533597e-05
ENSG00000163950	4.771147151484696e-05
ENSG00000166510	4.7708627939945116e-05
ENSG00000162892	4.7702819938771e-05
ENSG00000187045	4.77019252131702e-05
ENSG00000236279	4.769781465781944e-05
ENSG00000187650	4.769494933187737e-05
ENSG00000187210	4.768822843101687e-05
ENSG00000215788	4.7672254586087434e-05
ENSG00000124103	4.766864048455047e-05
ENSG00000107949	4.765347989597647e-05
ENSG00000132950	4.765224460110003e-05
ENSG00000127980	4.7617266754000984e-05
ENSG00000137478	4.761663719573032e-05
ENSG00000141956	4.7611639996679244e-05
ENSG00000107829	4.760582951358796e-05
ENSG00000102898	4.759563304328384e-05
ENSG00000140505	4.758357836513901e-05
ENSG00000167528	4.758025658470183e-05
ENSG00000132405	4.756229780396258e-05
ENSG00000131808	4.753472844033093e-05
ENSG00000178718	4.753391808797611e-05
ENSG00000105610	4.7529800404152135e-05
ENSG00000073737	4.752573010409502e-05
ENSG00000114107	4.7523416474644416e-05
ENSG00000163376	4.7515757049725725e-05
ENSG00000138107	4.751564174895418e-05
ENSG00000137492	4.750531985263211e-05
ENSG00000047249	4.7499415570012796e-05
ENSG00000014123	4.748180934035564e-05
ENSG00000115956	4.7479934829185596e-05
ENSG00000121068	4.747079708144289e-05
ENSG00000105321	4.746456529073191e-05
ENSG00000107099	4.745363132118377e-05
ENSG00000169991	4.744493925204045e-05
ENSG00000181804	4.744216898497051e-05
ENSG00000119013	4.743940197036421e-05
ENSG00000166091	4.743595566787585e-05
ENSG00000148926	4.742249340071588e-05
ENSG00000104938	4.7416603889014276e-05
ENSG00000198363	4.7403326693088584e-05
ENSG00000085117	4.740087111455058e-05
ENSG00000124207	4.737263550818891e-05
ENSG00000008130	4.736460208591892e-05
ENSG00000108984	4.7339496879508535e-05
ENSG00000178951	4.7332549725014966e-05
ENSG00000182557	4.731962620024412e-05
ENSG00000084764	4.731622749588906e-05
ENSG00000158169	4.7284996109992664e-05
ENSG00000169282	4.728226004308458e-05
ENSG00000267534	4.727899507898981e-05
ENSG00000176387	4.7266023993269466e-05
ENSG00000276726	4.726258054084979e-05
ENSG00000113302	4.726214402960527e-05
ENSG00000116954	4.723603431873678e-05
ENSG00000025800	4.723105069502178e-05
ENSG00000230034	4.722154850488404e-05
ENSG00000152578	4.722099066114183e-05
ENSG00000101782	4.718767626082571e-05
ENSG00000136810	4.7179763149682266e-05
ENSG00000185278	4.7166770243727546e-05
ENSG00000139970	4.71640141333398e-05
ENSG00000155366	4.715167295022059e-05
ENSG00000228405	4.713619592627791e-05
ENSG00000206172	4.713233176840859e-05
ENSG00000168229	4.712199465635436e-05
ENSG00000162891	4.711649623942496e-05
ENSG00000165188	4.711382346224424e-05
ENSG00000227500	4.710390037957551e-05
ENSG00000124253	4.7098292685211884e-05
ENSG00000179600	4.705903102030527e-05
ENSG00000230336	4.7055728776390156e-05
ENSG00000170486	4.703826701922323e-05
ENSG00000167257	4.70152817504732e-05
ENSG00000284021	4.6987989216808947e-05
ENSG00000167984	4.698093571655733e-05
ENSG00000161055	4.692542064731759e-05
ENSG00000164713	4.692295705777203e-05
ENSG00000090621	4.6912475704844725e-05
ENSG00000151148	4.691195640954597e-05
ENSG00000188167	4.690180488641509e-05
ENSG00000005238	4.690046215006673e-05
ENSG00000108511	4.689073398403195e-05
ENSG00000109180	4.687430093216049e-05
ENSG00000170262	4.68692132229137e-05
ENSG00000100744	4.6865894290896144e-05
ENSG00000108176	4.686395781692655e-05
ENSG00000140259	4.684026788955182e-05
ENSG00000077514	4.6835133499326815e-05
ENSG00000131095	4.6830606516462146e-05
ENSG00000167799	4.6828243799721276e-05
ENSG00000154723	4.6825823263077176e-05
ENSG00000129355	4.68068862275923e-05
ENSG00000099797	4.680018629178903e-05
ENSG00000173193	4.6775976684913845e-05
ENSG00000157657	4.676425762509476e-05
ENSG00000131871	4.675536763759731e-05
ENSG00000221946	4.6728708573569675e-05
ENSG00000073711	4.6723040541429825e-05
ENSG00000188997	4.66990725744908e-05
ENSG00000079435	4.668336472151047e-05
ENSG00000058335	4.66506574365377e-05
ENSG00000174485	4.6646569233593544e-05
ENSG00000126453	4.6644308778229354e-05
ENSG00000022355	4.664401127849079e-05
ENSG00000179083	4.6633649334105676e-05
ENSG00000175354	4.662579817479397e-05
ENSG00000108582	4.6625782223072124e-05
ENSG00000171497	4.661860052880723e-05
ENSG00000116898	4.66084893581977e-05
ENSG00000198576	4.6607530531072425e-05
ENSG00000104980	4.6591446919440144e-05
ENSG00000132768	4.6587148697733576e-05
ENSG00000113389	4.658517139847171e-05
ENSG00000111732	4.658477665877154e-05
ENSG00000137573	4.657796479165575e-05
ENSG00000125124	4.657729545785082e-05
ENSG00000143061	4.657148959019129e-05
ENSG00000105784	4.657020264350992e-05
ENSG00000112214	4.656284602134088e-05
ENSG00000127588	4.6550796681856316e-05
ENSG00000151611	4.654180960968027e-05
ENSG00000105447	4.6538815040502415e-05
ENSG00000147180	4.653802459009689e-05
ENSG00000160813	4.6526341606721996e-05
ENSG00000122224	4.651904820764655e-05
ENSG00000186001	4.6515370515843176e-05
ENSG00000150594	4.6514190264228765e-05
ENSG00000186184	4.650650405322726e-05
ENSG00000145198	4.649275899085881e-05
ENSG00000174992	4.649137183218674e-05
ENSG00000134109	4.647413944356217e-05
ENSG00000149534	4.6472804470007684e-05
ENSG00000143248	4.645345292661133e-05
ENSG00000261221	4.644978606095722e-05
ENSG00000167797	4.6441283278096663e-05
ENSG00000163166	4.644006518512036e-05
ENSG00000084070	4.643249461974165e-05
ENSG00000091129	4.643171898264578e-05
ENSG00000183475	4.6428364039507195e-05
ENSG00000112246	4.642273463409123e-05
ENSG00000100867	4.641568749159545e-05
ENSG00000182952	4.6407707837530144e-05
ENSG00000178184	4.640520324024949e-05
ENSG00000113356	4.6396784131411685e-05
ENSG00000170166	4.639633651574751e-05
ENSG00000100284	4.639595271135935e-05
ENSG00000179632	4.639254632351475e-05
ENSG00000244734	4.638777275055395e-05
ENSG00000160305	4.6385411227502026e-05
ENSG00000167994	4.637409226575985e-05
ENSG00000182168	4.6364818250504834e-05
ENSG00000008282	4.6346355102716295e-05
ENSG00000091583	4.6328071301204125e-05
ENSG00000163568	4.632213319624377e-05
ENSG00000124126	4.630253153004666e-05
ENSG00000060558	4.630166944299948e-05
ENSG00000175084	4.627668110194898e-05
ENSG00000115297	4.6270919389506356e-05
ENSG00000006638	4.6246624008565506e-05
ENSG00000196569	4.62453160168212e-05
ENSG00000056586	4.622407421809604e-05
ENSG00000197912	4.622156942981769e-05
ENSG00000197696	4.621173052427509e-05
ENSG00000006611	4.621071079026469e-05
ENSG00000106952	4.619365494046802e-05
ENSG00000107890	4.6188531806350305e-05
ENSG00000197077	4.61769167229712e-05
ENSG00000149294	4.616686757079268e-05
ENSG00000125885	4.616369454845017e-05
ENSG00000225950	4.615660968720285e-05
ENSG00000150048	4.614207807068829e-05
ENSG00000103248	4.613233511733575e-05
ENSG00000141446	4.611021774780695e-05
ENSG00000177239	4.608112675655552e-05
ENSG00000147613	4.607935841059733e-05
ENSG00000007384	4.6073939577281285e-05
ENSG00000135723	4.607061613687378e-05
ENSG00000187446	4.605884393273908e-05
ENSG00000068366	4.603250870923678e-05
ENSG00000134020	4.603193586626977e-05
ENSG00000105711	4.603133960964251e-05
ENSG00000067842	4.6016585860711365e-05
ENSG00000104859	4.6006842217899886e-05
ENSG00000100219	4.598521360822176e-05
ENSG00000102893	4.597442890940461e-05
ENSG00000114982	4.595952806912393e-05
ENSG00000121410	4.595683804686002e-05
ENSG00000161973	4.595097939931345e-05
ENSG00000109618	4.5940036106587105e-05
ENSG00000274736	4.5926291874571326e-05
ENSG00000136143	4.591984703978039e-05
ENSG00000132463	4.5911727720608194e-05
ENSG00000076650	4.58968291247848e-05
ENSG00000168917	4.5894818126514293e-05
ENSG00000102575	4.588709245128588e-05
ENSG00000132911	4.586621500492021e-05
ENSG00000163481	4.586575990066192e-05
ENSG00000122585	4.585821079910795e-05
ENSG00000126882	4.585400360132425e-05
ENSG00000167508	4.5844694348979575e-05
ENSG00000165215	4.5836382299499145e-05
ENSG00000196083	4.582464558719239e-05
ENSG00000101746	4.577244966991682e-05
ENSG00000182179	4.5748418605473726e-05
ENSG00000096088	4.573776402702179e-05
ENSG00000128881	4.573713121751946e-05
ENSG00000130741	4.573512049928293e-05
ENSG00000137414	4.5708894455599726e-05
ENSG00000168334	4.570181949524405e-05
ENSG00000168671	4.569857064161759e-05
ENSG00000177352	4.568441259930788e-05
ENSG00000159259	4.567553337529576e-05
ENSG00000169019	4.566632007632357e-05
ENSG00000107957	4.566032052781529e-05
ENSG00000182196	4.564775115748399e-05
ENSG00000134324	4.562902735121454e-05
ENSG00000164933	4.561662504962836e-05
ENSG00000170043	4.560609179600022e-05
ENSG00000058799	4.557619343256136e-05
ENSG00000171953	4.5541964213664325e-05
ENSG00000159110	4.5530002083035776e-05
ENSG00000143416	4.551945072419201e-05
ENSG00000139641	4.5507025478579685e-05
ENSG00000141458	4.550064690851301e-05
ENSG00000138134	4.549028012797149e-05
ENSG00000138829	4.5487208185330405e-05
ENSG00000161904	4.548277500186122e-05
ENSG00000135763	4.546745279023135e-05
ENSG00000189001	4.5465769501402335e-05
ENSG00000182768	4.5464602238930834e-05
ENSG00000100263	4.546053620974701e-05
ENSG00000147050	4.5460455344258374e-05
ENSG00000288407	4.545560972703647e-05
ENSG00000129170	4.545167226698088e-05
ENSG00000160062	4.544931687443921e-05
ENSG00000234539	4.542933435322069e-05
ENSG00000172156	4.542576631289902e-05
ENSG00000165806	4.542354974259091e-05
ENSG00000134588	4.540713865351804e-05
ENSG00000127993	4.539844192382247e-05
ENSG00000185668	4.5396173487248713e-05
ENSG00000158864	4.538819740997224e-05
ENSG00000113494	4.5380661366356106e-05
ENSG00000125999	4.536302100547979e-05
ENSG00000117500	4.5361704653328344e-05
ENSG00000011028	4.535128344634089e-05
ENSG00000150361	4.534932107958898e-05
ENSG00000182307	4.5344901960858545e-05
ENSG00000088256	4.534404803502628e-05
ENSG00000145293	4.534065105694633e-05
ENSG00000143127	4.533823603639003e-05
ENSG00000137656	4.533501157034294e-05
ENSG00000087494	4.532759865780816e-05
ENSG00000167971	4.5310203352990566e-05
ENSG00000134389	4.528436446905233e-05
ENSG00000084754	4.528217536763794e-05
ENSG00000198853	4.5276138388397345e-05
ENSG00000082196	4.5274332140809526e-05
ENSG00000136286	4.525204242189566e-05
ENSG00000023902	4.523279671099192e-05
ENSG00000138131	4.522957481198758e-05
ENSG00000133937	4.521067498669129e-05
ENSG00000172116	4.519180008264456e-05
ENSG00000075891	4.5191213146703326e-05
ENSG00000111670	4.518947246332332e-05
ENSG00000140319	4.518119647117603e-05
ENSG00000205809	4.517794195258909e-05
ENSG00000027075	4.517486501198168e-05
ENSG00000197279	4.5157211984079726e-05
ENSG00000198798	4.515489814934917e-05
ENSG00000265681	4.514395166656624e-05
ENSG00000067248	4.5125500260322905e-05
ENSG00000159921	4.511914234624044e-05
ENSG00000111667	4.511673306430191e-05
ENSG00000124496	4.511614149038945e-05
ENSG00000029153	4.511278689204767e-05
ENSG00000176136	4.510834314775452e-05
ENSG00000086200	4.5091218927350355e-05
ENSG00000075884	4.509085203470924e-05
ENSG00000153140	4.508184155997467e-05
ENSG00000139292	4.5065762736713995e-05
ENSG00000173208	4.5063856891683036e-05
ENSG00000105339	4.5062885904612625e-05
ENSG00000244274	4.504635136656104e-05
ENSG00000130706	4.504548343574724e-05
ENSG00000103202	4.503561170676594e-05
ENSG00000104689	4.50217433601051e-05
ENSG00000100554	4.5004245400882244e-05
ENSG00000147202	4.4998839945779025e-05
ENSG00000121743	4.499585009977118e-05
ENSG00000067141	4.498916056612943e-05
ENSG00000186265	4.4988505508064014e-05
ENSG00000196693	4.4987551548721e-05
ENSG00000241119	4.4960515860714723e-05
ENSG00000164756	4.494711611585707e-05
ENSG00000141428	4.494603216504488e-05
ENSG00000149380	4.490944759349035e-05
ENSG00000140545	4.4909164564453725e-05
ENSG00000101247	4.490405966170698e-05
ENSG00000131115	4.4893534769302414e-05
ENSG00000282956	4.488930852647631e-05
ENSG00000146109	4.488870286145199e-05
ENSG00000160856	4.487543575496249e-05
ENSG00000171360	4.487387622099161e-05
ENSG00000242616	4.485424406630681e-05
ENSG00000121864	4.482233259093416e-05
ENSG00000206181	4.4813757068161876e-05
ENSG00000138119	4.4810761184656674e-05
ENSG00000102010	4.480973275714829e-05
ENSG00000214367	4.479878844983776e-05
ENSG00000111537	4.478351998387985e-05
ENSG00000070540	4.477656997535101e-05
ENSG00000130035	4.4773505608389886e-05
ENSG00000162396	4.477065555076421e-05
ENSG00000140320	4.476910858704939e-05
ENSG00000107438	4.476806422223543e-05
ENSG00000236251	4.4758477854849265e-05
ENSG00000163874	4.473433231589462e-05
ENSG00000244005	4.472540087021222e-05
ENSG00000131653	4.4724309172073394e-05
ENSG00000100591	4.4695253489541096e-05
ENSG00000168329	4.469263182498789e-05
ENSG00000169410	4.4691566421373254e-05
ENSG00000070087	4.469134293184413e-05
ENSG00000138075	4.468112190393735e-05
ENSG00000189337	4.465801285519636e-05
ENSG00000180340	4.465618734373356e-05
ENSG00000126804	4.4630368229212745e-05
ENSG00000120594	4.462633204884739e-05
ENSG00000163754	4.46249924895192e-05
ENSG00000168765	4.462202907854094e-05
ENSG00000132465	4.461483349706787e-05
ENSG00000235194	4.458755872228912e-05
ENSG00000288301	4.4583800390775545e-05
ENSG00000186638	4.456864678696896e-05
ENSG00000182871	4.45625878796374e-05
ENSG00000137976	4.456040614573298e-05
ENSG00000198650	4.454359607756919e-05
ENSG00000110717	4.4525131550974986e-05
ENSG00000107341	4.451425418882435e-05
ENSG00000173456	4.450700824460368e-05
ENSG00000109016	4.4497924628717095e-05
ENSG00000170266	4.448588626658655e-05
ENSG00000164258	4.4466522304131813e-05
ENSG00000182107	4.445147555823742e-05
ENSG00000137078	4.444384911653706e-05
ENSG00000171643	4.4441719137549454e-05
ENSG00000143641	4.4440448329682184e-05
ENSG00000168827	4.4432680629521735e-05
ENSG00000142677	4.4428716638677046e-05
ENSG00000101608	4.4426461175603115e-05
ENSG00000106537	4.442567315709967e-05
ENSG00000132780	4.442352056504182e-05
ENSG00000168453	4.442150692408123e-05
ENSG00000175294	4.4408963751163244e-05
ENSG00000125741	4.440073867359041e-05
ENSG00000174576	4.4394452533255025e-05
ENSG00000111540	4.438976080650556e-05
ENSG00000158411	4.437489288963273e-05
ENSG00000244122	4.436931576588934e-05
ENSG00000213523	4.434428444576774e-05
ENSG00000147536	4.4342258919663335e-05
ENSG00000103657	4.432931189820752e-05
ENSG00000262993	4.429690495051814e-05
ENSG00000116785	4.428292858600005e-05
ENSG00000111319	4.42807317879099e-05
ENSG00000008952	4.427772849055402e-05
ENSG00000124279	4.426311235572882e-05
ENSG00000154447	4.426103737555427e-05
ENSG00000162066	4.4240359106526094e-05
ENSG00000105501	4.4236782257242694e-05
ENSG00000164532	4.422666004041461e-05
ENSG00000204936	4.4220224394004104e-05
ENSG00000122644	4.421311047836428e-05
ENSG00000115590	4.417852530517687e-05
ENSG00000155744	4.4172213714165854e-05
ENSG00000170381	4.416654312512484e-05
ENSG00000020129	4.4164169514318184e-05
ENSG00000089693	4.414331125568703e-05
ENSG00000182901	4.4139119212377104e-05
ENSG00000141012	4.413726333971261e-05
ENSG00000088833	4.413380114267033e-05
ENSG00000163312	4.413187325716519e-05
ENSG00000154783	4.4126804653408686e-05
ENSG00000148153	4.4113342703814575e-05
ENSG00000155256	4.411229762558005e-05
ENSG00000170412	4.410834101351926e-05
ENSG00000132825	4.410049878189557e-05
ENSG00000140678	4.409978232771557e-05
ENSG00000277104	4.409544238619601e-05
ENSG00000137975	4.4083462863657434e-05
ENSG00000118526	4.408238331697673e-05
ENSG00000115457	4.4071318281165264e-05
ENSG00000161955	4.4061163074875114e-05
ENSG00000172602	4.404860152618507e-05
ENSG00000140939	4.404691574306432e-05
ENSG00000153898	4.404645201092649e-05
ENSG00000158887	4.404177945595537e-05
ENSG00000089220	4.402514738758007e-05
ENSG00000102858	4.400071600985496e-05
ENSG00000143374	4.400002443325745e-05
ENSG00000172426	4.399578921586473e-05
ENSG00000101222	4.399288953429778e-05
ENSG00000149927	4.398036420215222e-05
ENSG00000160282	4.3971962086769555e-05
ENSG00000166348	4.395488387576878e-05
ENSG00000105398	4.3952641906180474e-05
ENSG00000037042	4.3950249881575715e-05
ENSG00000118194	4.3926089880312854e-05
ENSG00000173145	4.391920898492271e-05
ENSG00000170236	4.389531108965577e-05
ENSG00000160584	4.389191124953002e-05
ENSG00000174238	4.388084254706498e-05
ENSG00000136935	4.387532935395119e-05
ENSG00000113407	4.387488201948999e-05
ENSG00000196449	4.387157962692844e-05
ENSG00000041802	4.386302412983019e-05
ENSG00000123836	4.385182138180615e-05
ENSG00000128045	4.383563067884586e-05
ENSG00000176160	4.3829451721363856e-05
ENSG00000125780	4.382918020905173e-05
ENSG00000173585	4.382720036312696e-05
ENSG00000123454	4.382697098210985e-05
ENSG00000151474	4.3824159205571766e-05
ENSG00000161911	4.382146090874588e-05
ENSG00000256683	4.38193073585241e-05
ENSG00000153162	4.381750645832315e-05
ENSG00000133111	4.3810265320246665e-05
ENSG00000108064	4.3792722128601995e-05
ENSG00000113595	4.378879068326964e-05
ENSG00000174013	4.378772059729539e-05
ENSG00000143344	4.3787567664906976e-05
ENSG00000167114	4.3778906230782765e-05
ENSG00000072657	4.377881537586688e-05
ENSG00000134153	4.3753357141865045e-05
ENSG00000170899	4.374844032140843e-05
ENSG00000134216	4.3742981897366206e-05
ENSG00000132478	4.373206450966515e-05
ENSG00000128294	4.37314392007593e-05
ENSG00000173011	4.372547613341288e-05
ENSG00000087269	4.37199339634115e-05
ENSG00000090382	4.371535365096275e-05
ENSG00000178199	4.371501345458992e-05
ENSG00000017260	4.371158654008871e-05
ENSG00000163320	4.369319066963393e-05
ENSG00000131724	4.368861148836101e-05
ENSG00000113460	4.368636770741464e-05
ENSG00000128710	4.368611774645902e-05
ENSG00000077943	4.368511732967763e-05
ENSG00000107874	4.36837420094542e-05
ENSG00000105696	4.36779988973806e-05
ENSG00000140374	4.36763895197631e-05
ENSG00000174950	4.3672522505020626e-05
ENSG00000105058	4.365744001733656e-05
ENSG00000146576	4.365543899488125e-05
ENSG00000164749	4.365460880332386e-05
ENSG00000239900	4.365284962497256e-05
ENSG00000185344	4.3650472990204604e-05
ENSG00000140263	4.3631350349948417e-05
ENSG00000106004	4.362511452317029e-05
ENSG00000108523	4.362253003804119e-05
ENSG00000173575	4.3611792474693025e-05
ENSG00000164708	4.358283099021677e-05
ENSG00000104447	4.357745551064746e-05
ENSG00000187955	4.357246241283286e-05
ENSG00000181991	4.3563589313365525e-05
ENSG00000143740	4.3551714055782754e-05
ENSG00000285049	4.353983414758277e-05
ENSG00000172586	4.353522465362836e-05
ENSG00000040275	4.3534686782935176e-05
ENSG00000120837	4.3531509284019755e-05
ENSG00000163017	4.3528767865629405e-05
ENSG00000105793	4.352100372065694e-05
ENSG00000110848	4.348749733793105e-05
ENSG00000064225	4.347916339214445e-05
ENSG00000169684	4.3478357658330354e-05
ENSG00000117215	4.3463666778303565e-05
ENSG00000165617	4.3453732097270886e-05
ENSG00000102043	4.34348263691555e-05
ENSG00000214114	4.3420823801079904e-05
ENSG00000128573	4.3419681782302745e-05
ENSG00000055950	4.340242882883066e-05
ENSG00000138738	4.339446602338376e-05
ENSG00000239961	4.337920118515977e-05
ENSG00000183751	4.3374311165345025e-05
ENSG00000147883	4.336270806142137e-05
ENSG00000142065	4.33596737594532e-05
ENSG00000113810	4.3359154304056975e-05
ENSG00000174788	4.3358875592666914e-05
ENSG00000196670	4.334476109273026e-05
ENSG00000162601	4.3341034411822496e-05
ENSG00000168434	4.3338533806392295e-05
ENSG00000111961	4.331327573120894e-05
ENSG00000116857	4.331152603086381e-05
ENSG00000120992	4.330749564368259e-05
ENSG00000136273	4.3305585395167046e-05
ENSG00000140718	4.3296312725284755e-05
ENSG00000148384	4.3281478286803617e-05
ENSG00000174227	4.327454928831812e-05
ENSG00000109511	4.3259944889605e-05
ENSG00000049239	4.3253124492631956e-05
ENSG00000185669	4.324770767597536e-05
ENSG00000099326	4.324256605788931e-05
ENSG00000188243	4.3224795638424304e-05
ENSG00000106331	4.322234318123394e-05
ENSG00000135414	4.3219964990709106e-05
ENSG00000088812	4.321182761126554e-05
ENSG00000162695	4.320762637154776e-05
ENSG00000184178	4.3202476182276136e-05
ENSG00000005448	4.319444298875117e-05
ENSG00000171295	4.3157067476244556e-05
ENSG00000254535	4.315447968355372e-05
ENSG00000134769	4.314928465032998e-05
ENSG00000185024	4.3147547829379475e-05
ENSG00000137496	4.313334464771124e-05
ENSG00000125744	4.3131379448470235e-05
ENSG00000184076	4.3100246232235824e-05
ENSG00000159173	4.3093708254242874e-05
ENSG00000101544	4.3087014944292293e-05
ENSG00000152582	4.3080651803431765e-05
ENSG00000124089	4.307251775010541e-05
ENSG00000172243	4.306902679574287e-05
ENSG00000137054	4.306806608306046e-05
ENSG00000105662	4.30631908194277e-05
ENSG00000109501	4.306292557128341e-05
ENSG00000151718	4.306116440353808e-05
ENSG00000172578	4.305747184586148e-05
ENSG00000086062	4.305715422456874e-05
ENSG00000165195	4.305536683877087e-05
ENSG00000070182	4.303847806055924e-05
ENSG00000123415	4.302616562239191e-05
ENSG00000114204	4.3010995854529194e-05
ENSG00000130147	4.3010133418954314e-05
ENSG00000095485	4.300108578841398e-05
ENSG00000140450	4.2996656214170784e-05
ENSG00000151224	4.2988465476053964e-05
ENSG00000282972	4.2985151124435925e-05
ENSG00000176894	4.2978420343761975e-05
ENSG00000137310	4.2973724935761326e-05
ENSG00000068745	4.2972593549299365e-05
ENSG00000117298	4.2970894601169074e-05
ENSG00000087074	4.295667472274774e-05
ENSG00000135443	4.2949352393610696e-05
ENSG00000134594	4.2944914100313795e-05
ENSG00000134202	4.2940391735696675e-05
ENSG00000094914	4.2936114505913496e-05
ENSG00000105732	4.292935246768915e-05
ENSG00000178607	4.292912234152449e-05
ENSG00000158528	4.292337359995434e-05
ENSG00000108639	4.291590654693762e-05
ENSG00000276323	4.290651078249988e-05
ENSG00000099899	4.290317166041141e-05
ENSG00000106992	4.290149052542432e-05
ENSG00000176422	4.2892424397831516e-05
ENSG00000124406	4.288218190936014e-05
ENSG00000164047	4.28207055558184e-05
ENSG00000163993	4.282033905847422e-05
ENSG00000273859	4.281979977959644e-05
ENSG00000066032	4.2812332822872035e-05
ENSG00000154620	4.281201638396147e-05
ENSG00000188739	4.280948405690226e-05
ENSG00000161243	4.2796049686683954e-05
ENSG00000177054	4.277452891279681e-05
ENSG00000229381	4.269758449090839e-05
ENSG00000185808	4.267136846715114e-05
ENSG00000113312	4.264768742206931e-05
ENSG00000115211	4.2647121253923616e-05
ENSG00000243989	4.2639855018384384e-05
ENSG00000124557	4.263344739837123e-05
ENSG00000204653	4.262825848777099e-05
ENSG00000173068	4.2606753173617805e-05
ENSG00000160447	4.260099430586799e-05
ENSG00000147145	4.258701084072229e-05
ENSG00000146085	4.258671946268988e-05
ENSG00000179562	4.2585527073252346e-05
ENSG00000114127	4.255460455593466e-05
ENSG00000101311	4.254866960314689e-05
ENSG00000162438	4.254706484787776e-05
ENSG00000122386	4.254228316054459e-05
ENSG00000136193	4.2524052733827336e-05
ENSG00000273889	4.2509729999881896e-05
ENSG00000169251	4.250626189511699e-05
ENSG00000138801	4.2493664081520644e-05
ENSG00000109943	4.248188952294874e-05
ENSG00000103199	4.247526467135506e-05
ENSG00000135898	4.245381256957853e-05
ENSG00000196136	4.245206877078897e-05
ENSG00000110583	4.245016516912362e-05
ENSG00000128342	4.244324603822877e-05
ENSG00000164334	4.244083904072094e-05
ENSG00000088320	4.242906061558642e-05
ENSG00000163584	4.242246438444555e-05
ENSG00000183091	4.241297299478023e-05
ENSG00000177879	4.241237094765473e-05
ENSG00000184640	4.2401775495819e-05
ENSG00000070882	4.239792991468434e-05
ENSG00000108932	4.239574715101989e-05
ENSG00000005884	4.239388548303487e-05
ENSG00000198574	4.238222651380903e-05
ENSG00000172175	4.236671823945448e-05
ENSG00000166965	4.236179306449259e-05
ENSG00000121486	4.235261046289343e-05
ENSG00000138613	4.232229415438123e-05
ENSG00000132436	4.231122102615726e-05
ENSG00000166105	4.230815220019716e-05
ENSG00000164483	4.230025004805341e-05
ENSG00000125386	4.2273923883732796e-05
ENSG00000186038	4.226623016473168e-05
ENSG00000005187	4.2243165831317206e-05
ENSG00000277909	4.2240011282450765e-05
ENSG00000177058	4.223571989347695e-05
ENSG00000124795	4.221320079649854e-05
ENSG00000157036	4.221271160946175e-05
ENSG00000198060	4.220616414439283e-05
ENSG00000170049	4.219779667147795e-05
ENSG00000158869	4.219763529629944e-05
ENSG00000150656	4.217835448779972e-05
ENSG00000141526	4.21716302094513e-05
ENSG00000188257	4.2167879798589286e-05
ENSG00000167861	4.215728611670956e-05
ENSG00000138002	4.214115184960814e-05
ENSG00000160505	4.212316510658611e-05
ENSG00000151012	4.2099735262422586e-05
ENSG00000127920	4.20882048284026e-05
ENSG00000169519	4.208143845244881e-05
ENSG00000173917	4.207621492540557e-05
ENSG00000129159	4.206467900853417e-05
ENSG00000114270	4.206084798399385e-05
ENSG00000136240	4.2059650042090805e-05
ENSG00000105048	4.2046972218235636e-05
ENSG00000166833	4.203276901488854e-05
ENSG00000143324	4.202097944403584e-05
ENSG00000001629	4.201614273287314e-05
ENSG00000196860	4.2009969335251576e-05
ENSG00000064652	4.199698169543442e-05
ENSG00000187391	4.198939066363371e-05
ENSG00000162174	4.197858950314416e-05
ENSG00000179041	4.19772384133068e-05
ENSG00000237508	4.194485750969655e-05
ENSG00000167323	4.193014742523162e-05
ENSG00000163586	4.1928935321978115e-05
ENSG00000173546	4.1915245304750045e-05
ENSG00000140798	4.189592876201971e-05
ENSG00000139737	4.188958910931132e-05
ENSG00000144655	4.188948500252951e-05
ENSG00000090316	4.1866240545336554e-05
ENSG00000183161	4.1856474132379896e-05
ENSG00000136816	4.185296491085044e-05
ENSG00000048392	4.1851351695511265e-05
ENSG00000198783	4.184656844608162e-05
ENSG00000197312	4.180405530805417e-05
ENSG00000119973	4.177029038611192e-05
ENSG00000180251	4.176880430063851e-05
ENSG00000184368	4.176578296043507e-05
ENSG00000148834	4.174570639574078e-05
ENSG00000162341	4.172414586044278e-05
ENSG00000104635	4.171713432207546e-05
ENSG00000177963	4.1714107805932666e-05
ENSG00000184515	4.1709753696903855e-05
ENSG00000125912	4.170592943272308e-05
ENSG00000135902	4.169505858620238e-05
ENSG00000109758	4.169434740845288e-05
ENSG00000168286	4.1691352181001245e-05
ENSG00000133627	4.1681781251431816e-05
ENSG00000188191	4.1680910831631e-05
ENSG00000139263	4.166986253892937e-05
ENSG00000198547	4.166601113719996e-05
ENSG00000163354	4.1661853262401666e-05
ENSG00000120907	4.1651952451701206e-05
ENSG00000178750	4.16486644628944e-05
ENSG00000138031	4.163262131983642e-05
ENSG00000135828	4.162724056027139e-05
ENSG00000168925	4.1605911906043636e-05
ENSG00000131848	4.1599291344873566e-05
ENSG00000107554	4.1594751119225596e-05
ENSG00000042445	4.159354486401742e-05
ENSG00000188747	4.158617883849611e-05
ENSG00000178449	4.1586121947435925e-05
ENSG00000103335	4.158510258103931e-05
ENSG00000107317	4.158232218871359e-05
ENSG00000131050	4.1581825876120544e-05
ENSG00000164291	4.1576875537688454e-05
ENSG00000115042	4.1574909397562705e-05
ENSG00000177666	4.156112306125326e-05
ENSG00000138642	4.155214249568665e-05
ENSG00000100099	4.1548138877659585e-05
ENSG00000118017	4.1544412011159694e-05
ENSG00000103056	4.152808799130933e-05
ENSG00000164512	4.1432791003499265e-05
ENSG00000181817	4.142772786911413e-05
ENSG00000175110	4.14199707766334e-05
ENSG00000116120	4.1419773533489355e-05
ENSG00000004059	4.1416794118985195e-05
ENSG00000100632	4.140185149527884e-05
ENSG00000111860	4.138741090489865e-05
ENSG00000082068	4.1367229154417256e-05
ENSG00000163482	4.135736458241191e-05
ENSG00000169976	4.132791049394755e-05
ENSG00000160396	4.132255489236697e-05
ENSG00000132581	4.1282997343860414e-05
ENSG00000242173	4.127485701474773e-05
ENSG00000121797	4.12573893376833e-05
ENSG00000064835	4.124284055473071e-05
ENSG00000214063	4.121470006695974e-05
ENSG00000213390	4.118363807164765e-05
ENSG00000178573	4.117505361223903e-05
ENSG00000114547	4.1174383551849206e-05
ENSG00000070785	4.11708626320518e-05
ENSG00000138709	4.1159093327187616e-05
ENSG00000108578	4.115828355832617e-05
ENSG00000163527	4.115337602403854e-05
ENSG00000053371	4.1148032182402013e-05
ENSG00000165879	4.113801160329896e-05
ENSG00000198888	4.113542974575776e-05
ENSG00000142494	4.112996653609292e-05
ENSG00000150893	4.111525040742845e-05
ENSG00000108852	4.1111538100608356e-05
ENSG00000187796	4.1107065693970505e-05
ENSG00000197594	4.1107023294437964e-05
ENSG00000173334	4.109461284673398e-05
ENSG00000101282	4.109088176707571e-05
ENSG00000169031	4.1076108614855375e-05
ENSG00000137709	4.107262765993746e-05
ENSG00000285443	4.107173856985024e-05
ENSG00000204010	4.106445070725642e-05
ENSG00000166971	4.105988555740224e-05
ENSG00000178726	4.104171887217508e-05
ENSG00000061794	4.104100068491702e-05
ENSG00000172005	4.104087655827789e-05
ENSG00000103811	4.104035218536721e-05
ENSG00000149577	4.101543218656907e-05
ENSG00000123131	4.0998459990649306e-05
ENSG00000284816	4.099825775723013e-05
ENSG00000166938	4.099691498929879e-05
ENSG00000197165	4.099560441277179e-05
ENSG00000206579	4.097852242897964e-05
ENSG00000183434	4.0967809607993116e-05
ENSG00000163956	4.095769431428427e-05
ENSG00000077232	4.094117183955777e-05
ENSG00000058056	4.093879478418e-05
ENSG00000196323	4.0928559146624074e-05
ENSG00000163530	4.0924711825837664e-05
ENSG00000091704	4.0913624736863e-05
ENSG00000196660	4.08930844547177e-05
ENSG00000133048	4.089105785299603e-05
ENSG00000174125	4.088810139947919e-05
ENSG00000133317	4.087738860611174e-05
ENSG00000120798	4.0872340000465896e-05
ENSG00000173406	4.086302344750246e-05
ENSG00000121210	4.0859551981551093e-05
ENSG00000042088	4.085598450918189e-05
ENSG00000185608	4.0846690311299864e-05
ENSG00000141622	4.084464662661505e-05
ENSG00000166736	4.084185632075579e-05
ENSG00000170477	4.083566478875014e-05
ENSG00000105549	4.081829761495834e-05
ENSG00000103353	4.080585982894254e-05
ENSG00000033627	4.080217459853023e-05
ENSG00000163933	4.0800247771321386e-05
ENSG00000174156	4.0795200186095414e-05
ENSG00000110011	4.0792296495778225e-05
ENSG00000147586	4.078930521881628e-05
ENSG00000158874	4.077335572052733e-05
ENSG00000186642	4.075065664154203e-05
ENSG00000151729	4.0750049638968006e-05
ENSG00000106714	4.074976075177764e-05
ENSG00000141425	4.070972762103867e-05
ENSG00000117410	4.070599105859636e-05
ENSG00000107807	4.068750203511892e-05
ENSG00000171206	4.0683844942636653e-05
ENSG00000136100	4.062957544080902e-05
ENSG00000197903	4.0612463303139156e-05
ENSG00000105655	4.059318624938574e-05
ENSG00000186818	4.058340015079806e-05
ENSG00000179886	4.056931076511662e-05
ENSG00000107521	4.0566094906202225e-05
ENSG00000151612	4.056379930576297e-05
ENSG00000205323	4.056101365281348e-05
ENSG00000101160	4.0542617366286164e-05
ENSG00000115761	4.052678970353388e-05
ENSG00000182247	4.0498634546937257e-05
ENSG00000184347	4.0487697892841025e-05
ENSG00000115604	4.047629708048835e-05
ENSG00000127329	4.0454560858796345e-05
ENSG00000197121	4.045320504385583e-05
ENSG00000010361	4.044938723639641e-05
ENSG00000171403	4.044870344812848e-05
ENSG00000163710	4.04479267284923e-05
ENSG00000153208	4.044696361910344e-05
ENSG00000179761	4.044618953224405e-05
ENSG00000143878	4.044512222790216e-05
ENSG00000122435	4.044221019338411e-05
ENSG00000276082	4.044025798373101e-05
ENSG00000161634	4.042428238067998e-05
ENSG00000110675	4.040955643475525e-05
ENSG00000135577	4.0405373694509694e-05
ENSG00000163630	4.037544375228228e-05
ENSG00000197498	4.0373511289894816e-05
ENSG00000065029	4.037208128259158e-05
ENSG00000138640	4.037196244924429e-05
ENSG00000185666	4.0366039268489915e-05
ENSG00000197381	4.035285042970508e-05
ENSG00000197275	4.0350611703007805e-05
ENSG00000264424	4.034241223083911e-05
ENSG00000115468	4.032158528551374e-05
ENSG00000095397	4.031015237108195e-05
ENSG00000115875	4.027447548389536e-05
ENSG00000175595	4.026734775975883e-05
ENSG00000123360	4.026585590326142e-05
ENSG00000153786	4.0257251386741784e-05
ENSG00000180720	4.0209216847053356e-05
ENSG00000123685	4.020889217685739e-05
ENSG00000166819	4.0192670991813785e-05
ENSG00000184292	4.018706157896672e-05
ENSG00000105997	4.018303409540061e-05
ENSG00000188488	4.017109098567929e-05
ENSG00000197747	4.017038017105411e-05
ENSG00000119630	4.015770759404806e-05
ENSG00000090006	4.01572741482118e-05
ENSG00000119760	4.014871954612414e-05
ENSG00000128641	4.014695915801202e-05
ENSG00000166603	4.013474392304292e-05
ENSG00000166265	4.0132743163974784e-05
ENSG00000128607	4.012818033254966e-05
ENSG00000171611	4.0110333581207606e-05
ENSG00000179148	4.009870334923513e-05
ENSG00000080224	4.0098270750715414e-05
ENSG00000131378	4.009357588846918e-05
ENSG00000198844	4.008829139002812e-05
ENSG00000262826	4.008178504995877e-05
ENSG00000166181	4.0071618480625766e-05
ENSG00000196091	4.0070770575851094e-05
ENSG00000112182	4.0062758270314936e-05
ENSG00000182533	4.0058512934594825e-05
ENSG00000084652	4.0057380953631365e-05
ENSG00000100347	4.00542216910632e-05
ENSG00000100065	4.0041037177223856e-05
ENSG00000255501	4.003930512493426e-05
ENSG00000131153	4.002760375120717e-05
ENSG00000157734	4.0017159606852616e-05
ENSG00000145191	4.001714190998565e-05
ENSG00000135070	4.000089946777064e-05
ENSG00000285032	3.99777745845858e-05
ENSG00000109047	3.994466789732683e-05
ENSG00000102921	3.994461457123942e-05
ENSG00000162849	3.994171632379e-05
ENSG00000205220	3.993398950081366e-05
ENSG00000137074	3.99337978493821e-05
ENSG00000152465	3.992427517538053e-05
ENSG00000164438	3.99161854220311e-05
ENSG00000165983	3.991427771064824e-05
ENSG00000154710	3.991201520550844e-05
ENSG00000021645	3.9907528865404286e-05
ENSG00000087237	3.987595391989582e-05
ENSG00000214517	3.987505011987227e-05
ENSG00000154639	3.986950731752143e-05
ENSG00000158220	3.985236844422322e-05
ENSG00000164342	3.98306052881917e-05
ENSG00000140612	3.981845905622904e-05
ENSG00000230143	3.9816128626236404e-05
ENSG00000169914	3.980580825278763e-05
ENSG00000203883	3.97997759902952e-05
ENSG00000168484	3.979600699198323e-05
ENSG00000143450	3.97944992868754e-05
ENSG00000156467	3.978036577290788e-05
ENSG00000198937	3.9773670206043366e-05
ENSG00000172922	3.976178391409968e-05
ENSG00000128590	3.975407053950582e-05
ENSG00000152601	3.9752702135910755e-05
ENSG00000106031	3.973100588924839e-05
ENSG00000241635	3.97308982423343e-05
ENSG00000121594	3.972392402113882e-05
ENSG00000198804	3.9704072380300414e-05
ENSG00000111181	3.968575389593777e-05
ENSG00000153922	3.966487225548838e-05
ENSG00000131016	3.9661636931123646e-05
ENSG00000185565	3.964399478563803e-05
ENSG00000071967	3.9642741573895584e-05
ENSG00000154734	3.9640716425307927e-05
ENSG00000104267	3.9630229156930355e-05
ENSG00000148411	3.962852916691161e-05
ENSG00000185515	3.9625456555313325e-05
ENSG00000129538	3.962470753500554e-05
ENSG00000203943	3.9621470159697415e-05
ENSG00000100077	3.9621029066207976e-05
ENSG00000187522	3.961492346932719e-05
ENSG00000115282	3.961398388173815e-05
ENSG00000163684	3.960961648306723e-05
ENSG00000166452	3.958833792465987e-05
ENSG00000117148	3.957797037391846e-05
ENSG00000131864	3.9565995713801875e-05
ENSG00000196998	3.956472998465457e-05
ENSG00000089775	3.956377617087565e-05
ENSG00000009830	3.953416809401835e-05
ENSG00000132740	3.9526152659389925e-05
ENSG00000087250	3.9523299174664596e-05
ENSG00000142279	3.952039192848081e-05
ENSG00000103855	3.951867723493367e-05
ENSG00000107159	3.9515168951346786e-05
ENSG00000275221	3.95084527214531e-05
ENSG00000145916	3.949923626179256e-05
ENSG00000129353	3.948866623220451e-05
ENSG00000134321	3.942914144183251e-05
ENSG00000167378	3.942595621181766e-05
ENSG00000129250	3.942310381733447e-05
ENSG00000159212	3.9419791982023836e-05
ENSG00000128713	3.9397495460347645e-05
ENSG00000283068	3.939299507327605e-05
ENSG00000130037	3.934464184903841e-05
ENSG00000100600	3.9341741333641604e-05
ENSG00000113811	3.9339980835129815e-05
ENSG00000132681	3.933719600241514e-05
ENSG00000086015	3.933225304564222e-05
ENSG00000004776	3.933062547431367e-05
ENSG00000274726	3.929945244294287e-05
ENSG00000198252	3.929439588426991e-05
ENSG00000046647	3.927204206808732e-05
ENSG00000173769	3.92671038506163e-05
ENSG00000102935	3.926550923134407e-05
ENSG00000277633	3.926517395678035e-05
ENSG00000125810	3.9259161950223615e-05
ENSG00000126602	3.925733687679248e-05
ENSG00000102970	3.9213863186778333e-05
ENSG00000139734	3.920405701315606e-05
ENSG00000230989	3.920057830804006e-05
ENSG00000116874	3.918847215742931e-05
ENSG00000167549	3.918725344899174e-05
ENSG00000182566	3.916264367944373e-05
ENSG00000155876	3.914049609778641e-05
ENSG00000130226	3.912096577721759e-05
ENSG00000167531	3.911853699182574e-05
ENSG00000111716	3.910471152173267e-05
ENSG00000143952	3.90915267318951e-05
ENSG00000154188	3.9070792697921494e-05
ENSG00000171532	3.9065713640363844e-05
ENSG00000139131	3.906106717256611e-05
ENSG00000187134	3.9058967964323825e-05
ENSG00000150712	3.905526601782237e-05
ENSG00000285152	3.901929007339247e-05
ENSG00000197971	3.901852350064438e-05
ENSG00000110090	3.9010928128023425e-05
ENSG00000188783	3.899572633398358e-05
ENSG00000233801	3.899313077508928e-05
ENSG00000142552	3.899292897776748e-05
ENSG00000090487	3.897499015537509e-05
ENSG00000108947	3.897191740562295e-05
ENSG00000137040	3.895421601220646e-05
ENSG00000137806	3.8933459687777455e-05
ENSG00000156466	3.892888054626945e-05
ENSG00000130176	3.8915142095836795e-05
ENSG00000160908	3.890106443377907e-05
ENSG00000100836	3.889161787097096e-05
ENSG00000166260	3.8891289064641565e-05
ENSG00000284571	3.88853785472199e-05
ENSG00000173141	3.8881849292773684e-05
ENSG00000167757	3.8878800106977684e-05
ENSG00000176142	3.88655864255381e-05
ENSG00000145365	3.8864217122535946e-05
ENSG00000276051	3.8852940801678214e-05
ENSG00000104450	3.883497686294058e-05
ENSG00000023608	3.8824834793112545e-05
ENSG00000071994	3.879481899463486e-05
ENSG00000167123	3.878816057108917e-05
ENSG00000125257	3.877463900116615e-05
ENSG00000137409	3.87679502023354e-05
ENSG00000152086	3.876462771304843e-05
ENSG00000067334	3.875975280267982e-05
ENSG00000180730	3.8753487034984025e-05
ENSG00000162813	3.870582740465525e-05
ENSG00000178188	3.869195389175423e-05
ENSG00000223355	3.8691823383132684e-05
ENSG00000185838	3.8682779992939086e-05
ENSG00000147862	3.8671286235082846e-05
ENSG00000170276	3.867070696294116e-05
ENSG00000174652	3.865246483534091e-05
ENSG00000138162	3.865150557071339e-05
ENSG00000136111	3.8643251783993885e-05
ENSG00000131018	3.863453527493172e-05
ENSG00000025796	3.863253291759436e-05
ENSG00000276480	3.861762017624902e-05
ENSG00000183048	3.861238715792391e-05
ENSG00000180817	3.859226712233529e-05
ENSG00000170633	3.857869831538781e-05
ENSG00000027697	3.8551273825240244e-05
ENSG00000177200	3.8528618688862424e-05
ENSG00000033867	3.852850862332886e-05
ENSG00000162520	3.8524374625625e-05
ENSG00000198786	3.852149486380578e-05
ENSG00000185043	3.850495088179176e-05
ENSG00000177030	3.849243147115505e-05
ENSG00000133477	3.847834678515184e-05
ENSG00000167306	3.8470507156188216e-05
ENSG00000170367	3.846375862254514e-05
ENSG00000276045	3.8453920324766035e-05
ENSG00000288145	3.84497512449129e-05
ENSG00000186628	3.84423225619096e-05
ENSG00000100170	3.843845043390502e-05
ENSG00000141985	3.843645017876345e-05
ENSG00000149596	3.842979114814675e-05
ENSG00000124155	3.842546620416109e-05
ENSG00000138442	3.841125975665086e-05
ENSG00000036672	3.8406665174507866e-05
ENSG00000076344	3.840194324411384e-05
ENSG00000171246	3.8401392988057895e-05
ENSG00000155393	3.839965439879217e-05
ENSG00000141574	3.839844189095307e-05
ENSG00000178996	3.838936449905571e-05
ENSG00000132254	3.838772923951772e-05
ENSG00000176473	3.838748770989587e-05
ENSG00000115307	3.8381691614897714e-05
ENSG00000169469	3.83780833827689e-05
ENSG00000136872	3.8371478268867404e-05
ENSG00000168209	3.8360751837246084e-05
ENSG00000156860	3.8360244916513684e-05
ENSG00000137504	3.8324032805449154e-05
ENSG00000148335	3.8310781274862436e-05
ENSG00000155629	3.8303977771183025e-05
ENSG00000133872	3.830195481643796e-05
ENSG00000147655	3.829447230916717e-05
ENSG00000102908	3.82826660298723e-05
ENSG00000106100	3.827734507100734e-05
ENSG00000016402	3.8277119441441214e-05
ENSG00000152207	3.82748509291655e-05
ENSG00000100034	3.8272639715106383e-05
ENSG00000166228	3.826521792459799e-05
ENSG00000103061	3.8262158513628385e-05
ENSG00000122862	3.825704809977788e-05
ENSG00000089356	3.82434344013187e-05
ENSG00000150347	3.823860176499244e-05
ENSG00000198912	3.823816937821869e-05
ENSG00000123178	3.8238007474904995e-05
ENSG00000076641	3.8235253120233455e-05
ENSG00000047644	3.8233173515260846e-05
ENSG00000077009	3.823314270561677e-05
ENSG00000135108	3.822690905333617e-05
ENSG00000099139	3.822574238648276e-05
ENSG00000063245	3.821320942348738e-05
ENSG00000120162	3.821087847871239e-05
ENSG00000142864	3.8179344721388426e-05
ENSG00000167977	3.817464245948346e-05
ENSG00000140474	3.816729713690025e-05
ENSG00000146755	3.816677766509192e-05
ENSG00000088808	3.816599707847237e-05
ENSG00000124827	3.815593895389342e-05
ENSG00000069943	3.815085445333257e-05
ENSG00000138735	3.815054307523778e-05
ENSG00000173409	3.814017020794452e-05
ENSG00000115526	3.812150738042602e-05
ENSG00000162512	3.8112948444841514e-05
ENSG00000160007	3.809632124744699e-05
ENSG00000150316	3.8078542544092535e-05
ENSG00000121316	3.807475359442014e-05
ENSG00000204673	3.806720801526153e-05
ENSG00000133818	3.8066983602311156e-05
ENSG00000162390	3.805995598951363e-05
ENSG00000110917	3.80338865707011e-05
ENSG00000211448	3.8017038014328615e-05
ENSG00000167654	3.8009299554699176e-05
ENSG00000113430	3.798100778279394e-05
ENSG00000163884	3.797271897593791e-05
ENSG00000283781	3.797249584566569e-05
ENSG00000175324	3.797102156689793e-05
ENSG00000089050	3.7969172881232796e-05
ENSG00000138449	3.796494188568367e-05
ENSG00000184792	3.795887976548695e-05
ENSG00000147689	3.794891895391641e-05
ENSG00000178171	3.7941269034575035e-05
ENSG00000099256	3.7927885554804675e-05
ENSG00000133019	3.786540051407172e-05
ENSG00000177614	3.785460134572084e-05
ENSG00000145214	3.785418154242011e-05
ENSG00000134265	3.785215971126891e-05
ENSG00000172995	3.78493140482781e-05
ENSG00000153956	3.784255969427528e-05
ENSG00000136449	3.782755647749972e-05
ENSG00000068001	3.782663917917702e-05
ENSG00000110108	3.782229580659473e-05
ENSG00000100239	3.7781890174195935e-05
ENSG00000175895	3.7760090853888314e-05
ENSG00000040199	3.772984585561096e-05
ENSG00000114698	3.7722596175415224e-05
ENSG00000139269	3.7714473354862514e-05
ENSG00000213694	3.7713138337336794e-05
ENSG00000162104	3.7706164888891204e-05
ENSG00000141665	3.770551579429345e-05
ENSG00000117862	3.770530479727858e-05
ENSG00000104154	3.769257130632715e-05
ENSG00000117133	3.7681147253263064e-05
ENSG00000007171	3.7657942292470033e-05
ENSG00000180611	3.7654121409301926e-05
ENSG00000183067	3.765101063454935e-05
ENSG00000166025	3.764425846324261e-05
ENSG00000198183	3.7643975799784364e-05
ENSG00000131374	3.763932634827167e-05
ENSG00000171551	3.763896894197312e-05
ENSG00000188735	3.763373230092905e-05
ENSG00000100150	3.762162454118545e-05
ENSG00000170638	3.761720444773833e-05
ENSG00000124839	3.760413107362888e-05
ENSG00000244045	3.760360561621018e-05
ENSG00000149357	3.760109098551012e-05
ENSG00000100564	3.7567703356931286e-05
ENSG00000144711	3.756244972339356e-05
ENSG00000152518	3.756234507169823e-05
ENSG00000101457	3.7543634195615866e-05
ENSG00000141540	3.753177958929184e-05
ENSG00000136319	3.751929533300302e-05
ENSG00000283060	3.751711553165103e-05
ENSG00000112936	3.7512613616902206e-05
ENSG00000100346	3.750890486541769e-05
ENSG00000229432	3.749206020150303e-05
ENSG00000152785	3.748864477275246e-05
ENSG00000156802	3.7462854720358985e-05
ENSG00000010818	3.745292480651686e-05
ENSG00000186049	3.74477396085497e-05
ENSG00000275385	3.744351971203787e-05
ENSG00000041988	3.741225255414867e-05
ENSG00000132840	3.7409866289293094e-05
ENSG00000213413	3.740153232471382e-05
ENSG00000172159	3.739598316066762e-05
ENSG00000118564	3.739460777937334e-05
ENSG00000173540	3.7392628575964605e-05
ENSG00000162783	3.7388881028961356e-05
ENSG00000166788	3.738825294549213e-05
ENSG00000214413	3.7375413420047023e-05
ENSG00000118960	3.736814932398268e-05
ENSG00000144730	3.7363990427983654e-05
ENSG00000154133	3.734825113903322e-05
ENSG00000258839	3.73461267424977e-05
ENSG00000100294	3.734094033643431e-05
ENSG00000173852	3.733810148987471e-05
ENSG00000116962	3.7335970885259206e-05
ENSG00000125848	3.732547968029021e-05
ENSG00000184508	3.729051912551996e-05
ENSG00000077147	3.728596574012428e-05
ENSG00000275051	3.728099374516975e-05
ENSG00000006210	3.727909919933665e-05
ENSG00000162761	3.7278402883010134e-05
ENSG00000006016	3.7270379374779835e-05
ENSG00000281614	3.7269304239544174e-05
ENSG00000159720	3.726805243037921e-05
ENSG00000091127	3.725962088233713e-05
ENSG00000119929	3.7256752617948415e-05
ENSG00000278787	3.724948360461734e-05
ENSG00000109625	3.7244413940239735e-05
ENSG00000089169	3.7236723467922696e-05
ENSG00000137274	3.7229060108801405e-05
ENSG00000137936	3.7226197556479584e-05
ENSG00000177981	3.722337092081038e-05
ENSG00000171763	3.7201217088247774e-05
ENSG00000171873	3.719321570166403e-05
ENSG00000139428	3.718246212178769e-05
ENSG00000135312	3.717572725053221e-05
ENSG00000277462	3.716760544820183e-05
ENSG00000136011	3.71634018393813e-05
ENSG00000138741	3.715326018718183e-05
ENSG00000148120	3.714400823100317e-05
ENSG00000198053	3.713593916214811e-05
ENSG00000182759	3.709525893391642e-05
ENSG00000111011	3.709315955001638e-05
ENSG00000120875	3.7092550220075824e-05
ENSG00000110888	3.709014981274494e-05
ENSG00000124380	3.707323179183694e-05
ENSG00000171450	3.706827495731047e-05
ENSG00000170369	3.706190401609324e-05
ENSG00000142182	3.703308794331659e-05
ENSG00000148842	3.7025167795218176e-05
ENSG00000132313	3.7004912061102824e-05
ENSG00000125571	3.698951013854876e-05
ENSG00000166171	3.697259541449406e-05
ENSG00000149557	3.694982013757581e-05
ENSG00000077684	3.6948839037154945e-05
ENSG00000100526	3.693148564511575e-05
ENSG00000065534	3.6924273552767394e-05
ENSG00000126878	3.691901779422364e-05
ENSG00000162910	3.691210131405193e-05
ENSG00000185842	3.6868026728231594e-05
ENSG00000146676	3.686694381860578e-05
ENSG00000125430	3.685745505402224e-05
ENSG00000149150	3.680057011374937e-05
ENSG00000072778	3.679864789229475e-05
ENSG00000148730	3.6790880316523086e-05
ENSG00000102349	3.67796997361447e-05
ENSG00000177971	3.6766014740938084e-05
ENSG00000109270	3.67557675812818e-05
ENSG00000170927	3.671080211808318e-05
ENSG00000172399	3.670581105904554e-05
ENSG00000152208	3.669764236241317e-05
ENSG00000104731	3.6680891960768755e-05
ENSG00000164938	3.667605050919365e-05
ENSG00000140853	3.667259526024385e-05
ENSG00000162873	3.666116662023859e-05
ENSG00000133657	3.665845693155602e-05
ENSG00000168300	3.665295554589448e-05
ENSG00000242265	3.665104240784099e-05
ENSG00000166165	3.6639102570576706e-05
ENSG00000163191	3.6638158935390365e-05
ENSG00000122756	3.661355907608426e-05
ENSG00000175344	3.6610850049156366e-05
ENSG00000170775	3.659592468190703e-05
ENSG00000064687	3.65886461980135e-05
ENSG00000152192	3.658426831494087e-05
ENSG00000197969	3.657280725705804e-05
ENSG00000183813	3.654258116044591e-05
ENSG00000120256	3.650202710120363e-05
ENSG00000119812	3.649770180348876e-05
ENSG00000213995	3.6478511132950396e-05
ENSG00000119673	3.647541329034492e-05
ENSG00000213366	3.646329651498622e-05
ENSG00000050426	3.645682805741054e-05
ENSG00000144909	3.6452527690968086e-05
ENSG00000079819	3.6446332714344814e-05
ENSG00000004864	3.63625022470837e-05
ENSG00000103150	3.635830547163712e-05
ENSG00000159322	3.635717758856538e-05
ENSG00000049089	3.635322463076045e-05
ENSG00000130638	3.634721316284442e-05
ENSG00000185615	3.633471832038208e-05
ENSG00000169856	3.633078921995796e-05
ENSG00000198720	3.631852924932446e-05
ENSG00000164035	3.6303146124120604e-05
ENSG00000112146	3.630139678229449e-05
ENSG00000169020	3.6288383269078586e-05
ENSG00000129151	3.62806114660896e-05
ENSG00000113361	3.62782184697604e-05
ENSG00000113448	3.62683607297461e-05
ENSG00000065183	3.626781819252903e-05
ENSG00000180891	3.626746149593236e-05
ENSG00000186442	3.626628088752364e-05
ENSG00000168256	3.625945430483382e-05
ENSG00000140521	3.6251182918203387e-05
ENSG00000221866	3.624464458376089e-05
ENSG00000134684	3.623812064510662e-05
ENSG00000171855	3.623509176946435e-05
ENSG00000275013	3.62332974913097e-05
ENSG00000146757	3.6230629974936885e-05
ENSG00000149231	3.620794507347101e-05
ENSG00000196116	3.620297701773618e-05
ENSG00000197217	3.619968745337892e-05
ENSG00000086205	3.6171233040473525e-05
ENSG00000102393	3.616308715783879e-05
ENSG00000008516	3.6150192327249176e-05
ENSG00000141569	3.6138830251873205e-05
ENSG00000243147	3.6137637299418604e-05
ENSG00000077063	3.612383514593779e-05
ENSG00000061918	3.6120378214134985e-05
ENSG00000131495	3.611682585083564e-05
ENSG00000129566	3.6112092778549684e-05
ENSG00000174851	3.6096727797425667e-05
ENSG00000228083	3.607066054568084e-05
ENSG00000138231	3.604156650008852e-05
ENSG00000144677	3.6008258898441854e-05
ENSG00000147364	3.5998676353557264e-05
ENSG00000109436	3.597880978104547e-05
ENSG00000103995	3.596898574897176e-05
ENSG00000182263	3.5965755062699185e-05
ENSG00000163170	3.595391920509405e-05
ENSG00000198841	3.595109975186009e-05
ENSG00000178177	3.594507244262797e-05
ENSG00000125458	3.593848848802454e-05
ENSG00000035115	3.592803116149583e-05
ENSG00000160075	3.590272025993773e-05
ENSG00000149133	3.589803211015476e-05
ENSG00000043514	3.5885368336720194e-05
ENSG00000161618	3.587819794678681e-05
ENSG00000141556	3.5872164555360215e-05
ENSG00000164985	3.5865985095321155e-05
ENSG00000133028	3.585489181178447e-05
ENSG00000018510	3.5854204509738665e-05
ENSG00000156453	3.582681919111543e-05
ENSG00000003096	3.582280134893969e-05
ENSG00000106436	3.5821614531504996e-05
ENSG00000120686	3.580723786174517e-05
ENSG00000134375	3.5801029107674473e-05
ENSG00000233816	3.579956066560079e-05
ENSG00000106333	3.579159850156302e-05
ENSG00000133112	3.579125991253943e-05
ENSG00000124731	3.57873219875145e-05
ENSG00000110975	3.578273218473369e-05
ENSG00000131269	3.5767359730763466e-05
ENSG00000248333	3.575796263268093e-05
ENSG00000267796	3.575346799730743e-05
ENSG00000014824	3.574737081290085e-05
ENSG00000031698	3.572063538412516e-05
ENSG00000269404	3.570555713702057e-05
ENSG00000091106	3.570489545604868e-05
ENSG00000165678	3.568856642278399e-05
ENSG00000100360	3.567362002834849e-05
ENSG00000140564	3.56582249516149e-05
ENSG00000100711	3.565739994765665e-05
ENSG00000104044	3.563982786583131e-05
ENSG00000102699	3.563195421632928e-05
ENSG00000116353	3.5629099665682595e-05
ENSG00000159579	3.5628011743602386e-05
ENSG00000132294	3.5626080620568565e-05
ENSG00000164096	3.562530824069492e-05
ENSG00000130294	3.5618768367194953e-05
ENSG00000134317	3.5572390794765706e-05
ENSG00000035862	3.556671709486994e-05
ENSG00000187742	3.555551505842622e-05
ENSG00000147852	3.5539308223660685e-05
ENSG00000183856	3.55334082155215e-05
ENSG00000152749	3.553006664232745e-05
ENSG00000112096	3.552900582701422e-05
ENSG00000283706	3.549177231009465e-05
ENSG00000127580	3.548733780548912e-05
ENSG00000123989	3.5486538767311775e-05
ENSG00000170370	3.5483205694279655e-05
ENSG00000214113	3.548230705795904e-05
ENSG00000242689	3.548037408150356e-05
ENSG00000100299	3.5478615680631153e-05
ENSG00000102466	3.5468438787138995e-05
ENSG00000125148	3.544285825386765e-05
ENSG00000158552	3.543214724563855e-05
ENSG00000136261	3.542565814312115e-05
ENSG00000128656	3.541276580885044e-05
ENSG00000120937	3.5405778176921864e-05
ENSG00000141084	3.5401955300033945e-05
ENSG00000143891	3.539182118291706e-05
ENSG00000126777	3.539125848146374e-05
ENSG00000197863	3.538954852476141e-05
ENSG00000082641	3.538293471253478e-05
ENSG00000129235	3.538222948752366e-05
ENSG00000278494	3.537987610928961e-05
ENSG00000143847	3.536928608962597e-05
ENSG00000173320	3.534370045731117e-05
ENSG00000067082	3.534230894204712e-05
ENSG00000166111	3.529879085252246e-05
ENSG00000093010	3.528500032463314e-05
ENSG00000119953	3.528106485135318e-05
ENSG00000184486	3.527730055396152e-05
ENSG00000172340	3.52750325179097e-05
ENSG00000108384	3.5263728886780655e-05
ENSG00000181690	3.524928317326134e-05
ENSG00000225553	3.523318814356827e-05
ENSG00000162852	3.522258530197343e-05
ENSG00000186684	3.52163535596683e-05
ENSG00000135778	3.520815986368432e-05
ENSG00000132196	3.520257708968518e-05
ENSG00000104341	3.519378100959439e-05
ENSG00000162009	3.519081065691356e-05
ENSG00000183963	3.5179266426629995e-05
ENSG00000172482	3.516606794621438e-05
ENSG00000100523	3.5164563581362396e-05
ENSG00000256797	3.5154693476809386e-05
ENSG00000010327	3.5141475368676444e-05
ENSG00000173599	3.513510235153482e-05
ENSG00000196422	3.5114812846357e-05
ENSG00000064787	3.511306224104368e-05
ENSG00000173482	3.5110506296062164e-05
ENSG00000239887	3.508067658111167e-05
ENSG00000070961	3.507529613595413e-05
ENSG00000164405	3.506104231929638e-05
ENSG00000198753	3.5058194347604825e-05
ENSG00000188958	3.504946805079614e-05
ENSG00000138756	3.504766010077095e-05
ENSG00000100124	3.5043491120937826e-05
ENSG00000117385	3.502944332282983e-05
ENSG00000105357	3.502710843512134e-05
ENSG00000143179	3.502286486701365e-05
ENSG00000135362	3.502043180399638e-05
ENSG00000105755	3.50075117946154e-05
ENSG00000189023	3.500304373501051e-05
ENSG00000177542	3.498668981679257e-05
ENSG00000173545	3.497686337468741e-05
ENSG00000205138	3.497615397086262e-05
ENSG00000144218	3.496883037972875e-05
ENSG00000243725	3.496801136739664e-05
ENSG00000186377	3.496510065850175e-05
ENSG00000188033	3.4956879222399776e-05
ENSG00000234906	3.4955049022395064e-05
ENSG00000169155	3.495304883577545e-05
ENSG00000020426	3.490849480215203e-05
ENSG00000282873	3.488508339766463e-05
ENSG00000147041	3.487443883312498e-05
ENSG00000102910	3.4860574589186033e-05
ENSG00000130475	3.4858247064191965e-05
ENSG00000171316	3.4837254927982965e-05
ENSG00000100335	3.4823252969340674e-05
ENSG00000166839	3.481935217331412e-05
ENSG00000183696	3.4804149038324794e-05
ENSG00000106246	3.479683825524401e-05
ENSG00000167941	3.4771468659635334e-05
ENSG00000142686	3.475786915245764e-05
ENSG00000172780	3.475118574423078e-05
ENSG00000103148	3.473744193539503e-05
ENSG00000175906	3.472988658728726e-05
ENSG00000130427	3.4729673916536534e-05
ENSG00000163499	3.4710932303363726e-05
ENSG00000132141	3.471076967350517e-05
ENSG00000115884	3.4705780780915996e-05
ENSG00000115239	3.469696964691288e-05
ENSG00000068885	3.469554293385106e-05
ENSG00000188375	3.468685664252916e-05
ENSG00000214753	3.46862020285715e-05
ENSG00000114993	3.46819745791194e-05
ENSG00000188542	3.468126411307777e-05
ENSG00000164919	3.46772485727854e-05
ENSG00000129158	3.466819257017593e-05
ENSG00000165966	3.465918802429507e-05
ENSG00000039537	3.4638157358936214e-05
ENSG00000104537	3.462960106624944e-05
ENSG00000121053	3.4613387357912736e-05
ENSG00000167216	3.461321239726833e-05
ENSG00000275111	3.461188462072563e-05
ENSG00000170860	3.460419055334673e-05
ENSG00000186564	3.4591872630722396e-05
ENSG00000091164	3.4588260267505025e-05
ENSG00000274497	3.458789586274635e-05
ENSG00000171617	3.4576688878311846e-05
ENSG00000118707	3.4576249046612836e-05
ENSG00000154721	3.4561844736898734e-05
ENSG00000134709	3.455378912035516e-05
ENSG00000006282	3.455376142951589e-05
ENSG00000105429	3.4542649781720186e-05
ENSG00000152409	3.454251180999652e-05
ENSG00000276230	3.453671241442481e-05
ENSG00000151615	3.4528975133429115e-05
ENSG00000242220	3.4502111505033156e-05
ENSG00000105514	3.449708218241188e-05
ENSG00000134762	3.4496445781236045e-05
ENSG00000111704	3.449465346877936e-05
ENSG00000147246	3.4493126433287874e-05
ENSG00000280610	3.448137445851066e-05
ENSG00000188312	3.447200653869969e-05
ENSG00000130703	3.4463485803234776e-05
ENSG00000161664	3.442636261448769e-05
ENSG00000198324	3.442138304967843e-05
ENSG00000158571	3.4417556947911014e-05
ENSG00000175287	3.4414010251502066e-05
ENSG00000188620	3.4408281393271335e-05
ENSG00000164344	3.438885343663523e-05
ENSG00000145439	3.4364542683675136e-05
ENSG00000065802	3.43603012293631e-05
ENSG00000037965	3.432320867664192e-05
ENSG00000203780	3.4318081520645864e-05
ENSG00000171209	3.4309504520373477e-05
ENSG00000149922	3.4296485865115364e-05
ENSG00000135124	3.429273994261169e-05
ENSG00000170604	3.429176789973139e-05
ENSG00000096872	3.427654037364022e-05
ENSG00000171428	3.42656030253138e-05
ENSG00000110104	3.4264162662487744e-05
ENSG00000151655	3.4255428498588855e-05
ENSG00000178921	3.424838770601896e-05
ENSG00000131773	3.422415908176713e-05
ENSG00000113739	3.419965349647964e-05
ENSG00000059804	3.4197246310266845e-05
ENSG00000099282	3.419270988817968e-05
ENSG00000168404	3.419241966720002e-05
ENSG00000282608	3.41564986049726e-05
ENSG00000026751	3.4155178171053785e-05
ENSG00000164627	3.414000420599762e-05
ENSG00000157985	3.41358495841295e-05
ENSG00000110696	3.411966089759005e-05
ENSG00000257949	3.411640823234696e-05
ENSG00000143839	3.408979642078061e-05
ENSG00000100987	3.4084698719641046e-05
ENSG00000114200	3.408262927468351e-05
ENSG00000003436	3.406015519470063e-05
ENSG00000100226	3.4048169006922847e-05
ENSG00000169902	3.4041017123666046e-05
ENSG00000100504	3.404022555295879e-05
ENSG00000162636	3.40267238469708e-05
ENSG00000185010	3.402025213542386e-05
ENSG00000135930	3.4017183453793365e-05
ENSG00000107736	3.4002942871393805e-05
ENSG00000138496	3.3996738666243594e-05
ENSG00000282928	3.399612343553736e-05
ENSG00000166716	3.399215907111845e-05
ENSG00000104611	3.398879364405094e-05
ENSG00000225614	3.3984777236897006e-05
ENSG00000180871	3.397546839326862e-05
ENSG00000166503	3.3974133932821604e-05
ENSG00000102580	3.3971748231994386e-05
ENSG00000152689	3.397150315267661e-05
ENSG00000100146	3.3956257228178765e-05
ENSG00000103742	3.395358565338013e-05
ENSG00000109787	3.394729152722604e-05
ENSG00000077454	3.394416952689007e-05
ENSG00000185305	3.39403871680782e-05
ENSG00000135447	3.393725265793912e-05
ENSG00000179532	3.393280847138565e-05
ENSG00000245680	3.3932453534240084e-05
ENSG00000101323	3.392143018037325e-05
ENSG00000170571	3.392086833844994e-05
ENSG00000197885	3.391793236364645e-05
ENSG00000152270	3.39124145272141e-05
ENSG00000120647	3.3908016495708785e-05
ENSG00000143278	3.388140986914795e-05
ENSG00000116032	3.3879593927461905e-05
ENSG00000175879	3.386931156957505e-05
ENSG00000174007	3.384974178793129e-05
ENSG00000185475	3.3818210813500046e-05
ENSG00000148019	3.380737601432228e-05
ENSG00000176401	3.380003731796788e-05
ENSG00000213463	3.378679536294465e-05
ENSG00000104613	3.376938574112644e-05
ENSG00000154997	3.3761392452759625e-05
ENSG00000114480	3.3761057041813693e-05
ENSG00000170802	3.375498481741543e-05
ENSG00000120278	3.3754692274996926e-05
ENSG00000163904	3.375357378531148e-05
ENSG00000144161	3.3738697629194696e-05
ENSG00000138495	3.373325584715991e-05
ENSG00000109854	3.373038874210034e-05
ENSG00000274047	3.372704287454525e-05
ENSG00000110245	3.371519930249926e-05
ENSG00000121749	3.370752391303542e-05
ENSG00000241468	3.3690760869640124e-05
ENSG00000167550	3.368647698651765e-05
ENSG00000148604	3.367725239035009e-05
ENSG00000173960	3.366303352612429e-05
ENSG00000184408	3.3646775639946595e-05
ENSG00000136936	3.364482340174187e-05
ENSG00000120549	3.364269859394395e-05
ENSG00000090612	3.3630287614945784e-05
ENSG00000132326	3.361007312604052e-05
ENSG00000163060	3.360879123788895e-05
ENSG00000065485	3.3588254852678794e-05
ENSG00000169896	3.3570202952051255e-05
ENSG00000206561	3.35649400741827e-05
ENSG00000177951	3.355774055209844e-05
ENSG00000079313	3.354623175819992e-05
ENSG00000113161	3.35372198380264e-05
ENSG00000107672	3.3530118516310446e-05
ENSG00000161980	3.350922125058814e-05
ENSG00000283447	3.349018633495972e-05
ENSG00000102048	3.345519464047422e-05
ENSG00000167487	3.3425089114197954e-05
ENSG00000105699	3.342234352215616e-05
ENSG00000169139	3.3410791060506475e-05
ENSG00000164252	3.340081185356221e-05
ENSG00000104140	3.339710342033354e-05
ENSG00000182185	3.339597386631522e-05
ENSG00000277733	3.338968593695775e-05
ENSG00000106086	3.337898203281471e-05
ENSG00000129103	3.3376426840418906e-05
ENSG00000150636	3.337632138082737e-05
ENSG00000102181	3.3358138709551665e-05
ENSG00000189266	3.3355906639323237e-05
ENSG00000006652	3.335049976934842e-05
ENSG00000113088	3.3333095183089594e-05
ENSG00000136811	3.333007526547357e-05
ENSG00000115488	3.3315957989240346e-05
ENSG00000107562	3.3312138435468515e-05
ENSG00000214253	3.330728650330547e-05
ENSG00000174705	3.330155024063742e-05
ENSG00000139289	3.3299431206341807e-05
ENSG00000119718	3.3293870111072495e-05
ENSG00000164070	3.329338764330701e-05
ENSG00000177990	3.328822135290856e-05
ENSG00000164077	3.3271335557050855e-05
ENSG00000284260	3.326995574163138e-05
ENSG00000126467	3.324634345260535e-05
ENSG00000119650	3.324199147753881e-05
ENSG00000197530	3.3241917549827766e-05
ENSG00000141378	3.321887211018687e-05
ENSG00000087495	3.321756384827052e-05
ENSG00000185519	3.3216780449176194e-05
ENSG00000168930	3.320348850273357e-05
ENSG00000066855	3.319617805136844e-05
ENSG00000127884	3.318839875497431e-05
ENSG00000141505	3.318326321069354e-05
ENSG00000165264	3.316785595155053e-05
ENSG00000145391	3.315244133451114e-05
ENSG00000214160	3.3141818677492145e-05
ENSG00000180902	3.3137993893771827e-05
ENSG00000158856	3.313630199242077e-05
ENSG00000138780	3.31301064993649e-05
ENSG00000100325	3.312976917198947e-05
ENSG00000121310	3.3120067747382114e-05
ENSG00000108771	3.310542130501097e-05
ENSG00000147912	3.310401537610678e-05
ENSG00000132406	3.3090927085939054e-05
ENSG00000065609	3.308412430826614e-05
ENSG00000198042	3.307517145824119e-05
ENSG00000147894	3.30699819217798e-05
ENSG00000165626	3.306459475067448e-05
ENSG00000136883	3.3064130725333025e-05
ENSG00000100249	3.306284452479864e-05
ENSG00000104723	3.305245781043567e-05
ENSG00000117592	3.305078838475704e-05
ENSG00000005020	3.3045739764737734e-05
ENSG00000129484	3.3029547636991864e-05
ENSG00000055118	3.302201680594128e-05
ENSG00000128283	3.300550850636966e-05
ENSG00000198839	3.3001509791947823e-05
ENSG00000127311	3.299924579611085e-05
ENSG00000101695	3.296858332140966e-05
ENSG00000125384	3.296593709374364e-05
ENSG00000139515	3.296038869700817e-05
ENSG00000087842	3.2960006859413824e-05
ENSG00000285248	3.2959549132777696e-05
ENSG00000168297	3.295829840714629e-05
ENSG00000163806	3.295640920837805e-05
ENSG00000173530	3.2950239172523964e-05
ENSG00000138109	3.293514252413649e-05
ENSG00000183943	3.293507700517377e-05
ENSG00000178105	3.292852211639553e-05
ENSG00000125675	3.292409154315221e-05
ENSG00000198056	3.2919942109107416e-05
ENSG00000172468	3.291555872284435e-05
ENSG00000111832	3.2881401986663065e-05
ENSG00000285193	3.2872408745435434e-05
ENSG00000123505	3.2870021079333275e-05
ENSG00000091656	3.2867219806630595e-05
ENSG00000168936	3.286471767327765e-05
ENSG00000114439	3.2862929596312156e-05
ENSG00000130584	3.286232140454596e-05
ENSG00000158477	3.285707335598134e-05
ENSG00000160202	3.285556651577506e-05
ENSG00000004848	3.284068599806589e-05
ENSG00000260325	3.283361934093745e-05
ENSG00000140743	3.282747879860155e-05
ENSG00000117143	3.282166238325668e-05
ENSG00000141562	3.281225477862628e-05
ENSG00000155897	3.281007265048623e-05
ENSG00000169372	3.279006997013653e-05
ENSG00000074582	3.2783634658217034e-05
ENSG00000185324	3.278360110879291e-05
ENSG00000135454	3.276760943635521e-05
ENSG00000121680	3.276678334411154e-05
ENSG00000131096	3.2761529711719e-05
ENSG00000255302	3.276088566059178e-05
ENSG00000186675	3.275162939532266e-05
ENSG00000012174	3.274231723255181e-05
ENSG00000179242	3.270783016519272e-05
ENSG00000162399	3.2706329586386654e-05
ENSG00000197123	3.269729142556239e-05
ENSG00000100084	3.268848280912678e-05
ENSG00000141580	3.2674812400783966e-05
ENSG00000137628	3.2663236457800445e-05
ENSG00000090470	3.262131090041626e-05
ENSG00000127743	3.260811831184713e-05
ENSG00000124532	3.2605498476917984e-05
ENSG00000141101	3.259201423262078e-05
ENSG00000197713	3.259075113139782e-05
ENSG00000180509	3.258963335032861e-05
ENSG00000280495	3.258846776895906e-05
ENSG00000129460	3.2579999896528864e-05
ENSG00000159763	3.2561118529734844e-05
ENSG00000163209	3.255418816388747e-05
ENSG00000179918	3.254210524918915e-05
ENSG00000088002	3.253909319198145e-05
ENSG00000114902	3.25150777477205e-05
ENSG00000164654	3.250218239588685e-05
ENSG00000163661	3.250018372544678e-05
ENSG00000169299	3.249649097185153e-05
ENSG00000185966	3.249455800109402e-05
ENSG00000159214	3.2485975228662e-05
ENSG00000101346	3.24715802695645e-05
ENSG00000078967	3.246887782801566e-05
ENSG00000115255	3.245742727121839e-05
ENSG00000134365	3.2450384126911326e-05
ENSG00000110076	3.244925765299844e-05
ENSG00000141026	3.242710261023738e-05
ENSG00000162624	3.2415901529507094e-05
ENSG00000063854	3.241429736993087e-05
ENSG00000135093	3.2379469768282416e-05
ENSG00000196236	3.237708793068515e-05
ENSG00000173706	3.2376358361243474e-05
ENSG00000180818	3.237546592662953e-05
ENSG00000110243	3.235275100890866e-05
ENSG00000181274	3.234633674191493e-05
ENSG00000148377	3.2337724905560755e-05
ENSG00000135919	3.230865239765198e-05
ENSG00000101307	3.230759087316899e-05
ENSG00000102683	3.2307193926505856e-05
ENSG00000171703	3.230395344237871e-05
ENSG00000149177	3.2301953148075015e-05
ENSG00000105953	3.23018039705745e-05
ENSG00000156253	3.229712662167107e-05
ENSG00000167136	3.2295036946169e-05
ENSG00000151657	3.228899405997865e-05
ENSG00000145996	3.228453032543417e-05
ENSG00000158985	3.228404107319528e-05
ENSG00000213424	3.228185440854451e-05
ENSG00000130948	3.227090090673346e-05
ENSG00000177150	3.2218241645789555e-05
ENSG00000104783	3.220957039229773e-05
ENSG00000249139	3.220382865185877e-05
ENSG00000135632	3.219461874737673e-05
ENSG00000121905	3.219356420272079e-05
ENSG00000167291	3.218969962383402e-05
ENSG00000114383	3.216325657601629e-05
ENSG00000213190	3.2161987837372454e-05
ENSG00000134882	3.215845249199969e-05
ENSG00000109881	3.215076271563207e-05
ENSG00000284850	3.213599459574153e-05
ENSG00000170275	3.213465427847767e-05
ENSG00000120337	3.213134568858068e-05
ENSG00000135148	3.212789959573334e-05
ENSG00000164219	3.2114399215437635e-05
ENSG00000165462	3.210520909394416e-05
ENSG00000090263	3.2097928188428e-05
ENSG00000138621	3.209548362341473e-05
ENSG00000091640	3.209026414049101e-05
ENSG00000075415	3.2084617441172355e-05
ENSG00000197785	3.207281998576744e-05
ENSG00000182180	3.20699353622127e-05
ENSG00000159200	3.20577104753907e-05
ENSG00000075239	3.2024847277664184e-05
ENSG00000165410	3.2021570321128225e-05
ENSG00000184470	3.200751979571268e-05
ENSG00000113240	3.200235455637921e-05
ENSG00000104369	3.200167077388458e-05
ENSG00000062282	3.1974913957070035e-05
ENSG00000100575	3.196919979695019e-05
ENSG00000106415	3.196733162916713e-05
ENSG00000197951	3.195150136520204e-05
ENSG00000099937	3.195070957411407e-05
ENSG00000068400	3.1945949264242766e-05
ENSG00000139719	3.19347190627901e-05
ENSG00000189252	3.192786158911637e-05
ENSG00000182255	3.1917460862461853e-05
ENSG00000127578	3.190041589414569e-05
ENSG00000165609	3.1886444079433226e-05
ENSG00000123838	3.1884711322960646e-05
ENSG00000135900	3.187566270086294e-05
ENSG00000111671	3.1871105458052325e-05
ENSG00000163132	3.185541819239865e-05
ENSG00000161179	3.185397033870217e-05
ENSG00000135334	3.184769026513168e-05
ENSG00000133789	3.183628088010127e-05
ENSG00000117594	3.1834789736035004e-05
ENSG00000001617	3.1820651381787224e-05
ENSG00000106635	3.1807140989151874e-05
ENSG00000108797	3.179039713599612e-05
ENSG00000169220	3.1784646174088635e-05
ENSG00000142459	3.177283483242464e-05
ENSG00000162227	3.177114474009142e-05
ENSG00000119689	3.17603260316679e-05
ENSG00000203618	3.17495944056652e-05
ENSG00000234078	3.1747750017308194e-05
ENSG00000006116	3.173504134857468e-05
ENSG00000229314	3.17297984038223e-05
ENSG00000197256	3.172953982436056e-05
ENSG00000184502	3.1696026675761246e-05
ENSG00000043093	3.167598210219702e-05
ENSG00000203485	3.16599428854731e-05
ENSG00000169271	3.165828708319332e-05
ENSG00000179133	3.165446391553307e-05
ENSG00000103021	3.1644544485945016e-05
ENSG00000169393	3.161296365488064e-05
ENSG00000120094	3.160191060191899e-05
ENSG00000065518	3.1597582202965196e-05
ENSG00000186891	3.1567023528822795e-05
ENSG00000180879	3.1564648007510354e-05
ENSG00000130717	3.156342464824293e-05
ENSG00000101306	3.1559368983140436e-05
ENSG00000164776	3.1553263657634795e-05
ENSG00000100276	3.153975532748296e-05
ENSG00000215251	3.153954853304431e-05
ENSG00000077984	3.153359744355162e-05
ENSG00000139324	3.152575945109053e-05
ENSG00000142794	3.152512074263001e-05
ENSG00000120500	3.1514260593735606e-05
ENSG00000183785	3.149938184035281e-05
ENSG00000006468	3.149883860645649e-05
ENSG00000126970	3.149453464266474e-05
ENSG00000196935	3.1490438065536514e-05
ENSG00000101104	3.148524187740934e-05
ENSG00000184702	3.148089563124487e-05
ENSG00000242485	3.1468547993524145e-05
ENSG00000119888	3.146666901794118e-05
ENSG00000184992	3.145604496149401e-05
ENSG00000140326	3.144031190479448e-05
ENSG00000070476	3.143701392587308e-05
ENSG00000054690	3.1434420334789535e-05
ENSG00000177414	3.1402438348505465e-05
ENSG00000078269	3.140060757926791e-05
ENSG00000112782	3.139509776954108e-05
ENSG00000184005	3.1384628953120355e-05
ENSG00000158457	3.138309786024927e-05
ENSG00000282958	3.1367691550931144e-05
ENSG00000186479	3.13616224738495e-05
ENSG00000136750	3.13415781286404e-05
ENSG00000115353	3.133364039508378e-05
ENSG00000183690	3.132524503626941e-05
ENSG00000205542	3.132044761561518e-05
ENSG00000131503	3.13167069777391e-05
ENSG00000041880	3.130893889516871e-05
ENSG00000107968	3.12949828129257e-05
ENSG00000087301	3.1283030520726055e-05
ENSG00000138646	3.128087156416456e-05
ENSG00000196517	3.127717071295454e-05
ENSG00000139874	3.1269039690165876e-05
ENSG00000135604	3.125750116744702e-05
ENSG00000145781	3.123682773686028e-05
ENSG00000276787	3.1191245936134935e-05
ENSG00000196072	3.114567056539114e-05
ENSG00000032444	3.114442807672212e-05
ENSG00000155330	3.114063933547088e-05
ENSG00000139725	3.114020000180508e-05
ENSG00000167748	3.1109873713326206e-05
ENSG00000147724	3.110163928850225e-05
ENSG00000153179	3.1098857332817186e-05
ENSG00000132388	3.1098797708795476e-05
ENSG00000140299	3.1094696333811586e-05
ENSG00000158560	3.109262362067697e-05
ENSG00000183049	3.108813270744336e-05
ENSG00000100412	3.1072615933888335e-05
ENSG00000243646	3.1064662112726204e-05
ENSG00000114054	3.1057754692622283e-05
ENSG00000156990	3.105629096785363e-05
ENSG00000170525	3.104001780570717e-05
ENSG00000110200	3.102876324532752e-05
ENSG00000281089	3.102095181408235e-05
ENSG00000135636	3.102016353685836e-05
ENSG00000138942	3.1018171784158025e-05
ENSG00000021355	3.1015109018725295e-05
ENSG00000173674	3.10144842916996e-05
ENSG00000282986	3.0988720260120496e-05
ENSG00000169035	3.098857603077534e-05
ENSG00000175130	3.097975173592854e-05
ENSG00000139572	3.097226508264126e-05
ENSG00000175489	3.096793248572584e-05
ENSG00000120068	3.0953556322161325e-05
ENSG00000088970	3.094623099239067e-05
ENSG00000121769	3.093744443136654e-05
ENSG00000168824	3.09325232169616e-05
ENSG00000164404	3.089694900565079e-05
ENSG00000153132	3.089667778171724e-05
ENSG00000065613	3.0885594812212614e-05
ENSG00000115539	3.0884712062305906e-05
ENSG00000181195	3.088259688243186e-05
ENSG00000204160	3.087253475205628e-05
ENSG00000170160	3.086337848512547e-05
ENSG00000001631	3.08485336325969e-05
ENSG00000185019	3.0837742946875864e-05
ENSG00000173614	3.0837023022940125e-05
ENSG00000118620	3.083219710261035e-05
ENSG00000011295	3.082856190514513e-05
ENSG00000113790	3.0825935390603465e-05
ENSG00000204271	3.081989075668651e-05
ENSG00000149929	3.079247605811418e-05
ENSG00000184221	3.077965007274474e-05
ENSG00000288368	3.077361815971467e-05
ENSG00000130939	3.0768404262780506e-05
ENSG00000143375	3.075646597605547e-05
ENSG00000139793	3.075204311005913e-05
ENSG00000197894	3.0743594097278575e-05
ENSG00000143149	3.07318909189904e-05
ENSG00000070610	3.072501636128827e-05
ENSG00000077458	3.0711231641406744e-05
ENSG00000135972	3.069179919840752e-05
ENSG00000152214	3.0679961977658856e-05
ENSG00000175426	3.0660392522751866e-05
ENSG00000162368	3.063194839112085e-05
ENSG00000273529	3.0628973378270664e-05
ENSG00000070010	3.062552131788256e-05
ENSG00000153721	3.061766628100378e-05
ENSG00000134201	3.060485472175784e-05
ENSG00000109861	3.059178947153619e-05
ENSG00000225697	3.0573978481480316e-05
ENSG00000152359	3.054924418213322e-05
ENSG00000101986	3.053392644683423e-05
ENSG00000139890	3.053193519882783e-05
ENSG00000142002	3.052234627841931e-05
ENSG00000140943	3.0521645931945045e-05
ENSG00000101473	3.051151077802081e-05
ENSG00000169682	3.0506040325004816e-05
ENSG00000149571	3.0502176810574632e-05
ENSG00000143537	3.0485983585336985e-05
ENSG00000059573	3.047959211435074e-05
ENSG00000112425	3.0477920030197012e-05
ENSG00000075643	3.047050628747125e-05
ENSG00000141384	3.0469953359882154e-05
ENSG00000169344	3.0453566862311354e-05
ENSG00000165832	3.0450212277082917e-05
ENSG00000165312	3.044703685862966e-05
ENSG00000139433	3.042278063738666e-05
ENSG00000166183	3.041933105995035e-05
ENSG00000134072	3.041883976927384e-05
ENSG00000122136	3.0404777740785418e-05
ENSG00000145555	3.039164006201626e-05
ENSG00000126953	3.0382481152544963e-05
ENSG00000160087	3.0372719883464404e-05
ENSG00000231408	3.035561671528978e-05
ENSG00000167645	3.03456493315522e-05
ENSG00000136167	3.0344669303229622e-05
ENSG00000174429	3.0341264655813323e-05
ENSG00000049167	3.0329942457477908e-05
ENSG00000109689	3.0318228455709876e-05
ENSG00000014641	3.031814605277142e-05
ENSG00000131080	3.0316957324555904e-05
ENSG00000147874	3.0316090268254923e-05
ENSG00000164485	3.0314263896953502e-05
ENSG00000196218	3.0313151575261622e-05
ENSG00000132437	3.0306809728412153e-05
ENSG00000138101	3.0304807446101276e-05
ENSG00000115226	3.030435899340975e-05
ENSG00000144283	3.0295583562139628e-05
ENSG00000161671	3.02942322996096e-05
ENSG00000124659	3.029203034794855e-05
ENSG00000168062	3.028951930975389e-05
ENSG00000275832	3.0282607202413288e-05
ENSG00000132821	3.0272229941685986e-05
ENSG00000111911	3.027125102348874e-05
ENSG00000198807	3.0251679222636643e-05
ENSG00000128185	3.0247196371572188e-05
ENSG00000107679	3.022664640776875e-05
ENSG00000117479	3.0213537141686863e-05
ENSG00000123200	3.0205959266115065e-05
ENSG00000130643	3.0205880619925816e-05
ENSG00000124098	3.0189596944843805e-05
ENSG00000112249	3.0188420104009915e-05
ENSG00000203737	3.0187398904601707e-05
ENSG00000107249	3.0170100170499236e-05
ENSG00000198712	3.0162116859261146e-05
ENSG00000111816	3.0161226065234252e-05
ENSG00000140740	3.01492044092427e-05
ENSG00000167272	3.0146633363923658e-05
ENSG00000198799	3.0136618209406773e-05
ENSG00000166326	3.0134289148913563e-05
ENSG00000140497	3.012793330662817e-05
ENSG00000102230	3.0125847230567868e-05
ENSG00000125249	3.010946358783792e-05
ENSG00000107566	3.0101450644696068e-05
ENSG00000089692	3.0094212337754445e-05
ENSG00000117425	3.0087755496635587e-05
ENSG00000140993	3.0066138268408326e-05
ENSG00000126785	3.0057211672021603e-05
ENSG00000139151	3.0040192454912667e-05
ENSG00000198933	3.0033832299653766e-05
ENSG00000100453	3.002094498135928e-05
ENSG00000124713	2.9996295323498802e-05
ENSG00000172409	2.9995551006303613e-05
ENSG00000183019	2.99924818150594e-05
ENSG00000142082	2.9983187809938558e-05
ENSG00000106665	2.996941837084331e-05
ENSG00000079931	2.996086608089136e-05
ENSG00000167996	2.9958584447634413e-05
ENSG00000134760	2.9954962791908263e-05
ENSG00000135473	2.994924053067736e-05
ENSG00000050344	2.9941674519354464e-05
ENSG00000078668	2.9941006945356023e-05
ENSG00000117448	2.9935792816853523e-05
ENSG00000111674	2.9923616417825913e-05
ENSG00000103642	2.990397473957687e-05
ENSG00000181404	2.990200096671131e-05
ENSG00000103145	2.9898252288907692e-05
ENSG00000237335	2.9888931070481743e-05
ENSG00000213626	2.9877192820387422e-05
ENSG00000159873	2.9866810799128207e-05
ENSG00000282932	2.98666080471259e-05
ENSG00000118407	2.983051296530906e-05
ENSG00000102780	2.982065033210898e-05
ENSG00000047634	2.981757040901681e-05
ENSG00000101888	2.981700715162598e-05
ENSG00000184787	2.9799773130817047e-05
ENSG00000051596	2.9782577524468116e-05
ENSG00000184207	2.9780657666272362e-05
ENSG00000037474	2.9777209926238295e-05
ENSG00000025039	2.9775121627770872e-05
ENSG00000162430	2.9765135070408997e-05
ENSG00000148468	2.975876837481293e-05
ENSG00000274233	2.9746578219619777e-05
ENSG00000113719	2.9738365133308787e-05
ENSG00000167315	2.9736427191141925e-05
ENSG00000178175	2.9727651372342913e-05
ENSG00000111450	2.9723683500376008e-05
ENSG00000167232	2.9711813494940363e-05
ENSG00000161999	2.9694326028849382e-05
ENSG00000171345	2.967230350566228e-05
ENSG00000126803	2.965252996972559e-05
ENSG00000262334	2.9642195966938073e-05
ENSG00000161896	2.9637030757581372e-05
ENSG00000181409	2.9627391275570896e-05
ENSG00000145743	2.9622188286007718e-05
ENSG00000006625	2.9585922487861458e-05
ENSG00000102471	2.9580104833624683e-05
ENSG00000013297	2.957487753899122e-05
ENSG00000272196	2.9569762738455994e-05
ENSG00000175003	2.955002529429584e-05
ENSG00000153066	2.9538772932350703e-05
ENSG00000130347	2.9530003787354297e-05
ENSG00000128973	2.9522106414569152e-05
ENSG00000196839	2.9507082329277717e-05
ENSG00000198570	2.9505213313414526e-05
ENSG00000288453	2.948987851395753e-05
ENSG00000167103	2.948846193186273e-05
ENSG00000116285	2.9483049449957244e-05
ENSG00000143858	2.9480656090293326e-05
ENSG00000126337	2.947039639208921e-05
ENSG00000103264	2.946300812311704e-05
ENSG00000132424	2.9453530093240937e-05
ENSG00000133739	2.943367958224543e-05
ENSG00000110048	2.9418781927042485e-05
ENSG00000162775	2.941651268131471e-05
ENSG00000138430	2.940437315223029e-05
ENSG00000170423	2.940233558818088e-05
ENSG00000073712	2.9394552341092694e-05
ENSG00000149418	2.939290017464443e-05
ENSG00000100427	2.9391032726193073e-05
ENSG00000153037	2.9387970143871367e-05
ENSG00000143889	2.9378779124092163e-05
ENSG00000213380	2.9367247167671372e-05
ENSG00000012660	2.9367001222452212e-05
ENSG00000133619	2.935379045790437e-05
ENSG00000134207	2.93451418595743e-05
ENSG00000196866	2.9321390516191168e-05
ENSG00000283056	2.9314783640742606e-05
ENSG00000121351	2.930912521345606e-05
ENSG00000164187	2.9304338888668785e-05
ENSG00000067445	2.929742474417086e-05
ENSG00000162627	2.9286058297723213e-05
ENSG00000198934	2.9276832849069883e-05
ENSG00000186439	2.927624340676288e-05
ENSG00000153029	2.9274956220977946e-05
ENSG00000188917	2.926998017951827e-05
ENSG00000185697	2.9265477001339417e-05
ENSG00000164403	2.924754023559254e-05
ENSG00000072195	2.9247152681492896e-05
ENSG00000120053	2.9224903692911488e-05
ENSG00000182504	2.9220130996131512e-05
ENSG00000056736	2.9208850901645628e-05
ENSG00000183826	2.9208019254671583e-05
ENSG00000051108	2.9205535413618662e-05
ENSG00000152969	2.919619626255064e-05
ENSG00000274636	2.9188209123977452e-05
ENSG00000102870	2.9171969890904714e-05
ENSG00000226384	2.9171565930846777e-05
ENSG00000197930	2.9170613547896855e-05
ENSG00000169738	2.9168381684327064e-05
ENSG00000180329	2.916287103628681e-05
ENSG00000135605	2.9162079789495547e-05
ENSG00000131368	2.91588597455247e-05
ENSG00000284944	2.9139122335319893e-05
ENSG00000006025	2.913006706132897e-05
ENSG00000236826	2.9113717416998998e-05
ENSG00000169213	2.910905488689481e-05
ENSG00000170871	2.9099948912174504e-05
ENSG00000060491	2.9085109119051414e-05
ENSG00000100359	2.9082043466869796e-05
ENSG00000141376	2.9053740004622576e-05
ENSG00000144366	2.9045517030618725e-05
ENSG00000086712	2.9034566033022655e-05
ENSG00000161920	2.9026437646049364e-05
ENSG00000288283	2.902275271409922e-05
ENSG00000116209	2.9009229036091643e-05
ENSG00000092529	2.9003172608872176e-05
ENSG00000164440	2.900062403997116e-05
ENSG00000180855	2.8986335209356065e-05
ENSG00000182230	2.897061118073112e-05
ENSG00000167850	2.8956853721542907e-05
ENSG00000182963	2.8951518124574096e-05
ENSG00000183304	2.894701703835549e-05
ENSG00000179361	2.8936304269357684e-05
ENSG00000113946	2.8933762605856687e-05
ENSG00000171368	2.8933522521911067e-05
ENSG00000137168	2.8932594860775357e-05
ENSG00000139835	2.8927105110296033e-05
ENSG00000176371	2.8924808384728314e-05
ENSG00000148090	2.8908898524058368e-05
ENSG00000163472	2.8905059892905717e-05
ENSG00000108813	2.889890519046017e-05
ENSG00000140398	2.889606664045082e-05
ENSG00000145087	2.8894221724496593e-05
ENSG00000038274	2.8884664324500263e-05
ENSG00000111647	2.8883323778381582e-05
ENSG00000106927	2.8870064263702195e-05
ENSG00000070404	2.8853765557439686e-05
ENSG00000182985	2.8845699885130617e-05
ENSG00000160752	2.8843351505232844e-05
ENSG00000137996	2.8835073370918022e-05
ENSG00000102781	2.8818895191035165e-05
ENSG00000182253	2.8818127857516106e-05
ENSG00000267855	2.8813593970222304e-05
ENSG00000129911	2.880679755352416e-05
ENSG00000155329	2.8763691052694827e-05
ENSG00000115652	2.8756539937943725e-05
ENSG00000147144	2.875259683760783e-05
ENSG00000164251	2.8720847204740304e-05
ENSG00000273936	2.872040157364975e-05
ENSG00000116005	2.8707633046798685e-05
ENSG00000048342	2.869727360034305e-05
ENSG00000125898	2.8691533688994816e-05
ENSG00000071575	2.8684055594886613e-05
ENSG00000108370	2.8679643392172717e-05
ENSG00000183971	2.8653380296285807e-05
ENSG00000118777	2.864283726281861e-05
ENSG00000100442	2.8642545942485285e-05
ENSG00000130540	2.863718056765564e-05
ENSG00000168802	2.862366472390728e-05
ENSG00000099364	2.8617027848859514e-05
ENSG00000100038	2.8611962285778606e-05
ENSG00000186471	2.861157032515331e-05
ENSG00000174175	2.8610898661601272e-05
ENSG00000081154	2.861049385158793e-05
ENSG00000213015	2.860679909838594e-05
ENSG00000007062	2.8575112874764396e-05
ENSG00000165323	2.856942394127471e-05
ENSG00000118004	2.8564229780670687e-05
ENSG00000102385	2.855969739549901e-05
ENSG00000124067	2.855799209146504e-05
ENSG00000102890	2.8537568619801924e-05
ENSG00000166847	2.8529678993026803e-05
ENSG00000154642	2.8526128380119155e-05
ENSG00000173535	2.8511761303470896e-05
ENSG00000136235	2.850769928337488e-05
ENSG00000127585	2.8483546165182075e-05
ENSG00000167968	2.84729215185682e-05
ENSG00000105538	2.8464188483960777e-05
ENSG00000076356	2.8461489041348213e-05
ENSG00000115758	2.8458709688007943e-05
ENSG00000129680	2.8448989325497843e-05
ENSG00000105464	2.844805520382218e-05
ENSG00000100417	2.844737768372986e-05
ENSG00000188886	2.8444396103465258e-05
ENSG00000248098	2.8434151318017916e-05
ENSG00000138835	2.8425314800454052e-05
ENSG00000133639	2.8413784438805037e-05
ENSG00000169764	2.8402224610918518e-05
ENSG00000178537	2.8371245119278228e-05
ENSG00000116675	2.8366929653620885e-05
ENSG00000100410	2.83641059292559e-05
ENSG00000125864	2.8360559246070757e-05
ENSG00000131477	2.8359983459368657e-05
ENSG00000198010	2.835847209628738e-05
ENSG00000160972	2.834591649506256e-05
ENSG00000070669	2.834418652602056e-05
ENSG00000136928	2.8338617802515904e-05
ENSG00000155368	2.833835595691813e-05
ENSG00000166401	2.8336165010237507e-05
ENSG00000010318	2.8335916973432897e-05
ENSG00000169567	2.832175483996077e-05
ENSG00000285348	2.8307061122917754e-05
ENSG00000133661	2.8293116242547016e-05
ENSG00000100714	2.8287061221869258e-05
ENSG00000166136	2.828088448602396e-05
ENSG00000159556	2.8267855649453853e-05
ENSG00000075073	2.8246851366616915e-05
ENSG00000147432	2.824050655755329e-05
ENSG00000166130	2.8225334450022576e-05
ENSG00000175213	2.8224859801038315e-05
ENSG00000187566	2.8224078889823476e-05
ENSG00000276463	2.8223686187463455e-05
ENSG00000162688	2.8211951713753302e-05
ENSG00000084693	2.820021990346655e-05
ENSG00000110871	2.8185875721813992e-05
ENSG00000091879	2.8183292246340966e-05
ENSG00000169515	2.8147960260567612e-05
ENSG00000103253	2.814736790159218e-05
ENSG00000129422	2.8144272228474348e-05
ENSG00000197329	2.81429467251962e-05
ENSG00000081985	2.811771869448477e-05
ENSG00000164270	2.8106076015848596e-05
ENSG00000131944	2.8104600983252527e-05
ENSG00000068137	2.8103203931399215e-05
ENSG00000105376	2.810078562175204e-05
ENSG00000006659	2.809277498230462e-05
ENSG00000172572	2.8083488692873788e-05
ENSG00000069188	2.8081451389609932e-05
ENSG00000135378	2.8079701548773386e-05
ENSG00000112514	2.806581448766862e-05
ENSG00000149131	2.8048291786847217e-05
ENSG00000160392	2.8036044599315174e-05
ENSG00000104299	2.8030959227383902e-05
ENSG00000280165	2.8024884445704345e-05
ENSG00000167969	2.8012280100716617e-05
ENSG00000138100	2.8008619000735316e-05
ENSG00000101417	2.7994157448140415e-05
ENSG00000143774	2.7971278110321773e-05
ENSG00000172348	2.7967030443197505e-05
ENSG00000188878	2.79532352173711e-05
ENSG00000124440	2.7951575941201693e-05
ENSG00000169379	2.7951349698418982e-05
ENSG00000134802	2.7923351114191897e-05
ENSG00000140623	2.792225598711294e-05
ENSG00000134470	2.791499878110656e-05
ENSG00000101400	2.7912571761214695e-05
ENSG00000143727	2.7902781117585772e-05
ENSG00000164062	2.7895427038225063e-05
ENSG00000109107	2.7895278145120122e-05
ENSG00000125356	2.7889489560729443e-05
ENSG00000078814	2.7860990508794195e-05
ENSG00000143556	2.783365018771248e-05
ENSG00000182793	2.7833523243758715e-05
ENSG00000173786	2.7832309338082842e-05
ENSG00000153714	2.782872549040419e-05
ENSG00000258643	2.7824837816864655e-05
ENSG00000196793	2.782069750851665e-05
ENSG00000143196	2.7819191537003284e-05
ENSG00000159899	2.7815554188834248e-05
ENSG00000161277	2.7792147613209292e-05
ENSG00000132718	2.778633548973605e-05
ENSG00000110063	2.777938007725574e-05
ENSG00000154803	2.777280943966623e-05
ENSG00000000971	2.776716073131754e-05
ENSG00000101844	2.7764688287504506e-05
ENSG00000130762	2.7758876757373938e-05
ENSG00000103316	2.7757330307924925e-05
ENSG00000155367	2.7748332785397047e-05
ENSG00000128951	2.773870912071386e-05
ENSG00000183837	2.7735058539775337e-05
ENSG00000214706	2.7724974135197492e-05
ENSG00000184939	2.77212881368167e-05
ENSG00000154175	2.7705611666133162e-05
ENSG00000005471	2.7696027743291087e-05
ENSG00000116991	2.7682455697272577e-05
ENSG00000142910	2.7661852270053903e-05
ENSG00000170178	2.7654821303642764e-05
ENSG00000004838	2.7642721903430335e-05
ENSG00000114491	2.764085081360257e-05
ENSG00000157778	2.763294675870991e-05
ENSG00000130558	2.7631217270965332e-05
ENSG00000163093	2.7630866597141863e-05
ENSG00000173660	2.7613546502277112e-05
ENSG00000118096	2.7610957642396912e-05
ENSG00000135750	2.7599258284264423e-05
ENSG00000173818	2.7595531936101506e-05
ENSG00000087589	2.759533368695898e-05
ENSG00000169692	2.7594609911082424e-05
ENSG00000109654	2.758653346723302e-05
ENSG00000164136	2.7584748995000264e-05
ENSG00000169676	2.757493406673184e-05
ENSG00000180185	2.7571359704873964e-05
ENSG00000166670	2.7567204784266183e-05
ENSG00000185046	2.7557942877159325e-05
ENSG00000083099	2.755770251761981e-05
ENSG00000167925	2.755734929702844e-05
ENSG00000111912	2.7529708399589714e-05
ENSG00000154589	2.750251881502798e-05
ENSG00000153015	2.74791093488037e-05
ENSG00000123739	2.7449357690603235e-05
ENSG00000134873	2.744409468127235e-05
ENSG00000232367	2.7443755796712268e-05
ENSG00000164309	2.7427840058738958e-05
ENSG00000136044	2.7425433770062152e-05
ENSG00000189067	2.7422700658675982e-05
ENSG00000075826	2.7417517870445585e-05
ENSG00000163162	2.7414746170566946e-05
ENSG00000169427	2.741402682377252e-05
ENSG00000145321	2.739572380331754e-05
ENSG00000110881	2.737011679775943e-05
ENSG00000163596	2.737011679775943e-05
ENSG00000265354	2.7369131428714173e-05
ENSG00000134014	2.7337292219513384e-05
ENSG00000173641	2.7336019303949888e-05
ENSG00000091732	2.7300997708957937e-05
ENSG00000038002	2.7300221712371376e-05
ENSG00000198546	2.729882849168422e-05
ENSG00000178307	2.7272930744458745e-05
ENSG00000288455	2.7270357662997866e-05
ENSG00000130764	2.7258374780634823e-05
ENSG00000134809	2.7249849867421984e-05
ENSG00000178685	2.7223057448520825e-05
ENSG00000124508	2.722188097362113e-05
ENSG00000228278	2.722100273757233e-05
ENSG00000135317	2.7217381700352058e-05
ENSG00000027001	2.7215763586214606e-05
ENSG00000170074	2.720726121492871e-05
ENSG00000179002	2.7199630477678954e-05
ENSG00000257594	2.7184509139576432e-05
ENSG00000175505	2.7167932111147178e-05
ENSG00000142235	2.7166459494771548e-05
ENSG00000242028	2.7138583314278437e-05
ENSG00000140854	2.7127088898900814e-05
ENSG00000221869	2.7122280146490172e-05
ENSG00000164117	2.709918034128398e-05
ENSG00000119715	2.707870821612366e-05
ENSG00000034693	2.704948755178985e-05
ENSG00000126217	2.7047727519714235e-05
ENSG00000178498	2.7038184844080354e-05
ENSG00000132570	2.7033760567866388e-05
ENSG00000153391	2.7023768151624494e-05
ENSG00000171914	2.7020423892250855e-05
ENSG00000111341	2.7018199551797613e-05
ENSG00000026950	2.7015551009617055e-05
ENSG00000243279	2.7007334654174524e-05
ENSG00000102904	2.7006648490058092e-05
ENSG00000177383	2.696045818338318e-05
ENSG00000108439	2.695470532486397e-05
ENSG00000182187	2.695158162463806e-05
ENSG00000215853	2.6949959043804816e-05
ENSG00000004142	2.694219561119411e-05
ENSG00000198216	2.694103998629655e-05
ENSG00000101079	2.6939407646535384e-05
ENSG00000104325	2.6933165063794845e-05
ENSG00000177143	2.6904836938999938e-05
ENSG00000122873	2.6901733900170188e-05
ENSG00000285426	2.6882465969645774e-05
ENSG00000187595	2.686238164147064e-05
ENSG00000162620	2.684954881837883e-05
ENSG00000177688	2.6841128226004273e-05
ENSG00000285281	2.682606618228594e-05
ENSG00000149547	2.682295260708758e-05
ENSG00000133195	2.6819993322615186e-05
ENSG00000150477	2.6810645915781594e-05
ENSG00000243910	2.6805574719049445e-05
ENSG00000112893	2.6782223969514252e-05
ENSG00000164347	2.6774645981695515e-05
ENSG00000167333	2.677142272402674e-05
ENSG00000163347	2.6757504820787693e-05
ENSG00000138468	2.6753286088915137e-05
ENSG00000171236	2.6747756801413614e-05
ENSG00000072609	2.6746919368731716e-05
ENSG00000111364	2.6744869223946903e-05
ENSG00000131203	2.6740221775522607e-05
ENSG00000124733	2.672361267224148e-05
ENSG00000138061	2.6701350315069275e-05
ENSG00000143365	2.66982818597649e-05
ENSG00000162896	2.6679096911179297e-05
ENSG00000280962	2.667015288168483e-05
ENSG00000138587	2.666223197345285e-05
ENSG00000156381	2.665992287177646e-05
ENSG00000066697	2.662346611306438e-05
ENSG00000205089	2.661888911396321e-05
ENSG00000167470	2.6600595670459324e-05
ENSG00000213977	2.6589330057764725e-05
ENSG00000233276	2.657345532305089e-05
ENSG00000185100	2.655635334258428e-05
ENSG00000163083	2.654304421715259e-05
ENSG00000072274	2.6540763870259787e-05
ENSG00000155275	2.6528202148343906e-05
ENSG00000276825	2.6522236404350652e-05
ENSG00000282954	2.65167485998737e-05
ENSG00000105270	2.6507665093493394e-05
ENSG00000076716	2.649606565343609e-05
ENSG00000276410	2.6477275660890054e-05
ENSG00000176890	2.6458585541817967e-05
ENSG00000112651	2.6454940408364686e-05
ENSG00000100304	2.6454567821083858e-05
ENSG00000049883	2.6450536663934764e-05
ENSG00000187231	2.644483394023618e-05
ENSG00000215271	2.6433859556317917e-05
ENSG00000263290	2.6422686834942015e-05
ENSG00000103196	2.642108207905547e-05
ENSG00000186687	2.6418532218744496e-05
ENSG00000213999	2.6390296738580088e-05
ENSG00000153823	2.6382355226405466e-05
ENSG00000065621	2.6353418461137178e-05
ENSG00000168014	2.6348763006051084e-05
ENSG00000132256	2.6344384140597807e-05
ENSG00000113328	2.6338492413738085e-05
ENSG00000214274	2.6324757355047793e-05
ENSG00000124429	2.6300284458950704e-05
ENSG00000080293	2.6294394577877495e-05
ENSG00000162599	2.6278827191288673e-05
ENSG00000076067	2.627332322765024e-05
ENSG00000038210	2.625751161038595e-05
ENSG00000103249	2.621354399210654e-05
ENSG00000267978	2.6184691572581976e-05
ENSG00000173714	2.617866926431791e-05
ENSG00000110887	2.617705393880658e-05
ENSG00000139437	2.6175267704490712e-05
ENSG00000108924	2.61609292449461e-05
ENSG00000174562	2.6155615670490442e-05
ENSG00000169718	2.6136869557257368e-05
ENSG00000110375	2.6130815371083435e-05
ENSG00000108828	2.6129938756379642e-05
ENSG00000142687	2.6125882544372653e-05
ENSG00000184985	2.6122659788808693e-05
ENSG00000087086	2.611301184501484e-05
ENSG00000125827	2.6104895297385452e-05
ENSG00000164935	2.6103498933025453e-05
ENSG00000138813	2.609656341893032e-05
ENSG00000170903	2.6096200776393404e-05
ENSG00000121851	2.6095791460261258e-05
ENSG00000135052	2.6082796426131423e-05
ENSG00000048471	2.6080414289128706e-05
ENSG00000100079	2.606821517075321e-05
ENSG00000139410	2.6035122133621478e-05
ENSG00000162571	2.6015622270390388e-05
ENSG00000269313	2.6014579583869286e-05
ENSG00000135587	2.601172385680123e-05
ENSG00000180806	2.6010937862676846e-05
ENSG00000274669	2.600912736133782e-05
ENSG00000242386	2.6008697271513795e-05
ENSG00000138193	2.600731681562807e-05
ENSG00000188095	2.5990537387835996e-05
ENSG00000164466	2.5982719561742055e-05
ENSG00000176896	2.5970042103886875e-05
ENSG00000179588	2.595293732609211e-05
ENSG00000124541	2.595115336689443e-05
ENSG00000153237	2.5951072844192754e-05
ENSG00000188010	2.5947672886497167e-05
ENSG00000177380	2.5946485249069715e-05
ENSG00000123992	2.594007853341856e-05
ENSG00000141255	2.5937319964668546e-05
ENSG00000087076	2.5935995434803696e-05
ENSG00000119383	2.5927269695688665e-05
ENSG00000196562	2.591879622869655e-05
ENSG00000139946	2.5888132056526335e-05
ENSG00000196976	2.587402982350321e-05
ENSG00000182628	2.58563740592064e-05
ENSG00000112343	2.58493677303563e-05
ENSG00000237710	2.5842710173831367e-05
ENSG00000100478	2.5818952049971915e-05
ENSG00000141873	2.5807284078511625e-05
ENSG00000110680	2.578878860777003e-05
ENSG00000061936	2.577810473498693e-05
ENSG00000171773	2.5770295767992758e-05
ENSG00000114670	2.5769318795816815e-05
ENSG00000168591	2.5746442723375918e-05
ENSG00000141696	2.5742239239469444e-05
ENSG00000012983	2.5706151109047375e-05
ENSG00000110429	2.5704205697548187e-05
ENSG00000175556	2.569909236687056e-05
ENSG00000234114	2.568547128790787e-05
ENSG00000073792	2.5678930151105756e-05
ENSG00000115459	2.5678871322324805e-05
ENSG00000113108	2.567159423517957e-05
ENSG00000170323	2.567157419729875e-05
ENSG00000041982	2.5665460288124102e-05
ENSG00000134780	2.5659368832769014e-05
ENSG00000091483	2.565571932799852e-05
ENSG00000276838	2.5651718303740705e-05
ENSG00000231377	2.563851030248459e-05
ENSG00000164338	2.5622333639645116e-05
ENSG00000142751	2.5621323633505084e-05
ENSG00000133069	2.561886359245363e-05
ENSG00000023041	2.5615811053463364e-05
ENSG00000204175	2.5614145639395382e-05
ENSG00000066926	2.56129463771846e-05
ENSG00000145979	2.5612127632617628e-05
ENSG00000149089	2.560862141011399e-05
ENSG00000213186	2.5599077365788868e-05
ENSG00000179091	2.5583052854746078e-05
ENSG00000073670	2.557574992757543e-05
ENSG00000134970	2.5567779146943413e-05
ENSG00000066136	2.5555943039305413e-05
ENSG00000147481	2.5555126747081186e-05
ENSG00000170385	2.554153516008587e-05
ENSG00000151093	2.55323895275657e-05
ENSG00000184164	2.5531830097571433e-05
ENSG00000170214	2.5527566824230786e-05
ENSG00000116095	2.5513667597922176e-05
ENSG00000155158	2.5504515361119792e-05
ENSG00000132773	2.5503047131867578e-05
ENSG00000166049	2.5498834431815804e-05
ENSG00000180447	2.549685102231477e-05
ENSG00000119771	2.5492938754197423e-05
ENSG00000132963	2.5490966199519472e-05
ENSG00000119326	2.5490768456699663e-05
ENSG00000179455	2.5489090706700288e-05
ENSG00000153933	2.5484460826862793e-05
ENSG00000262418	2.546962356558494e-05
ENSG00000185813	2.546190523470951e-05
ENSG00000154930	2.5461356949266483e-05
ENSG00000112039	2.54601464112178e-05
ENSG00000143753	2.543438109555204e-05
ENSG00000213593	2.5428541027445434e-05
ENSG00000288701	2.5426595460044015e-05
ENSG00000148950	2.5418583040410933e-05
ENSG00000182732	2.5407162170090395e-05
ENSG00000197343	2.5404427252739257e-05
ENSG00000053438	2.539509089296953e-05
ENSG00000105982	2.5377500387665163e-05
ENSG00000139977	2.5377025285582728e-05
ENSG00000157637	2.537411309225708e-05
ENSG00000149516	2.5362002482273527e-05
ENSG00000171388	2.5361504614975886e-05
ENSG00000163528	2.5340542753334475e-05
ENSG00000040933	2.533385298910392e-05
ENSG00000141002	2.5325215858223764e-05
ENSG00000275165	2.5320027218276994e-05
ENSG00000181192	2.5305333534328526e-05
ENSG00000163867	2.5294115019863316e-05
ENSG00000164221	2.528834554542093e-05
ENSG00000166902	2.527295533585935e-05
ENSG00000152348	2.5272257432142943e-05
ENSG00000152642	2.523765227741647e-05
ENSG00000196652	2.5228583422631654e-05
ENSG00000134278	2.5228014855585034e-05
ENSG00000108641	2.5220113928204526e-05
ENSG00000170579	2.5218508403568364e-05
ENSG00000117682	2.5212749720120616e-05
ENSG00000062716	2.5195990008928937e-05
ENSG00000155890	2.519279135619568e-05
ENSG00000226479	2.51916267652081e-05
ENSG00000138308	2.5182708809012217e-05
ENSG00000161513	2.5175961325058967e-05
ENSG00000132329	2.516457680656761e-05
ENSG00000164073	2.515550687521239e-05
ENSG00000073536	2.513942841599266e-05
ENSG00000114735	2.512473753191387e-05
ENSG00000151876	2.508940670431161e-05
ENSG00000123545	2.5086249515608804e-05
ENSG00000182132	2.508349668012596e-05
ENSG00000158014	2.507887071823857e-05
ENSG00000175093	2.507104230356168e-05
ENSG00000005893	2.506533522312206e-05
ENSG00000118242	2.5063190686298437e-05
ENSG00000197757	2.5051030433340423e-05
ENSG00000128274	2.5050086163255796e-05
ENSG00000185053	2.5049633454255552e-05
ENSG00000266472	2.5045616804428383e-05
ENSG00000158158	2.503490961676561e-05
ENSG00000285069	2.502489654111731e-05
ENSG00000180644	2.5014270670644882e-05
ENSG00000111817	2.5014076094424434e-05
ENSG00000276977	2.5013869552182784e-05
ENSG00000105088	2.500590315682027e-05
ENSG00000134759	2.500402819981584e-05
ENSG00000197043	2.5001444554308265e-05
ENSG00000189182	2.4999231737415457e-05
ENSG00000163947	2.4991742522278504e-05
ENSG00000180537	2.4988478976661378e-05
ENSG00000273562	2.4983415274063676e-05
ENSG00000132958	2.497449936573281e-05
ENSG00000183691	2.4974204316520335e-05
ENSG00000162999	2.4971322544468096e-05
ENSG00000285178	2.49619038259804e-05
ENSG00000042493	2.496173634146603e-05
ENSG00000115840	2.4932016469367212e-05
ENSG00000107447	2.492447085808228e-05
ENSG00000282725	2.4902964565211042e-05
ENSG00000182670	2.4894825440006022e-05
ENSG00000179029	2.4875291339471575e-05
ENSG00000161940	2.487329405248327e-05
ENSG00000111358	2.487247223705262e-05
ENSG00000181722	2.4868793251120443e-05
ENSG00000087266	2.4835968739395978e-05
ENSG00000139624	2.482265882678179e-05
ENSG00000013016	2.4816796966134953e-05
ENSG00000148339	2.4807019111699085e-05
ENSG00000185875	2.4793360525410488e-05
ENSG00000101974	2.47825952656088e-05
ENSG00000119397	2.478207381215259e-05
ENSG00000011009	2.4775110036866492e-05
ENSG00000167202	2.476620965482524e-05
ENSG00000197891	2.4765766761091195e-05
ENSG00000100503	2.475592020694409e-05
ENSG00000147155	2.4752633766847107e-05
ENSG00000112294	2.475171811950205e-05
ENSG00000187513	2.4749800721576138e-05
ENSG00000102931	2.4737956200248633e-05
ENSG00000185774	2.473310246605779e-05
ENSG00000196361	2.4719350293322125e-05
ENSG00000121807	2.4705823697838898e-05
ENSG00000167196	2.470482184752664e-05
ENSG00000108861	2.4699788044412855e-05
ENSG00000090924	2.4699257152017377e-05
ENSG00000151650	2.4696126306674313e-05
ENSG00000059691	2.469525049503035e-05
ENSG00000118816	2.463050063167465e-05
ENSG00000135297	2.463036393312578e-05
ENSG00000198018	2.462304022412621e-05
ENSG00000109272	2.4605842505422766e-05
ENSG00000137714	2.4602894142029707e-05
ENSG00000127241	2.4601576093928242e-05
ENSG00000132703	2.458424527980266e-05
ENSG00000152778	2.4552849139049556e-05
ENSG00000206150	2.4544399680636332e-05
ENSG00000111199	2.453801989164629e-05
ENSG00000165502	2.4531458206163858e-05
ENSG00000275045	2.4520847589855658e-05
ENSG00000211598	2.4516640106463647e-05
ENSG00000189241	2.4513415976468695e-05
ENSG00000276458	2.450559923305786e-05
ENSG00000276191	2.4502567074990667e-05
ENSG00000171522	2.4496958642364506e-05
ENSG00000007908	2.4477434941216855e-05
ENSG00000203814	2.447106550545693e-05
ENSG00000107537	2.4466860372670978e-05
ENSG00000074695	2.4465107933603973e-05
ENSG00000135374	2.44508727624662e-05
ENSG00000176531	2.444470931401029e-05
ENSG00000102595	2.4437858214001055e-05
ENSG00000189369	2.4434658062170114e-05
ENSG00000169258	2.4433601651522956e-05
ENSG00000184344	2.4431297137187143e-05
ENSG00000147421	2.4426731752029087e-05
ENSG00000115109	2.4423533660373243e-05
ENSG00000170745	2.4375931467212575e-05
ENSG00000184144	2.437530185124614e-05
ENSG00000185231	2.4374561782193844e-05
ENSG00000168811	2.4370342365671758e-05
ENSG00000105519	2.4365445069930473e-05
ENSG00000174697	2.4315429779824864e-05
ENSG00000143126	2.4311995146217416e-05
ENSG00000280969	2.4275445563246354e-05
ENSG00000136828	2.4267206532950054e-05
ENSG00000090432	2.4257608030197153e-05
ENSG00000143942	2.4249841215908337e-05
ENSG00000119559	2.424315778537443e-05
ENSG00000111837	2.4242742863426774e-05
ENSG00000144455	2.4233749071841257e-05
ENSG00000185760	2.423347009433827e-05
ENSG00000125454	2.4219918395136263e-05
ENSG00000159882	2.421756026610655e-05
ENSG00000135480	2.4214993699702854e-05
ENSG00000175224	2.4214118183694218e-05
ENSG00000158301	2.4179778747945883e-05
ENSG00000281931	2.4174200447201852e-05
ENSG00000162490	2.4171556992621367e-05
ENSG00000172331	2.4162247653859835e-05
ENSG00000120913	2.4146416390623938e-05
ENSG00000115380	2.4128925015924027e-05
ENSG00000084090	2.412201387502853e-05
ENSG00000281917	2.411527985943998e-05
ENSG00000109762	2.4107378640708243e-05
ENSG00000284137	2.405366657261646e-05
ENSG00000115963	2.4051732796016417e-05
ENSG00000198833	2.4046979194881686e-05
ENSG00000196358	2.4046568816599575e-05
ENSG00000155304	2.402800489469593e-05
ENSG00000196811	2.4014746781230052e-05
ENSG00000183798	2.3978371515383185e-05
ENSG00000197948	2.397482229288652e-05
ENSG00000132386	2.39575442341738e-05
ENSG00000138166	2.3938189121759882e-05
ENSG00000130303	2.3920097593745935e-05
ENSG00000126003	2.3914676034998152e-05
ENSG00000131242	2.3914616081340818e-05
ENSG00000163382	2.3909231420128148e-05
ENSG00000181027	2.3897519969908203e-05
ENSG00000135678	2.3896753408682033e-05
ENSG00000170500	2.3894828602818858e-05
ENSG00000235162	2.3893661069060786e-05
ENSG00000132669	2.389350544890209e-05
ENSG00000130707	2.388928216709336e-05
ENSG00000134755	2.388803334810942e-05
ENSG00000168758	2.3887073077963996e-05
ENSG00000198835	2.3869775072499693e-05
ENSG00000166689	2.386677817225763e-05
ENSG00000185658	2.386001409432841e-05
ENSG00000288307	2.3854077229076594e-05
ENSG00000122707	2.3851853917718517e-05
ENSG00000172830	2.3847679624871992e-05
ENSG00000104435	2.3844787229851166e-05
ENSG00000006453	2.3794658470424555e-05
ENSG00000237051	2.3793569347182373e-05
ENSG00000196547	2.377332925110078e-05
ENSG00000112992	2.3764638367698558e-05
ENSG00000170017	2.376076776550422e-05
ENSG00000162928	2.3760753445136582e-05
ENSG00000010438	2.3754527958321975e-05
ENSG00000288121	2.3752281906801192e-05
ENSG00000114631	2.3748507551325425e-05
ENSG00000177556	2.3738016458949555e-05
ENSG00000163412	2.3730823714230673e-05
ENSG00000139549	2.3730484946379953e-05
ENSG00000049769	2.37160436618767e-05
ENSG00000132561	2.370200978326154e-05
ENSG00000113319	2.37004018016262e-05
ENSG00000112319	2.369651906399962e-05
ENSG00000198453	2.369372947586955e-05
ENSG00000173559	2.369260238300906e-05
ENSG00000153130	2.3661760675026764e-05
ENSG00000213398	2.3660075659239596e-05
ENSG00000124145	2.3650271097032608e-05
ENSG00000099260	2.3633101490303292e-05
ENSG00000152147	2.3609102823275163e-05
ENSG00000173705	2.3604799859659273e-05
ENSG00000129226	2.3597938737173947e-05
ENSG00000111666	2.3590495256284147e-05
ENSG00000154814	2.3582086620318786e-05
ENSG00000074935	2.3569302581994336e-05
ENSG00000181029	2.356282192501812e-05
ENSG00000005889	2.3531566115282743e-05
ENSG00000225590	2.3495732176158686e-05
ENSG00000140990	2.3492595325639383e-05
ENSG00000134440	2.348472259768691e-05
ENSG00000162441	2.347857917894235e-05
ENSG00000138641	2.346911635490203e-05
ENSG00000184500	2.3456841922461588e-05
ENSG00000176871	2.3445505521984e-05
ENSG00000072422	2.3442517103508467e-05
ENSG00000242441	2.3435933399251545e-05
ENSG00000152266	2.3419840342995934e-05
ENSG00000167995	2.341910594500599e-05
ENSG00000138207	2.341698285478265e-05
ENSG00000197019	2.3400177817801617e-05
ENSG00000136159	2.339277787284904e-05
ENSG00000124767	2.3381854872149566e-05
ENSG00000178127	2.3381818168184466e-05
ENSG00000266074	2.3380694090064036e-05
ENSG00000154655	2.337884990302673e-05
ENSG00000144182	2.3360756073808477e-05
ENSG00000187959	2.3346541062201546e-05
ENSG00000145949	2.3346408485882055e-05
ENSG00000122852	2.33352555023547e-05
ENSG00000134198	2.3327439391833257e-05
ENSG00000221821	2.332503945380007e-05
ENSG00000139644	2.3305586083302324e-05
ENSG00000110046	2.3303258739457753e-05
ENSG00000166529	2.3290965122354213e-05
ENSG00000204852	2.3286694208377348e-05
ENSG00000095970	2.328369339751594e-05
ENSG00000155660	2.3277704911613416e-05
ENSG00000131771	2.326826524137046e-05
ENSG00000115592	2.326004784795901e-05
ENSG00000149761	2.3258742558458624e-05
ENSG00000280951	2.3228362162514373e-05
ENSG00000100994	2.3225734326207882e-05
ENSG00000174428	2.3225660538612267e-05
ENSG00000262845	2.3199065742921147e-05
ENSG00000165996	2.3192181877266686e-05
ENSG00000112655	2.318753229201839e-05
ENSG00000250565	2.3183418286038505e-05
ENSG00000100162	2.317194049735421e-05
ENSG00000169891	2.316779629480386e-05
ENSG00000274513	2.3160011045217646e-05
ENSG00000146574	2.314003662209802e-05
ENSG00000148985	2.3130526787487747e-05
ENSG00000128563	2.3127827371468213e-05
ENSG00000196505	2.311623078445729e-05
ENSG00000197893	2.3115734227820945e-05
ENSG00000196876	2.3105778983761373e-05
ENSG00000144840	2.3105352521575624e-05
ENSG00000171051	2.310029418234596e-05
ENSG00000058091	2.3092170471782823e-05
ENSG00000163618	2.3081123071655912e-05
ENSG00000091536	2.307150732952179e-05
ENSG00000100479	2.3061241422722933e-05
ENSG00000168309	2.302248883421595e-05
ENSG00000127928	2.3021036513040328e-05
ENSG00000104774	2.3014253889293734e-05
ENSG00000288445	2.301231611783265e-05
ENSG00000163914	2.3008433902152703e-05
ENSG00000162522	2.300306133286504e-05
ENSG00000182791	2.2997410000062997e-05
ENSG00000285485	2.298547211606416e-05
ENSG00000198642	2.2976235007938956e-05
ENSG00000139174	2.296822063652399e-05
ENSG00000141744	2.296755766344784e-05
ENSG00000211445	2.2954014758811643e-05
ENSG00000151164	2.2953854842030318e-05
ENSG00000186074	2.2938213564443273e-05
ENSG00000109775	2.293056787162977e-05
ENSG00000285262	2.2922878024137454e-05
ENSG00000163945	2.2905396406484357e-05
ENSG00000135722	2.290090684236457e-05
ENSG00000082212	2.289370195857221e-05
ENSG00000124313	2.288255298066584e-05
ENSG00000147130	2.2881519817249852e-05
ENSG00000185896	2.287268557989578e-05
ENSG00000113525	2.2869748553499744e-05
ENSG00000206203	2.286677189874068e-05
ENSG00000198721	2.28643550836972e-05
ENSG00000116337	2.2858203404581563e-05
ENSG00000128050	2.2846202458382746e-05
ENSG00000188064	2.283954515274688e-05
ENSG00000174059	2.283012031358344e-05
ENSG00000128408	2.283001964554365e-05
ENSG00000146733	2.2826396495559575e-05
ENSG00000196502	2.2824524527238867e-05
ENSG00000166800	2.282250141593447e-05
ENSG00000178074	2.2806722302902627e-05
ENSG00000277936	2.2805455702273096e-05
ENSG00000153774	2.2793395043610807e-05
ENSG00000284807	2.278525828639688e-05
ENSG00000204941	2.277791595415967e-05
ENSG00000276996	2.2774016059772865e-05
ENSG00000164099	2.2767937950364828e-05
ENSG00000168517	2.2755433854552797e-05
ENSG00000141756	2.2753411782779184e-05
ENSG00000168298	2.2737584810528518e-05
ENSG00000123810	2.2728070937494658e-05
ENSG00000170540	2.2720992306374154e-05
ENSG00000254550	2.271560565412935e-05
ENSG00000100321	2.271254280253035e-05
ENSG00000185947	2.2706613127074887e-05
ENSG00000110514	2.2702192889377496e-05
ENSG00000119392	2.269525036675664e-05
ENSG00000108733	2.2693506035080752e-05
ENSG00000153904	2.2682121148728806e-05
ENSG00000110786	2.2681675088868716e-05
ENSG00000271303	2.2673317274789382e-05
ENSG00000172164	2.2645550002096222e-05
ENSG00000135324	2.2633474277979362e-05
ENSG00000116117	2.2616495163480902e-05
ENSG00000078487	2.260596762414569e-05
ENSG00000123352	2.2604166710117678e-05
ENSG00000184357	2.2602965741111112e-05
ENSG00000198886	2.259367492119902e-05
ENSG00000100031	2.258178982988082e-05
ENSG00000086848	2.2570807581655722e-05
ENSG00000103313	2.2567859021015107e-05
ENSG00000284796	2.2541410411006852e-05
ENSG00000177663	2.253357335770077e-05
ENSG00000258289	2.253281886368707e-05
ENSG00000140284	2.251300785234932e-05
ENSG00000138379	2.2511289773784468e-05
ENSG00000161544	2.2490377099559305e-05
ENSG00000105583	2.2484452244748303e-05
ENSG00000127952	2.2473856343628898e-05
ENSG00000275338	2.2466464800716563e-05
ENSG00000198513	2.2460776999264437e-05
ENSG00000197136	2.2454814728479525e-05
ENSG00000227804	2.244643604605895e-05
ENSG00000070601	2.2444802929658478e-05
ENSG00000147383	2.2442020425995195e-05
ENSG00000154545	2.242921961869855e-05
ENSG00000105968	2.2418405033338725e-05
ENSG00000189306	2.2414118044072573e-05
ENSG00000156026	2.2411606590250458e-05
ENSG00000151575	2.240865702834772e-05
ENSG00000275932	2.2381660295548295e-05
ENSG00000278023	2.2381249842229636e-05
ENSG00000273873	2.237909665170206e-05
ENSG00000142178	2.2376900269387295e-05
ENSG00000128335	2.2374775695700435e-05
ENSG00000262785	2.236870998531325e-05
ENSG00000275082	2.235450526726906e-05
ENSG00000122642	2.2332252976619307e-05
ENSG00000118420	2.2310178193206032e-05
ENSG00000134545	2.2299349227953587e-05
ENSG00000198830	2.229491887243401e-05
ENSG00000128829	2.2272176297703564e-05
ENSG00000196141	2.227021561767074e-05
ENSG00000155252	2.225615540018001e-05
ENSG00000095794	2.225570566644902e-05
ENSG00000168314	2.2247163511373873e-05
ENSG00000139926	2.223886579702122e-05
ENSG00000157131	2.2218109658897095e-05
ENSG00000151967	2.221411001943282e-05
ENSG00000146776	2.2204128603454505e-05
ENSG00000168418	2.2199230048620855e-05
ENSG00000266412	2.2186973525793346e-05
ENSG00000102309	2.2179167451931182e-05
ENSG00000013374	2.2167002133795575e-05
ENSG00000165115	2.21611941514598e-05
ENSG00000104901	2.21218504226545e-05
ENSG00000162959	2.2115131112125013e-05
ENSG00000169629	2.2101439455129805e-05
ENSG00000150764	2.20951820476412e-05
ENSG00000144063	2.2087524924605204e-05
ENSG00000139117	2.2061767384719565e-05
ENSG00000099864	2.2055187543411883e-05
ENSG00000143412	2.2055157139065552e-05
ENSG00000143158	2.204417164259999e-05
ENSG00000111271	2.203881415578304e-05
ENSG00000073067	2.2003664614966617e-05
ENSG00000116525	2.1996721091034886e-05
ENSG00000140400	2.1979187061227708e-05
ENSG00000157703	2.1973278742459396e-05
ENSG00000164253	2.1969789374116307e-05
ENSG00000115290	2.195895633264021e-05
ENSG00000197586	2.195216369523986e-05
ENSG00000158604	2.1940781217166488e-05
ENSG00000129673	2.193788211140019e-05
ENSG00000198502	2.1908393621573406e-05
ENSG00000165799	2.187998786561104e-05
ENSG00000137473	2.186837709024583e-05
ENSG00000163394	2.1856061402703484e-05
ENSG00000159496	2.184612879611656e-05
ENSG00000123570	2.1842697542212832e-05
ENSG00000126249	2.1830342946564402e-05
ENSG00000101452	2.180066459120583e-05
ENSG00000285053	2.179967655889698e-05
ENSG00000118690	2.179252361853291e-05
ENSG00000162437	2.1780781923946776e-05
ENSG00000128609	2.1772248028130692e-05
ENSG00000181408	2.1769015095750213e-05
ENSG00000163131	2.175887206864628e-05
ENSG00000001561	2.1732797900124618e-05
ENSG00000113615	2.1730149869285917e-05
ENSG00000188315	2.1722219528545095e-05
ENSG00000198734	2.1704335035991125e-05
ENSG00000186187	2.169175103450189e-05
ENSG00000005801	2.1688227854812512e-05
ENSG00000288335	2.1682884382505125e-05
ENSG00000113209	2.1681410368903878e-05
ENSG00000004779	2.167582671497762e-05
ENSG00000137033	2.167553851005865e-05
ENSG00000106689	2.1665068049814878e-05
ENSG00000110435	2.1660480019110346e-05
ENSG00000243480	2.1643503773255532e-05
ENSG00000269858	2.1635425448494057e-05
ENSG00000281178	2.16229997846209e-05
ENSG00000168569	2.160752041623941e-05
ENSG00000168906	2.159607699790785e-05
ENSG00000161714	2.157838445494591e-05
ENSG00000137177	2.156995418919237e-05
ENSG00000140264	2.1551279790466363e-05
ENSG00000288146	2.153803811033754e-05
ENSG00000163040	2.1507291142411682e-05
ENSG00000149021	2.150390632591883e-05
ENSG00000179833	2.1499928393657018e-05
ENSG00000152076	2.1498130413978116e-05
ENSG00000198482	2.1496090826072444e-05
ENSG00000182308	2.1495715341951252e-05
ENSG00000166349	2.149201642259803e-05
ENSG00000178605	2.148700197883696e-05
ENSG00000164011	2.1481283318178197e-05
ENSG00000165917	2.1478118576684845e-05
ENSG00000100206	2.1475472050938106e-05
ENSG00000141933	2.1464450534374432e-05
ENSG00000176055	2.1456484970710193e-05
ENSG00000092377	2.1452052993429324e-05
ENSG00000113269	2.145201603854274e-05
ENSG00000122375	2.144718766353926e-05
ENSG00000110171	2.143436508735003e-05
ENSG00000278415	2.142598235616136e-05
ENSG00000104863	2.1417243232344603e-05
ENSG00000129055	2.1416435430052535e-05
ENSG00000162458	2.1406797204167573e-05
ENSG00000081377	2.139565798468656e-05
ENSG00000100473	2.139147502157163e-05
ENSG00000196428	2.1361293121626297e-05
ENSG00000130529	2.135092509856752e-05
ENSG00000111726	2.1324589438773843e-05
ENSG00000204084	2.128068305558493e-05
ENSG00000142089	2.1280586073577364e-05
ENSG00000163006	2.127469876124383e-05
ENSG00000076513	2.1266638712128772e-05
ENSG00000274429	2.1258387911445582e-05
ENSG00000179085	2.1238535110634194e-05
ENSG00000144407	2.1228941387791997e-05
ENSG00000118363	2.1224743966638205e-05
ENSG00000139133	2.1220315316667575e-05
ENSG00000171320	2.1214669438525237e-05
ENSG00000225312	2.121394297351749e-05
ENSG00000197372	2.1211610988973822e-05
ENSG00000101546	2.1204840351790185e-05
ENSG00000166166	2.1201886722262415e-05
ENSG00000168959	2.1199635332597504e-05
ENSG00000137070	2.119175447672072e-05
ENSG00000168876	2.1185984344184763e-05
ENSG00000100814	2.118021163773881e-05
ENSG00000196850	2.117084251253446e-05
ENSG00000115944	2.1157839859621767e-05
ENSG00000103174	2.1147573572642516e-05
ENSG00000154080	2.11359124971343e-05
ENSG00000172992	2.110486836386888e-05
ENSG00000143355	2.1097308629012414e-05
ENSG00000151366	2.1095632548764324e-05
ENSG00000277722	2.1064489624924884e-05
ENSG00000204138	2.1057186591600933e-05
ENSG00000125285	2.1055462330208894e-05
ENSG00000166123	2.1055184902698347e-05
ENSG00000143006	2.1048643292055e-05
ENSG00000162129	2.104002809167489e-05
ENSG00000147127	2.1035744312167097e-05
ENSG00000067221	2.102229715643352e-05
ENSG00000183153	2.1018120480645552e-05
ENSG00000161180	2.1004438619592403e-05
ENSG00000205581	2.099927957973302e-05
ENSG00000162526	2.0989015864661566e-05
ENSG00000132004	2.0972040254238133e-05
ENSG00000038945	2.0968505986670453e-05
ENSG00000168995	2.0967966195027415e-05
ENSG00000198825	2.096285007382034e-05
ENSG00000285302	2.0950073571929078e-05
ENSG00000101911	2.0930284776009785e-05
ENSG00000176029	2.0920621969084488e-05
ENSG00000283510	2.091449099850419e-05
ENSG00000062524	2.0888421528235115e-05
ENSG00000034533	2.088530019597065e-05
ENSG00000111224	2.0883012688917093e-05
ENSG00000125375	2.0880291693790924e-05
ENSG00000104870	2.087309528793091e-05
ENSG00000100865	2.0865299739265595e-05
ENSG00000197181	2.0850877883932865e-05
ENSG00000131844	2.0835019040064172e-05
ENSG00000257727	2.0833795997168382e-05
ENSG00000104946	2.0832146174796212e-05
ENSG00000039600	2.0825046317402643e-05
ENSG00000116688	2.0809423591848857e-05
ENSG00000143570	2.0800977891048703e-05
ENSG00000073803	2.079551219909501e-05
ENSG00000174460	2.079230571272731e-05
ENSG00000078114	2.0791359247726427e-05
ENSG00000119411	2.079028488554796e-05
ENSG00000144451	2.0777053094178394e-05
ENSG00000119509	2.0772388502351417e-05
ENSG00000276559	2.0763228873756946e-05
ENSG00000102128	2.0761041662113094e-05
ENSG00000130818	2.075829622897747e-05
ENSG00000180035	2.0753464785447857e-05
ENSG00000158805	2.074194759569083e-05
ENSG00000112186	2.072169166287596e-05
ENSG00000288611	2.072006140400789e-05
ENSG00000109184	2.0707028398832843e-05
ENSG00000164967	2.070201546173344e-05
ENSG00000138115	2.0691555182086517e-05
ENSG00000003989	2.067076272265995e-05
ENSG00000177096	2.0665797938982053e-05
ENSG00000243708	2.066190821595753e-05
ENSG00000263012	2.0648167495627593e-05
ENSG00000105245	2.064755496720981e-05
ENSG00000108179	2.0620629539827653e-05
ENSG00000185101	2.0612397416966813e-05
ENSG00000275272	2.0611874436898453e-05
ENSG00000081181	2.0601157320595825e-05
ENSG00000124787	2.0598993573163744e-05
ENSG00000037637	2.0595180561224472e-05
ENSG00000196177	2.0585784431225864e-05
ENSG00000168763	2.0584157646662297e-05
ENSG00000198182	2.0580897475010425e-05
ENSG00000136003	2.0580318970387513e-05
ENSG00000138375	2.057406698402074e-05
ENSG00000152558	2.0565649794861294e-05
ENSG00000213918	2.0561143404094228e-05
ENSG00000154319	2.055671236478203e-05
ENSG00000284426	2.055228432250648e-05
ENSG00000155957	2.053420391393394e-05
ENSG00000187634	2.0518019292867013e-05
ENSG00000135951	2.0512276815793218e-05
ENSG00000132275	2.0491016298062124e-05
ENSG00000146066	2.0489836685167797e-05
ENSG00000169245	2.048612013359324e-05
ENSG00000228253	2.0486081333361737e-05
ENSG00000166189	2.0482108038240966e-05
ENSG00000104983	2.048021429309491e-05
ENSG00000141519	2.0471693365201782e-05
ENSG00000143479	2.0458994120301578e-05
ENSG00000196581	2.0453691323190394e-05
ENSG00000145911	2.0451300185239294e-05
ENSG00000189060	2.0450327521268338e-05
ENSG00000120093	2.0435686159279643e-05
ENSG00000172469	2.0427554189541218e-05
ENSG00000176108	2.0411729924582407e-05
ENSG00000137266	2.04109483542971e-05
ENSG00000183098	2.040603749458936e-05
ENSG00000157368	2.038764737009277e-05
ENSG00000239857	2.0360448748729224e-05
ENSG00000181773	2.0359197076885965e-05
ENSG00000167186	2.0333383986540515e-05
ENSG00000111879	2.0322365419026038e-05
ENSG00000128228	2.032073544407813e-05
ENSG00000240344	2.0309744379645622e-05
ENSG00000128652	2.030726166739005e-05
ENSG00000095321	2.030639377051471e-05
ENSG00000160179	2.0287675723209806e-05
ENSG00000166192	2.0283784462174237e-05
ENSG00000198492	2.028183750843012e-05
ENSG00000128654	2.0271071648934804e-05
ENSG00000183723	2.02704169001778e-05
ENSG00000170584	2.025893026394523e-05
ENSG00000162543	2.025659488299983e-05
ENSG00000159199	2.025234749874119e-05
ENSG00000099769	2.022423909141631e-05
ENSG00000064763	2.022185923720505e-05
ENSG00000122477	2.02204678201314e-05
ENSG00000151014	2.0200349648550445e-05
ENSG00000137875	2.0199987310656578e-05
ENSG00000167964	2.019275432786857e-05
ENSG00000101577	2.01874907605259e-05
ENSG00000057468	2.0185555894698018e-05
ENSG00000104805	2.017663790795851e-05
ENSG00000205978	2.0175108675588323e-05
ENSG00000144401	2.0161211018849962e-05
ENSG00000139988	2.013261374230082e-05
ENSG00000123213	2.0126308355029045e-05
ENSG00000178038	2.0115444176716658e-05
ENSG00000105996	2.0113008971732074e-05
ENSG00000206485	2.011270496449645e-05
ENSG00000188761	2.0110909083975804e-05
ENSG00000143515	2.0093544382805018e-05
ENSG00000123933	2.008240729625861e-05
ENSG00000174446	2.0080019046276035e-05
ENSG00000218336	2.0060733105216833e-05
ENSG00000205838	2.004972471778713e-05
ENSG00000196159	2.004895340679119e-05
ENSG00000281022	2.0021700166179616e-05
ENSG00000087903	1.9996202629413102e-05
ENSG00000174672	1.9995621876842235e-05
ENSG00000133935	1.9978646776494352e-05
ENSG00000178826	1.9963491985529544e-05
ENSG00000123179	1.9960057105625504e-05
ENSG00000043591	1.9952232086951953e-05
ENSG00000125841	1.9937908385878615e-05
ENSG00000099785	1.9934902917611636e-05
ENSG00000146530	1.9932526198364735e-05
ENSG00000101134	1.9919915180287283e-05
ENSG00000189057	1.989379435456435e-05
ENSG00000117614	1.989197420071547e-05
ENSG00000168904	1.9878217211462875e-05
ENSG00000030419	1.9868769457911338e-05
ENSG00000159251	1.986757821879316e-05
ENSG00000130312	1.9859691165139127e-05
ENSG00000118263	1.98592001667373e-05
ENSG00000164620	1.9858543974417484e-05
ENSG00000160588	1.984613861276301e-05
ENSG00000105737	1.9844144039588256e-05
ENSG00000103274	1.9830876401087042e-05
ENSG00000169474	1.978478764067714e-05
ENSG00000198597	1.9784506603915152e-05
ENSG00000106327	1.978004655318327e-05
ENSG00000125144	1.97793733006739e-05
ENSG00000176171	1.977602698955957e-05
ENSG00000120306	1.9771396828132194e-05
ENSG00000139323	1.9768895654910377e-05
ENSG00000056972	1.9768239733275326e-05
ENSG00000008438	1.9757750841317e-05
ENSG00000133105	1.9749033739896002e-05
ENSG00000080371	1.9743951461887603e-05
ENSG00000120332	1.9742687559072917e-05
ENSG00000142733	1.9732664107229e-05
ENSG00000285479	1.972809411228645e-05
ENSG00000198130	1.9726021698812235e-05
ENSG00000130517	1.972192890387514e-05
ENSG00000012232	1.9718619491434276e-05
ENSG00000247626	1.9718020757551622e-05
ENSG00000113272	1.9716173521379637e-05
ENSG00000138399	1.969619625088727e-05
ENSG00000274327	1.9685936371828357e-05
ENSG00000135482	1.9668933057132434e-05
ENSG00000102001	1.9666787019940203e-05
ENSG00000174516	1.965973045802359e-05
ENSG00000152700	1.9652275197115107e-05
ENSG00000150403	1.965146503354003e-05
ENSG00000277571	1.9636992572131755e-05
ENSG00000137055	1.9632370326643887e-05
ENSG00000126233	1.9627047698583114e-05
ENSG00000170743	1.960691620806612e-05
ENSG00000036828	1.9587861854975314e-05
ENSG00000196981	1.9587682082551106e-05
ENSG00000108515	1.9585453496696582e-05
ENSG00000182333	1.9581585499732476e-05
ENSG00000151687	1.9578342520210113e-05
ENSG00000253873	1.956539369091373e-05
ENSG00000179407	1.9560515855713183e-05
ENSG00000074527	1.9558265056934163e-05
ENSG00000129450	1.9553352103713845e-05
ENSG00000128510	1.954612216621683e-05
ENSG00000054179	1.954539715151554e-05
ENSG00000137198	1.9531940043686684e-05
ENSG00000262635	1.9528220705662662e-05
ENSG00000145850	1.952773228247474e-05
ENSG00000185798	1.9520985102447348e-05
ENSG00000163069	1.951612202943586e-05
ENSG00000118514	1.950977524612142e-05
ENSG00000167397	1.9499207856284228e-05
ENSG00000133863	1.948972328823828e-05
ENSG00000179914	1.9486068227533618e-05
ENSG00000278211	1.947469416833807e-05
ENSG00000175575	1.9474379320760685e-05
ENSG00000197079	1.946855841408887e-05
ENSG00000159166	1.9458666246213383e-05
ENSG00000172680	1.9450333789814218e-05
ENSG00000136868	1.94296085892123e-05
ENSG00000160216	1.9425322203620654e-05
ENSG00000164209	1.9423065242028763e-05
ENSG00000282228	1.9390831384689387e-05
ENSG00000284400	1.9380198588598295e-05
ENSG00000184156	1.9372621898269085e-05
ENSG00000116885	1.935979345376669e-05
ENSG00000256269	1.934027344576013e-05
ENSG00000171487	1.9338736508181588e-05
ENSG00000216937	1.9337129614264008e-05
ENSG00000120318	1.933691687377082e-05
ENSG00000278889	1.9330992321964657e-05
ENSG00000079150	1.932986038866885e-05
ENSG00000125703	1.9326332342093032e-05
ENSG00000163464	1.9316215917395098e-05
ENSG00000130299	1.9291979435100998e-05
ENSG00000145703	1.927716466623703e-05
ENSG00000275935	1.9276041897719065e-05
ENSG00000182645	1.9273926013312434e-05
ENSG00000150787	1.9272616768520304e-05
ENSG00000109519	1.9269585283575712e-05
ENSG00000113119	1.9258641749402166e-05
ENSG00000283859	1.9251966306995445e-05
ENSG00000165501	1.9248051057554895e-05
ENSG00000079739	1.9225463180948484e-05
ENSG00000108702	1.9218103394170163e-05
ENSG00000105613	1.9217519538783484e-05
ENSG00000165322	1.9190422062639047e-05
ENSG00000068784	1.9183203770100432e-05
ENSG00000225921	1.917577239640231e-05
ENSG00000277336	1.9174135452376586e-05
ENSG00000136002	1.9165192480316167e-05
ENSG00000173744	1.916118611251965e-05
ENSG00000117480	1.9155682168263638e-05
ENSG00000176204	1.9146027424419943e-05
ENSG00000089248	1.9141109327542684e-05
ENSG00000149573	1.9132720159475886e-05
ENSG00000172009	1.9119883442254916e-05
ENSG00000285241	1.911157619923926e-05
ENSG00000184897	1.9084170473369012e-05
ENSG00000164687	1.9058289339496643e-05
ENSG00000178802	1.905074787705202e-05
ENSG00000176148	1.9037761384087472e-05
ENSG00000130513	1.9035453054188644e-05
ENSG00000151092	1.9033263265675155e-05
ENSG00000156521	1.9027623392808805e-05
ENSG00000082213	1.9021173022165534e-05
ENSG00000168661	1.9018260718547025e-05
ENSG00000265190	1.900231496521337e-05
ENSG00000159792	1.8975394516177502e-05
ENSG00000182983	1.8961861840348904e-05
ENSG00000182362	1.8937374861476968e-05
ENSG00000120437	1.8917019445926516e-05
ENSG00000173221	1.891542638065046e-05
ENSG00000163291	1.89074145344301e-05
ENSG00000158691	1.8894096634486517e-05
ENSG00000148408	1.888278793833786e-05
ENSG00000109680	1.8854591527933897e-05
ENSG00000116031	1.8822591628424776e-05
ENSG00000156471	1.882139996944902e-05
ENSG00000266964	1.880894754098129e-05
ENSG00000183023	1.8806758924738208e-05
ENSG00000135299	1.8801775288126306e-05
ENSG00000137857	1.878510739873282e-05
ENSG00000136938	1.8775204021011415e-05
ENSG00000197555	1.8773935850474905e-05
ENSG00000131831	1.8768403356982482e-05
ENSG00000001630	1.876631946745959e-05
ENSG00000125998	1.8762255772663317e-05
ENSG00000137500	1.8758061452748888e-05
ENSG00000180398	1.8755267752668313e-05
ENSG00000138760	1.8754333706769947e-05
ENSG00000205358	1.874742176652085e-05
ENSG00000101280	1.8728006532746303e-05
ENSG00000067048	1.8727864761063964e-05
ENSG00000166507	1.8719000244333252e-05
ENSG00000212122	1.871474912194769e-05
ENSG00000147465	1.8690998366321776e-05
ENSG00000243414	1.8679807746231293e-05
ENSG00000147573	1.8675641516109826e-05
ENSG00000106688	1.8674699880973754e-05
ENSG00000274473	1.8668337036964433e-05
ENSG00000114021	1.8659202080170152e-05
ENSG00000198157	1.865847962784997e-05
ENSG00000097096	1.8658453238516454e-05
ENSG00000168263	1.864717046153264e-05
ENSG00000163319	1.8644143635423396e-05
ENSG00000185960	1.8639112672778153e-05
ENSG00000137804	1.8634883215987825e-05
ENSG00000159184	1.863266901514649e-05
ENSG00000148688	1.863245236076627e-05
ENSG00000156502	1.860864998597691e-05
ENSG00000148459	1.8573678998237135e-05
ENSG00000072042	1.857068911714967e-05
ENSG00000084734	1.856806804444382e-05
ENSG00000214941	1.85597064495881e-05
ENSG00000165105	1.8558703125504615e-05
ENSG00000113273	1.8535709755216596e-05
ENSG00000237599	1.8526616604144227e-05
ENSG00000198727	1.849436257458517e-05
ENSG00000151320	1.849288836217871e-05
ENSG00000102805	1.8489852816769666e-05
ENSG00000140795	1.847746213354006e-05
ENSG00000137821	1.8475410380121644e-05
ENSG00000129636	1.8469048909305793e-05
ENSG00000141447	1.846841563275483e-05
ENSG00000186660	1.8466768570666798e-05
ENSG00000145681	1.8417300954060433e-05
ENSG00000105146	1.841143071325829e-05
ENSG00000143507	1.8336120839453256e-05
ENSG00000276701	1.8336091922881913e-05
ENSG00000120708	1.8330927398776008e-05
ENSG00000138755	1.8314385286182622e-05
ENSG00000129255	1.8314315786433282e-05
ENSG00000109193	1.831410439096892e-05
ENSG00000168589	1.8309596529734003e-05
ENSG00000141086	1.8305086757694174e-05
ENSG00000166016	1.8298614384487346e-05
ENSG00000203785	1.827104675260547e-05
ENSG00000234545	1.826616262702707e-05
ENSG00000005882	1.826335850916206e-05
ENSG00000181523	1.8254880913425862e-05
ENSG00000283082	1.8250575899180896e-05
ENSG00000113966	1.81811706782566e-05
ENSG00000174080	1.8172103171424672e-05
ENSG00000198889	1.815954955391421e-05
ENSG00000108389	1.815206626742316e-05
ENSG00000173928	1.8147610832356603e-05
ENSG00000072041	1.8115853764776207e-05
ENSG00000172179	1.8113198899572045e-05
ENSG00000048991	1.8091317773749778e-05
ENSG00000157103	1.806836069654886e-05
ENSG00000100983	1.8067538666490883e-05
ENSG00000172476	1.8062424884715404e-05
ENSG00000146540	1.8027273857577422e-05
ENSG00000278268	1.8005185709502827e-05
ENSG00000169955	1.8000725407252394e-05
ENSG00000160097	1.7984792525682978e-05
ENSG00000169087	1.7960143165684376e-05
ENSG00000162366	1.7959359405138526e-05
ENSG00000155265	1.793113076858793e-05
ENSG00000132026	1.790823128812653e-05
ENSG00000159267	1.7894469177081658e-05
ENSG00000213930	1.7891262272025345e-05
ENSG00000182463	1.7882719747504868e-05
ENSG00000119927	1.7855256863863683e-05
ENSG00000139233	1.78492304171971e-05
ENSG00000089063	1.7848362201447423e-05
ENSG00000146833	1.784370115979216e-05
ENSG00000167880	1.7835674496374112e-05
ENSG00000079337	1.7833304339824155e-05
ENSG00000144395	1.783286660181909e-05
ENSG00000147459	1.781278329252668e-05
ENSG00000131979	1.7804721590801008e-05
ENSG00000197296	1.780187141663905e-05
ENSG00000110697	1.7800150888335083e-05
ENSG00000166035	1.7787208551303933e-05
ENSG00000049247	1.77865495974007e-05
ENSG00000258102	1.7776438099788408e-05
ENSG00000044446	1.777521628469299e-05
ENSG00000180043	1.7768947392866797e-05
ENSG00000169306	1.774909718636042e-05
ENSG00000163531	1.7740630787052538e-05
ENSG00000281661	1.7738716889400194e-05
ENSG00000103502	1.772460276483614e-05
ENSG00000171989	1.7714233566382073e-05
ENSG00000133083	1.7685776793738434e-05
ENSG00000164535	1.7670604225335515e-05
ENSG00000184428	1.766469544005906e-05
ENSG00000171813	1.765911938150376e-05
ENSG00000120334	1.765507281831337e-05
ENSG00000112981	1.76509370908616e-05
ENSG00000167641	1.764957286011233e-05
ENSG00000226430	1.7647819480255588e-05
ENSG00000198838	1.764457810396939e-05
ENSG00000100665	1.7638666941594535e-05
ENSG00000024422	1.7637591694941125e-05
ENSG00000020577	1.7632860759762342e-05
ENSG00000112031	1.7629310486454225e-05
ENSG00000189334	1.761511737004619e-05
ENSG00000105516	1.760208393911498e-05
ENSG00000160703	1.7598718966928568e-05
ENSG00000167191	1.7594100651013655e-05
ENSG00000104549	1.758166517202327e-05
ENSG00000126822	1.7574579587735087e-05
ENSG00000176022	1.755862250752958e-05
ENSG00000132481	1.7558147603338366e-05
ENSG00000150401	1.7554308376951533e-05
ENSG00000159348	1.7548723407005955e-05
ENSG00000133131	1.7537135355938726e-05
ENSG00000158806	1.7535057873831636e-05
ENSG00000225748	1.7501530430705937e-05
ENSG00000100629	1.750088877113542e-05
ENSG00000175445	1.750029927241247e-05
ENSG00000167775	1.7489143068966374e-05
ENSG00000105053	1.7474572889593395e-05
ENSG00000172889	1.7468381553193896e-05
ENSG00000187766	1.746279660822893e-05
ENSG00000128918	1.7459901603781254e-05
ENSG00000119705	1.7450610379914178e-05
ENSG00000149485	1.7436337229608473e-05
ENSG00000079335	1.7420586667350566e-05
ENSG00000129474	1.7414295044150698e-05
ENSG00000146006	1.7406080588096976e-05
ENSG00000146072	1.7397223144616642e-05
ENSG00000205186	1.73865346538507e-05
ENSG00000129071	1.7384979192549162e-05
ENSG00000153086	1.7384882417401313e-05
ENSG00000097021	1.7380721975110816e-05
ENSG00000092036	1.737949575245676e-05
ENSG00000064270	1.735605279668169e-05
ENSG00000288219	1.7343453722509857e-05
ENSG00000079156	1.7334979888154833e-05
ENSG00000144355	1.7329147282587926e-05
ENSG00000136535	1.7328855918428737e-05
ENSG00000134294	1.7327876251816168e-05
ENSG00000283104	1.7320173107729994e-05
ENSG00000263465	1.7317303712742984e-05
ENSG00000107731	1.7307413755032937e-05
ENSG00000182968	1.72933505643245e-05
ENSG00000063761	1.7286572820332254e-05
ENSG00000141098	1.7279118126598335e-05
ENSG00000100664	1.7258276808425217e-05
ENSG00000285011	1.7253847795313257e-05
ENSG00000262473	1.7230409680069887e-05
ENSG00000186326	1.719301533886558e-05
ENSG00000131446	1.7186325897950544e-05
ENSG00000111802	1.7182790817408746e-05
ENSG00000285317	1.7172843053275655e-05
ENSG00000101493	1.7170557964531366e-05
ENSG00000196975	1.7169453060002534e-05
ENSG00000244752	1.7155344472944013e-05
ENSG00000278624	1.715465636478775e-05
ENSG00000288185	1.7135141637494367e-05
ENSG00000175581	1.7099019748547622e-05
ENSG00000181333	1.7096987295515223e-05
ENSG00000108839	1.7096771912796744e-05
ENSG00000179477	1.7054385837904994e-05
ENSG00000132434	1.7045414018064556e-05
ENSG00000080819	1.7037659651457213e-05
ENSG00000099910	1.7037133629456004e-05
ENSG00000175097	1.703710621388722e-05
ENSG00000137124	1.7033585083270008e-05
ENSG00000146555	1.702886949848834e-05
ENSG00000145332	1.7017167527169085e-05
ENSG00000206527	1.7012541019385886e-05
ENSG00000262771	1.7005673601960916e-05
ENSG00000112695	1.699549171310959e-05
ENSG00000183878	1.698678941788371e-05
ENSG00000179922	1.6967695744384e-05
ENSG00000103942	1.696573948165256e-05
ENSG00000115665	1.6958596194574953e-05
ENSG00000061455	1.6951580970784512e-05
ENSG00000139910	1.6942900407109056e-05
ENSG00000147642	1.6936348025367804e-05
ENSG00000103326	1.6930527487393492e-05
ENSG00000169750	1.6916171406970074e-05
ENSG00000161647	1.687853185600692e-05
ENSG00000274958	1.6875989411618994e-05
ENSG00000239264	1.6864580506945705e-05
ENSG00000182040	1.686301874755413e-05
ENSG00000104129	1.6862634655181248e-05
ENSG00000137824	1.6860618983916025e-05
ENSG00000136205	1.685451487912937e-05
ENSG00000154415	1.68340352380192e-05
ENSG00000167693	1.6833793891906817e-05
ENSG00000179546	1.682445777473285e-05
ENSG00000196277	1.681702189309373e-05
ENSG00000130810	1.680784113517066e-05
ENSG00000108100	1.6806081483984478e-05
ENSG00000081138	1.6791580708743396e-05
ENSG00000241253	1.6789272945670702e-05
ENSG00000274829	1.6788207692158626e-05
ENSG00000072954	1.6788007956845136e-05
ENSG00000160214	1.677443268004664e-05
ENSG00000092929	1.676950751364514e-05
ENSG00000114349	1.67659862356032e-05
ENSG00000182809	1.673578712186717e-05
ENSG00000131668	1.673162702360655e-05
ENSG00000183864	1.673078686773652e-05
ENSG00000083544	1.6694397517730863e-05
ENSG00000169248	1.669323001625631e-05
ENSG00000115425	1.668796872799433e-05
ENSG00000162300	1.6686770596135343e-05
ENSG00000168993	1.6668588508711053e-05
ENSG00000086696	1.6644883966687848e-05
ENSG00000136267	1.660799387011088e-05
ENSG00000117899	1.6607454581090444e-05
ENSG00000188425	1.6589489920318527e-05
ENSG00000136770	1.658855152956983e-05
ENSG00000262795	1.6562476996925643e-05
ENSG00000162572	1.655213731996755e-05
ENSG00000160183	1.6546547416698316e-05
ENSG00000186470	1.6542165278720684e-05
ENSG00000114737	1.6541162633781764e-05
ENSG00000167566	1.6528173245435994e-05
ENSG00000013563	1.652506370355813e-05
ENSG00000164325	1.650965580494129e-05
ENSG00000134758	1.6506914206569738e-05
ENSG00000186283	1.6479953126886375e-05
ENSG00000277804	1.6446594583808267e-05
ENSG00000037757	1.6436972078543463e-05
ENSG00000169860	1.6422694113805024e-05
ENSG00000288295	1.6420048649200054e-05
ENSG00000143971	1.641816969713887e-05
ENSG00000273397	1.641135214127857e-05
ENSG00000157510	1.6405949905189883e-05
ENSG00000108423	1.640539489672898e-05
ENSG00000284194	1.6395384871975708e-05
ENSG00000129824	1.6390520218104926e-05
ENSG00000168566	1.6374335122547137e-05
ENSG00000169857	1.635282693637199e-05
ENSG00000212935	1.635200970064977e-05
ENSG00000185187	1.6351445945964255e-05
ENSG00000166450	1.6344908859682153e-05
ENSG00000173548	1.6337651758907802e-05
ENSG00000163975	1.6332501707940782e-05
ENSG00000180535	1.6326007081737573e-05
ENSG00000288353	1.6319334994175202e-05
ENSG00000051620	1.631136059337894e-05
ENSG00000130287	1.6310804514582243e-05
ENSG00000214415	1.62821294099788e-05
ENSG00000151490	1.627167167835937e-05
ENSG00000122971	1.6265886284679515e-05
ENSG00000170788	1.6264742915016423e-05
ENSG00000119723	1.625884532436754e-05
ENSG00000152670	1.6246327633790103e-05
ENSG00000176155	1.624085453161044e-05
ENSG00000171530	1.6237236535546345e-05
ENSG00000281709	1.6232219568081242e-05
ENSG00000131037	1.622412770040081e-05
ENSG00000154359	1.6216238961266426e-05
ENSG00000134884	1.6215331506533673e-05
ENSG00000122034	1.6196948869248875e-05
ENSG00000116157	1.6192012427714236e-05
ENSG00000123472	1.618429577239551e-05
ENSG00000244617	1.6181567839264507e-05
ENSG00000231268	1.6174347398465664e-05
ENSG00000164591	1.616496419785821e-05
ENSG00000138036	1.6163076823213326e-05
ENSG00000181781	1.616219319499854e-05
ENSG00000108551	1.613756608120258e-05
ENSG00000108666	1.6134367721312244e-05
ENSG00000069535	1.6122584106037666e-05
ENSG00000278191	1.61220434718697e-05
ENSG00000162510	1.6121373325631565e-05
ENSG00000224200	1.611945346806799e-05
ENSG00000112077	1.611077804287606e-05
ENSG00000115271	1.6108614735575136e-05
ENSG00000274675	1.609629840332554e-05
ENSG00000204403	1.6094318588252522e-05
ENSG00000102021	1.606994932255838e-05
ENSG00000040731	1.6062914291025013e-05
ENSG00000080546	1.6061203447666345e-05
ENSG00000159445	1.6052995448854183e-05
ENSG00000178425	1.6039804669153243e-05
ENSG00000121858	1.6036895416995494e-05
ENSG00000101443	1.6032188408247593e-05
ENSG00000140057	1.601151378604577e-05
ENSG00000268447	1.5989732599478652e-05
ENSG00000237172	1.5979059457858176e-05
ENSG00000130956	1.5973538294448964e-05
ENSG00000276799	1.5965952233806143e-05
ENSG00000172893	1.596174179507007e-05
ENSG00000204370	1.5956673018377307e-05
ENSG00000078070	1.594524914118516e-05
ENSG00000165125	1.5896606087263587e-05
ENSG00000185818	1.5890913857708164e-05
ENSG00000109133	1.5862606801537306e-05
ENSG00000139344	1.5862101601611427e-05
ENSG00000130005	1.584947474613847e-05
ENSG00000227315	1.5845135116347444e-05
ENSG00000133983	1.584300378390037e-05
ENSG00000269405	1.582335192670604e-05
ENSG00000136710	1.5820285168662617e-05
ENSG00000196155	1.581951755805217e-05
ENSG00000187244	1.5811534638049007e-05
ENSG00000181827	1.5809829536601066e-05
ENSG00000213337	1.5804877797701805e-05
ENSG00000100258	1.5797393338899688e-05
ENSG00000165443	1.579511325411333e-05
ENSG00000285199	1.579288265728197e-05
ENSG00000132693	1.5783757568160236e-05
ENSG00000143845	1.573559521547612e-05
ENSG00000106336	1.5732683816377537e-05
ENSG00000173662	1.5728620728711787e-05
ENSG00000164675	1.5726685636310203e-05
ENSG00000136213	1.572552052666607e-05
ENSG00000170748	1.5719529950092036e-05
ENSG00000166199	1.571666595021569e-05
ENSG00000248905	1.5712010219036454e-05
ENSG00000113761	1.5694967535897794e-05
ENSG00000198885	1.5693562410585666e-05
ENSG00000138039	1.567029854295994e-05
ENSG00000136197	1.5660559661013567e-05
ENSG00000151923	1.5649839996934032e-05
ENSG00000182551	1.56465437727913e-05
ENSG00000102098	1.562645645788916e-05
ENSG00000176771	1.5615681377890866e-05
ENSG00000133742	1.559330595194825e-05
ENSG00000224145	1.5570492966522632e-05
ENSG00000185883	1.5567926405183298e-05
ENSG00000225737	1.5560351463601434e-05
ENSG00000230685	1.556019873035677e-05
ENSG00000136444	1.553901523630316e-05
ENSG00000110628	1.553458509144822e-05
ENSG00000111144	1.553201284332602e-05
ENSG00000165886	1.5528001027332395e-05
ENSG00000099365	1.551289234258605e-05
ENSG00000174740	1.5505773347078837e-05
ENSG00000139351	1.5505039749560693e-05
ENSG00000141337	1.5503237855074457e-05
ENSG00000177791	1.5494046097503264e-05
ENSG00000178467	1.5462201305921905e-05
ENSG00000056998	1.5450095747279896e-05
ENSG00000107745	1.543977024434515e-05
ENSG00000230900	1.543774380680531e-05
ENSG00000178695	1.543759395521879e-05
ENSG00000167332	1.5419367299109204e-05
ENSG00000186815	1.5412402755641698e-05
ENSG00000253276	1.5366552125274138e-05
ENSG00000185482	1.5347070775773152e-05
ENSG00000122728	1.5345315869071946e-05
ENSG00000125409	1.5326651691460397e-05
ENSG00000183648	1.5326117060481224e-05
ENSG00000118495	1.531791785918912e-05
ENSG00000007001	1.5314422146026546e-05
ENSG00000167779	1.529542060878159e-05
ENSG00000116138	1.5291364654670263e-05
ENSG00000174944	1.5275108811041773e-05
ENSG00000274247	1.5260710754326586e-05
ENSG00000117152	1.5255441297717717e-05
ENSG00000105289	1.525412023953286e-05
ENSG00000162594	1.5251912383120825e-05
ENSG00000171202	1.524756953952305e-05
ENSG00000138381	1.524148384575719e-05
ENSG00000256771	1.5237336029525376e-05
ENSG00000141404	1.5216495158992266e-05
ENSG00000169877	1.5207872823030821e-05
ENSG00000104880	1.5172124584310338e-05
ENSG00000083123	1.516762903050234e-05
ENSG00000078596	1.5166335330590144e-05
ENSG00000121578	1.5156098519975872e-05
ENSG00000119950	1.5150475272034289e-05
ENSG00000090857	1.5146844051936893e-05
ENSG00000283034	1.5119901796937518e-05
ENSG00000244607	1.509104638979751e-05
ENSG00000125434	1.50878015098909e-05
ENSG00000092200	1.5082893667482307e-05
ENSG00000186918	1.5064399465230774e-05
ENSG00000144596	1.5063034742051551e-05
ENSG00000069509	1.5017530353528708e-05
ENSG00000157916	1.5011806943069735e-05
ENSG00000099203	1.5007290285431796e-05
ENSG00000163673	1.5004925441778187e-05
ENSG00000198763	1.498739827013864e-05
ENSG00000115970	1.4983619873624573e-05
ENSG00000109089	1.49810515504862e-05
ENSG00000173175	1.4966444389234352e-05
ENSG00000275035	1.494393846105343e-05
ENSG00000073169	1.4940287119567507e-05
ENSG00000143631	1.4938113283563965e-05
ENSG00000215193	1.4929607834802855e-05
ENSG00000154134	1.4929461543392901e-05
ENSG00000054965	1.4924358197309041e-05
ENSG00000181873	1.4918762260131888e-05
ENSG00000189056	1.4914426126252428e-05
ENSG00000115350	1.4913958281039874e-05
ENSG00000284548	1.4904659522860053e-05
ENSG00000214456	1.4900568749331617e-05
ENSG00000070759	1.4890091870335713e-05
ENSG00000151458	1.488841732281688e-05
ENSG00000108684	1.4887733849947723e-05
ENSG00000078237	1.4880579262106313e-05
ENSG00000135960	1.487913562160815e-05
ENSG00000109061	1.4871765299833747e-05
ENSG00000115756	1.4871544503941222e-05
ENSG00000130821	1.4870397887204207e-05
ENSG00000213614	1.4870284793381562e-05
ENSG00000178623	1.4816033791589508e-05
ENSG00000142528	1.4812934224471737e-05
ENSG00000177558	1.4812336651027084e-05
ENSG00000081041	1.4810173345507764e-05
ENSG00000100288	1.480306215831227e-05
ENSG00000054938	1.4791855009529216e-05
ENSG00000168246	1.477282063163611e-05
ENSG00000173581	1.477255934813367e-05
ENSG00000177576	1.4761491564511472e-05
ENSG00000162482	1.4761049980664387e-05
ENSG00000106591	1.4743432234581105e-05
ENSG00000196743	1.4741838575812387e-05
ENSG00000205981	1.4740251337303173e-05
ENSG00000143819	1.4730767908358705e-05
ENSG00000136682	1.4699836948024717e-05
ENSG00000163660	1.4696189889332427e-05
ENSG00000087253	1.4694328349046532e-05
ENSG00000150681	1.4692837262405288e-05
ENSG00000164574	1.4673257016103261e-05
ENSG00000159335	1.4670819477437087e-05
ENSG00000170191	1.4668009555726462e-05
ENSG00000143520	1.464761067290182e-05
ENSG00000172339	1.4632788014390751e-05
ENSG00000240592	1.4628325545853446e-05
ENSG00000196967	1.4612490368280527e-05
ENSG00000103381	1.4612163660894073e-05
ENSG00000241945	1.4610791688941154e-05
ENSG00000163141	1.4607234367602722e-05
ENSG00000185149	1.4594989065493185e-05
ENSG00000114988	1.4586320837100714e-05
ENSG00000124587	1.4578668694244557e-05
ENSG00000106809	1.4573600164642916e-05
ENSG00000115504	1.4562988371568005e-05
ENSG00000198840	1.4553592559074407e-05
ENSG00000166133	1.453222566674625e-05
ENSG00000163206	1.4518863238451241e-05
ENSG00000183054	1.4516800772198215e-05
ENSG00000228075	1.4495159744747143e-05
ENSG00000139675	1.4482876293018028e-05
ENSG00000113734	1.4465057962051602e-05
ENSG00000197444	1.4461588901670724e-05
ENSG00000149474	1.4442154954903362e-05
ENSG00000187987	1.4435070973921164e-05
ENSG00000125734	1.4398287763009513e-05
ENSG00000004866	1.4388272973621184e-05
ENSG00000048544	1.4377005451590866e-05
ENSG00000107789	1.4374269339099534e-05
ENSG00000160404	1.436300637444296e-05
ENSG00000109066	1.4362616661952165e-05
ENSG00000160131	1.4353589825515774e-05
ENSG00000198478	1.4342181503968718e-05
ENSG00000131941	1.4330162891754694e-05
ENSG00000130997	1.4321317728756901e-05
ENSG00000146070	1.4313499108650548e-05
ENSG00000197147	1.4278291233277628e-05
ENSG00000109771	1.4265299298245445e-05
ENSG00000104081	1.4261818878172791e-05
ENSG00000166037	1.4249971273349971e-05
ENSG00000157765	1.4241959515370237e-05
ENSG00000170632	1.4238031960035292e-05
ENSG00000259494	1.4236178649844549e-05
ENSG00000148200	1.4234890513334308e-05
ENSG00000121716	1.4228667125023206e-05
ENSG00000189046	1.421674720003353e-05
ENSG00000149792	1.4216517262617388e-05
ENSG00000280682	1.4177459675113979e-05
ENSG00000175938	1.4175468066263119e-05
ENSG00000248485	1.4142058350292081e-05
ENSG00000283802	1.413823660204407e-05
ENSG00000152439	1.4134778619931436e-05
ENSG00000128394	1.4133485693073168e-05
ENSG00000198814	1.4128973510597796e-05
ENSG00000236515	1.4117098508599375e-05
ENSG00000134905	1.411262187107462e-05
ENSG00000227746	1.4106497772730585e-05
ENSG00000139684	1.4106057371820877e-05
ENSG00000197050	1.4104328860709217e-05
ENSG00000196689	1.4098490232304834e-05
ENSG00000188643	1.4097079734261873e-05
ENSG00000180346	1.409356062018421e-05
ENSG00000223443	1.4076479117592824e-05
ENSG00000162433	1.4061193296593444e-05
ENSG00000162694	1.406039898571759e-05
ENSG00000124570	1.4057570454505898e-05
ENSG00000198088	1.4051405212420879e-05
ENSG00000165376	1.404540052235764e-05
ENSG00000124140	1.40443781147989e-05
ENSG00000179934	1.403970751474514e-05
ENSG00000213023	1.4036307372230804e-05
ENSG00000197901	1.4034556905345825e-05
ENSG00000137393	1.401935045852549e-05
ENSG00000154646	1.4000761559833355e-05
ENSG00000176020	1.3995056754140237e-05
ENSG00000171786	1.3990527714277063e-05
ENSG00000167325	1.3986093079090718e-05
ENSG00000261857	1.3973318062961341e-05
ENSG00000118557	1.3963798166775273e-05
ENSG00000169957	1.3962972447959935e-05
ENSG00000213145	1.394623826958397e-05
ENSG00000124019	1.3945225892197826e-05
ENSG00000164904	1.3932871663754901e-05
ENSG00000178935	1.3927004213268129e-05
ENSG00000143867	1.3878737705472386e-05
ENSG00000159788	1.3868181966448516e-05
ENSG00000131732	1.384108666046292e-05
ENSG00000162882	1.381192487267219e-05
ENSG00000232062	1.3785752328456165e-05
ENSG00000176988	1.3747351765607701e-05
ENSG00000133121	1.3733786432328517e-05
ENSG00000204131	1.3730262083463844e-05
ENSG00000130844	1.3703372750521708e-05
ENSG00000129990	1.369518935046411e-05
ENSG00000089091	1.3692843742459611e-05
ENSG00000173638	1.3673631123428388e-05
ENSG00000182512	1.3671050593293064e-05
ENSG00000184905	1.3667492215608883e-05
ENSG00000173976	1.3663103941059428e-05
ENSG00000168237	1.3652375172762632e-05
ENSG00000185272	1.3642836598166049e-05
ENSG00000277016	1.3619647999031315e-05
ENSG00000120729	1.361822000040354e-05
ENSG00000103227	1.3610083091257507e-05
ENSG00000133597	1.3599846993213418e-05
ENSG00000285449	1.358462554698876e-05
ENSG00000113504	1.3562343609333239e-05
ENSG00000166289	1.3542027699970881e-05
ENSG00000187630	1.3536845858265126e-05
ENSG00000122483	1.3522654505973216e-05
ENSG00000131591	1.3518605907399215e-05
ENSG00000105707	1.3517279947156613e-05
ENSG00000166801	1.3516971278223483e-05
ENSG00000173085	1.351503058552608e-05
ENSG00000122557	1.3502800160201402e-05
ENSG00000172059	1.3462035925170549e-05
ENSG00000165970	1.3453292336653506e-05
ENSG00000008118	1.3444320663970256e-05
ENSG00000236637	1.3435563477172798e-05
ENSG00000163064	1.3431772541485228e-05
ENSG00000175198	1.3414718572611514e-05
ENSG00000151623	1.3413805863772499e-05
ENSG00000138378	1.3410716969290522e-05
ENSG00000119655	1.3409844913958488e-05
ENSG00000170298	1.3401835417447506e-05
ENSG00000276495	1.3397588203639496e-05
ENSG00000183775	1.3395460487238084e-05
ENSG00000004777	1.3383548558341726e-05
ENSG00000164304	1.3374117693512558e-05
ENSG00000179010	1.3368428853394922e-05
ENSG00000154065	1.3361954996729662e-05
ENSG00000154640	1.3352669055293484e-05
ENSG00000132423	1.3330673449121792e-05
ENSG00000107551	1.3321898272880026e-05
ENSG00000107020	1.3319545115979319e-05
ENSG00000149328	1.3282164044659891e-05
ENSG00000155463	1.3277107230902372e-05
ENSG00000119862	1.3274546856081733e-05
ENSG00000185414	1.3271287669863347e-05
ENSG00000173275	1.3269422447808192e-05
ENSG00000047457	1.3227949986123872e-05
ENSG00000196214	1.3225225161820681e-05
ENSG00000267368	1.3224177468326522e-05
ENSG00000114796	1.3223691034657258e-05
ENSG00000104290	1.321328712102796e-05
ENSG00000144152	1.3207883365709055e-05
ENSG00000018189	1.3189310567310457e-05
ENSG00000275568	1.3172546396045705e-05
ENSG00000129646	1.3167002193915862e-05
ENSG00000164329	1.313979287804521e-05
ENSG00000180481	1.3138053395858654e-05
ENSG00000100372	1.3117777331562125e-05
ENSG00000173486	1.3107781333506594e-05
ENSG00000232040	1.310026674994215e-05
ENSG00000119599	1.3100067186567133e-05
ENSG00000273793	1.308420105329299e-05
ENSG00000137876	1.3076842713410379e-05
ENSG00000161533	1.3051391373035479e-05
ENSG00000120697	1.304996394570554e-05
ENSG00000204611	1.2998855493661519e-05
ENSG00000185127	1.298136529944978e-05
ENSG00000137509	1.296618094819742e-05
ENSG00000169228	1.296211053786569e-05
ENSG00000229809	1.2924870378998231e-05
ENSG00000158470	1.2912953411290549e-05
ENSG00000185650	1.2911387403145061e-05
ENSG00000157322	1.290877092538774e-05
ENSG00000168528	1.2907859724364413e-05
ENSG00000285301	1.2872937671521952e-05
ENSG00000163815	1.286766106827063e-05
ENSG00000147955	1.2861070293773356e-05
ENSG00000111801	1.2855437833990141e-05
ENSG00000223887	1.2854767090393024e-05
ENSG00000141504	1.2850999368124026e-05
ENSG00000167283	1.2833351198882019e-05
ENSG00000283018	1.2823039320865566e-05
ENSG00000154493	1.2806180298726231e-05
ENSG00000144827	1.279375117903579e-05
ENSG00000288362	1.2791822985452936e-05
ENSG00000103710	1.2777844437009797e-05
ENSG00000283883	1.2772334499723943e-05
ENSG00000269058	1.2744363655098878e-05
ENSG00000144452	1.2732419811667488e-05
ENSG00000235588	1.2731400850088219e-05
ENSG00000136856	1.271672557392907e-05
ENSG00000108039	1.270329824799528e-05
ENSG00000118160	1.2694603260308754e-05
ENSG00000148344	1.2668372868907162e-05
ENSG00000164299	1.2662082981724717e-05
ENSG00000235443	1.2661088032408225e-05
ENSG00000285206	1.2655840840941582e-05
ENSG00000128059	1.2639823018263696e-05
ENSG00000152952	1.2623644151480519e-05
ENSG00000101850	1.2618440297293738e-05
ENSG00000276920	1.2616149341534779e-05
ENSG00000198917	1.26077127457953e-05
ENSG00000182771	1.2578986572323995e-05
ENSG00000095380	1.2574033626560478e-05
ENSG00000158526	1.2572751376464312e-05
ENSG00000273820	1.255278262368196e-05
ENSG00000154099	1.2542532790252456e-05
ENSG00000187151	1.2533986679912826e-05
ENSG00000161835	1.2528031639451888e-05
ENSG00000283868	1.2504759515860013e-05
ENSG00000100350	1.2501182678696708e-05
ENSG00000184302	1.2477054552834116e-05
ENSG00000166582	1.2459842870326794e-05
ENSG00000109452	1.2427012242373015e-05
ENSG00000137960	1.241176884711524e-05
ENSG00000204856	1.2382752436004727e-05
ENSG00000141295	1.2378406022910232e-05
ENSG00000175946	1.2375646681347168e-05
ENSG00000142405	1.2370113740732651e-05
ENSG00000175544	1.2368010094515661e-05
ENSG00000116729	1.2344187162552958e-05
ENSG00000172840	1.233189784121921e-05
ENSG00000128699	1.233131218832886e-05
ENSG00000146278	1.2330741769981412e-05
ENSG00000081026	1.2324596124439077e-05
ENSG00000176358	1.2323240769744584e-05
ENSG00000139370	1.2309816233994131e-05
ENSG00000115841	1.2306120881234815e-05
ENSG00000165060	1.2304439061794857e-05
ENSG00000197562	1.229896438602958e-05
ENSG00000198682	1.2293012921719683e-05
ENSG00000234414	1.228971665494714e-05
ENSG00000013288	1.2275794116853969e-05
ENSG00000108691	1.2244496225261694e-05
ENSG00000099810	1.2242036178660856e-05
ENSG00000188219	1.2229563049160115e-05
ENSG00000272325	1.2218593494382488e-05
ENSG00000070729	1.2201399135795372e-05
ENSG00000121211	1.2198544853517959e-05
ENSG00000130528	1.2190575141410634e-05
ENSG00000122481	1.2183032614756355e-05
ENSG00000279486	1.2182760279540797e-05
ENSG00000169704	1.2168754517274813e-05
ENSG00000000003	1.2159692982860514e-05
ENSG00000280549	1.2148892950486032e-05
ENSG00000036473	1.2147455844414381e-05
ENSG00000184083	1.2135398744595832e-05
ENSG00000157823	1.213164835236833e-05
ENSG00000198380	1.2125832780130437e-05
ENSG00000049860	1.2122678182685269e-05
ENSG00000169188	1.2114124105723917e-05
ENSG00000184160	1.2094917669565824e-05
ENSG00000143545	1.2089462329797292e-05
ENSG00000144406	1.2087705424399526e-05
ENSG00000109046	1.208761594873973e-05
ENSG00000165113	1.20834922543948e-05
ENSG00000091490	1.2082617374971845e-05
ENSG00000166947	1.2081043121922208e-05
ENSG00000140280	1.2076225327641285e-05
ENSG00000171189	1.2073903669256491e-05
ENSG00000044459	1.2071214058920393e-05
ENSG00000135622	1.2061963272984388e-05
ENSG00000189129	1.2058835889232906e-05
ENSG00000198758	1.2038728384955355e-05
ENSG00000211450	1.2018421093695802e-05
ENSG00000133318	1.2016903062598723e-05
ENSG00000115129	1.2008969695054442e-05
ENSG00000145194	1.1992658936586359e-05
ENSG00000197457	1.1981866979157126e-05
ENSG00000090975	1.1976430795502934e-05
ENSG00000188522	1.1966591246428146e-05
ENSG00000002549	1.1944778633183377e-05
ENSG00000182272	1.1943391796212751e-05
ENSG00000204178	1.194083918456692e-05
ENSG00000173258	1.1940547521565225e-05
ENSG00000132530	1.1900135299998903e-05
ENSG00000288188	1.1898031721817603e-05
ENSG00000136487	1.183285596382795e-05
ENSG00000137513	1.1820764638351517e-05
ENSG00000181965	1.1787177626177655e-05
ENSG00000006744	1.17831792246053e-05
ENSG00000272398	1.178139330001186e-05
ENSG00000145354	1.1772505662917354e-05
ENSG00000118507	1.1762790732147125e-05
ENSG00000008517	1.1757838719102288e-05
ENSG00000185112	1.1745985864125814e-05
ENSG00000139714	1.1741226413260192e-05
ENSG00000158125	1.17366108063909e-05
ENSG00000164929	1.1735900109676422e-05
ENSG00000123561	1.1724476143761617e-05
ENSG00000096092	1.1717752873753891e-05
ENSG00000174915	1.1713105494926228e-05
ENSG00000198754	1.169488749727635e-05
ENSG00000100221	1.1682564415235667e-05
ENSG00000075043	1.1676492866671458e-05
ENSG00000149289	1.1674875399951621e-05
ENSG00000168843	1.1673336559756713e-05
ENSG00000135205	1.1668300161437105e-05
ENSG00000148672	1.1656509184833464e-05
ENSG00000244509	1.1629734899129955e-05
ENSG00000008394	1.1627667051030557e-05
ENSG00000102076	1.1605666672475528e-05
ENSG00000177181	1.1594520352037271e-05
ENSG00000152669	1.1573051793555883e-05
ENSG00000168781	1.1570217572448501e-05
ENSG00000125962	1.1565216827276071e-05
ENSG00000108306	1.1562715879633802e-05
ENSG00000186310	1.1559234835349272e-05
ENSG00000198178	1.155897492683858e-05
ENSG00000090861	1.1558208604472309e-05
ENSG00000188677	1.15581216808668e-05
ENSG00000133055	1.154818547113956e-05
ENSG00000177119	1.1534804599564709e-05
ENSG00000182326	1.1528994214567372e-05
ENSG00000133135	1.1528566504844148e-05
ENSG00000227317	1.1504854422407546e-05
ENSG00000186907	1.1494619444644244e-05
ENSG00000187288	1.146350560377994e-05
ENSG00000184731	1.1453787089193879e-05
ENSG00000139531	1.1446028297096322e-05
ENSG00000213221	1.143513976293795e-05
ENSG00000164743	1.141624667107842e-05
ENSG00000184635	1.1408602012773775e-05
ENSG00000096006	1.1386222690455983e-05
ENSG00000100243	1.1381295944027756e-05
ENSG00000189410	1.1377633671255574e-05
ENSG00000072135	1.1376609354863491e-05
ENSG00000114279	1.1372694177017728e-05
ENSG00000101439	1.137016952607103e-05
ENSG00000161217	1.1367668523291292e-05
ENSG00000236149	1.1359438664610339e-05
ENSG00000086289	1.1344243503965003e-05
ENSG00000164508	1.1322080782989792e-05
ENSG00000151322	1.131578256282163e-05
ENSG00000116985	1.1305575405022328e-05
ENSG00000254470	1.1302680284667238e-05
ENSG00000186487	1.1292081299223113e-05
ENSG00000136141	1.129077745324803e-05
ENSG00000101187	1.12867188869718e-05
ENSG00000169291	1.1281255838250896e-05
ENSG00000274286	1.1274010988102342e-05
ENSG00000151846	1.1265845410656714e-05
ENSG00000239697	1.1261322129998451e-05
ENSG00000169989	1.1260194497782243e-05
ENSG00000087263	1.1259622653509703e-05
ENSG00000256618	1.1257198596396746e-05
ENSG00000158764	1.1254947966087746e-05
ENSG00000183032	1.1237241055065104e-05
ENSG00000146678	1.1230198191695739e-05
ENSG00000114544	1.121709687002639e-05
ENSG00000173992	1.1216527846549114e-05
ENSG00000239789	1.1213698759071856e-05
ENSG00000121101	1.1212080010981914e-05
ENSG00000284841	1.1200370512993267e-05
ENSG00000115648	1.1197730395056827e-05
ENSG00000213563	1.1185293237475872e-05
ENSG00000165828	1.1180969300265179e-05
ENSG00000111262	1.117942587884904e-05
ENSG00000163803	1.1155955210806548e-05
ENSG00000146618	1.115067063196693e-05
ENSG00000130783	1.1145637655489931e-05
ENSG00000109113	1.1144415943171616e-05
ENSG00000281540	1.1143712931545242e-05
ENSG00000198938	1.1126793731389922e-05
ENSG00000065665	1.1102149207983894e-05
ENSG00000141753	1.1099199721494692e-05
ENSG00000196408	1.1091074762039456e-05
ENSG00000130385	1.1088423102693317e-05
ENSG00000100376	1.1079913178475616e-05
ENSG00000166920	1.106452959635077e-05
ENSG00000196557	1.1043409722708622e-05
ENSG00000100285	1.1039697967330891e-05
ENSG00000089163	1.0977537798990506e-05
ENSG00000185189	1.0964945060286e-05
ENSG00000283391	1.0961397398518304e-05
ENSG00000168952	1.0945765626242253e-05
ENSG00000108700	1.0938900283391404e-05
ENSG00000122547	1.0924166357603175e-05
ENSG00000108474	1.0913607727749992e-05
ENSG00000122912	1.0913568162224952e-05
ENSG00000266714	1.090640469272913e-05
ENSG00000078804	1.0887586263169815e-05
ENSG00000065371	1.086101393447565e-05
ENSG00000096264	1.085343976277128e-05
ENSG00000104626	1.0847492898339124e-05
ENSG00000180138	1.0835948885043405e-05
ENSG00000276657	1.0808945356354156e-05
ENSG00000288141	1.0796143416621514e-05
ENSG00000144642	1.0784321450692308e-05
ENSG00000173080	1.0784030619157328e-05
ENSG00000171307	1.0780617246524726e-05
ENSG00000205403	1.0770770084049219e-05
ENSG00000179046	1.07671874653118e-05
ENSG00000107593	1.0760293058043175e-05
ENSG00000180914	1.073842125636955e-05
ENSG00000277926	1.072617618657087e-05
ENSG00000122367	1.0718020404517341e-05
ENSG00000125449	1.071352571482897e-05
ENSG00000163666	1.0705897024212065e-05
ENSG00000099957	1.0705807667694653e-05
ENSG00000050327	1.0697777488152147e-05
ENSG00000089335	1.0651810344177753e-05
ENSG00000160058	1.0603434278367052e-05
ENSG00000277236	1.0603183572047108e-05
ENSG00000166669	1.0591967208260844e-05
ENSG00000185090	1.0588067064447716e-05
ENSG00000197976	1.0585353062487025e-05
ENSG00000277964	1.058303126353143e-05
ENSG00000271601	1.0582994358895477e-05
ENSG00000156113	1.056474136723959e-05
ENSG00000013619	1.055943491935563e-05
ENSG00000105726	1.052052778279924e-05
ENSG00000141560	1.0506743358719009e-05
ENSG00000103528	1.0505307565961974e-05
ENSG00000129472	1.0499953967637687e-05
ENSG00000135114	1.0488314802025363e-05
ENSG00000133134	1.0472331397439422e-05
ENSG00000284752	1.0466957247206065e-05
ENSG00000139445	1.045505914427706e-05
ENSG00000115361	1.0433896811036975e-05
ENSG00000108556	1.0414836687328533e-05
ENSG00000106524	1.041253227944596e-05
ENSG00000141127	1.0408213650829051e-05
ENSG00000187772	1.0407874215308409e-05
ENSG00000196453	1.0401655807312024e-05
ENSG00000262327	1.038744789727924e-05
ENSG00000186051	1.0368664512478297e-05
ENSG00000198075	1.0368316535744494e-05
ENSG00000110660	1.0354182722095934e-05
ENSG00000214022	1.0346998370713323e-05
ENSG00000280873	1.0337699720902982e-05
ENSG00000088926	1.0333292627825023e-05
ENSG00000129187	1.0331063465232334e-05
ENSG00000285344	1.032589032617075e-05
ENSG00000283009	1.0308163409225875e-05
ENSG00000281230	1.0274516346057345e-05
ENSG00000275498	1.0267154455850679e-05
ENSG00000107105	1.0256464649499342e-05
ENSG00000100116	1.0246213297460035e-05
ENSG00000080031	1.0222878228303941e-05
ENSG00000169599	1.0213390866327889e-05
ENSG00000116761	1.0211106854139314e-05
ENSG00000147872	1.0203443971260277e-05
ENSG00000167130	1.0202736334473944e-05
ENSG00000176428	1.0195325103874653e-05
ENSG00000119522	1.019087932884437e-05
ENSG00000198855	1.0189158380543891e-05
ENSG00000125089	1.0174662077458766e-05
ENSG00000161204	1.0172870448772025e-05
ENSG00000125247	1.0172048923634997e-05
ENSG00000144034	1.0143166943140892e-05
ENSG00000171794	1.0131952844086292e-05
ENSG00000129167	1.0129302445073473e-05
ENSG00000189283	1.011711393484784e-05
ENSG00000160191	1.0116355412902016e-05
ENSG00000235233	1.010227111959336e-05
ENSG00000118939	1.009818199718691e-05
ENSG00000133612	1.009688806873927e-05
ENSG00000136147	1.0078841381360345e-05
ENSG00000121413	1.0077623195180419e-05
ENSG00000103876	1.0077245303227086e-05
ENSG00000103018	1.0076099513244578e-05
ENSG00000285048	1.0047539038554488e-05
ENSG00000232312	1.0040970590055776e-05
ENSG00000124615	1.0036133362030425e-05
ENSG00000230930	1.0035058068989394e-05
ENSG00000175548	1.003455694185222e-05
ENSG00000122574	1.0022283935633507e-05
ENSG00000171204	1.0012509003722727e-05
ENSG00000152492	1.0001879612917576e-05
ENSG00000167536	9.970039324172947e-06
ENSG00000115525	9.957586514835688e-06
ENSG00000180822	9.947589528763895e-06
ENSG00000145723	9.942676815536057e-06
ENSG00000172954	9.937424227416035e-06
ENSG00000131264	9.93188958132468e-06
ENSG00000128311	9.904256760686984e-06
ENSG00000119431	9.89985286799222e-06
ENSG00000054148	9.895388339875615e-06
ENSG00000151338	9.88773306642019e-06
ENSG00000042317	9.885856238640202e-06
ENSG00000119844	9.880424195430666e-06
ENSG00000284982	9.880401838455904e-06
ENSG00000196109	9.860274693357306e-06
ENSG00000278574	9.857863227956185e-06
ENSG00000133313	9.855195923444528e-06
ENSG00000156049	9.85394508537563e-06
ENSG00000182810	9.84558645663818e-06
ENSG00000144895	9.844287462366959e-06
ENSG00000163590	9.842184572792612e-06
ENSG00000150540	9.84011154558581e-06
ENSG00000100418	9.817926998796461e-06
ENSG00000080618	9.817551038273107e-06
ENSG00000071205	9.81358287244034e-06
ENSG00000116771	9.81255541634059e-06
ENSG00000154146	9.806236568940519e-06
ENSG00000181026	9.801120404899067e-06
ENSG00000125821	9.78788432960581e-06
ENSG00000158825	9.778003335871713e-06
ENSG00000102539	9.767956800188151e-06
ENSG00000162623	9.753597243889242e-06
ENSG00000005469	9.733555708212416e-06
ENSG00000176715	9.72949763427155e-06
ENSG00000283847	9.720291229881558e-06
ENSG00000105251	9.717956376503066e-06
ENSG00000019505	9.70883294103305e-06
ENSG00000176641	9.699456583891885e-06
ENSG00000131183	9.691227257414077e-06
ENSG00000235568	9.69068317693823e-06
ENSG00000166821	9.683648425911674e-06
ENSG00000112530	9.65253856152791e-06
ENSG00000167701	9.643530763961074e-06
ENSG00000186838	9.631594230410627e-06
ENSG00000125735	9.629059356550676e-06
ENSG00000180999	9.615303403926339e-06
ENSG00000112041	9.612220976912655e-06
ENSG00000197683	9.600988286386871e-06
ENSG00000197915	9.58397416940491e-06
ENSG00000151689	9.57841924479944e-06
ENSG00000187682	9.55908488113541e-06
ENSG00000178732	9.555343488078827e-06
ENSG00000196431	9.538313247819716e-06
ENSG00000282825	9.493829689710704e-06
ENSG00000280477	9.47937815337434e-06
ENSG00000277149	9.475448378953691e-06
ENSG00000167772	9.464313250934692e-06
ENSG00000155465	9.461456390698286e-06
ENSG00000263238	9.454576460007299e-06
ENSG00000213265	9.449421091008427e-06
ENSG00000179387	9.441254891230925e-06
ENSG00000163728	9.432437995229106e-06
ENSG00000132879	9.418092116320526e-06
ENSG00000061656	9.416075889225386e-06
ENSG00000109158	9.397816076582557e-06
ENSG00000170364	9.3891342776326e-06
ENSG00000187193	9.37962056904163e-06
ENSG00000203896	9.369003634280978e-06
ENSG00000124159	9.365754066617388e-06
ENSG00000079459	9.363059488007409e-06
ENSG00000269096	9.360128061055841e-06
ENSG00000228836	9.360128061055841e-06
ENSG00000227420	9.358625486422123e-06
ENSG00000167535	9.354087696984818e-06
ENSG00000283024	9.330973615004476e-06
ENSG00000136720	9.321940099112307e-06
ENSG00000158792	9.298203413752627e-06
ENSG00000274811	9.292003949185022e-06
ENSG00000119900	9.272437511436145e-06
ENSG00000146938	9.268736263411622e-06
ENSG00000151806	9.266305846459086e-06
ENSG00000159527	9.26475809347618e-06
ENSG00000273607	9.246502929303657e-06
ENSG00000230128	9.24543200003703e-06
ENSG00000237808	9.209173042922369e-06
ENSG00000134256	9.207937602470715e-06
ENSG00000100505	9.159035481575262e-06
ENSG00000185869	9.15757951373923e-06
ENSG00000121988	9.153909560689e-06
ENSG00000128011	9.152844627489121e-06
ENSG00000163703	9.146499613293086e-06
ENSG00000167600	9.11716036271516e-06
ENSG00000277101	9.081883128679775e-06
ENSG00000198780	9.056464144946225e-06
ENSG00000285121	9.056331915625252e-06
ENSG00000136457	9.046107301429392e-06
ENSG00000171606	9.045702061117997e-06
ENSG00000106049	9.042444799128915e-06
ENSG00000155087	9.03935408472101e-06
ENSG00000105612	9.024209644302922e-06
ENSG00000159063	9.01529822405107e-06
ENSG00000133874	9.009787812753682e-06
ENSG00000206052	9.00776038236123e-06
ENSG00000288503	8.998814984720752e-06
ENSG00000099284	8.981165785032305e-06
ENSG00000205362	8.957800441057e-06
ENSG00000165526	8.937775785603329e-06
ENSG00000115850	8.911827859818556e-06
ENSG00000165584	8.903951240961623e-06
ENSG00000227720	8.896290995031332e-06
ENSG00000276175	8.885588521434633e-06
ENSG00000142273	8.861051719344965e-06
ENSG00000162444	8.857028431471765e-06
ENSG00000171126	8.848864832753436e-06
ENSG00000125900	8.816354203660825e-06
ENSG00000101203	8.77769410751272e-06
ENSG00000204086	8.773177403238823e-06
ENSG00000196263	8.770694107689473e-06
ENSG00000101638	8.754529147151514e-06
ENSG00000170454	8.740523523453483e-06
ENSG00000129028	8.725621775106352e-06
ENSG00000134376	8.723128930874992e-06
ENSG00000160213	8.702045576066874e-06
ENSG00000120742	8.698193187540698e-06
ENSG00000113924	8.6919837387666e-06
ENSG00000012817	8.683048333505158e-06
ENSG00000274296	8.680805539060243e-06
ENSG00000117400	8.670433238737074e-06
ENSG00000198740	8.670385649792201e-06
ENSG00000187676	8.663244354935007e-06
ENSG00000084092	8.65592671738459e-06
ENSG00000086666	8.650526273353093e-06
ENSG00000183230	8.650315835124401e-06
ENSG00000277405	8.645310310534587e-06
ENSG00000187516	8.621541856646235e-06
ENSG00000119703	8.592069874872571e-06
ENSG00000172260	8.582844190632665e-06
ENSG00000160993	8.58213186472342e-06
ENSG00000100344	8.579521430450233e-06
ENSG00000198691	8.567061173812697e-06
ENSG00000181634	8.565181906502451e-06
ENSG00000154118	8.548744217318014e-06
ENSG00000242247	8.545895155317738e-06
ENSG00000015592	8.545522330847635e-06
ENSG00000169919	8.540869304554958e-06
ENSG00000082146	8.540102773258641e-06
ENSG00000169418	8.539775686147192e-06
ENSG00000087085	8.518682661817209e-06
ENSG00000163794	8.51862884918534e-06
ENSG00000288408	8.517266766624692e-06
ENSG00000159433	8.50707241472649e-06
ENSG00000154478	8.50693953514219e-06
ENSG00000114115	8.502044024114333e-06
ENSG00000180878	8.497635923952459e-06
ENSG00000108242	8.473544552652384e-06
ENSG00000100122	8.465016483702422e-06
ENSG00000198464	8.440727814326843e-06
ENSG00000149054	8.434550224195403e-06
ENSG00000274619	8.42806323522106e-06
ENSG00000140905	8.413943122888075e-06
ENSG00000128512	8.406442718909103e-06
ENSG00000086544	8.37817230134983e-06
ENSG00000100154	8.370118180518399e-06
ENSG00000288357	8.367625735418524e-06
ENSG00000171135	8.357171386416614e-06
ENSG00000162148	8.356380051736847e-06
ENSG00000173083	8.337576086268004e-06
ENSG00000124370	8.332197761409188e-06
ENSG00000285516	8.327155674279882e-06
ENSG00000198498	8.325080686522172e-06
ENSG00000231925	8.323941085788638e-06
ENSG00000285390	8.316181830458298e-06
ENSG00000005486	8.313811319095206e-06
ENSG00000166446	8.307025126999848e-06
ENSG00000120942	8.304756082388764e-06
ENSG00000104691	8.301853314440352e-06
ENSG00000108759	8.29769329500329e-06
ENSG00000087008	8.295676935116126e-06
ENSG00000145936	8.284422789541862e-06
ENSG00000034677	8.258803205091037e-06
ENSG00000133246	8.251125855346098e-06
ENSG00000114646	8.248236731980074e-06
ENSG00000188778	8.240789302648676e-06
ENSG00000066923	8.231045312078548e-06
ENSG00000102387	8.227307024414408e-06
ENSG00000120159	8.221830934194045e-06
ENSG00000223609	8.221371401235456e-06
ENSG00000235744	8.205912416430662e-06
ENSG00000239457	8.205912416430662e-06
ENSG00000224552	8.20372624288301e-06
ENSG00000130193	8.192244500386123e-06
ENSG00000111785	8.187561369211395e-06
ENSG00000135069	8.184516320968092e-06
ENSG00000197641	8.1727246515834e-06
ENSG00000111886	8.169632314102968e-06
ENSG00000227402	8.168325174782775e-06
ENSG00000284869	8.145452027010667e-06
ENSG00000130032	8.143555193108873e-06
ENSG00000229493	8.138432860079112e-06
ENSG00000167588	8.137355622523263e-06
ENSG00000161509	8.136087542197315e-06
ENSG00000277439	8.132888453505043e-06
ENSG00000277086	8.132150530369768e-06
ENSG00000179639	8.131766647294134e-06
ENSG00000170180	8.123610477117153e-06
ENSG00000255561	8.112868195725859e-06
ENSG00000171298	8.106761618891208e-06
ENSG00000166831	8.100873000439419e-06
ENSG00000153048	8.077405520468929e-06
ENSG00000131055	8.062245154322127e-06
ENSG00000187097	8.051448732075777e-06
ENSG00000203942	8.019797385525974e-06
ENSG00000059122	8.012034870691687e-06
ENSG00000214021	7.980453109639125e-06
ENSG00000274779	7.975093463059724e-06
ENSG00000076248	7.947969399248049e-06
ENSG00000127863	7.911364296284835e-06
ENSG00000135409	7.909793806739953e-06
ENSG00000274221	7.899562382735285e-06
ENSG00000248746	7.898450317307658e-06
ENSG00000121634	7.893362215418297e-06
ENSG00000285343	7.882911274304336e-06
ENSG00000147596	7.878098937862604e-06
ENSG00000070081	7.862290652285833e-06
ENSG00000184060	7.850030234343562e-06
ENSG00000171169	7.833338802703392e-06
ENSG00000233450	7.819813172956166e-06
ENSG00000164082	7.812249511486668e-06
ENSG00000168065	7.803669381968889e-06
ENSG00000165898	7.800185674079264e-06
ENSG00000171714	7.789917848774245e-06
ENSG00000275746	7.779884472987283e-06
ENSG00000116218	7.774008628062625e-06
ENSG00000101940	7.76133476322478e-06
ENSG00000225824	7.749227568082034e-06
ENSG00000281244	7.749096038773644e-06
ENSG00000263057	7.743507604688112e-06
ENSG00000282838	7.720909217091294e-06
ENSG00000277276	7.71514292934182e-06
ENSG00000169570	7.697568516155112e-06
ENSG00000118733	7.679406312555248e-06
ENSG00000188641	7.679388848912185e-06
ENSG00000275544	7.678717947975342e-06
ENSG00000250722	7.662710833625653e-06
ENSG00000149679	7.651484498289694e-06
ENSG00000176774	7.6360947232322e-06
ENSG00000168116	7.635497760806094e-06
ENSG00000103037	7.621123898789477e-06
ENSG00000213927	7.612300764821611e-06
ENSG00000280706	7.597617034756334e-06
ENSG00000186583	7.592414452617855e-06
ENSG00000164197	7.564507528566675e-06
ENSG00000171936	7.557782838873546e-06
ENSG00000141429	7.553839644224111e-06
ENSG00000069018	7.547795953453107e-06
ENSG00000109424	7.524515769391237e-06
ENSG00000172828	7.518160252521825e-06
ENSG00000002586	7.506104874496148e-06
ENSG00000153885	7.501640389923739e-06
ENSG00000278693	7.494832032634125e-06
ENSG00000277656	7.493988951349741e-06
ENSG00000106785	7.483290572401573e-06
ENSG00000137880	7.478204906836358e-06
ENSG00000119725	7.4653426514655955e-06
ENSG00000157184	7.447716707553097e-06
ENSG00000081248	7.436305199942241e-06
ENSG00000125246	7.434761598209798e-06
ENSG00000164331	7.434331615449416e-06
ENSG00000091128	7.423600450478778e-06
ENSG00000130957	7.416220950232404e-06
ENSG00000167720	7.413455349819228e-06
ENSG00000219481	7.411118264390609e-06
ENSG00000145649	7.398611399962592e-06
ENSG00000116783	7.395455535207244e-06
ENSG00000085563	7.388761002008609e-06
ENSG00000284228	7.387800368494756e-06
ENSG00000278613	7.320862675540682e-06
ENSG00000228716	7.319404354244395e-06
ENSG00000284468	7.30417546721069e-06
ENSG00000278728	7.303515648922337e-06
ENSG00000175183	7.299057923244088e-06
ENSG00000128322	7.286726155300156e-06
ENSG00000181481	7.274249006779794e-06
ENSG00000173918	7.273864733005637e-06
ENSG00000173868	7.25745057909178e-06
ENSG00000158716	7.228083430691572e-06
ENSG00000107372	7.221135302200211e-06
ENSG00000099904	7.217430600497057e-06
ENSG00000165650	7.211497374753597e-06
ENSG00000102024	7.1950347083924e-06
ENSG00000159197	7.1717716911463914e-06
ENSG00000140931	7.148510935243685e-06
ENSG00000151364	7.124178161927062e-06
ENSG00000112234	7.111193075128987e-06
ENSG00000187475	7.107179996499488e-06
ENSG00000171604	7.10602294714656e-06
ENSG00000183255	7.102093286983116e-06
ENSG00000165553	7.075867057250262e-06
ENSG00000280908	7.0619465628350434e-06
ENSG00000263090	7.041798595112247e-06
ENSG00000177303	7.034840475133828e-06
ENSG00000150667	7.0288768349456015e-06
ENSG00000155026	7.022898481941974e-06
ENSG00000138794	7.016840377920637e-06
ENSG00000197375	6.993636892290034e-06
ENSG00000163536	6.9896580548110085e-06
ENSG00000165521	6.9613207250823785e-06
ENSG00000131389	6.953921469032565e-06
ENSG00000166997	6.948596266301797e-06
ENSG00000282830	6.919830915137867e-06
ENSG00000112699	6.908636100528812e-06
ENSG00000171596	6.887784448782801e-06
ENSG00000140006	6.870963197632394e-06
ENSG00000147324	6.860827961714825e-06
ENSG00000187003	6.851950003966842e-06
ENSG00000149548	6.845314113056683e-06
ENSG00000288474	6.837823232042861e-06
ENSG00000283741	6.804010121667225e-06
ENSG00000166562	6.79682190697753e-06
ENSG00000121690	6.791369744535436e-06
ENSG00000282657	6.7736081438633445e-06
ENSG00000109208	6.756787621467497e-06
ENSG00000074964	6.754321714549526e-06
ENSG00000105607	6.753879236866142e-06
ENSG00000128309	6.749941696048613e-06
ENSG00000104205	6.731886888017927e-06
ENSG00000140479	6.719924463249972e-06
ENSG00000167107	6.7038883745112495e-06
ENSG00000149743	6.699705819143103e-06
ENSG00000145348	6.6930588716219025e-06
ENSG00000162600	6.692800321106663e-06
ENSG00000212864	6.6839974175925895e-06
ENSG00000183828	6.676409160006548e-06
ENSG00000115602	6.6739162836801925e-06
ENSG00000277140	6.650226963819636e-06
ENSG00000109929	6.635802146577904e-06
ENSG00000214827	6.6280068779067235e-06
ENSG00000188991	6.611094221515672e-06
ENSG00000010704	6.610426047982619e-06
ENSG00000151882	6.608825181922782e-06
ENSG00000215695	6.608825181922782e-06
ENSG00000284009	6.602371685742672e-06
ENSG00000274611	6.592152616424509e-06
ENSG00000256223	6.5820457820084365e-06
ENSG00000182919	6.57894720872956e-06
ENSG00000284501	6.578060484445976e-06
ENSG00000242726	6.575884239723941e-06
ENSG00000124107	6.531045049266432e-06
ENSG00000213689	6.530112765379399e-06
ENSG00000230961	6.520040777401445e-06
ENSG00000205810	6.510304974037262e-06
ENSG00000181619	6.506575185756527e-06
ENSG00000112941	6.489270446567586e-06
ENSG00000114023	6.488448045341682e-06
ENSG00000185267	6.451462882717904e-06
ENSG00000170430	6.449598050293129e-06
ENSG00000214819	6.4410972334996136e-06
ENSG00000285377	6.4212609530908985e-06
ENSG00000105366	6.418605620388727e-06
ENSG00000149305	6.366885995166427e-06
ENSG00000151475	6.366639121382455e-06
ENSG00000156398	6.355876052755989e-06
ENSG00000159164	6.350536457787074e-06
ENSG00000284495	6.336462375645567e-06
ENSG00000285182	6.330360935488659e-06
ENSG00000114374	6.329026486957377e-06
ENSG00000141965	6.303083239230406e-06
ENSG00000076555	6.299812384310987e-06
ENSG00000130881	6.299649554111507e-06
ENSG00000067064	6.292654195486376e-06
ENSG00000144285	6.280105186894784e-06
ENSG00000120215	6.279509634192097e-06
ENSG00000140961	6.2738365069110534e-06
ENSG00000078177	6.263573614141184e-06
ENSG00000116703	6.257035069359207e-06
ENSG00000086288	6.228619803809671e-06
ENSG00000105499	6.2159958987260525e-06
ENSG00000281665	6.2103572150877266e-06
ENSG00000166090	6.206764785995685e-06
ENSG00000014919	6.200826365872636e-06
ENSG00000235961	6.186555590716429e-06
ENSG00000111885	6.163697184451535e-06
ENSG00000179965	6.158349154049618e-06
ENSG00000152229	6.154214958373153e-06
ENSG00000189030	6.141612489036773e-06
ENSG00000185674	6.125056645973545e-06
ENSG00000262911	6.117814474489779e-06
ENSG00000179168	6.10817306213822e-06
ENSG00000162542	6.091080814893984e-06
ENSG00000132330	6.089565887738318e-06
ENSG00000076770	6.080832557481854e-06
ENSG00000154957	6.040024601726821e-06
ENSG00000066735	6.039077684534269e-06
ENSG00000275122	6.01731031485626e-06
ENSG00000159450	6.0068797494599645e-06
ENSG00000282880	6.002684293271801e-06
ENSG00000157625	5.990882685106854e-06
ENSG00000154548	5.986884165529668e-06
ENSG00000285007	5.981018282772744e-06
ENSG00000186280	5.975957364350139e-06
ENSG00000181035	5.968801179713324e-06
ENSG00000242114	5.964741893007698e-06
ENSG00000188282	5.9347001463386595e-06
ENSG00000280627	5.93426060536757e-06
ENSG00000117154	5.934078222967928e-06
ENSG00000066248	5.929748563489702e-06
ENSG00000162032	5.915988521067621e-06
ENSG00000170777	5.914861886961072e-06
ENSG00000186462	5.912262865419369e-06
ENSG00000288292	5.911406603109877e-06
ENSG00000074276	5.903741610969751e-06
ENSG00000198695	5.900935801700162e-06
ENSG00000281309	5.900206038411736e-06
ENSG00000233573	5.889025713962569e-06
ENSG00000124588	5.888111992145889e-06
ENSG00000280663	5.861143242027194e-06
ENSG00000160200	5.860252000909463e-06
ENSG00000170469	5.8591825796301436e-06
ENSG00000105767	5.855045128183353e-06
ENSG00000165182	5.849030933891359e-06
ENSG00000288169	5.847544123799069e-06
ENSG00000170426	5.841499182099416e-06
ENSG00000033011	5.833521817094333e-06
ENSG00000198692	5.82847325918416e-06
ENSG00000188782	5.825340198572975e-06
ENSG00000165300	5.821453067827868e-06
ENSG00000120341	5.810015398333121e-06
ENSG00000185033	5.79875877954202e-06
ENSG00000198951	5.788492889872561e-06
ENSG00000117226	5.781614713583966e-06
ENSG00000154274	5.7718804270189905e-06
ENSG00000155792	5.760942468545547e-06
ENSG00000174032	5.75062657943535e-06
ENSG00000156298	5.7502149206789735e-06
ENSG00000054277	5.745318117678257e-06
ENSG00000176919	5.7357460521247076e-06
ENSG00000198680	5.727244569933168e-06
ENSG00000166471	5.72588110854466e-06
ENSG00000125967	5.720669794141221e-06
ENSG00000091542	5.7201084983368e-06
ENSG00000159723	5.685750915843449e-06
ENSG00000003987	5.6756220191690625e-06
ENSG00000100599	5.671447122903422e-06
ENSG00000171492	5.659349767856031e-06
ENSG00000184571	5.658754528447063e-06
ENSG00000118418	5.6558350003835925e-06
ENSG00000276011	5.646128063261142e-06
ENSG00000163864	5.6440648739568066e-06
ENSG00000283630	5.619550675268568e-06
ENSG00000051825	5.609542078619986e-06
ENSG00000285451	5.6024606368825025e-06
ENSG00000274334	5.597672313006328e-06
ENSG00000169122	5.569279732438228e-06
ENSG00000196437	5.568235901686023e-06
ENSG00000132010	5.557005156274704e-06
ENSG00000140675	5.544280904061181e-06
ENSG00000128928	5.542144624803666e-06
ENSG00000257591	5.540368711363018e-06
ENSG00000147100	5.53071975288882e-06
ENSG00000065882	5.5202440806779515e-06
ENSG00000133020	5.514375236927527e-06
ENSG00000243509	5.509386059299699e-06
ENSG00000125166	5.486911828832547e-06
ENSG00000229353	5.484016627818028e-06
ENSG00000169562	5.47896473870665e-06
ENSG00000163694	5.467462363181635e-06
ENSG00000278284	5.464692076664793e-06
ENSG00000120289	5.440921314361367e-06
ENSG00000106258	5.433218573086206e-06
ENSG00000172456	5.422735381095868e-06
ENSG00000239305	5.411191208884888e-06
ENSG00000167700	5.402503833465338e-06
ENSG00000243056	5.397014264218188e-06
ENSG00000197889	5.384386182461909e-06
ENSG00000258659	5.378006245727871e-06
ENSG00000135469	5.36868172388188e-06
ENSG00000213965	5.341438910512854e-06
ENSG00000118922	5.338525347795316e-06
ENSG00000150773	5.333313201960731e-06
ENSG00000116791	5.302197930215208e-06
ENSG00000109814	5.271613171808942e-06
ENSG00000163607	5.271327003375905e-06
ENSG00000198331	5.250997445045628e-06
ENSG00000111696	5.242418893225476e-06
ENSG00000186998	5.230249540013191e-06
ENSG00000103269	5.218919468609791e-06
ENSG00000134986	5.192401020788397e-06
ENSG00000106853	5.1739739960641204e-06
ENSG00000161558	5.169820465647996e-06
ENSG00000196990	5.148831371436525e-06
ENSG00000168924	5.140907233394744e-06
ENSG00000145882	5.1344585782502415e-06
ENSG00000115919	5.123013284943873e-06
ENSG00000169762	5.120706529190141e-06
ENSG00000160781	5.110928440751526e-06
ENSG00000104804	5.0741312337500455e-06
ENSG00000168056	5.067914706460621e-06
ENSG00000007341	5.063974165011856e-06
ENSG00000226916	5.0489578522232655e-06
ENSG00000074416	5.0485331212292234e-06
ENSG00000169174	5.044904416213065e-06
ENSG00000171433	5.0427373354489965e-06
ENSG00000262860	5.039627713161083e-06
ENSG00000175482	5.0271843456103255e-06
ENSG00000153820	5.024637659414993e-06
ENSG00000161640	5.004602249613913e-06
ENSG00000040608	4.9996973557333895e-06
ENSG00000231314	4.997498936160702e-06
ENSG00000108255	4.995741255927253e-06
ENSG00000204179	4.9905214508302215e-06
ENSG00000143452	4.983166758972108e-06
ENSG00000188211	4.9778995415935695e-06
ENSG00000197361	4.97690618287335e-06
ENSG00000171885	4.966946067496112e-06
ENSG00000164318	4.963322081921142e-06
ENSG00000283887	4.941046799980558e-06
ENSG00000117308	4.940791324505764e-06
ENSG00000166347	4.932037464870249e-06
ENSG00000166394	4.929810884345593e-06
ENSG00000164180	4.8863186282343346e-06
ENSG00000119125	4.869914992940883e-06
ENSG00000188848	4.856851164310265e-06
ENSG00000185432	4.856745546693579e-06
ENSG00000008311	4.8393068914616915e-06
ENSG00000182950	4.832449253834157e-06
ENSG00000288293	4.808445945612532e-06
ENSG00000072133	4.79933095322446e-06
ENSG00000214013	4.764162491181211e-06
ENSG00000101098	4.744780619166759e-06
ENSG00000124568	4.7395707397129105e-06
ENSG00000197208	4.7395707397129105e-06
ENSG00000198743	4.724775585656933e-06
ENSG00000276021	4.7118965031994e-06
ENSG00000062582	4.705787425994769e-06
ENSG00000262145	4.698220384647362e-06
ENSG00000167791	4.692437257224213e-06
ENSG00000168754	4.687060021575129e-06
ENSG00000052795	4.686624283122862e-06
ENSG00000275618	4.678681700852341e-06
ENSG00000283539	4.6691833798602815e-06
ENSG00000168743	4.648370792861446e-06
ENSG00000040633	4.644429402885304e-06
ENSG00000140986	4.641848480027265e-06
ENSG00000186977	4.62190969459223e-06
ENSG00000172057	4.618093858944915e-06
ENSG00000139287	4.608165885255687e-06
ENSG00000174417	4.6071392786083576e-06
ENSG00000174928	4.603359278431705e-06
ENSG00000284868	4.58632070650739e-06
ENSG00000177519	4.5730992892271376e-06
ENSG00000117054	4.557690763087794e-06
ENSG00000161610	4.548479555834402e-06
ENSG00000164040	4.519108851023246e-06
ENSG00000136274	4.51587141461898e-06
ENSG00000253548	4.492168621058255e-06
ENSG00000149084	4.491467466800512e-06
ENSG00000165389	4.4733485671951264e-06
ENSG00000157653	4.465463735763869e-06
ENSG00000168282	4.458097491754954e-06
ENSG00000135002	4.4561565159128835e-06
ENSG00000148824	4.448190380412534e-06
ENSG00000177106	4.424249969432901e-06
ENSG00000184492	4.413935502005878e-06
ENSG00000133665	4.404138998813622e-06
ENSG00000183979	4.402948051901775e-06
ENSG00000198732	4.38708310300333e-06
ENSG00000166033	4.38636066214297e-06
ENSG00000276286	4.377032523210916e-06
ENSG00000288504	4.3421632749370515e-06
ENSG00000186090	4.339457330041635e-06
ENSG00000035499	4.333192216089196e-06
ENSG00000172803	4.328592689430892e-06
ENSG00000180332	4.3143223605263405e-06
ENSG00000240857	4.306518339768027e-06
ENSG00000165841	4.306222037585607e-06
ENSG00000131069	4.291276414636292e-06
ENSG00000146416	4.264084860637284e-06
ENSG00000188321	4.262747172318812e-06
ENSG00000275003	4.25287044663565e-06
ENSG00000183396	4.237493280602195e-06
ENSG00000237056	4.224070016195948e-06
ENSG00000178163	4.200537216633601e-06
ENSG00000237165	4.192623207086155e-06
ENSG00000276192	4.17015673030352e-06
ENSG00000276111	4.11588607144577e-06
ENSG00000145864	4.083052280882162e-06
ENSG00000004139	4.079275012003318e-06
ENSG00000197870	4.0672710369219415e-06
ENSG00000279116	4.0672710369219415e-06
ENSG00000284120	4.050342070273209e-06
ENSG00000204128	4.027488178453222e-06
ENSG00000181061	4.022557490241225e-06
ENSG00000221995	4.008731897538185e-06
ENSG00000166387	4.005516778609653e-06
ENSG00000110723	3.998735933384314e-06
ENSG00000285226	3.995657261636868e-06
ENSG00000281857	3.9905376590247246e-06
ENSG00000166634	3.989432877108848e-06
ENSG00000278444	3.963017441767127e-06
ENSG00000169548	3.950147723232055e-06
ENSG00000170011	3.946539320699035e-06
ENSG00000284984	3.93534236479425e-06
ENSG00000163072	3.935299660888145e-06
ENSG00000164307	3.9079685796335715e-06
ENSG00000006327	3.901573793288542e-06
ENSG00000172350	3.89813993485042e-06
ENSG00000158578	3.875364047692567e-06
ENSG00000188517	3.8641146984187084e-06
ENSG00000158966	3.819831321519849e-06
ENSG00000274437	3.8066490722750894e-06
ENSG00000283030	3.7999617653057253e-06
ENSG00000284900	3.797974418166437e-06
ENSG00000158488	3.7888253749871563e-06
ENSG00000103356	3.7770678628056663e-06
ENSG00000141161	3.7642091868632278e-06
ENSG00000066651	3.7628925218759874e-06
ENSG00000120158	3.7502827261803394e-06
ENSG00000181007	3.7156061594206984e-06
ENSG00000174327	3.695338406778871e-06
ENSG00000184194	3.688569198670649e-06
ENSG00000171201	3.680245885801391e-06
ENSG00000144802	3.6780824960000877e-06
ENSG00000181513	3.6596866697368845e-06
ENSG00000146276	3.638161819401442e-06
ENSG00000132357	3.6207567380501966e-06
ENSG00000137941	3.6164532443923146e-06
ENSG00000285482	3.6023778279039427e-06
ENSG00000128965	3.587593934875311e-06
ENSG00000235758	3.575419264880037e-06
ENSG00000038532	3.5620698137945116e-06
ENSG00000198881	3.543806474439651e-06
ENSG00000169800	3.539978454897566e-06
ENSG00000144199	3.5338628076181736e-06
ENSG00000274137	3.511314390132548e-06
ENSG00000164778	3.5041283483967743e-06
ENSG00000288359	3.4924605252594605e-06
ENSG00000203797	3.485233549365503e-06
ENSG00000125629	3.4813546083545895e-06
ENSG00000109917	3.4735287895375796e-06
ENSG00000167525	3.470590665050762e-06
ENSG00000066382	3.420896671776481e-06
ENSG00000278495	3.4154357251281534e-06
ENSG00000198908	3.410001670758016e-06
ENSG00000184887	3.4023694958757116e-06
ENSG00000275333	3.390252638511879e-06
ENSG00000188996	3.3855145680616533e-06
ENSG00000282891	3.384404101419898e-06
ENSG00000275099	3.369731339952145e-06
ENSG00000198142	3.3345528085490596e-06
ENSG00000285465	3.3313557008908875e-06
ENSG00000106266	3.3159231005427523e-06
ENSG00000253797	3.3081276231828923e-06
ENSG00000104228	3.299360060647751e-06
ENSG00000196275	3.290305936439935e-06
ENSG00000164294	3.2902147514840574e-06
ENSG00000126861	3.2698761091684014e-06
ENSG00000160223	3.2474883021256683e-06
ENSG00000275793	3.2341094151288554e-06
ENSG00000280584	3.2305147554922304e-06
ENSG00000243927	3.2197446418393617e-06
ENSG00000167210	3.2124104982778265e-06
ENSG00000121542	3.2123123387102877e-06
ENSG00000125492	3.202302104419352e-06
ENSG00000136732	3.1976816770471164e-06
ENSG00000166796	3.1973566644012725e-06
ENSG00000063176	3.1794937605036767e-06
ENSG00000179598	3.1783366478437687e-06
ENSG00000163092	3.1709186360132085e-06
ENSG00000120471	3.166499529669214e-06
ENSG00000215269	3.1328368871280667e-06
ENSG00000067167	3.1326379857638013e-06
ENSG00000169084	3.1274586820399037e-06
ENSG00000135045	3.1056148581467115e-06
ENSG00000149489	3.0970158470741477e-06
ENSG00000261986	3.0838144941191435e-06
ENSG00000175606	3.083288299213575e-06
ENSG00000166548	3.076268975193584e-06
ENSG00000151552	3.0739828358703554e-06
ENSG00000198189	3.0697073133359563e-06
ENSG00000164054	3.0630432330179967e-06
ENSG00000198553	3.0232299570152198e-06
ENSG00000149292	2.9960173402187975e-06
ENSG00000139291	2.984066839014329e-06
ENSG00000125648	2.980786888443598e-06
ENSG00000129682	2.974283932043946e-06
ENSG00000131379	2.9541003922605058e-06
ENSG00000198805	2.910738752410737e-06
ENSG00000126545	2.9064338629333236e-06
ENSG00000006757	2.9057849482567266e-06
ENSG00000242259	2.897168854204738e-06
ENSG00000117245	2.8836077468808056e-06
ENSG00000277943	2.8342164087634894e-06
ENSG00000119986	2.8322897835664138e-06
ENSG00000135916	2.8065261190039134e-06
ENSG00000042781	2.805650511947566e-06
ENSG00000187627	2.8054730036256936e-06
ENSG00000227600	2.805308706282004e-06
ENSG00000285434	2.7962312544446107e-06
ENSG00000288250	2.7896766464437156e-06
ENSG00000123728	2.7887479651361427e-06
ENSG00000215126	2.7691551573552494e-06
ENSG00000243489	2.7562078373425765e-06
ENSG00000283882	2.742538637820221e-06
ENSG00000276004	2.742538637820221e-06
ENSG00000241822	2.7292184373108716e-06
ENSG00000146054	2.7276494569673758e-06
ENSG00000284598	2.704156660753e-06
ENSG00000148204	2.6898366372008877e-06
ENSG00000185361	2.6719265711813224e-06
ENSG00000183336	2.656056211784889e-06
ENSG00000283649	2.6518097174735238e-06
ENSG00000106460	2.6505978346373623e-06
ENSG00000112053	2.6460010446245065e-06
ENSG00000177047	2.6381973924237285e-06
ENSG00000119943	2.638115920415188e-06
ENSG00000112303	2.6319593047250027e-06
ENSG00000178922	2.618806623649443e-06
ENSG00000005243	2.613954634873813e-06
ENSG00000276464	2.597694175012784e-06
ENSG00000282269	2.595659372551415e-06
ENSG00000119782	2.529469078136163e-06
ENSG00000176720	2.522534810864152e-06
ENSG00000213934	2.514795892644246e-06
ENSG00000203734	2.493085464853081e-06
ENSG00000263296	2.460942631151171e-06
ENSG00000276416	2.4502553001721464e-06
ENSG00000145945	2.425616474474151e-06
ENSG00000215915	2.4142416112821394e-06
ENSG00000153165	2.3871819623597296e-06
ENSG00000102897	2.380838253500044e-06
ENSG00000100053	2.353641945238067e-06
ENSG00000288399	2.348319633835635e-06
ENSG00000278243	2.345803704368895e-06
ENSG00000285394	2.3406772501688994e-06
ENSG00000288275	2.3108615535658823e-06
ENSG00000104047	2.2926806635251277e-06
ENSG00000163870	2.2748034559629504e-06
ENSG00000029993	2.274219004839823e-06
ENSG00000232641	2.2672037254588042e-06
ENSG00000184307	2.2603511321304386e-06
ENSG00000170502	2.2445906009340964e-06
ENSG00000135517	2.2386578527230666e-06
ENSG00000136371	2.2354432907749436e-06
ENSG00000273574	2.203870186656766e-06
ENSG00000282937	2.172180591950957e-06
ENSG00000282967	2.1621294334995067e-06
ENSG00000275679	2.1621294334995067e-06
ENSG00000283046	2.1621294334995067e-06
ENSG00000274780	2.152882478493408e-06
ENSG00000168454	2.147099265433974e-06
ENSG00000112304	2.1325628854229007e-06
ENSG00000147119	2.1157596759698062e-06
ENSG00000174132	2.1157596759698062e-06
ENSG00000275365	2.1037674617376675e-06
ENSG00000274671	2.092011555325494e-06
ENSG00000155428	2.0905843710452774e-06
ENSG00000234508	2.074160014003448e-06
ENSG00000263163	2.069241608566967e-06
ENSG00000116667	2.062434172371771e-06
ENSG00000288269	2.050155443610634e-06
ENSG00000184227	2.0260713620831986e-06
ENSG00000235132	2.0186702789806907e-06
ENSG00000196565	2.0180253084136717e-06
ENSG00000213931	2.0180253084136717e-06
ENSG00000156395	2.007583276866188e-06
ENSG00000156463	2.0062684411686743e-06
ENSG00000124602	2.004278364215247e-06
ENSG00000130656	2.000446306063987e-06
ENSG00000283852	1.977312388074145e-06
ENSG00000189037	1.9753382570894527e-06
ENSG00000228090	1.965319339884224e-06
ENSG00000274952	1.965319339884224e-06
ENSG00000284017	1.945933874974045e-06
ENSG00000276537	1.944157007765517e-06
ENSG00000166619	1.9387030891297987e-06
ENSG00000282992	1.9234827183773808e-06
ENSG00000278488	1.912649045941137e-06
ENSG00000282739	1.8789661764923703e-06
ENSG00000282854	1.870473428505147e-06
ENSG00000262664	1.8683055089596566e-06
ENSG00000007174	1.850272039194736e-06
ENSG00000140043	1.8485995233453767e-06
ENSG00000146926	1.8465148895984492e-06
ENSG00000154217	1.827273238358886e-06
ENSG00000274684	1.8079835382917729e-06
ENSG00000180233	1.8027987485290682e-06
ENSG00000170293	1.8016283674147466e-06
ENSG00000146005	1.7981492720409373e-06
ENSG00000186088	1.7903743620621229e-06
ENSG00000140830	1.7583544544273117e-06
ENSG00000139974	1.7520225543488444e-06
ENSG00000178445	1.7511310629600554e-06
ENSG00000276615	1.7507902610751553e-06
ENSG00000197658	1.7507902610751553e-06
ENSG00000151778	1.7507902610751553e-06
ENSG00000127774	1.7440460183268425e-06
ENSG00000013392	1.732024313087518e-06
ENSG00000203867	1.7205528030407055e-06
ENSG00000183795	1.7014349764033289e-06
ENSG00000146243	1.698947785539863e-06
ENSG00000010626	1.6863704794492667e-06
ENSG00000115902	1.6811175960192585e-06
ENSG00000275600	1.6811175960192585e-06
ENSG00000278326	1.676564719546022e-06
ENSG00000110074	1.6495885490626816e-06
ENSG00000073417	1.6451328426761272e-06
ENSG00000156011	1.64368009995039e-06
ENSG00000288297	1.6425886860939332e-06
ENSG00000175309	1.635291073919322e-06
ENSG00000172927	1.6119359575452174e-06
ENSG00000175564	1.604908144217768e-06
ENSG00000285203	1.5989694753517416e-06
ENSG00000274538	1.5989694753517416e-06
ENSG00000123892	1.596760652067377e-06
ENSG00000278461	1.5602333945257713e-06
ENSG00000138796	1.5232579453846933e-06
ENSG00000274935	1.5105381706552223e-06
ENSG00000229665	1.5073502949752272e-06
ENSG00000182359	1.474970398970983e-06
ENSG00000180219	1.4744980277515158e-06
ENSG00000198736	1.4646327066490794e-06
ENSG00000262243	1.4519489551084023e-06
ENSG00000283085	1.4497905842664283e-06
ENSG00000107165	1.4497905842664283e-06
ENSG00000170439	1.4493372828494775e-06
ENSG00000144120	1.446489702113002e-06
ENSG00000085465	1.438332804974838e-06
ENSG00000124104	1.4160940143628327e-06
ENSG00000186526	1.4155060394603874e-06
ENSG00000276184	1.3939866706748284e-06
ENSG00000141994	1.3801157007630955e-06
ENSG00000176393	1.3620646652056466e-06
ENSG00000196862	1.3509863067381333e-06
ENSG00000162975	1.3496564305831056e-06
ENSG00000276876	1.3406411313986763e-06
ENSG00000275031	1.3347290712318907e-06
ENSG00000068724	1.3347290712318907e-06
ENSG00000284290	1.3336848994805536e-06
ENSG00000139438	1.3146425301319571e-06
ENSG00000137449	1.3126634934781105e-06
ENSG00000072163	1.3094925496404254e-06
ENSG00000149260	1.306105256695418e-06
ENSG00000149182	1.292206041328113e-06
ENSG00000288149	1.258032518432472e-06
ENSG00000011347	1.258032518432472e-06
ENSG00000095209	1.2329253711756845e-06
ENSG00000186501	1.2163746987623265e-06
ENSG00000173210	1.2062464696535783e-06
ENSG00000185962	1.180436586283981e-06
ENSG00000254858	1.164383827206416e-06
ENSG00000133710	1.1345785991682005e-06
ENSG00000288118	1.1115570566166427e-06
ENSG00000144306	1.0983039604001677e-06
ENSG00000171970	1.089976910334515e-06
ENSG00000157578	1.089976910334515e-06
ENSG00000256762	1.080501714192145e-06
ENSG00000262749	1.0793531318412584e-06
ENSG00000183479	1.0691186010522688e-06
ENSG00000281123	1.0691186010522688e-06
ENSG00000223494	1.0395446823711949e-06
ENSG00000169402	1.0357548825289703e-06
ENSG00000137825	9.965209148052051e-07
ENSG00000284320	9.95500101936644e-07
ENSG00000276761	9.953588820312174e-07
ENSG00000167644	9.953588820312174e-07
ENSG00000229937	9.771013368653656e-07
ENSG00000185215	9.765165571691045e-07
ENSG00000278220	9.70381887014205e-07
ENSG00000166311	9.65251225572779e-07
ENSG00000277481	9.522998834229041e-07
ENSG00000186190	9.432098054833948e-07
ENSG00000151360	9.418381577980093e-07
ENSG00000105552	9.371168527732631e-07
ENSG00000285140	9.317922937225794e-07
ENSG00000274145	9.313613428155503e-07
ENSG00000138639	9.088007147965437e-07
ENSG00000275483	8.829991353359614e-07
ENSG00000278843	8.75220214457986e-07
ENSG00000139637	8.434490853571167e-07
ENSG00000260691	8.274891824428127e-07
ENSG00000276836	8.193380948424222e-07
ENSG00000181418	8.193380948424222e-07
ENSG00000273494	8.122550804708985e-07
ENSG00000126460	8.000712208828086e-07
ENSG00000187024	7.901452467683328e-07
ENSG00000275779	7.828209555223819e-07
ENSG00000124257	7.461725250670968e-07
ENSG00000175325	7.461725250670968e-07
ENSG00000276358	7.452176795635594e-07
ENSG00000159289	7.054544010073146e-07
ENSG00000187017	7.045950442217276e-07
ENSG00000101474	6.987232514249684e-07
ENSG00000165192	6.962697796391032e-07
ENSG00000145022	5.660189383640723e-07
ENSG00000275214	4.799719649258172e-07
ENSG00000236625	0.0
ENSG00000226560	0.0
ENSG00000244057	0.0
ENSG00000241123	0.0
ENSG00000282424	0.0
ENSG00000282584	0.0
