GeneNames	Score
ENSG00000146648	0.0054619162836356564
ENSG00000168036	0.0040557199964242315
ENSG00000136997	0.0033415694356117294
ENSG00000177885	0.0033010752381656193
ENSG00000142208	0.0030068502408797894
ENSG00000145675	0.0025366363535957834
ENSG00000141510	0.002479552283925175
ENSG00000132155	0.00242332149138495
ENSG00000115414	0.0023647695653650084
ENSG00000188612	0.0020879161146938386
ENSG00000100030	0.0020513887123187295
ENSG00000163631	0.001957096389453581
ENSG00000100393	0.001892757825795248
ENSG00000141736	0.0018413505290968705
ENSG00000197122	0.0018136999559457193
ENSG00000080824	0.001746852918659817
ENSG00000091831	0.0016473812567411041
ENSG00000160691	0.0015951170678745509
ENSG00000181163	0.0015882234460719799
ENSG00000005339	0.0015816500118312118
ENSG00000112062	0.0014572842047064377
ENSG00000166913	0.0014546198088969669
ENSG00000102882	0.0014232231343295656
ENSG00000100603	0.001413762402599651
ENSG00000169032	0.001412197315871113
ENSG00000096401	0.0013970955361022304
ENSG00000118137	0.0013401455605667938
ENSG00000115904	0.0013153020144315742
ENSG00000181449	0.0012963240782798368
ENSG00000121879	0.0012792389355874001
ENSG00000157764	0.0012790501478814895
ENSG00000160867	0.0012358566768755647
ENSG00000116478	0.0012262306663010593
ENSG00000175793	0.0012221495949721387
ENSG00000141480	0.001214709364379111
ENSG00000162692	0.0011983009878079839
ENSG00000124181	0.00118537349720969
ENSG00000123374	0.0011821536061017237
ENSG00000147403	0.0011598421792482808
ENSG00000096384	0.0011511309352904193
ENSG00000106211	0.0011503690062361692
ENSG00000276536	0.0011501428391985757
ENSG00000068078	0.00111149604685997
ENSG00000012048	0.0011023095696719135
ENSG00000173039	0.00108290534801641
ENSG00000164924	0.0010785438444333403
ENSG00000135679	0.0010779569473924786
ENSG00000143977	0.0010647861259585405
ENSG00000160789	0.0010542030159775343
ENSG00000149925	0.001048607663844282
ENSG00000101361	0.0010440893245784381
ENSG00000105647	0.0010424170521601374
ENSG00000116030	0.0010367433774291035
ENSG00000010810	0.001026461846208395
ENSG00000135486	0.00102536085689291
ENSG00000182979	0.0010230516406705258
ENSG00000091513	0.0010186640225917972
ENSG00000115966	0.0010170151369927913
ENSG00000188486	0.0010063703364822667
ENSG00000169398	0.0010000355401168287
ENSG00000127191	0.0009751922168845318
ENSG00000105976	0.0009731495199169544
ENSG00000168610	0.0009685471631519893
ENSG00000177606	0.000967826596652353
ENSG00000162344	0.0009673357799542655
ENSG00000269335	0.000966647222198109
ENSG00000153187	0.0009561683732692198
ENSG00000149311	0.0009553505757596592
ENSG00000139687	0.0009546970481097973
ENSG00000078061	0.0009500740643010396
ENSG00000126934	0.0009445208661901528
ENSG00000073282	0.0009262170320132365
ENSG00000167862	0.0009239307353787898
ENSG00000166949	0.0009173555795820391
ENSG00000077782	0.0009132058914263992
ENSG00000082701	0.0009105709171875522
ENSG00000133703	0.000898825950257568
ENSG00000146223	0.0008981449720610027
ENSG00000132646	0.000890726745713343
ENSG00000066468	0.0008897869322320491
ENSG00000137486	0.0008874337154169608
ENSG00000141738	0.0008729882210394455
ENSG00000128052	0.0008718286641449793
ENSG00000113578	0.0008703421451733963
ENSG00000110395	0.0008693406402446157
ENSG00000103275	0.0008666709526460858
ENSG00000213341	0.0008551437195922797
ENSG00000179295	0.0008310987487625354
ENSG00000147601	0.0008255407443755667
ENSG00000275565	0.0008252997560744549
ENSG00000111640	0.0008178847778044589
ENSG00000140575	0.0008133446087697879
ENSG00000150753	0.0008070703947201261
ENSG00000183421	0.0008053068832954317
ENSG00000196591	0.0007839695391530352
ENSG00000044524	0.000780373897372702
ENSG00000175104	0.0007771926687631989
ENSG00000111669	0.0007747624046118436
ENSG00000134982	0.0007736808528549443
ENSG00000105401	0.0007720420905181727
ENSG00000079246	0.0007654290565286084
ENSG00000104365	0.0007622138978772311
ENSG00000140009	0.0007599394558818854
ENSG00000117461	0.0007598005178279744
ENSG00000096968	0.0007593651036832658
ENSG00000171105	0.0007561280860768833
ENSG00000109458	0.0007554885966394631
ENSG00000167193	0.0007526462978483647
ENSG00000135446	0.0007505362428253695
ENSG00000161203	0.0007419731052498196
ENSG00000280548	0.0007414750027414171
ENSG00000076242	0.0007407887936251859
ENSG00000113721	0.0007364748804288102
ENSG00000129521	0.0007280363928942289
ENSG00000169083	0.0007237619350395681
ENSG00000069956	0.0007205598286182616
ENSG00000113558	0.0007181553467030605
ENSG00000253729	0.0007098589451763484
ENSG00000186298	0.0007080982780321619
ENSG00000107643	0.0007071963134071522
ENSG00000175166	0.0007067288170703837
ENSG00000065361	0.0007058825271376594
ENSG00000173226	0.0007050919485135255
ENSG00000198755	0.000702993303264067
ENSG00000097007	0.0007009272601871754
ENSG00000124762	0.0006975505516456811
ENSG00000100345	0.0006919630185520716
ENSG00000213281	0.000686474813472823
ENSG00000141367	0.0006830425934832621
ENSG00000115053	0.0006749409347167182
ENSG00000145715	0.000674838011534303
ENSG00000140992	0.0006684070073551028
ENSG00000184216	0.0006659193194870561
ENSG00000186340	0.0006654978603376196
ENSG00000105568	0.0006614694021153941
ENSG00000182944	0.0006603687490769558
ENSG00000172531	0.0006592945107866025
ENSG00000185024	0.0006585120107772762
ENSG00000131747	0.00065389221208825
ENSG00000004487	0.0006494044308737857
ENSG00000179364	0.0006489552519700483
ENSG00000113368	0.000642701945965695
ENSG00000170027	0.0006401164614546381
ENSG00000213639	0.000638102138057328
ENSG00000100823	0.0006361764207090881
ENSG00000142192	0.000634708536454701
ENSG00000100644	0.0006346049487878855
ENSG00000205937	0.0006321685451483084
ENSG00000148400	0.000629916940744702
ENSG00000070831	0.0006262192381239023
ENSG00000109107	0.0006252886315375966
ENSG00000166333	0.0006251070157639691
ENSG00000099783	0.0006188064546924352
ENSG00000141968	0.000617825966094249
ENSG00000134308	0.0006152972661919809
ENSG00000157404	0.0006152443030467265
ENSG00000166851	0.0006097710594644213
ENSG00000074800	0.0006087966560030111
ENSG00000163918	0.0006077385153701243
ENSG00000109971	0.0006072720227366743
ENSG00000174720	0.0006062050311730233
ENSG00000196924	0.0006058817506060684
ENSG00000126461	0.000600059348146882
ENSG00000274474	0.0005979175104838862
ENSG00000168028	0.000597917166617679
ENSG00000113575	0.0005965517590708122
ENSG00000198793	0.0005952027387457216
ENSG00000167770	0.0005949910273521981
ENSG00000134853	0.0005947925998045498
ENSG00000196419	0.0005945299720668655
ENSG00000109320	0.0005934373363715674
ENSG00000175387	0.0005888366885255943
ENSG00000170345	0.0005878307039666357
ENSG00000140443	0.0005833656790328494
ENSG00000068489	0.0005752131745006186
ENSG00000138160	0.0005711736081071984
ENSG00000136238	0.0005687596861208465
ENSG00000079999	0.0005680247627814423
ENSG00000286522	0.0005662907557961675
ENSG00000118260	0.0005655166309387351
ENSG00000124571	0.0005647969967673151
ENSG00000138798	0.0005647254648316456
ENSG00000131023	0.0005632317848090776
ENSG00000089685	0.000562604941637907
ENSG00000101266	0.0005612673453605685
ENSG00000108883	0.0005565714293191985
ENSG00000075218	0.0005516147779188906
ENSG00000111679	0.0005478227053245036
ENSG00000055332	0.0005410927665788451
ENSG00000175054	0.0005392664496245728
ENSG00000179041	0.0005367083377609389
ENSG00000125508	0.0005343611117951125
ENSG00000130726	0.0005335766798080941
ENSG00000147613	0.0005307187727315969
ENSG00000163291	0.0005296159682174047
ENSG00000166441	0.000528301449272094
ENSG00000154229	0.0005279294645444124
ENSG00000196793	0.0005274997008269632
ENSG00000128513	0.0005265868965234679
ENSG00000159445	0.0005261213110059126
ENSG00000143512	0.000525741192151124
ENSG00000076003	0.0005235977565329938
ENSG00000184502	0.0005208095706954737
ENSG00000168875	0.0005195154884926835
ENSG00000125285	0.0005195154884926835
ENSG00000145386	0.0005157053233372056
ENSG00000161800	0.0005154773120935719
ENSG00000213923	0.0005154696609839101
ENSG00000145191	0.0005145885583948759
ENSG00000087191	0.0005145277974227246
ENSG00000081138	0.000512856990183134
ENSG00000079112	0.0005127707933211378
ENSG00000118046	0.000512416050624055
ENSG00000118689	0.0005119388450419585
ENSG00000134086	0.0005115798461452892
ENSG00000183207	0.0005115622915224636
ENSG00000141646	0.0005104681937166478
ENSG00000004975	0.0005070526753023383
ENSG00000130762	0.0005064389088528184
ENSG00000039068	0.0005057778495703424
ENSG00000182968	0.0005053392885304045
ENSG00000112655	0.0005053392885304045
ENSG00000119013	0.0005051457025556831
ENSG00000178568	0.0005035967549186731
ENSG00000135052	0.000503363194457169
ENSG00000116062	0.0005019261941793211
ENSG00000171223	0.0005010804622235199
ENSG00000158125	0.0004985680539489536
ENSG00000171848	0.0004974478264197121
ENSG00000112559	0.0004971041655350186
ENSG00000196109	0.0004963195983553908
ENSG00000165973	0.0004952886312681997
ENSG00000143575	0.0004940960461933354
ENSG00000015479	0.000493702159948882
ENSG00000122728	0.000493219441702711
ENSG00000102755	0.0004922625634244368
ENSG00000148053	0.0004921094575785131
ENSG00000107833	0.0004905842252595172
ENSG00000168454	0.000489396916139379
ENSG00000145358	0.0004888317022541217
ENSG00000125835	0.0004884560098980025
ENSG00000155657	0.0004881467195769255
ENSG00000124120	0.00048747006150600406
ENSG00000135316	0.00048628861746529805
ENSG00000142541	0.0004819441230341378
ENSG00000080345	0.00048144389269815424
ENSG00000172340	0.0004811170047163102
ENSG00000197323	0.00048090047121489694
ENSG00000138814	0.00048057427436455614
ENSG00000145425	0.0004798379432084211
ENSG00000142937	0.0004794774924210059
ENSG00000075624	0.0004786832009580908
ENSG00000185359	0.00047817007247262326
ENSG00000167325	0.00047767362811308153
ENSG00000198909	0.00047737035538508683
ENSG00000040341	0.00047624025630454254
ENSG00000128245	0.0004755969919699553
ENSG00000108424	0.00047447628069147683
ENSG00000163781	0.00047107269897754333
ENSG00000136807	0.0004696959002951156
ENSG00000111361	0.00046875476638912414
ENSG00000166167	0.0004664080228265226
ENSG00000146834	0.0004661099485760066
ENSG00000171791	0.0004655359420890928
ENSG00000095015	0.0004652103040981429
ENSG00000159069	0.0004635620281194862
ENSG00000171560	0.00046253983264642987
ENSG00000111711	0.00046183114527153195
ENSG00000112742	0.0004611356608699865
ENSG00000166848	0.0004608076554858903
ENSG00000073111	0.0004601466953429333
ENSG00000077150	0.00045958574929290294
ENSG00000275126	0.0004594278768092095
ENSG00000067560	0.00045895753141941674
ENSG00000094841	0.0004571281703230981
ENSG00000182866	0.0004569709144896597
ENSG00000173473	0.00045690862263657816
ENSG00000186185	0.000454520210184823
ENSG00000188846	0.0004539682165312358
ENSG00000148396	0.0004533907011839003
ENSG00000165280	0.000453026843893688
ENSG00000115163	0.0004519542025400202
ENSG00000167110	0.00045171399528658743
ENSG00000149273	0.00045071815221150145
ENSG00000119969	0.00045071340653309483
ENSG00000051382	0.0004495757816430725
ENSG00000100906	0.0004492351972745805
ENSG00000005471	0.00044742385942474064
ENSG00000176678	0.000447245317368114
ENSG00000115415	0.00044711478455239243
ENSG00000088986	0.0004462350799010581
ENSG00000171956	0.00044569206616433326
ENSG00000121152	0.00044285161590254724
ENSG00000007923	0.0004423396592136042
ENSG00000095002	0.00044094177665654597
ENSG00000070770	0.0004402762609455492
ENSG00000001626	0.0004400338466572147
ENSG00000065526	0.0004400212724459501
ENSG00000168496	0.0004391946739476152
ENSG00000087586	0.0004368768040365834
ENSG00000099942	0.00043629279072571246
ENSG00000198898	0.00043550258020228616
ENSG00000126215	0.0004352723724089564
ENSG00000169047	0.0004342228306151798
ENSG00000134057	0.00043411825502408404
ENSG00000131462	0.0004323267967693819
ENSG00000143799	0.000431478215189281
ENSG00000109534	0.00043074823101230944
ENSG00000115211	0.0004304127652856546
ENSG00000137713	0.0004303894136980303
ENSG00000138668	0.0004299950251312861
ENSG00000143321	0.000429642834658493
ENSG00000262814	0.00042961052005045233
ENSG00000164896	0.0004263302770442021
ENSG00000185298	0.00042584188455067814
ENSG00000169679	0.00042470356169554426
ENSG00000110092	0.00042445532075128416
ENSG00000121766	0.00042259105066331035
ENSG00000156009	0.00042257743538508187
ENSG00000103126	0.000422543313331136
ENSG00000115760	0.00042239945049379717
ENSG00000105221	0.0004222704911559333
ENSG00000135476	0.00042183000270066347
ENSG00000055130	0.0004213951571330955
ENSG00000167863	0.00042135297067754014
ENSG00000120438	0.000421346490808031
ENSG00000105810	0.00042084165511411815
ENSG00000164587	0.0004196781969149701
ENSG00000135333	0.00041963390658688584
ENSG00000182568	0.0004186007476028709
ENSG00000119335	0.00041824898269981277
ENSG00000090621	0.00041410116537340404
ENSG00000159692	0.0004139067402840251
ENSG00000143179	0.00041327749427085003
ENSG00000171720	0.0004132473333976822
ENSG00000122952	0.0004130175416465628
ENSG00000101412	0.0004115532877259097
ENSG00000094631	0.00041142355557913837
ENSG00000197756	0.00041076187009128347
ENSG00000234651	0.0004091223895304826
ENSG00000135341	0.00040893154173357284
ENSG00000146670	0.00040890985816887526
ENSG00000112592	0.00040886470165518116
ENSG00000094916	0.00040802304303319564
ENSG00000101109	0.00040746493740521835
ENSG00000198648	0.00040720575341543345
ENSG00000164104	0.00040678889228553983
ENSG00000145632	0.0004064567208036082
ENSG00000145907	0.00040630330083157135
ENSG00000114354	0.0004060108341185429
ENSG00000259207	0.00040548987547490035
ENSG00000116106	0.00040532114482304786
ENSG00000155438	0.00040455108062588976
ENSG00000115541	0.00040370124950260544
ENSG00000180370	0.00040319131611524873
ENSG00000105974	0.0004023128074564025
ENSG00000036257	0.0004007508509196774
ENSG00000113712	0.00039973804193587536
ENSG00000178035	0.0003991917584151405
ENSG00000254087	0.00039900847555601965
ENSG00000166135	0.00039822831502782434
ENSG00000178607	0.0003971746211341515
ENSG00000138190	0.00039641883107923906
ENSG00000117399	0.0003963517503977066
ENSG00000033867	0.00039575406346328
ENSG00000111445	0.00039547186059055205
ENSG00000122585	0.000395186401255457
ENSG00000092853	0.0003950272933886014
ENSG00000285246	0.00039443725093868404
ENSG00000167900	0.00039369227404656887
ENSG00000134070	0.00039351400627141305
ENSG00000113318	0.0003933077422740368
ENSG00000187555	0.00039266584969530424
ENSG00000126457	0.00039259320477150536
ENSG00000115484	0.0003925649833480121
ENSG00000137154	0.00039232713649716344
ENSG00000130204	0.000392001524544087
ENSG00000156970	0.00039139917682903244
ENSG00000184009	0.0003912171398594552
ENSG00000167553	0.0003911109781219186
ENSG00000140464	0.00039101330626939706
ENSG00000136875	0.00038827560773189594
ENSG00000101421	0.000388170442737667
ENSG00000149554	0.00038710234209724187
ENSG00000142945	0.0003868431322600637
ENSG00000162521	0.00038623112563679096
ENSG00000072506	0.00038569692953413195
ENSG00000150093	0.00038552541356954195
ENSG00000137601	0.00038420757369318125
ENSG00000138685	0.0003839266738615799
ENSG00000149269	0.00038391452007492904
ENSG00000284915	0.00038364674163221145
ENSG00000136261	0.0003824164246348865
ENSG00000120802	0.0003821161755796038
ENSG00000123358	0.0003813598738744609
ENSG00000158092	0.0003801076199504166
ENSG00000134243	0.00037965888823713543
ENSG00000171094	0.0003788655123577098
ENSG00000185591	0.0003780070400639859
ENSG00000099956	0.00037763177889985755
ENSG00000102030	0.00037703083329168727
ENSG00000121022	0.00037691766896369135
ENSG00000179750	0.000376648525445722
ENSG00000163930	0.00037589153025124704
ENSG00000132341	0.00037522205783599444
ENSG00000150457	0.0003750513751990898
ENSG00000166477	0.00037502469749386253
ENSG00000012061	0.00037493557919834685
ENSG00000163513	0.0003745879430110666
ENSG00000065135	0.00037454288095725783
ENSG00000124789	0.00037453755315846026
ENSG00000162385	0.0003740285609870245
ENSG00000161011	0.0003732492837139828
ENSG00000101049	0.0003728946225117885
ENSG00000050748	0.00037159776858369017
ENSG00000197879	0.0003709785250661958
ENSG00000163517	0.0003693396329264713
ENSG00000107854	0.0003688075290838565
ENSG00000100462	0.00036857107072765316
ENSG00000198400	0.0003681928067865668
ENSG00000288299	0.00036716666713707956
ENSG00000111276	0.00036695885706641623
ENSG00000120158	0.0003667659207290172
ENSG00000059573	0.00036637931187110415
ENSG00000106462	0.0003659819132190609
ENSG00000101558	0.00036575204423784874
ENSG00000288516	0.00036534008961809893
ENSG00000159352	0.00036494194600342325
ENSG00000135090	0.00036452575690458934
ENSG00000104408	0.0003641314686479531
ENSG00000112164	0.00036365856845058326
ENSG00000071082	0.0003629520373183216
ENSG00000085999	0.0003618173097754136
ENSG00000065150	0.00036118665325384007
ENSG00000166225	0.00036076459283539575
ENSG00000168214	0.00035903348018801
ENSG00000196535	0.00035897830179346357
ENSG00000170832	0.00035875622796674943
ENSG00000145604	0.00035852450736087406
ENSG00000082898	0.0003577918336884719
ENSG00000162434	0.00035735888358415376
ENSG00000037897	0.0003568334648493105
ENSG00000075043	0.00035658831166809294
ENSG00000173801	0.0003565824497172886
ENSG00000188906	0.00035645898249406346
ENSG00000103266	0.0003556865052593786
ENSG00000162889	0.0003551399354029566
ENSG00000177169	0.0003549307710615193
ENSG00000061938	0.000354630021315696
ENSG00000169710	0.0003543863353563883
ENSG00000100697	0.00035438460961528107
ENSG00000070886	0.0003539759921074434
ENSG00000145526	0.0003534637253961397
ENSG00000068366	0.00035320415796350775
ENSG00000154767	0.0003526062991119833
ENSG00000168484	0.0003525215057294262
ENSG00000166226	0.0003519185199120687
ENSG00000164111	0.00035170663607419947
ENSG00000105287	0.00035164357274961294
ENSG00000149136	0.00035110531075500137
ENSG00000141027	0.00035031949564986363
ENSG00000144381	0.0003493472187318848
ENSG00000145242	0.0003488195193382691
ENSG00000101945	0.00034850183861027847
ENSG00000131467	0.000347977694577515
ENSG00000135046	0.000347672920895251
ENSG00000133704	0.0003475246663929147
ENSG00000143621	0.00034725188204452507
ENSG00000262473	0.00034703748920026186
ENSG00000078369	0.00034693517108997756
ENSG00000105639	0.00034676324493341647
ENSG00000171862	0.00034624926550283177
ENSG00000167434	0.00034603877008719227
ENSG00000006062	0.000345566034916891
ENSG00000176105	0.00034528073497247817
ENSG00000071051	0.00034477784243056205
ENSG00000138675	0.0003444958184565671
ENSG00000054277	0.0003444400411025341
ENSG00000080493	0.00034417049962621413
ENSG00000130810	0.00034412964704860544
ENSG00000079313	0.0003436367617404515
ENSG00000137804	0.00034343765745595284
ENSG00000129351	0.00034334146055943937
ENSG00000134690	0.0003432361912925428
ENSG00000278372	0.0003432059068141245
ENSG00000104695	0.0003431722079152434
ENSG00000171435	0.00034286536376312745
ENSG00000182199	0.00034164197090711486
ENSG00000183735	0.0003403340316788595
ENSG00000175602	0.0003394025708271521
ENSG00000060237	0.0003392469583278322
ENSG00000172845	0.0003389297412786776
ENSG00000086232	0.00033888924116556266
ENSG00000106546	0.0003387786390510085
ENSG00000106355	0.0003387193778124424
ENSG00000113580	0.0003387092502725545
ENSG00000108561	0.00033839193745856
ENSG00000140538	0.0003380758868576836
ENSG00000088325	0.0003376517861881783
ENSG00000159399	0.0003376050884914439
ENSG00000015285	0.0003373908009123375
ENSG00000167005	0.0003371619249745664
ENSG00000285248	0.00033695163400178206
ENSG00000105146	0.000336068477878136
ENSG00000170312	0.000335909818854661
ENSG00000173638	0.0003353775996621253
ENSG00000185800	0.00033422395092118845
ENSG00000168090	0.00033403510347063185
ENSG00000164466	0.00033391949826897747
ENSG00000140988	0.0003336441872632667
ENSG00000072803	0.0003335711382715711
ENSG00000084674	0.0003335590782507688
ENSG00000050820	0.0003335367597673003
ENSG00000165916	0.00033344408603658493
ENSG00000181409	0.00033282552294333254
ENSG00000134419	0.0003320462403597217
ENSG00000112029	0.00033184633347067556
ENSG00000126561	0.00033124449379315146
ENSG00000165025	0.00033123613203931134
ENSG00000184349	0.0003310111639869209
ENSG00000089159	0.00033092471455426956
ENSG00000104375	0.0003307848934123162
ENSG00000102054	0.0003305784778035108
ENSG00000134809	0.0003283570287905244
ENSG00000171557	0.0003283119536756264
ENSG00000135069	0.0003282615642894305
ENSG00000051180	0.0003277027635868562
ENSG00000100804	0.000326685659069837
ENSG00000104760	0.00032618643565953813
ENSG00000196976	0.00032605621111089593
ENSG00000171564	0.0003259135100494518
ENSG00000064012	0.00032585075777685887
ENSG00000140350	0.0003257424146857956
ENSG00000144029	0.00032572065585597325
ENSG00000283781	0.00032555039227621214
ENSG00000147804	0.00032545798542444026
ENSG00000113758	0.00032542776144004506
ENSG00000162733	0.00032528562695337157
ENSG00000163565	0.00032502121902533166
ENSG00000108515	0.000324644307130691
ENSG00000104885	0.00032416563161507964
ENSG00000104517	0.0003239675859258777
ENSG00000128191	0.0003236186560534315
ENSG00000067606	0.00032339601520671197
ENSG00000087470	0.0003231050306953896
ENSG00000166228	0.00032300790728236837
ENSG00000055044	0.00032273786346797217
ENSG00000116977	0.0003227069367412727
ENSG00000198862	0.00032188741682988433
ENSG00000134371	0.00032129156352317585
ENSG00000119203	0.00032081040060727916
ENSG00000115020	0.00032017888819260996
ENSG00000164109	0.0003198752027743568
ENSG00000083635	0.00031927756620042793
ENSG00000127337	0.00031802305526259643
ENSG00000167004	0.00031779850605844916
ENSG00000115464	0.00031773992168022687
ENSG00000113621	0.00031558350107846987
ENSG00000180210	0.0003155365974251811
ENSG00000176890	0.0003152951129470511
ENSG00000090889	0.0003148386423646093
ENSG00000131981	0.0003145937701660617
ENSG00000260027	0.00031426552724927206
ENSG00000125482	0.0003141504335542893
ENSG00000129170	0.00031396817910369143
ENSG00000102226	0.00031382616804985904
ENSG00000105173	0.00031378372138479976
ENSG00000027644	0.00031362301093663177
ENSG00000146047	0.0003130034545770988
ENSG00000243364	0.00031291036269711665
ENSG00000102554	0.00031253609218527605
ENSG00000143590	0.0003119130780669569
ENSG00000100764	0.00031177471008482434
ENSG00000196363	0.0003116506071239964
ENSG00000101444	0.0003113373860068282
ENSG00000163932	0.00031116999793335897
ENSG00000147381	0.00031081522597924447
ENSG00000179477	0.0003107634406496729
ENSG00000186184	0.00030969508517175915
ENSG00000126070	0.0003094871492076653
ENSG00000105640	0.00030934831053093715
ENSG00000109805	0.0003089602165624296
ENSG00000156738	0.0003086405092524215
ENSG00000109072	0.0003083821878790987
ENSG00000198901	0.000308357788548843
ENSG00000167720	0.00030835152428127167
ENSG00000147475	0.0003082490178284012
ENSG00000143924	0.00030818027778202993
ENSG00000197442	0.00030789087547821565
ENSG00000118520	0.0003078183937283775
ENSG00000157349	0.00030756827806112624
ENSG00000067182	0.00030727221704050876
ENSG00000169375	0.0003068857742310016
ENSG00000112715	0.00030627934539602603
ENSG00000137309	0.0003061076972461187
ENSG00000121858	0.0003056310056667848
ENSG00000157168	0.00030539519586363496
ENSG00000174950	0.00030466042395723694
ENSG00000160007	0.00030424473428274714
ENSG00000139842	0.0003035856461331401
ENSG00000186908	0.0003025086054720087
ENSG00000153982	0.00030207715131294507
ENSG00000124882	0.00030198682918516093
ENSG00000186919	0.0003018718645677784
ENSG00000050405	0.0003015844478568395
ENSG00000096060	0.0003012812551406766
ENSG00000153107	0.0003010809351966518
ENSG00000138092	0.0003009121188199851
ENSG00000127920	0.00030072667352299505
ENSG00000138376	0.0003005891405167549
ENSG00000141568	0.000300582667878902
ENSG00000167635	0.00030033754671699223
ENSG00000005810	0.00030012455055179537
ENSG00000141570	0.00030011737685535657
ENSG00000141543	0.00029995407257476305
ENSG00000135913	0.0002997733111186415
ENSG00000159377	0.00029948019586518174
ENSG00000142627	0.00029946737737514533
ENSG00000111674	0.0002988282280099768
ENSG00000241343	0.00029873944966596875
ENSG00000140368	0.0002985160299690097
ENSG00000136518	0.00029827648192165486
ENSG00000149503	0.000298216919164512
ENSG00000108654	0.0002981559949206099
ENSG00000165209	0.00029815538872205734
ENSG00000156515	0.0002980947748402292
ENSG00000072133	0.0002979322418799263
ENSG00000168002	0.00029720708982371543
ENSG00000172977	0.00029690045422434337
ENSG00000284901	0.00029615018514461976
ENSG00000123485	0.0002957202726259477
ENSG00000171992	0.0002957086427843612
ENSG00000171552	0.00029555250778241424
ENSG00000227046	0.00029520850085272695
ENSG00000196235	0.00029485487357765693
ENSG00000131791	0.0002947293331302816
ENSG00000167085	0.00029463515613472154
ENSG00000111581	0.00029457080643454633
ENSG00000120899	0.00029428262279859534
ENSG00000127616	0.0002933091019207206
ENSG00000132356	0.00029313952959913645
ENSG00000112096	0.00029298694140687185
ENSG00000172680	0.0002929323723792741
ENSG00000110700	0.0002928975172082515
ENSG00000111642	0.0002917610991176664
ENSG00000083845	0.00029172966814131984
ENSG00000133454	0.0002916148471529657
ENSG00000101367	0.000291590116785068
ENSG00000108961	0.0002914573646031526
ENSG00000166508	0.00029142698026727427
ENSG00000136643	0.00029133484534842947
ENSG00000070808	0.0002906806733485957
ENSG00000046651	0.0002904674781301898
ENSG00000172354	0.00029028339340832324
ENSG00000136021	0.0002902501701250071
ENSG00000119421	0.00029007452536749547
ENSG00000165731	0.00028967258771427865
ENSG00000115233	0.0002891123581903206
ENSG00000146731	0.00028890397919649295
ENSG00000178999	0.00028858665676031087
ENSG00000165119	0.00028850858950104486
ENSG00000283777	0.0002881097910174605
ENSG00000124788	0.0002868711703896868
ENSG00000197563	0.0002864164345764393
ENSG00000274811	0.0002860162939583655
ENSG00000116649	0.00028578054249816544
ENSG00000114026	0.00028577032327711045
ENSG00000164379	0.00028529693956489956
ENSG00000065613	0.00028529691893934735
ENSG00000196549	0.00028514482989397063
ENSG00000137801	0.00028479425438205323
ENSG00000113460	0.00028436925289900916
ENSG00000105447	0.0002843671220893945
ENSG00000120948	0.00028425931752751196
ENSG00000158290	0.0002842114403677778
ENSG00000171608	0.00028398774981657567
ENSG00000124466	0.0002837668324532408
ENSG00000089248	0.0002834411534026483
ENSG00000284320	0.0002832631584559265
ENSG00000160551	0.0002830008528871132
ENSG00000096717	0.0002827209039584643
ENSG00000042493	0.0002827126640844392
ENSG00000115808	0.00028227022516297186
ENSG00000165304	0.00028189720742784695
ENSG00000100324	0.0002813841480252376
ENSG00000132604	0.0002813735051298406
ENSG00000185386	0.0002810314736309528
ENSG00000121236	0.00028077630138264356
ENSG00000129988	0.00028073105027224393
ENSG00000174827	0.00028070702629684897
ENSG00000147883	0.0002806462153908324
ENSG00000112640	0.00028056757826632676
ENSG00000100485	0.00027986498804805207
ENSG00000011426	0.0002798463877845529
ENSG00000100575	0.00027968878813873325
ENSG00000166266	0.0002793754683632768
ENSG00000162736	0.0002792444744168505
ENSG00000114166	0.0002785839911920664
ENSG00000115085	0.0002781167590201913
ENSG00000232575	0.00027806769365948576
ENSG00000164897	0.0002776521752736604
ENSG00000108344	0.0002774862945285945
ENSG00000142534	0.0002773605613664564
ENSG00000180815	0.0002773378598107615
ENSG00000136108	0.00027719780154202294
ENSG00000065328	0.0002771556535690032
ENSG00000188342	0.0002766551083482545
ENSG00000186350	0.0002761443628177741
ENSG00000100519	0.0002758791501294269
ENSG00000158773	0.00027582418621680855
ENSG00000002330	0.0002758078413770541
ENSG00000109332	0.00027552692442695497
ENSG00000167986	0.00027545173662796947
ENSG00000126787	0.0002752979434104082
ENSG00000106799	0.0002743972541853997
ENSG00000176919	0.0002738664971627053
ENSG00000187840	0.0002736853630490216
ENSG00000112984	0.00027365751052295807
ENSG00000184635	0.00027352702004314116
ENSG00000239672	0.0002734363302905262
ENSG00000118193	0.0002734243372181622
ENSG00000163468	0.00027313979528945044
ENSG00000120053	0.0002730802714222347
ENSG00000143436	0.0002729164853488154
ENSG00000108256	0.0002728135462811406
ENSG00000171885	0.00027242895595671555
ENSG00000047936	0.0002723122570618475
ENSG00000163960	0.00027205707622617416
ENSG00000137807	0.00027193315625548823
ENSG00000164305	0.0002718827766883349
ENSG00000137693	0.00027158117829698575
ENSG00000140525	0.0002711746258516862
ENSG00000104738	0.0002709145699322224
ENSG00000100028	0.0002708663854757435
ENSG00000133124	0.0002707530003075747
ENSG00000154102	0.00027031038546327643
ENSG00000122565	0.0002702683898048922
ENSG00000232810	0.0002700503461944671
ENSG00000186081	0.00027000862423006127
ENSG00000173889	0.00026996206820905944
ENSG00000072518	0.00026994810993855045
ENSG00000004897	0.0002696900728995102
ENSG00000100985	0.0002696464094086884
ENSG00000100346	0.0002695407124850952
ENSG00000139618	0.00026950789777374103
ENSG00000139350	0.00026911820303828437
ENSG00000106290	0.00026907272339580525
ENSG00000108094	0.00026867510623637447
ENSG00000104969	0.00026846774046160755
ENSG00000100387	0.00026809863850676946
ENSG00000109103	0.00026804702303403474
ENSG00000108468	0.0002678877802602699
ENSG00000175832	0.0002673441417052022
ENSG00000101966	0.0002672989188223119
ENSG00000101146	0.0002670087856362965
ENSG00000120063	0.0002668164016826435
ENSG00000165480	0.0002664249630184478
ENSG00000136240	0.0002663346457879345
ENSG00000044115	0.00026627210954933425
ENSG00000175426	0.0002660297939105163
ENSG00000184486	0.0002658041168836961
ENSG00000111641	0.0002655352453863829
ENSG00000135632	0.0002643184435670134
ENSG00000189079	0.0002641971285562197
ENSG00000143633	0.0002638163285538605
ENSG00000128585	0.0002636919118103566
ENSG00000065978	0.00026362040025136287
ENSG00000068024	0.00026355607008321275
ENSG00000106588	0.00026339727683421165
ENSG00000105894	0.00026318597208907713
ENSG00000100151	0.0002631263005803097
ENSG00000196396	0.00026297985325874994
ENSG00000165458	0.0002629639703453662
ENSG00000099940	0.00026277628129685044
ENSG00000146263	0.000262178544122626
ENSG00000113361	0.0002620516405812744
ENSG00000063244	0.0002619307693539172
ENSG00000026025	0.00026168007402861394
ENSG00000111206	0.00026152355881317075
ENSG00000131469	0.000261490986901828
ENSG00000113916	0.0002614498645801609
ENSG00000183770	0.00026134730138345616
ENSG00000142875	0.0002610298881847757
ENSG00000047410	0.00026089800664160027
ENSG00000104852	0.0002605229488634197
ENSG00000189403	0.00026013948840526827
ENSG00000117560	0.0002599438911565966
ENSG00000168412	0.0002597808144833901
ENSG00000136271	0.000259730200889754
ENSG00000135250	0.00025933591065039675
ENSG00000116489	0.00025929960514967646
ENSG00000087088	0.00025899434064930664
ENSG00000135837	0.0002581544252429812
ENSG00000126945	0.00025800766031136894
ENSG00000130725	0.00025786040826949227
ENSG00000125970	0.00025744342825023025
ENSG00000247077	0.00025705907300324133
ENSG00000087245	0.00025693230611742
ENSG00000167642	0.0002566540709487366
ENSG00000136824	0.00025643421848771316
ENSG00000171863	0.0002563911616412959
ENSG00000163939	0.0002563026801795431
ENSG00000157110	0.0002561818307732548
ENSG00000169252	0.00025508006665401795
ENSG00000089009	0.00025498925276239923
ENSG00000163507	0.0002548262875268703
ENSG00000167526	0.0002547658436351301
ENSG00000164045	0.00025429577806350564
ENSG00000159166	0.00025418850346009975
ENSG00000161970	0.00025393106514311745
ENSG00000275885	0.0002538754903340274
ENSG00000056558	0.00025376436940540787
ENSG00000142731	0.00025375623763714683
ENSG00000160888	0.000253601332046542
ENSG00000124610	0.0002534207131773263
ENSG00000111530	0.00025337000988482516
ENSG00000198561	0.00025318926629561736
ENSG00000120156	0.00025261010490837225
ENSG00000113441	0.0002524737066593594
ENSG00000014164	0.00025247035502111236
ENSG00000158402	0.00025228020125690694
ENSG00000055957	0.00025224798450227277
ENSG00000131759	0.0002521480817592615
ENSG00000130816	0.00025142028484472054
ENSG00000161057	0.00025132022149254064
ENSG00000105549	0.0002511484706881786
ENSG00000154473	0.00025082409488857516
ENSG00000163472	0.00025046946838975636
ENSG00000137955	0.0002499110228179254
ENSG00000113905	0.0002499038580597605
ENSG00000075856	0.0002498679703686297
ENSG00000080986	0.0002495923000921603
ENSG00000078674	0.00024937901947813773
ENSG00000196504	0.0002492686308987651
ENSG00000131196	0.0002490284497284317
ENSG00000167674	0.00024883143209033056
ENSG00000162244	0.0002487586432396649
ENSG00000170145	0.0002485200203718093
ENSG00000110651	0.00024834294229050536
ENSG00000196262	0.0002483347917716421
ENSG00000149308	0.00024830808500978055
ENSG00000133030	0.00024827143770028216
ENSG00000143294	0.0002481894326757551
ENSG00000029363	0.0002481451391008785
ENSG00000172270	0.0002481228685544613
ENSG00000141068	0.0002480701305890094
ENSG00000142168	0.0002480623432059117
ENSG00000060566	0.00024793249304461753
ENSG00000081051	0.0002478923034228521
ENSG00000177889	0.0002477088302882582
ENSG00000103197	0.0002477075809295632
ENSG00000075785	0.00024756256826562
ENSG00000080815	0.00024741513052188265
ENSG00000104889	0.0002473110421428186
ENSG00000135870	0.00024707603080048227
ENSG00000125445	0.00024690068172519033
ENSG00000109339	0.00024652892737331137
ENSG00000105971	0.0002463453777406887
ENSG00000104419	0.0002458067655785834
ENSG00000100567	0.00024548970468249887
ENSG00000143947	0.00024545113989752205
ENSG00000136536	0.0002454101284370354
ENSG00000162409	0.0002450330276209283
ENSG00000161016	0.00024494725075242986
ENSG00000114450	0.00024425178416086034
ENSG00000198522	0.00024409172997103833
ENSG00000169967	0.00024407100788254363
ENSG00000117748	0.00024398667706598636
ENSG00000106244	0.00024381421591141176
ENSG00000122566	0.00024371635585878785
ENSG00000156482	0.0002435053240482109
ENSG00000130255	0.00024304409849314922
ENSG00000106327	0.00024301963693739868
ENSG00000139180	0.00024289287147202893
ENSG00000148175	0.00024286881696152646
ENSG00000101557	0.00024270149104145747
ENSG00000127314	0.00024269001337943793
ENSG00000232960	0.00024262842244384013
ENSG00000047315	0.00024246940883473032
ENSG00000164327	0.00024221941698699534
ENSG00000063177	0.00024208822936945675
ENSG00000139352	0.00024129533240611846
ENSG00000197299	0.00024122386318399048
ENSG00000182774	0.00024099849429195215
ENSG00000085224	0.00024060620348041598
ENSG00000111639	0.00024057816660263802
ENSG00000084676	0.00024023763565672558
ENSG00000113194	0.0002401904308193437
ENSG00000147571	0.00023981105588946673
ENSG00000114127	0.00023978791459876195
ENSG00000179776	0.0002396015477753424
ENSG00000169604	0.00023954210702479138
ENSG00000151422	0.0002394141776966561
ENSG00000174886	0.00023938863805890093
ENSG00000197860	0.00023938569192325616
ENSG00000180806	0.00023935256861729162
ENSG00000178919	0.00023911202837664417
ENSG00000136754	0.00023909468149958433
ENSG00000161944	0.00023907125436446283
ENSG00000085832	0.00023903633944752495
ENSG00000011405	0.0002388242593635264
ENSG00000145192	0.00023873338219111242
ENSG00000143190	0.00023865377145897534
ENSG00000174343	0.0002383310581227506
ENSG00000088247	0.0002383290106660816
ENSG00000167552	0.00023808221657128307
ENSG00000166501	0.00023795148851001003
ENSG00000197170	0.00023794875473920677
ENSG00000130635	0.00023758767334525443
ENSG00000107290	0.00023744552298341124
ENSG00000108511	0.0002374214366705521
ENSG00000136897	0.00023675485662232878
ENSG00000076382	0.0002367320204807887
ENSG00000114742	0.00023667597038563385
ENSG00000123552	0.00023660509309444462
ENSG00000129245	0.00023642033213298826
ENSG00000108443	0.0002364074194715553
ENSG00000153201	0.00023601317983990415
ENSG00000136942	0.00023590741421115256
ENSG00000157954	0.00023578353978655548
ENSG00000108821	0.00023565907488889686
ENSG00000154582	0.00023548397210258358
ENSG00000108671	0.00023544348364344013
ENSG00000185745	0.0002353098583540666
ENSG00000198730	0.00023524059708233077
ENSG00000122641	0.00023521280536067956
ENSG00000102524	0.0002350489560777256
ENSG00000105364	0.00023466357478411036
ENSG00000173757	0.00023452549538845616
ENSG00000114062	0.0002344224921647969
ENSG00000071539	0.0002341762210782318
ENSG00000198918	0.00023417540499641728
ENSG00000006118	0.0002340810308239635
ENSG00000069869	0.0002335866758948096
ENSG00000128059	0.00023354311544406475
ENSG00000111229	0.00023353792947466534
ENSG00000170606	0.00023335773526952315
ENSG00000132535	0.0002333339155292104
ENSG00000143228	0.00023313575878472986
ENSG00000144891	0.00023312378728294734
ENSG00000196628	0.0002330422913841391
ENSG00000147789	0.0002327973311986904
ENSG00000145349	0.00023271737319079341
ENSG00000197943	0.00023220369386782967
ENSG00000130935	0.00023207818949614776
ENSG00000104412	0.0002319476405166283
ENSG00000102119	0.00023176155147590556
ENSG00000023516	0.00023174698037191103
ENSG00000102125	0.000231498928617949
ENSG00000136485	0.0002314031435275891
ENSG00000028137	0.00023138471963482255
ENSG00000180818	0.0002312337487515607
ENSG00000132964	0.00023115061050800893
ENSG00000198034	0.00023113983637471918
ENSG00000179222	0.00023044227241319278
ENSG00000111602	0.00023019331111625796
ENSG00000086758	0.00023017623033916816
ENSG00000125266	0.0002300364550211147
ENSG00000166925	0.0002295838531102322
ENSG00000153207	0.0002295270533026925
ENSG00000117650	0.00022940575502764025
ENSG00000123384	0.00022911299888005133
ENSG00000129946	0.000229027328489959
ENSG00000172046	0.0002289305586048898
ENSG00000117395	0.00022874713418050407
ENSG00000163159	0.00022864816913675242
ENSG00000050628	0.00022824522353135024
ENSG00000155561	0.0002279450119827581
ENSG00000138778	0.00022754210865816708
ENSG00000127824	0.00022750997641357652
ENSG00000103653	0.00022738086188201246
ENSG00000091039	0.0002268232619897704
ENSG00000198890	0.0002267376037574945
ENSG00000196150	0.00022673540991606693
ENSG00000186090	0.00022668783470966756
ENSG00000085415	0.0002266818775943673
ENSG00000139343	0.00022640117599162065
ENSG00000136878	0.0002261873183564584
ENSG00000127914	0.0002261252881400035
ENSG00000170608	0.00022610442748459376
ENSG00000132170	0.00022559852400741431
ENSG00000167670	0.00022544560104757676
ENSG00000163347	0.00022540743218913176
ENSG00000123106	0.00022501802270547528
ENSG00000089157	0.00022493748064303167
ENSG00000089693	0.00022486604212796214
ENSG00000136982	0.00022454186607943091
ENSG00000174106	0.00022444292597169354
ENSG00000067225	0.00022440840858596681
ENSG00000164164	0.00022437609260504983
ENSG00000070423	0.00022425934511137246
ENSG00000274442	0.00022373235183346506
ENSG00000128731	0.00022370529227465528
ENSG00000120696	0.00022342180545602633
ENSG00000171634	0.00022338778333242914
ENSG00000085840	0.00022308952300435162
ENSG00000115641	0.0002230188150575659
ENSG00000028203	0.00022292414677516008
ENSG00000129084	0.00022289555730940487
ENSG00000273993	0.00022276821882782533
ENSG00000127445	0.00022251901376136844
ENSG00000129315	0.00022228527916938581
ENSG00000075413	0.00022218060986237375
ENSG00000175334	0.0002221747127540533
ENSG00000163625	0.00022187965723971653
ENSG00000175029	0.00022176186599595613
ENSG00000152455	0.00022172428933878226
ENSG00000275349	0.00022161289278141923
ENSG00000072501	0.0002216043731819061
ENSG00000174197	0.00022149778261898608
ENSG00000150907	0.00022144772336927545
ENSG00000181555	0.00022141074268663464
ENSG00000186832	0.00022141004237344387
ENSG00000196498	0.00022132655803955103
ENSG00000037280	0.00022127539945316737
ENSG00000107175	0.0002210040670452087
ENSG00000162946	0.00022077363336319109
ENSG00000275903	0.00022067828707340008
ENSG00000128881	0.00022042854669714396
ENSG00000198961	0.00021991257455514606
ENSG00000198176	0.00021978132066491078
ENSG00000007372	0.0002197125949557489
ENSG00000215021	0.00021968183060340967
ENSG00000170004	0.00021961586029208864
ENSG00000134910	0.00021934836407042882
ENSG00000075711	0.00021864510198825267
ENSG00000198586	0.00021835666624663266
ENSG00000159363	0.00021822165347352607
ENSG00000123154	0.00021792474194192363
ENSG00000137275	0.00021791069464104323
ENSG00000198258	0.00021781978362524858
ENSG00000173171	0.00021760811519277708
ENSG00000185697	0.00021755175570688397
ENSG00000127838	0.000217536220964145
ENSG00000114391	0.00021742223821490157
ENSG00000144554	0.00021730614261271887
ENSG00000172869	0.0002172922389894356
ENSG00000164885	0.00021711715829709084
ENSG00000122484	0.00021695157267318085
ENSG00000197958	0.0002164557685028915
ENSG00000198851	0.0002164170060203227
ENSG00000131508	0.00021622339282746582
ENSG00000127564	0.000216096901960302
ENSG00000236177	0.00021586118384653953
ENSG00000135655	0.00021581889461895742
ENSG00000181392	0.00021576463491160646
ENSG00000124164	0.00021560351967120603
ENSG00000102977	0.0002155211751087028
ENSG00000100726	0.00021486068454906943
ENSG00000197870	0.00021479347650830586
ENSG00000166535	0.00021474764222552045
ENSG00000144426	0.0002145021068096278
ENSG00000163029	0.00021445119110820738
ENSG00000110244	0.00021432273319054373
ENSG00000121481	0.0002139687675310774
ENSG00000241186	0.00021392272611279626
ENSG00000184524	0.0002138184444837821
ENSG00000101843	0.00021354707550096252
ENSG00000037474	0.00021340470492957995
ENSG00000178896	0.0002130761961133732
ENSG00000165138	0.00021290813447208154
ENSG00000169217	0.00021289845944284688
ENSG00000105372	0.00021283149355444424
ENSG00000285379	0.00021268372584279561
ENSG00000163586	0.0002126740809821959
ENSG00000145335	0.0002126636471542088
ENSG00000148773	0.00021249426857644158
ENSG00000161204	0.00021244289383337464
ENSG00000184343	0.00021229546230593934
ENSG00000078747	0.00021224357916826766
ENSG00000066336	0.00021209168848522957
ENSG00000136937	0.0002120729025164001
ENSG00000101213	0.00021205238080412343
ENSG00000047457	0.00021179473710635673
ENSG00000130332	0.00021138088908245458
ENSG00000164548	0.00021127678461091583
ENSG00000004478	0.00021120568769148086
ENSG00000035403	0.0002111741916384362
ENSG00000058272	0.00021110695469554855
ENSG00000135624	0.00021091129343495628
ENSG00000105854	0.0002106063239509952
ENSG00000147162	0.00021052391816828202
ENSG00000186716	0.00021038724554523603
ENSG00000180900	0.0002097507620992873
ENSG00000173599	0.00020971662030182408
ENSG00000066279	0.0002096544256654846
ENSG00000161202	0.0002096364189964816
ENSG00000136522	0.00020946298927372416
ENSG00000204217	0.00020937024681255285
ENSG00000143379	0.00020903987960712813
ENSG00000132549	0.0002089240069788251
ENSG00000104897	0.00020891711730349242
ENSG00000184436	0.00020879298999934353
ENSG00000130177	0.00020876273098864513
ENSG00000145592	0.0002086940576098715
ENSG00000234495	0.00020866534044255264
ENSG00000136930	0.0002085331171061075
ENSG00000139218	0.00020835552520681355
ENSG00000100354	0.00020800340308109295
ENSG00000187837	0.0002078847211798922
ENSG00000076984	0.00020771737289150446
ENSG00000281324	0.00020754228169443128
ENSG00000162735	0.00020748706705445762
ENSG00000128016	0.00020748194610880358
ENSG00000185811	0.00020745385268244776
ENSG00000162924	0.00020739961436842802
ENSG00000174748	0.0002071863959428166
ENSG00000138081	0.00020715075771335587
ENSG00000263528	0.0002069257234688928
ENSG00000180263	0.0002067685878116579
ENSG00000127334	0.0002065430230450785
ENSG00000080839	0.00020637721985106448
ENSG00000008018	0.00020633869223044216
ENSG00000185627	0.0002061619993797075
ENSG00000145241	0.00020598341300364116
ENSG00000113013	0.00020587660042364577
ENSG00000047579	0.0002057854746223822
ENSG00000117724	0.00020537938322577883
ENSG00000100902	0.0002052509314936097
ENSG00000010438	0.00020515774918834458
ENSG00000164362	0.00020498297457463774
ENSG00000114353	0.000204582503722086
ENSG00000166598	0.00020454184231036583
ENSG00000092820	0.0002045057632487534
ENSG00000263236	0.0002044775564890198
ENSG00000183091	0.00020430655281404502
ENSG00000165506	0.0002042875218946527
ENSG00000163848	0.00020419879198554951
ENSG00000187608	0.00020384297123914123
ENSG00000141552	0.0002036625660993128
ENSG00000149575	0.0002033122609355103
ENSG00000146414	0.00020322858886115768
ENSG00000117758	0.00020317242593922473
ENSG00000163235	0.00020314505706006607
ENSG00000176165	0.0002031271881671023
ENSG00000101336	0.0002029389540912787
ENSG00000213741	0.00020270500417632443
ENSG00000103257	0.00020267114852859578
ENSG00000041982	0.000202608499519001
ENSG00000137497	0.0002025632631718035
ENSG00000105176	0.00020247524987717971
ENSG00000122406	0.00020230222912685024
ENSG00000116141	0.00020229260215686557
ENSG00000182220	0.0002020737654620447
ENSG00000008128	0.00020202298217820625
ENSG00000167513	0.0002019485294368888
ENSG00000174953	0.00020178458882731703
ENSG00000101003	0.00020172408316719413
ENSG00000113407	0.00020135212744360896
ENSG00000197102	0.0002010707099954849
ENSG00000185798	0.0002010631811074681
ENSG00000135100	0.0002009127608479122
ENSG00000135829	0.00020090114571752276
ENSG00000119917	0.0002006803304138548
ENSG00000198625	0.00020054664225768103
ENSG00000197386	0.00020035929328438104
ENSG00000175866	0.00020016127197576152
ENSG00000158874	0.00020003603625186038
ENSG00000176208	0.00020003577794429106
ENSG00000106263	0.0002000191668810695
ENSG00000123473	0.00020000943462629924
ENSG00000175756	0.00019993786374083961
ENSG00000196923	0.00019977608355695008
ENSG00000116473	0.00019971464654448354
ENSG00000079387	0.00019968936177483746
ENSG00000184156	0.00019932418228090328
ENSG00000106993	0.00019930424175999289
ENSG00000185950	0.0001991273027031003
ENSG00000108774	0.000199124252190479
ENSG00000116918	0.0001990759794393598
ENSG00000109321	0.00019901422761151277
ENSG00000285387	0.000198629501518614
ENSG00000087338	0.00019845180116670894
ENSG00000196961	0.0001983790275485818
ENSG00000033327	0.00019837207266870094
ENSG00000126456	0.00019833722488026326
ENSG00000166794	0.00019818428641810225
ENSG00000115008	0.0001980165423346223
ENSG00000108559	0.00019795375898124207
ENSG00000197771	0.00019792648320260826
ENSG00000111321	0.00019769590161977576
ENSG00000156508	0.0001976734681468542
ENSG00000143106	0.00019756757377727258
ENSG00000129003	0.00019753877741258012
ENSG00000073050	0.00019744018553058697
ENSG00000146918	0.00019743289061404846
ENSG00000049768	0.00019734280142736822
ENSG00000127054	0.0001973169615291789
ENSG00000156876	0.0001972636523543863
ENSG00000105193	0.00019707928875307423
ENSG00000095564	0.00019702280778065908
ENSG00000111231	0.00019691363419218694
ENSG00000111596	0.0001964915243035667
ENSG00000143476	0.0001961859512439439
ENSG00000197114	0.00019608118914107807
ENSG00000198056	0.00019602712125089643
ENSG00000125651	0.00019601955092197177
ENSG00000120738	0.00019588767942781463
ENSG00000070756	0.00019582665049143157
ENSG00000187054	0.00019575908107293634
ENSG00000240508	0.00019567064989515505
ENSG00000099817	0.0001956320742957932
ENSG00000152402	0.00019560184748787344
ENSG00000129152	0.00019557837887974476
ENSG00000149480	0.00019547200230989498
ENSG00000071564	0.00019525662707336946
ENSG00000127955	0.0001952523758315074
ENSG00000131323	0.00019525217313675814
ENSG00000154237	0.00019522003671098288
ENSG00000005075	0.00019521946912822217
ENSG00000127328	0.00019515636746426002
ENSG00000129932	0.00019501755306731286
ENSG00000168961	0.0001949724469450256
ENSG00000137947	0.0001947950940754537
ENSG00000112996	0.00019471401262488488
ENSG00000196233	0.00019465395001904822
ENSG00000074219	0.0001944801857432249
ENSG00000116459	0.00019445154849224007
ENSG00000024526	0.00019434199606640986
ENSG00000138246	0.0001943308383698885
ENSG00000108773	0.00019404184307248248
ENSG00000160791	0.0001938676681391722
ENSG00000160949	0.00019381852352659464
ENSG00000281221	0.0001938111883609873
ENSG00000105649	0.00019380292287337746
ENSG00000157106	0.00019345444499551884
ENSG00000004864	0.00019341972302800315
ENSG00000181789	0.0001933648446265662
ENSG00000274081	0.0001930692212277743
ENSG00000122008	0.00019282014421385742
ENSG00000160633	0.00019274914864211208
ENSG00000118007	0.00019261032525658156
ENSG00000064933	0.00019251388774057173
ENSG00000102978	0.0001920478278479464
ENSG00000186468	0.0001917552102120837
ENSG00000100209	0.0001917356288029166
ENSG00000105397	0.00019165562703155428
ENSG00000092470	0.0001915620725264606
ENSG00000138448	0.00019144101532237462
ENSG00000198265	0.0001912868233749948
ENSG00000006712	0.00019108562757261057
ENSG00000151929	0.0001909398765440434
ENSG00000156261	0.00019086580859786778
ENSG00000006659	0.00019054249440284557
ENSG00000160917	0.00019042348620848634
ENSG00000147604	0.00018990949556280812
ENSG00000049449	0.00018972681556875612
ENSG00000132688	0.00018946588146071737
ENSG00000174405	0.0001893852307701184
ENSG00000005007	0.00018937200073194666
ENSG00000124614	0.00018922992046461963
ENSG00000178950	0.0001891732217354946
ENSG00000120875	0.00018887445786728714
ENSG00000138795	0.00018881087097375398
ENSG00000072401	0.00018874960359632393
ENSG00000139579	0.0001887096849479106
ENSG00000149781	0.00018867991359810833
ENSG00000173894	0.00018828653425852974
ENSG00000141456	0.00018825578993279302
ENSG00000116127	0.00018805499174546147
ENSG00000132676	0.00018788258133130848
ENSG00000122786	0.000187541434308356
ENSG00000196459	0.00018746635339808582
ENSG00000169508	0.00018742128241015774
ENSG00000066117	0.00018728393039941563
ENSG00000081307	0.00018694202280138898
ENSG00000140285	0.0001869224061587335
ENSG00000051825	0.00018691823968020586
ENSG00000176619	0.00018691294178386518
ENSG00000084093	0.00018684299364305927
ENSG00000183337	0.00018658653187478313
ENSG00000116221	0.00018649313458860773
ENSG00000096063	0.00018630110679272336
ENSG00000071655	0.0001860340497978487
ENSG00000122512	0.00018601965378572968
ENSG00000121741	0.0001859428985236037
ENSG00000168259	0.00018587321884723412
ENSG00000144713	0.0001858505967979505
ENSG00000163682	0.00018580239186620614
ENSG00000157601	0.0001857780504209592
ENSG00000159216	0.00018573137043579807
ENSG00000130669	0.00018558389989916193
ENSG00000160957	0.00018555753957975995
ENSG00000130311	0.0001854192175301086
ENSG00000163558	0.00018517559197548248
ENSG00000033800	0.0001850473003340357
ENSG00000110330	0.00018500827178904997
ENSG00000100749	0.00018492736573283837
ENSG00000121903	0.0001848619337013831
ENSG00000065413	0.00018473633091777096
ENSG00000285435	0.00018454835980298
ENSG00000165462	0.00018452179033198314
ENSG00000137267	0.0001845179434290631
ENSG00000277263	0.0001844861737466831
ENSG00000138326	0.00018443727800748945
ENSG00000154814	0.00018439424574287207
ENSG00000099341	0.00018430883852434948
ENSG00000070950	0.00018405748244540665
ENSG00000117523	0.00018392509952229908
ENSG00000118515	0.00018390625586599371
ENSG00000125952	0.00018389930969294106
ENSG00000010671	0.00018388051254886723
ENSG00000165672	0.00018380004333257437
ENSG00000183808	0.00018374186980638692
ENSG00000105197	0.00018359572808054585
ENSG00000129514	0.00018356357474460806
ENSG00000082397	0.00018350039348699997
ENSG00000167978	0.00018323932831923188
ENSG00000124151	0.00018308511642905592
ENSG00000011600	0.00018301617355495796
ENSG00000188313	0.00018299356819627727
ENSG00000181541	0.00018296476797383741
ENSG00000102225	0.00018272330371628772
ENSG00000198015	0.00018256465219792324
ENSG00000106278	0.0001824854545396022
ENSG00000115977	0.00018222992832145406
ENSG00000184270	0.00018218965417050756
ENSG00000138794	0.00018200279865738427
ENSG00000157181	0.00018198316415134248
ENSG00000163564	0.00018185061119635284
ENSG00000154719	0.00018173785908862276
ENSG00000115355	0.00018166679869884285
ENSG00000172936	0.00018159709925358062
ENSG00000072110	0.00018151859486362673
ENSG00000186010	0.00018142698645776006
ENSG00000179761	0.00018129963092411615
ENSG00000137203	0.00018120758353761543
ENSG00000138688	0.0001811003444320706
ENSG00000055208	0.0001810739251448235
ENSG00000170759	0.00018106633538452605
ENSG00000006125	0.0001810291168725891
ENSG00000142207	0.00018093829151211583
ENSG00000188976	0.00018091759714790204
ENSG00000131876	0.00018090417664890486
ENSG00000198836	0.00018074259606353906
ENSG00000102871	0.00018063082369713623
ENSG00000101407	0.00018062649378521275
ENSG00000099250	0.0001805659893934393
ENSG00000100142	0.00018050419339604525
ENSG00000179772	0.0001805009368240864
ENSG00000241685	0.00018045852724274018
ENSG00000107404	0.00018040387102519925
ENSG00000011478	0.00018036855638141152
ENSG00000100083	0.00018035168641422037
ENSG00000129317	0.00018028854437192153
ENSG00000111247	0.0001802757166165208
ENSG00000103363	0.00018025563401631163
ENSG00000104442	0.00018022550038986879
ENSG00000158042	0.00018020567572343948
ENSG00000113140	0.0001801442135809462
ENSG00000177200	0.00018008574793701426
ENSG00000133275	0.0001799407245453192
ENSG00000065970	0.000179747804425303
ENSG00000116044	0.00017969806507962073
ENSG00000184515	0.00017959540638404345
ENSG00000092201	0.0001795190293958485
ENSG00000138095	0.00017935653689979148
ENSG00000172757	0.0001792522731689727
ENSG00000172216	0.00017907175587867985
ENSG00000006611	0.0001790055040131044
ENSG00000116717	0.00017879853765716527
ENSG00000156011	0.00017868739165120503
ENSG00000177954	0.00017846595444306795
ENSG00000171858	0.00017837408144152553
ENSG00000137193	0.00017835447303409232
ENSG00000137285	0.00017829266659780458
ENSG00000138071	0.0001782815067406641
ENSG00000103657	0.00017821989754455427
ENSG00000077463	0.0001781754680331823
ENSG00000273899	0.00017808297727440084
ENSG00000163220	0.00017808269246140707
ENSG00000164916	0.00017773309040331273
ENSG00000135018	0.00017769317966443479
ENSG00000182580	0.0001776746445317581
ENSG00000175073	0.00017746910553350723
ENSG00000066427	0.00017736305992127583
ENSG00000082458	0.00017729390152746447
ENSG00000122026	0.00017725436255512574
ENSG00000094880	0.00017690390318109877
ENSG00000088305	0.00017686357010402316
ENSG00000277401	0.00017685592414312852
ENSG00000186766	0.00017678445888462405
ENSG00000066777	0.00017669633503028894
ENSG00000130829	0.0001765743819739928
ENSG00000198121	0.00017615044805046918
ENSG00000175203	0.00017583933211686613
ENSG00000114956	0.0001757801179084925
ENSG00000143546	0.00017571593180331973
ENSG00000281877	0.0001756968682637418
ENSG00000110851	0.00017563561378209394
ENSG00000158717	0.00017550840625871103
ENSG00000143669	0.00017546202137032644
ENSG00000086061	0.0001749937247887023
ENSG00000051341	0.00017493286557029107
ENSG00000166233	0.00017489777674614066
ENSG00000005175	0.00017485765885591855
ENSG00000184661	0.00017483599166347156
ENSG00000169313	0.00017481727886187903
ENSG00000184752	0.00017481169124887374
ENSG00000139613	0.00017468455664790391
ENSG00000143970	0.00017457467859698577
ENSG00000034152	0.00017453382092502367
ENSG00000196712	0.00017449512993079953
ENSG00000108946	0.00017436621366631773
ENSG00000034713	0.00017425336145740838
ENSG00000130985	0.0001742528227102515
ENSG00000101057	0.0001741083315656092
ENSG00000274352	0.0001740699416707679
ENSG00000136231	0.0001740379777914609
ENSG00000148082	0.00017385558610363695
ENSG00000026103	0.00017381305517272347
ENSG00000099256	0.00017378046474980847
ENSG00000072201	0.00017374580658274205
ENSG00000108055	0.0001737394240099278
ENSG00000116747	0.00017361658952510633
ENSG00000012504	0.00017360941484862406
ENSG00000124171	0.00017347086899627108
ENSG00000147140	0.0001734211280587782
ENSG00000123349	0.00017341199674862442
ENSG00000182578	0.00017330340351443796
ENSG00000011422	0.00017321152739134231
ENSG00000120594	0.0001731212715070366
ENSG00000183048	0.0001730384893366625
ENSG00000156711	0.00017300352131583173
ENSG00000163636	0.0001728046433856616
ENSG00000029534	0.00017270482590432792
ENSG00000173692	0.00017269739955630263
ENSG00000146872	0.0001726021972058994
ENSG00000185615	0.0001723969810763616
ENSG00000037241	0.00017235297462562174
ENSG00000126583	0.00017227640042453388
ENSG00000132383	0.00017217588445692819
ENSG00000151388	0.00017189398580774704
ENSG00000278463	0.00017182435167061282
ENSG00000198821	0.0001717627536772951
ENSG00000147010	0.0001717409040616918
ENSG00000165556	0.00017162089548239458
ENSG00000143322	0.00017150699502786084
ENSG00000123908	0.0001713286378240334
ENSG00000092208	0.0001711182172321742
ENSG00000123636	0.00017091780500194128
ENSG00000174444	0.0001708542167709112
ENSG00000281320	0.00017084736779440053
ENSG00000134698	0.00017061407604855122
ENSG00000105393	0.0001703133231535314
ENSG00000143437	0.0001702231883580768
ENSG00000138767	0.00017008665643300389
ENSG00000122482	0.00016999508835573008
ENSG00000185049	0.00016980055728341273
ENSG00000166439	0.00016973749945512411
ENSG00000183779	0.00016970647241991253
ENSG00000172534	0.00016969031404494186
ENSG00000184260	0.00016958488601355386
ENSG00000163539	0.00016953629489397718
ENSG00000143632	0.00016947832079271016
ENSG00000203737	0.00016946229136493326
ENSG00000152234	0.00016936216320963816
ENSG00000101745	0.00016930978558066945
ENSG00000109680	0.00016912896868553117
ENSG00000112739	0.0001690719256800351
ENSG00000101624	0.00016899441805101134
ENSG00000275199	0.00016895506347775057
ENSG00000138180	0.00016883501674571516
ENSG00000221978	0.00016881961041586134
ENSG00000126581	0.0001686027293002969
ENSG00000153094	0.0001685738265601679
ENSG00000213585	0.00016824658251203876
ENSG00000043462	0.0001679770400760603
ENSG00000213397	0.00016784598781984645
ENSG00000204060	0.00016774597284782784
ENSG00000198707	0.00016759761983905927
ENSG00000198242	0.00016748789483590247
ENSG00000100888	0.00016745847881261732
ENSG00000188647	0.00016741826438801166
ENSG00000275434	0.00016706906488352569
ENSG00000186732	0.00016689954066148187
ENSG00000127481	0.00016679669736858644
ENSG00000090316	0.00016678708259454194
ENSG00000108840	0.0001663830302785792
ENSG00000114738	0.00016633992864005574
ENSG00000070193	0.00016615791393110116
ENSG00000198033	0.00016611170282893983
ENSG00000156709	0.00016591890882801583
ENSG00000114867	0.00016590195175312275
ENSG00000196510	0.0001658590563076756
ENSG00000172795	0.0001658042323485189
ENSG00000168439	0.0001657741573669058
ENSG00000185559	0.00016577366999016705
ENSG00000178691	0.00016576649529342723
ENSG00000115524	0.0001656805316809454
ENSG00000149636	0.00016539658756181325
ENSG00000148737	0.0001651581096065368
ENSG00000198900	0.00016515230461832046
ENSG00000068305	0.000164894399550187
ENSG00000120693	0.0001648699272910415
ENSG00000089195	0.0001648686113038498
ENSG00000103490	0.00016453411817199894
ENSG00000148516	0.0001645198501495085
ENSG00000072364	0.0001644800778842471
ENSG00000109846	0.0001644790340141382
ENSG00000067900	0.00016438409363588296
ENSG00000213658	0.00016430426653978332
ENSG00000102178	0.00016430087190359022
ENSG00000174485	0.00016428855291152278
ENSG00000148334	0.00016404958738514545
ENSG00000185624	0.00016379258952408692
ENSG00000077522	0.00016378229152207318
ENSG00000010017	0.00016376003674619722
ENSG00000090615	0.0001636481837195615
ENSG00000174371	0.00016358747131523242
ENSG00000133216	0.0001635405202050461
ENSG00000102879	0.0001635290156093693
ENSG00000100311	0.00016343007940179322
ENSG00000125691	0.00016338367963774814
ENSG00000102103	0.0001633082235464237
ENSG00000170967	0.00016315226770441542
ENSG00000175634	0.00016305249306587877
ENSG00000136492	0.0001629627130911279
ENSG00000170296	0.0001628539740798206
ENSG00000168769	0.00016267488656216585
ENSG00000115306	0.00016250212288868718
ENSG00000149658	0.00016225730763957103
ENSG00000142798	0.00016222784428484793
ENSG00000245848	0.00016219279909587332
ENSG00000130222	0.00016218769395174356
ENSG00000052723	0.0001620018655826619
ENSG00000184357	0.00016196577176855388
ENSG00000108679	0.00016192225968475807
ENSG00000100614	0.00016169802033641747
ENSG00000163629	0.00016162577574987312
ENSG00000185920	0.0001615877983938395
ENSG00000213024	0.00016157489748473523
ENSG00000173805	0.00016155590091451285
ENSG00000185513	0.0001614154952749146
ENSG00000142507	0.00016134384744610807
ENSG00000164032	0.00016115237636305787
ENSG00000204967	0.00016107064998568707
ENSG00000030110	0.00016104252751012336
ENSG00000165392	0.00016098585348200078
ENSG00000125998	0.0001607197617668146
ENSG00000112578	0.00016070881649866015
ENSG00000119922	0.00016068200454120586
ENSG00000064651	0.00016065856291767278
ENSG00000069248	0.00016062222178795377
ENSG00000061273	0.00016055786485329713
ENSG00000168040	0.00016039754947720996
ENSG00000087077	0.00016030817158431824
ENSG00000066044	0.00016021708104065472
ENSG00000182004	0.00016020025426224092
ENSG00000119812	0.00015999506258987945
ENSG00000188130	0.0001599294130898734
ENSG00000000938	0.00015970105216132706
ENSG00000196470	0.00015967267927477632
ENSG00000101182	0.00015964901560325373
ENSG00000111716	0.0001596348314391469
ENSG00000168542	0.00015962575405076876
ENSG00000159256	0.00015954231449594633
ENSG00000183765	0.00015954228048776554
ENSG00000180879	0.0001594143045779686
ENSG00000165732	0.00015936663593155858
ENSG00000166197	0.00015922028700810918
ENSG00000062822	0.0001592142415313846
ENSG00000157540	0.00015889511387126714
ENSG00000105963	0.00015875344318758912
ENSG00000183032	0.00015870870619825208
ENSG00000100568	0.0001586572937973863
ENSG00000126767	0.00015862573997055176
ENSG00000094804	0.00015855259869690258
ENSG00000151247	0.00015847188311934207
ENSG00000141551	0.00015838910374493866
ENSG00000197785	0.00015833504772002648
ENSG00000105229	0.00015827442244276571
ENSG00000075388	0.00015810732512307725
ENSG00000261456	0.00015810535929092754
ENSG00000107831	0.00015805047377141367
ENSG00000011465	0.00015804673868983867
ENSG00000130159	0.0001580049754455737
ENSG00000128833	0.00015796800501083553
ENSG00000147133	0.00015784796924001078
ENSG00000119718	0.00015782093588108517
ENSG00000102144	0.00015781888965901285
ENSG00000112200	0.00015779874382250108
ENSG00000196367	0.0001577905129552536
ENSG00000277956	0.00015771222445470342
ENSG00000127603	0.00015762532174037048
ENSG00000108984	0.00015761157169294084
ENSG00000204104	0.0001575856394675398
ENSG00000066933	0.0001575794231231701
ENSG00000070785	0.0001575284130622508
ENSG00000170365	0.00015743635176260947
ENSG00000013810	0.00015732761276787368
ENSG00000111057	0.00015726893006356345
ENSG00000115241	0.0001572625567592383
ENSG00000132953	0.00015726208260528484
ENSG00000102780	0.00015718877390888064
ENSG00000152192	0.00015717599625974797
ENSG00000073350	0.0001571563395215105
ENSG00000198681	0.00015711408745651545
ENSG00000204262	0.00015701504399131709
ENSG00000109670	0.00015694740789171273
ENSG00000277079	0.00015687721990059067
ENSG00000123562	0.00015678474378288883
ENSG00000168872	0.0001567732705365752
ENSG00000170315	0.00015673715092974586
ENSG00000064300	0.0001566658404760054
ENSG00000228913	0.00015660119948466758
ENSG00000104332	0.00015651209103580382
ENSG00000075292	0.00015643356531641029
ENSG00000156299	0.00015624171270766803
ENSG00000197451	0.00015616092605192622
ENSG00000137076	0.0001561412705345565
ENSG00000049759	0.00015610617518554544
ENSG00000185658	0.00015605353400803312
ENSG00000111877	0.0001560515404060538
ENSG00000166816	0.00015602171035683306
ENSG00000073584	0.00015593206233954567
ENSG00000142676	0.000155926874692568
ENSG00000124541	0.0001559202250491714
ENSG00000179218	0.00015578792772713627
ENSG00000121957	0.00015572388567245578
ENSG00000011304	0.00015564536103800068
ENSG00000074266	0.00015563083826993415
ENSG00000171346	0.00015531002231419024
ENSG00000122705	0.00015525756065048172
ENSG00000123416	0.00015512686984781043
ENSG00000073792	0.00015496637800582904
ENSG00000175197	0.00015491301200359485
ENSG00000118298	0.00015485780097112173
ENSG00000131746	0.00015480972646113019
ENSG00000172167	0.00015475319030228263
ENSG00000156873	0.0001546704944087571
ENSG00000136869	0.00015460569132887193
ENSG00000128272	0.00015458245516091433
ENSG00000146963	0.00015453618677668295
ENSG00000113303	0.0001544463370067949
ENSG00000186895	0.00015438288283123214
ENSG00000122025	0.0001543215372624014
ENSG00000273079	0.00015429896017300345
ENSG00000157111	0.000154246396953666
ENSG00000146729	0.00015415164222683906
ENSG00000070495	0.00015402660624502118
ENSG00000165409	0.0001539737329250785
ENSG00000112118	0.00015395029582586627
ENSG00000127586	0.00015392037501496495
ENSG00000092439	0.00015391307894992233
ENSG00000151725	0.00015390510833497331
ENSG00000089289	0.00015389293709704903
ENSG00000074319	0.00015380755239792078
ENSG00000061676	0.00015377568590209617
ENSG00000133119	0.0001537122970975007
ENSG00000108826	0.0001536420152760217
ENSG00000121060	0.0001536172810297881
ENSG00000189182	0.00015339692071272815
ENSG00000163814	0.00015338874774381792
ENSG00000173545	0.00015337398031848635
ENSG00000010610	0.0001533633368151503
ENSG00000168397	0.00015328714118411802
ENSG00000107443	0.00015325619413127594
ENSG00000174013	0.00015321691831228493
ENSG00000149806	0.00015291474188421965
ENSG00000132256	0.0001528310358795948
ENSG00000171316	0.00015272042069115172
ENSG00000177565	0.00015271840647357193
ENSG00000227345	0.00015265623071628192
ENSG00000278565	0.00015263868921704728
ENSG00000187735	0.00015255590308989068
ENSG00000101076	0.00015251558623259623
ENSG00000284254	0.0001523894806834321
ENSG00000164692	0.00015233739296190244
ENSG00000173517	0.00015230624315415483
ENSG00000041802	0.000152302283051774
ENSG00000108465	0.00015212214919095552
ENSG00000274290	0.0001519412400959446
ENSG00000187140	0.00015190449092022606
ENSG00000124568	0.00015190232246551228
ENSG00000170421	0.00015189088526094423
ENSG00000110711	0.00015185533550293696
ENSG00000134215	0.0001517391623087484
ENSG00000143368	0.00015168668890080597
ENSG00000141582	0.00015152405131660512
ENSG00000184445	0.0001515175408459605
ENSG00000079277	0.000151510959626788
ENSG00000151475	0.00015130836591506714
ENSG00000113889	0.0001512629153349541
ENSG00000166337	0.00015120915819615623
ENSG00000177463	0.00015113897391422877
ENSG00000164933	0.00015105014585503488
ENSG00000102098	0.00015101465590141943
ENSG00000168653	0.0001509939203431364
ENSG00000061987	0.0001509505088352121
ENSG00000110713	0.00015078115130497477
ENSG00000146247	0.00015069419274307786
ENSG00000124575	0.00015046236416861472
ENSG00000141293	0.00015041724319575004
ENSG00000163938	0.0001504089254650503
ENSG00000112232	0.00015030163377778905
ENSG00000102189	0.00015020518908043397
ENSG00000175455	0.00015012561408470944
ENSG00000253293	0.000150106158598765
ENSG00000178084	0.00015009478811106627
ENSG00000113569	0.00015006310299170493
ENSG00000186075	0.0001500528609966134
ENSG00000066027	0.00014995839451011178
ENSG00000151466	0.0001498766647548397
ENSG00000135506	0.00014969691499844124
ENSG00000165799	0.00014949293136612
ENSG00000031691	0.00014948897185269384
ENSG00000134762	0.00014931760739686584
ENSG00000105669	0.00014924896194072048
ENSG00000055950	0.00014922515103246652
ENSG00000055483	0.00014908540934341225
ENSG00000196482	0.00014904226464371889
ENSG00000125538	0.0001490287510206368
ENSG00000135040	0.0001490251161895446
ENSG00000156735	0.00014899993490722168
ENSG00000165271	0.00014899290490260332
ENSG00000187741	0.0001489374181122162
ENSG00000184863	0.0001488679742401646
ENSG00000101460	0.00014881153441997282
ENSG00000024048	0.0001487325245754898
ENSG00000115286	0.0001486324458469442
ENSG00000110107	0.00014859255062732408
ENSG00000141294	0.00014855485442027698
ENSG00000163357	0.00014855409898378486
ENSG00000183741	0.00014849470987471987
ENSG00000242515	0.00014846018703166527
ENSG00000130429	0.00014844471487639304
ENSG00000049541	0.00014840673279136536
ENSG00000206172	0.00014824057254028602
ENSG00000174579	0.00014812999350785163
ENSG00000150455	0.00014806979083314094
ENSG00000175130	0.0001480463051663636
ENSG00000080031	0.0001479488539890213
ENSG00000118017	0.0001479132604696182
ENSG00000130414	0.00014781367406016598
ENSG00000038219	0.0001477975183841294
ENSG00000143319	0.00014779672639958513
ENSG00000146555	0.00014778242830650973
ENSG00000010292	0.00014776757726716675
ENSG00000179091	0.00014767513610783472
ENSG00000131778	0.00014759147518487504
ENSG00000163156	0.00014755917510757377
ENSG00000115694	0.00014723436593171258
ENSG00000137547	0.00014713661369641757
ENSG00000153914	0.00014703348700851723
ENSG00000139726	0.00014698647073522214
ENSG00000114503	0.0001469394193329271
ENSG00000130294	0.0001469286194846519
ENSG00000139219	0.00014692840915253447
ENSG00000104856	0.00014675287008659787
ENSG00000065243	0.00014659114128153834
ENSG00000163882	0.00014654471265583045
ENSG00000203852	0.00014635291196987612
ENSG00000147677	0.00014627882605479202
ENSG00000100316	0.00014627227097750335
ENSG00000175470	0.00014607357653465106
ENSG00000111725	0.00014599170969350927
ENSG00000158850	0.00014579093598720324
ENSG00000140465	0.00014568496693268836
ENSG00000114098	0.0001456780801575393
ENSG00000170581	0.00014566581752859472
ENSG00000119912	0.00014556878901919953
ENSG00000167244	0.00014555897234879285
ENSG00000244754	0.00014546324206387144
ENSG00000170515	0.00014542771531599277
ENSG00000162601	0.00014541025485116253
ENSG00000136573	0.00014535284571395892
ENSG00000160208	0.0001452777151178446
ENSG00000143153	0.00014525789859360925
ENSG00000155229	0.00014524665033920696
ENSG00000131503	0.00014524590425817047
ENSG00000180008	0.00014522626616420288
ENSG00000217128	0.0001451863573486514
ENSG00000141564	0.00014512697208699058
ENSG00000221823	0.00014499425984676188
ENSG00000042753	0.00014496978979697424
ENSG00000156502	0.00014477690301835082
ENSG00000067208	0.0001447091076463023
ENSG00000106436	0.00014468332765351472
ENSG00000087365	0.00014460761646254954
ENSG00000160973	0.00014456535863461323
ENSG00000053918	0.00014455867897532698
ENSG00000124006	0.00014453704797565757
ENSG00000134321	0.00014447845618646569
ENSG00000164219	0.00014445414911231746
ENSG00000101680	0.00014438505271445896
ENSG00000082146	0.00014431720704075643
ENSG00000179455	0.00014420892344661613
ENSG00000164171	0.00014412677034940984
ENSG00000070501	0.00014412287968143783
ENSG00000102786	0.00014409107270637185
ENSG00000104872	0.00014400382510530057
ENSG00000158517	0.00014395980524161897
ENSG00000079616	0.00014394869968859154
ENSG00000132906	0.00014388504885131986
ENSG00000128591	0.00014384110556643582
ENSG00000137575	0.00014381198967929003
ENSG00000177189	0.0001437842743649688
ENSG00000148660	0.00014377529844400251
ENSG00000133858	0.00014371901648936366
ENSG00000160211	0.0001436597570870455
ENSG00000288210	0.00014365714258825655
ENSG00000230336	0.00014362734260070875
ENSG00000183837	0.00014351456957350286
ENSG00000131375	0.00014343002123169883
ENSG00000007047	0.00014342049978626002
ENSG00000121892	0.00014332701541947825
ENSG00000078043	0.00014325383164545734
ENSG00000112208	0.0001431387616295217
ENSG00000113638	0.0001431223716114895
ENSG00000038427	0.00014300647636661477
ENSG00000169972	0.0001429012051414458
ENSG00000132824	0.0001428929376640845
ENSG00000090520	0.00014279943155016739
ENSG00000213079	0.00014270512784663022
ENSG00000007392	0.0001426115396406058
ENSG00000276043	0.00014259200841427612
ENSG00000120885	0.000142514743124868
ENSG00000196305	0.00014245888716970379
ENSG00000087460	0.0001424460158599888
ENSG00000082516	0.00014237698074966032
ENSG00000178234	0.00014236756686928663
ENSG00000099308	0.00014236289342537572
ENSG00000242372	0.00014231732189855053
ENSG00000156831	0.0001422902526254773
ENSG00000166716	0.00014214831546304795
ENSG00000136874	0.00014213875295249626
ENSG00000135678	0.00014206404250930073
ENSG00000187323	0.00014205528259220127
ENSG00000174799	0.00014203843307235482
ENSG00000109475	0.0001420144064365188
ENSG00000156795	0.0001419394413665819
ENSG00000147421	0.00014187037566575135
ENSG00000142347	0.00014176541700656412
ENSG00000101596	0.00014173035217703456
ENSG00000128595	0.000141709502952926
ENSG00000070367	0.0001416974582299189
ENSG00000125107	0.0001415871840212805
ENSG00000158793	0.0001415389982553091
ENSG00000138443	0.00014153877938539392
ENSG00000157500	0.00014149801712230948
ENSG00000134574	0.00014123629416439636
ENSG00000264364	0.0001411612205980887
ENSG00000130707	0.0001409891110835694
ENSG00000103241	0.0001409860144381098
ENSG00000168283	0.00014091650774968094
ENSG00000162552	0.00014082737803274568
ENSG00000125245	0.00014072470680543913
ENSG00000107159	0.00014061691938292378
ENSG00000158711	0.0001406090527039104
ENSG00000185236	0.00014059381771125762
ENSG00000114686	0.0001405496862523833
ENSG00000112658	0.0001405237877335824
ENSG00000101224	0.00014043921540224792
ENSG00000136045	0.00014042989631463964
ENSG00000169756	0.00014038733807512704
ENSG00000169564	0.00014028890422666007
ENSG00000095906	0.0001402709290426351
ENSG00000123131	0.00014023191285025507
ENSG00000108176	0.00014012459450518612
ENSG00000102128	0.00014011208013082257
ENSG00000232045	0.00014010780469333003
ENSG00000131495	0.00014008625240281093
ENSG00000075539	0.00014008157460776953
ENSG00000102678	0.00014001100162193883
ENSG00000164031	0.00013995317381979895
ENSG00000185504	0.00013978787140062835
ENSG00000221838	0.00013973922002268963
ENSG00000159228	0.00013971733509354794
ENSG00000249915	0.0001396931804052643
ENSG00000101442	0.00013956732199462576
ENSG00000189057	0.00013947649636490093
ENSG00000093009	0.00013941750472952586
ENSG00000125755	0.0001393934531879551
ENSG00000181544	0.00013925785233874372
ENSG00000169062	0.00013924623042574206
ENSG00000067992	0.0001391672998795858
ENSG00000164877	0.00013906695262800594
ENSG00000104142	0.0001390487631487382
ENSG00000284096	0.0001390003139912957
ENSG00000165029	0.00013888951011668322
ENSG00000104221	0.00013885434232324397
ENSG00000108510	0.00013882220027277548
ENSG00000177084	0.0001386672861086972
ENSG00000074603	0.000138634083327617
ENSG00000172809	0.00013863144307184474
ENSG00000135919	0.00013858749403556936
ENSG00000062650	0.00013851222914039013
ENSG00000145390	0.0001384975827698236
ENSG00000162378	0.00013848992713569693
ENSG00000166012	0.0001383734799700816
ENSG00000244734	0.000138247947132616
ENSG00000241553	0.0001382156292462536
ENSG00000120616	0.00013805282238130251
ENSG00000186395	0.00013804988357705715
ENSG00000137474	0.00013797740489781524
ENSG00000099800	0.00013791468833411252
ENSG00000135338	0.00013788662813808008
ENSG00000100811	0.00013787956046413784
ENSG00000124766	0.000137795769131373
ENSG00000114857	0.00013776121423663226
ENSG00000177853	0.0001377452130889415
ENSG00000110367	0.0001377378564117902
ENSG00000112335	0.0001377214818761335
ENSG00000159217	0.00013769707069493989
ENSG00000169288	0.00013756044121209315
ENSG00000055732	0.00013747614510909145
ENSG00000130826	0.00013744470373912543
ENSG00000157212	0.00013707156927440718
ENSG00000005156	0.00013701559414999146
ENSG00000117751	0.00013693519272965345
ENSG00000152256	0.00013692877569387602
ENSG00000105258	0.00013683020624985582
ENSG00000187522	0.0001368215968075462
ENSG00000146143	0.00013679265547265245
ENSG00000100302	0.00013675458032629459
ENSG00000133740	0.00013675430834284545
ENSG00000004939	0.0001365426317429732
ENSG00000134987	0.000136539573152954
ENSG00000118434	0.00013653928983102623
ENSG00000105851	0.00013648897946569598
ENSG00000103479	0.0001364764244277804
ENSG00000196730	0.00013645539483594408
ENSG00000184117	0.00013642749881305092
ENSG00000106683	0.00013641844598825007
ENSG00000163219	0.0001364136353412854
ENSG00000172349	0.00013641012807611466
ENSG00000083444	0.00013636206803497368
ENSG00000056586	0.00013635928258911534
ENSG00000136448	0.00013633075923241624
ENSG00000158796	0.0001362350138440823
ENSG00000083642	0.0001361968827685651
ENSG00000113263	0.00013608930929840865
ENSG00000015153	0.00013605529413509852
ENSG00000119614	0.00013593484042089313
ENSG00000138834	0.00013591426343870808
ENSG00000166862	0.00013585756559382495
ENSG00000053900	0.00013573298004201885
ENSG00000121774	0.00013565542357037185
ENSG00000028839	0.00013559850744215447
ENSG00000143851	0.0001355377781849153
ENSG00000138035	0.00013551900302222748
ENSG00000030419	0.00013547157705549995
ENSG00000182504	0.0001354617637826926
ENSG00000092758	0.00013543578554403517
ENSG00000163743	0.00013536383558771572
ENSG00000181722	0.0001353391293923669
ENSG00000111300	0.0001351574465398916
ENSG00000153922	0.00013515459522801124
ENSG00000109906	0.00013514381349665587
ENSG00000058404	0.00013507593174144766
ENSG00000068796	0.00013499723551476422
ENSG00000130307	0.00013496207617513724
ENSG00000039650	0.00013486032314400807
ENSG00000185721	0.00013478413922479601
ENSG00000026508	0.00013474109547935816
ENSG00000170558	0.0001346652439398242
ENSG00000136628	0.0001345967481142124
ENSG00000173207	0.0001345270009633446
ENSG00000136436	0.00013450228394452313
ENSG00000129691	0.00013447045718421914
ENSG00000079134	0.0001343747056167984
ENSG00000161888	0.0001343630520799426
ENSG00000065559	0.0001343165241598078
ENSG00000059758	0.00013423547644309108
ENSG00000184743	0.00013417611367389697
ENSG00000134744	0.00013416965222429298
ENSG00000165156	0.00013413277150740388
ENSG00000012223	0.00013410268881898193
ENSG00000008735	0.00013408348245362543
ENSG00000092978	0.0001339965882966812
ENSG00000162298	0.00013399346924450285
ENSG00000166736	0.00013396624963602546
ENSG00000168890	0.00013392504921925884
ENSG00000151502	0.00013380829299890806
ENSG00000111328	0.00013376523260955845
ENSG00000143549	0.00013367605430204365
ENSG00000112576	0.00013360548641709366
ENSG00000282844	0.000133565486558303
ENSG00000160255	0.00013355898885450285
ENSG00000149657	0.0001335394895066684
ENSG00000041357	0.00013353695599665363
ENSG00000116560	0.00013351940396856804
ENSG00000126267	0.0001335155679909931
ENSG00000103485	0.0001334987663390859
ENSG00000149582	0.0001334761172772052
ENSG00000067369	0.0001334273997875338
ENSG00000135063	0.0001334006837242106
ENSG00000084774	0.00013336810941378465
ENSG00000107890	0.0001333552806658113
ENSG00000054523	0.00013317502882234143
ENSG00000131788	0.00013313644453527955
ENSG00000093000	0.0001331245474760355
ENSG00000196505	0.0001330806823647516
ENSG00000111875	0.0001330447466662018
ENSG00000155660	0.00013304447169690115
ENSG00000109062	0.0001329583562189003
ENSG00000068394	0.00013275907378216092
ENSG00000101850	0.00013275035902468935
ENSG00000185130	0.00013273016099293238
ENSG00000140941	0.00013272873522316266
ENSG00000125398	0.00013268434457644517
ENSG00000175294	0.0001326566050048545
ENSG00000111652	0.00013255509770408955
ENSG00000104343	0.00013250356492570305
ENSG00000102384	0.00013243211644840152
ENSG00000165644	0.00013242727760602512
ENSG00000113522	0.00013235846229732272
ENSG00000084623	0.00013227220220625045
ENSG00000120129	0.0001322034411836403
ENSG00000185652	0.00013219837125947142
ENSG00000157456	0.00013216697473650117
ENSG00000136931	0.00013214394805836216
ENSG00000114739	0.00013206405546581303
ENSG00000136758	0.0001320385488345954
ENSG00000165527	0.00013200049369426048
ENSG00000188994	0.00013199895022959285
ENSG00000124486	0.00013198472263763514
ENSG00000126067	0.00013183242091839925
ENSG00000114423	0.00013174764860100636
ENSG00000181929	0.0001316867966114741
ENSG00000119725	0.00013163801502279898
ENSG00000137501	0.0001315958647642941
ENSG00000167491	0.0001315565788130517
ENSG00000166986	0.00013143251890530055
ENSG00000152952	0.00013137356758735285
ENSG00000009790	0.00013137170286113006
ENSG00000187498	0.00013136420658819024
ENSG00000113384	0.00013134943607656153
ENSG00000117385	0.00013134381885952532
ENSG00000125991	0.0001312342417600896
ENSG00000168785	0.00013112550601792017
ENSG00000276725	0.0001309857087537755
ENSG00000105723	0.00013096902176817668
ENSG00000122692	0.00013087299254062768
ENSG00000146674	0.00013084708200816392
ENSG00000162959	0.0001307801086346751
ENSG00000156374	0.00013074323915877403
ENSG00000100815	0.00013070356830210345
ENSG00000023287	0.00013068569653053278
ENSG00000203814	0.000130589904389016
ENSG00000163877	0.0001305407633859398
ENSG00000169359	0.0001304740901203145
ENSG00000141867	0.00013041617380459884
ENSG00000167749	0.00013040865171919048
ENSG00000180198	0.00013036358093498286
ENSG00000140534	0.00013036100266956057
ENSG00000172061	0.00013031837065802257
ENSG00000125686	0.0001302848618543717
ENSG00000254093	0.00013027326373776555
ENSG00000165417	0.00013014330817516794
ENSG00000162851	0.00013013539759789263
ENSG00000119285	0.00013011976808279156
ENSG00000115942	0.0001301143028936676
ENSG00000176248	0.00013003919384831406
ENSG00000116539	0.0001300229424633503
ENSG00000113360	0.00013001039762647104
ENSG00000254772	0.0001300033801693982
ENSG00000130713	0.0001299832750273701
ENSG00000215301	0.00012996191719794563
ENSG00000069667	0.00012992405985120888
ENSG00000124787	0.00012984362203764815
ENSG00000169554	0.00012974875063693825
ENSG00000181019	0.0001295172170397956
ENSG00000143514	0.00012946349325685096
ENSG00000100029	0.00012944730441327322
ENSG00000134516	0.00012930946439062562
ENSG00000101849	0.00012928216616683906
ENSG00000112306	0.00012926080548748454
ENSG00000157193	0.0001292257339830004
ENSG00000175899	0.0001291837373045593
ENSG00000166200	0.00012915770969220718
ENSG00000105613	0.00012914445105059117
ENSG00000135164	0.0001291188808850462
ENSG00000172493	0.00012906119032492032
ENSG00000120889	0.0001289397127121119
ENSG00000111664	0.00012882626775416518
ENSG00000165997	0.00012881707625921111
ENSG00000116288	0.0001287516267022669
ENSG00000115268	0.00012874225303122894
ENSG00000278053	0.0001287177483415075
ENSG00000132589	0.00012869265991059695
ENSG00000196290	0.00012860612988017107
ENSG00000145216	0.00012855530632185463
ENSG00000157741	0.00012852206146702141
ENSG00000102738	0.00012848177108476817
ENSG00000164754	0.00012844810676063007
ENSG00000151503	0.00012830178526122255
ENSG00000163655	0.00012817032752497455
ENSG00000108010	0.0001281108763537074
ENSG00000005844	0.00012801754885098632
ENSG00000139372	0.00012801752802296852
ENSG00000132382	0.00012792612075229306
ENSG00000125743	0.00012792487051792838
ENSG00000174791	0.00012772546050880888
ENSG00000156052	0.00012771620729879596
ENSG00000160293	0.00012762845348023407
ENSG00000110955	0.00012744543332619742
ENSG00000101977	0.00012740266681303473
ENSG00000005022	0.0001273476585303201
ENSG00000064787	0.00012734477428277385
ENSG00000128050	0.0001273410711416944
ENSG00000167842	0.00012727794059468056
ENSG00000091140	0.00012723038517437063
ENSG00000166579	0.00012720362292824202
ENSG00000180104	0.00012717990800923103
ENSG00000139546	0.00012713208291406894
ENSG00000122884	0.00012712287801405889
ENSG00000127947	0.00012710202666965455
ENSG00000119408	0.00012708329832442251
ENSG00000284774	0.00012690881856817856
ENSG00000117155	0.00012688909287368662
ENSG00000125834	0.0001268819117952595
ENSG00000111790	0.00012687454794207774
ENSG00000160271	0.00012677482355927933
ENSG00000165197	0.00012661165801105718
ENSG00000109158	0.00012660492411875612
ENSG00000099875	0.00012658123559338103
ENSG00000140391	0.00012655550772724388
ENSG00000134852	0.00012652208510361673
ENSG00000111331	0.00012650633664917268
ENSG00000144566	0.0001264612956466312
ENSG00000197757	0.00012642688393191005
ENSG00000153147	0.00012631961295281574
ENSG00000169813	0.00012624571258831716
ENSG00000171132	0.0001262051765491705
ENSG00000111880	0.0001262029491895114
ENSG00000095139	0.00012618505966291468
ENSG00000130522	0.00012611984674722754
ENSG00000120526	0.00012607667160557137
ENSG00000148498	0.00012605613231967986
ENSG00000017427	0.00012594425928859904
ENSG00000159579	0.00012587107308035443
ENSG00000182087	0.00012578193119607933
ENSG00000064703	0.00012573659384826095
ENSG00000288401	0.0001256946820427673
ENSG00000115946	0.00012561305075669952
ENSG00000196781	0.00012559025606935015
ENSG00000107581	0.0001255615364422288
ENSG00000150637	0.00012555429397084384
ENSG00000060688	0.0001255424595763028
ENSG00000272886	0.00012552519241579437
ENSG00000169016	0.00012541118948956477
ENSG00000089280	0.00012539021459753992
ENSG00000165288	0.00012538858773376114
ENSG00000116251	0.00012534887260489807
ENSG00000154920	0.00012534350234581228
ENSG00000138756	0.0001252826183526731
ENSG00000008988	0.0001252517183392459
ENSG00000106628	0.00012524968327205495
ENSG00000163399	0.00012519410383715282
ENSG00000171490	0.000125185437659316
ENSG00000082213	0.0001251792452168153
ENSG00000138735	0.00012511410659441202
ENSG00000183386	0.00012506178935224718
ENSG00000261893	0.0001250453215958985
ENSG00000138032	0.0001250412380075626
ENSG00000169057	0.00012502067600231225
ENSG00000007520	0.00012492651826097087
ENSG00000135932	0.00012490027325337796
ENSG00000169231	0.00012489965308973817
ENSG00000241839	0.00012484016775327994
ENSG00000126214	0.0001248082356323813
ENSG00000133265	0.00012477791168506838
ENSG00000143384	0.00012473399107993576
ENSG00000170374	0.00012473003367784874
ENSG00000077348	0.00012466070913545442
ENSG00000144642	0.00012455776506799606
ENSG00000090061	0.00012454880914858975
ENSG00000107796	0.00012453609627501597
ENSG00000181610	0.00012450760126167675
ENSG00000113494	0.00012448559207795443
ENSG00000164078	0.00012444647424877906
ENSG00000273686	0.0001244461077421549
ENSG00000169621	0.00012429152300440097
ENSG00000185338	0.0001241360022060105
ENSG00000100385	0.00012409288282331336
ENSG00000091732	0.0001240461936034447
ENSG00000074071	0.00012398427623708526
ENSG00000081479	0.00012397248842945581
ENSG00000181852	0.00012389311720317883
ENSG00000177688	0.00012388018422262054
ENSG00000129292	0.0001238296893894516
ENSG00000256771	0.00012373793795713336
ENSG00000164715	0.00012372839635582441
ENSG00000101096	0.00012361263436064184
ENSG00000159259	0.00012358802779743828
ENSG00000120539	0.00012358609689874412
ENSG00000223443	0.00012344822514153098
ENSG00000154342	0.00012340700403253585
ENSG00000206073	0.00012339016451122636
ENSG00000165501	0.0001233544282887048
ENSG00000154277	0.00012331462654129876
ENSG00000120265	0.00012325618938162247
ENSG00000100368	0.00012319756325345608
ENSG00000143995	0.00012317524819616967
ENSG00000129422	0.00012317245115602005
ENSG00000153827	0.00012313923359591906
ENSG00000132470	0.00012310724727129636
ENSG00000108528	0.0001230817516020945
ENSG00000241837	0.0001230204543005321
ENSG00000065154	0.00012300706235131498
ENSG00000161956	0.00012295647463559994
ENSG00000170248	0.00012288660914059758
ENSG00000095951	0.00012285704939156802
ENSG00000096996	0.00012277642469846257
ENSG00000159459	0.00012272149632908998
ENSG00000115806	0.0001227012479712463
ENSG00000078902	0.00012261764523870686
ENSG00000088888	0.00012261637928637515
ENSG00000131263	0.00012259976064482985
ENSG00000101413	0.00012253208339300004
ENSG00000121570	0.0001224651819625075
ENSG00000115232	0.00012242060486626047
ENSG00000140983	0.0001223930185672905
ENSG00000057593	0.0001223391753399629
ENSG00000175416	0.00012231699826035548
ENSG00000132153	0.00012221448867526257
ENSG00000108798	0.00012212529401713502
ENSG00000132965	0.00012210714441986858
ENSG00000101158	0.00012205239376051061
ENSG00000159197	0.00012201875265239256
ENSG00000101210	0.00012194262060123944
ENSG00000196091	0.00012190992637366176
ENSG00000198959	0.00012190458961834917
ENSG00000106591	0.00012186975397119045
ENSG00000102606	0.0001218351507225853
ENSG00000108255	0.00012183035455447273
ENSG00000182718	0.0001217201464088151
ENSG00000076321	0.00012170535761215469
ENSG00000011243	0.00012169391732811854
ENSG00000176749	0.00012159446672390779
ENSG00000185129	0.00012158847030123424
ENSG00000100994	0.00012156031029255316
ENSG00000123136	0.00012153619992823485
ENSG00000134255	0.00012151134923258318
ENSG00000171988	0.00012142483873784522
ENSG00000176406	0.0001213473561694674
ENSG00000079102	0.00012130550557395318
ENSG00000152944	0.00012119141042223394
ENSG00000108395	0.0001210541563389375
ENSG00000205683	0.00012104383017188988
ENSG00000196792	0.0001209827605481285
ENSG00000179526	0.00012095841494331356
ENSG00000149923	0.0001209115539218806
ENSG00000100410	0.00012088351518407453
ENSG00000221914	0.00012082918440195549
ENSG00000113643	0.00012077499647517469
ENSG00000157131	0.00012072487172034393
ENSG00000114346	0.00012067310878387217
ENSG00000203760	0.0001206342077674983
ENSG00000136560	0.00012063156157238476
ENSG00000020922	0.00012056116057453719
ENSG00000048052	0.00012053314278299714
ENSG00000125676	0.00012047885029883974
ENSG00000114416	0.0001204707635332892
ENSG00000116213	0.00012044931984160277
ENSG00000155329	0.00012043327479045324
ENSG00000186469	0.0001203915362352656
ENSG00000115616	0.00012032337083305543
ENSG00000157020	0.00012022532193730987
ENSG00000011485	0.00012021436936482843
ENSG00000106089	0.0001201512640657249
ENSG00000039319	0.00012014995197375185
ENSG00000144867	0.00012005196221258535
ENSG00000163041	0.00011999194236647093
ENSG00000117394	0.00011999046502365165
ENSG00000164944	0.00011997793690009728
ENSG00000280831	0.00011995801479034494
ENSG00000104884	0.0001199496563032808
ENSG00000112130	0.00011986403034429786
ENSG00000048405	0.00011984426356195335
ENSG00000185630	0.00011977886670137312
ENSG00000075188	0.00011975998308767537
ENSG00000015676	0.00011974649035820628
ENSG00000275575	0.0001195331383007666
ENSG00000074211	0.00011951452323819383
ENSG00000182636	0.00011944556433921619
ENSG00000113070	0.00011944431494409141
ENSG00000144028	0.00011938289805139218
ENSG00000130427	0.00011933647576749614
ENSG00000282947	0.00011930137773883887
ENSG00000165572	0.00011921189206076866
ENSG00000137818	0.0001191528519952369
ENSG00000163902	0.00011904859431458053
ENSG00000168143	0.00011904564821952551
ENSG00000166170	0.0001190319407895435
ENSG00000112964	0.00011901586084725817
ENSG00000136279	0.00011897067374230352
ENSG00000125656	0.0001188176263038278
ENSG00000009954	0.00011872957331718837
ENSG00000250506	0.00011871171333882659
ENSG00000154723	0.0001186501853346089
ENSG00000266094	0.0001186022997922266
ENSG00000131037	0.00011860113186796807
ENSG00000138468	0.00011856681865129259
ENSG00000005073	0.00011848976187254991
ENSG00000110245	0.00011848555703353452
ENSG00000198646	0.00011846517941126776
ENSG00000169221	0.00011836284045976757
ENSG00000184575	0.00011835290060227117
ENSG00000172466	0.00011834136961504527
ENSG00000235107	0.00011833006137813196
ENSG00000089597	0.00011832467317490368
ENSG00000175324	0.00011830610491261752
ENSG00000178363	0.00011830033515606451
ENSG00000080503	0.00011822326663477751
ENSG00000106927	0.00011818672364559335
ENSG00000197969	0.00011811250999876103
ENSG00000277564	0.00011803289604639213
ENSG00000099795	0.00011799600749057795
ENSG00000136872	0.00011798193044949814
ENSG00000189308	0.0001178811423061277
ENSG00000140396	0.00011782381834477474
ENSG00000185634	0.00011768696766042996
ENSG00000182492	0.0001176577225768332
ENSG00000204406	0.00011750611561049668
ENSG00000079785	0.00011749865941789762
ENSG00000277273	0.00011749548480467885
ENSG00000150760	0.00011744037409365203
ENSG00000283100	0.00011741147581853799
ENSG00000124641	0.00011737598950602824
ENSG00000280858	0.00011729113781398142
ENSG00000134352	0.00011727392936525712
ENSG00000124356	0.0001172678194191237
ENSG00000150630	0.00011726274968204497
ENSG00000166484	0.00011722081736988788
ENSG00000188603	0.00011720277140686522
ENSG00000102981	0.00011715367874594284
ENSG00000100211	0.00011712844575975304
ENSG00000065183	0.00011707449950820658
ENSG00000178078	0.00011706761740587941
ENSG00000123329	0.00011692880319664997
ENSG00000130338	0.00011689246446577723
ENSG00000082258	0.00011684718870594214
ENSG00000122483	0.00011682976255875325
ENSG00000091073	0.00011682001645949109
ENSG00000107263	0.00011672862016157884
ENSG00000181240	0.0001166175062365316
ENSG00000104341	0.00011661597476053681
ENSG00000156475	0.00011659217835701996
ENSG00000177485	0.000116586400178079
ENSG00000131051	0.00011656799083090499
ENSG00000136943	0.00011655552814889635
ENSG00000130699	0.00011652544691816961
ENSG00000171311	0.0001165085045265836
ENSG00000221829	0.00011650756294989594
ENSG00000002822	0.00011647809362249981
ENSG00000152795	0.00011644593213671015
ENSG00000203879	0.00011643079095008635
ENSG00000187109	0.00011635756550337659
ENSG00000033178	0.00011634811621367417
ENSG00000244414	0.00011633827108740662
ENSG00000112110	0.00011626984537940288
ENSG00000148843	0.0001162622056863415
ENSG00000240303	0.00011613949483355634
ENSG00000236251	0.00011613605489869053
ENSG00000169727	0.00011606973260239731
ENSG00000124795	0.0001160613973648363
ENSG00000185053	0.00011603998624114151
ENSG00000118705	0.00011602304464853854
ENSG00000158864	0.00011597064059863507
ENSG00000185730	0.00011592157244500546
ENSG00000185247	0.00011590521610328773
ENSG00000105819	0.00011578081501121157
ENSG00000184900	0.00011576785080919823
ENSG00000075426	0.00011576617322064065
ENSG00000100632	0.00011574920498946078
ENSG00000276410	0.0001156925593409082
ENSG00000113810	0.00011568025433388646
ENSG00000166136	0.00011567491329057234
ENSG00000112290	0.00011564977850790433
ENSG00000175592	0.00011564854660507903
ENSG00000030582	0.00011564020489377345
ENSG00000258947	0.00011551798080017046
ENSG00000183918	0.00011546883811235625
ENSG00000203943	0.00011543604747589278
ENSG00000168078	0.00011530949980783141
ENSG00000116824	0.00011530023832988953
ENSG00000273703	0.00011529969604182107
ENSG00000169851	0.0001152106341041036
ENSG00000139131	0.0001152012473944621
ENSG00000166923	0.00011517896588946657
ENSG00000177034	0.0001151431852121055
ENSG00000143801	0.00011508569043582143
ENSG00000083312	0.00011501955315713916
ENSG00000067715	0.00011496179172821604
ENSG00000173511	0.00011492295801096934
ENSG00000178562	0.00011466384563550293
ENSG00000171060	0.00011466162031686151
ENSG00000135720	0.0001146438024788578
ENSG00000124429	0.00011461926364115663
ENSG00000101150	0.00011458569936508267
ENSG00000113658	0.00011454153053404618
ENSG00000068028	0.00011453841156165136
ENSG00000077152	0.00011453239142171315
ENSG00000126883	0.00011448594190826365
ENSG00000175216	0.00011445100502662443
ENSG00000154001	0.00011443270142776885
ENSG00000135451	0.00011442818052323095
ENSG00000126016	0.00011439840393789654
ENSG00000183617	0.00011435535814917633
ENSG00000172336	0.00011434775767494092
ENSG00000125347	0.00011434714240372269
ENSG00000164463	0.00011424165504870022
ENSG00000184481	0.00011423289373035825
ENSG00000125977	0.00011423276506197409
ENSG00000106636	0.00011413641120390787
ENSG00000173480	0.00011411187920053528
ENSG00000100201	0.00011409660366608722
ENSG00000130119	0.00011404984051034114
ENSG00000184304	0.00011399501012948973
ENSG00000223367	0.00011398647576334845
ENSG00000129083	0.00011387987012465829
ENSG00000154975	0.00011384761415526904
ENSG00000115091	0.00011383112826603233
ENSG00000111667	0.0001137745709769572
ENSG00000078304	0.00011372338383374591
ENSG00000172943	0.00011370092806051127
ENSG00000145990	0.00011367868064599348
ENSG00000184678	0.00011367390762023433
ENSG00000196465	0.00011363548621709568
ENSG00000167658	0.00011363203442313253
ENSG00000089220	0.00011354881511038539
ENSG00000131238	0.00011353636946990643
ENSG00000164649	0.00011351120285832281
ENSG00000054598	0.00011345837785232686
ENSG00000168827	0.00011342816974448629
ENSG00000197915	0.0001134051465860261
ENSG00000110492	0.00011339135790209163
ENSG00000184634	0.00011339066617920235
ENSG00000078808	0.00011336240285451264
ENSG00000158636	0.00011335807286568603
ENSG00000132849	0.00011332768811588378
ENSG00000116750	0.00011328030129318551
ENSG00000265241	0.00011320897550518828
ENSG00000198431	0.00011312014988659172
ENSG00000133112	0.0001131027255249263
ENSG00000172939	0.00011305339371959561
ENSG00000063245	0.00011300757895285153
ENSG00000111087	0.00011300406712312993
ENSG00000177455	0.00011300343699366069
ENSG00000204843	0.00011297189851336512
ENSG00000226430	0.00011294459414404268
ENSG00000083799	0.00011289323656705608
ENSG00000154928	0.00011264426622190386
ENSG00000115368	0.00011258930029121061
ENSG00000005961	0.00011244763956553904
ENSG00000109756	0.00011240870978628572
ENSG00000225830	0.00011237878812653069
ENSG00000221983	0.00011223709526171504
ENSG00000148019	0.0001121778604537035
ENSG00000169718	0.00011217593258892937
ENSG00000123395	0.00011213717682560272
ENSG00000183020	0.00011206363195934685
ENSG00000134001	0.00011205706434598363
ENSG00000119318	0.00011199357680599053
ENSG00000047932	0.00011195933641757975
ENSG00000188175	0.00011192825216284283
ENSG00000196455	0.00011179870035721623
ENSG00000174996	0.000111798039434844
ENSG00000011332	0.00011160597211854957
ENSG00000099617	0.00011153511997150274
ENSG00000141562	0.00011141465668901533
ENSG00000167487	0.00011134272698271551
ENSG00000081386	0.00011123201376989359
ENSG00000139436	0.00011120969954473968
ENSG00000103326	0.00011119423918740909
ENSG00000197275	0.00011113370483193194
ENSG00000121454	0.00011111138512779158
ENSG00000144597	0.0001109871491106413
ENSG00000179115	0.00011096956205966507
ENSG00000125885	0.00011093047863363251
ENSG00000119042	0.00011086696152733999
ENSG00000131931	0.00011078466323226978
ENSG00000184363	0.00011077851930089953
ENSG00000122068	0.00011076735999769504
ENSG00000126464	0.00011073869778461752
ENSG00000087206	0.00011071106363984263
ENSG00000171453	0.00011067678921390999
ENSG00000109101	0.00011064056280911549
ENSG00000104147	0.00011063499148861267
ENSG00000180530	0.0001105549877893414
ENSG00000102096	0.00011053700110201899
ENSG00000011451	0.00011053071376781792
ENSG00000160087	0.00011051591492262188
ENSG00000139112	0.00011039264680148567
ENSG00000140263	0.00011038783774989798
ENSG00000178105	0.00011037450373215326
ENSG00000105483	0.0001103739511163836
ENSG00000282905	0.00011035960511270296
ENSG00000141198	0.0001103076907683774
ENSG00000196199	0.00011027932068051667
ENSG00000065883	0.00011027780142075258
ENSG00000067829	0.00011020503150169107
ENSG00000103494	0.00011016992820029039
ENSG00000119048	0.00011013693571422102
ENSG00000147274	0.00011013581995932668
ENSG00000023445	0.00011003361070385764
ENSG00000038002	0.0001099680821118309
ENSG00000086504	0.00010991322666215789
ENSG00000185728	0.00010991084198923415
ENSG00000034971	0.00010990077928176617
ENSG00000205420	0.00010985130204440789
ENSG00000136381	0.00010983943847004223
ENSG00000182541	0.00010983773980849116
ENSG00000165338	0.00010980862532349764
ENSG00000170037	0.00010978627431794716
ENSG00000104833	0.00010970393247136561
ENSG00000162231	0.00010964209959879746
ENSG00000149591	0.00010951005351421343
ENSG00000155034	0.00010947965051281899
ENSG00000164105	0.00010947039815899999
ENSG00000197461	0.00010939503739752927
ENSG00000104093	0.00010937196504557615
ENSG00000117153	0.00010933962160616459
ENSG00000162664	0.00010928997312928576
ENSG00000099399	0.00010928942178707704
ENSG00000120820	0.00010912444781691913
ENSG00000117713	0.00010912143238439744
ENSG00000124207	0.0001090793600242571
ENSG00000109606	0.00010904633947111925
ENSG00000105085	0.00010893327546560596
ENSG00000184144	0.00010885818286727892
ENSG00000277586	0.00010885137028186629
ENSG00000113456	0.00010882943689740894
ENSG00000091157	0.00010878373527776626
ENSG00000162063	0.00010873808344152047
ENSG00000185104	0.0001086764841244122
ENSG00000183283	0.00010866621932271673
ENSG00000282853	0.00010865199914942624
ENSG00000162191	0.00010864641141342185
ENSG00000168807	0.00010862489247831
ENSG00000103168	0.000108589383428653
ENSG00000092020	0.00010856750846234783
ENSG00000117601	0.00010847879921721656
ENSG00000125740	0.00010846261791517414
ENSG00000078142	0.0001084525823371668
ENSG00000151327	0.00010845068374785934
ENSG00000100941	0.00010842143659469154
ENSG00000111665	0.00010838232030898641
ENSG00000104722	0.0001083305282183267
ENSG00000179271	0.00010832485116263274
ENSG00000164615	0.0001083043857161729
ENSG00000198353	0.0001082685507575823
ENSG00000284282	0.00010823789611784108
ENSG00000166166	0.00010821908075977737
ENSG00000119630	0.00010818604429208946
ENSG00000197728	0.00010800766466900515
ENSG00000278152	0.00010799522556911718
ENSG00000148180	0.00010798647605780772
ENSG00000116711	0.00010788855524698322
ENSG00000124813	0.0001078671546421788
ENSG00000123091	0.00010771541091071215
ENSG00000147443	0.0001076603671456047
ENSG00000167208	0.00010764338306184503
ENSG00000182446	0.00010763240119425633
ENSG00000124214	0.00010761992315961677
ENSG00000162607	0.0001075985177720558
ENSG00000233927	0.00010754311728755396
ENSG00000166147	0.00010752547416318114
ENSG00000138757	0.00010751869956450273
ENSG00000164663	0.00010750354365914544
ENSG00000108506	0.00010750280408273273
ENSG00000092054	0.00010743658676044823
ENSG00000129675	0.00010733385746363168
ENSG00000068323	0.000107301315180544
ENSG00000167258	0.00010728398252775964
ENSG00000169100	0.00010726295650354431
ENSG00000140262	0.00010723916655977633
ENSG00000144791	0.00010719953368916365
ENSG00000186001	0.00010719409294936312
ENSG00000143882	0.00010715578507128196
ENSG00000118873	0.00010713588926617693
ENSG00000019991	0.0001071321771229701
ENSG00000146463	0.00010711359526351765
ENSG00000116455	0.00010705688850064808
ENSG00000146216	0.00010704651325866012
ENSG00000174780	0.00010703448370240419
ENSG00000181638	0.0001069662351851298
ENSG00000104320	0.0001069466854587679
ENSG00000170458	0.00010673197722700032
ENSG00000127311	0.00010673152273537573
ENSG00000087095	0.00010671848789987511
ENSG00000010244	0.00010660154133149508
ENSG00000176476	0.0001065982383660219
ENSG00000213551	0.00010659523812170061
ENSG00000111647	0.00010657286244143775
ENSG00000099246	0.00010651428948270268
ENSG00000101255	0.00010648882523251919
ENSG00000205155	0.00010645541911532145
ENSG00000106367	0.00010641672432934754
ENSG00000075643	0.00010638636400171909
ENSG00000062038	0.00010634785354566803
ENSG00000141101	0.00010630828742992222
ENSG00000138363	0.00010619341350576822
ENSG00000149948	0.00010618478040651843
ENSG00000168883	0.00010612778331983571
ENSG00000105676	0.00010610350874776253
ENSG00000173542	0.00010605798535956291
ENSG00000095261	0.00010605735640503078
ENSG00000151687	0.00010599022423083756
ENSG00000179409	0.00010590661965873974
ENSG00000124216	0.000105903540113058
ENSG00000072571	0.00010586345564686052
ENSG00000092199	0.00010579601385154727
ENSG00000197930	0.00010577981972595662
ENSG00000112237	0.00010574930320911829
ENSG00000187778	0.00010567999933552575
ENSG00000216937	0.00010556884789563782
ENSG00000122194	0.00010556220008797656
ENSG00000130827	0.00010554097743166354
ENSG00000135077	0.00010543432850785062
ENSG00000138592	0.00010541900104033577
ENSG00000162402	0.00010530480217712505
ENSG00000167601	0.0001052908052491874
ENSG00000101447	0.00010527464606689974
ENSG00000104177	0.00010524806320863568
ENSG00000257315	0.0001052271770643677
ENSG00000136104	0.00010520382857233439
ENSG00000164934	0.00010519743718746526
ENSG00000145012	0.00010516604587069051
ENSG00000198743	0.00010516539312725433
ENSG00000243678	0.00010514345252947402
ENSG00000114302	0.00010513330383468006
ENSG00000006451	0.00010510514977386874
ENSG00000160392	0.00010509343031107734
ENSG00000137270	0.00010507118140660065
ENSG00000169567	0.00010503576391962352
ENSG00000167965	0.00010502759015831867
ENSG00000091583	0.00010501076166593104
ENSG00000071794	0.00010500850665457731
ENSG00000196323	0.00010500727574352963
ENSG00000154096	0.00010497928426078634
ENSG00000204130	0.00010482093480349498
ENSG00000095787	0.00010479276545443494
ENSG00000145220	0.00010478908638671008
ENSG00000155363	0.00010473091857962408
ENSG00000180096	0.00010467535785368567
ENSG00000116809	0.00010467181666219162
ENSG00000142453	0.00010464558001708514
ENSG00000145414	0.00010457637889428716
ENSG00000102572	0.00010455503133139865
ENSG00000184432	0.0001045145101663884
ENSG00000167461	0.00010451448496128688
ENSG00000155744	0.0001044743882023562
ENSG00000101337	0.00010446930738047194
ENSG00000175193	0.00010446278694253185
ENSG00000254999	0.00010445414516901215
ENSG00000087510	0.00010443911092512588
ENSG00000100351	0.00010442356065466694
ENSG00000162923	0.00010439102953243676
ENSG00000177600	0.00010434542065767
ENSG00000075945	0.0001043182164353753
ENSG00000153071	0.00010430437991751007
ENSG00000134640	0.00010424546366577135
ENSG00000161682	0.00010423045625518361
ENSG00000124260	0.00010418553682255634
ENSG00000097046	0.0001041110516711579
ENSG00000108262	0.0001040986975899299
ENSG00000197714	0.0001040681770420519
ENSG00000137752	0.00010401193297022586
ENSG00000129219	0.00010399464695732623
ENSG00000154832	0.00010386593102901243
ENSG00000164093	0.00010383702238553284
ENSG00000104368	0.00010379151831207018
ENSG00000166900	0.0001036855776867292
ENSG00000169439	0.0001036784090411718
ENSG00000164162	0.00010364065777039801
ENSG00000033050	0.00010359448311766984
ENSG00000121931	0.00010352646449061815
ENSG00000100097	0.00010349745639875213
ENSG00000129515	0.00010345806931127903
ENSG00000112992	0.00010337835213280325
ENSG00000113845	0.00010336056809774456
ENSG00000028310	0.00010329881698731509
ENSG00000142252	0.00010327913976014582
ENSG00000082781	0.00010327124102631824
ENSG00000088205	0.0001032517618703775
ENSG00000164465	0.0001031619447603808
ENSG00000096093	0.00010314937923475945
ENSG00000196950	0.00010307587319398821
ENSG00000187266	0.00010303410772930076
ENSG00000261992	0.00010283783216811854
ENSG00000145741	0.00010281829871905744
ENSG00000151849	0.0001027602363502777
ENSG00000268009	0.00010274086985523942
ENSG00000004848	0.00010272240800020003
ENSG00000144357	0.00010268987478602323
ENSG00000131095	0.00010265408550664403
ENSG00000100422	0.00010259501394102691
ENSG00000164597	0.00010258511298916808
ENSG00000101040	0.00010256175636033187
ENSG00000143498	0.00010254394866726444
ENSG00000118217	0.0001025413882353442
ENSG00000071537	0.00010250184934011674
ENSG00000183856	0.00010249506507300242
ENSG00000100379	0.00010249276558671152
ENSG00000196313	0.00010240952551180129
ENSG00000275713	0.00010240826208768016
ENSG00000124702	0.00010237989636934564
ENSG00000100225	0.00010235764527399362
ENSG00000117090	0.00010234382615032032
ENSG00000181625	0.00010232938612284336
ENSG00000100503	0.00010230735845157758
ENSG00000163785	0.00010224205650749706
ENSG00000113048	0.00010220444287359897
ENSG00000118729	0.00010219886905257574
ENSG00000112234	0.000102185103557555
ENSG00000131558	0.00010216061077607223
ENSG00000123500	0.00010214802658388344
ENSG00000169856	0.00010214060300233934
ENSG00000136854	0.0001021157299946301
ENSG00000184557	0.00010210369353198483
ENSG00000285023	0.00010209623296824331
ENSG00000157450	0.00010205439882426099
ENSG00000164180	0.00010204355425894968
ENSG00000167088	0.00010199802642225331
ENSG00000278619	0.0001019957151582153
ENSG00000160714	0.00010194730497271965
ENSG00000100442	0.00010192586236264762
ENSG00000120075	0.00010190545030681894
ENSG00000169136	0.00010183695867913921
ENSG00000181827	0.00010179211805184212
ENSG00000102900	0.00010176780644132712
ENSG00000159055	0.00010169443208824235
ENSG00000196866	0.00010169089621493406
ENSG00000155100	0.00010166116906621293
ENSG00000132780	0.00010144540240855284
ENSG00000083750	0.00010143453124453285
ENSG00000162367	0.00010137292771102808
ENSG00000123240	0.00010134903852495773
ENSG00000134686	0.00010127128325191831
ENSG00000123124	0.0001012417061631148
ENSG00000104312	0.00010123246387062676
ENSG00000163602	0.00010120109445148108
ENSG00000269313	0.00010119085683273261
ENSG00000187961	0.00010118220676223663
ENSG00000120868	0.00010117765678820044
ENSG00000084463	0.00010114437677902372
ENSG00000148943	0.00010112370072907988
ENSG00000068654	0.00010111935479960344
ENSG00000081014	0.00010111864405379408
ENSG00000171824	0.0001011094441659352
ENSG00000176903	0.00010101705410603118
ENSG00000068308	0.00010099634565238405
ENSG00000104892	0.00010098639314720744
ENSG00000167967	0.00010096397363718982
ENSG00000143469	0.00010090246416005644
ENSG00000125912	0.00010089565559179173
ENSG00000175931	0.00010089472091554883
ENSG00000065618	0.00010088485827322478
ENSG00000175390	0.0001008647385681425
ENSG00000151332	0.00010079521815835923
ENSG00000123338	0.00010078861894710719
ENSG00000120217	0.00010076453413806425
ENSG00000186625	0.00010071550165215753
ENSG00000176697	0.00010067122684436022
ENSG00000125870	0.00010064480954825208
ENSG00000079950	0.0001005978580223699
ENSG00000100271	0.00010058459080715019
ENSG00000145781	0.00010056870399757416
ENSG00000141316	0.00010046898381177914
ENSG00000120910	0.00010045110402386699
ENSG00000123610	0.00010042683718118359
ENSG00000111860	0.00010041727294405702
ENSG00000146094	0.00010035211862031763
ENSG00000105699	0.00010034871255147238
ENSG00000178053	0.00010030772588123405
ENSG00000135269	0.00010029721408983153
ENSG00000134318	0.00010027515106924946
ENSG00000182287	0.00010026750090893196
ENSG00000166224	0.00010025541652238079
ENSG00000186575	0.00010021693453363505
ENSG00000185278	0.00010016094331006746
ENSG00000117360	0.00010015196821864316
ENSG00000112249	0.00010013355144160618
ENSG00000153487	0.00010012384062777609
ENSG00000134222	0.00010001482969835945
ENSG00000101017	0.00010000592611327784
ENSG00000173933	9.998116159914274e-05
ENSG00000211460	9.994884431530475e-05
ENSG00000118579	9.994141244801266e-05
ENSG00000065054	9.979696602022953e-05
ENSG00000147065	9.978870569427052e-05
ENSG00000156931	9.971500527647568e-05
ENSG00000146909	9.970199549810482e-05
ENSG00000198482	9.968228002797994e-05
ENSG00000133226	9.966989593256585e-05
ENSG00000114978	9.964489282046071e-05
ENSG00000112242	9.961082268544435e-05
ENSG00000197530	9.958924110529184e-05
ENSG00000196358	9.954159226265205e-05
ENSG00000138430	9.952353288335253e-05
ENSG00000027869	9.948222641512015e-05
ENSG00000182195	9.948034810669933e-05
ENSG00000147536	9.946759774102664e-05
ENSG00000162775	9.945185772089722e-05
ENSG00000007168	9.942461233267543e-05
ENSG00000072274	9.938217065187934e-05
ENSG00000173404	9.936070700339291e-05
ENSG00000173163	9.927984650829184e-05
ENSG00000009844	9.92126764745395e-05
ENSG00000160193	9.921180984927471e-05
ENSG00000085872	9.909484374334561e-05
ENSG00000119041	9.895755988852594e-05
ENSG00000106992	9.889244818472749e-05
ENSG00000069345	9.887989531567907e-05
ENSG00000112531	9.88148204541532e-05
ENSG00000072210	9.880348608929618e-05
ENSG00000132300	9.879331240254352e-05
ENSG00000189091	9.870304470778727e-05
ENSG00000182923	9.869760808322109e-05
ENSG00000179335	9.866304016052638e-05
ENSG00000204899	9.864169413145803e-05
ENSG00000163806	9.854928373866377e-05
ENSG00000136026	9.846505962507404e-05
ENSG00000089022	9.842983983509538e-05
ENSG00000132591	9.841375397652226e-05
ENSG00000099381	9.840061447949124e-05
ENSG00000100784	9.834851254188226e-05
ENSG00000108107	9.831604408746934e-05
ENSG00000181450	9.831444110624541e-05
ENSG00000140829	9.828345301064547e-05
ENSG00000078269	9.827392433541512e-05
ENSG00000100401	9.824253462490688e-05
ENSG00000198373	9.821468309845278e-05
ENSG00000147548	9.818090198962095e-05
ENSG00000172590	9.796692562341655e-05
ENSG00000147526	9.793162821342734e-05
ENSG00000120253	9.792163809688941e-05
ENSG00000137124	9.791237446293326e-05
ENSG00000134954	9.789134262410074e-05
ENSG00000089902	9.785477404183237e-05
ENSG00000129625	9.771413256400412e-05
ENSG00000012211	9.768391108773121e-05
ENSG00000165494	9.765592492682203e-05
ENSG00000126749	9.765464199656466e-05
ENSG00000114861	9.765175299264135e-05
ENSG00000116016	9.76366890067891e-05
ENSG00000124635	9.76105489378502e-05
ENSG00000181991	9.759293117007819e-05
ENSG00000183520	9.759166138538252e-05
ENSG00000116663	9.757116895586749e-05
ENSG00000078140	9.753012971013771e-05
ENSG00000163811	9.749944664728462e-05
ENSG00000136158	9.745822212850908e-05
ENSG00000168646	9.745253068869056e-05
ENSG00000138347	9.744810284014499e-05
ENSG00000099821	9.741352865733024e-05
ENSG00000128422	9.737402803176303e-05
ENSG00000186951	9.731700304177196e-05
ENSG00000198887	9.73103728736355e-05
ENSG00000225201	9.73004643615464e-05
ENSG00000141644	9.725439166097114e-05
ENSG00000081277	9.723416898710192e-05
ENSG00000169714	9.717815186464979e-05
ENSG00000119487	9.716037280596095e-05
ENSG00000047056	9.706063837171613e-05
ENSG00000060749	9.703406516461542e-05
ENSG00000146006	9.700251650505414e-05
ENSG00000084072	9.698741164722985e-05
ENSG00000066455	9.695018280951687e-05
ENSG00000130811	9.69426627312301e-05
ENSG00000096696	9.69362120881977e-05
ENSG00000137809	9.688450672308212e-05
ENSG00000288461	9.670810485978987e-05
ENSG00000121621	9.669476546609266e-05
ENSG00000278540	9.66706714233304e-05
ENSG00000163104	9.665902398348565e-05
ENSG00000118503	9.659512644908161e-05
ENSG00000187134	9.659255516495565e-05
ENSG00000113282	9.657675603054479e-05
ENSG00000103932	9.656042410411315e-05
ENSG00000216490	9.654899033530943e-05
ENSG00000130957	9.644508296365468e-05
ENSG00000158813	9.644310319126559e-05
ENSG00000173991	9.638836158530129e-05
ENSG00000152082	9.630762056273703e-05
ENSG00000163931	9.629171344638516e-05
ENSG00000159231	9.626026014418464e-05
ENSG00000254647	9.624234009295219e-05
ENSG00000119414	9.61957191187797e-05
ENSG00000107338	9.616755847341655e-05
ENSG00000100242	9.616327901067342e-05
ENSG00000125450	9.611064600487144e-05
ENSG00000121067	9.610729500197129e-05
ENSG00000185760	9.604902199692276e-05
ENSG00000164128	9.600924547180371e-05
ENSG00000173327	9.598862756141243e-05
ENSG00000197157	9.598763227606581e-05
ENSG00000009335	9.598324049842776e-05
ENSG00000197172	9.595885165996813e-05
ENSG00000113100	9.579587309302068e-05
ENSG00000002016	9.576526827915637e-05
ENSG00000143314	9.576383944154675e-05
ENSG00000131828	9.575628724040382e-05
ENSG00000198001	9.575094922316528e-05
ENSG00000158373	9.573782448509129e-05
ENSG00000122218	9.570171903340358e-05
ENSG00000160688	9.569818700713554e-05
ENSG00000135318	9.569319222260024e-05
ENSG00000275911	9.56482596275185e-05
ENSG00000133997	9.564757647869501e-05
ENSG00000186652	9.561380410817242e-05
ENSG00000106299	9.557407011609689e-05
ENSG00000145817	9.54992891717902e-05
ENSG00000108312	9.546865255599183e-05
ENSG00000165699	9.545214228149496e-05
ENSG00000114491	9.544972695218394e-05
ENSG00000171241	9.543121855187098e-05
ENSG00000158467	9.541516452078578e-05
ENSG00000198087	9.540601003007566e-05
ENSG00000241697	9.539815074064506e-05
ENSG00000106153	9.538376958732466e-05
ENSG00000134871	9.538372227411422e-05
ENSG00000135503	9.528862832282981e-05
ENSG00000048028	9.526309162235522e-05
ENSG00000288508	9.517442272388893e-05
ENSG00000119401	9.516692809595753e-05
ENSG00000188167	9.511835947728242e-05
ENSG00000131711	9.51177459070184e-05
ENSG00000185842	9.511320142557486e-05
ENSG00000117266	9.50761731976267e-05
ENSG00000134250	9.495970526294582e-05
ENSG00000168944	9.488989158076297e-05
ENSG00000123575	9.488805846554654e-05
ENSG00000110841	9.482562243255747e-05
ENSG00000136521	9.482243772777852e-05
ENSG00000110931	9.477435335107527e-05
ENSG00000119684	9.476788659658317e-05
ENSG00000171960	9.47485125007731e-05
ENSG00000137770	9.474169873269388e-05
ENSG00000129347	9.472854947638427e-05
ENSG00000151414	9.472154928166504e-05
ENSG00000213380	9.469325275127839e-05
ENSG00000251258	9.469013153215826e-05
ENSG00000174808	9.468091508487906e-05
ENSG00000171401	9.467229385992758e-05
ENSG00000170043	9.465320846008919e-05
ENSG00000133101	9.463880373999445e-05
ENSG00000105472	9.463803001247723e-05
ENSG00000160410	9.448296361515174e-05
ENSG00000141837	9.44660075850096e-05
ENSG00000162739	9.444974383795379e-05
ENSG00000162337	9.433838645433074e-05
ENSG00000140416	9.42379962058793e-05
ENSG00000188229	9.417193377794512e-05
ENSG00000172403	9.41714255614273e-05
ENSG00000116120	9.412309922079481e-05
ENSG00000065802	9.407795828638964e-05
ENSG00000143761	9.407216239752336e-05
ENSG00000133818	9.406656580514997e-05
ENSG00000071242	9.394028678202174e-05
ENSG00000066739	9.393782588729732e-05
ENSG00000196873	9.387707052255901e-05
ENSG00000177311	9.386867663304506e-05
ENSG00000165671	9.386851423052195e-05
ENSG00000107816	9.385895885115978e-05
ENSG00000109381	9.383786789504753e-05
ENSG00000004142	9.379047879651766e-05
ENSG00000023734	9.375251504935708e-05
ENSG00000178538	9.374399017531243e-05
ENSG00000168411	9.373675522996286e-05
ENSG00000121989	9.359507859398574e-05
ENSG00000115290	9.358903858259684e-05
ENSG00000136122	9.354196255534942e-05
ENSG00000114251	9.34818818141424e-05
ENSG00000151465	9.345923642538456e-05
ENSG00000164366	9.343939892743117e-05
ENSG00000186871	9.341646595543372e-05
ENSG00000114316	9.336900933387928e-05
ENSG00000137574	9.332420840050356e-05
ENSG00000144231	9.325186126343141e-05
ENSG00000170927	9.322353153696438e-05
ENSG00000139193	9.32114236275489e-05
ENSG00000133316	9.317843426872997e-05
ENSG00000141696	9.315915368167477e-05
ENSG00000065427	9.311975524039912e-05
ENSG00000145494	9.30385392408634e-05
ENSG00000110324	9.30288841204899e-05
ENSG00000168000	9.295300157361152e-05
ENSG00000180251	9.295212344119474e-05
ENSG00000089053	9.291823634502715e-05
ENSG00000132842	9.291296040648516e-05
ENSG00000106617	9.288914530223469e-05
ENSG00000076924	9.282059999412461e-05
ENSG00000196914	9.280251505192629e-05
ENSG00000143398	9.280171952746218e-05
ENSG00000136813	9.279867583316453e-05
ENSG00000078399	9.274521346251296e-05
ENSG00000173402	9.27366923274565e-05
ENSG00000122126	9.272140205580873e-05
ENSG00000100852	9.266794330641461e-05
ENSG00000163634	9.255201325013075e-05
ENSG00000124562	9.254018805167257e-05
ENSG00000227322	9.251203797638545e-05
ENSG00000172172	9.251108127732701e-05
ENSG00000140961	9.250151876715545e-05
ENSG00000160185	9.23403346900646e-05
ENSG00000054356	9.227601296079933e-05
ENSG00000162992	9.225537810597569e-05
ENSG00000116095	9.218992822474715e-05
ENSG00000150459	9.218224888436487e-05
ENSG00000198844	9.218132185256788e-05
ENSG00000102804	9.216503476622989e-05
ENSG00000170142	9.2111854514834e-05
ENSG00000241468	9.207424098039787e-05
ENSG00000163820	9.200847359096514e-05
ENSG00000101665	9.199243563373484e-05
ENSG00000064393	9.194191281356018e-05
ENSG00000147168	9.193502586177922e-05
ENSG00000110958	9.175564132654113e-05
ENSG00000143374	9.175230487451772e-05
ENSG00000156026	9.17064224847555e-05
ENSG00000141522	9.168483688379543e-05
ENSG00000269556	9.163719746058116e-05
ENSG00000106070	9.159219273457686e-05
ENSG00000162695	9.157768347166119e-05
ENSG00000051128	9.156128933110005e-05
ENSG00000167232	9.155680011622072e-05
ENSG00000174442	9.155323800459743e-05
ENSG00000186834	9.150430705879904e-05
ENSG00000117697	9.1473243749272e-05
ENSG00000114209	9.143157861387727e-05
ENSG00000136068	9.142664149049552e-05
ENSG00000136810	9.14084040081852e-05
ENSG00000130203	9.137819394303288e-05
ENSG00000079462	9.135547557319596e-05
ENSG00000171444	9.134277221809316e-05
ENSG00000158022	9.129592123921546e-05
ENSG00000150995	9.128033635572873e-05
ENSG00000155974	9.124293530157046e-05
ENSG00000183291	9.118897025541484e-05
ENSG00000147873	9.117964967838166e-05
ENSG00000019995	9.116941206009075e-05
ENSG00000177602	9.115430692933423e-05
ENSG00000143256	9.112321927393667e-05
ENSG00000104218	9.106830820257745e-05
ENSG00000182173	9.104914304012117e-05
ENSG00000283681	9.102759271336542e-05
ENSG00000090372	9.101461564282174e-05
ENSG00000186153	9.099859189551541e-05
ENSG00000061794	9.088286855526784e-05
ENSG00000130396	9.086378071752309e-05
ENSG00000176692	9.085535796411685e-05
ENSG00000081059	9.08182100053394e-05
ENSG00000112877	9.078772155098337e-05
ENSG00000139746	9.077331926612992e-05
ENSG00000006634	9.076879378569379e-05
ENSG00000127511	9.075247009005566e-05
ENSG00000062725	9.0708363217548e-05
ENSG00000144674	9.066328504524549e-05
ENSG00000185532	9.06495297077708e-05
ENSG00000104689	9.060106419992467e-05
ENSG00000110876	9.059230678876985e-05
ENSG00000078900	9.055462406509385e-05
ENSG00000107758	9.049219616224927e-05
ENSG00000275074	9.047961034934803e-05
ENSG00000180182	9.046535187363824e-05
ENSG00000069482	9.040582695816075e-05
ENSG00000131748	9.030265516125401e-05
ENSG00000106009	9.026009606777618e-05
ENSG00000171466	9.023828920352484e-05
ENSG00000143258	9.021935141428764e-05
ENSG00000105290	9.02095787637449e-05
ENSG00000120093	9.02039670245164e-05
ENSG00000151748	9.013636933268698e-05
ENSG00000168291	9.01238354471561e-05
ENSG00000156976	9.006821982800403e-05
ENSG00000180628	9.006212497899599e-05
ENSG00000054267	9.005462572379673e-05
ENSG00000119772	9.003135581919981e-05
ENSG00000043093	9.002178425382498e-05
ENSG00000160072	9.00127005470997e-05
ENSG00000115207	8.999724736340362e-05
ENSG00000198945	8.996686481568884e-05
ENSG00000035499	8.996361217059699e-05
ENSG00000142273	8.994399615959141e-05
ENSG00000132466	8.994379507438605e-05
ENSG00000139318	8.994216301307808e-05
ENSG00000057663	8.989806674872921e-05
ENSG00000136267	8.987974421769986e-05
ENSG00000164611	8.976353884173737e-05
ENSG00000146535	8.975170750112121e-05
ENSG00000101082	8.970378635335222e-05
ENSG00000099385	8.967040100701427e-05
ENSG00000147649	8.966084116222946e-05
ENSG00000198917	8.962139637200023e-05
ENSG00000075702	8.961455400732435e-05
ENSG00000169249	8.961264957036854e-05
ENSG00000143119	8.960724158034837e-05
ENSG00000092841	8.958036096300583e-05
ENSG00000134323	8.957820904420174e-05
ENSG00000161638	8.955972415995895e-05
ENSG00000153044	8.954011612906841e-05
ENSG00000179262	8.951267340417001e-05
ENSG00000274641	8.950204061818004e-05
ENSG00000086015	8.947405994325878e-05
ENSG00000128159	8.94600424068888e-05
ENSG00000126012	8.938849117309467e-05
ENSG00000117148	8.936800105941417e-05
ENSG00000003402	8.933637388935966e-05
ENSG00000127580	8.932607456322e-05
ENSG00000141030	8.93149682205733e-05
ENSG00000140153	8.928720724403694e-05
ENSG00000197265	8.923647015094141e-05
ENSG00000187790	8.923330908884406e-05
ENSG00000284126	8.923048856616911e-05
ENSG00000163867	8.922845017740008e-05
ENSG00000025800	8.917687749771287e-05
ENSG00000104064	8.915018824805068e-05
ENSG00000185787	8.914360094103928e-05
ENSG00000101639	8.911314887940196e-05
ENSG00000082175	8.901742099718062e-05
ENSG00000109511	8.899608771038727e-05
ENSG00000177156	8.898709357413806e-05
ENSG00000172785	8.897836762193286e-05
ENSG00000181788	8.894612381576172e-05
ENSG00000133110	8.892566335749637e-05
ENSG00000038358	8.883685421029763e-05
ENSG00000188986	8.879221604570974e-05
ENSG00000162702	8.877495586838389e-05
ENSG00000163623	8.868537711151435e-05
ENSG00000126882	8.86555507445051e-05
ENSG00000206075	8.865375195521754e-05
ENSG00000106399	8.86408787120651e-05
ENSG00000179151	8.858637723860206e-05
ENSG00000001167	8.856240931321884e-05
ENSG00000178096	8.856047795236358e-05
ENSG00000076604	8.855160277330165e-05
ENSG00000173917	8.854743117930765e-05
ENSG00000074181	8.854314693589594e-05
ENSG00000130758	8.852655955310486e-05
ENSG00000105255	8.85245242560954e-05
ENSG00000100297	8.846546943416567e-05
ENSG00000189431	8.841353920554935e-05
ENSG00000198774	8.840573054222844e-05
ENSG00000157613	8.839248581289954e-05
ENSG00000163635	8.839058958928301e-05
ENSG00000118971	8.83778125519459e-05
ENSG00000134480	8.835051308389485e-05
ENSG00000167881	8.834561531401898e-05
ENSG00000186416	8.831917067505152e-05
ENSG00000035928	8.83060314267839e-05
ENSG00000116161	8.830279918928903e-05
ENSG00000092969	8.829412803137925e-05
ENSG00000174021	8.828345047928298e-05
ENSG00000168298	8.826805915776169e-05
ENSG00000196659	8.824463809079806e-05
ENSG00000281277	8.821883858060573e-05
ENSG00000107951	8.817897868760235e-05
ENSG00000198276	8.813648189826857e-05
ENSG00000170035	8.805358338282959e-05
ENSG00000184281	8.793792046404447e-05
ENSG00000168621	8.792354420747222e-05
ENSG00000131408	8.791768899639858e-05
ENSG00000129562	8.791360193489217e-05
ENSG00000171793	8.78910597964947e-05
ENSG00000105679	8.787229064508514e-05
ENSG00000167657	8.785699421362501e-05
ENSG00000175305	8.785444569884643e-05
ENSG00000112312	8.782755486650621e-05
ENSG00000157077	8.780751458397185e-05
ENSG00000161405	8.777721827375715e-05
ENSG00000077312	8.769809871144856e-05
ENSG00000148848	8.762370518082743e-05
ENSG00000185900	8.761827505117101e-05
ENSG00000188033	8.752884046880589e-05
ENSG00000107295	8.752270196638193e-05
ENSG00000135605	8.74938121013388e-05
ENSG00000172530	8.744475075509946e-05
ENSG00000137692	8.737993502711097e-05
ENSG00000172586	8.737023880072911e-05
ENSG00000168003	8.736812656104275e-05
ENSG00000066032	8.724365410181606e-05
ENSG00000166747	8.7243002488709e-05
ENSG00000170144	8.717701990702299e-05
ENSG00000126602	8.716267582118586e-05
ENSG00000074201	8.71615235000094e-05
ENSG00000100883	8.715358499012605e-05
ENSG00000116741	8.715201760616606e-05
ENSG00000131507	8.713695350519972e-05
ENSG00000123143	8.712336240724369e-05
ENSG00000187051	8.705180001649647e-05
ENSG00000115170	8.701206885912784e-05
ENSG00000054118	8.695918986496894e-05
ENSG00000167792	8.695104944314678e-05
ENSG00000108469	8.685919267606772e-05
ENSG00000138768	8.677035477155505e-05
ENSG00000111424	8.674261148565193e-05
ENSG00000257365	8.674241933590762e-05
ENSG00000013725	8.665349782299211e-05
ENSG00000159111	8.664880731156288e-05
ENSG00000118271	8.664501249539614e-05
ENSG00000085063	8.663199894852976e-05
ENSG00000124783	8.662733792876139e-05
ENSG00000197448	8.660867614616661e-05
ENSG00000257923	8.65942343013967e-05
ENSG00000002834	8.659159076105575e-05
ENSG00000156345	8.658297117964864e-05
ENSG00000050426	8.655702851813546e-05
ENSG00000126562	8.652171942901844e-05
ENSG00000116039	8.64259492934796e-05
ENSG00000090989	8.642194240735561e-05
ENSG00000197249	8.641655236381842e-05
ENSG00000100296	8.641032688721107e-05
ENSG00000147044	8.640397643430068e-05
ENSG00000115307	8.636773026400403e-05
ENSG00000046604	8.634736879335331e-05
ENSG00000185420	8.63362557221777e-05
ENSG00000165629	8.631996596199188e-05
ENSG00000138182	8.631930988347977e-05
ENSG00000120215	8.628702244584711e-05
ENSG00000155313	8.628428060999262e-05
ENSG00000285339	8.624526864577334e-05
ENSG00000288325	8.624401378359831e-05
ENSG00000182511	8.623549517088847e-05
ENSG00000166813	8.61879620008811e-05
ENSG00000102878	8.618176567604421e-05
ENSG00000239857	8.615879710291687e-05
ENSG00000134013	8.608499552754722e-05
ENSG00000163466	8.60745921255522e-05
ENSG00000107779	8.607251879172982e-05
ENSG00000196586	8.60011707368572e-05
ENSG00000125818	8.597919068358962e-05
ENSG00000174744	8.597692581049102e-05
ENSG00000163630	8.588673111772955e-05
ENSG00000143373	8.58703615762747e-05
ENSG00000124688	8.585201483880459e-05
ENSG00000163374	8.584733448321662e-05
ENSG00000148356	8.581956659532602e-05
ENSG00000075651	8.577570115595527e-05
ENSG00000139116	8.576030908070713e-05
ENSG00000164941	8.57416951742053e-05
ENSG00000102908	8.571649392525073e-05
ENSG00000147669	8.571318384680662e-05
ENSG00000147509	8.570413302195031e-05
ENSG00000151304	8.564072373548201e-05
ENSG00000152332	8.562261533121216e-05
ENSG00000144591	8.560893922657137e-05
ENSG00000083844	8.559164484921932e-05
ENSG00000042088	8.558137730514453e-05
ENSG00000123159	8.557023663848239e-05
ENSG00000072315	8.55357678223423e-05
ENSG00000105880	8.552520408805346e-05
ENSG00000231135	8.55231112356654e-05
ENSG00000155659	8.549826371111944e-05
ENSG00000114446	8.544350348010746e-05
ENSG00000198049	8.536812254598734e-05
ENSG00000255423	8.534992441115084e-05
ENSG00000175467	8.534571429585279e-05
ENSG00000092094	8.533878188729843e-05
ENSG00000100014	8.524394602312703e-05
ENSG00000170689	8.52160151840905e-05
ENSG00000173273	8.520454981127459e-05
ENSG00000107882	8.514646487495677e-05
ENSG00000077549	8.510826608080753e-05
ENSG00000162910	8.510805328020517e-05
ENSG00000111786	8.510699648371642e-05
ENSG00000164107	8.508044945967805e-05
ENSG00000163904	8.502645646268992e-05
ENSG00000185651	8.500226519003544e-05
ENSG00000100280	8.497187777985439e-05
ENSG00000141298	8.495021159095398e-05
ENSG00000119707	8.493402181687652e-05
ENSG00000139083	8.489093461802828e-05
ENSG00000183763	8.487759881732474e-05
ENSG00000171681	8.486591426573841e-05
ENSG00000088930	8.485791480933023e-05
ENSG00000100504	8.484716926577415e-05
ENSG00000172239	8.483797641129593e-05
ENSG00000101161	8.482293597622648e-05
ENSG00000142856	8.481213119326894e-05
ENSG00000282972	8.479461132509798e-05
ENSG00000119139	8.478392489384977e-05
ENSG00000197616	8.476062425469203e-05
ENSG00000105983	8.47571321599434e-05
ENSG00000162772	8.46802553734846e-05
ENSG00000142166	8.457393003379476e-05
ENSG00000166451	8.453460208788319e-05
ENSG00000155849	8.451011347465181e-05
ENSG00000100395	8.448862787195988e-05
ENSG00000136527	8.444978850291071e-05
ENSG00000078177	8.443455233612314e-05
ENSG00000183873	8.43509213557959e-05
ENSG00000163125	8.433172125789257e-05
ENSG00000168264	8.431652542440461e-05
ENSG00000102145	8.425267382105889e-05
ENSG00000170180	8.418148836267125e-05
ENSG00000176170	8.417002138669946e-05
ENSG00000231116	8.413394374542765e-05
ENSG00000206560	8.408869380053354e-05
ENSG00000137171	8.405841522022649e-05
ENSG00000174483	8.402790750844845e-05
ENSG00000160447	8.402739769103252e-05
ENSG00000160299	8.402493289438901e-05
ENSG00000133773	8.402408632666583e-05
ENSG00000161847	8.40141498152338e-05
ENSG00000101997	8.397620893622311e-05
ENSG00000288217	8.396354973095246e-05
ENSG00000123609	8.39545041305356e-05
ENSG00000263001	8.394778168872158e-05
ENSG00000198799	8.394110083201929e-05
ENSG00000154764	8.391930322539433e-05
ENSG00000152520	8.38975312893696e-05
ENSG00000106344	8.386205099815941e-05
ENSG00000079805	8.386109287119031e-05
ENSG00000175097	8.384464857224506e-05
ENSG00000086200	8.381702757337356e-05
ENSG00000275835	8.377922006824203e-05
ENSG00000162236	8.376004127039365e-05
ENSG00000168710	8.370644481776274e-05
ENSG00000182899	8.369854916392722e-05
ENSG00000106245	8.362961429659045e-05
ENSG00000153933	8.362886269007281e-05
ENSG00000134201	8.361232288341992e-05
ENSG00000164258	8.358677584416388e-05
ENSG00000120498	8.342380390770149e-05
ENSG00000174243	8.34092794333834e-05
ENSG00000089234	8.336852699781647e-05
ENSG00000108518	8.335527328221087e-05
ENSG00000104447	8.33016068495819e-05
ENSG00000131504	8.329180952293321e-05
ENSG00000196878	8.327734255286979e-05
ENSG00000276561	8.323897429145156e-05
ENSG00000111653	8.319493353286779e-05
ENSG00000099995	8.315321302781827e-05
ENSG00000100796	8.314722405048794e-05
ENSG00000108349	8.314701630058593e-05
ENSG00000132692	8.314597498035726e-05
ENSG00000143612	8.312151883824887e-05
ENSG00000277633	8.311911950517297e-05
ENSG00000163611	8.311588466707392e-05
ENSG00000112651	8.310467118789843e-05
ENSG00000196584	8.310020388165444e-05
ENSG00000101958	8.308477344781829e-05
ENSG00000198554	8.300882154679713e-05
ENSG00000183431	8.299493167967597e-05
ENSG00000284916	8.29772790197584e-05
ENSG00000115310	8.294110638747998e-05
ENSG00000171148	8.288154781529517e-05
ENSG00000021776	8.28595287758436e-05
ENSG00000173020	8.284691814298236e-05
ENSG00000111237	8.2829035439851e-05
ENSG00000106633	8.279146609032492e-05
ENSG00000137871	8.278670267167875e-05
ENSG00000168118	8.26993644737628e-05
ENSG00000157554	8.265630984930991e-05
ENSG00000215305	8.26398003041849e-05
ENSG00000086827	8.263084943676366e-05
ENSG00000101457	8.26156759849053e-05
ENSG00000166091	8.259833971924527e-05
ENSG00000117450	8.258328848183596e-05
ENSG00000091409	8.257548039148362e-05
ENSG00000196159	8.250674382087405e-05
ENSG00000178209	8.249661583756762e-05
ENSG00000099860	8.249417475207816e-05
ENSG00000168077	8.247700207751073e-05
ENSG00000168685	8.246823048645849e-05
ENSG00000022267	8.237780277358494e-05
ENSG00000116586	8.237531913817869e-05
ENSG00000019102	8.233312544113602e-05
ENSG00000151079	8.229610906125033e-05
ENSG00000149177	8.226607273948243e-05
ENSG00000140968	8.226531488536031e-05
ENSG00000114013	8.222862949137599e-05
ENSG00000100526	8.220324091960702e-05
ENSG00000134313	8.217319444638049e-05
ENSG00000089639	8.216926805169478e-05
ENSG00000124827	8.215061862984946e-05
ENSG00000112033	8.2146943897317e-05
ENSG00000104140	8.213375918514713e-05
ENSG00000124302	8.21086610475438e-05
ENSG00000244687	8.208153799437763e-05
ENSG00000134202	8.204427528798287e-05
ENSG00000116641	8.202305981228873e-05
ENSG00000148337	8.193290805544547e-05
ENSG00000099991	8.190725536861237e-05
ENSG00000176884	8.189974422383509e-05
ENSG00000113649	8.189944631132772e-05
ENSG00000168495	8.188175433266936e-05
ENSG00000066855	8.187007475923105e-05
ENSG00000147679	8.18194313738693e-05
ENSG00000089775	8.180842898723517e-05
ENSG00000147224	8.179982014142218e-05
ENSG00000159140	8.179118222567473e-05
ENSG00000091651	8.178108264639134e-05
ENSG00000255150	8.17766751743675e-05
ENSG00000170989	8.176219806278263e-05
ENSG00000115816	8.174934389351481e-05
ENSG00000105323	8.173698026982612e-05
ENSG00000083223	8.173235178305505e-05
ENSG00000123836	8.170937457307639e-05
ENSG00000108061	8.16734211272383e-05
ENSG00000181938	8.161198767792864e-05
ENSG00000156858	8.154761680761015e-05
ENSG00000017797	8.15149156288084e-05
ENSG00000110031	8.149849414551541e-05
ENSG00000108298	8.14864255918554e-05
ENSG00000165512	8.146631393352963e-05
ENSG00000140374	8.143739138580983e-05
ENSG00000185479	8.142938946182958e-05
ENSG00000135521	8.141844481873394e-05
ENSG00000119402	8.140725381018338e-05
ENSG00000115935	8.136248253296787e-05
ENSG00000196998	8.130906742069963e-05
ENSG00000168438	8.12851825922057e-05
ENSG00000127837	8.128460789615312e-05
ENSG00000172115	8.123102283586187e-05
ENSG00000106400	8.122560620989304e-05
ENSG00000108854	8.121575110540807e-05
ENSG00000276726	8.116639559947698e-05
ENSG00000111364	8.113884690910588e-05
ENSG00000175606	8.111730781212403e-05
ENSG00000117222	8.108759010449567e-05
ENSG00000139679	8.108713117517206e-05
ENSG00000087258	8.104095514093741e-05
ENSG00000160801	8.096032947132504e-05
ENSG00000265681	8.095624329662993e-05
ENSG00000112081	8.095619625731413e-05
ENSG00000055163	8.093988683671927e-05
ENSG00000140600	8.084093404388773e-05
ENSG00000122691	8.077025379572151e-05
ENSG00000100425	8.076512234947455e-05
ENSG00000103769	8.073908413513167e-05
ENSG00000129221	8.07309504961028e-05
ENSG00000135541	8.07228567425776e-05
ENSG00000101752	8.072007718289488e-05
ENSG00000115540	8.071376736750345e-05
ENSG00000080200	8.067053057600826e-05
ENSG00000177694	8.064091772977504e-05
ENSG00000173110	8.06047402056988e-05
ENSG00000014216	8.05950128630073e-05
ENSG00000158485	8.059007827547489e-05
ENSG00000100055	8.058251204863043e-05
ENSG00000156860	8.05469388709072e-05
ENSG00000229117	8.051783138396941e-05
ENSG00000167984	8.047861854539112e-05
ENSG00000113648	8.041124401794225e-05
ENSG00000110799	8.039373511394313e-05
ENSG00000132639	8.03838565516195e-05
ENSG00000067704	8.033101862096236e-05
ENSG00000129450	8.031984972611612e-05
ENSG00000079689	8.030842746315305e-05
ENSG00000129654	8.028020050640717e-05
ENSG00000058262	8.023724627429738e-05
ENSG00000137642	8.022280036946666e-05
ENSG00000126453	8.017425760898644e-05
ENSG00000076554	8.014572401044383e-05
ENSG00000102287	8.013127634016543e-05
ENSG00000283447	8.010358966494746e-05
ENSG00000186812	8.0096267684607e-05
ENSG00000134760	8.008967087945468e-05
ENSG00000142173	8.003690368521473e-05
ENSG00000064419	7.997608196327156e-05
ENSG00000176101	7.992050126956234e-05
ENSG00000128340	7.988120757619517e-05
ENSG00000074755	7.985398683567682e-05
ENSG00000096070	7.984738210122883e-05
ENSG00000170632	7.982699330164592e-05
ENSG00000273594	7.976503728304126e-05
ENSG00000123560	7.97380428322113e-05
ENSG00000102100	7.969586637884192e-05
ENSG00000172667	7.963319541597584e-05
ENSG00000143337	7.943130873095507e-05
ENSG00000183530	7.93640475952391e-05
ENSG00000112685	7.934856266900812e-05
ENSG00000135968	7.933843090481718e-05
ENSG00000167625	7.93383652699193e-05
ENSG00000198758	7.929729569521333e-05
ENSG00000178372	7.92137243856466e-05
ENSG00000110422	7.920018412478169e-05
ENSG00000065675	7.918779620678912e-05
ENSG00000082153	7.916979806413762e-05
ENSG00000131721	7.916290662073706e-05
ENSG00000169371	7.913435912205327e-05
ENSG00000181847	7.913311947865969e-05
ENSG00000172197	7.906309935624256e-05
ENSG00000104154	7.905077913052297e-05
ENSG00000104267	7.901785019154144e-05
ENSG00000133020	7.898556899299659e-05
ENSG00000284021	7.893519207028661e-05
ENSG00000180999	7.889880945918401e-05
ENSG00000069424	7.88954045492629e-05
ENSG00000167460	7.887207257762486e-05
ENSG00000177283	7.886292481628699e-05
ENSG00000089012	7.884919964043953e-05
ENSG00000088179	7.883387437566974e-05
ENSG00000137845	7.882135968120341e-05
ENSG00000125968	7.881206183988464e-05
ENSG00000077800	7.878208250413363e-05
ENSG00000116701	7.877974053171693e-05
ENSG00000116703	7.876167176151129e-05
ENSG00000187954	7.875332972907534e-05
ENSG00000145861	7.873850724551049e-05
ENSG00000152240	7.873739086008723e-05
ENSG00000156273	7.872714902162182e-05
ENSG00000115594	7.867908321559439e-05
ENSG00000160310	7.867325212223625e-05
ENSG00000025156	7.858374328675328e-05
ENSG00000095319	7.854931224659544e-05
ENSG00000164329	7.852659479716817e-05
ENSG00000158828	7.851301114874202e-05
ENSG00000172071	7.851264861612237e-05
ENSG00000005100	7.849971172566756e-05
ENSG00000057935	7.848227242412778e-05
ENSG00000112697	7.847610194347741e-05
ENSG00000138663	7.846960368026066e-05
ENSG00000120251	7.846925873736935e-05
ENSG00000155506	7.846028247983665e-05
ENSG00000143870	7.84345666320143e-05
ENSG00000114439	7.838954496630175e-05
ENSG00000165637	7.837629573450681e-05
ENSG00000108309	7.826976621726798e-05
ENSG00000079385	7.825719148646096e-05
ENSG00000014138	7.822074317403404e-05
ENSG00000160803	7.818256552360955e-05
ENSG00000136603	7.811572636980212e-05
ENSG00000169976	7.810405818303858e-05
ENSG00000114784	7.801105301233368e-05
ENSG00000182325	7.799249801923216e-05
ENSG00000213339	7.794614122879702e-05
ENSG00000158195	7.793493602442518e-05
ENSG00000079819	7.78740374214362e-05
ENSG00000153561	7.786528186665945e-05
ENSG00000064989	7.780566947024793e-05
ENSG00000144320	7.780460891331853e-05
ENSG00000138744	7.775119941100794e-05
ENSG00000189043	7.762521296107934e-05
ENSG00000111245	7.760754023401989e-05
ENSG00000114904	7.757635970364306e-05
ENSG00000121966	7.749280626784816e-05
ENSG00000107438	7.747000458225854e-05
ENSG00000172613	7.746357835951344e-05
ENSG00000132938	7.742274783233873e-05
ENSG00000172638	7.742092668542603e-05
ENSG00000183087	7.740864607727405e-05
ENSG00000152291	7.74006496070521e-05
ENSG00000111605	7.735651387596336e-05
ENSG00000102218	7.735265170189669e-05
ENSG00000105127	7.733864144351206e-05
ENSG00000057294	7.733214471117983e-05
ENSG00000174437	7.730078683187209e-05
ENSG00000124253	7.726091729934847e-05
ENSG00000160710	7.718912764615001e-05
ENSG00000075151	7.717713985588525e-05
ENSG00000170775	7.716601974595574e-05
ENSG00000141380	7.714643329153218e-05
ENSG00000011258	7.704173219273683e-05
ENSG00000137699	7.703654942630174e-05
ENSG00000177700	7.702935511331013e-05
ENSG00000261371	7.698867004026846e-05
ENSG00000140990	7.693161504797285e-05
ENSG00000119787	7.692996307159592e-05
ENSG00000282958	7.683665948102256e-05
ENSG00000135413	7.678021330190494e-05
ENSG00000232312	7.675150775005733e-05
ENSG00000168564	7.671917037587006e-05
ENSG00000010278	7.670843337306444e-05
ENSG00000101162	7.670447922643995e-05
ENSG00000156603	7.667709831221611e-05
ENSG00000185149	7.664468779527888e-05
ENSG00000029725	7.657485806495727e-05
ENSG00000011275	7.656387369777242e-05
ENSG00000168096	7.650616989421238e-05
ENSG00000175065	7.649895753934049e-05
ENSG00000111859	7.647024202945749e-05
ENSG00000122034	7.645717673470328e-05
ENSG00000111275	7.639044500333857e-05
ENSG00000116852	7.63801936843411e-05
ENSG00000154914	7.630509019057502e-05
ENSG00000197535	7.630159530697937e-05
ENSG00000127666	7.627687839415468e-05
ENSG00000149294	7.619633393858363e-05
ENSG00000182831	7.618729547868665e-05
ENSG00000107164	7.608984744717215e-05
ENSG00000147533	7.604874576204348e-05
ENSG00000185008	7.604237325140973e-05
ENSG00000231924	7.604218888160623e-05
ENSG00000087502	7.601609479991894e-05
ENSG00000137573	7.593933828127537e-05
ENSG00000164867	7.591091093479092e-05
ENSG00000130234	7.589539236464512e-05
ENSG00000087299	7.58678743623218e-05
ENSG00000092203	7.585310361815097e-05
ENSG00000172380	7.582245106067666e-05
ENSG00000090273	7.581229104028958e-05
ENSG00000128512	7.580848686778849e-05
ENSG00000076201	7.576862451321023e-05
ENSG00000173914	7.575358200495644e-05
ENSG00000228405	7.572335810663845e-05
ENSG00000122180	7.564913788331072e-05
ENSG00000154380	7.563755813078978e-05
ENSG00000198728	7.562441290332539e-05
ENSG00000143569	7.561857981890096e-05
ENSG00000148834	7.561079871138191e-05
ENSG00000173660	7.556147448715291e-05
ENSG00000116903	7.554941718240152e-05
ENSG00000185619	7.552036098745959e-05
ENSG00000156467	7.549867207164297e-05
ENSG00000170236	7.546331047639544e-05
ENSG00000106305	7.535815451817482e-05
ENSG00000164506	7.533529384327063e-05
ENSG00000105576	7.532337936318451e-05
ENSG00000177058	7.531344536518783e-05
ENSG00000179134	7.530272531484656e-05
ENSG00000107815	7.530158186995276e-05
ENSG00000111837	7.51896498649168e-05
ENSG00000148634	7.51838865389525e-05
ENSG00000070061	7.517502152941831e-05
ENSG00000099624	7.51513951183027e-05
ENSG00000183495	7.512314056905696e-05
ENSG00000197056	7.508367086220235e-05
ENSG00000164303	7.507109804889135e-05
ENSG00000230143	7.50573780437503e-05
ENSG00000198604	7.504652210665457e-05
ENSG00000120688	7.502675836871572e-05
ENSG00000080802	7.500841991454286e-05
ENSG00000070669	7.498664798518935e-05
ENSG00000169242	7.498026242115253e-05
ENSG00000063322	7.4979772861828e-05
ENSG00000174307	7.496281962303844e-05
ENSG00000071243	7.495443809894471e-05
ENSG00000152147	7.493100576002541e-05
ENSG00000171772	7.488619696007734e-05
ENSG00000140382	7.486175327936426e-05
ENSG00000096746	7.485496766574834e-05
ENSG00000136750	7.481483474372029e-05
ENSG00000124422	7.477995986452063e-05
ENSG00000154133	7.472956113187084e-05
ENSG00000162408	7.47163128941278e-05
ENSG00000122958	7.471266708177128e-05
ENSG00000115685	7.469486186389269e-05
ENSG00000179841	7.463349540237898e-05
ENSG00000106346	7.4612392414066e-05
ENSG00000277258	7.459196968830981e-05
ENSG00000143033	7.458419979332836e-05
ENSG00000127588	7.457681870582816e-05
ENSG00000182162	7.44958528103031e-05
ENSG00000108590	7.442615335604699e-05
ENSG00000122779	7.430022126061176e-05
ENSG00000120306	7.428261903853754e-05
ENSG00000076053	7.421525237827867e-05
ENSG00000121653	7.420405635709286e-05
ENSG00000006788	7.416555630143125e-05
ENSG00000283068	7.416477875157018e-05
ENSG00000100523	7.415657945163899e-05
ENSG00000282928	7.415399626827334e-05
ENSG00000177051	7.413962497410716e-05
ENSG00000166128	7.409208286374794e-05
ENSG00000138175	7.407561731092311e-05
ENSG00000262634	7.406764052631665e-05
ENSG00000104356	7.404282450601496e-05
ENSG00000178028	7.401573636535127e-05
ENSG00000233822	7.400850274843768e-05
ENSG00000164068	7.400189392834821e-05
ENSG00000112561	7.395155829399115e-05
ENSG00000138080	7.393310293701816e-05
ENSG00000090686	7.391990888830425e-05
ENSG00000163681	7.390946744575493e-05
ENSG00000282899	7.388624372331662e-05
ENSG00000141873	7.384565420485759e-05
ENSG00000102021	7.38303165022997e-05
ENSG00000101811	7.38265251595049e-05
ENSG00000116670	7.37674881268852e-05
ENSG00000007264	7.376673496596532e-05
ENSG00000132485	7.375028068181609e-05
ENSG00000137462	7.366684981554611e-05
ENSG00000183814	7.359130745199208e-05
ENSG00000141756	7.358627533712811e-05
ENSG00000106511	7.35707854179807e-05
ENSG00000187123	7.354902912336509e-05
ENSG00000078053	7.354688515081381e-05
ENSG00000100813	7.352430512059164e-05
ENSG00000118972	7.344404754951472e-05
ENSG00000119396	7.337513909902582e-05
ENSG00000105404	7.330705431398115e-05
ENSG00000143502	7.330632740390553e-05
ENSG00000158806	7.327035339372655e-05
ENSG00000063978	7.325331566670364e-05
ENSG00000151490	7.322789134494646e-05
ENSG00000145912	7.314168073386715e-05
ENSG00000175110	7.313515976652303e-05
ENSG00000042429	7.312879341666978e-05
ENSG00000125753	7.307664778727859e-05
ENSG00000115165	7.30455951099321e-05
ENSG00000166164	7.302236651241632e-05
ENSG00000123094	7.30048234479012e-05
ENSG00000100216	7.298462359546065e-05
ENSG00000115993	7.296877668516877e-05
ENSG00000117408	7.295094870717216e-05
ENSG00000133398	7.287736752832734e-05
ENSG00000143226	7.287139942829185e-05
ENSG00000079841	7.287126323172209e-05
ENSG00000111775	7.282070314065521e-05
ENSG00000134259	7.279239904500069e-05
ENSG00000118200	7.275988905596528e-05
ENSG00000135124	7.268205237499119e-05
ENSG00000130520	7.260083133432983e-05
ENSG00000143811	7.258421362883086e-05
ENSG00000081189	7.256294787720152e-05
ENSG00000160741	7.254605324246582e-05
ENSG00000169925	7.253895445741004e-05
ENSG00000118922	7.250892441202728e-05
ENSG00000127554	7.2462992074164e-05
ENSG00000169245	7.245173598510027e-05
ENSG00000115289	7.240336467204703e-05
ENSG00000145147	7.236921955965899e-05
ENSG00000153563	7.236082242694604e-05
ENSG00000090776	7.233733939733978e-05
ENSG00000157240	7.23316984239522e-05
ENSG00000160813	7.230662111212176e-05
ENSG00000142675	7.2304955389365e-05
ENSG00000154556	7.222965197086704e-05
ENSG00000182473	7.2196082813502e-05
ENSG00000173611	7.21185534120024e-05
ENSG00000136842	7.20887649326528e-05
ENSG00000119509	7.202881043251154e-05
ENSG00000082512	7.19867776433647e-05
ENSG00000204010	7.197268790766653e-05
ENSG00000163898	7.194510499178941e-05
ENSG00000126351	7.19391272870508e-05
ENSG00000018189	7.19283009840847e-05
ENSG00000170178	7.192653818200585e-05
ENSG00000133059	7.182280996563894e-05
ENSG00000137221	7.181999576575062e-05
ENSG00000111252	7.180979446293473e-05
ENSG00000154310	7.18011193012136e-05
ENSG00000197070	7.17679507310908e-05
ENSG00000129226	7.159949875976915e-05
ENSG00000164326	7.151107731382415e-05
ENSG00000109674	7.149759603412234e-05
ENSG00000164086	7.149080145377031e-05
ENSG00000139329	7.147654269410098e-05
ENSG00000128714	7.147275835342785e-05
ENSG00000159110	7.146659552982131e-05
ENSG00000105732	7.144928043645867e-05
ENSG00000123737	7.143328504997305e-05
ENSG00000100075	7.143039520988593e-05
ENSG00000146733	7.142903085913186e-05
ENSG00000183023	7.142130421293477e-05
ENSG00000174010	7.139672544467228e-05
ENSG00000085514	7.136192426788893e-05
ENSG00000197971	7.132762594952896e-05
ENSG00000057608	7.131220853354888e-05
ENSG00000157227	7.127295317896146e-05
ENSG00000152578	7.126682412832981e-05
ENSG00000283780	7.122862127459151e-05
ENSG00000169255	7.119748075022543e-05
ENSG00000152104	7.119027666285162e-05
ENSG00000165953	7.117852337550934e-05
ENSG00000164508	7.113522685462363e-05
ENSG00000183137	7.105903315461715e-05
ENSG00000151498	7.10377664251785e-05
ENSG00000167112	7.102880750138147e-05
ENSG00000163541	7.102433437121999e-05
ENSG00000242485	7.10130376623403e-05
ENSG00000106976	7.09588371786493e-05
ENSG00000105701	7.085889242059211e-05
ENSG00000004961	7.07861553903746e-05
ENSG00000100429	7.076817054341104e-05
ENSG00000239789	7.072087121194199e-05
ENSG00000048649	7.062808506843193e-05
ENSG00000173372	7.058046477074357e-05
ENSG00000168395	7.05576352230284e-05
ENSG00000186038	7.05452076012049e-05
ENSG00000104388	7.052974626252034e-05
ENSG00000213413	7.052956526302202e-05
ENSG00000100479	7.051865598671354e-05
ENSG00000095981	7.048152146272455e-05
ENSG00000135083	7.04719078953777e-05
ENSG00000076248	7.045476762745325e-05
ENSG00000165283	7.042240249311846e-05
ENSG00000160307	7.038482469533192e-05
ENSG00000112293	7.037836063148658e-05
ENSG00000196616	7.034549172813486e-05
ENSG00000132424	7.033819571219721e-05
ENSG00000120992	7.033629763977581e-05
ENSG00000126458	7.032694661405636e-05
ENSG00000120500	7.024586672545907e-05
ENSG00000185947	7.023649550414762e-05
ENSG00000106086	7.023516495862118e-05
ENSG00000205339	7.013487962058356e-05
ENSG00000102081	7.01332705710833e-05
ENSG00000240505	7.009073581706196e-05
ENSG00000165059	7.008480485694268e-05
ENSG00000109819	7.00376684769909e-05
ENSG00000106571	7.003566368288762e-05
ENSG00000166483	7.002686580554996e-05
ENSG00000150672	6.996512795871772e-05
ENSG00000103154	6.996377254097899e-05
ENSG00000112183	6.995203146429025e-05
ENSG00000155868	6.988765050036445e-05
ENSG00000104812	6.98530149512189e-05
ENSG00000101189	6.98377257383635e-05
ENSG00000134755	6.982959994429693e-05
ENSG00000152422	6.981824353199763e-05
ENSG00000274768	6.97723058159644e-05
ENSG00000069702	6.976737780975466e-05
ENSG00000037965	6.976473886032507e-05
ENSG00000180573	6.969139963081535e-05
ENSG00000077458	6.968468106388582e-05
ENSG00000164919	6.967146828135338e-05
ENSG00000166405	6.964315869132925e-05
ENSG00000132002	6.957455514150092e-05
ENSG00000100307	6.957189886025363e-05
ENSG00000122223	6.95640689262359e-05
ENSG00000165684	6.954588882028008e-05
ENSG00000138696	6.953038232207982e-05
ENSG00000176533	6.949041343654058e-05
ENSG00000162704	6.947952801017206e-05
ENSG00000119699	6.946325885652895e-05
ENSG00000101972	6.94425414901131e-05
ENSG00000058673	6.942563550736955e-05
ENSG00000136891	6.941939266687786e-05
ENSG00000184672	6.941255685978024e-05
ENSG00000138207	6.940989106948056e-05
ENSG00000112339	6.935092548623751e-05
ENSG00000064313	6.932216455255879e-05
ENSG00000130227	6.931174559374041e-05
ENSG00000185896	6.930015055639379e-05
ENSG00000015475	6.929116733129786e-05
ENSG00000285443	6.928078709380882e-05
ENSG00000135363	6.924295359111204e-05
ENSG00000188827	6.923230622753032e-05
ENSG00000214413	6.923120961863708e-05
ENSG00000183454	6.920965088958002e-05
ENSG00000103522	6.917736802468795e-05
ENSG00000072832	6.915121657851901e-05
ENSG00000082805	6.912201093945883e-05
ENSG00000162961	6.912166968027361e-05
ENSG00000162511	6.911380105872009e-05
ENSG00000167721	6.908709882766495e-05
ENSG00000148680	6.90597706977079e-05
ENSG00000175206	6.905462662953433e-05
ENSG00000176014	6.899970758819879e-05
ENSG00000110497	6.899340203328939e-05
ENSG00000007237	6.898740042499225e-05
ENSG00000133706	6.894043704531912e-05
ENSG00000130717	6.8932313435832e-05
ENSG00000106113	6.88735848031553e-05
ENSG00000177105	6.88683776714455e-05
ENSG00000138646	6.886092760431437e-05
ENSG00000099901	6.882811014066468e-05
ENSG00000248144	6.881460670154238e-05
ENSG00000116898	6.879676260463697e-05
ENSG00000161996	6.871673680039469e-05
ENSG00000122140	6.866023889584395e-05
ENSG00000165724	6.864781874683194e-05
ENSG00000101911	6.862222019811202e-05
ENSG00000117139	6.860153652147539e-05
ENSG00000109270	6.859707324083708e-05
ENSG00000185499	6.857449758535897e-05
ENSG00000138755	6.854446119638023e-05
ENSG00000144645	6.853972577208036e-05
ENSG00000168256	6.852192457411883e-05
ENSG00000125618	6.850693340673497e-05
ENSG00000178188	6.848786834946343e-05
ENSG00000165140	6.848315683130036e-05
ENSG00000149100	6.848012689597621e-05
ENSG00000198160	6.846680400064325e-05
ENSG00000214717	6.844948619546261e-05
ENSG00000112763	6.841721668147755e-05
ENSG00000149735	6.830800724791131e-05
ENSG00000146232	6.828143987334563e-05
ENSG00000185515	6.828114942522322e-05
ENSG00000267796	6.825517109320066e-05
ENSG00000117528	6.824198941170878e-05
ENSG00000125775	6.824076796153487e-05
ENSG00000148291	6.821336270894584e-05
ENSG00000099949	6.821117472927348e-05
ENSG00000011007	6.81690168918583e-05
ENSG00000160716	6.815477779411684e-05
ENSG00000167613	6.810758559609378e-05
ENSG00000123975	6.802402697414652e-05
ENSG00000135766	6.796823786523808e-05
ENSG00000100591	6.7946464168488e-05
ENSG00000173113	6.790363114044853e-05
ENSG00000163207	6.789437865276e-05
ENSG00000198954	6.789058047463571e-05
ENSG00000146350	6.786869268462312e-05
ENSG00000158748	6.783852731117333e-05
ENSG00000163519	6.781473318717285e-05
ENSG00000276191	6.779777756177048e-05
ENSG00000110013	6.772739122978019e-05
ENSG00000076928	6.7684261112703e-05
ENSG00000163430	6.764685364226543e-05
ENSG00000132434	6.762355589247284e-05
ENSG00000168569	6.759894938697055e-05
ENSG00000181090	6.757998801995772e-05
ENSG00000158545	6.756800629107904e-05
ENSG00000157557	6.756393528722975e-05
ENSG00000067836	6.752212027577812e-05
ENSG00000102901	6.746357699518752e-05
ENSG00000161813	6.743344923924436e-05
ENSG00000054611	6.739772746480411e-05
ENSG00000069849	6.736138824040426e-05
ENSG00000109771	6.734401928924289e-05
ENSG00000151632	6.731190871268978e-05
ENSG00000048392	6.729854288168709e-05
ENSG00000078668	6.72006273804913e-05
ENSG00000069018	6.719449549326539e-05
ENSG00000196604	6.715674457127874e-05
ENSG00000134109	6.714936947551441e-05
ENSG00000138303	6.713258156009887e-05
ENSG00000165775	6.711731810822173e-05
ENSG00000140265	6.71039860914115e-05
ENSG00000146701	6.709669530437577e-05
ENSG00000147854	6.708940978930155e-05
ENSG00000118513	6.707202902461386e-05
ENSG00000139351	6.706858581963544e-05
ENSG00000155111	6.705728478025337e-05
ENSG00000172262	6.703952675615093e-05
ENSG00000213047	6.699426794752524e-05
ENSG00000136146	6.699169550067684e-05
ENSG00000197321	6.69874426415047e-05
ENSG00000087274	6.697994192764502e-05
ENSG00000112769	6.697319036410291e-05
ENSG00000136986	6.694097953150341e-05
ENSG00000128564	6.692897226748615e-05
ENSG00000116138	6.691101873239855e-05
ENSG00000152284	6.68835431166002e-05
ENSG00000092108	6.682206049373297e-05
ENSG00000211445	6.678497304911244e-05
ENSG00000105383	6.674728590652852e-05
ENSG00000073921	6.673650032957068e-05
ENSG00000109189	6.669869843240035e-05
ENSG00000072958	6.669039061909485e-05
ENSG00000166670	6.668453544934414e-05
ENSG00000276618	6.668275936430231e-05
ENSG00000179119	6.668180439637748e-05
ENSG00000284889	6.667365231287095e-05
ENSG00000185002	6.665790384959998e-05
ENSG00000164342	6.665145403147722e-05
ENSG00000114923	6.660018366736257e-05
ENSG00000163354	6.657447555267026e-05
ENSG00000167207	6.64962132015955e-05
ENSG00000124664	6.64558352397994e-05
ENSG00000101343	6.644855242035987e-05
ENSG00000100979	6.638941131970976e-05
ENSG00000158186	6.638755108965946e-05
ENSG00000095637	6.633845667937892e-05
ENSG00000008838	6.631577759644087e-05
ENSG00000105281	6.631298779389152e-05
ENSG00000122861	6.629169660400295e-05
ENSG00000109171	6.627071563954701e-05
ENSG00000128266	6.623470433365138e-05
ENSG00000105438	6.621692048738937e-05
ENSG00000136717	6.620013476361503e-05
ENSG00000077264	6.617331659055979e-05
ENSG00000188372	6.61706596073193e-05
ENSG00000133884	6.613449038342794e-05
ENSG00000164190	6.61104952672747e-05
ENSG00000205726	6.610527498044314e-05
ENSG00000138385	6.610185528925634e-05
ENSG00000108106	6.607874127235226e-05
ENSG00000169750	6.607607427945807e-05
ENSG00000164053	6.605919503498293e-05
ENSG00000288453	6.605608254129188e-05
ENSG00000154262	6.605307390128442e-05
ENSG00000115884	6.603886049525806e-05
ENSG00000153560	6.602514791714712e-05
ENSG00000107611	6.601454187290692e-05
ENSG00000115226	6.600604233763255e-05
ENSG00000169230	6.598708813754584e-05
ENSG00000241635	6.595469218846257e-05
ENSG00000073614	6.59472916898286e-05
ENSG00000204086	6.594257990308337e-05
ENSG00000183049	6.58779065795152e-05
ENSG00000091879	6.584019800151534e-05
ENSG00000113209	6.582769211942291e-05
ENSG00000146676	6.580388517017104e-05
ENSG00000074590	6.57923150624965e-05
ENSG00000225950	6.57846691858033e-05
ENSG00000153879	6.568214161970424e-05
ENSG00000282956	6.567141000863955e-05
ENSG00000101868	6.566683957431315e-05
ENSG00000279247	6.563314929796594e-05
ENSG00000125741	6.561871555018923e-05
ENSG00000112941	6.561135323891378e-05
ENSG00000166946	6.559712111022499e-05
ENSG00000003436	6.556234982967053e-05
ENSG00000172315	6.555970222907975e-05
ENSG00000100916	6.555702050817184e-05
ENSG00000114349	6.555208346235276e-05
ENSG00000163554	6.554794160391142e-05
ENSG00000178127	6.546148297009904e-05
ENSG00000182154	6.543076408744338e-05
ENSG00000239779	6.541506916914124e-05
ENSG00000174429	6.540180913853114e-05
ENSG00000164081	6.540155292525214e-05
ENSG00000028116	6.537484298922438e-05
ENSG00000157851	6.536400228787796e-05
ENSG00000131470	6.536383015901196e-05
ENSG00000120149	6.533908353389747e-05
ENSG00000213231	6.533624490215566e-05
ENSG00000115657	6.532563846913024e-05
ENSG00000105698	6.531896441407178e-05
ENSG00000165792	6.531895283003858e-05
ENSG00000184178	6.529194961233273e-05
ENSG00000242616	6.525111325686244e-05
ENSG00000113645	6.522903837090435e-05
ENSG00000206072	6.522642934610282e-05
ENSG00000002549	6.520955616684674e-05
ENSG00000167754	6.518171537297186e-05
ENSG00000128908	6.514082838748647e-05
ENSG00000113525	6.511364679984739e-05
ENSG00000096433	6.509177313322913e-05
ENSG00000148308	6.508577531580702e-05
ENSG00000113971	6.504464106784811e-05
ENSG00000173141	6.50370981438823e-05
ENSG00000105486	6.502545742204509e-05
ENSG00000072310	6.502306288935742e-05
ENSG00000149534	6.496060219428925e-05
ENSG00000188529	6.488698704507393e-05
ENSG00000151617	6.488030807668333e-05
ENSG00000076662	6.483738593232935e-05
ENSG00000134697	6.482688162618939e-05
ENSG00000158458	6.478559018975182e-05
ENSG00000196154	6.478009152949794e-05
ENSG00000197557	6.477422594634831e-05
ENSG00000168813	6.47639069810224e-05
ENSG00000121350	6.475982488049787e-05
ENSG00000198791	6.474575377601809e-05
ENSG00000274497	6.473847297666859e-05
ENSG00000137145	6.472958564640666e-05
ENSG00000008710	6.471867628950668e-05
ENSG00000161036	6.469808139690759e-05
ENSG00000168930	6.467050313613812e-05
ENSG00000116001	6.464480476259787e-05
ENSG00000103194	6.46416003888333e-05
ENSG00000107262	6.463588575265064e-05
ENSG00000161270	6.461065197919916e-05
ENSG00000105063	6.458970864353258e-05
ENSG00000169592	6.455185557496318e-05
ENSG00000087111	6.453334007993726e-05
ENSG00000198888	6.452245954613341e-05
ENSG00000178502	6.449793891548223e-05
ENSG00000120733	6.445026598332551e-05
ENSG00000196526	6.442518266680191e-05
ENSG00000185722	6.43690951787594e-05
ENSG00000092621	6.434606576481499e-05
ENSG00000107186	6.420574899843673e-05
ENSG00000244462	6.419366883567359e-05
ENSG00000112280	6.419289118213788e-05
ENSG00000114125	6.418801120114647e-05
ENSG00000049618	6.417018688963002e-05
ENSG00000010404	6.416241234550206e-05
ENSG00000081913	6.414261397319266e-05
ENSG00000166888	6.410882702712532e-05
ENSG00000101265	6.409840174265091e-05
ENSG00000262993	6.407304272183014e-05
ENSG00000080298	6.406650477909975e-05
ENSG00000120656	6.406404983448237e-05
ENSG00000110344	6.405886212165251e-05
ENSG00000182872	6.404038669700774e-05
ENSG00000130340	6.401849865860009e-05
ENSG00000035720	6.400866288919995e-05
ENSG00000115138	6.40028850806552e-05
ENSG00000165934	6.399362660675774e-05
ENSG00000276072	6.398934099538109e-05
ENSG00000171208	6.39804956654204e-05
ENSG00000130640	6.397022777196391e-05
ENSG00000175550	6.394806516885422e-05
ENSG00000147050	6.393937460143612e-05
ENSG00000173272	6.393373214817528e-05
ENSG00000101400	6.39277858349006e-05
ENSG00000182022	6.390041299419613e-05
ENSG00000126261	6.388385321518531e-05
ENSG00000126226	6.385005912082684e-05
ENSG00000109466	6.378987870849304e-05
ENSG00000181104	6.375306703352108e-05
ENSG00000230034	6.371030097559358e-05
ENSG00000130939	6.369795445977675e-05
ENSG00000198610	6.369408923818145e-05
ENSG00000198612	6.368546906002935e-05
ENSG00000115956	6.367453836918518e-05
ENSG00000028277	6.36597796145536e-05
ENSG00000189180	6.365750479607983e-05
ENSG00000006638	6.363206716522303e-05
ENSG00000117362	6.35885615340431e-05
ENSG00000196139	6.353920453228025e-05
ENSG00000063046	6.351917012719876e-05
ENSG00000115593	6.349322380706842e-05
ENSG00000108819	6.338280576226318e-05
ENSG00000075673	6.336541821670228e-05
ENSG00000173258	6.336409734682887e-05
ENSG00000149968	6.33509262280988e-05
ENSG00000130254	6.331922195855049e-05
ENSG00000125845	6.331156828062597e-05
ENSG00000148798	6.331054438693834e-05
ENSG00000177628	6.330280945588668e-05
ENSG00000139668	6.325525204164622e-05
ENSG00000151292	6.325484620174702e-05
ENSG00000006453	6.324720281377215e-05
ENSG00000136450	6.324529285352121e-05
ENSG00000008056	6.322526226822407e-05
ENSG00000163349	6.310616120875108e-05
ENSG00000171953	6.306401709117035e-05
ENSG00000179632	6.304303421827002e-05
ENSG00000288407	6.301020187492026e-05
ENSG00000134873	6.300970101217972e-05
ENSG00000137218	6.298789954374029e-05
ENSG00000140682	6.295326068191515e-05
ENSG00000112282	6.29180647248283e-05
ENSG00000066294	6.290997414806236e-05
ENSG00000132612	6.290984672246663e-05
ENSG00000143393	6.289918219823927e-05
ENSG00000143756	6.288886586041041e-05
ENSG00000103187	6.288235568213405e-05
ENSG00000143442	6.287816004568912e-05
ENSG00000134072	6.2853288634557e-05
ENSG00000165410	6.283555422953141e-05
ENSG00000099917	6.283110881417857e-05
ENSG00000153767	6.279068323980715e-05
ENSG00000136950	6.278898347063682e-05
ENSG00000126216	6.274765935306484e-05
ENSG00000071054	6.271481471383375e-05
ENSG00000143556	6.269538253407791e-05
ENSG00000188488	6.263786909170719e-05
ENSG00000105671	6.259019874627089e-05
ENSG00000101347	6.252739034749164e-05
ENSG00000121690	6.252333615253564e-05
ENSG00000168724	6.251583377688074e-05
ENSG00000135775	6.246657630734662e-05
ENSG00000127831	6.242825166059004e-05
ENSG00000164252	6.237569768587771e-05
ENSG00000125633	6.237204956286322e-05
ENSG00000188895	6.236389571213844e-05
ENSG00000181817	6.236257882576845e-05
ENSG00000221869	6.235801925031189e-05
ENSG00000143493	6.23492269977047e-05
ENSG00000075391	6.22923037697641e-05
ENSG00000182149	6.227312575390003e-05
ENSG00000107968	6.225712618501708e-05
ENSG00000155926	6.225480218422759e-05
ENSG00000276262	6.224934785024792e-05
ENSG00000184374	6.219419748220697e-05
ENSG00000116254	6.218936142841817e-05
ENSG00000180739	6.215838416450615e-05
ENSG00000243489	6.214955351309104e-05
ENSG00000175352	6.208970831252732e-05
ENSG00000124802	6.20866715432972e-05
ENSG00000164080	6.204708499129422e-05
ENSG00000144061	6.199872834878601e-05
ENSG00000133026	6.194492465348297e-05
ENSG00000118162	6.193753771053305e-05
ENSG00000132109	6.19346992586774e-05
ENSG00000157036	6.191676451064053e-05
ENSG00000089682	6.190306885071985e-05
ENSG00000177383	6.186854300339789e-05
ENSG00000086598	6.183105587258652e-05
ENSG00000206557	6.182971162748904e-05
ENSG00000169744	6.18234200821528e-05
ENSG00000163728	6.180690825196098e-05
ENSG00000177542	6.176114373452769e-05
ENSG00000146587	6.175885845225969e-05
ENSG00000152413	6.174014776459121e-05
ENSG00000204316	6.170469648798642e-05
ENSG00000157303	6.170115300533315e-05
ENSG00000082014	6.166543625047487e-05
ENSG00000124784	6.163515292682511e-05
ENSG00000110717	6.161648956643538e-05
ENSG00000115687	6.158927082398087e-05
ENSG00000185483	6.153101430749859e-05
ENSG00000147144	6.15307663354728e-05
ENSG00000147400	6.151647519116394e-05
ENSG00000172927	6.14995854214945e-05
ENSG00000085741	6.146297846675017e-05
ENSG00000228278	6.143012376595353e-05
ENSG00000135047	6.141470830701455e-05
ENSG00000077097	6.14030483527147e-05
ENSG00000177646	6.139571132114813e-05
ENSG00000170454	6.139071215201473e-05
ENSG00000277641	6.137012417150293e-05
ENSG00000116191	6.136933785789875e-05
ENSG00000099804	6.134215320921974e-05
ENSG00000175221	6.13358195894584e-05
ENSG00000178718	6.133574399749429e-05
ENSG00000165215	6.133371311989449e-05
ENSG00000171360	6.132305420105579e-05
ENSG00000108523	6.128075671261279e-05
ENSG00000284260	6.124793597399147e-05
ENSG00000107731	6.124713758210582e-05
ENSG00000021826	6.121980502909064e-05
ENSG00000106052	6.121526093339736e-05
ENSG00000149380	6.12062723628449e-05
ENSG00000170448	6.118931624995682e-05
ENSG00000130299	6.115414392316876e-05
ENSG00000197635	6.113586904774389e-05
ENSG00000134046	6.108173233298547e-05
ENSG00000130347	6.106329213801303e-05
ENSG00000171877	6.105808116466877e-05
ENSG00000138069	6.105795467638178e-05
ENSG00000163170	6.104516624499937e-05
ENSG00000198843	6.0993375086978936e-05
ENSG00000179914	6.0963233272425924e-05
ENSG00000101199	6.0928592582202915e-05
ENSG00000134207	6.090656206735196e-05
ENSG00000164346	6.090008444272085e-05
ENSG00000164985	6.088700358306425e-05
ENSG00000170604	6.0885872450404324e-05
ENSG00000236826	6.088574249077582e-05
ENSG00000118680	6.087739339889662e-05
ENSG00000043514	6.0847874507443364e-05
ENSG00000164134	6.075440473689539e-05
ENSG00000149305	6.072336847205095e-05
ENSG00000118246	6.0718995434894395e-05
ENSG00000125484	6.071825131899082e-05
ENSG00000084207	6.070584564792603e-05
ENSG00000168269	6.068944432677437e-05
ENSG00000151461	6.0682913798428296e-05
ENSG00000068400	6.064583131322311e-05
ENSG00000163209	6.0546681853617275e-05
ENSG00000160305	6.054262625812448e-05
ENSG00000165804	6.05336337130581e-05
ENSG00000182333	6.0510307092373274e-05
ENSG00000131165	6.046753834339916e-05
ENSG00000105675	6.045602208120781e-05
ENSG00000168522	6.044020358359074e-05
ENSG00000131153	6.0393754272312865e-05
ENSG00000058668	6.039103392717929e-05
ENSG00000077380	6.037122981541906e-05
ENSG00000158169	6.035088948132218e-05
ENSG00000101126	6.032960981106543e-05
ENSG00000135547	6.03261913058329e-05
ENSG00000175354	6.03098811272769e-05
ENSG00000173726	6.030514354761766e-05
ENSG00000181192	6.0222717479997656e-05
ENSG00000118785	6.0184377707062247e-05
ENSG00000090382	6.0172767012881966e-05
ENSG00000143171	6.017237782519629e-05
ENSG00000171843	6.0159240323987074e-05
ENSG00000092531	6.014278146007152e-05
ENSG00000213995	6.014167399692819e-05
ENSG00000185379	6.012315998988143e-05
ENSG00000115761	6.0120942371174056e-05
ENSG00000197905	6.011363948193465e-05
ENSG00000106852	6.009606722448349e-05
ENSG00000165525	6.009545777108466e-05
ENSG00000198286	6.008800559556075e-05
ENSG00000167768	6.0079245691576715e-05
ENSG00000009307	6.0077172230795815e-05
ENSG00000101608	6.004063198285003e-05
ENSG00000187098	5.999601184277968e-05
ENSG00000198301	5.995650886361442e-05
ENSG00000107560	5.9952055704330266e-05
ENSG00000075213	5.9925410214924556e-05
ENSG00000065518	5.989782996390248e-05
ENSG00000119866	5.989669328840655e-05
ENSG00000104904	5.988426426828396e-05
ENSG00000091009	5.987417275546667e-05
ENSG00000077254	5.986719462697952e-05
ENSG00000103043	5.984937604576656e-05
ENSG00000118508	5.98419750515532e-05
ENSG00000085382	5.980705027902849e-05
ENSG00000145730	5.980115433306857e-05
ENSG00000178177	5.979373051548343e-05
ENSG00000137814	5.9789345790731165e-05
ENSG00000103549	5.978258686899878e-05
ENSG00000165821	5.97772679024165e-05
ENSG00000036565	5.977006745126954e-05
ENSG00000185518	5.9766274446515335e-05
ENSG00000170619	5.976287080938215e-05
ENSG00000006128	5.975351278027759e-05
ENSG00000105185	5.974926654093684e-05
ENSG00000105668	5.972418156846942e-05
ENSG00000113742	5.9715269172966285e-05
ENSG00000137822	5.970532241457175e-05
ENSG00000070366	5.969968639485224e-05
ENSG00000111727	5.9664073915415363e-05
ENSG00000152086	5.9658383530077126e-05
ENSG00000053438	5.965129521429095e-05
ENSG00000057252	5.9624357467719254e-05
ENSG00000170855	5.9605936765633416e-05
ENSG00000170122	5.959856090968641e-05
ENSG00000171320	5.957965128565655e-05
ENSG00000099204	5.956005579066714e-05
ENSG00000152430	5.954583536381e-05
ENSG00000160182	5.9502175224003744e-05
ENSG00000083520	5.947137205689781e-05
ENSG00000243130	5.947095534986012e-05
ENSG00000176853	5.944163018399499e-05
ENSG00000135823	5.940603108386779e-05
ENSG00000214160	5.939220288721048e-05
ENSG00000178567	5.9356705567530913e-05
ENSG00000135972	5.934852060246284e-05
ENSG00000249115	5.932261832267778e-05
ENSG00000196220	5.927598185770188e-05
ENSG00000109180	5.927423659620801e-05
ENSG00000174891	5.926009553240142e-05
ENSG00000072849	5.924746401350041e-05
ENSG00000182180	5.924280336513072e-05
ENSG00000183098	5.9147226295427785e-05
ENSG00000104907	5.911606135168757e-05
ENSG00000000460	5.909692517233757e-05
ENSG00000197965	5.906867922021836e-05
ENSG00000117475	5.906802149408124e-05
ENSG00000136542	5.901860068620043e-05
ENSG00000111262	5.898334253586428e-05
ENSG00000009724	5.896779888673503e-05
ENSG00000114019	5.891184571514188e-05
ENSG00000057149	5.889736174603214e-05
ENSG00000189299	5.8892865267345144e-05
ENSG00000106443	5.888605861070534e-05
ENSG00000069329	5.885807342432713e-05
ENSG00000152409	5.885500951885922e-05
ENSG00000288301	5.883848040687613e-05
ENSG00000115661	5.883104665555968e-05
ENSG00000116584	5.880292565962695e-05
ENSG00000152583	5.877048895290263e-05
ENSG00000205138	5.876881408741264e-05
ENSG00000147099	5.875983938315009e-05
ENSG00000130560	5.872684825299671e-05
ENSG00000064961	5.872673903602959e-05
ENSG00000134153	5.868836246756189e-05
ENSG00000067533	5.8679714631695175e-05
ENSG00000091181	5.866179964992088e-05
ENSG00000060069	5.864278374632635e-05
ENSG00000160201	5.857074017742153e-05
ENSG00000075131	5.8569465293280984e-05
ENSG00000168310	5.8560168271030575e-05
ENSG00000085511	5.85600862051664e-05
ENSG00000172053	5.8549135876236496e-05
ENSG00000169218	5.854823879305548e-05
ENSG00000160654	5.8529091143900364e-05
ENSG00000138442	5.850832223035285e-05
ENSG00000159479	5.845668982587807e-05
ENSG00000154127	5.841150122444838e-05
ENSG00000028528	5.828448615570167e-05
ENSG00000084652	5.824211151857305e-05
ENSG00000119938	5.821130806074638e-05
ENSG00000165912	5.819937142349607e-05
ENSG00000107485	5.817971073888141e-05
ENSG00000151348	5.817144446609873e-05
ENSG00000104973	5.816987522747469e-05
ENSG00000175970	5.815934151669279e-05
ENSG00000160959	5.815373975404811e-05
ENSG00000145348	5.8121985889365664e-05
ENSG00000285152	5.810375753103074e-05
ENSG00000161960	5.80968959495542e-05
ENSG00000188394	5.8063656249879596e-05
ENSG00000007312	5.803340864060158e-05
ENSG00000282633	5.7989326408138775e-05
ENSG00000084754	5.7963667016836764e-05
ENSG00000170734	5.7944892525465684e-05
ENSG00000142655	5.7931266444298724e-05
ENSG00000013441	5.7911745993279006e-05
ENSG00000163605	5.791032326964724e-05
ENSG00000064995	5.790917524932919e-05
ENSG00000171246	5.787391489863508e-05
ENSG00000125084	5.786768396665063e-05
ENSG00000131626	5.7843243779721095e-05
ENSG00000125798	5.784222177902018e-05
ENSG00000135346	5.7840569348438636e-05
ENSG00000025434	5.783645822593147e-05
ENSG00000131475	5.783517880418915e-05
ENSG00000108771	5.783081908974218e-05
ENSG00000170624	5.7793171220702025e-05
ENSG00000117877	5.778978739968096e-05
ENSG00000030066	5.771148814092572e-05
ENSG00000069399	5.76937960137594e-05
ENSG00000148835	5.768919253697037e-05
ENSG00000102302	5.768375018613222e-05
ENSG00000130830	5.7678453000202114e-05
ENSG00000134812	5.764347686543971e-05
ENSG00000117625	5.7625573388482946e-05
ENSG00000165678	5.7587638388911676e-05
ENSG00000155393	5.753095102818538e-05
ENSG00000100109	5.7526288004246175e-05
ENSG00000178573	5.752297996828902e-05
ENSG00000113141	5.749652054343253e-05
ENSG00000135930	5.7479217878455725e-05
ENSG00000178741	5.746588895341342e-05
ENSG00000167393	5.745839788673146e-05
ENSG00000065534	5.745143461440351e-05
ENSG00000172179	5.7402028833887653e-05
ENSG00000198053	5.73991295847681e-05
ENSG00000188425	5.730723530775723e-05
ENSG00000132963	5.72968443678984e-05
ENSG00000261609	5.7294580537257654e-05
ENSG00000188191	5.729102784912437e-05
ENSG00000189252	5.728174382321881e-05
ENSG00000111218	5.727784724794574e-05
ENSG00000086619	5.727180437107708e-05
ENSG00000183751	5.7263290641569626e-05
ENSG00000037749	5.7262045719695535e-05
ENSG00000130164	5.7215359101237956e-05
ENSG00000221867	5.720908230222428e-05
ENSG00000255529	5.720542188418309e-05
ENSG00000130702	5.71988631077561e-05
ENSG00000244038	5.719110484508788e-05
ENSG00000136715	5.718705252866298e-05
ENSG00000164167	5.715082848477775e-05
ENSG00000171450	5.7087370777731764e-05
ENSG00000103496	5.708652221990277e-05
ENSG00000037042	5.707121485272181e-05
ENSG00000235568	5.706917453242525e-05
ENSG00000136273	5.705663915948808e-05
ENSG00000177425	5.699872387408098e-05
ENSG00000145365	5.699359581574089e-05
ENSG00000177432	5.6991769587280354e-05
ENSG00000115216	5.696534679047743e-05
ENSG00000137843	5.695850394674024e-05
ENSG00000031823	5.69561402950974e-05
ENSG00000156466	5.694199745086077e-05
ENSG00000126768	5.6916404569565046e-05
ENSG00000176136	5.691360651782131e-05
ENSG00000126259	5.690339571913045e-05
ENSG00000023892	5.68977549201916e-05
ENSG00000198929	5.687214660926839e-05
ENSG00000074276	5.6869535005299354e-05
ENSG00000156219	5.6865034783068466e-05
ENSG00000120896	5.684160888985516e-05
ENSG00000080561	5.6839280359497e-05
ENSG00000135900	5.682537828742778e-05
ENSG00000266472	5.681439366251222e-05
ENSG00000164815	5.681306204307864e-05
ENSG00000178252	5.680595018495708e-05
ENSG00000285348	5.680066018226768e-05
ENSG00000144655	5.678433663047046e-05
ENSG00000167286	5.676497291547426e-05
ENSG00000243989	5.6731017597565e-05
ENSG00000104327	5.671724979211927e-05
ENSG00000089737	5.670643716813506e-05
ENSG00000198146	5.6697584848879974e-05
ENSG00000161920	5.6693271722952536e-05
ENSG00000008086	5.667129856684383e-05
ENSG00000288114	5.660144374640915e-05
ENSG00000197548	5.658856341343434e-05
ENSG00000103510	5.658421582946568e-05
ENSG00000137841	5.6583616456644964e-05
ENSG00000197345	5.658169683923335e-05
ENSG00000124233	5.65431748608752e-05
ENSG00000166908	5.653939169954733e-05
ENSG00000105227	5.646281921166377e-05
ENSG00000163344	5.6448553648421046e-05
ENSG00000160445	5.643074817658678e-05
ENSG00000115145	5.640284595415691e-05
ENSG00000102010	5.6340136598264275e-05
ENSG00000155827	5.629678396669174e-05
ENSG00000140022	5.629231700912046e-05
ENSG00000237344	5.626953913030339e-05
ENSG00000125730	5.626325290033422e-05
ENSG00000048140	5.624734440896143e-05
ENSG00000070159	5.6240118552030135e-05
ENSG00000023318	5.621936871718293e-05
ENSG00000244005	5.6205127259727057e-05
ENSG00000126803	5.617081991815229e-05
ENSG00000049283	5.6142689950266724e-05
ENSG00000135439	5.6132854208587915e-05
ENSG00000001629	5.609227406230112e-05
ENSG00000113851	5.6033926614567855e-05
ENSG00000162869	5.601119146044108e-05
ENSG00000168818	5.600867354020436e-05
ENSG00000052749	5.600620967650364e-05
ENSG00000134283	5.5972607484232425e-05
ENSG00000136944	5.594616512676015e-05
ENSG00000112701	5.591318354999339e-05
ENSG00000126254	5.5888398160798756e-05
ENSG00000182117	5.58822797746046e-05
ENSG00000138741	5.587956747204213e-05
ENSG00000169213	5.586002174225299e-05
ENSG00000068878	5.585412074976172e-05
ENSG00000155980	5.5853458597835226e-05
ENSG00000160993	5.583680010277124e-05
ENSG00000077092	5.582430795763565e-05
ENSG00000128683	5.5794618580820126e-05
ENSG00000156697	5.578889207485552e-05
ENSG00000160883	5.578505354417805e-05
ENSG00000185088	5.577697924207122e-05
ENSG00000176171	5.572193720493732e-05
ENSG00000148700	5.572157944588314e-05
ENSG00000272391	5.571679401437657e-05
ENSG00000112038	5.566672177653883e-05
ENSG00000196083	5.566336478476236e-05
ENSG00000107984	5.5658122686136466e-05
ENSG00000276787	5.565630731101397e-05
ENSG00000182247	5.562971644270406e-05
ENSG00000133961	5.557988646693418e-05
ENSG00000244067	5.556940642393775e-05
ENSG00000163875	5.556772384988372e-05
ENSG00000030304	5.554908898706278e-05
ENSG00000055118	5.554604285067443e-05
ENSG00000145782	5.552932003870483e-05
ENSG00000165806	5.551533759609613e-05
ENSG00000258366	5.550329052068138e-05
ENSG00000100461	5.549835260638468e-05
ENSG00000160877	5.544267421069786e-05
ENSG00000107099	5.543042097321428e-05
ENSG00000130479	5.542727501209434e-05
ENSG00000173898	5.541671516096252e-05
ENSG00000124198	5.5407411194391904e-05
ENSG00000074706	5.540197246747808e-05
ENSG00000280962	5.536602468142228e-05
ENSG00000054654	5.535271577221622e-05
ENSG00000114107	5.535263897496453e-05
ENSG00000170465	5.533215655068849e-05
ENSG00000171488	5.5330166912707716e-05
ENSG00000155636	5.529782824826336e-05
ENSG00000092850	5.529247781055558e-05
ENSG00000003400	5.5267845355156086e-05
ENSG00000136936	5.5266394957901544e-05
ENSG00000115738	5.525645110211676e-05
ENSG00000120694	5.525450972561708e-05
ENSG00000113240	5.5251578575295695e-05
ENSG00000243955	5.5226075179209405e-05
ENSG00000060982	5.519877854324407e-05
ENSG00000284571	5.519598132513693e-05
ENSG00000101441	5.519448143303177e-05
ENSG00000187288	5.5185323218365654e-05
ENSG00000110075	5.517814473365896e-05
ENSG00000010322	5.515940878761955e-05
ENSG00000066248	5.513124546711069e-05
ENSG00000149571	5.511707957508243e-05
ENSG00000170310	5.511525915132257e-05
ENSG00000183092	5.510518789596913e-05
ENSG00000148346	5.509731815970683e-05
ENSG00000117335	5.5074491135563095e-05
ENSG00000067596	5.505587025405566e-05
ENSG00000058804	5.5042834591355375e-05
ENSG00000118898	5.5024904095093245e-05
ENSG00000120659	5.500605427905128e-05
ENSG00000071127	5.4995068705453915e-05
ENSG00000010256	5.497552717751961e-05
ENSG00000115419	5.496841551924713e-05
ENSG00000267855	5.49684056427271e-05
ENSG00000104979	5.496508503031573e-05
ENSG00000047188	5.493068751885422e-05
ENSG00000152208	5.489194139726399e-05
ENSG00000163499	5.486469662495809e-05
ENSG00000151150	5.4855130935024415e-05
ENSG00000163993	5.48127118103599e-05
ENSG00000173068	5.4798020226771165e-05
ENSG00000166169	5.4779501748360964e-05
ENSG00000105443	5.476322238827165e-05
ENSG00000232839	5.4749481929383214e-05
ENSG00000112195	5.4749388379261084e-05
ENSG00000165688	5.472358204611466e-05
ENSG00000141503	5.471447753488998e-05
ENSG00000125170	5.468859930392293e-05
ENSG00000167757	5.466666385449165e-05
ENSG00000160013	5.465774030234424e-05
ENSG00000142867	5.464306336006274e-05
ENSG00000171467	5.4632263274823154e-05
ENSG00000187605	5.457752079239924e-05
ENSG00000149547	5.4571986666983016e-05
ENSG00000281614	5.455227041227999e-05
ENSG00000010219	5.453866092907643e-05
ENSG00000264424	5.4531860520143345e-05
ENSG00000129993	5.452202097165362e-05
ENSG00000261857	5.451480459512988e-05
ENSG00000160972	5.449755515201286e-05
ENSG00000070010	5.441567193089437e-05
ENSG00000166349	5.440513298656302e-05
ENSG00000161654	5.4401511074203665e-05
ENSG00000172322	5.43431437706747e-05
ENSG00000105556	5.4334558941129124e-05
ENSG00000158869	5.431318306536309e-05
ENSG00000108604	5.4296278743394174e-05
ENSG00000138395	5.428106648452493e-05
ENSG00000206203	5.427739486939534e-05
ENSG00000183668	5.4273609726386825e-05
ENSG00000119231	5.426637945764489e-05
ENSG00000163714	5.425299874266261e-05
ENSG00000129354	5.424634389779364e-05
ENSG00000196411	5.416991605811605e-05
ENSG00000211455	5.411934666102785e-05
ENSG00000166265	5.411327747211401e-05
ENSG00000101445	5.4068966021285085e-05
ENSG00000144021	5.3973810608844554e-05
ENSG00000081019	5.396050381214185e-05
ENSG00000153233	5.394180878452641e-05
ENSG00000164880	5.393294474705809e-05
ENSG00000158488	5.392535975286527e-05
ENSG00000198162	5.392083722654573e-05
ENSG00000211450	5.388943807159299e-05
ENSG00000149532	5.387140679247922e-05
ENSG00000008405	5.385938326481868e-05
ENSG00000106246	5.382502510529941e-05
ENSG00000170471	5.3824757333316e-05
ENSG00000092445	5.381619602787884e-05
ENSG00000133895	5.37985638019529e-05
ENSG00000101856	5.375855308260259e-05
ENSG00000090020	5.3728632124660577e-05
ENSG00000137074	5.369759369588527e-05
ENSG00000007080	5.368038396174263e-05
ENSG00000173166	5.366935331980845e-05
ENSG00000147257	5.366407826232805e-05
ENSG00000239306	5.3647651112542026e-05
ENSG00000105321	5.363294405110623e-05
ENSG00000214253	5.361159731696024e-05
ENSG00000121552	5.359475327759291e-05
ENSG00000183638	5.357459466450242e-05
ENSG00000185966	5.357075815980101e-05
ENSG00000189058	5.351357362190773e-05
ENSG00000173334	5.3466788659994495e-05
ENSG00000101004	5.346450197815693e-05
ENSG00000160194	5.346440710185963e-05
ENSG00000131910	5.341073630983192e-05
ENSG00000147684	5.340067886203216e-05
ENSG00000107371	5.3400625304295224e-05
ENSG00000125817	5.340054359176153e-05
ENSG00000118482	5.3372573953743734e-05
ENSG00000153179	5.3364189353656824e-05
ENSG00000143167	5.3362456427339895e-05
ENSG00000197713	5.3330618352306126e-05
ENSG00000169836	5.331897939136165e-05
ENSG00000137992	5.331565156527052e-05
ENSG00000138379	5.3315378116826295e-05
ENSG00000121579	5.3264208091802846e-05
ENSG00000248333	5.3260318743846626e-05
ENSG00000170860	5.324469816394849e-05
ENSG00000109685	5.319685988142257e-05
ENSG00000129159	5.319613664305028e-05
ENSG00000183304	5.318759507876261e-05
ENSG00000143553	5.3184741537818e-05
ENSG00000107938	5.318259384733851e-05
ENSG00000164050	5.3179449700980325e-05
ENSG00000114315	5.3172764109873246e-05
ENSG00000140939	5.316265868222299e-05
ENSG00000147874	5.313031636666225e-05
ENSG00000163872	5.3090826183429194e-05
ENSG00000160712	5.308341382880112e-05
ENSG00000197121	5.307942813218417e-05
ENSG00000147416	5.307712487204332e-05
ENSG00000084110	5.306546078478094e-05
ENSG00000088832	5.305979895984512e-05
ENSG00000288145	5.3053094203070124e-05
ENSG00000152932	5.303814356010537e-05
ENSG00000197912	5.3008015046188136e-05
ENSG00000163909	5.3005988619527413e-05
ENSG00000161692	5.294366549780387e-05
ENSG00000162616	5.293579111193567e-05
ENSG00000125901	5.292441475178334e-05
ENSG00000114573	5.289887674426265e-05
ENSG00000064490	5.288414423414788e-05
ENSG00000077009	5.2877745648731747e-05
ENSG00000197223	5.286848019733401e-05
ENSG00000150401	5.2830605622906046e-05
ENSG00000128228	5.276238137850474e-05
ENSG00000088682	5.276220585185347e-05
ENSG00000163060	5.273774157308277e-05
ENSG00000185010	5.270040479174746e-05
ENSG00000163161	5.268763397178439e-05
ENSG00000000419	5.2680592881043485e-05
ENSG00000273859	5.267496090858276e-05
ENSG00000095370	5.266932553762435e-05
ENSG00000113312	5.2646920262261655e-05
ENSG00000039560	5.262306521065394e-05
ENSG00000012124	5.2622621069875235e-05
ENSG00000110801	5.2619426443417056e-05
ENSG00000115325	5.2575032994381896e-05
ENSG00000113595	5.252678725412912e-05
ENSG00000115866	5.2496435877726165e-05
ENSG00000162836	5.2482027255729334e-05
ENSG00000053501	5.246815445391139e-05
ENSG00000088808	5.2440646972658355e-05
ENSG00000137673	5.2414628271872946e-05
ENSG00000066056	5.240610832060886e-05
ENSG00000150403	5.240386616772607e-05
ENSG00000135457	5.236600230739957e-05
ENSG00000123080	5.236503336514387e-05
ENSG00000156928	5.236163155280828e-05
ENSG00000164733	5.235118391848055e-05
ENSG00000077943	5.233721167466722e-05
ENSG00000285479	5.232679805396974e-05
ENSG00000116604	5.2324208508627996e-05
ENSG00000137876	5.231309566824925e-05
ENSG00000105993	5.231165012013311e-05
ENSG00000095585	5.2307798901534187e-05
ENSG00000184979	5.23037260994383e-05
ENSG00000126778	5.2284648447557094e-05
ENSG00000234704	5.227030963296803e-05
ENSG00000099985	5.226625377863734e-05
ENSG00000138722	5.226450019831082e-05
ENSG00000163312	5.2248965362807276e-05
ENSG00000104960	5.222912254627466e-05
ENSG00000129250	5.21396020311606e-05
ENSG00000117595	5.213544169128817e-05
ENSG00000168066	5.213094690727604e-05
ENSG00000186472	5.212389783897238e-05
ENSG00000136709	5.211854003517681e-05
ENSG00000130037	5.2088115098559285e-05
ENSG00000113734	5.208256824336924e-05
ENSG00000152661	5.208093819059134e-05
ENSG00000168778	5.2071249313250664e-05
ENSG00000171456	5.204978548112268e-05
ENSG00000144749	5.204505503281455e-05
ENSG00000115750	5.203120700904772e-05
ENSG00000221826	5.201411171983353e-05
ENSG00000120805	5.199520493103462e-05
ENSG00000115944	5.199274469482605e-05
ENSG00000182533	5.197761160881941e-05
ENSG00000170322	5.196547244899892e-05
ENSG00000177733	5.195342787615812e-05
ENSG00000123983	5.1945048446515196e-05
ENSG00000108924	5.1923861563078426e-05
ENSG00000070182	5.191500039304542e-05
ENSG00000139626	5.191143855142673e-05
ENSG00000135249	5.1887987676332376e-05
ENSG00000196700	5.188713190258937e-05
ENSG00000090376	5.184354332567327e-05
ENSG00000170370	5.1813952187049274e-05
ENSG00000144852	5.1775925527038606e-05
ENSG00000067842	5.173498220684531e-05
ENSG00000123219	5.173485573095106e-05
ENSG00000167476	5.172657629938828e-05
ENSG00000001631	5.172494735845331e-05
ENSG00000003756	5.171453596386938e-05
ENSG00000137054	5.170442133641082e-05
ENSG00000172175	5.1700017481137214e-05
ENSG00000115844	5.168411034016539e-05
ENSG00000256812	5.162217198419391e-05
ENSG00000196954	5.1611142977336504e-05
ENSG00000165502	5.1605130307278725e-05
ENSG00000204842	5.153434438076485e-05
ENSG00000115365	5.151529878770414e-05
ENSG00000157087	5.151037076363506e-05
ENSG00000152214	5.1487965478674775e-05
ENSG00000112214	5.1461051766320106e-05
ENSG00000055917	5.145694701716634e-05
ENSG00000213983	5.142516069271213e-05
ENSG00000165609	5.137952389268785e-05
ENSG00000141052	5.1369654512922575e-05
ENSG00000196632	5.135869090460275e-05
ENSG00000118420	5.135055079306431e-05
ENSG00000187566	5.1343297637420176e-05
ENSG00000198824	5.132796446908896e-05
ENSG00000152484	5.132408453870321e-05
ENSG00000127951	5.129163806308674e-05
ENSG00000161896	5.1283854790956384e-05
ENSG00000076650	5.127960291602592e-05
ENSG00000234127	5.1271449225003866e-05
ENSG00000163788	5.127009760950243e-05
ENSG00000185324	5.125300917643254e-05
ENSG00000198203	5.122700035560212e-05
ENSG00000101892	5.1220518197604605e-05
ENSG00000115840	5.1213488842071144e-05
ENSG00000136152	5.120201356838589e-05
ENSG00000107566	5.118041819219524e-05
ENSG00000173267	5.117172637897615e-05
ENSG00000018408	5.1162614795887724e-05
ENSG00000115042	5.115644159928619e-05
ENSG00000120071	5.113006221029484e-05
ENSG00000220205	5.1122539860075e-05
ENSG00000184675	5.1107613380286854e-05
ENSG00000128609	5.1102247592729176e-05
ENSG00000172932	5.109977694359844e-05
ENSG00000275221	5.107210873752717e-05
ENSG00000107669	5.106192673632757e-05
ENSG00000135447	5.10475005917552e-05
ENSG00000117906	5.1043846583449006e-05
ENSG00000248746	5.101719478412135e-05
ENSG00000160049	5.1011040521840464e-05
ENSG00000075914	5.1000617529535224e-05
ENSG00000122707	5.0999922427389e-05
ENSG00000115263	5.0997037395690656e-05
ENSG00000134077	5.093906258330617e-05
ENSG00000152457	5.0925794741404886e-05
ENSG00000159720	5.092424667537984e-05
ENSG00000152683	5.091873918041712e-05
ENSG00000170633	5.091685426784532e-05
ENSG00000086065	5.090984743915903e-05
ENSG00000102837	5.086398795002939e-05
ENSG00000214021	5.083896128070297e-05
ENSG00000277909	5.08357533272383e-05
ENSG00000143889	5.081425050431096e-05
ENSG00000185245	5.0806666393946495e-05
ENSG00000162188	5.078061881984051e-05
ENSG00000164708	5.077285640542454e-05
ENSG00000273562	5.076744320064179e-05
ENSG00000025770	5.075780909723203e-05
ENSG00000184916	5.0757787019713806e-05
ENSG00000198670	5.073411785632395e-05
ENSG00000112079	5.0682247054211134e-05
ENSG00000101384	5.0655763334597675e-05
ENSG00000160856	5.0614054092342896e-05
ENSG00000131437	5.060684489991598e-05
ENSG00000002746	5.056343566479358e-05
ENSG00000186141	5.0510477577764325e-05
ENSG00000149970	5.050461890139101e-05
ENSG00000175489	5.0475442899364624e-05
ENSG00000185043	5.047353419066664e-05
ENSG00000169372	5.046197900069631e-05
ENSG00000114859	5.0419250973503474e-05
ENSG00000122257	5.0413393163177274e-05
ENSG00000167261	5.04007234497585e-05
ENSG00000064726	5.038308771526778e-05
ENSG00000165072	5.0378858561168365e-05
ENSG00000182768	5.036500040426419e-05
ENSG00000111816	5.0344309931853366e-05
ENSG00000010803	5.034373187471183e-05
ENSG00000130287	5.034067924617964e-05
ENSG00000004948	5.031844263467768e-05
ENSG00000058091	5.03139662734969e-05
ENSG00000137413	5.0302998540322484e-05
ENSG00000132670	5.029700758191056e-05
ENSG00000099331	5.029380640745353e-05
ENSG00000162302	5.024880779629987e-05
ENSG00000015171	5.0238289677050314e-05
ENSG00000155511	5.0182680180398456e-05
ENSG00000165474	5.0179133708348865e-05
ENSG00000169282	5.015121465308893e-05
ENSG00000089169	5.014906748734682e-05
ENSG00000139835	5.0148124866012585e-05
ENSG00000175215	5.0122679943225197e-05
ENSG00000125861	5.011801101819692e-05
ENSG00000125650	5.011801101819692e-05
ENSG00000146013	5.011801101819692e-05
ENSG00000117407	5.011801101819692e-05
ENSG00000070371	5.0100004714433e-05
ENSG00000136861	5.009345404873905e-05
ENSG00000177674	5.007170445070549e-05
ENSG00000135999	5.0036561061699426e-05
ENSG00000166105	5.001670915549881e-05
ENSG00000129103	5.0014334343204685e-05
ENSG00000198467	5.000246865087182e-05
ENSG00000281089	4.997553068427129e-05
ENSG00000144224	4.996118877823288e-05
ENSG00000091483	4.994973776444786e-05
ENSG00000131143	4.99369191507401e-05
ENSG00000165349	4.993564010725677e-05
ENSG00000091136	4.993030082193363e-05
ENSG00000125447	4.9913814471747304e-05
ENSG00000012822	4.988890634623141e-05
ENSG00000158445	4.988238173521295e-05
ENSG00000167645	4.984850775755538e-05
ENSG00000185340	4.98444192692842e-05
ENSG00000184402	4.9843256281528805e-05
ENSG00000122224	4.983154246090819e-05
ENSG00000135218	4.981241987749045e-05
ENSG00000116661	4.9801638539342224e-05
ENSG00000123595	4.979518147929755e-05
ENSG00000134363	4.9777281149242215e-05
ENSG00000128654	4.976434401685435e-05
ENSG00000144227	4.97507554895694e-05
ENSG00000197959	4.9705049436351164e-05
ENSG00000100239	4.968761021346192e-05
ENSG00000197769	4.968702848852827e-05
ENSG00000134986	4.967376441921929e-05
ENSG00000180660	4.967308058420035e-05
ENSG00000213782	4.966645575465042e-05
ENSG00000114270	4.966108997233299e-05
ENSG00000198700	4.962489355679261e-05
ENSG00000164061	4.9610312292493366e-05
ENSG00000169018	4.956425273021455e-05
ENSG00000118640	4.9551951118305886e-05
ENSG00000115364	4.951107825906123e-05
ENSG00000162676	4.9488360450035967e-05
ENSG00000159189	4.9477262035424474e-05
ENSG00000141084	4.947684464671299e-05
ENSG00000168280	4.946787754394497e-05
ENSG00000241123	4.9420496764325426e-05
ENSG00000115317	4.9419469449464554e-05
ENSG00000177301	4.939807219867108e-05
ENSG00000175595	4.939453148245387e-05
ENSG00000058056	4.937748298508046e-05
ENSG00000082515	4.936587894893061e-05
ENSG00000078618	4.936339088879898e-05
ENSG00000108823	4.932184244528912e-05
ENSG00000113248	4.9308481711852505e-05
ENSG00000083093	4.929800841094791e-05
ENSG00000140807	4.929221996628315e-05
ENSG00000176788	4.928615299467082e-05
ENSG00000174989	4.927050311507222e-05
ENSG00000148331	4.9270405311251623e-05
ENSG00000147246	4.92702170328415e-05
ENSG00000262826	4.926945509927413e-05
ENSG00000142230	4.9267120004082044e-05
ENSG00000106803	4.924751706126856e-05
ENSG00000197498	4.9247435590115055e-05
ENSG00000139734	4.924333185933466e-05
ENSG00000109471	4.9211574343304585e-05
ENSG00000275555	4.9167151619915596e-05
ENSG00000116752	4.9145058526139824e-05
ENSG00000144355	4.912996377315476e-05
ENSG00000283060	4.912181334988928e-05
ENSG00000152464	4.908896984520049e-05
ENSG00000123064	4.908813266846323e-05
ENSG00000260916	4.908716060757323e-05
ENSG00000155858	4.9069924268823885e-05
ENSG00000110274	4.906441063673542e-05
ENSG00000160396	4.9064147189523024e-05
ENSG00000179562	4.9046611908383776e-05
ENSG00000204498	4.9034790528674766e-05
ENSG00000111052	4.903347800005219e-05
ENSG00000160695	4.901190700990446e-05
ENSG00000162747	4.8988467271237185e-05
ENSG00000171109	4.896129906785785e-05
ENSG00000160683	4.89592852761837e-05
ENSG00000114126	4.893303873138956e-05
ENSG00000117569	4.8873123808453925e-05
ENSG00000163346	4.884645911911052e-05
ENSG00000259494	4.884344679455853e-05
ENSG00000111046	4.883693343183362e-05
ENSG00000114487	4.882971308391635e-05
ENSG00000183434	4.8810132854237914e-05
ENSG00000139625	4.880353783594623e-05
ENSG00000104313	4.878890962078758e-05
ENSG00000140859	4.8781088559382564e-05
ENSG00000102316	4.87767363295614e-05
ENSG00000187024	4.877477938530964e-05
ENSG00000164654	4.8728632885733294e-05
ENSG00000134644	4.8726349893237465e-05
ENSG00000018236	4.866359516557125e-05
ENSG00000103723	4.8645181463253284e-05
ENSG00000183010	4.863586044482761e-05
ENSG00000100246	4.86344366388663e-05
ENSG00000168490	4.861932281083276e-05
ENSG00000133710	4.8616508949663484e-05
ENSG00000174842	4.86061054869395e-05
ENSG00000159082	4.858591752402103e-05
ENSG00000131368	4.857473082965951e-05
ENSG00000144283	4.857119420729073e-05
ENSG00000171989	4.855037918720992e-05
ENSG00000068971	4.8549215366776556e-05
ENSG00000106615	4.8527126832833676e-05
ENSG00000088833	4.8502134579625185e-05
ENSG00000077721	4.850183054343892e-05
ENSG00000184428	4.849620308316238e-05
ENSG00000087303	4.8489589477930155e-05
ENSG00000148688	4.8489324103628514e-05
ENSG00000141682	4.848126874313318e-05
ENSG00000288130	4.847867917828529e-05
ENSG00000143452	4.847209370468262e-05
ENSG00000105677	4.8467048477276964e-05
ENSG00000149357	4.843517375519881e-05
ENSG00000147166	4.840440817333199e-05
ENSG00000136731	4.839472407423039e-05
ENSG00000159210	4.8373301956522157e-05
ENSG00000268606	4.83707439207232e-05
ENSG00000277936	4.8370647964977416e-05
ENSG00000156076	4.836904156836366e-05
ENSG00000139154	4.836429101932282e-05
ENSG00000101191	4.836272583092312e-05
ENSG00000165097	4.834998838175564e-05
ENSG00000035862	4.8347750863374484e-05
ENSG00000134757	4.83433871905742e-05
ENSG00000266173	4.8339779928889476e-05
ENSG00000100139	4.83291950173413e-05
ENSG00000105939	4.832889039608803e-05
ENSG00000150779	4.831895461845978e-05
ENSG00000135365	4.8293429698632965e-05
ENSG00000165702	4.829112290775963e-05
ENSG00000145649	4.828496588755857e-05
ENSG00000170348	4.828065263876302e-05
ENSG00000262666	4.827474508718924e-05
ENSG00000164237	4.826191318806105e-05
ENSG00000133794	4.82506023933938e-05
ENSG00000141232	4.8246364566664934e-05
ENSG00000075618	4.819851816594583e-05
ENSG00000198589	4.817728804060059e-05
ENSG00000131018	4.815926586091761e-05
ENSG00000185885	4.811681965477693e-05
ENSG00000188064	4.811527466989739e-05
ENSG00000168894	4.8114444481935525e-05
ENSG00000205302	4.811040468874417e-05
ENSG00000171425	4.806199465396217e-05
ENSG00000105220	4.805282334257038e-05
ENSG00000169297	4.804718492201996e-05
ENSG00000145495	4.8043513992306664e-05
ENSG00000137875	4.803171985644011e-05
ENSG00000115421	4.802979842649847e-05
ENSG00000240563	4.800040845873568e-05
ENSG00000135903	4.797422806628395e-05
ENSG00000184113	4.792147261034992e-05
ENSG00000131473	4.7921023115141004e-05
ENSG00000149679	4.790413942925723e-05
ENSG00000131844	4.790385332202081e-05
ENSG00000125820	4.789602156543493e-05
ENSG00000138100	4.788612737199409e-05
ENSG00000171236	4.786155322184403e-05
ENSG00000170802	4.7851100076032544e-05
ENSG00000182621	4.7784174182890335e-05
ENSG00000261150	4.77657001689954e-05
ENSG00000172292	4.774115264832536e-05
ENSG00000188554	4.772169727192807e-05
ENSG00000110871	4.7709367420271786e-05
ENSG00000048828	4.7707254375876776e-05
ENSG00000135372	4.769451081067584e-05
ENSG00000155959	4.7688485830174195e-05
ENSG00000146425	4.76825300119794e-05
ENSG00000173156	4.7676474438472215e-05
ENSG00000275082	4.767239217937349e-05
ENSG00000168263	4.7661897942414106e-05
ENSG00000105879	4.765675486387748e-05
ENSG00000115677	4.7648335417805417e-05
ENSG00000100836	4.763498584634749e-05
ENSG00000165704	4.760983989414044e-05
ENSG00000188917	4.760613938910641e-05
ENSG00000186787	4.757542670380409e-05
ENSG00000103202	4.756274878262069e-05
ENSG00000001561	4.755587650367448e-05
ENSG00000115827	4.753833833831237e-05
ENSG00000068383	4.7537278004140435e-05
ENSG00000119596	4.753137847134167e-05
ENSG00000273889	4.752676018759209e-05
ENSG00000180185	4.751637333597033e-05
ENSG00000105700	4.749935279064739e-05
ENSG00000100138	4.748027964846827e-05
ENSG00000097033	4.747969491074316e-05
ENSG00000198740	4.747761981116086e-05
ENSG00000106991	4.747007052483947e-05
ENSG00000128641	4.7447898641253867e-05
ENSG00000230624	4.7443597816913424e-05
ENSG00000141026	4.740791568734097e-05
ENSG00000122188	4.7392490471385494e-05
ENSG00000140319	4.739115485814358e-05
ENSG00000104325	4.7385773694606545e-05
ENSG00000100721	4.737872186688822e-05
ENSG00000137834	4.737544601003288e-05
ENSG00000143653	4.7373624962241106e-05
ENSG00000184047	4.737075028014936e-05
ENSG00000127928	4.7363083615666956e-05
ENSG00000056097	4.733908613318604e-05
ENSG00000068912	4.731529927997075e-05
ENSG00000177614	4.73080502597699e-05
ENSG00000266964	4.73062237298172e-05
ENSG00000102172	4.7292541446609614e-05
ENSG00000166263	4.7290827730055094e-05
ENSG00000197780	4.728235177737458e-05
ENSG00000165516	4.726364524147968e-05
ENSG00000006704	4.725363503298408e-05
ENSG00000162512	4.724982108731809e-05
ENSG00000152076	4.724437391716608e-05
ENSG00000100129	4.7221523940850714e-05
ENSG00000130024	4.7205995584195244e-05
ENSG00000166788	4.7188761655857514e-05
ENSG00000154721	4.717375820538979e-05
ENSG00000107960	4.712921161353602e-05
ENSG00000171566	4.711918053048767e-05
ENSG00000282986	4.710696016450208e-05
ENSG00000100934	4.709824196437079e-05
ENSG00000073008	4.7088673626284074e-05
ENSG00000163348	4.706976020610517e-05
ENSG00000147130	4.703395564597041e-05
ENSG00000092148	4.701486798674043e-05
ENSG00000167578	4.701221257225162e-05
ENSG00000132694	4.698513415404829e-05
ENSG00000262334	4.698451238533944e-05
ENSG00000156925	4.697015396276417e-05
ENSG00000130724	4.6965709264013896e-05
ENSG00000025423	4.695848253544115e-05
ENSG00000089199	4.695593472082951e-05
ENSG00000185825	4.693709013107033e-05
ENSG00000062716	4.693603053785364e-05
ENSG00000276323	4.692121730955226e-05
ENSG00000168137	4.691777640480869e-05
ENSG00000130706	4.691338129602024e-05
ENSG00000120756	4.690272855923771e-05
ENSG00000272047	4.688980257815818e-05
ENSG00000138964	4.686149841063718e-05
ENSG00000107223	4.6848860404810166e-05
ENSG00000185608	4.684490327546433e-05
ENSG00000069493	4.6835563849516544e-05
ENSG00000130764	4.681464852502563e-05
ENSG00000066230	4.681225343035662e-05
ENSG00000139567	4.681015028418734e-05
ENSG00000179094	4.68019898967384e-05
ENSG00000168995	4.679419393057077e-05
ENSG00000115350	4.678373050919405e-05
ENSG00000132182	4.676513732985722e-05
ENSG00000204673	4.67503664420554e-05
ENSG00000198886	4.674993124330287e-05
ENSG00000160202	4.674921108788392e-05
ENSG00000129757	4.672348541370815e-05
ENSG00000099364	4.672035963129964e-05
ENSG00000135336	4.6710962268396704e-05
ENSG00000109111	4.671061581990537e-05
ENSG00000048462	4.670349572923369e-05
ENSG00000137473	4.668268950152335e-05
ENSG00000119314	4.667888812767947e-05
ENSG00000218891	4.663522929511935e-05
ENSG00000170677	4.662005264650771e-05
ENSG00000176386	4.66182023869861e-05
ENSG00000125733	4.66076122930128e-05
ENSG00000146063	4.6599391316067514e-05
ENSG00000269096	4.658595024048015e-05
ENSG00000007341	4.651471621601679e-05
ENSG00000187672	4.6514429363707425e-05
ENSG00000159251	4.6505116691255565e-05
ENSG00000170779	4.650072312959683e-05
ENSG00000136444	4.6482805263092284e-05
ENSG00000108587	4.647141693179001e-05
ENSG00000111196	4.6463823269978826e-05
ENSG00000105392	4.642876689035223e-05
ENSG00000111615	4.6428213049252004e-05
ENSG00000104765	4.642145984793434e-05
ENSG00000175582	4.641606199058025e-05
ENSG00000071189	4.6412882536351394e-05
ENSG00000170965	4.6408431975234446e-05
ENSG00000133055	4.6400245077221995e-05
ENSG00000213672	4.6396649638881387e-05
ENSG00000144524	4.638176341740985e-05
ENSG00000128242	4.6378832534436656e-05
ENSG00000164399	4.6376237708494684e-05
ENSG00000080603	4.63513482737191e-05
ENSG00000078237	4.63486606797571e-05
ENSG00000108578	4.631824267201549e-05
ENSG00000136153	4.627330313066579e-05
ENSG00000170948	4.625644528932815e-05
ENSG00000105778	4.624732909861836e-05
ENSG00000158560	4.621044548050551e-05
ENSG00000276480	4.6206401249019685e-05
ENSG00000117632	4.620608599051376e-05
ENSG00000167414	4.62026697225617e-05
ENSG00000106609	4.620152770615854e-05
ENSG00000115875	4.6200906001381514e-05
ENSG00000137806	4.6191733614356104e-05
ENSG00000070087	4.6136431505166613e-05
ENSG00000021355	4.6130854122614846e-05
ENSG00000161179	4.612270194149905e-05
ENSG00000185022	4.611966082129879e-05
ENSG00000149930	4.6044920915399e-05
ENSG00000140403	4.602432250566251e-05
ENSG00000105967	4.601303708313278e-05
ENSG00000187959	4.6006307077042335e-05
ENSG00000169021	4.598004025260772e-05
ENSG00000131477	4.597688278773401e-05
ENSG00000114120	4.597324235934024e-05
ENSG00000126467	4.595862716699849e-05
ENSG00000213366	4.592882893831941e-05
ENSG00000109133	4.59131722599761e-05
ENSG00000138029	4.5903792052602146e-05
ENSG00000143537	4.588301621403199e-05
ENSG00000115839	4.5853296679303984e-05
ENSG00000164405	4.584732070531268e-05
ENSG00000114115	4.584632303583634e-05
ENSG00000160113	4.584231063568618e-05
ENSG00000101197	4.582401795829164e-05
ENSG00000177138	4.578280703460357e-05
ENSG00000114744	4.577718986737426e-05
ENSG00000100413	4.575416412155704e-05
ENSG00000146021	4.5752767173974784e-05
ENSG00000184500	4.5725103966386586e-05
ENSG00000284238	4.572466202949321e-05
ENSG00000117322	4.5718588408953606e-05
ENSG00000096080	4.570497659365222e-05
ENSG00000113327	4.568498627128739e-05
ENSG00000101280	4.568397563023376e-05
ENSG00000185519	4.5681420515510975e-05
ENSG00000147378	4.566367798446425e-05
ENSG00000069974	4.563324362682386e-05
ENSG00000065000	4.5623850829253236e-05
ENSG00000110880	4.5622258338390344e-05
ENSG00000113722	4.560518741844812e-05
ENSG00000107282	4.5597729560634714e-05
ENSG00000146282	4.557041754843893e-05
ENSG00000116906	4.553080055141694e-05
ENSG00000074054	4.552348540880504e-05
ENSG00000108839	4.552023855163487e-05
ENSG00000198399	4.55199969208254e-05
ENSG00000166295	4.5513774443678196e-05
ENSG00000049130	4.549755708279086e-05
ENSG00000095059	4.549214256717448e-05
ENSG00000153956	4.5479641068950545e-05
ENSG00000128573	4.547553742161056e-05
ENSG00000163600	4.547349408419009e-05
ENSG00000224470	4.547138716988381e-05
ENSG00000102181	4.5445929615718126e-05
ENSG00000212122	4.5434592333666544e-05
ENSG00000124507	4.5430918553163745e-05
ENSG00000198786	4.5427484248499634e-05
ENSG00000103449	4.537537519349796e-05
ENSG00000135698	4.537116038486106e-05
ENSG00000111319	4.535234345308265e-05
ENSG00000158528	4.5343099893345036e-05
ENSG00000163697	4.5337519032045746e-05
ENSG00000126247	4.532132578813283e-05
ENSG00000075461	4.530986423599961e-05
ENSG00000163132	4.5300132017787324e-05
ENSG00000130511	4.524655641177924e-05
ENSG00000155760	4.520338229653893e-05
ENSG00000120705	4.518192508964254e-05
ENSG00000084733	4.514541053327509e-05
ENSG00000187531	4.513490550514681e-05
ENSG00000134962	4.510949884644095e-05
ENSG00000064655	4.509431685050655e-05
ENSG00000142156	4.508268231027688e-05
ENSG00000063660	4.507527762151414e-05
ENSG00000284137	4.507026749889619e-05
ENSG00000082269	4.5038763581710385e-05
ENSG00000156973	4.503218227492742e-05
ENSG00000119535	4.5024954182868244e-05
ENSG00000174547	4.497280210457327e-05
ENSG00000176194	4.496652945737932e-05
ENSG00000101871	4.4952925895941046e-05
ENSG00000029993	4.491862507059094e-05
ENSG00000115947	4.48897194956765e-05
ENSG00000167654	4.4884380641952405e-05
ENSG00000115392	4.488294219356443e-05
ENSG00000136244	4.484683524362857e-05
ENSG00000105656	4.484372861209919e-05
ENSG00000148606	4.482769048766462e-05
ENSG00000186847	4.482459890925316e-05
ENSG00000114650	4.4817334758086466e-05
ENSG00000109083	4.4812964223893536e-05
ENSG00000121749	4.480346072835264e-05
ENSG00000145431	4.477813569557644e-05
ENSG00000150750	4.476404854075411e-05
ENSG00000007171	4.4753770665989355e-05
ENSG00000229314	4.4745693325055116e-05
ENSG00000141425	4.472168765672967e-05
ENSG00000184203	4.470999836240114e-05
ENSG00000196405	4.4698712563200954e-05
ENSG00000197863	4.468834806272925e-05
ENSG00000188620	4.4673008235007e-05
ENSG00000136504	4.4671677528727315e-05
ENSG00000138617	4.467120582845219e-05
ENSG00000115825	4.465715398179947e-05
ENSG00000273397	4.4649513082409755e-05
ENSG00000156983	4.464270864625435e-05
ENSG00000133627	4.4623569354709086e-05
ENSG00000154188	4.460256276583439e-05
ENSG00000105369	4.4589555100859324e-05
ENSG00000143156	4.457090599345071e-05
ENSG00000176046	4.4542286619444624e-05
ENSG00000143742	4.4521684731857114e-05
ENSG00000164532	4.44512591999437e-05
ENSG00000173905	4.4447389415500676e-05
ENSG00000054116	4.443225117761347e-05
ENSG00000129991	4.442729348301099e-05
ENSG00000100714	4.4414472320365394e-05
ENSG00000178966	4.441014265040109e-05
ENSG00000177192	4.4392913136998664e-05
ENSG00000119689	4.438961016142506e-05
ENSG00000151338	4.4362454839257634e-05
ENSG00000108091	4.435369982231001e-05
ENSG00000170776	4.434751610527365e-05
ENSG00000166828	4.434747525870445e-05
ENSG00000124334	4.4342781529768334e-05
ENSG00000178913	4.4342610883454394e-05
ENSG00000130147	4.432571397202084e-05
ENSG00000138039	4.432131572027436e-05
ENSG00000100234	4.431175176084675e-05
ENSG00000197594	4.429803067662905e-05
ENSG00000138686	4.4275118328219034e-05
ENSG00000198677	4.42594246005903e-05
ENSG00000110321	4.4248635053866794e-05
ENSG00000005889	4.42465216092512e-05
ENSG00000089250	4.424593929510092e-05
ENSG00000120094	4.424569534482377e-05
ENSG00000150625	4.424100515578255e-05
ENSG00000124104	4.424058422348751e-05
ENSG00000160181	4.423295511465992e-05
ENSG00000122679	4.4228155166533455e-05
ENSG00000140632	4.422335703127434e-05
ENSG00000156587	4.421011610781725e-05
ENSG00000093010	4.421006545066443e-05
ENSG00000074696	4.420792372367191e-05
ENSG00000158623	4.419352410496052e-05
ENSG00000168765	4.418842203119832e-05
ENSG00000164296	4.4187063543441365e-05
ENSG00000214753	4.4183172953458244e-05
ENSG00000167815	4.416857012215572e-05
ENSG00000080822	4.416783134285844e-05
ENSG00000036672	4.415180865333035e-05
ENSG00000106635	4.4129206639153255e-05
ENSG00000103507	4.4087982126000684e-05
ENSG00000102974	4.408578630952441e-05
ENSG00000083937	4.408222839147366e-05
ENSG00000258227	4.407459182217705e-05
ENSG00000128739	4.4062163351514375e-05
ENSG00000011295	4.405692662653276e-05
ENSG00000121864	4.404788504865203e-05
ENSG00000122435	4.403206393659389e-05
ENSG00000115107	4.401375088360837e-05
ENSG00000135744	4.398474404959889e-05
ENSG00000175745	4.396174688260863e-05
ENSG00000171812	4.3943996217677405e-05
ENSG00000061936	4.3943953930822506e-05
ENSG00000171847	4.3921325745514596e-05
ENSG00000178921	4.391778247165064e-05
ENSG00000113719	4.39033442179738e-05
ENSG00000160584	4.388981687326878e-05
ENSG00000128604	4.3884710414169917e-05
ENSG00000171703	4.386335264439362e-05
ENSG00000130382	4.386302944582484e-05
ENSG00000164970	4.385048130542894e-05
ENSG00000166866	4.381413738155053e-05
ENSG00000180176	4.3810460597911586e-05
ENSG00000144452	4.37550388752498e-05
ENSG00000135945	4.374716568140238e-05
ENSG00000126218	4.373644417865862e-05
ENSG00000081320	4.373049226739203e-05
ENSG00000187446	4.372534977766156e-05
ENSG00000176407	4.371854288209096e-05
ENSG00000276082	4.370329292041217e-05
ENSG00000108187	4.36671500996056e-05
ENSG00000126264	4.365468847923285e-05
ENSG00000119541	4.363281999290027e-05
ENSG00000092847	4.3629676335525926e-05
ENSG00000107863	4.3625931372457446e-05
ENSG00000196141	4.3607169362634e-05
ENSG00000213949	4.359641807153654e-05
ENSG00000065268	4.3583082931820176e-05
ENSG00000173702	4.3562859701086674e-05
ENSG00000125354	4.3551639061707094e-05
ENSG00000179886	4.3549480041157404e-05
ENSG00000044090	4.354649448179336e-05
ENSG00000198734	4.3540379827328837e-05
ENSG00000102575	4.353134481203427e-05
ENSG00000120833	4.348542791641474e-05
ENSG00000205220	4.3477661919665865e-05
ENSG00000137161	4.3469645882457774e-05
ENSG00000143382	4.346272125488911e-05
ENSG00000135604	4.3453290081562136e-05
ENSG00000163754	4.345149955701214e-05
ENSG00000151093	4.344430956048398e-05
ENSG00000016082	4.3434714605023794e-05
ENSG00000126777	4.3379959836767575e-05
ENSG00000020633	4.336923941472698e-05
ENSG00000285049	4.3346424428625656e-05
ENSG00000119953	4.3325203858796756e-05
ENSG00000140455	4.332362409764344e-05
ENSG00000188092	4.3303953082897816e-05
ENSG00000106366	4.330173584393692e-05
ENSG00000033627	4.326634872112794e-05
ENSG00000171195	4.326131966530902e-05
ENSG00000168026	4.325869789929587e-05
ENSG00000134759	4.3249303890483136e-05
ENSG00000108375	4.324900538335015e-05
ENSG00000144824	4.324158928593611e-05
ENSG00000131591	4.3235135911047135e-05
ENSG00000153208	4.323027681294876e-05
ENSG00000003096	4.323008582327358e-05
ENSG00000169877	4.322827815572232e-05
ENSG00000117593	4.3225380588255464e-05
ENSG00000100353	4.3220614298662586e-05
ENSG00000066422	4.320521255369799e-05
ENSG00000172602	4.3167595472984624e-05
ENSG00000133477	4.315873313083147e-05
ENSG00000073060	4.3144569423420246e-05
ENSG00000161542	4.3137727895445284e-05
ENSG00000180228	4.313635659297152e-05
ENSG00000182054	4.311722110052162e-05
ENSG00000013561	4.3080467552219496e-05
ENSG00000125826	4.307356488716964e-05
ENSG00000101144	4.3073344825875514e-05
ENSG00000175084	4.3051740620934743e-05
ENSG00000198804	4.3045953287474226e-05
ENSG00000168556	4.3037335867142144e-05
ENSG00000134138	4.303164317784811e-05
ENSG00000106689	4.3028785194264536e-05
ENSG00000119508	4.3025069606380246e-05
ENSG00000186810	4.302216687085282e-05
ENSG00000132840	4.301196936981711e-05
ENSG00000087074	4.299621709376881e-05
ENSG00000105705	4.299268214074622e-05
ENSG00000244057	4.297467734835497e-05
ENSG00000198074	4.296327610190394e-05
ENSG00000167904	4.295314037833474e-05
ENSG00000257017	4.295281695529152e-05
ENSG00000198712	4.292758358061335e-05
ENSG00000075415	4.2905401451675766e-05
ENSG00000137672	4.2885585222867386e-05
ENSG00000139973	4.288354834746333e-05
ENSG00000197471	4.288312251501887e-05
ENSG00000163435	4.2875732665665325e-05
ENSG00000134265	4.286939214195976e-05
ENSG00000138030	4.286757861446952e-05
ENSG00000118518	4.286422150561886e-05
ENSG00000133103	4.285003612014889e-05
ENSG00000140463	4.2845392140428e-05
ENSG00000130208	4.282763336458037e-05
ENSG00000161914	4.2792846984163055e-05
ENSG00000135424	4.2792101388847614e-05
ENSG00000004059	4.274825791063486e-05
ENSG00000008083	4.274731754343405e-05
ENSG00000077157	4.274309308442835e-05
ENSG00000223496	4.272081137947086e-05
ENSG00000116685	4.270750809311067e-05
ENSG00000106723	4.26760898343961e-05
ENSG00000239900	4.267226792033575e-05
ENSG00000228083	4.2667790834943244e-05
ENSG00000158571	4.2665186296047184e-05
ENSG00000053254	4.266417349910322e-05
ENSG00000165891	4.264743123112125e-05
ENSG00000213523	4.264369813544249e-05
ENSG00000110921	4.2639256680890934e-05
ENSG00000161634	4.263597322020537e-05
ENSG00000185774	4.2604063448249564e-05
ENSG00000140199	4.260355672561706e-05
ENSG00000124733	4.256711764688906e-05
ENSG00000100227	4.252825129679727e-05
ENSG00000138594	4.2515267291057935e-05
ENSG00000129151	4.2510436365784115e-05
ENSG00000171004	4.249928414547912e-05
ENSG00000057019	4.248379471575332e-05
ENSG00000170185	4.2476712042429316e-05
ENSG00000116212	4.2451252783228103e-05
ENSG00000264522	4.243080238864546e-05
ENSG00000033030	4.242446393220828e-05
ENSG00000205323	4.2397786367077534e-05
ENSG00000083168	4.2376337187748726e-05
ENSG00000159958	4.2352075488543575e-05
ENSG00000145687	4.233716445417327e-05
ENSG00000181619	4.233508284754493e-05
ENSG00000018625	4.232512551777238e-05
ENSG00000189195	4.230186830534457e-05
ENSG00000165879	4.227359779707163e-05
ENSG00000137710	4.2273503961325016e-05
ENSG00000102595	4.226490677214835e-05
ENSG00000172009	4.226481928368458e-05
ENSG00000171475	4.2259420688916025e-05
ENSG00000167306	4.2249551008021655e-05
ENSG00000188739	4.223256990830904e-05
ENSG00000078967	4.221795184764262e-05
ENSG00000142949	4.2205659378908096e-05
ENSG00000100532	4.2155008067400594e-05
ENSG00000005436	4.214431025368981e-05
ENSG00000100084	4.212452494897723e-05
ENSG00000152684	4.211888526802266e-05
ENSG00000004455	4.211803894250465e-05
ENSG00000107949	4.210722750063646e-05
ENSG00000176102	4.210258710715276e-05
ENSG00000146858	4.210241228919596e-05
ENSG00000107562	4.2094229127759064e-05
ENSG00000167759	4.2091232915410545e-05
ENSG00000234078	4.208416033234931e-05
ENSG00000196569	4.208215658383126e-05
ENSG00000165238	4.207978359323621e-05
ENSG00000168615	4.2073931173053665e-05
ENSG00000111676	4.207378698523e-05
ENSG00000170426	4.2064669742558934e-05
ENSG00000154845	4.2063626438710096e-05
ENSG00000145194	4.20571201300167e-05
ENSG00000021762	4.2056178221425395e-05
ENSG00000196754	4.205091687968289e-05
ENSG00000061337	4.2048724855021676e-05
ENSG00000185482	4.20359998329259e-05
ENSG00000163382	4.202456021803049e-05
ENSG00000123989	4.202400119051814e-05
ENSG00000106066	4.202090888615796e-05
ENSG00000173540	4.201363220343693e-05
ENSG00000130695	4.201309642384891e-05
ENSG00000117602	4.2003094027971164e-05
ENSG00000105695	4.19791698119779e-05
ENSG00000139220	4.195724220635102e-05
ENSG00000137265	4.1953863011071145e-05
ENSG00000113083	4.193228176735574e-05
ENSG00000105550	4.191928495250796e-05
ENSG00000165192	4.191641986913363e-05
ENSG00000173559	4.191520754694978e-05
ENSG00000100364	4.191405001303892e-05
ENSG00000121691	4.1905613641322346e-05
ENSG00000141759	4.188165317484111e-05
ENSG00000103152	4.186834312926369e-05
ENSG00000198947	4.1860258779923294e-05
ENSG00000117525	4.185509285765282e-05
ENSG00000178057	4.184356637379716e-05
ENSG00000187514	4.1820269515498355e-05
ENSG00000109061	4.1813836444563075e-05
ENSG00000136280	4.180875203000017e-05
ENSG00000155096	4.1805556359358754e-05
ENSG00000005194	4.1801182417481153e-05
ENSG00000023839	4.177508084639333e-05
ENSG00000274726	4.176113284459794e-05
ENSG00000085265	4.175513354741347e-05
ENSG00000247596	4.1748560945722605e-05
ENSG00000173208	4.1742566010486006e-05
ENSG00000086189	4.1729319130048606e-05
ENSG00000130175	4.169765397331671e-05
ENSG00000122545	4.1693679370856536e-05
ENSG00000122136	4.1682485821152796e-05
ENSG00000106714	4.166552671743398e-05
ENSG00000163064	4.1663968310922334e-05
ENSG00000137100	4.165765421914916e-05
ENSG00000116285	4.165537496856941e-05
ENSG00000151090	4.1631413918451673e-05
ENSG00000179943	4.160606447763683e-05
ENSG00000183072	4.159357401502103e-05
ENSG00000141985	4.157723120784414e-05
ENSG00000179242	4.155342272633137e-05
ENSG00000119878	4.155089038206674e-05
ENSG00000087903	4.154469090628012e-05
ENSG00000281449	4.1538790505492426e-05
ENSG00000049245	4.151290695633298e-05
ENSG00000103995	4.149309361050807e-05
ENSG00000250361	4.148402238319609e-05
ENSG00000010704	4.147354301767818e-05
ENSG00000090060	4.146692936815305e-05
ENSG00000198000	4.1459979000748176e-05
ENSG00000107862	4.145525048189932e-05
ENSG00000118985	4.144145577577802e-05
ENSG00000140379	4.140885334265675e-05
ENSG00000197081	4.1401776051001746e-05
ENSG00000163563	4.140144795431397e-05
ENSG00000141279	4.138623001069934e-05
ENSG00000102038	4.1374487278952615e-05
ENSG00000082996	4.137279204649639e-05
ENSG00000167751	4.133505103618705e-05
ENSG00000164442	4.132040887780564e-05
ENSG00000160783	4.131782955643102e-05
ENSG00000131773	4.131602353939544e-05
ENSG00000198363	4.130552296559988e-05
ENSG00000100665	4.128593492506496e-05
ENSG00000167985	4.127641316002402e-05
ENSG00000112983	4.126986512801262e-05
ENSG00000127884	4.1252287753125084e-05
ENSG00000119638	4.1244073858077654e-05
ENSG00000137976	4.1222470227524297e-05
ENSG00000125503	4.1221000254425594e-05
ENSG00000172500	4.121591456893919e-05
ENSG00000115561	4.1212901345650946e-05
ENSG00000117000	4.1212899147798234e-05
ENSG00000263290	4.11874888213472e-05
ENSG00000069011	4.117380093675504e-05
ENSG00000166869	4.116163867776237e-05
ENSG00000135387	4.116152002954714e-05
ENSG00000049167	4.1158173428723335e-05
ENSG00000254709	4.115154598813036e-05
ENSG00000141433	4.11464537866899e-05
ENSG00000006837	4.113663965818052e-05
ENSG00000162819	4.112405372182955e-05
ENSG00000104859	4.1118811540273535e-05
ENSG00000126756	4.111511947888382e-05
ENSG00000144712	4.111431730502314e-05
ENSG00000170881	4.107512978875362e-05
ENSG00000173546	4.106812204664026e-05
ENSG00000237335	4.105840409873838e-05
ENSG00000129116	4.1047105686612695e-05
ENSG00000167685	4.10390429899747e-05
ENSG00000110104	4.099879572310225e-05
ENSG00000122756	4.097747001592685e-05
ENSG00000051108	4.0966653713316816e-05
ENSG00000175198	4.090341970076862e-05
ENSG00000151655	4.087997270988744e-05
ENSG00000135924	4.087877706487419e-05
ENSG00000198910	4.084020857897398e-05
ENSG00000166681	4.0836789902612435e-05
ENSG00000186471	4.081024715925181e-05
ENSG00000161677	4.0809840497574556e-05
ENSG00000134184	4.080455017309767e-05
ENSG00000177125	4.079959056041507e-05
ENSG00000131149	4.077493962115826e-05
ENSG00000119411	4.077394874774219e-05
ENSG00000108231	4.0769070568321005e-05
ENSG00000132664	4.076487598893334e-05
ENSG00000129911	4.076319741221944e-05
ENSG00000122741	4.0749829589257863e-05
ENSG00000111752	4.074655481642106e-05
ENSG00000126785	4.072726133608781e-05
ENSG00000197312	4.0721380010162435e-05
ENSG00000066629	4.071912889119179e-05
ENSG00000148384	4.071207501688903e-05
ENSG00000089048	4.068682200779127e-05
ENSG00000171786	4.0683686244498344e-05
ENSG00000140564	4.0676466388457735e-05
ENSG00000284944	4.066759717816212e-05
ENSG00000134748	4.0651919934556e-05
ENSG00000167105	4.063546771173973e-05
ENSG00000142733	4.0628213658900595e-05
ENSG00000261221	4.061342286408331e-05
ENSG00000110375	4.060565340580905e-05
ENSG00000163961	4.060445496439093e-05
ENSG00000168172	4.060270417090631e-05
ENSG00000187240	4.059354364213586e-05
ENSG00000062524	4.0574283848184054e-05
ENSG00000281917	4.0572233307205075e-05
ENSG00000258643	4.057003828773503e-05
ENSG00000110777	4.056381154382978e-05
ENSG00000141655	4.056139770607854e-05
ENSG00000275023	4.055446216868278e-05
ENSG00000005884	4.052175823530985e-05
ENSG00000053371	4.051984072963684e-05
ENSG00000145901	4.0512558155046556e-05
ENSG00000175513	4.050427322190799e-05
ENSG00000243137	4.046066989973769e-05
ENSG00000183036	4.041315964912916e-05
ENSG00000178184	4.0356491142372016e-05
ENSG00000074370	4.0350680860912367e-05
ENSG00000147123	4.033730820760852e-05
ENSG00000163950	4.0335690417021506e-05
ENSG00000173621	4.0332421951624695e-05
ENSG00000274233	4.0298602297052896e-05
ENSG00000100490	4.0293314827027446e-05
ENSG00000169118	4.028533944489221e-05
ENSG00000166411	4.0271965340947005e-05
ENSG00000284816	4.024945328820157e-05
ENSG00000134014	4.024719845052455e-05
ENSG00000232367	4.0242661136456845e-05
ENSG00000157933	4.0238542107492776e-05
ENSG00000158710	4.023767512142239e-05
ENSG00000174903	4.023734167150436e-05
ENSG00000165322	4.022339300488414e-05
ENSG00000122386	4.0222326139482305e-05
ENSG00000143324	4.020739239898455e-05
ENSG00000087085	4.0203939833814974e-05
ENSG00000173193	4.02011764753311e-05
ENSG00000121057	4.018278023293729e-05
ENSG00000128708	4.017996784909289e-05
ENSG00000115592	4.017985466404934e-05
ENSG00000173230	4.0155222626071235e-05
ENSG00000101751	4.014778955817475e-05
ENSG00000183155	4.014732188883099e-05
ENSG00000109943	4.014126555570711e-05
ENSG00000179915	4.013125235197315e-05
ENSG00000114554	4.012354364508808e-05
ENSG00000067066	4.011395809887322e-05
ENSG00000171103	4.009114487874082e-05
ENSG00000132141	4.008476904470095e-05
ENSG00000129534	4.0075412046822625e-05
ENSG00000100722	4.007485964086241e-05
ENSG00000239732	4.006213716887386e-05
ENSG00000128510	4.006089145388113e-05
ENSG00000187772	4.0053233427850865e-05
ENSG00000148143	4.003843328389765e-05
ENSG00000140264	4.0006487349381624e-05
ENSG00000128944	4.000638701792196e-05
ENSG00000174697	4.0001889334062744e-05
ENSG00000181143	3.999890862483685e-05
ENSG00000020426	3.999728238063088e-05
ENSG00000106692	3.997566139984969e-05
ENSG00000005102	3.996711821390027e-05
ENSG00000197579	3.996218652145108e-05
ENSG00000198650	3.995915783381247e-05
ENSG00000225553	3.9955305993675615e-05
ENSG00000129484	3.9932624915490296e-05
ENSG00000164758	3.992786914912642e-05
ENSG00000143375	3.992632564863391e-05
ENSG00000072041	3.9913942060051606e-05
ENSG00000100167	3.990395506881038e-05
ENSG00000035681	3.9892235670971226e-05
ENSG00000054967	3.98827099757222e-05
ENSG00000078687	3.987297707094884e-05
ENSG00000182175	3.986128818384931e-05
ENSG00000185238	3.9857405572684006e-05
ENSG00000163257	3.9854725643726275e-05
ENSG00000147687	3.985216251319651e-05
ENSG00000126249	3.984829752888427e-05
ENSG00000117533	3.983882715553915e-05
ENSG00000196155	3.982962539888504e-05
ENSG00000172348	3.9827730483814635e-05
ENSG00000127946	3.982251224131685e-05
ENSG00000116147	3.980480019867886e-05
ENSG00000110063	3.97912393252391e-05
ENSG00000077942	3.9782056095886006e-05
ENSG00000103540	3.976261002840751e-05
ENSG00000186638	3.9740085426828706e-05
ENSG00000120699	3.973671724948331e-05
ENSG00000160678	3.972444795253006e-05
ENSG00000160224	3.971022099222526e-05
ENSG00000163599	3.965494278715091e-05
ENSG00000073803	3.965272036789355e-05
ENSG00000056972	3.963564583293146e-05
ENSG00000073756	3.9622022870034176e-05
ENSG00000122986	3.960530461591829e-05
ENSG00000139151	3.9566495119484407e-05
ENSG00000151892	3.954086926596548e-05
ENSG00000163945	3.953748450237731e-05
ENSG00000120068	3.9519747955380735e-05
ENSG00000011454	3.9513312792406484e-05
ENSG00000124942	3.9486091687892936e-05
ENSG00000198574	3.9475832118550026e-05
ENSG00000164485	3.946166857012727e-05
ENSG00000106078	3.945574946185121e-05
ENSG00000077235	3.94557299791483e-05
ENSG00000040275	3.9448975738284596e-05
ENSG00000141385	3.94243422716195e-05
ENSG00000127948	3.942068191352227e-05
ENSG00000154174	3.939877952782176e-05
ENSG00000240694	3.9394896082992844e-05
ENSG00000280951	3.9393855530409036e-05
ENSG00000169020	3.9384197371857005e-05
ENSG00000058729	3.937738628030424e-05
ENSG00000197976	3.935809514041257e-05
ENSG00000198382	3.9350313678671194e-05
ENSG00000188783	3.934569234531573e-05
ENSG00000169641	3.9343792966018646e-05
ENSG00000138674	3.9337818108050156e-05
ENSG00000133106	3.9330608915441016e-05
ENSG00000108387	3.931123661806812e-05
ENSG00000048991	3.929150924533694e-05
ENSG00000118473	3.926418479102028e-05
ENSG00000120937	3.925579275370881e-05
ENSG00000197705	3.924995582702559e-05
ENSG00000085117	3.9231882095533055e-05
ENSG00000179454	3.91890656148356e-05
ENSG00000177479	3.9175246371332085e-05
ENSG00000077279	3.91750786543422e-05
ENSG00000157191	3.9156354540632864e-05
ENSG00000145198	3.909424813952797e-05
ENSG00000116329	3.908545008656617e-05
ENSG00000172732	3.9084525636062475e-05
ENSG00000134575	3.9083049225436354e-05
ENSG00000172725	3.906711528449285e-05
ENSG00000187391	3.906557398271586e-05
ENSG00000213398	3.9064921275807185e-05
ENSG00000167850	3.9038785284699485e-05
ENSG00000171345	3.90285148911335e-05
ENSG00000132128	3.9026744829558004e-05
ENSG00000197747	3.902574149444735e-05
ENSG00000175315	3.8994249425317314e-05
ENSG00000124201	3.898178906656687e-05
ENSG00000145391	3.896795067525319e-05
ENSG00000128463	3.8965845731679835e-05
ENSG00000123268	3.895983179653278e-05
ENSG00000135862	3.8950714715218186e-05
ENSG00000213465	3.894894931486553e-05
ENSG00000167515	3.8925120698543016e-05
ENSG00000106948	3.8923839495827813e-05
ENSG00000151694	3.889347041535735e-05
ENSG00000169896	3.885435624717201e-05
ENSG00000164949	3.885311187919612e-05
ENSG00000213190	3.883096951918756e-05
ENSG00000125877	3.880836130112168e-05
ENSG00000130787	3.875691898328875e-05
ENSG00000137440	3.874542659149232e-05
ENSG00000175283	3.87237561288264e-05
ENSG00000103199	3.872180919342113e-05
ENSG00000182196	3.865511160016686e-05
ENSG00000144635	3.863525306337744e-05
ENSG00000073711	3.8630474670274564e-05
ENSG00000196284	3.861145815477933e-05
ENSG00000100580	3.859933629306082e-05
ENSG00000088367	3.85795217939538e-05
ENSG00000130540	3.857274422820073e-05
ENSG00000154358	3.855054916903822e-05
ENSG00000083535	3.85453989403348e-05
ENSG00000167283	3.8544332038701115e-05
ENSG00000114757	3.850383271715214e-05
ENSG00000166090	3.8497213321671716e-05
ENSG00000123992	3.847762616177775e-05
ENSG00000065548	3.8464976632525675e-05
ENSG00000021574	3.8450425494558356e-05
ENSG00000164930	3.844389744134954e-05
ENSG00000109079	3.843584662181355e-05
ENSG00000132031	3.842218954693272e-05
ENSG00000197555	3.8408724458317916e-05
ENSG00000077238	3.840190164496399e-05
ENSG00000177426	3.839525111630273e-05
ENSG00000076108	3.8377794734798053e-05
ENSG00000077420	3.836444089630217e-05
ENSG00000167964	3.8349187865766836e-05
ENSG00000196365	3.833735821651747e-05
ENSG00000131944	3.833110290710079e-05
ENSG00000122970	3.832704033667305e-05
ENSG00000206562	3.830635273411093e-05
ENSG00000119801	3.829422346596476e-05
ENSG00000140740	3.828598285109743e-05
ENSG00000136848	3.827399793256412e-05
ENSG00000132952	3.827000688428797e-05
ENSG00000131096	3.8257939551993156e-05
ENSG00000135940	3.8240872988368226e-05
ENSG00000163823	3.82399072614551e-05
ENSG00000185009	3.823829004840833e-05
ENSG00000179361	3.823613565624128e-05
ENSG00000140395	3.82290501266901e-05
ENSG00000103264	3.8207231202899384e-05
ENSG00000121417	3.8204110234538364e-05
ENSG00000155097	3.8198455199339345e-05
ENSG00000137098	3.8194320684213e-05
ENSG00000167332	3.817536926172576e-05
ENSG00000146592	3.816961030449893e-05
ENSG00000167081	3.8157648208730216e-05
ENSG00000242265	3.8131315459577085e-05
ENSG00000113300	3.810847540241544e-05
ENSG00000158321	3.8096629759691114e-05
ENSG00000186654	3.809111662996178e-05
ENSG00000155957	3.808061212068616e-05
ENSG00000100124	3.804774370262086e-05
ENSG00000221837	3.804379350550123e-05
ENSG00000134183	3.803405775194489e-05
ENSG00000106333	3.803267233904222e-05
ENSG00000123684	3.80157437750761e-05
ENSG00000213246	3.800123316253724e-05
ENSG00000082556	3.7989022240174334e-05
ENSG00000151779	3.795608018125394e-05
ENSG00000130158	3.795196744836296e-05
ENSG00000171497	3.792185677739975e-05
ENSG00000110047	3.7908941404097604e-05
ENSG00000110934	3.790118531757246e-05
ENSG00000137936	3.7898875753987126e-05
ENSG00000156802	3.787554476777584e-05
ENSG00000274391	3.7875343426292435e-05
ENSG00000004779	3.786707318315039e-05
ENSG00000166938	3.78643986623097e-05
ENSG00000115758	3.7836616634754395e-05
ENSG00000139324	3.780610348539278e-05
ENSG00000205476	3.779611461189162e-05
ENSG00000100290	3.777795059358188e-05
ENSG00000284850	3.777427474548617e-05
ENSG00000143387	3.777400760363067e-05
ENSG00000197702	3.7756837280411e-05
ENSG00000101200	3.773930817268736e-05
ENSG00000174606	3.773410826435564e-05
ENSG00000105048	3.772711780059561e-05
ENSG00000078328	3.771725989390593e-05
ENSG00000131653	3.770321241370599e-05
ENSG00000198860	3.7701663497971e-05
ENSG00000276293	3.76999843374625e-05
ENSG00000110628	3.768494833966569e-05
ENSG00000161217	3.7679297276822885e-05
ENSG00000112425	3.766413639736808e-05
ENSG00000151914	3.7661968633456346e-05
ENSG00000233816	3.764735382422715e-05
ENSG00000181333	3.764649491163594e-05
ENSG00000197111	3.7646342304978564e-05
ENSG00000111537	3.76451959677449e-05
ENSG00000132744	3.764351092485355e-05
ENSG00000112333	3.756715419569441e-05
ENSG00000111049	3.756340399476839e-05
ENSG00000115514	3.755201136395304e-05
ENSG00000106144	3.7551761511587316e-05
ENSG00000169429	3.7546565844991274e-05
ENSG00000266412	3.7536133076800625e-05
ENSG00000198252	3.7534343046752405e-05
ENSG00000170340	3.753185353926948e-05
ENSG00000150337	3.753105698603286e-05
ENSG00000153234	3.748546591803954e-05
ENSG00000149295	3.747788445881874e-05
ENSG00000120242	3.745135952935579e-05
ENSG00000112246	3.743410569125167e-05
ENSG00000196611	3.7428792605817406e-05
ENSG00000203668	3.7427749996683925e-05
ENSG00000203747	3.741978646443692e-05
ENSG00000185551	3.741755298091502e-05
ENSG00000133083	3.73818895060352e-05
ENSG00000162777	3.737637601390294e-05
ENSG00000104131	3.736718044424794e-05
ENSG00000168538	3.736204997007645e-05
ENSG00000078098	3.735591617060553e-05
ENSG00000188878	3.7352716185026246e-05
ENSG00000146276	3.734476640855547e-05
ENSG00000161277	3.7307741178785156e-05
ENSG00000162076	3.728630176589862e-05
ENSG00000081692	3.728383596087916e-05
ENSG00000121351	3.727957535571588e-05
ENSG00000012983	3.7277728931454594e-05
ENSG00000151491	3.727045490421641e-05
ENSG00000103365	3.7263955145062494e-05
ENSG00000115828	3.72623876931134e-05
ENSG00000168447	3.72538613395763e-05
ENSG00000142082	3.724589461204287e-05
ENSG00000147862	3.720773718157958e-05
ENSG00000179958	3.720539942030811e-05
ENSG00000154099	3.7178750113485854e-05
ENSG00000115718	3.716950053527318e-05
ENSG00000164022	3.71628819464865e-05
ENSG00000162613	3.7131222164106984e-05
ENSG00000234539	3.713043692702011e-05
ENSG00000148204	3.7124803255012566e-05
ENSG00000165733	3.7105247845868284e-05
ENSG00000136631	3.7078226852250804e-05
ENSG00000198171	3.705809886582726e-05
ENSG00000160339	3.705590066348515e-05
ENSG00000150990	3.7034233539299686e-05
ENSG00000228716	3.703200487250413e-05
ENSG00000160050	3.702124612840123e-05
ENSG00000197903	3.700993451324229e-05
ENSG00000280610	3.7003428974764325e-05
ENSG00000121058	3.699604694533586e-05
ENSG00000117682	3.699397352398268e-05
ENSG00000134709	3.6971501632859175e-05
ENSG00000013503	3.6964535211913715e-05
ENSG00000101882	3.6944615581053604e-05
ENSG00000113657	3.6941754164357785e-05
ENSG00000138061	3.693583665021739e-05
ENSG00000048540	3.692849873175907e-05
ENSG00000197444	3.691797199471339e-05
ENSG00000123364	3.690677211178975e-05
ENSG00000134909	3.69012058003122e-05
ENSG00000284807	3.689829104272313e-05
ENSG00000123999	3.687590306562798e-05
ENSG00000144233	3.687379986258643e-05
ENSG00000122133	3.6844046298663743e-05
ENSG00000171487	3.683854398984989e-05
ENSG00000120800	3.682389355298237e-05
ENSG00000128271	3.681992806678985e-05
ENSG00000166863	3.681659619202727e-05
ENSG00000178585	3.68054341210836e-05
ENSG00000215853	3.674802144703152e-05
ENSG00000067334	3.673009063190015e-05
ENSG00000198911	3.672749289926405e-05
ENSG00000171940	3.671274834563466e-05
ENSG00000180329	3.6696390911031324e-05
ENSG00000121671	3.6654589730739616e-05
ENSG00000090861	3.6653358206642485e-05
ENSG00000153317	3.663648774425044e-05
ENSG00000105849	3.662231599735731e-05
ENSG00000113068	3.662011372656991e-05
ENSG00000213931	3.6617268874162035e-05
ENSG00000161904	3.6604998152528944e-05
ENSG00000260428	3.6602104390266904e-05
ENSG00000111678	3.658049751606175e-05
ENSG00000125810	3.6577760714627764e-05
ENSG00000180340	3.6560777768124857e-05
ENSG00000043143	3.6535743170145156e-05
ENSG00000125124	3.653105862089607e-05
ENSG00000149131	3.6530277852231157e-05
ENSG00000110786	3.651848617141873e-05
ENSG00000175581	3.651131305704967e-05
ENSG00000156127	3.650411280241132e-05
ENSG00000149115	3.6502325932306945e-05
ENSG00000084734	3.647413787615227e-05
ENSG00000276833	3.64630235454322e-05
ENSG00000137563	3.6440353889363204e-05
ENSG00000282954	3.643909144493424e-05
ENSG00000170266	3.6436953960392446e-05
ENSG00000008196	3.643072395497969e-05
ENSG00000163464	3.642784709552619e-05
ENSG00000276230	3.641299197839334e-05
ENSG00000110975	3.6402126369005796e-05
ENSG00000243414	3.639680878687491e-05
ENSG00000157216	3.639359342133343e-05
ENSG00000177468	3.637976930332027e-05
ENSG00000170638	3.637775307762289e-05
ENSG00000184371	3.637255870120613e-05
ENSG00000100554	3.635708189820882e-05
ENSG00000273514	3.6336372177611333e-05
ENSG00000143776	3.6328011359205455e-05
ENSG00000136928	3.632062725664392e-05
ENSG00000138495	3.6314316056268605e-05
ENSG00000105738	3.631353228580848e-05
ENSG00000116830	3.6311866435955356e-05
ENSG00000143013	3.6303194921424956e-05
ENSG00000154945	3.630311248469885e-05
ENSG00000100987	3.629274204798813e-05
ENSG00000185674	3.6276316792670373e-05
ENSG00000185963	3.6273794153687266e-05
ENSG00000116954	3.623851430429309e-05
ENSG00000184990	3.623107119715025e-05
ENSG00000146678	3.622615004699878e-05
ENSG00000183258	3.6215310418828315e-05
ENSG00000076944	3.620362468700505e-05
ENSG00000169826	3.6201055741906263e-05
ENSG00000118804	3.618660484904539e-05
ENSG00000242028	3.6184938594216595e-05
ENSG00000138777	3.616853272562511e-05
ENSG00000168515	3.616661731859819e-05
ENSG00000177879	3.615816483163765e-05
ENSG00000151883	3.614525044864879e-05
ENSG00000166557	3.614389849400556e-05
ENSG00000155755	3.613406118748808e-05
ENSG00000285281	3.612539349597717e-05
ENSG00000184162	3.611578995180383e-05
ENSG00000144354	3.611017362077151e-05
ENSG00000169599	3.609988415571188e-05
ENSG00000139921	3.608386564251732e-05
ENSG00000137078	3.607818844230408e-05
ENSG00000170373	3.6073356292169865e-05
ENSG00000101464	3.607203456480836e-05
ENSG00000197858	3.606997595295902e-05
ENSG00000102265	3.606212051364343e-05
ENSG00000132693	3.606197338968764e-05
ENSG00000143536	3.6058582621933364e-05
ENSG00000090054	3.605836760911407e-05
ENSG00000123545	3.6023101589131723e-05
ENSG00000127463	3.6022482569908514e-05
ENSG00000158062	3.601082826068927e-05
ENSG00000150593	3.59960165265978e-05
ENSG00000100266	3.598871258689049e-05
ENSG00000130779	3.5978623031931486e-05
ENSG00000135070	3.596381988523301e-05
ENSG00000104881	3.595395841975966e-05
ENSG00000162129	3.59525711733361e-05
ENSG00000125863	3.59523431263986e-05
ENSG00000172426	3.594961506843124e-05
ENSG00000101986	3.593897917216667e-05
ENSG00000164418	3.593554087733605e-05
ENSG00000138613	3.59347112148096e-05
ENSG00000284796	3.591992443366349e-05
ENSG00000154727	3.589366097216686e-05
ENSG00000111707	3.589284532419342e-05
ENSG00000100106	3.588005368529079e-05
ENSG00000147041	3.5869798372061155e-05
ENSG00000183648	3.586567858485013e-05
ENSG00000008869	3.584737539363773e-05
ENSG00000106261	3.583788235359491e-05
ENSG00000203485	3.583696240911478e-05
ENSG00000169071	3.58313845461062e-05
ENSG00000164683	3.5810793923720526e-05
ENSG00000144406	3.580014048647754e-05
ENSG00000101132	3.5798250005413634e-05
ENSG00000083857	3.57932258819553e-05
ENSG00000277424	3.577711634961201e-05
ENSG00000032219	3.57749394215533e-05
ENSG00000054793	3.57680221812586e-05
ENSG00000157927	3.576425567458382e-05
ENSG00000131966	3.575424480141201e-05
ENSG00000132467	3.574166101847855e-05
ENSG00000125351	3.573520843599831e-05
ENSG00000125375	3.573398567190547e-05
ENSG00000147155	3.57331721400287e-05
ENSG00000163154	3.572481636174296e-05
ENSG00000119777	3.571941234790958e-05
ENSG00000060491	3.57078435536383e-05
ENSG00000112367	3.56938686259784e-05
ENSG00000164902	3.5689487758861624e-05
ENSG00000170653	3.567900009692342e-05
ENSG00000088356	3.567709634717793e-05
ENSG00000135111	3.567252249033005e-05
ENSG00000197283	3.567160575305697e-05
ENSG00000164076	3.5662940959952505e-05
ENSG00000173575	3.564779191234739e-05
ENSG00000143793	3.563492450582185e-05
ENSG00000101365	3.562255176490991e-05
ENSG00000178307	3.560943214017075e-05
ENSG00000082068	3.560753305079783e-05
ENSG00000144730	3.5606471015043264e-05
ENSG00000105821	3.55979373511368e-05
ENSG00000100285	3.559624386059173e-05
ENSG00000104611	3.556021548396058e-05
ENSG00000163737	3.555990292802261e-05
ENSG00000166313	3.555891600968839e-05
ENSG00000162999	3.555249762486033e-05
ENSG00000108384	3.554339141126589e-05
ENSG00000198876	3.5517845256295673e-05
ENSG00000166046	3.5515363698559626e-05
ENSG00000186838	3.55132966105057e-05
ENSG00000130638	3.550731313685178e-05
ENSG00000164118	3.550518817286244e-05
ENSG00000110046	3.5502451396051214e-05
ENSG00000105186	3.5480751863317156e-05
ENSG00000130348	3.547267241608402e-05
ENSG00000184897	3.546811923475381e-05
ENSG00000171617	3.546165068880938e-05
ENSG00000176058	3.545598612230495e-05
ENSG00000158987	3.543052044076e-05
ENSG00000205250	3.539822872256472e-05
ENSG00000169067	3.5387057549625965e-05
ENSG00000138101	3.5382636893106905e-05
ENSG00000101306	3.537704226348188e-05
ENSG00000163577	3.5351247188618025e-05
ENSG00000143622	3.534635215706425e-05
ENSG00000119397	3.534621030544918e-05
ENSG00000169689	3.5306584301495273e-05
ENSG00000164163	3.529805294492372e-05
ENSG00000171914	3.5290763218517393e-05
ENSG00000197429	3.528275340817316e-05
ENSG00000188158	3.5278561801075885e-05
ENSG00000117308	3.5268241424669964e-05
ENSG00000156531	3.526652010541544e-05
ENSG00000127412	3.526226520956255e-05
ENSG00000105866	3.523055020377404e-05
ENSG00000107807	3.522441773193507e-05
ENSG00000163510	3.522213079897155e-05
ENSG00000047634	3.52214011697652e-05
ENSG00000085760	3.520156396745957e-05
ENSG00000272196	3.5195762024510635e-05
ENSG00000082641	3.519374749202784e-05
ENSG00000033170	3.517506245243973e-05
ENSG00000166033	3.515957005166741e-05
ENSG00000243725	3.514241937283932e-05
ENSG00000275272	3.5130917250522164e-05
ENSG00000107105	3.511616638641728e-05
ENSG00000172379	3.510174266222665e-05
ENSG00000147905	3.509827234429528e-05
ENSG00000134684	3.5097721182735634e-05
ENSG00000155629	3.5087801075131323e-05
ENSG00000122515	3.5072144838524115e-05
ENSG00000211890	3.50597158914859e-05
ENSG00000197079	3.504643411826547e-05
ENSG00000141580	3.504265644229971e-05
ENSG00000126432	3.5025271275184544e-05
ENSG00000152689	3.5024472021573604e-05
ENSG00000023909	3.502376990577707e-05
ENSG00000118496	3.501454103915194e-05
ENSG00000113328	3.4948874025464225e-05
ENSG00000128487	3.493624496971521e-05
ENSG00000103319	3.493298575266843e-05
ENSG00000004700	3.492657655031331e-05
ENSG00000258429	3.4916705290404715e-05
ENSG00000101115	3.491467660400808e-05
ENSG00000172482	3.490074522535804e-05
ENSG00000081721	3.489245429519438e-05
ENSG00000204128	3.48726828811234e-05
ENSG00000149260	3.48726828811234e-05
ENSG00000163251	3.48362904732828e-05
ENSG00000170276	3.483072064948565e-05
ENSG00000145982	3.482508441571636e-05
ENSG00000167123	3.4816604273402136e-05
ENSG00000128590	3.4816300989662095e-05
ENSG00000046774	3.4811815233554514e-05
ENSG00000170214	3.480688470890358e-05
ENSG00000116754	3.479800271144775e-05
ENSG00000108622	3.478497637440539e-05
ENSG00000169019	3.4777566273160845e-05
ENSG00000100206	3.4770294067641434e-05
ENSG00000168546	3.475808320146123e-05
ENSG00000144401	3.474050549128837e-05
ENSG00000198873	3.473963340081069e-05
ENSG00000165661	3.4726482635131695e-05
ENSG00000115486	3.471869093739146e-05
ENSG00000157017	3.471266430868943e-05
ENSG00000068120	3.471220628993682e-05
ENSG00000197063	3.469873541998651e-05
ENSG00000277733	3.469283090696779e-05
ENSG00000133317	3.468985996436676e-05
ENSG00000104879	3.467259262086578e-05
ENSG00000174175	3.466383339671658e-05
ENSG00000102890	3.4660835498862366e-05
ENSG00000134453	3.465782180239768e-05
ENSG00000166855	3.4656895049887845e-05
ENSG00000143727	3.464774407923293e-05
ENSG00000172578	3.464658011002036e-05
ENSG00000136111	3.464497207262599e-05
ENSG00000115267	3.4644599856049716e-05
ENSG00000172995	3.464244437008962e-05
ENSG00000167394	3.4641387860599536e-05
ENSG00000197961	3.4635755342308066e-05
ENSG00000198075	3.461298312484218e-05
ENSG00000006715	3.4610422611446986e-05
ENSG00000153066	3.4597839156785944e-05
ENSG00000116871	3.458176955036085e-05
ENSG00000177272	3.45715144352702e-05
ENSG00000285485	3.456196440352839e-05
ENSG00000164695	3.452438205364655e-05
ENSG00000160282	3.451957654277807e-05
ENSG00000157593	3.451433829943455e-05
ENSG00000122550	3.450897225180361e-05
ENSG00000274205	3.4496939360904955e-05
ENSG00000141519	3.448941555868047e-05
ENSG00000288121	3.4486190982568656e-05
ENSG00000154370	3.443197064622502e-05
ENSG00000162734	3.4431753094993684e-05
ENSG00000160602	3.4403979665419536e-05
ENSG00000163110	3.436472166331012e-05
ENSG00000149782	3.432449575488413e-05
ENSG00000174417	3.428207897142083e-05
ENSG00000103489	3.427980673676568e-05
ENSG00000140623	3.426060480314871e-05
ENSG00000153339	3.423375150473454e-05
ENSG00000134061	3.4227853657415125e-05
ENSG00000160753	3.422610112574373e-05
ENSG00000162399	3.4211673496789874e-05
ENSG00000144848	3.42066473116222e-05
ENSG00000178104	3.4204542052125915e-05
ENSG00000155906	3.4196363971536574e-05
ENSG00000188419	3.4179531014833687e-05
ENSG00000177984	3.41777045489401e-05
ENSG00000004777	3.416983575474591e-05
ENSG00000154040	3.416243604016135e-05
ENSG00000188404	3.4156989180688596e-05
ENSG00000162517	3.4151309276621686e-05
ENSG00000178750	3.414504180375968e-05
ENSG00000169635	3.411620638120346e-05
ENSG00000203618	3.411215590528049e-05
ENSG00000215114	3.409381466909054e-05
ENSG00000106080	3.40833166115853e-05
ENSG00000090539	3.4076105073134604e-05
ENSG00000106809	3.407254067783218e-05
ENSG00000184330	3.4066031768504326e-05
ENSG00000173406	3.40563906388673e-05
ENSG00000111832	3.405571137975057e-05
ENSG00000167333	3.405004767399056e-05
ENSG00000108932	3.404953068997959e-05
ENSG00000165219	3.404076902339051e-05
ENSG00000161547	3.401737696243354e-05
ENSG00000050344	3.400916401988533e-05
ENSG00000113594	3.399998690391779e-05
ENSG00000102531	3.3987308698365716e-05
ENSG00000123843	3.398408268740817e-05
ENSG00000183475	3.396399557743263e-05
ENSG00000100325	3.396368899959076e-05
ENSG00000115507	3.395576570298496e-05
ENSG00000064309	3.394498540209866e-05
ENSG00000117859	3.3919990402439326e-05
ENSG00000197168	3.3915975909977955e-05
ENSG00000162729	3.3898150837960015e-05
ENSG00000108064	3.389031745180847e-05
ENSG00000150768	3.388122002380041e-05
ENSG00000100038	3.387907479382377e-05
ENSG00000138829	3.3877820874960075e-05
ENSG00000158270	3.386046239283684e-05
ENSG00000137764	3.384762293632073e-05
ENSG00000188379	3.3845179050348955e-05
ENSG00000139287	3.38399620684094e-05
ENSG00000115255	3.383285524081144e-05
ENSG00000107672	3.382729434707951e-05
ENSG00000171729	3.3824572294504565e-05
ENSG00000108591	3.380474655816196e-05
ENSG00000077232	3.3801836941385774e-05
ENSG00000091164	3.379894353451802e-05
ENSG00000153989	3.377125185473047e-05
ENSG00000114993	3.37703645441399e-05
ENSG00000136867	3.376834077948359e-05
ENSG00000170242	3.376208083649784e-05
ENSG00000172954	3.375444070637587e-05
ENSG00000153574	3.373212182311942e-05
ENSG00000168393	3.372505635807421e-05
ENSG00000186566	3.372014984353445e-05
ENSG00000134882	3.371627864690806e-05
ENSG00000087087	3.371481698712195e-05
ENSG00000105053	3.371271037236789e-05
ENSG00000231268	3.369309684517178e-05
ENSG00000138002	3.368898588505105e-05
ENSG00000008256	3.36845492306315e-05
ENSG00000184640	3.3684111631194426e-05
ENSG00000204941	3.368271904445342e-05
ENSG00000171314	3.3677785459902275e-05
ENSG00000072163	3.367288615978337e-05
ENSG00000127561	3.3651541572185975e-05
ENSG00000004534	3.363902274699671e-05
ENSG00000077585	3.3610398763055865e-05
ENSG00000163874	3.359022933994333e-05
ENSG00000068079	3.357868331870381e-05
ENSG00000168488	3.356912702624506e-05
ENSG00000189060	3.356195457476839e-05
ENSG00000110906	3.355990635470119e-05
ENSG00000275410	3.355321729426604e-05
ENSG00000176390	3.353254455918931e-05
ENSG00000160679	3.3509640711374025e-05
ENSG00000149091	3.35065465915765e-05
ENSG00000077063	3.349555089067212e-05
ENSG00000175224	3.349003003510894e-05
ENSG00000189306	3.348476784613363e-05
ENSG00000149016	3.3440440172956534e-05
ENSG00000143320	3.343859978360507e-05
ENSG00000196092	3.341426269771563e-05
ENSG00000007545	3.340145093300566e-05
ENSG00000170275	3.3377758044875164e-05
ENSG00000006007	3.3377690560128004e-05
ENSG00000011201	3.3376836256224153e-05
ENSG00000011132	3.3370499882363544e-05
ENSG00000100292	3.336937772118743e-05
ENSG00000124155	3.336648542832588e-05
ENSG00000196937	3.3364623740104726e-05
ENSG00000116962	3.335406012342986e-05
ENSG00000136040	3.335165506075259e-05
ENSG00000163956	3.3332406946998796e-05
ENSG00000233801	3.329937655415993e-05
ENSG00000164736	3.3287535083881644e-05
ENSG00000133243	3.326638944898276e-05
ENSG00000197893	3.32464497585534e-05
ENSG00000144118	3.324527813413223e-05
ENSG00000171202	3.3244339187892714e-05
ENSG00000027847	3.3237526034445976e-05
ENSG00000174943	3.322585028284566e-05
ENSG00000108829	3.322505331213036e-05
ENSG00000035664	3.321716119010997e-05
ENSG00000101782	3.320596650237322e-05
ENSG00000206181	3.317263376597525e-05
ENSG00000136160	3.313946617228873e-05
ENSG00000143418	3.312131323349936e-05
ENSG00000041353	3.3120908140357397e-05
ENSG00000203785	3.3115746198732406e-05
ENSG00000179148	3.3114553496651766e-05
ENSG00000147894	3.3095526532498124e-05
ENSG00000117481	3.3078523921238354e-05
ENSG00000186111	3.3077287687735595e-05
ENSG00000080823	3.3067302116741896e-05
ENSG00000133657	3.306710128833296e-05
ENSG00000100448	3.3066849699806424e-05
ENSG00000147408	3.3064514189522206e-05
ENSG00000136699	3.306167337486219e-05
ENSG00000131808	3.3061170752439004e-05
ENSG00000138642	3.305473732287314e-05
ENSG00000165533	3.304044334860412e-05
ENSG00000106348	3.303645083706429e-05
ENSG00000180353	3.30049755075791e-05
ENSG00000178952	3.299438254418883e-05
ENSG00000091106	3.2991016782364116e-05
ENSG00000148840	3.298312396228129e-05
ENSG00000169180	3.2976586188785985e-05
ENSG00000166165	3.293558353274258e-05
ENSG00000167034	3.293190092227448e-05
ENSG00000111796	3.292486743141291e-05
ENSG00000174233	3.292335658097731e-05
ENSG00000003393	3.291757577301985e-05
ENSG00000087266	3.291491921815204e-05
ENSG00000138336	3.291167689317048e-05
ENSG00000049540	3.287959509156686e-05
ENSG00000145979	3.287792029540605e-05
ENSG00000185344	3.287617165233464e-05
ENSG00000130741	3.287250445978267e-05
ENSG00000178093	3.2868452860675417e-05
ENSG00000075142	3.28585447180182e-05
ENSG00000112115	3.285336954996858e-05
ENSG00000106031	3.2852574195187264e-05
ENSG00000165030	3.2838427558761006e-05
ENSG00000155508	3.283725431659331e-05
ENSG00000277481	3.283644061483194e-05
ENSG00000120235	3.282575023899385e-05
ENSG00000137975	3.280786301227687e-05
ENSG00000140299	3.279986961415238e-05
ENSG00000168286	3.279591287959209e-05
ENSG00000205809	3.278212492502979e-05
ENSG00000152242	3.276757539586932e-05
ENSG00000168385	3.2763619350361e-05
ENSG00000204103	3.275319570517308e-05
ENSG00000128829	3.2747924413296504e-05
ENSG00000185085	3.27466572607032e-05
ENSG00000066654	3.27382934342402e-05
ENSG00000138698	3.2732635201963766e-05
ENSG00000114200	3.272890209231828e-05
ENSG00000283056	3.272023242859223e-05
ENSG00000196850	3.270215859118903e-05
ENSG00000172867	3.2695735295252634e-05
ENSG00000203786	3.268580603237765e-05
ENSG00000129933	3.2666604175966596e-05
ENSG00000173848	3.266630649655983e-05
ENSG00000152910	3.265830385737833e-05
ENSG00000099899	3.2656159889172906e-05
ENSG00000166037	3.265579550031172e-05
ENSG00000144560	3.264787330215785e-05
ENSG00000140365	3.2637862926187374e-05
ENSG00000177374	3.260841514735056e-05
ENSG00000282873	3.2588224419750924e-05
ENSG00000168884	3.258254076118946e-05
ENSG00000100226	3.258006658535759e-05
ENSG00000121594	3.257139336342533e-05
ENSG00000107201	3.254367194901989e-05
ENSG00000136738	3.2538630568009116e-05
ENSG00000071967	3.2538595546098215e-05
ENSG00000196811	3.2533577563785936e-05
ENSG00000152061	3.253116777162973e-05
ENSG00000104980	3.252817255404835e-05
ENSG00000158161	3.252272638315516e-05
ENSG00000145879	3.251825596658493e-05
ENSG00000132437	3.251580311371344e-05
ENSG00000109065	3.250350817552887e-05
ENSG00000144935	3.248809514111278e-05
ENSG00000140743	3.2483460649766135e-05
ENSG00000206485	3.248339904985498e-05
ENSG00000184840	3.246632319589852e-05
ENSG00000166947	3.2462650737968e-05
ENSG00000159592	3.2454067106588174e-05
ENSG00000105426	3.2436576078658564e-05
ENSG00000164512	3.241434630252804e-05
ENSG00000176915	3.240434474447213e-05
ENSG00000162571	3.23774449715101e-05
ENSG00000175213	3.237609092130619e-05
ENSG00000058085	3.237525654372878e-05
ENSG00000025772	3.2371099283175653e-05
ENSG00000123104	3.236431385158699e-05
ENSG00000001497	3.235636531118342e-05
ENSG00000027697	3.234997167828785e-05
ENSG00000019582	3.234357864320654e-05
ENSG00000091127	3.2333781718943595e-05
ENSG00000260325	3.22949217551682e-05
ENSG00000136197	3.22870977255009e-05
ENSG00000109854	3.2273508526278975e-05
ENSG00000085185	3.226372018940948e-05
ENSG00000198756	3.2256745362341845e-05
ENSG00000103671	3.225543144371107e-05
ENSG00000163568	3.2252468548680156e-05
ENSG00000163935	3.2248809789347185e-05
ENSG00000135404	3.2248236283511244e-05
ENSG00000104903	3.224621621671045e-05
ENSG00000282932	3.223461557374591e-05
ENSG00000187325	3.223410767469029e-05
ENSG00000171403	3.22275623073365e-05
ENSG00000086991	3.221868232509925e-05
ENSG00000014641	3.221507513584846e-05
ENSG00000070961	3.220143788502745e-05
ENSG00000240592	3.2188873077370665e-05
ENSG00000138107	3.2178422145892525e-05
ENSG00000064835	3.217613330715648e-05
ENSG00000124160	3.216863825160096e-05
ENSG00000277104	3.21660812388616e-05
ENSG00000123607	3.214982263016185e-05
ENSG00000198727	3.214583446079064e-05
ENSG00000188375	3.2142568852861264e-05
ENSG00000125148	3.214164094053511e-05
ENSG00000100023	3.213343946697927e-05
ENSG00000133863	3.213055988351055e-05
ENSG00000277722	3.212649649550788e-05
ENSG00000129518	3.212491307625313e-05
ENSG00000144724	3.212449674775573e-05
ENSG00000169957	3.212409050351905e-05
ENSG00000145703	3.212124254430214e-05
ENSG00000169562	3.211016978591091e-05
ENSG00000105737	3.210692038532415e-05
ENSG00000167701	3.210658041432666e-05
ENSG00000181754	3.210518801919414e-05
ENSG00000164176	3.210243309055027e-05
ENSG00000154743	3.2095419546349e-05
ENSG00000005302	3.207345362508985e-05
ENSG00000163166	3.206649674793102e-05
ENSG00000112357	3.206057697715675e-05
ENSG00000140577	3.2060200042473175e-05
ENSG00000137776	3.205946934692737e-05
ENSG00000143815	3.205447095664609e-05
ENSG00000167083	3.204485939374702e-05
ENSG00000142515	3.203935560941868e-05
ENSG00000198223	3.203861288138679e-05
ENSG00000125247	3.2023340821099155e-05
ENSG00000090339	3.201187201571404e-05
ENSG00000243284	3.2010421893907234e-05
ENSG00000120837	3.2007252031095037e-05
ENSG00000198753	3.199776319437868e-05
ENSG00000107864	3.199720483626788e-05
ENSG00000142698	3.199624007468815e-05
ENSG00000285109	3.198223133778841e-05
ENSG00000285302	3.1948017124346e-05
ENSG00000171119	3.192793339951348e-05
ENSG00000239264	3.1923009165568565e-05
ENSG00000149089	3.1922297636420464e-05
ENSG00000166450	3.1922038184266286e-05
ENSG00000136933	3.1918085146497365e-05
ENSG00000116731	3.1915957115451505e-05
ENSG00000148584	3.190503207734152e-05
ENSG00000184708	3.1901613829020644e-05
ENSG00000150048	3.18911733852314e-05
ENSG00000100350	3.188689067654977e-05
ENSG00000152382	3.1884902322938734e-05
ENSG00000110448	3.188214756484276e-05
ENSG00000262771	3.187189143849392e-05
ENSG00000186265	3.187032084283307e-05
ENSG00000133250	3.186186723878706e-05
ENSG00000130821	3.185431182809972e-05
ENSG00000136100	3.1833503297746034e-05
ENSG00000205089	3.182762317530419e-05
ENSG00000065060	3.181295229540161e-05
ENSG00000108001	3.180129333945349e-05
ENSG00000132275	3.17952840825398e-05
ENSG00000008294	3.1787351650434695e-05
ENSG00000183785	3.1774577858652006e-05
ENSG00000160218	3.176243627018907e-05
ENSG00000095066	3.17577574790637e-05
ENSG00000185291	3.174125979518654e-05
ENSG00000163520	3.1726709461808265e-05
ENSG00000167130	3.168754783416846e-05
ENSG00000138750	3.1648920002332365e-05
ENSG00000114812	3.161546698786443e-05
ENSG00000092964	3.160901445164705e-05
ENSG00000143164	3.160870216336404e-05
ENSG00000288146	3.160370540030481e-05
ENSG00000166974	3.160285421180201e-05
ENSG00000125378	3.159924295626584e-05
ENSG00000070814	3.159229349800744e-05
ENSG00000119383	3.15837799413818e-05
ENSG00000007866	3.1578074780496846e-05
ENSG00000139990	3.156768475278284e-05
ENSG00000122420	3.156724940156057e-05
ENSG00000140553	3.1564407969047614e-05
ENSG00000278570	3.155940771743112e-05
ENSG00000036828	3.153642845814648e-05
ENSG00000205208	3.153594913569309e-05
ENSG00000149179	3.1529032139157833e-05
ENSG00000164209	3.152250493954683e-05
ENSG00000118762	3.1507435297219184e-05
ENSG00000175567	3.1503764725994375e-05
ENSG00000074047	3.1501490434626804e-05
ENSG00000073737	3.149940905478144e-05
ENSG00000144746	3.149522712197215e-05
ENSG00000262418	3.1481326151940476e-05
ENSG00000276051	3.146456912707842e-05
ENSG00000168487	3.1457843947432365e-05
ENSG00000166971	3.14554730943229e-05
ENSG00000168067	3.1444619339070215e-05
ENSG00000213463	3.143975783636533e-05
ENSG00000170577	3.143438097202692e-05
ENSG00000120370	3.1432539868143835e-05
ENSG00000160999	3.141998114613909e-05
ENSG00000007541	3.1417355094163025e-05
ENSG00000105376	3.1412848231349204e-05
ENSG00000108825	3.140501338161076e-05
ENSG00000158079	3.139581539487085e-05
ENSG00000185414	3.138626822193442e-05
ENSG00000173011	3.1372791745951756e-05
ENSG00000149541	3.137192982161455e-05
ENSG00000124193	3.136151765924654e-05
ENSG00000175279	3.1340838719407905e-05
ENSG00000092067	3.133933883144562e-05
ENSG00000102893	3.133535154367555e-05
ENSG00000120708	3.1319768498614906e-05
ENSG00000107281	3.131349648963153e-05
ENSG00000118526	3.129248234276416e-05
ENSG00000119977	3.1289074881763216e-05
ENSG00000119403	3.126206314016001e-05
ENSG00000085365	3.124246020452247e-05
ENSG00000255302	3.123852204017417e-05
ENSG00000163530	3.123840074218489e-05
ENSG00000136827	3.123236562991472e-05
ENSG00000137831	3.1219963815371304e-05
ENSG00000179913	3.121207917309611e-05
ENSG00000162630	3.118991156901045e-05
ENSG00000135312	3.1183578482989825e-05
ENSG00000164967	3.117148450592085e-05
ENSG00000124535	3.11694431010109e-05
ENSG00000161905	3.116794888154507e-05
ENSG00000171723	3.116636448423399e-05
ENSG00000133107	3.116402783754893e-05
ENSG00000067445	3.11564559747312e-05
ENSG00000138134	3.1152548880090734e-05
ENSG00000278494	3.114978525902799e-05
ENSG00000100473	3.113872262199867e-05
ENSG00000176658	3.113537085145497e-05
ENSG00000157483	3.1115582141339646e-05
ENSG00000070882	3.11115418849136e-05
ENSG00000134769	3.1078013544565923e-05
ENSG00000136636	3.1075400347640533e-05
ENSG00000140678	3.106607457753565e-05
ENSG00000182158	3.1063894571422856e-05
ENSG00000172572	3.106094382367972e-05
ENSG00000215251	3.1059999086998776e-05
ENSG00000004838	3.1057622366159264e-05
ENSG00000139190	3.105239218016556e-05
ENSG00000131016	3.105028937356564e-05
ENSG00000139289	3.104714776130888e-05
ENSG00000040199	3.1023648725996645e-05
ENSG00000198626	3.102072261706366e-05
ENSG00000176454	3.101452851499117e-05
ENSG00000132970	3.0997722791395944e-05
ENSG00000133142	3.097958091869656e-05
ENSG00000113356	3.0974570298955946e-05
ENSG00000126953	3.095968117730838e-05
ENSG00000196353	3.095522065306963e-05
ENSG00000129071	3.093673879747976e-05
ENSG00000153113	3.092814095176235e-05
ENSG00000151239	3.091491400632743e-05
ENSG00000175414	3.090677303598701e-05
ENSG00000103249	3.088561722144243e-05
ENSG00000102935	3.0885320459550016e-05
ENSG00000131941	3.08786657057006e-05
ENSG00000186051	3.085930157257402e-05
ENSG00000106605	3.085799243285527e-05
ENSG00000237508	3.0851845490188786e-05
ENSG00000115461	3.084595351550663e-05
ENSG00000265972	3.08397794574042e-05
ENSG00000225697	3.08387290543783e-05
ENSG00000138785	3.0836895478737874e-05
ENSG00000141506	3.0825956900775154e-05
ENSG00000132781	3.082172116447692e-05
ENSG00000123213	3.079818989880662e-05
ENSG00000154059	3.079475983265337e-05
ENSG00000183570	3.078307120907242e-05
ENSG00000137269	3.0775502937956394e-05
ENSG00000159263	3.076434612351999e-05
ENSG00000125630	3.076138134348496e-05
ENSG00000196646	3.0752359761449526e-05
ENSG00000133195	3.074418301061058e-05
ENSG00000136156	3.074314340059893e-05
ENSG00000146054	3.074107862805417e-05
ENSG00000196776	3.074100778427078e-05
ENSG00000159202	3.073855658372494e-05
ENSG00000138835	3.0735343918892276e-05
ENSG00000163606	3.073488137139532e-05
ENSG00000182791	3.07154636155873e-05
ENSG00000280682	3.071520405369719e-05
ENSG00000115590	3.070789351600455e-05
ENSG00000181472	3.0701967375085144e-05
ENSG00000134216	3.0693069760652095e-05
ENSG00000163032	3.068308942224141e-05
ENSG00000165970	3.0679734111063146e-05
ENSG00000196678	3.066332333007704e-05
ENSG00000139168	3.065638603887021e-05
ENSG00000104435	3.061023339568845e-05
ENSG00000115488	3.060447275279676e-05
ENSG00000144152	3.0578276323778425e-05
ENSG00000167632	3.0573288302494596e-05
ENSG00000186897	3.056945244780002e-05
ENSG00000132463	3.05611822190424e-05
ENSG00000178150	3.055582879019e-05
ENSG00000106397	3.054181957723444e-05
ENSG00000167186	3.053585656930415e-05
ENSG00000134900	3.053422397623138e-05
ENSG00000276977	3.053356528882817e-05
ENSG00000101247	3.053059988947996e-05
ENSG00000170540	3.0520761887587036e-05
ENSG00000163319	3.050748748855506e-05
ENSG00000165841	3.049515661489763e-05
ENSG00000164070	3.0483597939732225e-05
ENSG00000128872	3.0465476857643667e-05
ENSG00000117262	3.046360395398114e-05
ENSG00000145321	3.045697812848699e-05
ENSG00000165115	3.045311125804989e-05
ENSG00000125166	3.044213200562229e-05
ENSG00000172468	3.0441329092494397e-05
ENSG00000078403	3.0430751931393525e-05
ENSG00000107331	3.042566481546452e-05
ENSG00000108963	3.0408621187652766e-05
ENSG00000104331	3.040803334919387e-05
ENSG00000168434	3.0403988378233245e-05
ENSG00000172432	3.0383443989523336e-05
ENSG00000071626	3.035874840402141e-05
ENSG00000103528	3.0358036348176815e-05
ENSG00000128335	3.035268362183582e-05
ENSG00000151702	3.0348522784890215e-05
ENSG00000163832	3.033712144926424e-05
ENSG00000100304	3.0330487415437184e-05
ENSG00000077080	3.0318980501071634e-05
ENSG00000162482	3.0312765769036378e-05
ENSG00000177791	3.0302006979831598e-05
ENSG00000143450	3.0296406482751568e-05
ENSG00000088256	3.0284498324774796e-05
ENSG00000138771	3.0278067864625077e-05
ENSG00000169435	3.0268457489441284e-05
ENSG00000134460	3.026811765577145e-05
ENSG00000169220	3.0252208154532213e-05
ENSG00000276458	3.0247705841209415e-05
ENSG00000174564	3.0229045871378522e-05
ENSG00000188517	3.0228891089240955e-05
ENSG00000159164	3.0228752197727793e-05
ENSG00000084234	3.022849993279974e-05
ENSG00000102910	3.0227882960363204e-05
ENSG00000053372	3.0222168971916387e-05
ENSG00000285069	3.020939637471628e-05
ENSG00000145423	3.0209316541479367e-05
ENSG00000108861	3.020116535758201e-05
ENSG00000237190	3.0198428398463423e-05
ENSG00000137166	3.018000284539971e-05
ENSG00000161999	3.017957770521808e-05
ENSG00000156675	3.0171950782167264e-05
ENSG00000184347	3.017170664598075e-05
ENSG00000177238	3.0144765969268408e-05
ENSG00000118257	3.0117020930404372e-05
ENSG00000185875	3.0108650636808526e-05
ENSG00000184408	3.0106262182544565e-05
ENSG00000142864	3.0096060997005994e-05
ENSG00000285048	3.0094116769863368e-05
ENSG00000079435	3.008460011999964e-05
ENSG00000136205	3.0071247903165502e-05
ENSG00000214517	3.0058872627254577e-05
ENSG00000275568	3.0048769389851997e-05
ENSG00000288283	3.0043488333677664e-05
ENSG00000143369	3.003715557856731e-05
ENSG00000205981	3.0029064292234022e-05
ENSG00000151413	3.000476881361081e-05
ENSG00000230128	2.999235977564206e-05
ENSG00000105610	2.9987005084403577e-05
ENSG00000186187	2.998345160552041e-05
ENSG00000100365	2.9982456345219797e-05
ENSG00000184007	2.997757003466956e-05
ENSG00000276996	2.9928780590325493e-05
ENSG00000178951	2.9919431907165326e-05
ENSG00000081026	2.99051243702119e-05
ENSG00000140386	2.990262786596275e-05
ENSG00000140332	2.98909972873288e-05
ENSG00000165006	2.9880424854849664e-05
ENSG00000099910	2.9871399230325474e-05
ENSG00000136634	2.986986652707372e-05
ENSG00000042781	2.985642611777487e-05
ENSG00000132600	2.985413865376063e-05
ENSG00000138622	2.985129320461421e-05
ENSG00000159063	2.984310140664756e-05
ENSG00000087152	2.9831516580869745e-05
ENSG00000198042	2.9823954412714183e-05
ENSG00000240682	2.9821763711640967e-05
ENSG00000143641	2.9810915170263357e-05
ENSG00000091640	2.9806221467780074e-05
ENSG00000114737	2.980403919820104e-05
ENSG00000133742	2.979775633984124e-05
ENSG00000175643	2.9791541314749023e-05
ENSG00000164344	2.9791449844214145e-05
ENSG00000100983	2.9786701072120285e-05
ENSG00000155465	2.9773761007471033e-05
ENSG00000144048	2.976769409262764e-05
ENSG00000123352	2.9762352500306323e-05
ENSG00000130684	2.97612822017196e-05
ENSG00000130584	2.9755980819573694e-05
ENSG00000168702	2.9748731836778434e-05
ENSG00000100867	2.9748702122746235e-05
ENSG00000128789	2.973030358374967e-05
ENSG00000151729	2.9723303199802948e-05
ENSG00000089063	2.9718294047039067e-05
ENSG00000158417	2.97073131549708e-05
ENSG00000188613	2.9706502392105978e-05
ENSG00000088298	2.9703291168192845e-05
ENSG00000105722	2.967517563261961e-05
ENSG00000110811	2.9671575843464645e-05
ENSG00000163995	2.966436041109527e-05
ENSG00000148377	2.9664264969737885e-05
ENSG00000129235	2.9661189016946856e-05
ENSG00000115194	2.966050173752951e-05
ENSG00000131100	2.962720227958298e-05
ENSG00000137656	2.961516377890693e-05
ENSG00000185269	2.9603439603511566e-05
ENSG00000110514	2.9601089974956346e-05
ENSG00000164400	2.9600595339157974e-05
ENSG00000067955	2.9584435019208217e-05
ENSG00000101222	2.956616194399064e-05
ENSG00000234114	2.9565380450839993e-05
ENSG00000115073	2.956107145724227e-05
ENSG00000173852	2.955978853849095e-05
ENSG00000132792	2.954955626284004e-05
ENSG00000073169	2.95468644377135e-05
ENSG00000142039	2.954171699118735e-05
ENSG00000163206	2.9540048819803867e-05
ENSG00000189283	2.9538657128973676e-05
ENSG00000111732	2.9537115778240516e-05
ENSG00000120686	2.9527325628864886e-05
ENSG00000140650	2.952538401971977e-05
ENSG00000107651	2.9523490173879505e-05
ENSG00000118655	2.9517464578500655e-05
ENSG00000163518	2.9517451446455097e-05
ENSG00000164951	2.951488350076679e-05
ENSG00000124145	2.9509913284885284e-05
ENSG00000166148	2.9500515550448417e-05
ENSG00000170579	2.9499878735525703e-05
ENSG00000158480	2.949827594324965e-05
ENSG00000162104	2.949493195455944e-05
ENSG00000014919	2.9492195234090486e-05
ENSG00000197632	2.9491191780106403e-05
ENSG00000123095	2.9477775215074187e-05
ENSG00000135723	2.947126232420592e-05
ENSG00000158055	2.942723617232727e-05
ENSG00000154493	2.9425625707674896e-05
ENSG00000180318	2.940504251436805e-05
ENSG00000115234	2.9387456985576332e-05
ENSG00000234829	2.9379678938943716e-05
ENSG00000119705	2.9363496591729394e-05
ENSG00000167861	2.9362799844698582e-05
ENSG00000175115	2.9360442789801776e-05
ENSG00000135631	2.9356527573246247e-05
ENSG00000105887	2.935589394412698e-05
ENSG00000083720	2.9323813411650654e-05
ENSG00000166902	2.9306562044520693e-05
ENSG00000183496	2.928922669830578e-05
ENSG00000064545	2.9281315314663444e-05
ENSG00000175376	2.9276904718098102e-05
ENSG00000242689	2.926192681737175e-05
ENSG00000116128	2.926134101888284e-05
ENSG00000086548	2.9250481639995407e-05
ENSG00000205927	2.9247012359067037e-05
ENSG00000276825	2.9242954133753694e-05
ENSG00000107872	2.924252270014653e-05
ENSG00000120949	2.9236445370202553e-05
ENSG00000110435	2.9235987775416058e-05
ENSG00000170571	2.9234030508751766e-05
ENSG00000088538	2.9233290031189545e-05
ENSG00000149932	2.922021602317871e-05
ENSG00000106483	2.9207733047117602e-05
ENSG00000114331	2.9177774363712572e-05
ENSG00000160349	2.9174597347114954e-05
ENSG00000075826	2.9144604711558653e-05
ENSG00000120334	2.9142433438433345e-05
ENSG00000143376	2.9124594033362225e-05
ENSG00000078814	2.9108131857765585e-05
ENSG00000103316	2.910655818421252e-05
ENSG00000172399	2.910366060916353e-05
ENSG00000197658	2.9097455653617955e-05
ENSG00000067177	2.9088244605652848e-05
ENSG00000171853	2.9079159658792298e-05
ENSG00000105662	2.9028980067844206e-05
ENSG00000141556	2.9011698238847265e-05
ENSG00000214114	2.9010074681488378e-05
ENSG00000124491	2.8994233639562474e-05
ENSG00000158106	2.8992446390069348e-05
ENSG00000182185	2.898941998787736e-05
ENSG00000197822	2.8981601541873732e-05
ENSG00000162849	2.893445307777015e-05
ENSG00000149218	2.89305108217578e-05
ENSG00000128408	2.8918588302323418e-05
ENSG00000285032	2.891348853127622e-05
ENSG00000174804	2.890768008868675e-05
ENSG00000099769	2.889747355847154e-05
ENSG00000135966	2.8893861382943546e-05
ENSG00000132026	2.8890971226562166e-05
ENSG00000117152	2.8889791923789566e-05
ENSG00000263465	2.887543868694705e-05
ENSG00000148572	2.8866911325898505e-05
ENSG00000112530	2.884855436119789e-05
ENSG00000105402	2.883126327804226e-05
ENSG00000163684	2.8828969062594556e-05
ENSG00000144747	2.8822208377814135e-05
ENSG00000104613	2.8805650638839836e-05
ENSG00000118965	2.8802073005652982e-05
ENSG00000148229	2.8799757656667477e-05
ENSG00000182040	2.879821867541834e-05
ENSG00000111348	2.8795472074857786e-05
ENSG00000002745	2.8794171711897497e-05
ENSG00000129255	2.877521061555656e-05
ENSG00000185567	2.8774080523327626e-05
ENSG00000013364	2.877038424327081e-05
ENSG00000169189	2.8736687434098392e-05
ENSG00000285241	2.872973541064223e-05
ENSG00000285317	2.872349130468461e-05
ENSG00000155876	2.8709275756393417e-05
ENSG00000143499	2.870068336524553e-05
ENSG00000169676	2.86943200500641e-05
ENSG00000274513	2.8686527920214e-05
ENSG00000128524	2.8680352017945836e-05
ENSG00000162614	2.867815358323673e-05
ENSG00000072135	2.8673816404809494e-05
ENSG00000147586	2.865979987870461e-05
ENSG00000125571	2.864322519016792e-05
ENSG00000049323	2.863766265927849e-05
ENSG00000281022	2.863571172838089e-05
ENSG00000176566	2.860000618595731e-05
ENSG00000165626	2.8587753176195127e-05
ENSG00000163482	2.85766259621724e-05
ENSG00000163879	2.856840973274233e-05
ENSG00000101746	2.8550934814789884e-05
ENSG00000248099	2.8531687306188046e-05
ENSG00000131725	2.852994590713315e-05
ENSG00000275932	2.8510541657027953e-05
ENSG00000112787	2.8490525779084147e-05
ENSG00000182871	2.8483190754657002e-05
ENSG00000160062	2.847844182514743e-05
ENSG00000135205	2.8461734603278886e-05
ENSG00000135801	2.8460759386613964e-05
ENSG00000100629	2.8459951794336854e-05
ENSG00000100380	2.8448032102346e-05
ENSG00000138162	2.8436681345389658e-05
ENSG00000164483	2.8436025861493265e-05
ENSG00000137815	2.843337861084553e-05
ENSG00000168754	2.843310990267509e-05
ENSG00000076716	2.842744363248998e-05
ENSG00000182197	2.840724216155545e-05
ENSG00000115129	2.8383622421761598e-05
ENSG00000134247	2.8382661896925595e-05
ENSG00000041515	2.8351800747326543e-05
ENSG00000179639	2.8351733977946977e-05
ENSG00000262785	2.834231996523383e-05
ENSG00000087494	2.8331251431012732e-05
ENSG00000117174	2.8322977333979972e-05
ENSG00000149557	2.831596594188242e-05
ENSG00000100335	2.831285403479187e-05
ENSG00000198889	2.8309022655102603e-05
ENSG00000136352	2.8298296553135522e-05
ENSG00000103351	2.8286125693822016e-05
ENSG00000176986	2.828174725423456e-05
ENSG00000143473	2.827468149814616e-05
ENSG00000119760	2.8274197783216018e-05
ENSG00000170419	2.8271752873808124e-05
ENSG00000083544	2.826964427906659e-05
ENSG00000198569	2.824774085535274e-05
ENSG00000118564	2.824649890306491e-05
ENSG00000137492	2.824146245392687e-05
ENSG00000103051	2.8231520354383756e-05
ENSG00000273936	2.8208940844565055e-05
ENSG00000231377	2.820032126054855e-05
ENSG00000119685	2.8187148199195062e-05
ENSG00000124602	2.818562606383089e-05
ENSG00000198856	2.8179550108565067e-05
ENSG00000236637	2.817039744285302e-05
ENSG00000164749	2.816358555870022e-05
ENSG00000093167	2.8158902736186463e-05
ENSG00000144579	2.8150220608288395e-05
ENSG00000154710	2.814872274066688e-05
ENSG00000145996	2.8147603290243218e-05
ENSG00000197181	2.8147076174077347e-05
ENSG00000124333	2.8142769610369885e-05
ENSG00000113924	2.8136766640659487e-05
ENSG00000117592	2.8131881095755478e-05
ENSG00000163157	2.8130925644189004e-05
ENSG00000136003	2.812894581282164e-05
ENSG00000131668	2.8111647979371876e-05
ENSG00000138185	2.8091298992565382e-05
ENSG00000147650	2.8080360384818347e-05
ENSG00000110080	2.808002061092962e-05
ENSG00000189410	2.807650894370489e-05
ENSG00000110719	2.806480076449186e-05
ENSG00000107829	2.805732386979293e-05
ENSG00000128886	2.8043775439109858e-05
ENSG00000150594	2.803436301384803e-05
ENSG00000170017	2.803171294745652e-05
ENSG00000172318	2.8030403566578035e-05
ENSG00000139946	2.8014489270919e-05
ENSG00000043355	2.8012881874857473e-05
ENSG00000120729	2.8009998085070693e-05
ENSG00000126860	2.800805051229908e-05
ENSG00000107554	2.7996400308695366e-05
ENSG00000106004	2.799570669036465e-05
ENSG00000184076	2.7991431883722755e-05
ENSG00000100612	2.798785441025283e-05
ENSG00000126353	2.7982308016234897e-05
ENSG00000137996	2.7982260362737206e-05
ENSG00000076641	2.796879966998647e-05
ENSG00000203972	2.7966318342302585e-05
ENSG00000164291	2.7934206941671126e-05
ENSG00000148541	2.793146726101407e-05
ENSG00000105514	2.792031385647021e-05
ENSG00000140284	2.7909204698771303e-05
ENSG00000139988	2.790831314562368e-05
ENSG00000113812	2.7899179036870912e-05
ENSG00000180357	2.7889340643507962e-05
ENSG00000180730	2.7888429880900094e-05
ENSG00000083099	2.788466319225762e-05
ENSG00000143006	2.7874323088197246e-05
ENSG00000108669	2.786538365412729e-05
ENSG00000066136	2.7856436673479737e-05
ENSG00000132768	2.784980752759263e-05
ENSG00000153140	2.7843575593500452e-05
ENSG00000169752	2.7836302810443552e-05
ENSG00000275035	2.7834169106614072e-05
ENSG00000213563	2.782575932825028e-05
ENSG00000152527	2.782438912195814e-05
ENSG00000158104	2.7813328249184056e-05
ENSG00000135740	2.7811517133403443e-05
ENSG00000182902	2.7802430408467373e-05
ENSG00000103274	2.7789972239962862e-05
ENSG00000159409	2.776870810258571e-05
ENSG00000109472	2.775999839162839e-05
ENSG00000127318	2.7753160276747793e-05
ENSG00000111554	2.7728810033830962e-05
ENSG00000096088	2.7724575690378487e-05
ENSG00000116761	2.7722646184584126e-05
ENSG00000182670	2.7715891878530852e-05
ENSG00000163798	2.7702953364091953e-05
ENSG00000129474	2.7700830034736597e-05
ENSG00000124209	2.768856995732371e-05
ENSG00000138780	2.7687571661032657e-05
ENSG00000110944	2.7662178690929912e-05
ENSG00000090432	2.7656737081683873e-05
ENSG00000151322	2.7651994812838707e-05
ENSG00000130513	2.7621435896729067e-05
ENSG00000162714	2.7613853416628715e-05
ENSG00000204084	2.760370207699453e-05
ENSG00000130224	2.759480516458496e-05
ENSG00000139910	2.7594305669304284e-05
ENSG00000112695	2.7584071873651415e-05
ENSG00000057468	2.7583734955406928e-05
ENSG00000105254	2.7570365031096243e-05
ENSG00000274047	2.7561638157376588e-05
ENSG00000198763	2.7543829251535393e-05
ENSG00000196652	2.7541383649494768e-05
ENSG00000107130	2.7537617196095695e-05
ENSG00000123405	2.753189447017476e-05
ENSG00000164008	2.7529441221577913e-05
ENSG00000183230	2.752571624018331e-05
ENSG00000155087	2.7513071328383486e-05
ENSG00000111011	2.7508477442379565e-05
ENSG00000196968	2.7496821389907004e-05
ENSG00000026751	2.74923170710663e-05
ENSG00000126107	2.7467167235143153e-05
ENSG00000079739	2.7431841562281883e-05
ENSG00000166669	2.741275349812606e-05
ENSG00000116678	2.7402660944080668e-05
ENSG00000100122	2.7385821674647243e-05
ENSG00000144857	2.7364306188916148e-05
ENSG00000113430	2.7359745349416356e-05
ENSG00000169474	2.735500798164066e-05
ENSG00000136014	2.7336870006677713e-05
ENSG00000035141	2.733497805332725e-05
ENSG00000163214	2.733433759842945e-05
ENSG00000172469	2.7315636300508297e-05
ENSG00000108848	2.731157544255754e-05
ENSG00000008441	2.7302755758861807e-05
ENSG00000155367	2.7287902984593302e-05
ENSG00000135750	2.7287902984593302e-05
ENSG00000072736	2.7275756255984182e-05
ENSG00000164334	2.7265855142164962e-05
ENSG00000102245	2.7258978495416636e-05
ENSG00000006747	2.72526710888164e-05
ENSG00000241794	2.7245787252659703e-05
ENSG00000143257	2.7242434366303472e-05
ENSG00000106049	2.7223913993532114e-05
ENSG00000141526	2.7219467306170713e-05
ENSG00000276799	2.721555822827692e-05
ENSG00000102241	2.7204500736291572e-05
ENSG00000138083	2.719521236376085e-05
ENSG00000182793	2.7186896214330803e-05
ENSG00000151835	2.71858756901841e-05
ENSG00000196576	2.7169615575441695e-05
ENSG00000149257	2.715883297117033e-05
ENSG00000100281	2.715680286202014e-05
ENSG00000133983	2.7155212539392258e-05
ENSG00000168301	2.7149380943572497e-05
ENSG00000164091	2.714482066278223e-05
ENSG00000135525	2.714460605821869e-05
ENSG00000179604	2.7128068827094304e-05
ENSG00000134905	2.7127777567817022e-05
ENSG00000167395	2.710768447096306e-05
ENSG00000100478	2.7098224169443574e-05
ENSG00000196547	2.7093952979160194e-05
ENSG00000259384	2.7084602356710762e-05
ENSG00000169696	2.7077602694830673e-05
ENSG00000276701	2.7069988794659288e-05
ENSG00000183161	2.7042987996505978e-05
ENSG00000137094	2.704028112295844e-05
ENSG00000148187	2.703900622870886e-05
ENSG00000164675	2.703403618815302e-05
ENSG00000138378	2.7032512804876038e-05
ENSG00000059588	2.7031970709138144e-05
ENSG00000132254	2.7031927043449905e-05
ENSG00000176422	2.7024015594019505e-05
ENSG00000103024	2.7017807285797797e-05
ENSG00000155265	2.7015184009060974e-05
ENSG00000108684	2.7008756296646843e-05
ENSG00000156253	2.7003854328028916e-05
ENSG00000134107	2.6984677365529865e-05
ENSG00000031698	2.697476230690903e-05
ENSG00000142677	2.69715230372296e-05
ENSG00000116514	2.6963889527964843e-05
ENSG00000149262	2.695859232786723e-05
ENSG00000198815	2.694152882338247e-05
ENSG00000115297	2.6936886798198372e-05
ENSG00000180138	2.6927861653489575e-05
ENSG00000162366	2.6921087622518116e-05
ENSG00000171302	2.6909991271251714e-05
ENSG00000164972	2.6907948489538777e-05
ENSG00000128713	2.6904451795194306e-05
ENSG00000173960	2.6902810559178734e-05
ENSG00000083812	2.6901672058173542e-05
ENSG00000116679	2.6901006153826972e-05
ENSG00000283706	2.6900965746767184e-05
ENSG00000148444	2.689344300644714e-05
ENSG00000173706	2.6888092196950924e-05
ENSG00000042317	2.6884517720738156e-05
ENSG00000160179	2.6884054952152833e-05
ENSG00000169862	2.686481435623522e-05
ENSG00000162909	2.6862360622880334e-05
ENSG00000152904	2.6859199190183893e-05
ENSG00000182606	2.684161337634239e-05
ENSG00000100991	2.6836198780719748e-05
ENSG00000146072	2.6835172984933408e-05
ENSG00000184992	2.6833339306800876e-05
ENSG00000106100	2.683013226288975e-05
ENSG00000117505	2.682773346724608e-05
ENSG00000166510	2.6816646961045817e-05
ENSG00000072609	2.6815476413458366e-05
ENSG00000143401	2.68099604196147e-05
ENSG00000137310	2.6804109349629533e-05
ENSG00000146005	2.6795872619893296e-05
ENSG00000288353	2.6772652536989172e-05
ENSG00000105246	2.676030148193733e-05
ENSG00000141401	2.6750578350744547e-05
ENSG00000143819	2.6736993386285946e-05
ENSG00000004776	2.673257315232046e-05
ENSG00000175575	2.6732473258993186e-05
ENSG00000081985	2.6722702667893163e-05
ENSG00000164690	2.6718882140913777e-05
ENSG00000142178	2.6710520632380198e-05
ENSG00000171222	2.670775313346315e-05
ENSG00000108799	2.6704792680326157e-05
ENSG00000140326	2.6704150859444566e-05
ENSG00000080224	2.6700377029047446e-05
ENSG00000118096	2.6698993949985432e-05
ENSG00000060656	2.6680310559203617e-05
ENSG00000167994	2.667834989857461e-05
ENSG00000197646	2.6676623504875168e-05
ENSG00000132912	2.6668818240426067e-05
ENSG00000134758	2.6664342014038947e-05
ENSG00000111907	2.666423921596967e-05
ENSG00000174576	2.666087999526136e-05
ENSG00000111666	2.6659420545458642e-05
ENSG00000135473	2.6655703392212593e-05
ENSG00000160360	2.6646386894929104e-05
ENSG00000224200	2.664296138541025e-05
ENSG00000151577	2.6633023557956296e-05
ENSG00000131050	2.662278143014678e-05
ENSG00000109654	2.6612223981959e-05
ENSG00000152137	2.660824149120184e-05
ENSG00000160460	2.6578388448409095e-05
ENSG00000149922	2.657500967896779e-05
ENSG00000142089	2.6573085150619795e-05
ENSG00000186480	2.655986366958301e-05
ENSG00000186687	2.6540912388426407e-05
ENSG00000163453	2.6529661651134668e-05
ENSG00000126895	2.6522847836315028e-05
ENSG00000167925	2.651466992467286e-05
ENSG00000090263	2.6505675928505663e-05
ENSG00000182985	2.649495854226712e-05
ENSG00000186818	2.648599414623912e-05
ENSG00000265808	2.647387036270798e-05
ENSG00000147689	2.6469480224075376e-05
ENSG00000011523	2.6461931667438896e-05
ENSG00000180871	2.6450166973327132e-05
ENSG00000144161	2.6430047560449837e-05
ENSG00000073536	2.6419505340425903e-05
ENSG00000227746	2.6414465512304958e-05
ENSG00000130818	2.641199459433445e-05
ENSG00000166035	2.639827916032548e-05
ENSG00000135093	2.638968591778359e-05
ENSG00000197586	2.6371770867172716e-05
ENSG00000152404	2.6359459360649433e-05
ENSG00000275935	2.635553389962108e-05
ENSG00000172116	2.634998674782508e-05
ENSG00000162896	2.6347178802387484e-05
ENSG00000182255	2.6341487702488133e-05
ENSG00000265491	2.6341034600591012e-05
ENSG00000090659	2.6320011671125003e-05
ENSG00000156804	2.6317509942135883e-05
ENSG00000072682	2.6309089257279924e-05
ENSG00000008277	2.6294360228935432e-05
ENSG00000288701	2.6292642591929085e-05
ENSG00000099797	2.6283876016377536e-05
ENSG00000197641	2.6261190202060368e-05
ENSG00000135596	2.6255040988183407e-05
ENSG00000196296	2.625352119821208e-05
ENSG00000198089	2.624018009533612e-05
ENSG00000161940	2.623786678084268e-05
ENSG00000170852	2.6230118568436893e-05
ENSG00000134588	2.6229705328175215e-05
ENSG00000170871	2.622589919287966e-05
ENSG00000090530	2.6214257091066914e-05
ENSG00000112874	2.6211625047894685e-05
ENSG00000106789	2.6210077904726132e-05
ENSG00000152467	2.620123707379768e-05
ENSG00000120008	2.6197639105928454e-05
ENSG00000105355	2.6196692194336894e-05
ENSG00000187079	2.6194557644678678e-05
ENSG00000107140	2.618886153230627e-05
ENSG00000057657	2.6179400823577655e-05
ENSG00000275338	2.617869085317444e-05
ENSG00000101981	2.617585013644918e-05
ENSG00000127527	2.617570976643001e-05
ENSG00000180772	2.6174782422712093e-05
ENSG00000227804	2.6173293432210613e-05
ENSG00000171204	2.616824608631317e-05
ENSG00000163660	2.616666273437297e-05
ENSG00000168300	2.6152651413443545e-05
ENSG00000275052	2.6145175568284894e-05
ENSG00000158411	2.612514448887841e-05
ENSG00000049246	2.61098000735731e-05
ENSG00000111726	2.609275517285323e-05
ENSG00000178498	2.6090327336738613e-05
ENSG00000088812	2.608751562172258e-05
ENSG00000178988	2.60723622275923e-05
ENSG00000130312	2.6069376059676567e-05
ENSG00000133731	2.606376691287515e-05
ENSG00000101335	2.6063024145817355e-05
ENSG00000105538	2.606029855848458e-05
ENSG00000176396	2.604268663089804e-05
ENSG00000178394	2.603990388511444e-05
ENSG00000136457	2.6039845778581393e-05
ENSG00000186439	2.6036661185070323e-05
ENSG00000102362	2.6028792357847715e-05
ENSG00000147955	2.6027104766826975e-05
ENSG00000119185	2.6018655392997435e-05
ENSG00000184277	2.6001926264158745e-05
ENSG00000211456	2.59914718137669e-05
ENSG00000149639	2.5978834605214405e-05
ENSG00000102387	2.5968924568782164e-05
ENSG00000123685	2.5966260720040313e-05
ENSG00000121988	2.5946224538945622e-05
ENSG00000157259	2.593703668597924e-05
ENSG00000112365	2.5918928273569822e-05
ENSG00000162526	2.5918826970644854e-05
ENSG00000116406	2.5904008970174848e-05
ENSG00000226784	2.5901855634890788e-05
ENSG00000150782	2.5897407419115117e-05
ENSG00000174156	2.5888671310141624e-05
ENSG00000187239	2.588434084977239e-05
ENSG00000186976	2.5876929294181958e-05
ENSG00000128253	2.587581606518908e-05
ENSG00000107819	2.5863472551578213e-05
ENSG00000135241	2.5835961729314756e-05
ENSG00000127329	2.5829259470769004e-05
ENSG00000183943	2.5822146909875735e-05
ENSG00000172367	2.5818934357470873e-05
ENSG00000269858	2.581797881681748e-05
ENSG00000150681	2.5803699274190822e-05
ENSG00000213809	2.5801127683513105e-05
ENSG00000149792	2.579349213242941e-05
ENSG00000047249	2.5787266476787182e-05
ENSG00000205903	2.57580017567438e-05
ENSG00000145708	2.5757505183330977e-05
ENSG00000118363	2.575698490144832e-05
ENSG00000164338	2.5751162234486077e-05
ENSG00000198736	2.5748840418436952e-05
ENSG00000161681	2.574571974363934e-05
ENSG00000100065	2.5732390519380597e-05
ENSG00000068885	2.5722508171563835e-05
ENSG00000172724	2.572063237918295e-05
ENSG00000197892	2.5703051932118227e-05
ENSG00000114745	2.5700882965347692e-05
ENSG00000124782	2.5696218183450693e-05
ENSG00000171051	2.56946892875418e-05
ENSG00000122787	2.5689522040902037e-05
ENSG00000130643	2.5686007857410558e-05
ENSG00000117899	2.5671598999327914e-05
ENSG00000175121	2.5671156102038243e-05
ENSG00000049883	2.5668798150225595e-05
ENSG00000274221	2.5666931207644074e-05
ENSG00000113296	2.5651982277530706e-05
ENSG00000198218	2.563070863548306e-05
ENSG00000145362	2.562902425317819e-05
ENSG00000056736	2.561410496703702e-05
ENSG00000166025	2.5608050748733997e-05
ENSG00000101152	2.5606621100836867e-05
ENSG00000109208	2.55827409702678e-05
ENSG00000280495	2.558199817619083e-05
ENSG00000109911	2.557885716655878e-05
ENSG00000127483	2.55706750259638e-05
ENSG00000198060	2.556323808044163e-05
ENSG00000243927	2.555674646437347e-05
ENSG00000135686	2.553432605148313e-05
ENSG00000171763	2.55301215880275e-05
ENSG00000189171	2.5525311328515123e-05
ENSG00000176624	2.5520559287696396e-05
ENSG00000145088	2.5516734438826576e-05
ENSG00000241253	2.5510357833725705e-05
ENSG00000142224	2.5508906187297472e-05
ENSG00000159184	2.5503736715396305e-05
ENSG00000161509	2.5496058799832897e-05
ENSG00000117983	2.54885096162099e-05
ENSG00000157514	2.5478547061570403e-05
ENSG00000169469	2.5473987907240505e-05
ENSG00000198168	2.5468994464542755e-05
ENSG00000143507	2.5465223812856758e-05
ENSG00000103091	2.545511849811799e-05
ENSG00000189367	2.5441796576606247e-05
ENSG00000174516	2.5431947392468798e-05
ENSG00000170485	2.5422709705867406e-05
ENSG00000058453	2.5416888577790173e-05
ENSG00000072042	2.5410016731482372e-05
ENSG00000175895	2.539165920262383e-05
ENSG00000111701	2.5373541826146865e-05
ENSG00000141542	2.5370878980097955e-05
ENSG00000214706	2.5366977385521354e-05
ENSG00000198919	2.5363192167689535e-05
ENSG00000196182	2.5360535655648056e-05
ENSG00000059728	2.5360274254498707e-05
ENSG00000136888	2.5359939803612037e-05
ENSG00000177963	2.535705155316749e-05
ENSG00000101052	2.535369781678158e-05
ENSG00000132698	2.5341231089772992e-05
ENSG00000111671	2.5330439614561052e-05
ENSG00000141428	2.530801619467862e-05
ENSG00000115274	2.5286103751688984e-05
ENSG00000104205	2.5285785020983754e-05
ENSG00000241973	2.5284876357872437e-05
ENSG00000166800	2.527808510333407e-05
ENSG00000243646	2.5274055584307023e-05
ENSG00000160219	2.526735353066612e-05
ENSG00000160563	2.5245419012949422e-05
ENSG00000119523	2.523947241822885e-05
ENSG00000165434	2.5237481852119534e-05
ENSG00000126705	2.523409534123777e-05
ENSG00000099622	2.5229773768239808e-05
ENSG00000169515	2.5229273085911826e-05
ENSG00000100105	2.5226997695541334e-05
ENSG00000153037	2.522541968557432e-05
ENSG00000186496	2.520092375302204e-05
ENSG00000112893	2.5196152335494426e-05
ENSG00000162572	2.5189348967565943e-05
ENSG00000027075	2.5182846411494543e-05
ENSG00000082438	2.518183628845264e-05
ENSG00000174125	2.5170864531994206e-05
ENSG00000143748	2.515847208832309e-05
ENSG00000131871	2.5149466922036828e-05
ENSG00000188566	2.513184175223611e-05
ENSG00000145916	2.5119349983418082e-05
ENSG00000125779	2.5110214784460513e-05
ENSG00000132471	2.5105107712649426e-05
ENSG00000223572	2.510436441860483e-05
ENSG00000108813	2.5100220288758687e-05
ENSG00000113088	2.509707342487685e-05
ENSG00000131652	2.509017978671654e-05
ENSG00000087008	2.507638843218768e-05
ENSG00000107447	2.5071243782679872e-05
ENSG00000129451	2.5064296460092182e-05
ENSG00000158887	2.5062762620456238e-05
ENSG00000134375	2.505601589325047e-05
ENSG00000172575	2.5029105096048706e-05
ENSG00000166145	2.5024873835319177e-05
ENSG00000034533	2.5010104227706062e-05
ENSG00000198752	2.499172175400255e-05
ENSG00000205189	2.4989897310592035e-05
ENSG00000109758	2.4978798906260283e-05
ENSG00000162105	2.4976955258782242e-05
ENSG00000230685	2.4974071512228232e-05
ENSG00000152767	2.4959223950101644e-05
ENSG00000148690	2.4950260459442988e-05
ENSG00000187634	2.4942881563435308e-05
ENSG00000168267	2.492932371210114e-05
ENSG00000104805	2.4923995519428915e-05
ENSG00000154803	2.492168574261587e-05
ENSG00000187955	2.4916366891669555e-05
ENSG00000156313	2.4908196444596317e-05
ENSG00000105655	2.4904028359701747e-05
ENSG00000158301	2.48938842159151e-05
ENSG00000143631	2.4886127378463427e-05
ENSG00000188021	2.4880701434894498e-05
ENSG00000126233	2.487415176131829e-05
ENSG00000170477	2.4867192910592483e-05
ENSG00000132334	2.4858144584790942e-05
ENSG00000274286	2.485406218445236e-05
ENSG00000060339	2.4840024857606793e-05
ENSG00000198517	2.4829083479903504e-05
ENSG00000113389	2.4823345131417612e-05
ENSG00000159899	2.4823345131417612e-05
ENSG00000196660	2.4822780379047153e-05
ENSG00000120647	2.481143755490585e-05
ENSG00000151612	2.4809071396956326e-05
ENSG00000029153	2.480512840229783e-05
ENSG00000169884	2.480401673831099e-05
ENSG00000254858	2.4803516608909154e-05
ENSG00000139718	2.4796972509156834e-05
ENSG00000102048	2.479073037553731e-05
ENSG00000111670	2.478636624068678e-05
ENSG00000173145	2.478603404713668e-05
ENSG00000177181	2.476611253551775e-05
ENSG00000133246	2.4752908689919977e-05
ENSG00000132773	2.4751482234895432e-05
ENSG00000131848	2.474740250498224e-05
ENSG00000169258	2.4746368415774975e-05
ENSG00000164299	2.4737354803011533e-05
ENSG00000164889	2.4736061687872138e-05
ENSG00000120925	2.4728276335291283e-05
ENSG00000198721	2.472116144772895e-05
ENSG00000105793	2.467354863225139e-05
ENSG00000134899	2.4660799279133328e-05
ENSG00000148672	2.465738459124651e-05
ENSG00000155975	2.4655715619222792e-05
ENSG00000139675	2.4649835026032102e-05
ENSG00000169951	2.4646781955016838e-05
ENSG00000223510	2.462857681472338e-05
ENSG00000112799	2.4623973114643385e-05
ENSG00000104936	2.4618553435463683e-05
ENSG00000168763	2.4618453910094438e-05
ENSG00000204138	2.4618045364988676e-05
ENSG00000242802	2.4614314105711125e-05
ENSG00000100220	2.4589853087231354e-05
ENSG00000115041	2.4589596986219456e-05
ENSG00000237599	2.458656345696768e-05
ENSG00000198937	2.4570102170294296e-05
ENSG00000102547	2.4562548969992707e-05
ENSG00000161640	2.453111081798076e-05
ENSG00000101974	2.451502451345172e-05
ENSG00000131374	2.4510737462469046e-05
ENSG00000274669	2.450139073829419e-05
ENSG00000090487	2.4492596438533947e-05
ENSG00000169594	2.4491288150686827e-05
ENSG00000197256	2.4486694919083343e-05
ENSG00000108551	2.447344015825324e-05
ENSG00000166963	2.4473054338566345e-05
ENSG00000132825	2.446255096364872e-05
ENSG00000203780	2.445295378701942e-05
ENSG00000184226	2.4414542816037772e-05
ENSG00000107341	2.4387232801965648e-05
ENSG00000135443	2.4384025893084513e-05
ENSG00000142687	2.4361625851835427e-05
ENSG00000265354	2.4359156987791048e-05
ENSG00000186635	2.4357685426354594e-05
ENSG00000166261	2.4355484811423632e-05
ENSG00000143858	2.4354817396834803e-05
ENSG00000168398	2.4352695221866218e-05
ENSG00000168476	2.4336253890056628e-05
ENSG00000089006	2.4336092679333824e-05
ENSG00000166396	2.4326891215255186e-05
ENSG00000285262	2.432257168815757e-05
ENSG00000120533	2.4312268909138836e-05
ENSG00000170899	2.4299268989885324e-05
ENSG00000159593	2.429909319565565e-05
ENSG00000105989	2.4288090485227257e-05
ENSG00000130544	2.4273884423306082e-05
ENSG00000129173	2.4269331430862356e-05
ENSG00000120333	2.426453657900674e-05
ENSG00000107104	2.4257273089677023e-05
ENSG00000136010	2.424731409173756e-05
ENSG00000143079	2.4240014439651137e-05
ENSG00000117984	2.4234437497327952e-05
ENSG00000115221	2.423039303412201e-05
ENSG00000162769	2.4215445155582475e-05
ENSG00000244607	2.4196472934459864e-05
ENSG00000167941	2.419093304067524e-05
ENSG00000151615	2.4182893217593e-05
ENSG00000139637	2.417992719496493e-05
ENSG00000129204	2.4179334541776504e-05
ENSG00000103269	2.416381793431222e-05
ENSG00000100505	2.4157404426266926e-05
ENSG00000043591	2.412025381143791e-05
ENSG00000154548	2.4118217681221815e-05
ENSG00000113269	2.408653393768358e-05
ENSG00000148484	2.4080858216756057e-05
ENSG00000143416	2.4074872858007105e-05
ENSG00000153064	2.4072231090987023e-05
ENSG00000213614	2.4066695162951816e-05
ENSG00000173786	2.4062858441205803e-05
ENSG00000127241	2.404573834996865e-05
ENSG00000206561	2.4041567355818317e-05
ENSG00000130649	2.404135649744608e-05
ENSG00000119559	2.4023901862012374e-05
ENSG00000150045	2.4010428989415536e-05
ENSG00000166592	2.400619007414747e-05
ENSG00000084731	2.400230105199431e-05
ENSG00000122557	2.3990129504705407e-05
ENSG00000255112	2.3983394734502884e-05
ENSG00000139291	2.397959958024328e-05
ENSG00000003989	2.3977065153844157e-05
ENSG00000204175	2.3928699554759506e-05
ENSG00000198466	2.392360466885736e-05
ENSG00000111224	2.391481882015434e-05
ENSG00000167968	2.3910566522625012e-05
ENSG00000242726	2.3899117714686424e-05
ENSG00000108576	2.389342339687481e-05
ENSG00000113387	2.389050250725624e-05
ENSG00000145623	2.387990396262763e-05
ENSG00000170788	2.3873671249270733e-05
ENSG00000101310	2.3871289119255865e-05
ENSG00000197343	2.3869730573106363e-05
ENSG00000283391	2.3861016068245713e-05
ENSG00000173530	2.38596162858493e-05
ENSG00000077684	2.38586306302615e-05
ENSG00000137338	2.38329281569703e-05
ENSG00000162980	2.3831430491763205e-05
ENSG00000122203	2.3829854613167602e-05
ENSG00000136929	2.3820372785327444e-05
ENSG00000273873	2.381488604122783e-05
ENSG00000174607	2.38034406327044e-05
ENSG00000213930	2.38018005490348e-05
ENSG00000144191	2.37921995516763e-05
ENSG00000175548	2.379072871896759e-05
ENSG00000141002	2.3783962294337235e-05
ENSG00000285493	2.3782689937685715e-05
ENSG00000119125	2.3782105442500607e-05
ENSG00000115109	2.3750667343252678e-05
ENSG00000182901	2.3748435199111862e-05
ENSG00000124659	2.373426515248756e-05
ENSG00000164251	2.3733783182609732e-05
ENSG00000051523	2.3720563907675824e-05
ENSG00000008118	2.3717060692204077e-05
ENSG00000177917	2.3715062816797156e-05
ENSG00000150477	2.36960421503755e-05
ENSG00000164187	2.3687130361654972e-05
ENSG00000096872	2.3680678590359767e-05
ENSG00000156599	2.3679168937796384e-05
ENSG00000258839	2.367396333645433e-05
ENSG00000114631	2.3671766856910035e-05
ENSG00000101104	2.3655844617336675e-05
ENSG00000141012	2.3655504366031063e-05
ENSG00000166689	2.3654550269211498e-05
ENSG00000223355	2.3652563226508845e-05
ENSG00000145819	2.364687320754648e-05
ENSG00000167536	2.3628737011917145e-05
ENSG00000004660	2.361353727011573e-05
ENSG00000125844	2.3608080844677176e-05
ENSG00000196136	2.359860083192048e-05
ENSG00000115526	2.3592401769851723e-05
ENSG00000189266	2.3592155298499118e-05
ENSG00000167977	2.3591124986964654e-05
ENSG00000128710	2.3583331391033817e-05
ENSG00000131236	2.3580054661239227e-05
ENSG00000226384	2.3579891948313232e-05
ENSG00000144036	2.3574363218823763e-05
ENSG00000167565	2.3563234278676047e-05
ENSG00000274779	2.3562173964796797e-05
ENSG00000086848	2.3554762052286862e-05
ENSG00000163755	2.3554103815981208e-05
ENSG00000075891	2.3528479801524282e-05
ENSG00000138709	2.3525126351109916e-05
ENSG00000189067	2.3514809712688465e-05
ENSG00000129460	2.350322206396104e-05
ENSG00000102580	2.3483744432693304e-05
ENSG00000168461	2.3482219247089156e-05
ENSG00000187017	2.3470160611020327e-05
ENSG00000213445	2.3465664151855816e-05
ENSG00000254997	2.3460185918854174e-05
ENSG00000093183	2.3447473529911633e-05
ENSG00000119946	2.34441351465384e-05
ENSG00000172828	2.3438589054351708e-05
ENSG00000171873	2.3413788009740862e-05
ENSG00000127980	2.340650363990603e-05
ENSG00000089094	2.338180149487712e-05
ENSG00000215788	2.336903129882747e-05
ENSG00000137274	2.335913278926993e-05
ENSG00000103495	2.334423779157317e-05
ENSG00000165795	2.3342485609951516e-05
ENSG00000108691	2.334167366582544e-05
ENSG00000141295	2.332591133996534e-05
ENSG00000116133	2.332260493644368e-05
ENSG00000172830	2.3321107572434944e-05
ENSG00000065833	2.3320447230669165e-05
ENSG00000062598	2.3311264152256794e-05
ENSG00000134508	2.3307625351808252e-05
ENSG00000005882	2.3296394819444972e-05
ENSG00000241258	2.3284812895490466e-05
ENSG00000180891	2.3243202135320364e-05
ENSG00000097021	2.3230205242185385e-05
ENSG00000140543	2.3218621855922262e-05
ENSG00000189001	2.3218494869202634e-05
ENSG00000130066	2.3212827314395994e-05
ENSG00000157107	2.321105753104681e-05
ENSG00000035687	2.3210159574018973e-05
ENSG00000124608	2.320677751965112e-05
ENSG00000167981	2.3204122709301674e-05
ENSG00000105388	2.3202791984237027e-05
ENSG00000136531	2.3196497230203015e-05
ENSG00000127152	2.3185032209895886e-05
ENSG00000142494	2.316789213510894e-05
ENSG00000235961	2.3164288088488365e-05
ENSG00000119599	2.3157157632820773e-05
ENSG00000152465	2.315701176887669e-05
ENSG00000149187	2.3153532773945546e-05
ENSG00000126001	2.3135572008562564e-05
ENSG00000123066	2.3134030521676524e-05
ENSG00000123570	2.3129702846696467e-05
ENSG00000123200	2.312070411136104e-05
ENSG00000243910	2.3120252673992466e-05
ENSG00000145743	2.311097969679462e-05
ENSG00000124508	2.3106925384786196e-05
ENSG00000110237	2.3088903915135098e-05
ENSG00000149231	2.307058420599913e-05
ENSG00000188095	2.3065328615460198e-05
ENSG00000052795	2.3064584434059505e-05
ENSG00000129455	2.30631575259114e-05
ENSG00000285011	2.3059862567529776e-05
ENSG00000169814	2.3037088849977224e-05
ENSG00000136167	2.3031278741467984e-05
ENSG00000106459	2.302502487974718e-05
ENSG00000183625	2.302305634428749e-05
ENSG00000119729	2.3022165818221107e-05
ENSG00000158050	2.3013735383426017e-05
ENSG00000196338	2.3009956419348114e-05
ENSG00000011590	2.300694539144822e-05
ENSG00000225748	2.300514898829594e-05
ENSG00000139926	2.300025783146297e-05
ENSG00000166049	2.2989385172449128e-05
ENSG00000140320	2.296593834141394e-05
ENSG00000149313	2.2964218151008667e-05
ENSG00000086589	2.295785851917545e-05
ENSG00000157152	2.295420191669351e-05
ENSG00000156234	2.2950291569553497e-05
ENSG00000054148	2.2938843337403027e-05
ENSG00000205542	2.2934718749906456e-05
ENSG00000121211	2.293416794660519e-05
ENSG00000032742	2.2932928941527582e-05
ENSG00000113196	2.2926114372672737e-05
ENSG00000038210	2.291122063257258e-05
ENSG00000132661	2.2906481424653815e-05
ENSG00000131873	2.29060226916361e-05
ENSG00000168589	2.290365032945059e-05
ENSG00000172020	2.289611534274159e-05
ENSG00000117091	2.2890921042934815e-05
ENSG00000131013	2.288959066667648e-05
ENSG00000124380	2.2888434810623906e-05
ENSG00000108947	2.2888206904265722e-05
ENSG00000262845	2.2871171997034645e-05
ENSG00000159556	2.287096307958721e-05
ENSG00000145692	2.285794645063315e-05
ENSG00000163376	2.285030097660428e-05
ENSG00000140557	2.283656409671432e-05
ENSG00000125971	2.283598453630354e-05
ENSG00000034510	2.2834043172569596e-05
ENSG00000081087	2.2820765990538104e-05
ENSG00000158477	2.2820660249891566e-05
ENSG00000198933	2.2815989026184766e-05
ENSG00000170876	2.2811371086306058e-05
ENSG00000075089	2.280248733238572e-05
ENSG00000167771	2.2799805346672054e-05
ENSG00000161791	2.2796183190925574e-05
ENSG00000186660	2.2789719454154775e-05
ENSG00000165443	2.2783755888840268e-05
ENSG00000282725	2.2754241388623248e-05
ENSG00000128596	2.2753122642373298e-05
ENSG00000139719	2.2750321364590074e-05
ENSG00000037637	2.2749584708588623e-05
ENSG00000100150	2.273704726956423e-05
ENSG00000283510	2.2726462515418772e-05
ENSG00000139323	2.2713767650020598e-05
ENSG00000113520	2.2712839051715174e-05
ENSG00000164404	2.2708942698252542e-05
ENSG00000109436	2.2703534268416484e-05
ENSG00000181781	2.2694942203999154e-05
ENSG00000172037	2.2680159760027496e-05
ENSG00000187231	2.2669987610649405e-05
ENSG00000172244	2.266941535535281e-05
ENSG00000110723	2.2659783091026758e-05
ENSG00000211598	2.2652244197588755e-05
ENSG00000129167	2.2652098072572096e-05
ENSG00000237441	2.2649960807605616e-05
ENSG00000198938	2.2628573949941987e-05
ENSG00000186130	2.260827740150219e-05
ENSG00000096092	2.2604884884455155e-05
ENSG00000065320	2.2571490351359328e-05
ENSG00000130558	2.2564947182129563e-05
ENSG00000109118	2.2555062259904812e-05
ENSG00000184857	2.2548619266346805e-05
ENSG00000284194	2.254652956246253e-05
ENSG00000111540	2.2545439455978092e-05
ENSG00000102317	2.254440399708737e-05
ENSG00000114670	2.254159492212487e-05
ENSG00000187626	2.253985235719394e-05
ENSG00000288445	2.253704616693571e-05
ENSG00000121068	2.2530544297818395e-05
ENSG00000070404	2.2518727238953065e-05
ENSG00000163584	2.2504699117607434e-05
ENSG00000116984	2.2504653174853072e-05
ENSG00000066926	2.249104755064634e-05
ENSG00000095794	2.2482514795852223e-05
ENSG00000183690	2.2471502389136218e-05
ENSG00000122477	2.2464232768883016e-05
ENSG00000138942	2.2454683143149517e-05
ENSG00000172164	2.2428469950609395e-05
ENSG00000284400	2.2425407484254827e-05
ENSG00000113504	2.2418382200863963e-05
ENSG00000105327	2.2417650977679753e-05
ENSG00000059691	2.2401814342820994e-05
ENSG00000137714	2.2389655687325905e-05
ENSG00000105409	2.238326263668495e-05
ENSG00000188293	2.2378453915836957e-05
ENSG00000168404	2.237761368475102e-05
ENSG00000127993	2.2364420210910323e-05
ENSG00000128203	2.2364015301787918e-05
ENSG00000156535	2.23534493304655e-05
ENSG00000130714	2.234806843989966e-05
ENSG00000112245	2.2338928550256188e-05
ENSG00000130305	2.2333928595002983e-05
ENSG00000278023	2.2330461627521014e-05
ENSG00000103546	2.232908925202079e-05
ENSG00000147869	2.231924482040804e-05
ENSG00000183054	2.231373936997603e-05
ENSG00000248098	2.2308352242304485e-05
ENSG00000125249	2.23009607383501e-05
ENSG00000134539	2.2298882205296736e-05
ENSG00000132703	2.228966867598712e-05
ENSG00000166685	2.228105645876286e-05
ENSG00000100241	2.2280240562348684e-05
ENSG00000131370	2.227593454403703e-05
ENSG00000100417	2.2255596136037042e-05
ENSG00000236149	2.225139829018721e-05
ENSG00000048544	2.22501211305356e-05
ENSG00000083838	2.223109828362834e-05
ENSG00000112319	2.22294505076998e-05
ENSG00000141905	2.2229329998593396e-05
ENSG00000102158	2.2227716059801306e-05
ENSG00000114054	2.2223507038032532e-05
ENSG00000168309	2.2212255666145122e-05
ENSG00000283082	2.221126373316619e-05
ENSG00000138398	2.2206250475119446e-05
ENSG00000288408	2.2197454379300943e-05
ENSG00000198300	2.2194184147726606e-05
ENSG00000006194	2.2193202157010095e-05
ENSG00000153786	2.218580906042262e-05
ENSG00000170412	2.2183773478777014e-05
ENSG00000149133	2.2183190278803718e-05
ENSG00000102904	2.217859910044245e-05
ENSG00000145354	2.216837894454969e-05
ENSG00000187987	2.216224475029745e-05
ENSG00000169946	2.2154981831751594e-05
ENSG00000108784	2.2152215702884178e-05
ENSG00000165588	2.215128981254907e-05
ENSG00000110169	2.214488502596326e-05
ENSG00000166068	2.2137119528268642e-05
ENSG00000259956	2.2121031547369315e-05
ENSG00000248485	2.2116030811851314e-05
ENSG00000162813	2.2116030811851314e-05
ENSG00000109572	2.2091536725332133e-05
ENSG00000167671	2.2080572468764665e-05
ENSG00000145293	2.207860915245847e-05
ENSG00000128342	2.2078152348112466e-05
ENSG00000149021	2.2071632028090023e-05
ENSG00000161526	2.2052119183918626e-05
ENSG00000114388	2.204956430005756e-05
ENSG00000152270	2.204928102964693e-05
ENSG00000179588	2.2048832239817076e-05
ENSG00000135736	2.2047610210711842e-05
ENSG00000124092	2.204285476484837e-05
ENSG00000111358	2.2031409184113275e-05
ENSG00000134765	2.202462482432222e-05
ENSG00000100453	2.2022966168735742e-05
ENSG00000185650	2.2022914528256787e-05
ENSG00000147852	2.201839887631407e-05
ENSG00000164609	2.200559149429788e-05
ENSG00000164332	2.2002908028150765e-05
ENSG00000276920	2.19955290413126e-05
ENSG00000167785	2.1995282378964e-05
ENSG00000164073	2.1992561604182923e-05
ENSG00000179862	2.1991125358774698e-05
ENSG00000203965	2.1988262503861045e-05
ENSG00000044446	2.195562514711907e-05
ENSG00000096264	2.195416957107726e-05
ENSG00000160703	2.1944825704436593e-05
ENSG00000143847	2.1940091678722848e-05
ENSG00000064601	2.193891005130433e-05
ENSG00000115548	2.1929477772299763e-05
ENSG00000075975	2.192045907849432e-05
ENSG00000168993	2.1903262467575682e-05
ENSG00000173614	2.189875506521738e-05
ENSG00000103021	2.186129994025565e-05
ENSG00000100842	2.185447509809404e-05
ENSG00000132405	2.1850709910020555e-05
ENSG00000180667	2.1847022855018296e-05
ENSG00000170264	2.1843873920999092e-05
ENSG00000157653	2.1815051881293265e-05
ENSG00000278211	2.1810720280363405e-05
ENSG00000274327	2.1810355655140388e-05
ENSG00000142182	2.178595290803278e-05
ENSG00000262795	2.1771494294714814e-05
ENSG00000179348	2.1766446603401143e-05
ENSG00000130300	2.173795664093918e-05
ENSG00000130748	2.1731086497830433e-05
ENSG00000174740	2.1730563485939824e-05
ENSG00000118004	2.1729646996071083e-05
ENSG00000125037	2.170025399033908e-05
ENSG00000108588	2.1693643940614983e-05
ENSG00000164292	2.167736595655659e-05
ENSG00000188763	2.1676303290481353e-05
ENSG00000163485	2.1669041698498013e-05
ENSG00000278624	2.166757523172748e-05
ENSG00000152977	2.165976311461234e-05
ENSG00000078699	2.1652739891305594e-05
ENSG00000187193	2.1630736199189834e-05
ENSG00000134262	2.1614142791282535e-05
ENSG00000184845	2.1606568408099417e-05
ENSG00000183853	2.158798753746942e-05
ENSG00000165188	2.1575275775991506e-05
ENSG00000114796	2.157125846353748e-05
ENSG00000087086	2.1569618617683317e-05
ENSG00000100330	2.156765011668557e-05
ENSG00000146197	2.156483777018537e-05
ENSG00000112972	2.1557798624978578e-05
ENSG00000237051	2.1557520905993785e-05
ENSG00000140474	2.155444200684135e-05
ENSG00000180992	2.1552824522875946e-05
ENSG00000137101	2.155156844236441e-05
ENSG00000229432	2.154200001216587e-05
ENSG00000140795	2.1482466754534625e-05
ENSG00000197329	2.1480746568236544e-05
ENSG00000074695	2.1471993924514562e-05
ENSG00000131080	2.1466819271354778e-05
ENSG00000116260	2.1463761320322144e-05
ENSG00000110108	2.1461877526113067e-05
ENSG00000137824	2.1458995423762288e-05
ENSG00000111481	2.1457570950438473e-05
ENSG00000173535	2.143323940621223e-05
ENSG00000214022	2.1427700251494018e-05
ENSG00000142910	2.1425150682757523e-05
ENSG00000179583	2.1406093573542657e-05
ENSG00000108759	2.1401643270721345e-05
ENSG00000109787	2.139711265069714e-05
ENSG00000188257	2.139520425087129e-05
ENSG00000111704	2.1395003788924796e-05
ENSG00000117479	2.1394576244283822e-05
ENSG00000090447	2.1386389566791933e-05
ENSG00000026950	2.1379639184568596e-05
ENSG00000163093	2.1376411396355414e-05
ENSG00000181965	2.1356273022243265e-05
ENSG00000114520	2.134881505055376e-05
ENSG00000144134	2.1347503724215996e-05
ENSG00000124157	2.1343811999079536e-05
ENSG00000154447	2.1341750852273855e-05
ENSG00000143753	2.1329363903655783e-05
ENSG00000162227	2.1316975174717582e-05
ENSG00000176108	2.1313345779436484e-05
ENSG00000104983	2.130683181306595e-05
ENSG00000140057	2.130058285865566e-05
ENSG00000132323	2.130053043248627e-05
ENSG00000151532	2.129545492573776e-05
ENSG00000125257	2.129060797618031e-05
ENSG00000143126	2.127523054441743e-05
ENSG00000153391	2.126041754382099e-05
ENSG00000274829	2.1253083649968925e-05
ENSG00000147614	2.12293808104179e-05
ENSG00000135821	2.12225326357435e-05
ENSG00000064199	2.1220022775751097e-05
ENSG00000136816	2.1216371363800068e-05
ENSG00000104671	2.1203171211614273e-05
ENSG00000140259	2.1190976920249617e-05
ENSG00000123415	2.1190588771541794e-05
ENSG00000124226	2.1178801890619298e-05
ENSG00000144395	2.1174555145267993e-05
ENSG00000188243	2.1168083406689302e-05
ENSG00000079156	2.1164123868974217e-05
ENSG00000173153	2.1159755801101353e-05
ENSG00000162642	2.1154945523624458e-05
ENSG00000155897	2.1150326573198706e-05
ENSG00000100678	2.1144442371308763e-05
ENSG00000107897	2.1142503348933208e-05
ENSG00000091428	2.1141386692502e-05
ENSG00000159388	2.1139304545121308e-05
ENSG00000228253	2.1134766715057706e-05
ENSG00000102401	2.11344953897079e-05
ENSG00000138669	2.1133692995078584e-05
ENSG00000121905	2.1124517284587828e-05
ENSG00000082196	2.111782758279646e-05
ENSG00000173486	2.110929194408611e-05
ENSG00000162599	2.1105891626857804e-05
ENSG00000132436	2.1104099438446243e-05
ENSG00000169035	2.1078569843878546e-05
ENSG00000122359	2.106608395787742e-05
ENSG00000160799	2.106546417788151e-05
ENSG00000115084	2.1057649890743273e-05
ENSG00000119392	2.103994376174949e-05
ENSG00000115850	2.1037579517729108e-05
ENSG00000124713	2.1034092207171927e-05
ENSG00000162009	2.101590407224816e-05
ENSG00000107959	2.1012011132471906e-05
ENSG00000168802	2.10104953363699e-05
ENSG00000106541	2.1009214310444254e-05
ENSG00000173846	2.100780898710316e-05
ENSG00000116815	2.1006832881187424e-05
ENSG00000131381	2.100546184147716e-05
ENSG00000025039	2.1003570145114882e-05
ENSG00000185418	2.0993355833603004e-05
ENSG00000078070	2.0987956429200074e-05
ENSG00000052841	2.0985958290997217e-05
ENSG00000092036	2.0983464890869584e-05
ENSG00000110442	2.0977343030814223e-05
ENSG00000156853	2.0960896718485015e-05
ENSG00000100418	2.0953663871817166e-05
ENSG00000135597	2.0953595682248307e-05
ENSG00000113391	2.094917132479795e-05
ENSG00000225312	2.0948290329403913e-05
ENSG00000138439	2.0946041651163735e-05
ENSG00000189241	2.0932942552669353e-05
ENSG00000140937	2.0925007721863263e-05
ENSG00000152348	2.0924618396905455e-05
ENSG00000095539	2.090256687320908e-05
ENSG00000125868	2.0883587071730953e-05
ENSG00000280873	2.0878747942762862e-05
ENSG00000198924	2.086970801410209e-05
ENSG00000168843	2.0866928505333536e-05
ENSG00000058335	2.0861824135086972e-05
ENSG00000160214	2.0858636689954982e-05
ENSG00000278787	2.0844472918377702e-05
ENSG00000114646	2.0843317970237004e-05
ENSG00000074966	2.083584932812788e-05
ENSG00000196743	2.082613750819574e-05
ENSG00000285301	2.0824470244640694e-05
ENSG00000157978	2.0821394733649504e-05
ENSG00000281540	2.081813817568732e-05
ENSG00000132010	2.0817948618266866e-05
ENSG00000167371	2.0810773603751333e-05
ENSG00000164576	2.0791044680087197e-05
ENSG00000152601	2.0780549644361415e-05
ENSG00000134996	2.0780297808480392e-05
ENSG00000188991	2.077139657388553e-05
ENSG00000115361	2.0766800221512667e-05
ENSG00000129824	2.0765258630544568e-05
ENSG00000158769	2.0763168765093657e-05
ENSG00000124067	2.0761181330763793e-05
ENSG00000170820	2.07581518189296e-05
ENSG00000225590	2.075757458825762e-05
ENSG00000115963	2.0753484484117446e-05
ENSG00000136143	2.073902229280248e-05
ENSG00000187742	2.0736791672853256e-05
ENSG00000165632	2.0734273359163293e-05
ENSG00000169223	2.072923824012511e-05
ENSG00000123505	2.0721944881140676e-05
ENSG00000101138	2.0713691798222165e-05
ENSG00000277016	2.070833288629083e-05
ENSG00000275045	2.0702535379727573e-05
ENSG00000143222	2.0700767007560382e-05
ENSG00000115159	2.0680181654441687e-05
ENSG00000112981	2.0675118883774147e-05
ENSG00000113369	2.066722467899142e-05
ENSG00000148908	2.06548974259407e-05
ENSG00000205356	2.064658057462338e-05
ENSG00000100288	2.06425131807086e-05
ENSG00000106638	2.0640284721256614e-05
ENSG00000119669	2.0633896377418072e-05
ENSG00000156453	2.062939336373823e-05
ENSG00000165868	2.062427941414028e-05
ENSG00000237710	2.0624087324878168e-05
ENSG00000104537	2.0619167767210545e-05
ENSG00000103942	2.061655728987673e-05
ENSG00000186197	2.060990107987865e-05
ENSG00000143183	2.0608584082626865e-05
ENSG00000110680	2.0608101559494375e-05
ENSG00000158805	2.060780659719948e-05
ENSG00000154997	2.0596600052791147e-05
ENSG00000198695	2.0592250507136592e-05
ENSG00000170917	2.058520369986954e-05
ENSG00000198853	2.0579674530173305e-05
ENSG00000167535	2.0579330267522746e-05
ENSG00000172819	2.057637327955298e-05
ENSG00000243156	2.057359274871166e-05
ENSG00000197142	2.0566834754580576e-05
ENSG00000089163	2.0564297371553524e-05
ENSG00000132326	2.0547788636136703e-05
ENSG00000006607	2.0538810391698357e-05
ENSG00000174276	2.0538255954148832e-05
ENSG00000138593	2.0532414262857117e-05
ENSG00000203896	2.0527098007890237e-05
ENSG00000065609	2.052318452757188e-05
ENSG00000150773	2.0521223646194512e-05
ENSG00000186106	2.05200902181442e-05
ENSG00000006625	2.051755954959176e-05
ENSG00000163069	2.051661544754177e-05
ENSG00000119321	2.0516462647973054e-05
ENSG00000078246	2.0503262297356032e-05
ENSG00000133466	2.0496103539309428e-05
ENSG00000112077	2.0491806563402327e-05
ENSG00000133935	2.0485551285940825e-05
ENSG00000136940	2.0484219132259893e-05
ENSG00000079257	2.0480191355994056e-05
ENSG00000164935	2.046787486160248e-05
ENSG00000279486	2.0467485472656964e-05
ENSG00000136295	2.0465899058518403e-05
ENSG00000158615	2.0460429563315258e-05
ENSG00000180543	2.045910158145962e-05
ENSG00000163481	2.0455188531686248e-05
ENSG00000198840	2.044585534393156e-05
ENSG00000144711	2.0435837259601537e-05
ENSG00000095752	2.0429373736933932e-05
ENSG00000129696	2.042039550790249e-05
ENSG00000118946	2.041947275156034e-05
ENSG00000103591	2.0398919346707733e-05
ENSG00000135390	2.038909644549118e-05
ENSG00000168246	2.0383038747465104e-05
ENSG00000241945	2.0382405175845304e-05
ENSG00000134779	2.0378626352239918e-05
ENSG00000141505	2.0375034156186726e-05
ENSG00000064042	2.0369144168438886e-05
ENSG00000163006	2.03650166847471e-05
ENSG00000162419	2.0356352840767305e-05
ENSG00000075420	2.035474258529408e-05
ENSG00000162814	2.0342152370935963e-05
ENSG00000188120	2.0328799225856648e-05
ENSG00000154655	2.0324812129518153e-05
ENSG00000182253	2.031731480573274e-05
ENSG00000177666	2.0314140371072864e-05
ENSG00000113319	2.0307177114897473e-05
ENSG00000184221	2.0307085689207128e-05
ENSG00000133835	2.028116095425088e-05
ENSG00000171189	2.0280586056249874e-05
ENSG00000186891	2.026952094407115e-05
ENSG00000066557	2.025763251419325e-05
ENSG00000198492	2.0254072692437047e-05
ENSG00000111203	2.0252916411425947e-05
ENSG00000184937	2.0248401172806566e-05
ENSG00000141753	2.0215174295481756e-05
ENSG00000127526	2.019378298779584e-05
ENSG00000105141	2.0185300554667313e-05
ENSG00000204936	2.017740609448845e-05
ENSG00000105464	2.0171689925252264e-05
ENSG00000157796	2.0159878638051355e-05
ENSG00000116833	2.0151203284587708e-05
ENSG00000181467	2.015069023488013e-05
ENSG00000162374	2.013224937721276e-05
ENSG00000115380	2.0126373524359273e-05
ENSG00000100219	2.0122625805887483e-05
ENSG00000146618	2.009866819442484e-05
ENSG00000169427	2.0088858144669763e-05
ENSG00000198825	2.0088858144669763e-05
ENSG00000111110	2.0088858144669763e-05
ENSG00000138801	2.008869440183677e-05
ENSG00000152127	2.0088423095149652e-05
ENSG00000002919	2.0084506983280064e-05
ENSG00000117620	2.007696138443395e-05
ENSG00000011566	2.007430397304179e-05
ENSG00000157782	2.0063211552589344e-05
ENSG00000141665	2.005409365334523e-05
ENSG00000138386	2.0047700360522865e-05
ENSG00000229809	2.0047562551770842e-05
ENSG00000124939	2.0042444465622522e-05
ENSG00000166401	2.0039335517188884e-05
ENSG00000011260	2.0034491476437054e-05
ENSG00000159200	2.002563393682141e-05
ENSG00000169762	2.0007509786066144e-05
ENSG00000139722	2.000584245380317e-05
ENSG00000223887	1.9994700569128444e-05
ENSG00000198931	1.999220706142351e-05
ENSG00000115468	1.9976575057451056e-05
ENSG00000106524	1.9975089015222413e-05
ENSG00000197279	1.9962206085840823e-05
ENSG00000116017	1.996190725179651e-05
ENSG00000151882	1.9961001969525848e-05
ENSG00000169955	1.9959799578671926e-05
ENSG00000111737	1.9958588985169665e-05
ENSG00000214367	1.9957692159020907e-05
ENSG00000224145	1.995336527790499e-05
ENSG00000229381	1.9953109042945412e-05
ENSG00000221946	1.9950627810866496e-05
ENSG00000113448	1.9943805225134077e-05
ENSG00000142892	1.9942550194429336e-05
ENSG00000104081	1.992795185239367e-05
ENSG00000004866	1.991152743787674e-05
ENSG00000186318	1.9909135111133736e-05
ENSG00000111897	1.9908405190898354e-05
ENSG00000084764	1.9907966821459996e-05
ENSG00000101204	1.9907347312199024e-05
ENSG00000120049	1.9895011116918518e-05
ENSG00000179934	1.987615422618682e-05
ENSG00000076513	1.9875877060334263e-05
ENSG00000148408	1.987442125242176e-05
ENSG00000138587	1.987203878557607e-05
ENSG00000187796	1.9857296918342154e-05
ENSG00000139645	1.985607956474435e-05
ENSG00000123130	1.98525272599072e-05
ENSG00000185112	1.9846546456909273e-05
ENSG00000006534	1.9841681244514764e-05
ENSG00000180509	1.9839738534205184e-05
ENSG00000152582	1.983377123938091e-05
ENSG00000090006	1.9819944056185264e-05
ENSG00000140307	1.981712637977038e-05
ENSG00000169299	1.9798894758982136e-05
ENSG00000155330	1.979417199292453e-05
ENSG00000176774	1.9787699463394833e-05
ENSG00000160862	1.9786105780933214e-05
ENSG00000166987	1.9768927911905283e-05
ENSG00000000971	1.9761934893002412e-05
ENSG00000129673	1.975841652663325e-05
ENSG00000168528	1.975442947516786e-05
ENSG00000128567	1.9749063626266938e-05
ENSG00000138031	1.9745983899458693e-05
ENSG00000204822	1.97445426136855e-05
ENSG00000198642	1.9742955464801782e-05
ENSG00000163913	1.9739365410598903e-05
ENSG00000115275	1.9735982159940508e-05
ENSG00000074935	1.9730261664279073e-05
ENSG00000132603	1.9721837120366227e-05
ENSG00000214078	1.9721065600664007e-05
ENSG00000134287	1.9718543564665545e-05
ENSG00000160075	1.9698974119073172e-05
ENSG00000071553	1.96969200139795e-05
ENSG00000138166	1.9687435806646314e-05
ENSG00000167136	1.9685092128926692e-05
ENSG00000183813	1.966619953832626e-05
ENSG00000285193	1.9660423649120045e-05
ENSG00000164402	1.96419074789185e-05
ENSG00000129055	1.964118753716162e-05
ENSG00000178773	1.964111731265007e-05
ENSG00000184368	1.963566903239621e-05
ENSG00000111728	1.9628081174138665e-05
ENSG00000196860	1.961441578307026e-05
ENSG00000181027	1.9604421336775566e-05
ENSG00000003147	1.9603651504202223e-05
ENSG00000126822	1.9578059491390843e-05
ENSG00000095203	1.9572599808048646e-05
ENSG00000178623	1.956395257424848e-05
ENSG00000203734	1.9562243828654536e-05
ENSG00000137504	1.956039349672776e-05
ENSG00000172888	1.955862829189666e-05
ENSG00000131697	1.9555152566575897e-05
ENSG00000170423	1.9554559125567246e-05
ENSG00000119655	1.953242401277893e-05
ENSG00000169379	1.9527953370355363e-05
ENSG00000107874	1.9527909131793954e-05
ENSG00000013588	1.952258858484067e-05
ENSG00000121310	1.951625338133801e-05
ENSG00000178473	1.9514190069992338e-05
ENSG00000244752	1.9503413523391693e-05
ENSG00000198925	1.9498369614722708e-05
ENSG00000010295	1.9497950458267313e-05
ENSG00000014123	1.9494014027555142e-05
ENSG00000137273	1.94919267530728e-05
ENSG00000005448	1.9490542280051157e-05
ENSG00000169393	1.946969941524047e-05
ENSG00000120709	1.945976818472859e-05
ENSG00000105855	1.9457085527253133e-05
ENSG00000143355	1.9450139104056323e-05
ENSG00000099203	1.9449944138124028e-05
ENSG00000075340	1.9449175607379867e-05
ENSG00000144736	1.9447310187690124e-05
ENSG00000139977	1.9433082053188105e-05
ENSG00000130150	1.9427893965832996e-05
ENSG00000108797	1.9414408656068668e-05
ENSG00000114698	1.940806018325695e-05
ENSG00000161850	1.9392221266107883e-05
ENSG00000142149	1.9390380821883714e-05
ENSG00000172409	1.936901137944281e-05
ENSG00000177613	1.936814878715569e-05
ENSG00000165264	1.936300597626453e-05
ENSG00000197208	1.936255845829438e-05
ENSG00000120907	1.9352042738191648e-05
ENSG00000243279	1.9345799383262335e-05
ENSG00000160785	1.9342911273582305e-05
ENSG00000139133	1.9340964529737812e-05
ENSG00000227315	1.9324298214052546e-05
ENSG00000141424	1.931830712083461e-05
ENSG00000198198	1.9311746399515086e-05
ENSG00000143198	1.93091096179126e-05
ENSG00000150656	1.9304768340667928e-05
ENSG00000283104	1.9304156864412742e-05
ENSG00000100162	1.9301737719958645e-05
ENSG00000152822	1.929208150150522e-05
ENSG00000189120	1.9284311620800406e-05
ENSG00000166340	1.9279771167022875e-05
ENSG00000085788	1.9275319198472813e-05
ENSG00000116698	1.9274869080045575e-05
ENSG00000008324	1.9274627522951064e-05
ENSG00000283847	1.9258627005285448e-05
ENSG00000153237	1.925726745745595e-05
ENSG00000099864	1.9252225424135153e-05
ENSG00000171700	1.9217518674406135e-05
ENSG00000263012	1.9212444204506083e-05
ENSG00000158552	1.9201106402095737e-05
ENSG00000025708	1.9199712228128434e-05
ENSG00000185189	1.9199688496745696e-05
ENSG00000185019	1.919735898373073e-05
ENSG00000118777	1.9187113526253615e-05
ENSG00000256453	1.918529428252701e-05
ENSG00000070540	1.9174659274500745e-05
ENSG00000099326	1.916513162009581e-05
ENSG00000130749	1.916200686842485e-05
ENSG00000123411	1.9161633629698272e-05
ENSG00000173120	1.9147726621440505e-05
ENSG00000198839	1.9143575774080926e-05
ENSG00000048342	1.9129697384472543e-05
ENSG00000102760	1.911827396906993e-05
ENSG00000146109	1.911787760602891e-05
ENSG00000205426	1.9115707346756267e-05
ENSG00000150316	1.9107559113072103e-05
ENSG00000142784	1.910404917992841e-05
ENSG00000175220	1.9103876735786235e-05
ENSG00000102349	1.9102763064768684e-05
ENSG00000064999	1.9098341049505503e-05
ENSG00000122507	1.9091636743218e-05
ENSG00000046647	1.9090831360243507e-05
ENSG00000089225	1.9089894294115716e-05
ENSG00000104432	1.90891741925288e-05
ENSG00000125827	1.908056567068131e-05
ENSG00000167114	1.9080262515095443e-05
ENSG00000169891	1.907973679473312e-05
ENSG00000163249	1.9076227458284377e-05
ENSG00000164161	1.907603429388951e-05
ENSG00000187097	1.9075619540076514e-05
ENSG00000168517	1.9071688987468712e-05
ENSG00000131724	1.9043985156762547e-05
ENSG00000198231	1.9038559459673836e-05
ENSG00000254535	1.9025218333917398e-05
ENSG00000133422	1.901529848941165e-05
ENSG00000119522	1.9000792088650246e-05
ENSG00000133193	1.8999758499167255e-05
ENSG00000173821	1.8997069623995298e-05
ENSG00000132716	1.8987589051509836e-05
ENSG00000116350	1.898365700044007e-05
ENSG00000165819	1.8982279239347535e-05
ENSG00000029639	1.8961478797719253e-05
ENSG00000139974	1.8954395837706148e-05
ENSG00000166582	1.894577466332971e-05
ENSG00000100299	1.8945279184418682e-05
ENSG00000172889	1.8936075014729135e-05
ENSG00000075568	1.8926873410639506e-05
ENSG00000283741	1.8918350848346555e-05
ENSG00000125454	1.8908663246327623e-05
ENSG00000132561	1.889983460555016e-05
ENSG00000101311	1.889395032249806e-05
ENSG00000103502	1.886044857896021e-05
ENSG00000111199	1.8859448768403366e-05
ENSG00000047849	1.8853422983993548e-05
ENSG00000143479	1.882370231359093e-05
ENSG00000169504	1.8820223681686955e-05
ENSG00000184571	1.8804765735119753e-05
ENSG00000159199	1.8802293716539582e-05
ENSG00000134440	1.879283975452438e-05
ENSG00000007908	1.8786162682724706e-05
ENSG00000169271	1.878537147001576e-05
ENSG00000087589	1.878394346357043e-05
ENSG00000122367	1.8777529451017367e-05
ENSG00000124496	1.8770703932210175e-05
ENSG00000169410	1.876833999427167e-05
ENSG00000167397	1.875995650725559e-05
ENSG00000183798	1.874268057875186e-05
ENSG00000172273	1.874172752757881e-05
ENSG00000184702	1.8737172637310755e-05
ENSG00000170584	1.873522418295991e-05
ENSG00000146457	1.8733700476307443e-05
ENSG00000091972	1.873209490085665e-05
ENSG00000130176	1.872931174909762e-05
ENSG00000170819	1.8725457053408427e-05
ENSG00000118690	1.872130896099991e-05
ENSG00000276644	1.8715949623290623e-05
ENSG00000137207	1.871587937046087e-05
ENSG00000151967	1.870942005215186e-05
ENSG00000169248	1.8691731262321026e-05
ENSG00000158604	1.868890235693713e-05
ENSG00000140497	1.8686238416786957e-05
ENSG00000177697	1.8675780205142337e-05
ENSG00000276495	1.867358634016949e-05
ENSG00000165113	1.8669755930202745e-05
ENSG00000197956	1.8653118906221314e-05
ENSG00000099219	1.8642689973112385e-05
ENSG00000179085	1.8616852966258388e-05
ENSG00000197019	1.8607949706471586e-05
ENSG00000148719	1.8603179104508447e-05
ENSG00000072778	1.859798693706859e-05
ENSG00000135297	1.859544884141552e-05
ENSG00000164828	1.859096697007621e-05
ENSG00000155850	1.8584232061623434e-05
ENSG00000213977	1.8568998828771834e-05
ENSG00000095970	1.8560281095867613e-05
ENSG00000165757	1.8559434867112192e-05
ENSG00000183826	1.8554274020476708e-05
ENSG00000021645	1.8553375370726025e-05
ENSG00000103196	1.8551961898555052e-05
ENSG00000117410	1.8549042324766787e-05
ENSG00000244405	1.8540627912913863e-05
ENSG00000173456	1.853224346003298e-05
ENSG00000227420	1.8530440641513258e-05
ENSG00000132313	1.852674102061898e-05
ENSG00000120690	1.8524652781199505e-05
ENSG00000170385	1.852149242181185e-05
ENSG00000122778	1.8515858255921103e-05
ENSG00000184005	1.8509542735934986e-05
ENSG00000089692	1.848762197639697e-05
ENSG00000247315	1.847154900160986e-05
ENSG00000007174	1.8470412478281438e-05
ENSG00000160796	1.8466827322058496e-05
ENSG00000114854	1.8455870956410453e-05
ENSG00000178171	1.8455736442689487e-05
ENSG00000167996	1.844860048787623e-05
ENSG00000108381	1.8428295211702923e-05
ENSG00000184792	1.8424071599977404e-05
ENSG00000196684	1.8413433103264452e-05
ENSG00000144744	1.8412937430708467e-05
ENSG00000230989	1.8411353922662492e-05
ENSG00000136783	1.8404294306064892e-05
ENSG00000169629	1.8398790977816552e-05
ENSG00000274429	1.8396531052271952e-05
ENSG00000104921	1.8395920401037757e-05
ENSG00000145919	1.838913792282527e-05
ENSG00000187535	1.836368182827737e-05
ENSG00000176531	1.8363531681282802e-05
ENSG00000281230	1.8352082896775876e-05
ENSG00000126246	1.8348430052419997e-05
ENSG00000104863	1.834718070652706e-05
ENSG00000155026	1.8346849738579397e-05
ENSG00000133056	1.8339397102901775e-05
ENSG00000108389	1.833538075773835e-05
ENSG00000160199	1.8333851030378162e-05
ENSG00000188747	1.8306989188366723e-05
ENSG00000157766	1.830443189008299e-05
ENSG00000105289	1.8296553964085577e-05
ENSG00000188937	1.8294561552603715e-05
ENSG00000015532	1.8281144598644575e-05
ENSG00000172551	1.8279517425543847e-05
ENSG00000104290	1.8267744527797578e-05
ENSG00000154080	1.826398824524958e-05
ENSG00000188153	1.8233091132556044e-05
ENSG00000168811	1.8227908317968674e-05
ENSG00000167508	1.8217598240754222e-05
ENSG00000198523	1.82096460016448e-05
ENSG00000164035	1.8201456258707154e-05
ENSG00000121390	1.8200013117861203e-05
ENSG00000127952	1.8177722167814073e-05
ENSG00000085719	1.817538514771009e-05
ENSG00000026559	1.817396533624122e-05
ENSG00000009830	1.816902492384157e-05
ENSG00000099139	1.8163583054922755e-05
ENSG00000163191	1.815998983040014e-05
ENSG00000273529	1.814239326021886e-05
ENSG00000178175	1.8139567712936774e-05
ENSG00000197045	1.8130372757828528e-05
ENSG00000288503	1.81284214800419e-05
ENSG00000285206	1.812485975534979e-05
ENSG00000173992	1.8116159147970553e-05
ENSG00000168955	1.8102555404227645e-05
ENSG00000136826	1.810239094439831e-05
ENSG00000180535	1.8101599244836988e-05
ENSG00000179331	1.8100893104626003e-05
ENSG00000128602	1.8098385076062205e-05
ENSG00000135902	1.8090801611735976e-05
ENSG00000136237	1.8085613321374492e-05
ENSG00000155366	1.8081936421264293e-05
ENSG00000163840	1.8078015549827775e-05
ENSG00000162148	1.8067928751225725e-05
ENSG00000144589	1.8062059755181703e-05
ENSG00000106560	1.804947233373775e-05
ENSG00000151623	1.8046908360876964e-05
ENSG00000081154	1.8046467025205465e-05
ENSG00000141376	1.8040180268300233e-05
ENSG00000163162	1.801587508435895e-05
ENSG00000131737	1.800711207618496e-05
ENSG00000196664	1.8003715353367674e-05
ENSG00000253710	1.8001053877846563e-05
ENSG00000141161	1.799956785178684e-05
ENSG00000162882	1.7999526632312874e-05
ENSG00000141447	1.7994040413686914e-05
ENSG00000173218	1.798323123834909e-05
ENSG00000138411	1.7976597934399437e-05
ENSG00000139437	1.7972161812663637e-05
ENSG00000276463	1.796817369965791e-05
ENSG00000125485	1.7955877899920535e-05
ENSG00000112182	1.79557860100833e-05
ENSG00000276838	1.7946433257817563e-05
ENSG00000163818	1.7943390941149567e-05
ENSG00000187257	1.7923326264943093e-05
ENSG00000196843	1.792175282269282e-05
ENSG00000101246	1.792159231079684e-05
ENSG00000118939	1.7913726680450957e-05
ENSG00000066923	1.7907602170665684e-05
ENSG00000153250	1.7896568449818903e-05
ENSG00000053747	1.788376498317827e-05
ENSG00000171865	1.788195989416268e-05
ENSG00000141086	1.7875802845210706e-05
ENSG00000135148	1.7875666096401866e-05
ENSG00000135828	1.7868156191964343e-05
ENSG00000099365	1.7863783548270166e-05
ENSG00000196839	1.785502237441629e-05
ENSG00000189056	1.7838611035695648e-05
ENSG00000163512	1.783528732911219e-05
ENSG00000115525	1.7819107489592422e-05
ENSG00000116771	1.7812761463808116e-05
ENSG00000145555	1.781175512753382e-05
ENSG00000184588	1.7802513311668253e-05
ENSG00000167257	1.77981663981659e-05
ENSG00000103148	1.7796669070809546e-05
ENSG00000196218	1.7795334236715787e-05
ENSG00000213160	1.7778535882954915e-05
ENSG00000115756	1.7768563479556773e-05
ENSG00000243147	1.776837232678126e-05
ENSG00000183066	1.7755956724611245e-05
ENSG00000076826	1.7755369606698348e-05
ENSG00000151923	1.7732336323044944e-05
ENSG00000139641	1.77201438322204e-05
ENSG00000125703	1.7718747863948794e-05
ENSG00000100284	1.7712263606525933e-05
ENSG00000104490	1.7690021260021e-05
ENSG00000196361	1.7688335603722696e-05
ENSG00000153714	1.7657329313020582e-05
ENSG00000090863	1.76520399070473e-05
ENSG00000120254	1.7646536490389782e-05
ENSG00000106268	1.7645689716668576e-05
ENSG00000186470	1.763644238210717e-05
ENSG00000284426	1.7632736822539516e-05
ENSG00000188706	1.762930969948655e-05
ENSG00000260691	1.7621523020018658e-05
ENSG00000130517	1.760772917510264e-05
ENSG00000154589	1.7589214975432936e-05
ENSG00000170364	1.7587479557738368e-05
ENSG00000126217	1.758711433525938e-05
ENSG00000113838	1.7585347709996445e-05
ENSG00000141378	1.758168060830363e-05
ENSG00000285178	1.758123390858233e-05
ENSG00000105968	1.758105401356211e-05
ENSG00000171611	1.7578732177658567e-05
ENSG00000187607	1.7570173508298132e-05
ENSG00000180901	1.756302007502504e-05
ENSG00000135441	1.7548114838081985e-05
ENSG00000163295	1.7543240233159986e-05
ENSG00000101935	1.7542649291577348e-05
ENSG00000125744	1.7528924451027717e-05
ENSG00000104763	1.7516909658694487e-05
ENSG00000198754	1.751247584708098e-05
ENSG00000182230	1.7511847933010406e-05
ENSG00000138759	1.7505283362975963e-05
ENSG00000168453	1.7495548968339097e-05
ENSG00000277571	1.7488679640496757e-05
ENSG00000131351	1.747043943140942e-05
ENSG00000125352	1.7463117510574403e-05
ENSG00000013374	1.745516544015026e-05
ENSG00000185361	1.7449403886225606e-05
ENSG00000178695	1.7443890617465433e-05
ENSG00000288368	1.744098341730314e-05
ENSG00000094914	1.7435672013252457e-05
ENSG00000135763	1.7430692777493044e-05
ENSG00000023608	1.7421079574535927e-05
ENSG00000010310	1.7414961567949833e-05
ENSG00000185818	1.7406364746650715e-05
ENSG00000122877	1.739857635928903e-05
ENSG00000167173	1.738505795443373e-05
ENSG00000117707	1.738357935490732e-05
ENSG00000169684	1.7383094794007516e-05
ENSG00000154734	1.7351202366843386e-05
ENSG00000151366	1.7349333863093746e-05
ENSG00000114648	1.734677411571239e-05
ENSG00000125459	1.734473321118557e-05
ENSG00000007402	1.733720795351404e-05
ENSG00000148153	1.73359229235196e-05
ENSG00000148341	1.7330520654389968e-05
ENSG00000084112	1.7323581177998962e-05
ENSG00000145384	1.730199403703744e-05
ENSG00000275013	1.729867588354948e-05
ENSG00000185838	1.729260981453745e-05
ENSG00000167378	1.7289040914086965e-05
ENSG00000145740	1.7284296013064046e-05
ENSG00000167880	1.7282994840176562e-05
ENSG00000112659	1.7274564879116875e-05
ENSG00000163661	1.727437517154132e-05
ENSG00000135722	1.7269244938779637e-05
ENSG00000265190	1.7261502747560162e-05
ENSG00000076356	1.726033208654352e-05
ENSG00000132330	1.725510860490519e-05
ENSG00000174851	1.7233175062318356e-05
ENSG00000165828	1.723160529398751e-05
ENSG00000114767	1.7228919506242467e-05
ENSG00000167840	1.7226273899030054e-05
ENSG00000116729	1.7226216571074453e-05
ENSG00000196072	1.7224190510707646e-05
ENSG00000184056	1.722164385089382e-05
ENSG00000022355	1.721481368592852e-05
ENSG00000186442	1.7199368995701747e-05
ENSG00000177000	1.7195608174412538e-05
ENSG00000124574	1.719422393454077e-05
ENSG00000174672	1.7183690171248722e-05
ENSG00000124102	1.7175248820948868e-05
ENSG00000285121	1.716750931188829e-05
ENSG00000164287	1.7166055391522713e-05
ENSG00000100592	1.716201196324856e-05
ENSG00000179046	1.7155996646542375e-05
ENSG00000173769	1.7155593466640984e-05
ENSG00000145833	1.714209300326406e-05
ENSG00000277656	1.7134383539870998e-05
ENSG00000182687	1.7123320555607542e-05
ENSG00000170369	1.710975923598101e-05
ENSG00000108651	1.7107016056191364e-05
ENSG00000241563	1.7103852488216712e-05
ENSG00000068976	1.7097336426752673e-05
ENSG00000171443	1.7094677008630576e-05
ENSG00000144485	1.7092885700142736e-05
ENSG00000146757	1.7090053065348425e-05
ENSG00000138399	1.7087282809969905e-05
ENSG00000077514	1.707018439535821e-05
ENSG00000100865	1.7068279363615337e-05
ENSG00000142002	1.706297615321856e-05
ENSG00000149474	1.7049436963993877e-05
ENSG00000164904	1.703954962773583e-05
ENSG00000049089	1.703815270612191e-05
ENSG00000188215	1.703185284281851e-05
ENSG00000158014	1.7019379518044216e-05
ENSG00000087269	1.6998570486981977e-05
ENSG00000171603	1.6991129042465424e-05
ENSG00000156162	1.6985139307084783e-05
ENSG00000092871	1.6978907421229695e-05
ENSG00000143878	1.696490268834929e-05
ENSG00000185565	1.696446571782729e-05
ENSG00000038382	1.6956490846368994e-05
ENSG00000134242	1.6955271967908022e-05
ENSG00000176715	1.6951424119533355e-05
ENSG00000136044	1.6943780916386915e-05
ENSG00000143162	1.694034849247661e-05
ENSG00000117868	1.692995032532502e-05
ENSG00000165905	1.692678232557734e-05
ENSG00000188761	1.692112425507987e-05
ENSG00000100600	1.6908866220038506e-05
ENSG00000189143	1.6905302906094553e-05
ENSG00000184697	1.6905302906094553e-05
ENSG00000198722	1.6904057169497326e-05
ENSG00000274675	1.6903098520843794e-05
ENSG00000181418	1.689837492010765e-05
ENSG00000116266	1.689725334577693e-05
ENSG00000176029	1.6894882871370105e-05
ENSG00000147439	1.6891580973503018e-05
ENSG00000169139	1.688314762595568e-05
ENSG00000230930	1.6876159103278027e-05
ENSG00000100814	1.6871553780849494e-05
ENSG00000115762	1.6860663874087733e-05
ENSG00000136689	1.686050192659006e-05
ENSG00000198795	1.685771053026404e-05
ENSG00000100347	1.6854490466358145e-05
ENSG00000103034	1.6850436141260422e-05
ENSG00000283859	1.6849005330993114e-05
ENSG00000184451	1.6843504402534756e-05
ENSG00000101350	1.6839469388594774e-05
ENSG00000121440	1.6832701270494407e-05
ENSG00000169155	1.682060776598054e-05
ENSG00000153936	1.682010413960441e-05
ENSG00000177981	1.6817129290248353e-05
ENSG00000280706	1.681268638998935e-05
ENSG00000187091	1.681007631520855e-05
ENSG00000130313	1.6806696227426566e-05
ENSG00000018510	1.6803520519491934e-05
ENSG00000102195	1.6801744715932937e-05
ENSG00000087076	1.679549170226715e-05
ENSG00000105953	1.6792509610697128e-05
ENSG00000125409	1.679055170194043e-05
ENSG00000054938	1.6784501694237932e-05
ENSG00000166123	1.6762167897255797e-05
ENSG00000122012	1.675300294409435e-05
ENSG00000126653	1.6738148228610753e-05
ENSG00000161955	1.673725410260868e-05
ENSG00000256525	1.671206497301978e-05
ENSG00000126858	1.6709431774818812e-05
ENSG00000116031	1.670823057250126e-05
ENSG00000184160	1.670485964366659e-05
ENSG00000125492	1.670221139516493e-05
ENSG00000227317	1.6702093807608996e-05
ENSG00000167323	1.669888452678991e-05
ENSG00000101844	1.6696299952464174e-05
ENSG00000076706	1.6688240735752896e-05
ENSG00000187736	1.6682420436315476e-05
ENSG00000131771	1.6681219707459283e-05
ENSG00000161513	1.6679060869829912e-05
ENSG00000166348	1.6677170808933217e-05
ENSG00000159496	1.6674865224729773e-05
ENSG00000116117	1.6673882259831657e-05
ENSG00000143333	1.6669532104474278e-05
ENSG00000165476	1.6653267847313446e-05
ENSG00000167646	1.6649878361823128e-05
ENSG00000161180	1.6647087225867166e-05
ENSG00000168081	1.6646777548932192e-05
ENSG00000080819	1.6645738394883798e-05
ENSG00000164535	1.6641139186335335e-05
ENSG00000123838	1.6635910677793943e-05
ENSG00000184205	1.6634679703772555e-05
ENSG00000196090	1.6627028985408744e-05
ENSG00000163083	1.6626168482084864e-05
ENSG00000140044	1.6618132442396086e-05
ENSG00000125457	1.6617152393965838e-05
ENSG00000100360	1.6601689599007857e-05
ENSG00000048162	1.6600068075642336e-05
ENSG00000165471	1.6595986453810353e-05
ENSG00000138738	1.659577236152337e-05
ENSG00000150347	1.6595004290150547e-05
ENSG00000136002	1.6591856842227962e-05
ENSG00000136213	1.6587973277529082e-05
ENSG00000147364	1.6587230737485348e-05
ENSG00000145491	1.6586938785075248e-05
ENSG00000167566	1.658242493433865e-05
ENSG00000182307	1.6580735892564063e-05
ENSG00000129680	1.6576035437074904e-05
ENSG00000234545	1.6572907693825332e-05
ENSG00000132196	1.656822843295876e-05
ENSG00000179403	1.655411795753223e-05
ENSG00000154175	1.655305911498983e-05
ENSG00000165887	1.6547488270477e-05
ENSG00000169683	1.6546560605157735e-05
ENSG00000141446	1.6526264629843192e-05
ENSG00000169764	1.651885673460935e-05
ENSG00000254986	1.6512529825244225e-05
ENSG00000146285	1.6509895921055935e-05
ENSG00000023330	1.6502744046798768e-05
ENSG00000169570	1.6497394373946814e-05
ENSG00000104870	1.6496533533425003e-05
ENSG00000183605	1.64935876445086e-05
ENSG00000125814	1.6490220403181498e-05
ENSG00000173674	1.6486433168711516e-05
ENSG00000099992	1.6485176972977413e-05
ENSG00000113302	1.6476309070980966e-05
ENSG00000145911	1.646990257698475e-05
ENSG00000078401	1.6453890279022557e-05
ENSG00000168288	1.6440269080241214e-05
ENSG00000125965	1.6423142460592112e-05
ENSG00000077147	1.642306377603409e-05
ENSG00000107719	1.6421780569069414e-05
ENSG00000198380	1.641688279396623e-05
ENSG00000227402	1.6416454267714923e-05
ENSG00000180316	1.640867926437941e-05
ENSG00000127585	1.640038770731285e-05
ENSG00000120549	1.638798640273046e-05
ENSG00000119514	1.6383614669412827e-05
ENSG00000154415	1.638202121809367e-05
ENSG00000135778	1.6365294558490243e-05
ENSG00000168958	1.6363521330526856e-05
ENSG00000144034	1.6362379255208022e-05
ENSG00000162396	1.6357576039357774e-05
ENSG00000168062	1.6354340194062654e-05
ENSG00000126970	1.634195158321329e-05
ENSG00000149927	1.6334349153441714e-05
ENSG00000166181	1.633234048511298e-05
ENSG00000108100	1.631116061551125e-05
ENSG00000162222	1.631034524898112e-05
ENSG00000205810	1.6301662032326636e-05
ENSG00000169871	1.629620054527762e-05
ENSG00000188677	1.6286479001053722e-05
ENSG00000182095	1.6269506191766596e-05
ENSG00000173762	1.6261328481282904e-05
ENSG00000187650	1.6246944428427915e-05
ENSG00000164056	1.6245960452365827e-05
ENSG00000145681	1.6238320562787906e-05
ENSG00000258659	1.6238297590322142e-05
ENSG00000188807	1.6223868152602667e-05
ENSG00000111713	1.6222029114899878e-05
ENSG00000196782	1.621701938592377e-05
ENSG00000083290	1.6208753406772903e-05
ENSG00000109775	1.61979209170054e-05
ENSG00000240583	1.619672080938102e-05
ENSG00000104381	1.6189957947898998e-05
ENSG00000071994	1.618747519814491e-05
ENSG00000213221	1.6185194241152173e-05
ENSG00000109099	1.6165070870550028e-05
ENSG00000164687	1.6159530119315746e-05
ENSG00000173451	1.6156907943766167e-05
ENSG00000086696	1.615342128579207e-05
ENSG00000120725	1.6142067468529423e-05
ENSG00000105707	1.613230454429341e-05
ENSG00000171643	1.6123697690543937e-05
ENSG00000167291	1.6120646468850092e-05
ENSG00000135373	1.6119872066476526e-05
ENSG00000126804	1.6109586412591735e-05
ENSG00000134851	1.6092264535149277e-05
ENSG00000225737	1.6083220647581727e-05
ENSG00000153395	1.607779045160941e-05
ENSG00000120727	1.6069971248119275e-05
ENSG00000066382	1.6059544975274973e-05
ENSG00000104783	1.6050386824711115e-05
ENSG00000176401	1.6042927890140537e-05
ENSG00000181191	1.6025231843807038e-05
ENSG00000239887	1.6023602929849685e-05
ENSG00000166819	1.6017937977489247e-05
ENSG00000162594	1.6008793484614314e-05
ENSG00000019186	1.6002909985684275e-05
ENSG00000198932	1.5993505203627336e-05
ENSG00000198732	1.5993306558304306e-05
ENSG00000133872	1.597464188245606e-05
ENSG00000107736	1.5964920886647616e-05
ENSG00000166529	1.5958852626573405e-05
ENSG00000113108	1.595864741292686e-05
ENSG00000105519	1.595704690184815e-05
ENSG00000126368	1.5952820859279738e-05
ENSG00000274577	1.595198882051932e-05
ENSG00000166199	1.5937648513207013e-05
ENSG00000162510	1.5935683660963638e-05
ENSG00000079335	1.593259146048345e-05
ENSG00000137709	1.592640043975894e-05
ENSG00000109519	1.5925161817830688e-05
ENSG00000168297	1.5904680718468503e-05
ENSG00000188015	1.5903260773807418e-05
ENSG00000140092	1.5896196977876293e-05
ENSG00000269405	1.5895854195037934e-05
ENSG00000145439	1.589185495024759e-05
ENSG00000169800	1.58894155873727e-05
ENSG00000102001	1.588606679104255e-05
ENSG00000188312	1.5885206049064138e-05
ENSG00000173581	1.587820614619678e-05
ENSG00000275165	1.587772144977749e-05
ENSG00000169251	1.5863916652434696e-05
ENSG00000171621	1.586251797290549e-05
ENSG00000163719	1.5862254034375192e-05
ENSG00000166603	1.586209692373754e-05
ENSG00000125657	1.5844706872979637e-05
ENSG00000166682	1.58440505811431e-05
ENSG00000167969	1.583512707763666e-05
ENSG00000133665	1.5833098235884778e-05
ENSG00000182400	1.583250572186752e-05
ENSG00000006210	1.5826507098371104e-05
ENSG00000119431	1.5823636752328223e-05
ENSG00000278195	1.5795410441516993e-05
ENSG00000138760	1.5794341957828774e-05
ENSG00000172893	1.5778098481779566e-05
ENSG00000197043	1.577738964853643e-05
ENSG00000186591	1.5770343851537436e-05
ENSG00000147647	1.576125367436422e-05
ENSG00000072694	1.5758578988922335e-05
ENSG00000168209	1.5758482054729668e-05
ENSG00000109220	1.575152928711804e-05
ENSG00000180957	1.5744113718911997e-05
ENSG00000284982	1.57392704964145e-05
ENSG00000288141	1.573805941972968e-05
ENSG00000197746	1.573386074220879e-05
ENSG00000105507	1.5717645115555738e-05
ENSG00000116273	1.5705363323588865e-05
ENSG00000182810	1.5704257938157155e-05
ENSG00000161980	1.569942740921292e-05
ENSG00000172331	1.5696358013569776e-05
ENSG00000198783	1.568552385523307e-05
ENSG00000141258	1.5685492295602415e-05
ENSG00000147642	1.5681935049156824e-05
ENSG00000124469	1.5678601493652718e-05
ENSG00000061918	1.5672788867586758e-05
ENSG00000147383	1.566502338859405e-05
ENSG00000168887	1.5664864117241497e-05
ENSG00000184470	1.566415305377581e-05
ENSG00000101473	1.566266202806284e-05
ENSG00000110048	1.5660844111082053e-05
ENSG00000187189	1.5648377689868933e-05
ENSG00000103978	1.5646718394306027e-05
ENSG00000128709	1.5644157538676967e-05
ENSG00000189046	1.5642366557654717e-05
ENSG00000163815	1.5641319251599035e-05
ENSG00000186522	1.563626765069899e-05
ENSG00000138131	1.563402115838891e-05
ENSG00000176428	1.5629424785715167e-05
ENSG00000133069	1.5616281084902076e-05
ENSG00000153944	1.5605257488708737e-05
ENSG00000137040	1.5597257783977443e-05
ENSG00000114480	1.5587812472419673e-05
ENSG00000184232	1.5576833156527545e-05
ENSG00000003987	1.556950585195668e-05
ENSG00000185917	1.5563373591119053e-05
ENSG00000107537	1.556269121704365e-05
ENSG00000050327	1.556143436414993e-05
ENSG00000213023	1.555591089072956e-05
ENSG00000128276	1.5547005604223932e-05
ENSG00000061455	1.5543964554725943e-05
ENSG00000073861	1.554026465640395e-05
ENSG00000049860	1.5539152741331022e-05
ENSG00000143367	1.553309786074656e-05
ENSG00000214063	1.553273491843419e-05
ENSG00000105357	1.553138249717203e-05
ENSG00000138119	1.5527707287837584e-05
ENSG00000095380	1.5525030408713197e-05
ENSG00000076864	1.5518093299721433e-05
ENSG00000157637	1.5515946489931172e-05
ENSG00000196683	1.5513296276341313e-05
ENSG00000040731	1.5510731583207523e-05
ENSG00000172156	1.550990914887971e-05
ENSG00000111254	1.550948774906849e-05
ENSG00000124831	1.550925253326786e-05
ENSG00000168016	1.548998770189588e-05
ENSG00000132570	1.547076558685498e-05
ENSG00000205111	1.5463503400399532e-05
ENSG00000164588	1.5452800103912967e-05
ENSG00000182389	1.5440681414982702e-05
ENSG00000168374	1.5439570662083403e-05
ENSG00000018699	1.5431999483944286e-05
ENSG00000092421	1.5421248396512418e-05
ENSG00000155252	1.5420277239418358e-05
ENSG00000163736	1.5417576932310135e-05
ENSG00000134569	1.5412484809305532e-05
ENSG00000282608	1.540277905509863e-05
ENSG00000138758	1.540129971995486e-05
ENSG00000134294	1.5396974519547327e-05
ENSG00000105997	1.5396199122561884e-05
ENSG00000138641	1.5395851099041596e-05
ENSG00000131148	1.5395545695263754e-05
ENSG00000090674	1.5395037324521092e-05
ENSG00000205352	1.53764939615533e-05
ENSG00000121410	1.5375444254744338e-05
ENSG00000144840	1.5358010870897106e-05
ENSG00000133874	1.5343121644875646e-05
ENSG00000107929	1.5334098190372255e-05
ENSG00000103335	1.5331491263464376e-05
ENSG00000185090	1.5328918262284864e-05
ENSG00000165312	1.5324620123952207e-05
ENSG00000203782	1.5310455969044878e-05
ENSG00000115919	1.531027907307733e-05
ENSG00000134470	1.5296004842103712e-05
ENSG00000105771	1.5262523867636645e-05
ENSG00000278574	1.526099610834346e-05
ENSG00000162373	1.5257318042492451e-05
ENSG00000062282	1.5257228550035534e-05
ENSG00000197798	1.5251535359815764e-05
ENSG00000118900	1.5250146804103773e-05
ENSG00000138769	1.5249305582123884e-05
ENSG00000063601	1.5226206251166138e-05
ENSG00000177380	1.5224547771643754e-05
ENSG00000101443	1.5222693645228938e-05
ENSG00000124222	1.5210492737968993e-05
ENSG00000102805	1.5202869115330934e-05
ENSG00000164330	1.5195138911145132e-05
ENSG00000135677	1.5186922068110045e-05
ENSG00000149485	1.5179584029799428e-05
ENSG00000263238	1.5172343969705393e-05
ENSG00000103342	1.5152223471527312e-05
ENSG00000186283	1.514996534141142e-05
ENSG00000163975	1.5145250526938877e-05
ENSG00000138433	1.5122541776190815e-05
ENSG00000105583	1.511361729133912e-05
ENSG00000169402	1.5111012980686618e-05
ENSG00000187033	1.510223320346245e-05
ENSG00000242386	1.5101935824524408e-05
ENSG00000148344	1.5077908763801154e-05
ENSG00000230900	1.5067040788250768e-05
ENSG00000196502	1.5055525145892731e-05
ENSG00000177143	1.5055187145413992e-05
ENSG00000180481	1.504191183874594e-05
ENSG00000241822	1.502324449282415e-05
ENSG00000112146	1.5021795877548318e-05
ENSG00000143850	1.5018034904021802e-05
ENSG00000089127	1.5017937691616908e-05
ENSG00000142657	1.500553447564361e-05
ENSG00000154118	1.4997705045658278e-05
ENSG00000230961	1.499754058509098e-05
ENSG00000154917	1.4995076869689897e-05
ENSG00000111450	1.4984556914877849e-05
ENSG00000162688	1.4984303075322322e-05
ENSG00000051596	1.4975790650725045e-05
ENSG00000156136	1.4975414883938673e-05
ENSG00000277276	1.496885990342213e-05
ENSG00000088926	1.4962985163016666e-05
ENSG00000169509	1.4959113489827428e-05
ENSG00000180219	1.493379417258613e-05
ENSG00000267368	1.4931278386212697e-05
ENSG00000177575	1.4928609527186953e-05
ENSG00000149499	1.4922702937424127e-05
ENSG00000115239	1.4916759558419497e-05
ENSG00000134970	1.4905081571708559e-05
ENSG00000135414	1.488479955654241e-05
ENSG00000206538	1.4877424990676984e-05
ENSG00000108639	1.4866807604640531e-05
ENSG00000182667	1.486568569788541e-05
ENSG00000101955	1.4860276349070634e-05
ENSG00000161671	1.4852510221681619e-05
ENSG00000135951	1.4844397929523133e-05
ENSG00000100664	1.4843627852922664e-05
ENSG00000101160	1.4839800398911388e-05
ENSG00000111802	1.4838407061562786e-05
ENSG00000144040	1.4831864119495064e-05
ENSG00000117614	1.4828417404072538e-05
ENSG00000157368	1.4816680543846532e-05
ENSG00000123561	1.4814562094160338e-05
ENSG00000101000	1.4808850878664862e-05
ENSG00000115648	1.4808815723595331e-05
ENSG00000160781	1.4805651311458784e-05
ENSG00000157184	1.4800574412193125e-05
ENSG00000121807	1.4799571813848352e-05
ENSG00000124177	1.4793479218840887e-05
ENSG00000116580	1.4791725317200735e-05
ENSG00000172766	1.4791597353510689e-05
ENSG00000134186	1.4789511315138432e-05
ENSG00000178409	1.4786859734158504e-05
ENSG00000124839	1.4781934112737376e-05
ENSG00000102043	1.4772955769245711e-05
ENSG00000118432	1.4771025098732391e-05
ENSG00000182566	1.4757903881342208e-05
ENSG00000181274	1.4754944721261875e-05
ENSG00000087495	1.4743150646619766e-05
ENSG00000168907	1.4742397400797185e-05
ENSG00000172476	1.4737483912538522e-05
ENSG00000117122	1.4722253106296012e-05
ENSG00000162493	1.4712426061642378e-05
ENSG00000288335	1.4707649959663791e-05
ENSG00000166086	1.470737483435341e-05
ENSG00000149600	1.4706175616773075e-05
ENSG00000129187	1.4682285409407218e-05
ENSG00000168152	1.4668785666953705e-05
ENSG00000164007	1.4668686151667394e-05
ENSG00000113946	1.4668686151667394e-05
ENSG00000075073	1.4663910090073329e-05
ENSG00000145868	1.466355081636692e-05
ENSG00000162624	1.4663430152319373e-05
ENSG00000198055	1.465947074236242e-05
ENSG00000198874	1.4654431429405861e-05
ENSG00000163501	1.465325006663554e-05
ENSG00000278268	1.4640341702696681e-05
ENSG00000135097	1.4638218680233409e-05
ENSG00000142552	1.4635441510753257e-05
ENSG00000108830	1.4634019790338275e-05
ENSG00000149743	1.4628114953303559e-05
ENSG00000167987	1.4600962446979982e-05
ENSG00000106952	1.4593528625365812e-05
ENSG00000148677	1.458636512255798e-05
ENSG00000204160	1.4572879406020385e-05
ENSG00000115271	1.4562848204206394e-05
ENSG00000079459	1.4562144641796603e-05
ENSG00000110090	1.4559497226593165e-05
ENSG00000118194	1.4558593201742164e-05
ENSG00000077935	1.4546608307003857e-05
ENSG00000198785	1.4545457326381147e-05
ENSG00000138813	1.4542586226531618e-05
ENSG00000215704	1.4540978141228346e-05
ENSG00000281709	1.4539718419036549e-05
ENSG00000104047	1.4536264122114116e-05
ENSG00000005020	1.4523229963276084e-05
ENSG00000100319	1.4522935480040482e-05
ENSG00000070019	1.450676433834464e-05
ENSG00000074317	1.449831614957313e-05
ENSG00000110693	1.4492589494463053e-05
ENSG00000154783	1.4491577676345718e-05
ENSG00000113966	1.4481920123421177e-05
ENSG00000130508	1.4470085366882271e-05
ENSG00000138496	1.446755508448135e-05
ENSG00000284548	1.4461276477425781e-05
ENSG00000276657	1.4458453878340397e-05
ENSG00000160216	1.4453608454957952e-05
ENSG00000282838	1.4446882340135936e-05
ENSG00000157778	1.4445832969151655e-05
ENSG00000006652	1.444565792665928e-05
ENSG00000116983	1.4436218954531113e-05
ENSG00000116688	1.4435193535262055e-05
ENSG00000110917	1.4429832936868341e-05
ENSG00000088002	1.4427512085426176e-05
ENSG00000197324	1.4424556450889792e-05
ENSG00000128283	1.4421711986007213e-05
ENSG00000175445	1.44131785109706e-05
ENSG00000154016	1.4409132749808088e-05
ENSG00000107745	1.4398238978641253e-05
ENSG00000107957	1.4395403503076916e-05
ENSG00000221926	1.4384157927164483e-05
ENSG00000122966	1.4382601297335144e-05
ENSG00000104299	1.437428216124302e-05
ENSG00000105835	1.4373867816139502e-05
ENSG00000171855	1.4372567515014499e-05
ENSG00000278728	1.4368407671871672e-05
ENSG00000169403	1.436781595200087e-05
ENSG00000185187	1.435565881294694e-05
ENSG00000166887	1.4345710014288343e-05
ENSG00000102471	1.4343411437953294e-05
ENSG00000121486	1.4338245315572793e-05
ENSG00000169598	1.4320107914521888e-05
ENSG00000177971	1.4319312780545142e-05
ENSG00000145920	1.4315191331658829e-05
ENSG00000183527	1.4313370923019443e-05
ENSG00000274247	1.4300518068492469e-05
ENSG00000157680	1.429653395413192e-05
ENSG00000166503	1.4292464550195734e-05
ENSG00000036054	1.428511457681691e-05
ENSG00000178074	1.4285091269428355e-05
ENSG00000038945	1.4276807877991479e-05
ENSG00000168679	1.4254124663510139e-05
ENSG00000103356	1.4254124663510139e-05
ENSG00000163545	1.4243366428894598e-05
ENSG00000066135	1.4241699440004987e-05
ENSG00000205659	1.4233910560864904e-05
ENSG00000006071	1.4230416323241643e-05
ENSG00000108342	1.422050027687089e-05
ENSG00000285053	1.4217841593591604e-05
ENSG00000133639	1.4215759874363446e-05
ENSG00000198104	1.4206023754095649e-05
ENSG00000158486	1.4203982981787159e-05
ENSG00000184613	1.4202764517253487e-05
ENSG00000168314	1.4202333720681052e-05
ENSG00000065029	1.4190338018057873e-05
ENSG00000285007	1.4184010320570431e-05
ENSG00000288455	1.4174456817445015e-05
ENSG00000161849	1.4155962251893345e-05
ENSG00000117586	1.4151889153287013e-05
ENSG00000011347	1.415039580199442e-05
ENSG00000180043	1.4149360434684475e-05
ENSG00000186907	1.414081923172918e-05
ENSG00000283018	1.4137509585482339e-05
ENSG00000275051	1.4131262562619522e-05
ENSG00000118620	1.4128038995842506e-05
ENSG00000171522	1.4124570687475279e-05
ENSG00000105829	1.4118747647273358e-05
ENSG00000171219	1.4116750473495297e-05
ENSG00000113615	1.4112869192731756e-05
ENSG00000133121	1.4112562750736133e-05
ENSG00000137409	1.4110683744759977e-05
ENSG00000152056	1.4107143824065624e-05
ENSG00000288357	1.4093970378057593e-05
ENSG00000168418	1.4093885437240596e-05
ENSG00000116885	1.4092977609347627e-05
ENSG00000170323	1.4074654024347356e-05
ENSG00000258315	1.4067519344031514e-05
ENSG00000163273	1.4066567656158004e-05
ENSG00000181029	1.406510478153812e-05
ENSG00000125731	1.4063146960692585e-05
ENSG00000237808	1.4057797583863335e-05
ENSG00000116991	1.4049306428556409e-05
ENSG00000126759	1.4049138336989376e-05
ENSG00000179133	1.40469876837187e-05
ENSG00000112039	1.4044131504273086e-05
ENSG00000149289	1.4030029636639191e-05
ENSG00000010626	1.4027200416542711e-05
ENSG00000122965	1.4021794710169472e-05
ENSG00000071575	1.4013141698168418e-05
ENSG00000116032	1.4001517768962357e-05
ENSG00000176894	1.4001388315676711e-05
ENSG00000211448	1.3991336823251279e-05
ENSG00000137496	1.3986522716121294e-05
ENSG00000145016	1.3980319168506853e-05
ENSG00000102003	1.3972882802898831e-05
ENSG00000151176	1.3968203477492485e-05
ENSG00000177558	1.3951753085275917e-05
ENSG00000150054	1.3950746624496493e-05
ENSG00000116783	1.394259687987302e-05
ENSG00000197077	1.3939424617508804e-05
ENSG00000099284	1.3936819693449962e-05
ENSG00000102221	1.3928100697673615e-05
ENSG00000069431	1.392729077939474e-05
ENSG00000156886	1.3919752889050834e-05
ENSG00000079308	1.3910106399181067e-05
ENSG00000115425	1.39001126667999e-05
ENSG00000110697	1.3895840993137685e-05
ENSG00000103343	1.3894814836698047e-05
ENSG00000163320	1.3892095575427221e-05
ENSG00000008952	1.3885346577158641e-05
ENSG00000109586	1.3881498498347012e-05
ENSG00000103811	1.3864539589589522e-05
ENSG00000196104	1.3853893588675703e-05
ENSG00000136141	1.3852417744192017e-05
ENSG00000137055	1.3847185135700559e-05
ENSG00000154620	1.3847063790435058e-05
ENSG00000137500	1.3845379025852198e-05
ENSG00000064692	1.3842737364663401e-05
ENSG00000138109	1.3842651121428409e-05
ENSG00000174373	1.3833328990013672e-05
ENSG00000134343	1.3831550499793747e-05
ENSG00000130477	1.3830976611352451e-05
ENSG00000052126	1.3809717417194134e-05
ENSG00000064652	1.3807230264371998e-05
ENSG00000101098	1.3806882257474108e-05
ENSG00000096006	1.380071376671194e-05
ENSG00000283802	1.3795477094550712e-05
ENSG00000174238	1.3794522796469852e-05
ENSG00000129646	1.3781874762898931e-05
ENSG00000116005	1.3773069651704983e-05
ENSG00000182645	1.377181204582817e-05
ENSG00000112855	1.3761972988222397e-05
ENSG00000116985	1.3759443118063923e-05
ENSG00000084073	1.370746182170137e-05
ENSG00000070610	1.3702198321879344e-05
ENSG00000182575	1.3700303605452591e-05
ENSG00000169738	1.3699517565594561e-05
ENSG00000156471	1.369601376485716e-05
ENSG00000047230	1.3684311456519665e-05
ENSG00000136802	1.3677215951404387e-05
ENSG00000182240	1.3672388790339069e-05
ENSG00000146530	1.3664135955024602e-05
ENSG00000134108	1.3663461281360974e-05
ENSG00000198833	1.365569253152724e-05
ENSG00000161618	1.365227799168789e-05
ENSG00000119929	1.364174366457832e-05
ENSG00000153015	1.363677823806121e-05
ENSG00000160145	1.362556411240847e-05
ENSG00000165169	1.3620036382556078e-05
ENSG00000124532	1.3619393007866737e-05
ENSG00000198546	1.3616597414312569e-05
ENSG00000167522	1.3595418951907264e-05
ENSG00000136098	1.3583920212310704e-05
ENSG00000285199	1.3577960296925436e-05
ENSG00000164953	1.3571633884238501e-05
ENSG00000139620	1.3567064330361353e-05
ENSG00000180644	1.356011127675796e-05
ENSG00000177119	1.3556615405309644e-05
ENSG00000108433	1.3555144366124152e-05
ENSG00000151458	1.3553592393929775e-05
ENSG00000064666	1.3542609811629316e-05
ENSG00000138459	1.3529114803963594e-05
ENSG00000126838	1.3518490118095496e-05
ENSG00000137168	1.3518160611497072e-05
ENSG00000206150	1.3518031071855743e-05
ENSG00000113273	1.3512570386252423e-05
ENSG00000277926	1.3509453309417986e-05
ENSG00000170191	1.3495667207923134e-05
ENSG00000014824	1.3493605196587134e-05
ENSG00000153283	1.3492709234817708e-05
ENSG00000277439	1.3490428216505254e-05
ENSG00000213593	1.3485449936384673e-05
ENSG00000141560	1.3485106712600992e-05
ENSG00000124383	1.3477950383497259e-05
ENSG00000121743	1.3475306159464255e-05
ENSG00000173548	1.3462173781850839e-05
ENSG00000154065	1.3457152882736976e-05
ENSG00000175544	1.3451305512292247e-05
ENSG00000159784	1.344875817055063e-05
ENSG00000087301	1.3445674891015773e-05
ENSG00000171295	1.3440407580284688e-05
ENSG00000005981	1.3439680878623208e-05
ENSG00000124089	1.3416142115902303e-05
ENSG00000110171	1.341474893876118e-05
ENSG00000070444	1.3404401495272144e-05
ENSG00000007255	1.338813288799382e-05
ENSG00000164144	1.3386887411045045e-05
ENSG00000138802	1.3386080738519562e-05
ENSG00000166562	1.3385819491214806e-05
ENSG00000146828	1.3359798014404934e-05
ENSG00000042832	1.3350032227915573e-05
ENSG00000117448	1.3347493706444738e-05
ENSG00000164830	1.3340764751027534e-05
ENSG00000118507	1.3331758560029118e-05
ENSG00000138435	1.3321836431867822e-05
ENSG00000137075	1.3311414332034353e-05
ENSG00000198216	1.3301678669291565e-05
ENSG00000007944	1.328640600486502e-05
ENSG00000113811	1.3280861147271808e-05
ENSG00000166847	1.3280675842151532e-05
ENSG00000168229	1.3277201004358847e-05
ENSG00000005812	1.327622986894507e-05
ENSG00000103313	1.325993490213394e-05
ENSG00000185101	1.3259538318843572e-05
ENSG00000137414	1.3258549246474368e-05
ENSG00000109255	1.3254928922100475e-05
ENSG00000121297	1.3254839615730812e-05
ENSG00000163114	1.323967447025622e-05
ENSG00000155816	1.3229852809663445e-05
ENSG00000197457	1.3215102359745937e-05
ENSG00000110148	1.3211299987773095e-05
ENSG00000167797	1.3204157036205194e-05
ENSG00000275498	1.3190668899423746e-05
ENSG00000182628	1.3188846910112308e-05
ENSG00000262327	1.3177824551032224e-05
ENSG00000105379	1.317728153090951e-05
ENSG00000167191	1.3160505293749287e-05
ENSG00000281309	1.3156682327381763e-05
ENSG00000156113	1.3137354436018805e-05
ENSG00000124159	1.3131079755169095e-05
ENSG00000120798	1.3130340514365834e-05
ENSG00000132740	1.3123013273174345e-05
ENSG00000178462	1.3121015149476336e-05
ENSG00000283024	1.312064496731409e-05
ENSG00000116525	1.3114288818433369e-05
ENSG00000144182	1.3106811162154017e-05
ENSG00000198498	1.3105193526898951e-05
ENSG00000173175	1.3091033580454571e-05
ENSG00000101216	1.3090158164120573e-05
ENSG00000167447	1.3090129830433026e-05
ENSG00000198689	1.3087745662051527e-05
ENSG00000111801	1.308605542388072e-05
ENSG00000143570	1.3081665225606581e-05
ENSG00000166130	1.3081626276708887e-05
ENSG00000273793	1.3080855529389086e-05
ENSG00000151552	1.3078323641862212e-05
ENSG00000141639	1.3077486366655789e-05
ENSG00000083123	1.3075813627999358e-05
ENSG00000153029	1.3070768027986756e-05
ENSG00000142065	1.306363375659329e-05
ENSG00000166407	1.3057811757557807e-05
ENSG00000166024	1.3053148296786506e-05
ENSG00000118454	1.3052518005438035e-05
ENSG00000198553	1.3049425893260491e-05
ENSG00000147724	1.3045284787366122e-05
ENSG00000149054	1.304202471672706e-05
ENSG00000169129	1.3029264963529828e-05
ENSG00000274296	1.3028898492006746e-05
ENSG00000187475	1.3028285919961462e-05
ENSG00000008394	1.301951154224779e-05
ENSG00000188778	1.3010963090258706e-05
ENSG00000140280	1.2992356415355368e-05
ENSG00000124019	1.2983703832339122e-05
ENSG00000281244	1.2982502908666251e-05
ENSG00000104731	1.29766990284624e-05
ENSG00000274211	1.297032293683413e-05
ENSG00000034677	1.2967638451382678e-05
ENSG00000100053	1.2944475740538276e-05
ENSG00000136856	1.2936624372558102e-05
ENSG00000107521	1.2934698995567037e-05
ENSG00000142544	1.2933748006509908e-05
ENSG00000095574	1.2915958995276205e-05
ENSG00000162032	1.2902279426613976e-05
ENSG00000127528	1.2900400701041431e-05
ENSG00000102858	1.2894644174040606e-05
ENSG00000124587	1.2892919275669622e-05
ENSG00000197562	1.2887024716240628e-05
ENSG00000134571	1.2874887132672748e-05
ENSG00000164440	1.2873063598041886e-05
ENSG00000054983	1.2868373091929922e-05
ENSG00000176988	1.2860259604405398e-05
ENSG00000198814	1.2845189073110345e-05
ENSG00000129355	1.2841995411851332e-05
ENSG00000150764	1.2840344068461382e-05
ENSG00000198952	1.2835920680188365e-05
ENSG00000249139	1.283267559398125e-05
ENSG00000106688	1.2819181445843968e-05
ENSG00000224552	1.2809268040382877e-05
ENSG00000159527	1.2797327542950348e-05
ENSG00000068137	1.279577088305565e-05
ENSG00000143772	1.2795753622938104e-05
ENSG00000184895	1.2795469085416236e-05
ENSG00000109323	1.2793880023936968e-05
ENSG00000114374	1.2792739308541779e-05
ENSG00000177548	1.2784451997962936e-05
ENSG00000151693	1.2782748081031441e-05
ENSG00000142751	1.2776815884517808e-05
ENSG00000214113	1.277359910936584e-05
ENSG00000281661	1.2757450370986066e-05
ENSG00000101546	1.2756625005322852e-05
ENSG00000204852	1.2749886676839477e-05
ENSG00000163644	1.2749473045623515e-05
ENSG00000150394	1.2748903520712785e-05
ENSG00000104549	1.2747694034942467e-05
ENSG00000196388	1.274689537987837e-05
ENSG00000104369	1.2738642029344301e-05
ENSG00000049249	1.2727825293869133e-05
ENSG00000109686	1.2727633980814016e-05
ENSG00000185736	1.2724373348291446e-05
ENSG00000153885	1.2721337533659775e-05
ENSG00000142459	1.2713614338960864e-05
ENSG00000188559	1.2710799299633793e-05
ENSG00000151148	1.269823935956956e-05
ENSG00000128294	1.2696221263619184e-05
ENSG00000100625	1.26841476951068e-05
ENSG00000154134	1.2671678145229592e-05
ENSG00000162430	1.2667767651700869e-05
ENSG00000133028	1.2657125272844042e-05
ENSG00000174306	1.2652296432566258e-05
ENSG00000163527	1.264825514956846e-05
ENSG00000103248	1.264761868319088e-05
ENSG00000134884	1.2647325896148237e-05
ENSG00000076770	1.2644880192783705e-05
ENSG00000105664	1.2636724519076342e-05
ENSG00000135587	1.2633658015568238e-05
ENSG00000128045	1.2626482260693732e-05
ENSG00000137821	1.2624996928923568e-05
ENSG00000025293	1.2623746473085414e-05
ENSG00000089818	1.2623153007426554e-05
ENSG00000165376	1.2622494657222061e-05
ENSG00000282228	1.2621874054775182e-05
ENSG00000146802	1.2621287775726875e-05
ENSG00000183340	1.261564618041304e-05
ENSG00000124126	1.2570492427957441e-05
ENSG00000159640	1.256966671982958e-05
ENSG00000105755	1.256910096419584e-05
ENSG00000231925	1.2568698767274336e-05
ENSG00000141429	1.2559334078207412e-05
ENSG00000129493	1.2556237803505321e-05
ENSG00000180822	1.2555000670550528e-05
ENSG00000154545	1.2535702725611718e-05
ENSG00000274684	1.2532591682037985e-05
ENSG00000139117	1.2514543678206837e-05
ENSG00000132530	1.2513902595424607e-05
ENSG00000128607	1.2508224224565235e-05
ENSG00000242173	1.2506875651008072e-05
ENSG00000149328	1.2506623187028052e-05
ENSG00000177663	1.2501718896158736e-05
ENSG00000152049	1.249922123017031e-05
ENSG00000177202	1.2489050065021117e-05
ENSG00000269404	1.2482309200584987e-05
ENSG00000176896	1.2477094202879573e-05
ENSG00000213186	1.2475953830099543e-05
ENSG00000176142	1.2475191927349244e-05
ENSG00000126524	1.2473166860335887e-05
ENSG00000269058	1.2471642109683905e-05
ENSG00000206527	1.2466782348840378e-05
ENSG00000160191	1.2466709230670304e-05
ENSG00000135480	1.2464679232459253e-05
ENSG00000214274	1.245303515057936e-05
ENSG00000139549	1.2452947143885432e-05
ENSG00000119844	1.245126763747034e-05
ENSG00000143155	1.2450349925651468e-05
ENSG00000011028	1.2443677017363894e-05
ENSG00000159322	1.2441092494316002e-05
ENSG00000130956	1.2439278709124289e-05
ENSG00000132376	1.2432911567361875e-05
ENSG00000141527	1.2418236928810486e-05
ENSG00000143194	1.2408802075168702e-05
ENSG00000166997	1.2404478857106662e-05
ENSG00000188219	1.2397927084407684e-05
ENSG00000164627	1.2387126680770513e-05
ENSG00000140398	1.2377905974543272e-05
ENSG00000131264	1.23750632790748e-05
ENSG00000170166	1.23658939195044e-05
ENSG00000068001	1.2363749255261621e-05
ENSG00000146373	1.2344811908787925e-05
ENSG00000139644	1.2334557143613394e-05
ENSG00000223609	1.2330355096384172e-05
ENSG00000272398	1.231610382465597e-05
ENSG00000131435	1.2313945381917199e-05
ENSG00000163673	1.2311197411375615e-05
ENSG00000173714	1.2301605741908808e-05
ENSG00000127578	1.2301605741908808e-05
ENSG00000102931	1.23004946241289e-05
ENSG00000108666	1.2300414665706195e-05
ENSG00000100650	1.229958482688423e-05
ENSG00000136935	1.22954287159865e-05
ENSG00000105607	1.2288361374787577e-05
ENSG00000124479	1.2285764065757743e-05
ENSG00000146574	1.2270787407452345e-05
ENSG00000164938	1.2270096255271648e-05
ENSG00000149577	1.2269354630717953e-05
ENSG00000239697	1.2265027819689213e-05
ENSG00000133636	1.225730456774819e-05
ENSG00000239713	1.2250314047053265e-05
ENSG00000013573	1.2250160646524566e-05
ENSG00000115902	1.224809839107483e-05
ENSG00000285426	1.224303409733968e-05
ENSG00000070778	1.223414920843594e-05
ENSG00000125746	1.2234109149886027e-05
ENSG00000147459	1.2222827522891607e-05
ENSG00000147324	1.2220973834635786e-05
ENSG00000104450	1.2219068709466505e-05
ENSG00000090470	1.2214435987465808e-05
ENSG00000288362	1.2202349285507851e-05
ENSG00000166206	1.2199676125550848e-05
ENSG00000212935	1.21899886956163e-05
ENSG00000137478	1.218730642039776e-05
ENSG00000168092	1.218271001784612e-05
ENSG00000062485	1.2181293726194308e-05
ENSG00000103160	1.2174239785490643e-05
ENSG00000044459	1.2167535589860033e-05
ENSG00000104946	1.2158356542742554e-05
ENSG00000158473	1.2147632727711224e-05
ENSG00000112699	1.2147541247478894e-05
ENSG00000177045	1.2140083935654026e-05
ENSG00000141127	1.2137983307338285e-05
ENSG00000171201	1.2123072724496932e-05
ENSG00000182521	1.2119026419458186e-05
ENSG00000008130	1.2118176743197573e-05
ENSG00000277101	1.2107691106036304e-05
ENSG00000143952	1.2104845750281127e-05
ENSG00000126746	1.2101847192152577e-05
ENSG00000180616	1.2097706839501463e-05
ENSG00000170836	1.209725504264292e-05
ENSG00000064607	1.2095771338583234e-05
ENSG00000092200	1.2086823971998119e-05
ENSG00000125735	1.2083204240090045e-05
ENSG00000139793	1.207309346875221e-05
ENSG00000132718	1.2065398008863964e-05
ENSG00000263057	1.2062950105533213e-05
ENSG00000170873	1.2060430685673011e-05
ENSG00000135709	1.2057718488321163e-05
ENSG00000105996	1.2052729158241011e-05
ENSG00000005469	1.205162294124445e-05
ENSG00000144895	1.2046091639755344e-05
ENSG00000176155	1.204534091045042e-05
ENSG00000124279	1.2038768566392092e-05
ENSG00000114383	1.2030583501734296e-05
ENSG00000105245	1.2030044837980439e-05
ENSG00000124357	1.2021487556329598e-05
ENSG00000119446	1.2019987055358543e-05
ENSG00000168734	1.2015156818227277e-05
ENSG00000104626	1.1998376863337548e-05
ENSG00000100116	1.1995035692622675e-05
ENSG00000182827	1.1994267784347396e-05
ENSG00000244617	1.1992056317297054e-05
ENSG00000172992	1.1991490187343459e-05
ENSG00000076685	1.1990506099418544e-05
ENSG00000108406	1.1980989555340014e-05
ENSG00000169031	1.1979152689534727e-05
ENSG00000189369	1.1959051843714907e-05
ENSG00000150867	1.195838628655158e-05
ENSG00000128563	1.1953975993778398e-05
ENSG00000106331	1.1952936203948705e-05
ENSG00000126337	1.195176831272552e-05
ENSG00000198885	1.1939256445797398e-05
ENSG00000162300	1.193738206546041e-05
ENSG00000166387	1.1935341313716582e-05
ENSG00000102466	1.1919988924041303e-05
ENSG00000131969	1.1919156647114112e-05
ENSG00000111144	1.1911425293031137e-05
ENSG00000173818	1.1908718915854202e-05
ENSG00000102743	1.1903975107086621e-05
ENSG00000125675	1.1895434327811531e-05
ENSG00000128791	1.1893176713143002e-05
ENSG00000081181	1.1892983409767368e-05
ENSG00000151092	1.1892823108291987e-05
ENSG00000091656	1.189079994030337e-05
ENSG00000142599	1.1886897885702095e-05
ENSG00000174059	1.1879930653277376e-05
ENSG00000170777	1.1879272304846993e-05
ENSG00000073712	1.1878840747765429e-05
ENSG00000157823	1.1878817909243758e-05
ENSG00000104853	1.1870750625479325e-05
ENSG00000243480	1.1861649632633552e-05
ENSG00000161243	1.185873452287609e-05
ENSG00000147202	1.1857679337447132e-05
ENSG00000126775	1.1857500847698804e-05
ENSG00000168925	1.1856245796436127e-05
ENSG00000126088	1.1845194830760164e-05
ENSG00000177414	1.1843424779719923e-05
ENSG00000131979	1.1826555281666305e-05
ENSG00000148154	1.1814676017890659e-05
ENSG00000181195	1.1814584377799161e-05
ENSG00000134376	1.1799633510862655e-05
ENSG00000124275	1.1799055534669404e-05
ENSG00000023041	1.1798974460571735e-05
ENSG00000145850	1.1794998432021632e-05
ENSG00000170542	1.179450341872641e-05
ENSG00000170430	1.179440730778611e-05
ENSG00000277804	1.1791470413394818e-05
ENSG00000032444	1.1781918169891972e-05
ENSG00000079974	1.1780461076300626e-05
ENSG00000205403	1.1775179667456485e-05
ENSG00000144827	1.1768177190365118e-05
ENSG00000147145	1.1764310208220723e-05
ENSG00000141384	1.1763999111371544e-05
ENSG00000196990	1.1756933526972696e-05
ENSG00000108179	1.1751942975659146e-05
ENSG00000162413	1.1751239091345284e-05
ENSG00000182544	1.1744457241780666e-05
ENSG00000065621	1.173512356752581e-05
ENSG00000184384	1.1735119458547658e-05
ENSG00000134532	1.1733308371441307e-05
ENSG00000122912	1.1731909549609552e-05
ENSG00000149929	1.1729702926476162e-05
ENSG00000100196	1.1722203497670582e-05
ENSG00000117305	1.1717193411680196e-05
ENSG00000169783	1.1701970662582347e-05
ENSG00000167748	1.1697681690327091e-05
ENSG00000137707	1.169434351599698e-05
ENSG00000087053	1.1685341168409793e-05
ENSG00000105516	1.1681194943871157e-05
ENSG00000163873	1.1677636374861753e-05
ENSG00000100092	1.1675151135054503e-05
ENSG00000054965	1.1674903870866256e-05
ENSG00000101294	1.1668552364079166e-05
ENSG00000105696	1.1664985413252503e-05
ENSG00000101307	1.1664463827455426e-05
ENSG00000135317	1.1661305932578266e-05
ENSG00000067141	1.1659139961272921e-05
ENSG00000109046	1.1639054787116145e-05
ENSG00000122859	1.163871691737062e-05
ENSG00000119973	1.1638383386517551e-05
ENSG00000108788	1.1636980865683407e-05
ENSG00000121578	1.162859332777998e-05
ENSG00000165496	1.160814664911492e-05
ENSG00000109861	1.1607769135894039e-05
ENSG00000250565	1.1600858568508566e-05
ENSG00000122642	1.1598618911510412e-05
ENSG00000267978	1.1591095635828985e-05
ENSG00000091704	1.1588834318379627e-05
ENSG00000125931	1.1584446841780834e-05
ENSG00000106665	1.1583200446905699e-05
ENSG00000136235	1.1581606796170534e-05
ENSG00000175482	1.1579076534338575e-05
ENSG00000243943	1.1578595362793511e-05
ENSG00000164284	1.1577259651676441e-05
ENSG00000229493	1.1572649454465318e-05
ENSG00000139725	1.1571121886125878e-05
ENSG00000120278	1.1569469000728454e-05
ENSG00000115539	1.156691448905035e-05
ENSG00000143774	1.1558071153087493e-05
ENSG00000124523	1.1549849033242355e-05
ENSG00000161533	1.1542023538615232e-05
ENSG00000184787	1.1531405227681641e-05
ENSG00000080845	1.152942435557976e-05
ENSG00000131055	1.152356462799535e-05
ENSG00000159173	1.152234513477502e-05
ENSG00000144959	1.151824543810512e-05
ENSG00000134597	1.1517770028499414e-05
ENSG00000140836	1.1516057855263306e-05
ENSG00000163053	1.1514875313435378e-05
ENSG00000135049	1.1508526929763807e-05
ENSG00000179820	1.1505817471483608e-05
ENSG00000137077	1.1504104118066169e-05
ENSG00000262635	1.150009937657298e-05
ENSG00000104886	1.149827944364547e-05
ENSG00000144909	1.1483128527620728e-05
ENSG00000142546	1.1482556179809378e-05
ENSG00000173928	1.1482552005450326e-05
ENSG00000101323	1.147847750823523e-05
ENSG00000144668	1.1473194998983527e-05
ENSG00000143127	1.1473194998983527e-05
ENSG00000186684	1.1468269219924068e-05
ENSG00000163735	1.145997285870386e-05
ENSG00000119888	1.1450929995852518e-05
ENSG00000124459	1.144822202929833e-05
ENSG00000160200	1.1447486433942341e-05
ENSG00000119650	1.144521909465439e-05
ENSG00000171823	1.1433614964098508e-05
ENSG00000150361	1.1409743758494785e-05
ENSG00000151876	1.1403068766322595e-05
ENSG00000103642	1.1402538975529226e-05
ENSG00000160183	1.1376525634244802e-05
ENSG00000243056	1.135891327227998e-05
ENSG00000052850	1.1350839727243655e-05
ENSG00000171936	1.1336902546795013e-05
ENSG00000124588	1.1336237139147482e-05
ENSG00000189430	1.1330620728216716e-05
ENSG00000106077	1.1325969011882298e-05
ENSG00000169855	1.132155286679252e-05
ENSG00000122574	1.131897214271261e-05
ENSG00000062582	1.1318204823681608e-05
ENSG00000110881	1.1312952744197793e-05
ENSG00000166006	1.1304179168351061e-05
ENSG00000137962	1.1293073816743071e-05
ENSG00000176887	1.1288457020769012e-05
ENSG00000177150	1.1287728921026043e-05
ENSG00000023902	1.1285083427957091e-05
ENSG00000162438	1.1284831121252659e-05
ENSG00000177047	1.1273952458510675e-05
ENSG00000187676	1.127250725001527e-05
ENSG00000063761	1.1269335132725678e-05
ENSG00000090971	1.1266575942302324e-05
ENSG00000119723	1.1258642115819418e-05
ENSG00000146576	1.1249109676490604e-05
ENSG00000124243	1.1246131695023587e-05
ENSG00000132423	1.1243385400559877e-05
ENSG00000113161	1.1242472213404155e-05
ENSG00000158856	1.1212697923098946e-05
ENSG00000116922	1.1212030555256603e-05
ENSG00000168268	1.1204935349992715e-05
ENSG00000068784	1.1198193747045875e-05
ENSG00000171291	1.1192510870206245e-05
ENSG00000175093	1.1189966589020386e-05
ENSG00000140853	1.1189930089462827e-05
ENSG00000163017	1.118893576605644e-05
ENSG00000163171	1.1185853628598121e-05
ENSG00000162522	1.1175678075109268e-05
ENSG00000119927	1.1174713177101994e-05
ENSG00000105499	1.117063185486739e-05
ENSG00000170921	1.116793479904459e-05
ENSG00000101439	1.1166515784428017e-05
ENSG00000134369	1.1161770706570651e-05
ENSG00000164136	1.116015585396247e-05
ENSG00000268447	1.1159567925684734e-05
ENSG00000283883	1.1155615920725867e-05
ENSG00000132872	1.1147492362436448e-05
ENSG00000179598	1.1147275262217556e-05
ENSG00000136938	1.1137450890751726e-05
ENSG00000198502	1.1131032558023164e-05
ENSG00000170631	1.1129322031197411e-05
ENSG00000136319	1.1126308617981456e-05
ENSG00000157625	1.111377796601479e-05
ENSG00000111305	1.1093454940206885e-05
ENSG00000204370	1.1091639708867493e-05
ENSG00000008517	1.1088748451866211e-05
ENSG00000165355	1.1074037676946492e-05
ENSG00000285390	1.1060822342232228e-05
ENSG00000205213	1.1047256386654196e-05
ENSG00000130703	1.1025946098412931e-05
ENSG00000170049	1.1015985416544776e-05
ENSG00000110429	1.1014246009802403e-05
ENSG00000243708	1.1012202572079922e-05
ENSG00000164331	1.1011334392488588e-05
ENSG00000133048	1.1008660425744457e-05
ENSG00000198369	1.1007594126348249e-05
ENSG00000182318	1.1004459543818368e-05
ENSG00000090857	1.0993227869001267e-05
ENSG00000139445	1.0978776681458177e-05
ENSG00000101638	1.0975702607775345e-05
ENSG00000081248	1.0964388940220754e-05
ENSG00000080546	1.0963574333889636e-05
ENSG00000283868	1.0947659777521708e-05
ENSG00000162595	1.0941784673635356e-05
ENSG00000071205	1.0935194518008044e-05
ENSG00000130005	1.0930670360355673e-05
ENSG00000132329	1.0926795199023159e-05
ENSG00000171150	1.0925014285532124e-05
ENSG00000174938	1.0924206349114762e-05
ENSG00000198108	1.0922388241737138e-05
ENSG00000065882	1.0920632199925064e-05
ENSG00000144810	1.0920415991120435e-05
ENSG00000101327	1.0916985912849687e-05
ENSG00000089177	1.0914074751970545e-05
ENSG00000133401	1.0913001369026348e-05
ENSG00000256223	1.0907099879915476e-05
ENSG00000144596	1.0903444840792698e-05
ENSG00000148429	1.0894919151151112e-05
ENSG00000161714	1.08945087264398e-05
ENSG00000127743	1.0885898603451528e-05
ENSG00000134545	1.0880817595295242e-05
ENSG00000164023	1.0880643868032195e-05
ENSG00000182512	1.0879827410021661e-05
ENSG00000104723	1.0871402631125412e-05
ENSG00000100599	1.0869891978813894e-05
ENSG00000129682	1.0869788802733007e-05
ENSG00000107625	1.086657872137621e-05
ENSG00000167778	1.085259965313264e-05
ENSG00000178764	1.0844123614166983e-05
ENSG00000284501	1.0843740369291791e-05
ENSG00000174460	1.084293027281301e-05
ENSG00000103966	1.0838929651563376e-05
ENSG00000069509	1.0836961113552317e-05
ENSG00000099282	1.0834648359565609e-05
ENSG00000067048	1.0826016526763539e-05
ENSG00000023697	1.08165604555535e-05
ENSG00000059122	1.0814919853885873e-05
ENSG00000285343	1.081456417242356e-05
ENSG00000133318	1.0797617159360414e-05
ENSG00000108599	1.0788634687781753e-05
ENSG00000285140	1.0787695857450448e-05
ENSG00000183579	1.078204946959217e-05
ENSG00000171174	1.078004289140367e-05
ENSG00000155846	1.0775236169595833e-05
ENSG00000004799	1.0773415455790288e-05
ENSG00000100154	1.0771744062981375e-05
ENSG00000117133	1.0770255327514464e-05
ENSG00000276175	1.0765630992786248e-05
ENSG00000107187	1.076081777800685e-05
ENSG00000140105	1.0760248365955644e-05
ENSG00000166886	1.0756075826384786e-05
ENSG00000039600	1.075536586797056e-05
ENSG00000070214	1.0745805960829698e-05
ENSG00000203942	1.0738897952464656e-05
ENSG00000236515	1.0734105593061183e-05
ENSG00000179407	1.0732203506504529e-05
ENSG00000188315	1.0727762232448924e-05
ENSG00000185883	1.0721373198193328e-05
ENSG00000280477	1.0720900618156215e-05
ENSG00000099822	1.0719985383947224e-05
ENSG00000263324	1.0719985383947224e-05
ENSG00000188735	1.0715819450684637e-05
ENSG00000197381	1.0715170778220868e-05
ENSG00000104691	1.0711026199421379e-05
ENSG00000169194	1.0709256183130723e-05
ENSG00000240344	1.0708106277179158e-05
ENSG00000079337	1.0703910422557468e-05
ENSG00000168939	1.0697777775520295e-05
ENSG00000205581	1.0695751295766046e-05
ENSG00000198963	1.0693935036749555e-05
ENSG00000166801	1.0690147993852527e-05
ENSG00000064547	1.067136521891287e-05
ENSG00000188690	1.066599896863836e-05
ENSG00000155792	1.0665365121871497e-05
ENSG00000137509	1.0664402815769303e-05
ENSG00000160570	1.066338016886484e-05
ENSG00000124374	1.0649794451240375e-05
ENSG00000123496	1.064377886655531e-05
ENSG00000133606	1.0636678365606592e-05
ENSG00000184207	1.063649161855809e-05
ENSG00000091129	1.0632859563489651e-05
ENSG00000162892	1.0625770798739432e-05
ENSG00000106804	1.0618042511814848e-05
ENSG00000144455	1.0617773185116406e-05
ENSG00000196975	1.0606966301494868e-05
ENSG00000156381	1.0603531098950791e-05
ENSG00000168917	1.060336587830733e-05
ENSG00000125356	1.0600951074181414e-05
ENSG00000184985	1.0596202810493105e-05
ENSG00000171209	1.0593485930176612e-05
ENSG00000164778	1.0590569739560133e-05
ENSG00000188522	1.0588280154855406e-05
ENSG00000169704	1.0585882032276682e-05
ENSG00000140691	1.0585694465558415e-05
ENSG00000152266	1.0575851046618687e-05
ENSG00000005893	1.0569809747716762e-05
ENSG00000154478	1.0553511491121427e-05
ENSG00000108688	1.054772822501608e-05
ENSG00000186827	1.0541109881369665e-05
ENSG00000169188	1.0540526673876756e-05
ENSG00000049769	1.0539397590670062e-05
ENSG00000186272	1.0538772406311576e-05
ENSG00000183762	1.0538207054409994e-05
ENSG00000123191	1.0525698622003406e-05
ENSG00000182168	1.0521558514518838e-05
ENSG00000174446	1.0521063624287621e-05
ENSG00000182179	1.0514307241236097e-05
ENSG00000196704	1.0498926387164955e-05
ENSG00000056998	1.049209811486922e-05
ENSG00000162458	1.0480696092733179e-05
ENSG00000172007	1.0479897636753233e-05
ENSG00000111961	1.0478160591648134e-05
ENSG00000175175	1.0475308710033357e-05
ENSG00000275122	1.0473448768542773e-05
ENSG00000100294	1.0470685554976014e-05
ENSG00000183963	1.0469991845879072e-05
ENSG00000156006	1.0469740688061628e-05
ENSG00000156256	1.0467306527287337e-05
ENSG00000055147	1.0465300561091998e-05
ENSG00000138279	1.046454577070717e-05
ENSG00000282657	1.0459003018166811e-05
ENSG00000120913	1.0458198304276109e-05
ENSG00000147251	1.044850648645873e-05
ENSG00000040608	1.0446818608606843e-05
ENSG00000119715	1.044451597681301e-05
ENSG00000177951	1.0444081863107713e-05
ENSG00000152670	1.0443035257610528e-05
ENSG00000181904	1.0437384464490038e-05
ENSG00000164318	1.0434492911393903e-05
ENSG00000139269	1.0426087849763413e-05
ENSG00000158825	1.042315929708197e-05
ENSG00000050438	1.0422133260887794e-05
ENSG00000176714	1.040770479022289e-05
ENSG00000148841	1.0406594826372362e-05
ENSG00000065485	1.040080509151096e-05
ENSG00000169519	1.0394958530152295e-05
ENSG00000145388	1.0385085349152194e-05
ENSG00000147419	1.0381503425289185e-05
ENSG00000164610	1.0367150557075375e-05
ENSG00000145214	1.0365248468918137e-05
ENSG00000108479	1.0361462669534945e-05
ENSG00000168237	1.0361270089709635e-05
ENSG00000131732	1.0356064924393556e-05
ENSG00000117143	1.0353760394132468e-05
ENSG00000169760	1.0350274037387249e-05
ENSG00000196277	1.0348278038651813e-05
ENSG00000178996	1.0337218799762745e-05
ENSG00000016402	1.0330251973058242e-05
ENSG00000147124	1.0323570118342109e-05
ENSG00000116199	1.031644623747402e-05
ENSG00000109689	1.0314340334694618e-05
ENSG00000141404	1.0310896817566779e-05
ENSG00000272804	1.0300142207524214e-05
ENSG00000233573	1.0299768447417524e-05
ENSG00000174840	1.0298285169823026e-05
ENSG00000161610	1.0293536710920337e-05
ENSG00000232062	1.0289252540322976e-05
ENSG00000125144	1.0281753561637197e-05
ENSG00000006468	1.0275082422939985e-05
ENSG00000121716	1.0274867280469277e-05
ENSG00000186310	1.0266674007273079e-05
ENSG00000174963	1.0265724172253535e-05
ENSG00000282825	1.0259925877652358e-05
ENSG00000016490	1.0256463515108313e-05
ENSG00000196236	1.0254070855709907e-05
ENSG00000150712	1.0253188311875064e-05
ENSG00000235443	1.023925560222482e-05
ENSG00000281665	1.0236473767807327e-05
ENSG00000118242	1.0203043892416662e-05
ENSG00000099957	1.0194161603352481e-05
ENSG00000011143	1.0191490905562268e-05
ENSG00000197566	1.0187289099474644e-05
ENSG00000107317	1.018207375797756e-05
ENSG00000121769	1.0167816003487965e-05
ENSG00000139428	1.0160608009752914e-05
ENSG00000169919	1.0156862519528822e-05
ENSG00000135144	1.0156185244283506e-05
ENSG00000139505	1.0155750787686673e-05
ENSG00000164761	1.0155614530372643e-05
ENSG00000146085	1.014216615052474e-05
ENSG00000174007	1.0141481937512062e-05
ENSG00000164591	1.0133774303836102e-05
ENSG00000084070	1.0110736892118332e-05
ENSG00000275544	1.0108198138328443e-05
ENSG00000136710	1.010428608355263e-05
ENSG00000185127	1.009930806480476e-05
ENSG00000105717	1.0084706369447484e-05
ENSG00000063180	1.008134032167092e-05
ENSG00000152518	1.0080153117519423e-05
ENSG00000111817	1.007165179765036e-05
ENSG00000136682	1.0068538697844252e-05
ENSG00000183580	1.0058659414214643e-05
ENSG00000197891	1.0054323672932676e-05
ENSG00000159267	1.0046257293698303e-05
ENSG00000069188	1.004541896821848e-05
ENSG00000153132	1.0041936361525737e-05
ENSG00000173083	1.0041742062202231e-05
ENSG00000112782	1.0040996546731067e-05
ENSG00000136720	1.0037654364643545e-05
ENSG00000090097	1.0031659639710021e-05
ENSG00000041880	1.0029792357735344e-05
ENSG00000272325	1.002747092236289e-05
ENSG00000152229	1.0020894959541972e-05
ENSG00000143515	1.0019855025488576e-05
ENSG00000180304	1.0014432321309807e-05
ENSG00000114982	1.0013974588235674e-05
ENSG00000120324	1.0005919045823404e-05
ENSG00000151320	1.0001681580170197e-05
ENSG00000126861	9.987706003441379e-06
ENSG00000124570	9.986038484605035e-06
ENSG00000125510	9.973451089490125e-06
ENSG00000106484	9.963699680845749e-06
ENSG00000113739	9.960487948627143e-06
ENSG00000162928	9.929369058905885e-06
ENSG00000184677	9.923736409832033e-06
ENSG00000197165	9.902203714684435e-06
ENSG00000100564	9.900254835118146e-06
ENSG00000104915	9.89762994371766e-06
ENSG00000110844	9.884321610088774e-06
ENSG00000019549	9.881284516955105e-06
ENSG00000171016	9.879179179293798e-06
ENSG00000174130	9.875947782505696e-06
ENSG00000149516	9.87594725788606e-06
ENSG00000109063	9.875192317772299e-06
ENSG00000108602	9.86546947021342e-06
ENSG00000187908	9.860610511959045e-06
ENSG00000175309	9.85791176237718e-06
ENSG00000101391	9.854853781172238e-06
ENSG00000152359	9.852872328229094e-06
ENSG00000133812	9.851890932242865e-06
ENSG00000104497	9.850707781590382e-06
ENSG00000167272	9.850111569867908e-06
ENSG00000170298	9.850081510553841e-06
ENSG00000117594	9.838847458950776e-06
ENSG00000178685	9.831581213787488e-06
ENSG00000171055	9.820197724635277e-06
ENSG00000108557	9.810336711579037e-06
ENSG00000120256	9.809163047240636e-06
ENSG00000112305	9.80516260962613e-06
ENSG00000198336	9.804302244563998e-06
ENSG00000138684	9.800128242713486e-06
ENSG00000006744	9.798145378732488e-06
ENSG00000105251	9.797688627675629e-06
ENSG00000081177	9.79545029179423e-06
ENSG00000284495	9.792100000723712e-06
ENSG00000172794	9.780350384989782e-06
ENSG00000198822	9.77338394609596e-06
ENSG00000153558	9.768385119894071e-06
ENSG00000276011	9.759885302032623e-06
ENSG00000167113	9.74930199135659e-06
ENSG00000155304	9.744507523784316e-06
ENSG00000070759	9.740493599377146e-06
ENSG00000135409	9.740493599377146e-06
ENSG00000134278	9.73694565317513e-06
ENSG00000233450	9.734158706524868e-06
ENSG00000138286	9.733207622335875e-06
ENSG00000115652	9.732710950338884e-06
ENSG00000132294	9.730107266007532e-06
ENSG00000173275	9.729257699200581e-06
ENSG00000249471	9.727065368677263e-06
ENSG00000170234	9.726131226980437e-06
ENSG00000080371	9.723180627918128e-06
ENSG00000124731	9.722734631364743e-06
ENSG00000003056	9.718214113071929e-06
ENSG00000046653	9.717867502255056e-06
ENSG00000064687	9.714313654079457e-06
ENSG00000189129	9.714039637491005e-06
ENSG00000085563	9.711703851207068e-06
ENSG00000156990	9.706338047356582e-06
ENSG00000171773	9.703635814021016e-06
ENSG00000155158	9.6920694136621e-06
ENSG00000135362	9.689264558230715e-06
ENSG00000165195	9.687144555411612e-06
ENSG00000219481	9.672600546712631e-06
ENSG00000198780	9.653591204112198e-06
ENSG00000172594	9.653591204112198e-06
ENSG00000110057	9.653538724898015e-06
ENSG00000171530	9.650437113329633e-06
ENSG00000179600	9.621197374552284e-06
ENSG00000149212	9.620339346352223e-06
ENSG00000143061	9.61658790050294e-06
ENSG00000134504	9.613598082114859e-06
ENSG00000166573	9.605618902878003e-06
ENSG00000188352	9.602723459108947e-06
ENSG00000015592	9.601529637501955e-06
ENSG00000108439	9.576542414162664e-06
ENSG00000274334	9.574815275248889e-06
ENSG00000159763	9.573557421184538e-06
ENSG00000162390	9.566297578671373e-06
ENSG00000285182	9.565932776206533e-06
ENSG00000151164	9.561129662379624e-06
ENSG00000109618	9.553876301644343e-06
ENSG00000151746	9.552332763450912e-06
ENSG00000112053	9.546486618051474e-06
ENSG00000184164	9.541019272804754e-06
ENSG00000180447	9.535912395820113e-06
ENSG00000166889	9.535627914398305e-06
ENSG00000022840	9.53140554049531e-06
ENSG00000282854	9.529964545320188e-06
ENSG00000285344	9.525782053432123e-06
ENSG00000180817	9.525005038135436e-06
ENSG00000112078	9.521860635223463e-06
ENSG00000140545	9.520164346704147e-06
ENSG00000174032	9.511976684004317e-06
ENSG00000181092	9.511524210569947e-06
ENSG00000241484	9.492866151155513e-06
ENSG00000196557	9.487863390235128e-06
ENSG00000167550	9.481787597631102e-06
ENSG00000131242	9.472031522147146e-06
ENSG00000020129	9.468798472046758e-06
ENSG00000131378	9.464946542174389e-06
ENSG00000066084	9.461870774147303e-06
ENSG00000178904	9.461442791023799e-06
ENSG00000137726	9.46125302832479e-06
ENSG00000278613	9.457895646880916e-06
ENSG00000143390	9.4565467248647e-06
ENSG00000147676	9.454398659277928e-06
ENSG00000142235	9.449114193949409e-06
ENSG00000163914	9.446878266676054e-06
ENSG00000151689	9.439810694544836e-06
ENSG00000150687	9.42914879840604e-06
ENSG00000168906	9.427041944256135e-06
ENSG00000198830	9.424531708865884e-06
ENSG00000101544	9.419926237623056e-06
ENSG00000153774	9.417079464930041e-06
ENSG00000165282	9.41447492550628e-06
ENSG00000155545	9.413244877777303e-06
ENSG00000226916	9.409313099301247e-06
ENSG00000112186	9.401149705258542e-06
ENSG00000188848	9.39896097846772e-06
ENSG00000166446	9.397625330020058e-06
ENSG00000227720	9.396914039964884e-06
ENSG00000187630	9.394874206273029e-06
ENSG00000139278	9.382456827812731e-06
ENSG00000102898	9.380984394841237e-06
ENSG00000138449	9.378925951219424e-06
ENSG00000172456	9.374554106219035e-06
ENSG00000196935	9.365859565586034e-06
ENSG00000110200	9.365589578706053e-06
ENSG00000203710	9.365552204923119e-06
ENSG00000151657	9.334684715017589e-06
ENSG00000100243	9.321029011366188e-06
ENSG00000183734	9.316988193685948e-06
ENSG00000284228	9.315692826634589e-06
ENSG00000186526	9.311279134707843e-06
ENSG00000140848	9.293802898879237e-06
ENSG00000059145	9.289575139242503e-06
ENSG00000185252	9.28934299267064e-06
ENSG00000118160	9.284697150726284e-06
ENSG00000133135	9.271534192313619e-06
ENSG00000102024	9.271532061626153e-06
ENSG00000162520	9.264026271038674e-06
ENSG00000254470	9.263935462625784e-06
ENSG00000196670	9.263554301237647e-06
ENSG00000141933	9.263239844222658e-06
ENSG00000189114	9.260335885190187e-06
ENSG00000248487	9.248466122560495e-06
ENSG00000262145	9.244755247299687e-06
ENSG00000284841	9.243244607341412e-06
ENSG00000165886	9.24132220899613e-06
ENSG00000214415	9.238011949315147e-06
ENSG00000104866	9.23686845734527e-06
ENSG00000144451	9.230721090284463e-06
ENSG00000119865	9.229000819075037e-06
ENSG00000129636	9.22329471571351e-06
ENSG00000149761	9.221752363281554e-06
ENSG00000152804	9.219037167024794e-06
ENSG00000115009	9.212133415429238e-06
ENSG00000143248	9.204163976782336e-06
ENSG00000112486	9.202194966546049e-06
ENSG00000284468	9.20157040346601e-06
ENSG00000106415	9.19205270868063e-06
ENSG00000160961	9.18350432876802e-06
ENSG00000173868	9.18321379663862e-06
ENSG00000131183	9.182691237842853e-06
ENSG00000143520	9.175159151692817e-06
ENSG00000119862	9.171696222969763e-06
ENSG00000111271	9.168433598681924e-06
ENSG00000183576	9.16327464944612e-06
ENSG00000006282	9.157336509842036e-06
ENSG00000040633	9.15405902774503e-06
ENSG00000196562	9.152982885337115e-06
ENSG00000137393	9.143052980518971e-06
ENSG00000109184	9.138106567738091e-06
ENSG00000140043	9.128132890299608e-06
ENSG00000179630	9.128132890299608e-06
ENSG00000147573	9.126001102073731e-06
ENSG00000119950	9.12434055618182e-06
ENSG00000170525	9.11230575274065e-06
ENSG00000151474	9.108513549874185e-06
ENSG00000196408	9.107123914120289e-06
ENSG00000121775	9.10073159729469e-06
ENSG00000165983	9.098754800065225e-06
ENSG00000152642	9.096040113191295e-06
ENSG00000116337	9.08853058698325e-06
ENSG00000162891	9.083750861099206e-06
ENSG00000163528	9.072830028338406e-06
ENSG00000121851	9.066801898790318e-06
ENSG00000262911	9.065722078929986e-06
ENSG00000100034	9.057482697265037e-06
ENSG00000114988	9.043099687142789e-06
ENSG00000160213	9.040757821623266e-06
ENSG00000141956	9.040538974555543e-06
ENSG00000136811	9.037491352451068e-06
ENSG00000101940	9.035062703385687e-06
ENSG00000013297	9.028574416905179e-06
ENSG00000151640	9.024440292580132e-06
ENSG00000102683	9.022559003861811e-06
ENSG00000133661	9.019522276219139e-06
ENSG00000021300	9.014622023833273e-06
ENSG00000144677	9.013186781451262e-06
ENSG00000150636	9.000588456809441e-06
ENSG00000288293	8.999243778435956e-06
ENSG00000119703	8.997881521103048e-06
ENSG00000172554	8.992168254842155e-06
ENSG00000274619	8.992079603674768e-06
ENSG00000164975	8.977477035241623e-06
ENSG00000092529	8.976599906032728e-06
ENSG00000169193	8.973905446029423e-06
ENSG00000133019	8.96223727828612e-06
ENSG00000136161	8.94530184311335e-06
ENSG00000117425	8.93097710441973e-06
ENSG00000176641	8.93035564798965e-06
ENSG00000056277	8.92511085676165e-06
ENSG00000277149	8.92417366264952e-06
ENSG00000110675	8.923561815721836e-06
ENSG00000146469	8.913736147177657e-06
ENSG00000110218	8.909138332983427e-06
ENSG00000172986	8.907952934578585e-06
ENSG00000288219	8.903838975362191e-06
ENSG00000175063	8.900168122218803e-06
ENSG00000163141	8.884171748692239e-06
ENSG00000107372	8.882593724811878e-06
ENSG00000197361	8.872307818450922e-06
ENSG00000116691	8.86589397779553e-06
ENSG00000171100	8.848910738735426e-06
ENSG00000136770	8.84835329378349e-06
ENSG00000143921	8.844354885564163e-06
ENSG00000138075	8.844354885564163e-06
ENSG00000116353	8.838397823366262e-06
ENSG00000125414	8.829958514150307e-06
ENSG00000147432	8.82939580753276e-06
ENSG00000010030	8.82846287745902e-06
ENSG00000138193	8.823700714897935e-06
ENSG00000147081	8.820484414203422e-06
ENSG00000114279	8.815917440544703e-06
ENSG00000174705	8.814269079478202e-06
ENSG00000104635	8.81241465187963e-06
ENSG00000102309	8.812327043868903e-06
ENSG00000130559	8.811883713068757e-06
ENSG00000172922	8.810869150469719e-06
ENSG00000275793	8.805014929519341e-06
ENSG00000102970	8.800517576167487e-06
ENSG00000178971	8.800309924247707e-06
ENSG00000112936	8.800024850951128e-06
ENSG00000132465	8.79645821448897e-06
ENSG00000187678	8.796234056159743e-06
ENSG00000135299	8.795645936235384e-06
ENSG00000149798	8.794767157508857e-06
ENSG00000142765	8.793906888156728e-06
ENSG00000213999	8.786042165448979e-06
ENSG00000139370	8.782936992229172e-06
ENSG00000266714	8.778595269119327e-06
ENSG00000104938	8.767649343810197e-06
ENSG00000253548	8.764407721672198e-06
ENSG00000114626	8.76433685704935e-06
ENSG00000231408	8.758682233778697e-06
ENSG00000120332	8.751073151493706e-06
ENSG00000136155	8.750249289964911e-06
ENSG00000154274	8.746196512865056e-06
ENSG00000151445	8.745657516069372e-06
ENSG00000144285	8.74024127699994e-06
ENSG00000099260	8.74007891563111e-06
ENSG00000244122	8.7378535810333e-06
ENSG00000113119	8.73461609396685e-06
ENSG00000288295	8.731842559966924e-06
ENSG00000159224	8.728017080547646e-06
ENSG00000109814	8.727665566876477e-06
ENSG00000027001	8.722723001451247e-06
ENSG00000106258	8.721725316828276e-06
ENSG00000143842	8.715991535993492e-06
ENSG00000128394	8.708734765864378e-06
ENSG00000115602	8.698679267438142e-06
ENSG00000144199	8.696595051825173e-06
ENSG00000086062	8.684605127159498e-06
ENSG00000185668	8.680341948636509e-06
ENSG00000188997	8.679130283335677e-06
ENSG00000213965	8.674073019347657e-06
ENSG00000140400	8.670802939429873e-06
ENSG00000278415	8.669543675739668e-06
ENSG00000162627	8.6691654039034e-06
ENSG00000165617	8.663035675931442e-06
ENSG00000135392	8.660877071986482e-06
ENSG00000065665	8.658654297069291e-06
ENSG00000100276	8.656207772282054e-06
ENSG00000239305	8.656205323271804e-06
ENSG00000120675	8.64387339897415e-06
ENSG00000129566	8.639661754584705e-06
ENSG00000100997	8.63674402938011e-06
ENSG00000120519	8.635339908010868e-06
ENSG00000067082	8.630953942152715e-06
ENSG00000120289	8.630563392086437e-06
ENSG00000151846	8.629905426209131e-06
ENSG00000174177	8.626968893757022e-06
ENSG00000112679	8.623467631416324e-06
ENSG00000166507	8.616290544728335e-06
ENSG00000140854	8.613989490377437e-06
ENSG00000117862	8.611343641584172e-06
ENSG00000054179	8.610459085186425e-06
ENSG00000187713	8.608807526592827e-06
ENSG00000186998	8.589805592651773e-06
ENSG00000183019	8.58379076626379e-06
ENSG00000164270	8.57485347582495e-06
ENSG00000170469	8.574505353201342e-06
ENSG00000163794	8.571883195171577e-06
ENSG00000278693	8.570600283126303e-06
ENSG00000104976	8.567658614553912e-06
ENSG00000146250	8.553572571978034e-06
ENSG00000198010	8.544127889299545e-06
ENSG00000221986	8.542764399224038e-06
ENSG00000100321	8.535167265953877e-06
ENSG00000152492	8.527353143049664e-06
ENSG00000182132	8.517815678215226e-06
ENSG00000135776	8.51626746281197e-06
ENSG00000119280	8.511499957875059e-06
ENSG00000135469	8.510703476254308e-06
ENSG00000169087	8.50690373793038e-06
ENSG00000181404	8.505121857427537e-06
ENSG00000101695	8.503790120593135e-06
ENSG00000185962	8.502727478104945e-06
ENSG00000147127	8.502727478104945e-06
ENSG00000104967	8.487655749786572e-06
ENSG00000123933	8.487595688570098e-06
ENSG00000135114	8.487036468914543e-06
ENSG00000169860	8.477176316136127e-06
ENSG00000161798	8.4744857539807e-06
ENSG00000167700	8.4744857539807e-06
ENSG00000197123	8.4744857539807e-06
ENSG00000174123	8.473688202273213e-06
ENSG00000165650	8.467374845854223e-06
ENSG00000146842	8.465655359345496e-06
ENSG00000132386	8.465027733803904e-06
ENSG00000276045	8.462629078075333e-06
ENSG00000157911	8.461868746227934e-06
ENSG00000012171	8.46052724409707e-06
ENSG00000205838	8.458776071949659e-06
ENSG00000153904	8.45708793216187e-06
ENSG00000117036	8.44838477351403e-06
ENSG00000108702	8.44736576217203e-06
ENSG00000285226	8.446591468826384e-06
ENSG00000141448	8.446012894857172e-06
ENSG00000123165	8.438490532487999e-06
ENSG00000253797	8.436294296060905e-06
ENSG00000172915	8.435450256481016e-06
ENSG00000184182	8.42321630976523e-06
ENSG00000136144	8.420567754613774e-06
ENSG00000108700	8.41562653620484e-06
ENSG00000100258	8.414909525004662e-06
ENSG00000184905	8.413599811256014e-06
ENSG00000145949	8.410529996547239e-06
ENSG00000158158	8.401682500016465e-06
ENSG00000013563	8.399306279875335e-06
ENSG00000141627	8.398819663687226e-06
ENSG00000178537	8.393175640121297e-06
ENSG00000146540	8.390996649217448e-06
ENSG00000280969	8.386841095259893e-06
ENSG00000164253	8.386750548779654e-06
ENSG00000133131	8.382921966283844e-06
ENSG00000155961	8.38248883470246e-06
ENSG00000149084	8.367255214781683e-06
ENSG00000171303	8.365498814153064e-06
ENSG00000157322	8.362662403733236e-06
ENSG00000148335	8.362043169333751e-06
ENSG00000285451	8.350813499350338e-06
ENSG00000165526	8.341700112545046e-06
ENSG00000150540	8.341441373046127e-06
ENSG00000122862	8.337605241720536e-06
ENSG00000166796	8.326885050369933e-06
ENSG00000117069	8.326053843886274e-06
ENSG00000100170	8.323709048126527e-06
ENSG00000107679	8.320944315493851e-06
ENSG00000136870	8.320584975525764e-06
ENSG00000090924	8.305398496611915e-06
ENSG00000165125	8.304134276889692e-06
ENSG00000157600	8.297514123730358e-06
ENSG00000181061	8.29517350249935e-06
ENSG00000170290	8.290029780226134e-06
ENSG00000132879	8.278152527960024e-06
ENSG00000058866	8.276537638142465e-06
ENSG00000110025	8.274302248516186e-06
ENSG00000017260	8.270969430017236e-06
ENSG00000137177	8.254761971209176e-06
ENSG00000135116	8.253704895618699e-06
ENSG00000275385	8.253370836720134e-06
ENSG00000153130	8.251034645564855e-06
ENSG00000147655	8.234958894423819e-06
ENSG00000166471	8.223061367016348e-06
ENSG00000147596	8.220635432005258e-06
ENSG00000131269	8.21533301325943e-06
ENSG00000258890	8.214138313209201e-06
ENSG00000100412	8.203521654709112e-06
ENSG00000142686	8.192569614532338e-06
ENSG00000175087	8.19239168877167e-06
ENSG00000196116	8.188803999712174e-06
ENSG00000083067	8.179867157954225e-06
ENSG00000174738	8.179206695730861e-06
ENSG00000278191	8.17845025667492e-06
ENSG00000198130	8.178419091536653e-06
ENSG00000138640	8.169657523562869e-06
ENSG00000142528	8.16775391342499e-06
ENSG00000163933	8.165306619396594e-06
ENSG00000164096	8.158526993498753e-06
ENSG00000165898	8.15387442668558e-06
ENSG00000102962	8.150993320083083e-06
ENSG00000275746	8.143188287719719e-06
ENSG00000100596	8.134758566778257e-06
ENSG00000075239	8.133649286400288e-06
ENSG00000011009	8.133092079302816e-06
ENSG00000163703	8.127314243906713e-06
ENSG00000132950	8.121963726105169e-06
ENSG00000188010	8.121864825917238e-06
ENSG00000163749	8.105789468628252e-06
ENSG00000285449	8.10576510958158e-06
ENSG00000132681	8.10568964782646e-06
ENSG00000075884	8.098962316407734e-06
ENSG00000153162	8.097786871293203e-06
ENSG00000181915	8.09562028338142e-06
ENSG00000110243	8.09465531026779e-06
ENSG00000159348	8.085181108318565e-06
ENSG00000078114	8.076121050865644e-06
ENSG00000168421	8.072062485120775e-06
ENSG00000130226	8.072059710225984e-06
ENSG00000085449	8.064562558759055e-06
ENSG00000125780	8.063720007642097e-06
ENSG00000100427	8.063690065121583e-06
ENSG00000074582	8.061853478340293e-06
ENSG00000185869	8.06010593905949e-06
ENSG00000162543	8.053653050299288e-06
ENSG00000274473	8.049509361303197e-06
ENSG00000162738	8.045805654809481e-06
ENSG00000160131	8.044870948376358e-06
ENSG00000170088	8.038025168753771e-06
ENSG00000110911	8.031766950173725e-06
ENSG00000102385	8.031199040008062e-06
ENSG00000204991	8.021533078657016e-06
ENSG00000175879	8.016738032339916e-06
ENSG00000065717	8.01580761062037e-06
ENSG00000104880	8.014896868675097e-06
ENSG00000168671	8.01110207585365e-06
ENSG00000139874	8.010465254981227e-06
ENSG00000087842	8.00913032827047e-06
ENSG00000273607	8.004638011959064e-06
ENSG00000140450	8.002941033967972e-06
ENSG00000102230	7.998094249994396e-06
ENSG00000123472	7.996993912637822e-06
ENSG00000101220	7.995141440898618e-06
ENSG00000012232	7.97614696114804e-06
ENSG00000115970	7.975002350916044e-06
ENSG00000181773	7.971835835382263e-06
ENSG00000008853	7.9702228453749e-06
ENSG00000087263	7.969446161793043e-06
ENSG00000168065	7.967754658252977e-06
ENSG00000188157	7.964798598074992e-06
ENSG00000155463	7.963892741131753e-06
ENSG00000283030	7.956634592495505e-06
ENSG00000138078	7.952200375543905e-06
ENSG00000187147	7.951383467620344e-06
ENSG00000161911	7.944588581163561e-06
ENSG00000100373	7.943033395521274e-06
ENSG00000196981	7.942237532636399e-06
ENSG00000161647	7.933215868644754e-06
ENSG00000171206	7.931659589376823e-06
ENSG00000113763	7.924878463830884e-06
ENSG00000143545	7.917609457746474e-06
ENSG00000159788	7.908398190315774e-06
ENSG00000089050	7.90434395969735e-06
ENSG00000196581	7.901457666185993e-06
ENSG00000162761	7.897691555699188e-06
ENSG00000197296	7.890435499109083e-06
ENSG00000139263	7.884401734019934e-06
ENSG00000151692	7.880858781520339e-06
ENSG00000160868	7.87928911523517e-06
ENSG00000170425	7.874892170169786e-06
ENSG00000167468	7.871395009099685e-06
ENSG00000179010	7.869497618356074e-06
ENSG00000283009	7.865880995465804e-06
ENSG00000134324	7.864551566588726e-06
ENSG00000132581	7.861167811147629e-06
ENSG00000133134	7.857812269679674e-06
ENSG00000070081	7.84295766671316e-06
ENSG00000173918	7.839861276875483e-06
ENSG00000159873	7.827705164098153e-06
ENSG00000105726	7.824220259646862e-06
ENSG00000143149	7.821855655018277e-06
ENSG00000143420	7.810583595703298e-06
ENSG00000177082	7.80981204354699e-06
ENSG00000139714	7.805455453336784e-06
ENSG00000131379	7.80520737328317e-06
ENSG00000288504	7.799203980393385e-06
ENSG00000166478	7.791896155955996e-06
ENSG00000115604	7.782121054800196e-06
ENSG00000176410	7.771109296249987e-06
ENSG00000177106	7.769212170614399e-06
ENSG00000135108	7.761563686688969e-06
ENSG00000172201	7.752373295088345e-06
ENSG00000112294	7.743065018141153e-06
ENSG00000258102	7.740053584406449e-06
ENSG00000185527	7.73848012444447e-06
ENSG00000198331	7.733342305070357e-06
ENSG00000146833	7.731837112951407e-06
ENSG00000116791	7.72955447813028e-06
ENSG00000282830	7.726356447665814e-06
ENSG00000198841	7.724060239760482e-06
ENSG00000166634	7.720731292972549e-06
ENSG00000177519	7.719892930219035e-06
ENSG00000163710	7.719619930708617e-06
ENSG00000125384	7.715609172714838e-06
ENSG00000108828	7.708088130104417e-06
ENSG00000215695	7.704412871754501e-06
ENSG00000288185	7.68485886351049e-06
ENSG00000101605	7.683791028936437e-06
ENSG00000274137	7.683791028936437e-06
ENSG00000163126	7.683791028936437e-06
ENSG00000139517	7.669894061885946e-06
ENSG00000114902	7.669289300778345e-06
ENSG00000183878	7.662065213196197e-06
ENSG00000167107	7.660713295983347e-06
ENSG00000182551	7.65804167963513e-06
ENSG00000284984	7.656119108502953e-06
ENSG00000120742	7.652235366732515e-06
ENSG00000169344	7.650046556085272e-06
ENSG00000130529	7.624434478785706e-06
ENSG00000172350	7.617148986539137e-06
ENSG00000164743	7.610767471295237e-06
ENSG00000275832	7.603501959126575e-06
ENSG00000284009	7.600259482122123e-06
ENSG00000101134	7.5997982274249345e-06
ENSG00000138375	7.598155726594541e-06
ENSG00000198576	7.595476011675239e-06
ENSG00000073417	7.594665703116945e-06
ENSG00000235162	7.594665703116945e-06
ENSG00000089876	7.593525662704845e-06
ENSG00000105398	7.587701639840573e-06
ENSG00000137942	7.582033020962139e-06
ENSG00000161249	7.578305075622924e-06
ENSG00000184227	7.576530067227396e-06
ENSG00000152785	7.576504465573576e-06
ENSG00000197601	7.57516852491841e-06
ENSG00000158764	7.572207905683454e-06
ENSG00000013016	7.569448886483086e-06
ENSG00000120658	7.5648208865582436e-06
ENSG00000242247	7.564222002955921e-06
ENSG00000277405	7.561878221224366e-06
ENSG00000006016	7.55601879647401e-06
ENSG00000144366	7.553679292981599e-06
ENSG00000115504	7.549155762554937e-06
ENSG00000169857	7.527527743543237e-06
ENSG00000106868	7.525310923288361e-06
ENSG00000185305	7.523486047655461e-06
ENSG00000149418	7.518089527092985e-06
ENSG00000005238	7.5177727533937695e-06
ENSG00000198597	7.5155960159603415e-06
ENSG00000221995	7.493244890180965e-06
ENSG00000198182	7.489728734006325e-06
ENSG00000282269	7.48943247474666e-06
ENSG00000137760	7.483757230284081e-06
ENSG00000159450	7.483063913147131e-06
ENSG00000278129	7.482924515954342e-06
ENSG00000162600	7.478127436080827e-06
ENSG00000130309	7.473488656473808e-06
ENSG00000155275	7.4720739053194836e-06
ENSG00000166016	7.466968489786043e-06
ENSG00000143457	7.457744079603682e-06
ENSG00000013288	7.45722227721019e-06
ENSG00000133878	7.4538752920300126e-06
ENSG00000165682	7.451536627590132e-06
ENSG00000147465	7.4512055450508305e-06
ENSG00000154146	7.4475123230303265e-06
ENSG00000170074	7.442536773570338e-06
ENSG00000168175	7.4400357862096414e-06
ENSG00000189221	7.439263260868311e-06
ENSG00000137628	7.4235487647298735e-06
ENSG00000117215	7.4199220370065316e-06
ENSG00000135636	7.417745305468125e-06
ENSG00000059378	7.4087528672765846e-06
ENSG00000124107	7.399823770062036e-06
ENSG00000133105	7.389636954892654e-06
ENSG00000136449	7.3846993276703186e-06
ENSG00000262860	7.383973629382917e-06
ENSG00000187244	7.378393434020777e-06
ENSG00000285377	7.3778395493256716e-06
ENSG00000007202	7.370595206036487e-06
ENSG00000105223	7.36927055963127e-06
ENSG00000145779	7.366822617590039e-06
ENSG00000173744	7.3539900611140865e-06
ENSG00000144893	7.339307694213318e-06
ENSG00000148926	7.3389087516680365e-06
ENSG00000146243	7.338436700251304e-06
ENSG00000130881	7.330202884584221e-06
ENSG00000100146	7.3297488024936365e-06
ENSG00000102781	7.329699961421679e-06
ENSG00000138764	7.326040867983712e-06
ENSG00000205758	7.322429709469596e-06
ENSG00000124225	7.321709657801152e-06
ENSG00000148339	7.319785940791271e-06
ENSG00000100263	7.319367198706268e-06
ENSG00000280663	7.307520000261415e-06
ENSG00000186063	7.306110072378492e-06
ENSG00000168959	7.302643471976311e-06
ENSG00000133619	7.302271168472316e-06
ENSG00000196372	7.301890957261574e-06
ENSG00000283539	7.298888224302564e-06
ENSG00000035115	7.2973162875333875e-06
ENSG00000181004	7.295374419272344e-06
ENSG00000113600	7.286174761067304e-06
ENSG00000167196	7.279216012672519e-06
ENSG00000135898	7.27424680110328e-06
ENSG00000121542	7.260331101762752e-06
ENSG00000162444	7.237792090555789e-06
ENSG00000240857	7.233410067610554e-06
ENSG00000163624	7.2304863714360046e-06
ENSG00000128311	7.221694529076031e-06
ENSG00000182957	7.220369617412743e-06
ENSG00000196689	7.216613044764777e-06
ENSG00000180720	7.2156034679386345e-06
ENSG00000106392	7.212940056128147e-06
ENSG00000048740	7.208251486479078e-06
ENSG00000277943	7.204543062058588e-06
ENSG00000158470	7.198931896366216e-06
ENSG00000004468	7.192552051125777e-06
ENSG00000124172	7.187995829255771e-06
ENSG00000187764	7.187722828127094e-06
ENSG00000198720	7.1782935445974e-06
ENSG00000179546	7.178044539776313e-06
ENSG00000139211	7.170897564836761e-06
ENSG00000107593	7.1688983987926945e-06
ENSG00000080618	7.162903829786033e-06
ENSG00000282880	7.161503263937764e-06
ENSG00000188996	7.1573407698700935e-06
ENSG00000153820	7.154451869079416e-06
ENSG00000137960	7.152889170334467e-06
ENSG00000159921	7.1499369581011226e-06
ENSG00000206052	7.149719796346959e-06
ENSG00000198792	7.146147096197714e-06
ENSG00000129667	7.144109854776131e-06
ENSG00000113761	7.1329361663782765e-06
ENSG00000001630	7.129463321008669e-06
ENSG00000185808	7.128302764957635e-06
ENSG00000178726	7.125774798754637e-06
ENSG00000171243	7.125232035088825e-06
ENSG00000186628	7.123430811050893e-06
ENSG00000130803	7.121473122129231e-06
ENSG00000167971	7.11972371337791e-06
ENSG00000165240	7.116356202543534e-06
ENSG00000152700	7.107833317021656e-06
ENSG00000176020	7.1064869808351375e-06
ENSG00000146278	7.098203272227261e-06
ENSG00000164741	7.092941875507972e-06
ENSG00000127452	7.091969780759857e-06
ENSG00000116675	7.087727399163581e-06
ENSG00000143315	7.081755200250275e-06
ENSG00000285434	7.08050931822017e-06
ENSG00000125910	7.079628497013038e-06
ENSG00000244274	7.074622188162957e-06
ENSG00000135272	7.073479332000714e-06
ENSG00000135334	7.071990036890927e-06
ENSG00000213347	7.071387505634682e-06
ENSG00000099889	7.070700673193247e-06
ENSG00000151718	7.063366943562788e-06
ENSG00000213199	7.063063135565001e-06
ENSG00000105088	7.062441882672178e-06
ENSG00000142611	7.060932592971236e-06
ENSG00000065989	7.053882885989071e-06
ENSG00000155368	7.044772594098562e-06
ENSG00000169550	7.044770688114414e-06
ENSG00000197889	7.04060359740271e-06
ENSG00000103067	7.026179206906858e-06
ENSG00000263090	7.026024884685248e-06
ENSG00000161835	7.021348145481489e-06
ENSG00000087250	7.014603860164184e-06
ENSG00000127663	7.010648733135706e-06
ENSG00000049239	7.009329165567336e-06
ENSG00000197375	7.007629066601261e-06
ENSG00000106771	7.001148832728388e-06
ENSG00000283034	6.9999086946859816e-06
ENSG00000138311	6.990149419660681e-06
ENSG00000164929	6.98815770017971e-06
ENSG00000140505	6.987100198597775e-06
ENSG00000074416	6.9822476235290884e-06
ENSG00000173335	6.981301703994903e-06
ENSG00000171017	6.974460887598134e-06
ENSG00000185621	6.963573562057072e-06
ENSG00000198838	6.953408406241373e-06
ENSG00000136487	6.948043130065773e-06
ENSG00000159882	6.935979350450527e-06
ENSG00000188883	6.9314452437503655e-06
ENSG00000108852	6.93021605236956e-06
ENSG00000183723	6.926450260203144e-06
ENSG00000086102	6.9222422305444834e-06
ENSG00000147481	6.919228115579517e-06
ENSG00000102699	6.911457640353675e-06
ENSG00000101452	6.911383963217985e-06
ENSG00000288292	6.901004595725211e-06
ENSG00000110696	6.8939918558098255e-06
ENSG00000111911	6.893793476940138e-06
ENSG00000006116	6.8924272279415754e-06
ENSG00000277336	6.8869723823613615e-06
ENSG00000276231	6.885775199412439e-06
ENSG00000156398	6.885390043363498e-06
ENSG00000039537	6.873130910546792e-06
ENSG00000095209	6.871011853833323e-06
ENSG00000135960	6.8637445735324905e-06
ENSG00000144681	6.863606053911804e-06
ENSG00000174080	6.856147790492304e-06
ENSG00000285516	6.854478049920909e-06
ENSG00000183255	6.8394699526915674e-06
ENSG00000111696	6.835441073039029e-06
ENSG00000176022	6.824575807741499e-06
ENSG00000064763	6.823802770667094e-06
ENSG00000187513	6.819669894927184e-06
ENSG00000160685	6.812962313005727e-06
ENSG00000067248	6.81086290412072e-06
ENSG00000079432	6.809135198199237e-06
ENSG00000124098	6.8079286962957276e-06
ENSG00000178425	6.805109569275489e-06
ENSG00000183336	6.801874869753014e-06
ENSG00000284598	6.801817527782453e-06
ENSG00000235233	6.801097940692482e-06
ENSG00000134627	6.798165467304608e-06
ENSG00000119711	6.795281943532765e-06
ENSG00000121104	6.786506257747893e-06
ENSG00000060558	6.783855004262556e-06
ENSG00000182326	6.783049059312775e-06
ENSG00000109113	6.781002002424616e-06
ENSG00000100221	6.780646155707188e-06
ENSG00000078549	6.779405018168887e-06
ENSG00000112320	6.768930092766263e-06
ENSG00000101346	6.768232323471628e-06
ENSG00000111879	6.765408297909143e-06
ENSG00000106785	6.763371963466675e-06
ENSG00000160752	6.761264477516476e-06
ENSG00000126243	6.760586895185634e-06
ENSG00000275099	6.756391666288592e-06
ENSG00000196449	6.749407198449163e-06
ENSG00000159433	6.738594827019129e-06
ENSG00000119471	6.737798611197984e-06
ENSG00000175906	6.736754941066911e-06
ENSG00000183864	6.734515276102473e-06
ENSG00000166965	6.7344492062450604e-06
ENSG00000172890	6.731999128960204e-06
ENSG00000085662	6.730488698611934e-06
ENSG00000100077	6.726863017765573e-06
ENSG00000168329	6.726266606978998e-06
ENSG00000114638	6.725652756146123e-06
ENSG00000151224	6.721308509127088e-06
ENSG00000079931	6.716277037391542e-06
ENSG00000167693	6.709496218958999e-06
ENSG00000140943	6.7054281067464955e-06
ENSG00000180035	6.703212212749985e-06
ENSG00000178802	6.691160085893169e-06
ENSG00000172016	6.689493175872229e-06
ENSG00000125848	6.679442824861649e-06
ENSG00000176871	6.67544542236869e-06
ENSG00000118733	6.6725479441851e-06
ENSG00000101470	6.67243458933374e-06
ENSG00000169228	6.671492641739044e-06
ENSG00000173467	6.670686779487479e-06
ENSG00000108733	6.66072744259579e-06
ENSG00000284868	6.66052470655375e-06
ENSG00000109047	6.657624215148683e-06
ENSG00000165553	6.653916040761374e-06
ENSG00000121797	6.647993274404974e-06
ENSG00000167103	6.6440250849083355e-06
ENSG00000183691	6.6319112446114e-06
ENSG00000176095	6.608273496740241e-06
ENSG00000275618	6.607428687294689e-06
ENSG00000175556	6.6044551828618055e-06
ENSG00000139174	6.598468095221797e-06
ENSG00000141219	6.595116699470589e-06
ENSG00000118816	6.591396265497314e-06
ENSG00000229353	6.586724585758691e-06
ENSG00000158526	6.582464530042615e-06
ENSG00000154639	6.578546665050869e-06
ENSG00000131094	6.575673240413751e-06
ENSG00000091128	6.573065363176561e-06
ENSG00000204131	6.57138147999912e-06
ENSG00000277140	6.569990621277153e-06
ENSG00000108039	6.566404096173875e-06
ENSG00000214456	6.556934045190442e-06
ENSG00000111783	6.556661676087725e-06
ENSG00000066322	6.555994040663011e-06
ENSG00000090013	6.554408976398307e-06
ENSG00000244509	6.550169712201828e-06
ENSG00000090975	6.54674290637211e-06
ENSG00000198453	6.533185404751793e-06
ENSG00000197136	6.531354606301566e-06
ENSG00000157985	6.526459902563313e-06
ENSG00000152207	6.5217614592464316e-06
ENSG00000197982	6.517406240171345e-06
ENSG00000176746	6.514822549473806e-06
ENSG00000151014	6.51043354059054e-06
ENSG00000105877	6.504803626934423e-06
ENSG00000109089	6.50186595612187e-06
ENSG00000130385	6.497980096774625e-06
ENSG00000130997	6.485583093487024e-06
ENSG00000118418	6.483500028213545e-06
ENSG00000182952	6.483500028213545e-06
ENSG00000070614	6.481373654361685e-06
ENSG00000073910	6.480954909982879e-06
ENSG00000169583	6.478180190376434e-06
ENSG00000178449	6.471941932351427e-06
ENSG00000227471	6.471820169567447e-06
ENSG00000076555	6.469962449501507e-06
ENSG00000169908	6.4449617315022926e-06
ENSG00000228836	6.4449617315022926e-06
ENSG00000179083	6.4449617315022926e-06
ENSG00000175344	6.441793141889682e-06
ENSG00000170325	6.437202256350235e-06
ENSG00000281857	6.4371401850352985e-06
ENSG00000004139	6.429336850602637e-06
ENSG00000129158	6.428638544504069e-06
ENSG00000128011	6.4179281224596045e-06
ENSG00000196371	6.4177204912653495e-06
ENSG00000181523	6.415595315429162e-06
ENSG00000185640	6.415131714225075e-06
ENSG00000162783	6.410149312600478e-06
ENSG00000109424	6.402170949342265e-06
ENSG00000127124	6.401299775138647e-06
ENSG00000215193	6.400853199431271e-06
ENSG00000143365	6.396379183878933e-06
ENSG00000157734	6.391618433386122e-06
ENSG00000089356	6.391589117171285e-06
ENSG00000174562	6.38370293307361e-06
ENSG00000172023	6.375147181944315e-06
ENSG00000274958	6.372007979101199e-06
ENSG00000168758	6.370543397370451e-06
ENSG00000073734	6.364669940642771e-06
ENSG00000241119	6.363621467792004e-06
ENSG00000100744	6.353308199321097e-06
ENSG00000113552	6.3503601626684245e-06
ENSG00000160588	6.342756693278101e-06
ENSG00000184731	6.34271869112831e-06
ENSG00000151650	6.341602500693685e-06
ENSG00000124615	6.338425645475548e-06
ENSG00000281178	6.337147967987757e-06
ENSG00000013619	6.333534696384442e-06
ENSG00000102468	6.326492027563811e-06
ENSG00000089091	6.3244974501063425e-06
ENSG00000010818	6.322902250472407e-06
ENSG00000121289	6.317294327639223e-06
ENSG00000278284	6.314173168558119e-06
ENSG00000006327	6.313291536247143e-06
ENSG00000143862	6.307202781431109e-06
ENSG00000143147	6.300361831867119e-06
ENSG00000133315	6.300090413998231e-06
ENSG00000001084	6.288354085884726e-06
ENSG00000155962	6.286918946651917e-06
ENSG00000142794	6.286488735508444e-06
ENSG00000173597	6.2859822150276065e-06
ENSG00000181026	6.281083352827598e-06
ENSG00000072422	6.278699641892551e-06
ENSG00000108175	6.271896157875294e-06
ENSG00000101493	6.27083332437939e-06
ENSG00000109501	6.268651791061465e-06
ENSG00000008382	6.263289629028185e-06
ENSG00000178467	6.261250810195087e-06
ENSG00000121634	6.25963958595829e-06
ENSG00000085644	6.247447637260466e-06
ENSG00000162437	6.247336756243374e-06
ENSG00000171045	6.230230291775517e-06
ENSG00000168334	6.225048448909896e-06
ENSG00000170260	6.224104148273868e-06
ENSG00000068097	6.221899660032199e-06
ENSG00000187792	6.219425829060713e-06
ENSG00000179965	6.2182165115456005e-06
ENSG00000141965	6.2128320023540825e-06
ENSG00000197147	6.2099924028918884e-06
ENSG00000164244	6.209858609557729e-06
ENSG00000047644	6.197188187469476e-06
ENSG00000110436	6.196409650607877e-06
ENSG00000135324	6.1948975636203436e-06
ENSG00000112041	6.192604311186074e-06
ENSG00000151575	6.190635461486262e-06
ENSG00000266074	6.185298102280722e-06
ENSG00000186462	6.178958350963735e-06
ENSG00000168924	6.174453517600328e-06
ENSG00000062194	6.170139357151609e-06
ENSG00000131067	6.170130268129106e-06
ENSG00000276111	6.167640179097503e-06
ENSG00000176055	6.15485167573255e-06
ENSG00000162065	6.147130204072403e-06
ENSG00000059804	6.141579493004263e-06
ENSG00000183044	6.137996430632093e-06
ENSG00000061656	6.137801669520118e-06
ENSG00000215126	6.135724899717454e-06
ENSG00000019169	6.1322533246985695e-06
ENSG00000122481	6.128342964104453e-06
ENSG00000167131	6.128315658685963e-06
ENSG00000178732	6.125061394782679e-06
ENSG00000131187	6.125061394782679e-06
ENSG00000107242	6.125056808485768e-06
ENSG00000188886	6.122322524725351e-06
ENSG00000175505	6.113879463139338e-06
ENSG00000205629	6.101651578126357e-06
ENSG00000247626	6.100310225150577e-06
ENSG00000140006	6.097390662642094e-06
ENSG00000170684	6.0888554271253436e-06
ENSG00000182963	6.086488626013324e-06
ENSG00000166192	6.080774358919466e-06
ENSG00000198039	6.080298710620832e-06
ENSG00000125434	6.0709058940173084e-06
ENSG00000186487	6.067246230173871e-06
ENSG00000179922	6.064260331141582e-06
ENSG00000171310	6.064238116184922e-06
ENSG00000073670	6.058158840061609e-06
ENSG00000120697	6.056115311815112e-06
ENSG00000135482	6.050469484162946e-06
ENSG00000120942	6.0470767242185175e-06
ENSG00000109066	6.046666150778352e-06
ENSG00000164283	6.045273807582229e-06
ENSG00000186815	6.0436459070600705e-06
ENSG00000184060	6.033691251454595e-06
ENSG00000186675	6.0315618722015445e-06
ENSG00000256269	6.029074306445495e-06
ENSG00000136868	6.024906458592691e-06
ENSG00000134438	6.024376888195555e-06
ENSG00000136193	6.021087680982337e-06
ENSG00000125864	6.019784151367943e-06
ENSG00000185033	6.018537927906113e-06
ENSG00000100359	6.016579655770627e-06
ENSG00000145087	6.011790281051811e-06
ENSG00000181826	6.005961573911515e-06
ENSG00000164620	6.005961573911515e-06
ENSG00000173705	6.005443619088102e-06
ENSG00000198205	6.005121151238056e-06
ENSG00000187554	6.004154479497659e-06
ENSG00000139970	5.999729546510015e-06
ENSG00000248905	5.998302525673644e-06
ENSG00000138308	5.99340192009205e-06
ENSG00000186583	5.9747322416528076e-06
ENSG00000110076	5.965596965197155e-06
ENSG00000174428	5.960288674603555e-06
ENSG00000074527	5.959874526473248e-06
ENSG00000115386	5.959506656605212e-06
ENSG00000166111	5.951527428581348e-06
ENSG00000169174	5.947640654708731e-06
ENSG00000279116	5.941185709796745e-06
ENSG00000181690	5.941185709796745e-06
ENSG00000198835	5.941185709796745e-06
ENSG00000109272	5.941185709796745e-06
ENSG00000103742	5.941185709796745e-06
ENSG00000234906	5.941185709796745e-06
ENSG00000133805	5.941185709796745e-06
ENSG00000171735	5.941185709796745e-06
ENSG00000197818	5.941185709796745e-06
ENSG00000165966	5.941185709796745e-06
ENSG00000135899	5.938172556713099e-06
ENSG00000101888	5.9334010432313055e-06
ENSG00000277443	5.932607896433012e-06
ENSG00000103855	5.929588292040365e-06
ENSG00000072134	5.927014171205712e-06
ENSG00000068354	5.925559009355612e-06
ENSG00000091622	5.9205455147548716e-06
ENSG00000089335	5.912493926214224e-06
ENSG00000186017	5.906757635207272e-06
ENSG00000186049	5.902499075717375e-06
ENSG00000172243	5.900872760722494e-06
ENSG00000123353	5.9002998012006635e-06
ENSG00000124217	5.893611210044348e-06
ENSG00000163884	5.875186241865313e-06
ENSG00000153814	5.87256959425981e-06
ENSG00000160180	5.864549031178994e-06
ENSG00000186977	5.862842927283988e-06
ENSG00000130303	5.858881443777935e-06
ENSG00000163412	5.853902961000842e-06
ENSG00000108242	5.8530645251274995e-06
ENSG00000079482	5.847940927591789e-06
ENSG00000277964	5.844256939591333e-06
ENSG00000234414	5.84054089998651e-06
ENSG00000170890	5.837488026569144e-06
ENSG00000153048	5.836968269625813e-06
ENSG00000138600	5.83068535576673e-06
ENSG00000198018	5.828355197288429e-06
ENSG00000275333	5.823106925250922e-06
ENSG00000144407	5.821389085659015e-06
ENSG00000280549	5.819029681621715e-06
ENSG00000174915	5.816001472388446e-06
ENSG00000169692	5.813318586146123e-06
ENSG00000182983	5.813318586146123e-06
ENSG00000242441	5.805612933148172e-06
ENSG00000129028	5.797643601196854e-06
ENSG00000086475	5.79476392832828e-06
ENSG00000164674	5.790594886486809e-06
ENSG00000178860	5.789830340927879e-06
ENSG00000092345	5.789565356821879e-06
ENSG00000137070	5.788322808087778e-06
ENSG00000196422	5.786966568656689e-06
ENSG00000236279	5.78524492736147e-06
ENSG00000156284	5.779530064367589e-06
ENSG00000122375	5.775768466580219e-06
ENSG00000182809	5.772757810075101e-06
ENSG00000133313	5.769326766166393e-06
ENSG00000168952	5.763069958312837e-06
ENSG00000159723	5.755134796012207e-06
ENSG00000164776	5.753544042058895e-06
ENSG00000198816	5.7515813038611595e-06
ENSG00000162852	5.744231056874418e-06
ENSG00000189023	5.743325065202612e-06
ENSG00000117298	5.739814592254236e-06
ENSG00000136718	5.7372718066932445e-06
ENSG00000198178	5.735143889462934e-06
ENSG00000139572	5.7237906165442305e-06
ENSG00000143278	5.721145434547397e-06
ENSG00000134020	5.7203907130825755e-06
ENSG00000009765	5.714800923233776e-06
ENSG00000113272	5.702586713572031e-06
ENSG00000134256	5.699729685195755e-06
ENSG00000171476	5.699016288382759e-06
ENSG00000172171	5.6973128315557994e-06
ENSG00000105711	5.693711017524068e-06
ENSG00000189298	5.683066389510116e-06
ENSG00000241878	5.68243280457183e-06
ENSG00000165300	5.680411166423975e-06
ENSG00000121413	5.673805403714563e-06
ENSG00000154930	5.672933106789641e-06
ENSG00000171307	5.6661888758423874e-06
ENSG00000117054	5.663700320265056e-06
ENSG00000165584	5.663049085313659e-06
ENSG00000204414	5.660500447194749e-06
ENSG00000184344	5.642238435142056e-06
ENSG00000157578	5.640608329506596e-06
ENSG00000143740	5.640387274581857e-06
ENSG00000151611	5.637073261213847e-06
ENSG00000111785	5.626228557668247e-06
ENSG00000136159	5.625884192949011e-06
ENSG00000154640	5.620158633525628e-06
ENSG00000026297	5.616445744140138e-06
ENSG00000130032	5.6130883793122765e-06
ENSG00000167772	5.608661690418416e-06
ENSG00000143344	5.600725349718242e-06
ENSG00000103647	5.5993936521440155e-06
ENSG00000084090	5.594487714972577e-06
ENSG00000163666	5.594260798111776e-06
ENSG00000128309	5.5909697031551496e-06
ENSG00000176148	5.578033391131271e-06
ENSG00000285465	5.573768122377215e-06
ENSG00000069275	5.573418361393842e-06
ENSG00000225614	5.572698029194752e-06
ENSG00000136535	5.569953319186438e-06
ENSG00000011198	5.5621897521272675e-06
ENSG00000223638	5.554666123708964e-06
ENSG00000124370	5.54751765652885e-06
ENSG00000079150	5.5465956735739405e-06
ENSG00000092068	5.536328852675675e-06
ENSG00000157869	5.535971347727209e-06
ENSG00000283887	5.533292246360213e-06
ENSG00000213390	5.53106550586872e-06
ENSG00000130038	5.528008277795343e-06
ENSG00000060971	5.5145993356391816e-06
ENSG00000245680	5.512514299345153e-06
ENSG00000133612	5.5108037994289745e-06
ENSG00000160404	5.506098797675239e-06
ENSG00000136732	5.505967617115333e-06
ENSG00000179163	5.504530601746425e-06
ENSG00000128951	5.504017708997507e-06
ENSG00000125967	5.500382414812935e-06
ENSG00000168795	5.493258917201919e-06
ENSG00000119326	5.4817850324677685e-06
ENSG00000132819	5.481160747813536e-06
ENSG00000177054	5.480171626037761e-06
ENSG00000109762	5.476057307868094e-06
ENSG00000084710	5.474466978856404e-06
ENSG00000182263	5.47350065806246e-06
ENSG00000111912	5.47226483142146e-06
ENSG00000145332	5.470619576363317e-06
ENSG00000131115	5.4680965415921026e-06
ENSG00000125449	5.467757181190712e-06
ENSG00000276192	5.467373204799824e-06
ENSG00000132640	5.465272305804018e-06
ENSG00000167775	5.464044870017274e-06
ENSG00000164309	5.46344908108702e-06
ENSG00000283630	5.4570458397553335e-06
ENSG00000169548	5.446402768570065e-06
ENSG00000146926	5.446402768570065e-06
ENSG00000104774	5.437448436774485e-06
ENSG00000150510	5.436388170158169e-06
ENSG00000166347	5.432892695441883e-06
ENSG00000203667	5.4314727452430274e-06
ENSG00000064225	5.426250996146508e-06
ENSG00000215271	5.423236653024755e-06
ENSG00000148925	5.421463897241124e-06
ENSG00000185046	5.419007517133547e-06
ENSG00000142634	5.414298562739843e-06
ENSG00000182759	5.409466031464896e-06
ENSG00000162341	5.406263323817038e-06
ENSG00000198478	5.403720689970117e-06
ENSG00000181634	5.403043602836414e-06
ENSG00000024422	5.400648474007783e-06
ENSG00000168509	5.397815605917115e-06
ENSG00000103710	5.393601795608575e-06
ENSG00000171033	5.390313326543621e-06
ENSG00000172159	5.384256375125321e-06
ENSG00000284869	5.382182534067083e-06
ENSG00000261986	5.379692486219109e-06
ENSG00000186642	5.370907042200863e-06
ENSG00000132357	5.369286231920027e-06
ENSG00000102393	5.3684123512386614e-06
ENSG00000164099	5.363763655439809e-06
ENSG00000198324	5.362391558654602e-06
ENSG00000086730	5.3609483369811765e-06
ENSG00000158457	5.359790623365817e-06
ENSG00000140479	5.3546089942892505e-06
ENSG00000162368	5.349769667133183e-06
ENSG00000128973	5.34560105507097e-06
ENSG00000130948	5.344681304481405e-06
ENSG00000256762	5.342661462594403e-06
ENSG00000186088	5.335711397102562e-06
ENSG00000253276	5.331317795630019e-06
ENSG00000178163	5.331317795630019e-06
ENSG00000171606	5.326708307940659e-06
ENSG00000121274	5.324691316304245e-06
ENSG00000205413	5.3197673545169826e-06
ENSG00000181481	5.308244069648183e-06
ENSG00000072954	5.305834168593847e-06
ENSG00000111885	5.301500219053304e-06
ENSG00000198807	5.30102780153068e-06
ENSG00000278495	5.2994281818727574e-06
ENSG00000103174	5.295020822014983e-06
ENSG00000274780	5.292123135747329e-06
ENSG00000163072	5.291730729026774e-06
ENSG00000067221	5.28035515050913e-06
ENSG00000147912	5.278885464165902e-06
ENSG00000164221	5.276560149769291e-06
ENSG00000143971	5.2751773184147954e-06
ENSG00000105501	5.272254748521805e-06
ENSG00000065911	5.2539523046653e-06
ENSG00000163947	5.250908179482684e-06
ENSG00000138823	5.250467331747346e-06
ENSG00000132478	5.250439693219019e-06
ENSG00000012817	5.244882696848165e-06
ENSG00000065371	5.2395548558352296e-06
ENSG00000111145	5.235399670923719e-06
ENSG00000176623	5.234746663302067e-06
ENSG00000172985	5.234523475591884e-06
ENSG00000167799	5.2335885710405e-06
ENSG00000214819	5.2335885710405e-06
ENSG00000130193	5.2335214250874986e-06
ENSG00000198026	5.2321157929683035e-06
ENSG00000124257	5.231201867983246e-06
ENSG00000274636	5.231201867983246e-06
ENSG00000186174	5.231201867983246e-06
ENSG00000175325	5.231201867983246e-06
ENSG00000234616	5.231201867983246e-06
ENSG00000143158	5.223434729250225e-06
ENSG00000233276	5.221583755908535e-06
ENSG00000188782	5.212722316565615e-06
ENSG00000021852	5.2109096414060575e-06
ENSG00000148459	5.20919818170673e-06
ENSG00000107551	5.2060583775011726e-06
ENSG00000129197	5.204497822645845e-06
ENSG00000113790	5.198596196657085e-06
ENSG00000188624	5.198382070384537e-06
ENSG00000204866	5.198382070384537e-06
ENSG00000147206	5.197746488559462e-06
ENSG00000081041	5.196550146973876e-06
ENSG00000146066	5.196009606259251e-06
ENSG00000288275	5.1943949177539735e-06
ENSG00000274437	5.192656409099261e-06
ENSG00000171462	5.19231764218682e-06
ENSG00000139684	5.1867697968899735e-06
ENSG00000143839	5.185016369593376e-06
ENSG00000182795	5.181231204444048e-06
ENSG00000198934	5.180763570111498e-06
ENSG00000109016	5.1807542809661366e-06
ENSG00000166171	5.17711218802698e-06
ENSG00000177096	5.173202186576778e-06
ENSG00000173482	5.172707930372534e-06
ENSG00000173641	5.1680326107075425e-06
ENSG00000145945	5.158755977339655e-06
ENSG00000135378	5.156813157762287e-06
ENSG00000181220	5.155591810978994e-06
ENSG00000167779	5.155214607751829e-06
ENSG00000187682	5.154027009791401e-06
ENSG00000172123	5.142473826453281e-06
ENSG00000182208	5.142454123753005e-06
ENSG00000108423	5.134416264932375e-06
ENSG00000115282	5.129165131904503e-06
ENSG00000109832	5.125279969776969e-06
ENSG00000163596	5.123625136141006e-06
ENSG00000215269	5.111637591027127e-06
ENSG00000121316	5.111637591027127e-06
ENSG00000154319	5.111637591027127e-06
ENSG00000187766	5.106983543374351e-06
ENSG00000178605	5.099449113814725e-06
ENSG00000125898	5.094758355283206e-06
ENSG00000173320	5.094758355283206e-06
ENSG00000169122	5.094758355283206e-06
ENSG00000171365	5.092580738890842e-06
ENSG00000099785	5.091761815739982e-06
ENSG00000008311	5.087173115648063e-06
ENSG00000141098	5.085625205597734e-06
ENSG00000084693	5.085625205597734e-06
ENSG00000114023	5.085011021649955e-06
ENSG00000155090	5.081516106853067e-06
ENSG00000169682	5.0773772603981215e-06
ENSG00000122176	5.0715514817841225e-06
ENSG00000196876	5.065995755902869e-06
ENSG00000105366	5.0576852076333275e-06
ENSG00000170500	5.056535780220141e-06
ENSG00000174928	5.056487490059254e-06
ENSG00000114204	5.055808180257612e-06
ENSG00000243509	5.04814639440391e-06
ENSG00000168830	5.042938663693722e-06
ENSG00000122547	5.028027409979987e-06
ENSG00000156049	5.027084060251569e-06
ENSG00000167600	5.020264357109852e-06
ENSG00000077454	5.020170934883315e-06
ENSG00000010327	5.01547529384575e-06
ENSG00000164756	5.008907783845879e-06
ENSG00000167315	5.006368691369248e-06
ENSG00000130165	5.006182285785647e-06
ENSG00000083307	5.002630161057731e-06
ENSG00000134317	5.002630161057731e-06
ENSG00000165996	4.994833850992778e-06
ENSG00000181873	4.99446757124152e-06
ENSG00000141504	4.979901476926862e-06
ENSG00000181896	4.974267516369246e-06
ENSG00000122870	4.971906129319482e-06
ENSG00000110583	4.969111353054994e-06
ENSG00000145936	4.967321236315968e-06
ENSG00000099937	4.96678038618945e-06
ENSG00000165675	4.958207049364418e-06
ENSG00000091317	4.958062852459693e-06
ENSG00000110888	4.95601483995539e-06
ENSG00000184828	4.953007381318258e-06
ENSG00000171604	4.949954572117831e-06
ENSG00000124440	4.948652690415203e-06
ENSG00000104804	4.9464393744090226e-06
ENSG00000138604	4.933413062892702e-06
ENSG00000132004	4.930061597688015e-06
ENSG00000197024	4.925845669411145e-06
ENSG00000130733	4.9196891906008145e-06
ENSG00000102539	4.917625853956009e-06
ENSG00000106682	4.910567141276909e-06
ENSG00000149596	4.908997080902976e-06
ENSG00000005801	4.9048978953397745e-06
ENSG00000116218	4.90426535974563e-06
ENSG00000112276	4.902017769022419e-06
ENSG00000184083	4.901013483434383e-06
ENSG00000176204	4.893427170164169e-06
ENSG00000136925	4.893092835855591e-06
ENSG00000140945	4.888642662607776e-06
ENSG00000138413	4.884252098153897e-06
ENSG00000172840	4.881338725453506e-06
ENSG00000106012	4.881177014287081e-06
ENSG00000101654	4.876023107337567e-06
ENSG00000074657	4.872571905238104e-06
ENSG00000139531	4.8689485482316606e-06
ENSG00000167972	4.867705254444111e-06
ENSG00000085998	4.867705254444111e-06
ENSG00000213265	4.859929872728154e-06
ENSG00000068745	4.859140035911445e-06
ENSG00000147180	4.847768874132783e-06
ENSG00000178974	4.841683399917311e-06
ENSG00000162636	4.841568217029421e-06
ENSG00000132669	4.838455418923498e-06
ENSG00000128656	4.837783074250806e-06
ENSG00000178199	4.833384396306948e-06
ENSG00000235194	4.831290460096961e-06
ENSG00000042445	4.826532809670502e-06
ENSG00000170265	4.825138514526672e-06
ENSG00000215455	4.814519054667365e-06
ENSG00000169895	4.806860773076683e-06
ENSG00000001617	4.804112111182066e-06
ENSG00000067167	4.80382308764991e-06
ENSG00000282891	4.7974068940278265e-06
ENSG00000099994	4.796667673738958e-06
ENSG00000198691	4.789181900240766e-06
ENSG00000288474	4.789181900240766e-06
ENSG00000074621	4.789181900240766e-06
ENSG00000100031	4.789181900240766e-06
ENSG00000196565	4.782940743089258e-06
ENSG00000171357	4.78238552827507e-06
ENSG00000000003	4.781596002316053e-06
ENSG00000150961	4.77038345494404e-06
ENSG00000137825	4.7685645288669726e-06
ENSG00000175336	4.767437014997473e-06
ENSG00000198643	4.762542351006727e-06
ENSG00000085377	4.7616579851607245e-06
ENSG00000047621	4.760951291222396e-06
ENSG00000141744	4.750402345560908e-06
ENSG00000183828	4.750402345560908e-06
ENSG00000129990	4.7496067353580745e-06
ENSG00000150893	4.74944740431053e-06
ENSG00000080293	4.747695888869664e-06
ENSG00000180878	4.744839888083866e-06
ENSG00000118495	4.7380779180921955e-06
ENSG00000165917	4.732082008874485e-06
ENSG00000167202	4.721311075742672e-06
ENSG00000169902	4.717326026484246e-06
ENSG00000164047	4.7092546790546755e-06
ENSG00000140612	4.70248631767029e-06
ENSG00000277462	4.700788058400517e-06
ENSG00000214827	4.696223594440316e-06
ENSG00000227600	4.6952665327370854e-06
ENSG00000225921	4.692996966290567e-06
ENSG00000011376	4.692828776590988e-06
ENSG00000185272	4.68683291572603e-06
ENSG00000204178	4.677889789380313e-06
ENSG00000181513	4.66598917275234e-06
ENSG00000198912	4.663916811718262e-06
ENSG00000025796	4.66083090902703e-06
ENSG00000171169	4.656131219383111e-06
ENSG00000143486	4.6541084234192896e-06
ENSG00000187164	4.647221939585637e-06
ENSG00000063176	4.644259828260905e-06
ENSG00000010318	4.644205559095255e-06
ENSG00000125246	4.639505274509497e-06
ENSG00000097096	4.638710824412521e-06
ENSG00000187601	4.638202594487531e-06
ENSG00000188321	4.635420485482769e-06
ENSG00000050730	4.632989367765125e-06
ENSG00000120437	4.618548467872885e-06
ENSG00000237056	4.61728542674024e-06
ENSG00000130844	4.615562234809105e-06
ENSG00000102870	4.615562234809105e-06
ENSG00000132388	4.615529349594653e-06
ENSG00000095485	4.614289547207747e-06
ENSG00000173221	4.6091280259280745e-06
ENSG00000103150	4.608244684575055e-06
ENSG00000184492	4.605343424208935e-06
ENSG00000138036	4.599292549187918e-06
ENSG00000168876	4.5990936261937386e-06
ENSG00000188493	4.587904482580255e-06
ENSG00000214013	4.584081449123068e-06
ENSG00000167118	4.581330006782614e-06
ENSG00000131400	4.574718974565157e-06
ENSG00000170703	4.572810778920328e-06
ENSG00000120162	4.56361710219806e-06
ENSG00000102076	4.562317833624465e-06
ENSG00000182732	4.557215100047893e-06
ENSG00000140830	4.553420664465672e-06
ENSG00000130656	4.547003310951232e-06
ENSG00000118407	4.542386423118725e-06
ENSG00000081923	4.540437518683359e-06
ENSG00000117280	4.533692112038721e-06
ENSG00000213799	4.524857475706165e-06
ENSG00000123178	4.5225971442216706e-06
ENSG00000213927	4.520234929603184e-06
ENSG00000186918	4.5028728295174526e-06
ENSG00000164684	4.5028728295174526e-06
ENSG00000117519	4.501865473639943e-06
ENSG00000173085	4.495399646750434e-06
ENSG00000147082	4.484008774795894e-06
ENSG00000086712	4.479919377300602e-06
ENSG00000129910	4.464299279647992e-06
ENSG00000197272	4.459514945899307e-06
ENSG00000198798	4.457174470196885e-06
ENSG00000144535	4.4456543500563e-06
ENSG00000164325	4.442312062445316e-06
ENSG00000234508	4.4382041124080994e-06
ENSG00000120314	4.437846836084817e-06
ENSG00000112343	4.437119792842619e-06
ENSG00000144218	4.436081963389393e-06
ENSG00000148824	4.435227392276779e-06
ENSG00000280584	4.428764244705904e-06
ENSG00000017483	4.427918765416737e-06
ENSG00000163283	4.423005975051351e-06
ENSG00000159176	4.405898136633058e-06
ENSG00000183696	4.404453522184797e-06
ENSG00000125813	4.403745477317229e-06
ENSG00000166326	4.402376447297989e-06
ENSG00000288188	4.394065359717959e-06
ENSG00000171298	4.3933223828462656e-06
ENSG00000271601	4.387884649184172e-06
ENSG00000176049	4.387509477863491e-06
ENSG00000284900	4.379579863733818e-06
ENSG00000272636	4.378198232474018e-06
ENSG00000119899	4.37444118496463e-06
ENSG00000284120	4.3712357466928505e-06
ENSG00000185666	4.368173507127979e-06
ENSG00000157150	4.367849518066522e-06
ENSG00000175662	4.367229810078054e-06
ENSG00000154553	4.350467305993486e-06
ENSG00000020577	4.342840736776515e-06
ENSG00000139515	4.341303068120598e-06
ENSG00000198142	4.330869300816285e-06
ENSG00000109738	4.3250267997356214e-06
ENSG00000088387	4.325000546351576e-06
ENSG00000253873	4.324763198504941e-06
ENSG00000240184	4.324763198504941e-06
ENSG00000280165	4.324763198504941e-06
ENSG00000131831	4.320125146704472e-06
ENSG00000170801	4.319754153196465e-06
ENSG00000169306	4.319685807974321e-06
ENSG00000131373	4.314233499737215e-06
ENSG00000185246	4.3137982761151645e-06
ENSG00000135540	4.3082985907594956e-06
ENSG00000120337	4.307273223936959e-06
ENSG00000135374	4.306566213622237e-06
ENSG00000278461	4.294485843687276e-06
ENSG00000123739	4.2799740869056975e-06
ENSG00000112379	4.2794898485944866e-06
ENSG00000165078	4.261494970580073e-06
ENSG00000112031	4.2612663512577316e-06
ENSG00000171469	4.261252730540772e-06
ENSG00000128652	4.252280107804471e-06
ENSG00000167791	4.249831806189148e-06
ENSG00000172716	4.2483894123354e-06
ENSG00000165175	4.247600813145415e-06
ENSG00000244045	4.242623072347043e-06
ENSG00000103381	4.235235164653072e-06
ENSG00000115353	4.232540739633971e-06
ENSG00000176358	4.232540739633971e-06
ENSG00000060709	4.227059658665326e-06
ENSG00000143942	4.222054307670155e-06
ENSG00000131171	4.214326303671277e-06
ENSG00000276416	4.213186886570098e-06
ENSG00000115841	4.2040535110364924e-06
ENSG00000170743	4.195503519342856e-06
ENSG00000161558	4.191504264307028e-06
ENSG00000275600	4.191504264307028e-06
ENSG00000100426	4.191282443255006e-06
ENSG00000221866	4.181777441410443e-06
ENSG00000105058	4.177908784947441e-06
ENSG00000128928	4.174174102730853e-06
ENSG00000196263	4.174071844567454e-06
ENSG00000169418	4.170931646088834e-06
ENSG00000134802	4.169788835970883e-06
ENSG00000186564	4.1674276833359145e-06
ENSG00000117691	4.163709328916158e-06
ENSG00000196428	4.157916079831692e-06
ENSG00000118557	4.150706147831368e-06
ENSG00000125962	4.150436087168397e-06
ENSG00000167531	4.149182133422759e-06
ENSG00000104472	4.145309732161883e-06
ENSG00000158578	4.144804231503858e-06
ENSG00000104756	4.144451548642276e-06
ENSG00000197683	4.142381791211024e-06
ENSG00000196387	4.141159363593928e-06
ENSG00000172461	4.1386885998876386e-06
ENSG00000112514	4.136531691656711e-06
ENSG00000176160	4.1365276742936455e-06
ENSG00000153823	4.136005205418735e-06
ENSG00000232040	4.135752086278624e-06
ENSG00000177303	4.132363244419875e-06
ENSG00000019144	4.132147723926752e-06
ENSG00000074964	4.131169590485465e-06
ENSG00000100344	4.130910210429265e-06
ENSG00000171551	4.126878082942244e-06
ENSG00000163864	4.1236173721739955e-06
ENSG00000141622	4.1159627808253245e-06
ENSG00000174992	4.107802732624017e-06
ENSG00000175137	4.1064543826507435e-06
ENSG00000145029	4.103844913121173e-06
ENSG00000131089	4.103765465620683e-06
ENSG00000259431	4.102936573485108e-06
ENSG00000119673	4.1026192011145265e-06
ENSG00000168824	4.094655480565062e-06
ENSG00000183479	4.0848921082719546e-06
ENSG00000281123	4.0848921082719546e-06
ENSG00000179299	4.078082704160357e-06
ENSG00000185432	4.066732758226614e-06
ENSG00000165272	4.064111285003933e-06
ENSG00000128918	4.0582437752084095e-06
ENSG00000070729	4.055172985323397e-06
ENSG00000173080	4.055172985323397e-06
ENSG00000198515	4.055172985323397e-06
ENSG00000133475	4.055172985323397e-06
ENSG00000165182	4.053005312360601e-06
ENSG00000185960	4.047779422291672e-06
ENSG00000280908	4.044742577320613e-06
ENSG00000235758	4.042584381650957e-06
ENSG00000164751	4.0284289362357235e-06
ENSG00000162604	4.0261363591924e-06
ENSG00000078596	4.0261363591924e-06
ENSG00000105982	4.0261363591924e-06
ENSG00000183775	4.0261363591924e-06
ENSG00000120318	4.025050121808323e-06
ENSG00000125872	4.024176617289913e-06
ENSG00000171388	4.024176617289913e-06
ENSG00000119986	4.024176617289913e-06
ENSG00000178386	4.024176617289913e-06
ENSG00000145864	4.02157756598846e-06
ENSG00000256683	4.0193620427609525e-06
ENSG00000077984	4.015577239667462e-06
ENSG00000166452	4.010838041636371e-06
ENSG00000163536	4.01012742061274e-06
ENSG00000157765	4.005782486934979e-06
ENSG00000141569	3.993408211937646e-06
ENSG00000118707	3.990397566995451e-06
ENSG00000152669	3.989991968073806e-06
ENSG00000163812	3.984023965070087e-06
ENSG00000180855	3.981433271019549e-06
ENSG00000006740	3.975810897099187e-06
ENSG00000135517	3.973683080895534e-06
ENSG00000280627	3.970839655242542e-06
ENSG00000164197	3.968491610551763e-06
ENSG00000005379	3.9619600770169765e-06
ENSG00000174652	3.960948476054943e-06
ENSG00000168282	3.958951739194691e-06
ENSG00000152558	3.957320808183922e-06
ENSG00000167588	3.955591873569108e-06
ENSG00000141540	3.954383092829601e-06
ENSG00000173976	3.946445260652939e-06
ENSG00000185100	3.945727171175771e-06
ENSG00000162433	3.945109095023225e-06
ENSG00000138231	3.930228771008084e-06
ENSG00000015133	3.92621082784991e-06
ENSG00000107742	3.925270616348317e-06
ENSG00000068650	3.924983107441581e-06
ENSG00000182187	3.920176727066579e-06
ENSG00000166845	3.914430249146705e-06
ENSG00000126545	3.903356772937095e-06
ENSG00000179918	3.901888230520142e-06
ENSG00000157014	3.901531612094422e-06
ENSG00000125841	3.890936487158181e-06
ENSG00000033011	3.890364332733809e-06
ENSG00000100249	3.889818926822323e-06
ENSG00000170903	3.888245919399957e-06
ENSG00000149150	3.887743901423711e-06
ENSG00000114544	3.887743901423711e-06
ENSG00000149292	3.886788949874442e-06
ENSG00000119771	3.882609296981325e-06
ENSG00000162267	3.877818929486522e-06
ENSG00000257949	3.873057394280555e-06
ENSG00000161973	3.871955701401675e-06
ENSG00000198759	3.867813342134525e-06
ENSG00000104044	3.864339552819141e-06
ENSG00000108219	3.864339552819141e-06
ENSG00000161544	3.864339552819141e-06
ENSG00000110848	3.860993003948798e-06
ENSG00000276537	3.858301066463234e-06
ENSG00000156521	3.854267069843133e-06
ENSG00000188542	3.854267069843133e-06
ENSG00000281931	3.853311901842222e-06
ENSG00000181804	3.847558305053619e-06
ENSG00000174327	3.846520904446743e-06
ENSG00000125734	3.839296252541801e-06
ENSG00000146007	3.827352790017801e-06
ENSG00000198570	3.821316363315107e-06
ENSG00000014257	3.8021990247817297e-06
ENSG00000173409	3.795262496982547e-06
ENSG00000278889	3.7930989973419402e-06
ENSG00000205730	3.791922690331473e-06
ENSG00000168904	3.7918121373246077e-06
ENSG00000108474	3.78544803727875e-06
ENSG00000197217	3.7839769322127318e-06
ENSG00000144802	3.7826843477551827e-06
ENSG00000155093	3.779215495848357e-06
ENSG00000111684	3.7782908919454556e-06
ENSG00000139344	3.7779388624422905e-06
ENSG00000108556	3.77452743106889e-06
ENSG00000133789	3.770921529884069e-06
ENSG00000138772	3.756263017188552e-06
ENSG00000205268	3.750345803141837e-06
ENSG00000183396	3.7420465357377922e-06
ENSG00000129657	3.7388318907101503e-06
ENSG00000131142	3.735682813107385e-06
ENSG00000117154	3.731672292617068e-06
ENSG00000277236	3.731375857086851e-06
ENSG00000015413	3.7311113107177134e-06
ENSG00000158220	3.7293489499092226e-06
ENSG00000150787	3.721716910784505e-06
ENSG00000085831	3.7148670891158645e-06
ENSG00000139624	3.7148670891158645e-06
ENSG00000184508	3.7120499154574987e-06
ENSG00000123454	3.7117659484628378e-06
ENSG00000006576	3.7107973489563635e-06
ENSG00000133065	3.7107973489563635e-06
ENSG00000164574	3.7107973489563635e-06
ENSG00000008438	3.7048088572760878e-06
ENSG00000136286	3.700673514424225e-06
ENSG00000288250	3.6985638745008274e-06
ENSG00000235588	3.6964471786282974e-06
ENSG00000105612	3.6908220758819324e-06
ENSG00000130528	3.6885254130878455e-06
ENSG00000136828	3.6843134415880437e-06
ENSG00000099866	3.684016535164997e-06
ENSG00000166839	3.6825826507644062e-06
ENSG00000106537	3.6798784697318194e-06
ENSG00000177576	3.6798784697318194e-06
ENSG00000174227	3.6798784697318194e-06
ENSG00000162139	3.678547079610658e-06
ENSG00000283649	3.676898955543104e-06
ENSG00000185267	3.6749506391930957e-06
ENSG00000069943	3.67188905634801e-06
ENSG00000180537	3.669585393940156e-06
ENSG00000144834	3.6678325008342356e-06
ENSG00000091536	3.6627250651121343e-06
ENSG00000117400	3.661611680780069e-06
ENSG00000140675	3.6607609948499183e-06
ENSG00000185669	3.6563008766765805e-06
ENSG00000198093	3.651094025766876e-06
ENSG00000180398	3.6502391758155578e-06
ENSG00000162620	3.6471174376817517e-06
ENSG00000176490	3.6393498327924357e-06
ENSG00000106336	3.6367533742280866e-06
ENSG00000175946	3.6367533742280866e-06
ENSG00000164048	3.636543233953427e-06
ENSG00000102032	3.636379025320827e-06
ENSG00000169084	3.636379025320827e-06
ENSG00000132671	3.634569192644407e-06
ENSG00000213934	3.6338533802163525e-06
ENSG00000157429	3.6331237815765836e-06
ENSG00000172339	3.62776778936726e-06
ENSG00000152217	3.627669816332907e-06
ENSG00000171368	3.6188631369747624e-06
ENSG00000119616	3.6182597953328896e-06
ENSG00000038532	3.6124810161337697e-06
ENSG00000196437	3.6110909663900317e-06
ENSG00000204403	3.6100196036700194e-06
ENSG00000181408	3.604611881967325e-06
ENSG00000130940	3.602134462244033e-06
ENSG00000152969	3.5985715479192653e-06
ENSG00000140798	3.5916367331740994e-06
ENSG00000167065	3.590552508896532e-06
ENSG00000274671	3.58911520954507e-06
ENSG00000135845	3.5826920154628615e-06
ENSG00000204611	3.5811636718214514e-06
ENSG00000183153	3.5792271416174786e-06
ENSG00000110887	3.5788562613478855e-06
ENSG00000131069	3.570616220436909e-06
ENSG00000174788	3.5706021279029506e-06
ENSG00000205362	3.5703708871466562e-06
ENSG00000131864	3.5577121555935596e-06
ENSG00000163618	3.555719922647544e-06
ENSG00000187210	3.5433405958386266e-06
ENSG00000153898	3.5410520216094866e-06
ENSG00000134780	3.5410520216094866e-06
ENSG00000155256	3.540743024696025e-06
ENSG00000273574	3.540115742877151e-06
ENSG00000139233	3.538257672872702e-06
ENSG00000167210	3.530415729460608e-06
ENSG00000164062	3.5288105679882197e-06
ENSG00000125430	3.528500102269381e-06
ENSG00000188643	3.5241131717924733e-06
ENSG00000138115	3.5149823985390023e-06
ENSG00000038274	3.506968204431371e-06
ENSG00000120509	3.5048166549410633e-06
ENSG00000084092	3.503762906736263e-06
ENSG00000091138	3.501715404076217e-06
ENSG00000288307	3.4996047641449894e-06
ENSG00000081377	3.4984744673940205e-06
ENSG00000128322	3.4978815435484526e-06
ENSG00000165832	3.4974936716732624e-06
ENSG00000136883	3.493557300263545e-06
ENSG00000129038	3.4873464142111683e-06
ENSG00000137513	3.4841131356938993e-06
ENSG00000120451	3.483764019164823e-06
ENSG00000127863	3.4837523806991597e-06
ENSG00000165655	3.479218039929536e-06
ENSG00000063241	3.478665693381837e-06
ENSG00000189334	3.475419467329252e-06
ENSG00000167549	3.4749918441479015e-06
ENSG00000152778	3.4713631689874504e-06
ENSG00000160908	3.4635661782315857e-06
ENSG00000109917	3.459694023450613e-06
ENSG00000167889	3.456421581462341e-06
ENSG00000145287	3.456421581462341e-06
ENSG00000141574	3.4555323947037274e-06
ENSG00000182950	3.4371604121627784e-06
ENSG00000002586	3.4357510655334707e-06
ENSG00000196453	3.433983590698627e-06
ENSG00000198805	3.4317245592692433e-06
ENSG00000288169	3.42985532076882e-06
ENSG00000288118	3.428399167046615e-06
ENSG00000157703	3.4247324377500136e-06
ENSG00000125821	3.4247324377500136e-06
ENSG00000087253	3.4247324377500136e-06
ENSG00000122852	3.4220331067301763e-06
ENSG00000070190	3.4204729210145953e-06
ENSG00000242259	3.4201250868091894e-06
ENSG00000196431	3.4201250868091894e-06
ENSG00000213145	3.4176389250708786e-06
ENSG00000157916	3.4176389250708786e-06
ENSG00000204634	3.4154374244727682e-06
ENSG00000159212	3.4145282740425676e-06
ENSG00000198682	3.4072411778342113e-06
ENSG00000158985	3.4049720410430184e-06
ENSG00000134198	3.39930647045346e-06
ENSG00000141255	3.393957875361666e-06
ENSG00000133111	3.382928460515643e-06
ENSG00000148200	3.37940864621185e-06
ENSG00000196275	3.3774958596054085e-06
ENSG00000132746	3.373085845637017e-06
ENSG00000179941	3.369796864714772e-06
ENSG00000007001	3.3602289943004324e-06
ENSG00000125089	3.3523148348346903e-06
ENSG00000049247	3.349287296885327e-06
ENSG00000175183	3.349287296885327e-06
ENSG00000136908	3.346339118591924e-06
ENSG00000013523	3.3376070632395336e-06
ENSG00000205423	3.3342838742516426e-06
ENSG00000183795	3.332419660094628e-06
ENSG00000108306	3.3318715237310796e-06
ENSG00000105419	3.32517252522493e-06
ENSG00000070476	3.3201577873137286e-06
ENSG00000091490	3.319471032797315e-06
ENSG00000178826	3.3175693976492898e-06
ENSG00000101236	3.313886259307526e-06
ENSG00000124140	3.310057266590735e-06
ENSG00000116874	3.309274549107948e-06
ENSG00000103227	3.3077047938942186e-06
ENSG00000231314	3.3027357142100247e-06
ENSG00000151233	3.294593700819446e-06
ENSG00000235132	3.2939367784082226e-06
ENSG00000139890	3.2939367784082226e-06
ENSG00000152595	3.290369921080954e-06
ENSG00000107789	3.290351483772024e-06
ENSG00000166833	3.290022712652804e-06
ENSG00000086544	3.286241487222452e-06
ENSG00000177990	3.2747871589023427e-06
ENSG00000181704	3.2733308663663786e-06
ENSG00000175564	3.2690332445923274e-06
ENSG00000198513	3.268286261141931e-06
ENSG00000185231	3.26433793236336e-06
ENSG00000198680	3.261474293628877e-06
ENSG00000284752	3.258884838939349e-06
ENSG00000276021	3.258044404568963e-06
ENSG00000165323	3.257441387450846e-06
ENSG00000162551	3.2573534355583786e-06
ENSG00000263163	3.2560592409600098e-06
ENSG00000117500	3.253201123062216e-06
ENSG00000175573	3.2484839984689323e-06
ENSG00000076344	3.2360905702123153e-06
ENSG00000167914	3.2336988517934478e-06
ENSG00000167182	3.2334849054990246e-06
ENSG00000170011	3.2323548822683305e-06
ENSG00000092929	3.2323548822683305e-06
ENSG00000178445	3.2320933725449925e-06
ENSG00000149182	3.231086759353869e-06
ENSG00000065357	3.2260237271397476e-06
ENSG00000105270	3.22492515310979e-06
ENSG00000178922	3.223192470846423e-06
ENSG00000165863	3.223192470846423e-06
ENSG00000101203	3.223192470846423e-06
ENSG00000175287	3.2201357858074706e-06
ENSG00000123360	3.2201357858074706e-06
ENSG00000131459	3.2201357858074706e-06
ENSG00000196967	3.2172278898873675e-06
ENSG00000275003	3.213125741852154e-06
ENSG00000235744	3.2091624226870458e-06
ENSG00000239457	3.2091624226870458e-06
ENSG00000007384	3.2090455946500606e-06
ENSG00000196693	3.20124554133625e-06
ENSG00000162490	3.1976283748917786e-06
ENSG00000166454	3.1970393752072057e-06
ENSG00000163694	3.1970393752072057e-06
ENSG00000126003	3.1960907598435968e-06
ENSG00000146416	3.1960907598435968e-06
ENSG00000196177	3.1936587308232047e-06
ENSG00000180611	3.1900561262224347e-06
ENSG00000242220	3.1865483052149144e-06
ENSG00000204065	3.1862646155499086e-06
ENSG00000177239	3.1852383627472114e-06
ENSG00000143867	3.1800348414654333e-06
ENSG00000125629	3.1745612842892023e-06
ENSG00000173198	3.174485765162706e-06
ENSG00000213694	3.171146671453745e-06
ENSG00000170486	3.16863237637664e-06
ENSG00000069535	3.1616868462078205e-06
ENSG00000005243	3.160771533133225e-06
ENSG00000180233	3.160746195477515e-06
ENSG00000123728	3.1391306371977545e-06
ENSG00000198464	3.1354225096869766e-06
ENSG00000153815	3.124958181581809e-06
ENSG00000100376	3.1217440511502005e-06
ENSG00000075275	3.1124428996430453e-06
ENSG00000169093	3.1080110182466218e-06
ENSG00000213626	3.1068262373246354e-06
ENSG00000205978	3.1068262373246354e-06
ENSG00000263761	3.1038126956600663e-06
ENSG00000182771	3.1028175342719463e-06
ENSG00000120159	3.0961569267726502e-06
ENSG00000148950	3.096018430427906e-06
ENSG00000109929	3.096018430427906e-06
ENSG00000146374	3.092485067970537e-06
ENSG00000138650	3.0863871954565635e-06
ENSG00000106069	3.0861571320641146e-06
ENSG00000227500	3.076185712710526e-06
ENSG00000133937	3.072868086830594e-06
ENSG00000118960	3.0722315402315797e-06
ENSG00000143157	3.0718352444918122e-06
ENSG00000187003	3.066791314653565e-06
ENSG00000282967	3.064343125477416e-06
ENSG00000275679	3.064343125477416e-06
ENSG00000283046	3.064343125477416e-06
ENSG00000118514	3.0620777688102494e-06
ENSG00000198771	3.061176043686651e-06
ENSG00000180902	3.0599316887175837e-06
ENSG00000285394	3.0576670782561446e-06
ENSG00000115665	3.056971662316192e-06
ENSG00000137266	3.0477879521300054e-06
ENSG00000123643	3.0477879521300054e-06
ENSG00000184954	3.043521769916921e-06
ENSG00000154217	3.0400680039622358e-06
ENSG00000187595	3.0385066677457684e-06
ENSG00000156414	3.038312316716263e-06
ENSG00000184939	3.0328338209527192e-06
ENSG00000242114	3.0321591009890455e-06
ENSG00000076067	3.031306356500475e-06
ENSG00000072195	3.031306356500475e-06
ENSG00000100711	3.031306356500475e-06
ENSG00000196517	3.0152296776279063e-06
ENSG00000137073	3.013299222843055e-06
ENSG00000168575	3.0036633917311974e-06
ENSG00000182134	3.0028933487787393e-06
ENSG00000116785	2.988984686862478e-06
ENSG00000134365	2.988984686862478e-06
ENSG00000134389	2.988984686862478e-06
ENSG00000163092	2.987626403751429e-06
ENSG00000162650	2.9857574486042073e-06
ENSG00000273820	2.9857574486042073e-06
ENSG00000154646	2.9756172113516646e-06
ENSG00000182463	2.9756172113516646e-06
ENSG00000109452	2.9756172113516646e-06
ENSG00000105136	2.9745320740312684e-06
ENSG00000176393	2.9676064841825928e-06
ENSG00000119820	2.9674195435143337e-06
ENSG00000183117	2.9630985172202845e-06
ENSG00000154143	2.9630985172202845e-06
ENSG00000140986	2.958633511927639e-06
ENSG00000144843	2.9547259078310646e-06
ENSG00000008516	2.954574108557314e-06
ENSG00000180914	2.9528689831140987e-06
ENSG00000122863	2.9509779991678782e-06
ENSG00000172059	2.950964010941636e-06
ENSG00000137033	2.9470048790586802e-06
ENSG00000255501	2.9470048790586802e-06
ENSG00000184194	2.9353606087912915e-06
ENSG00000090612	2.9337560639034785e-06
ENSG00000006757	2.9316491243632864e-06
ENSG00000152503	2.9272730214527846e-06
ENSG00000162623	2.925540948552333e-06
ENSG00000170262	2.923617215880514e-06
ENSG00000131203	2.9230335367304748e-06
ENSG00000063854	2.9230335367304748e-06
ENSG00000086288	2.9177674629777337e-06
ENSG00000215045	2.916134425640219e-06
ENSG00000225824	2.915290111071931e-06
ENSG00000180332	2.9019043417967663e-06
ENSG00000124406	2.9002039219476002e-06
ENSG00000261701	2.8962667343351455e-06
ENSG00000274611	2.894313026121647e-06
ENSG00000168781	2.889995706379432e-06
ENSG00000099904	2.88789672265122e-06
ENSG00000184302	2.8851809192313436e-06
ENSG00000164438	2.8851809192313436e-06
ENSG00000145723	2.875660730669494e-06
ENSG00000121101	2.8701953350315822e-06
ENSG00000173418	2.8689580502332196e-06
ENSG00000171385	2.8669583933338877e-06
ENSG00000139292	2.857257729996496e-06
ENSG00000274736	2.8514607119131926e-06
ENSG00000122971	2.8471935213848686e-06
ENSG00000117245	2.844577909635482e-06
ENSG00000152213	2.8435684369800955e-06
ENSG00000166394	2.8435684369800955e-06
ENSG00000182919	2.8435684369800955e-06
ENSG00000019505	2.8426305123498287e-06
ENSG00000205186	2.841323475444469e-06
ENSG00000147872	2.841323475444469e-06
ENSG00000169131	2.838415928291958e-06
ENSG00000130475	2.8378295914851047e-06
ENSG00000198157	2.834441879141804e-06
ENSG00000177030	2.827859391483424e-06
ENSG00000119138	2.826133191687737e-06
ENSG00000173210	2.8235249835227356e-06
ENSG00000070601	2.822322463009942e-06
ENSG00000140718	2.820342367685218e-06
ENSG00000079215	2.8171452968340235e-06
ENSG00000112137	2.816083115485559e-06
ENSG00000153086	2.814841055949036e-06
ENSG00000129538	2.813731304843613e-06
ENSG00000117226	2.8056628131103483e-06
ENSG00000232641	2.8047012513394764e-06
ENSG00000165495	2.7973083437750586e-06
ENSG00000124313	2.7938081254277503e-06
ENSG00000162975	2.7833361961136745e-06
ENSG00000116157	2.782897403636725e-06
ENSG00000168591	2.782897403636725e-06
ENSG00000288269	2.7806987762644497e-06
ENSG00000172260	2.7670934913169847e-06
ENSG00000205358	2.764051908907657e-06
ENSG00000131389	2.7621098505820312e-06
ENSG00000149124	2.761828062494737e-06
ENSG00000123179	2.761199703575672e-06
ENSG00000160223	2.7608910101036822e-06
ENSG00000125304	2.758724069837284e-06
ENSG00000182272	2.757165627739737e-06
ENSG00000139044	2.757165627739737e-06
ENSG00000189337	2.751245222425705e-06
ENSG00000143412	2.751245222425705e-06
ENSG00000138660	2.7492702453510715e-06
ENSG00000171532	2.7427725777808333e-06
ENSG00000165060	2.7337136441063184e-06
ENSG00000164077	2.731944282695958e-06
ENSG00000278488	2.7251872130308077e-06
ENSG00000148120	2.7246263557588154e-06
ENSG00000176953	2.719742403597308e-06
ENSG00000178149	2.715468811597684e-06
ENSG00000108641	2.7124029409506214e-06
ENSG00000147100	2.711307199492604e-06
ENSG00000010361	2.701302528620001e-06
ENSG00000105339	2.6990849134356235e-06
ENSG00000036473	2.6978616933713705e-06
ENSG00000149573	2.6956716540047465e-06
ENSG00000198692	2.6947106993591426e-06
ENSG00000156395	2.690154004005119e-06
ENSG00000184307	2.6863607302288453e-06
ENSG00000150667	2.6850111618505853e-06
ENSG00000163607	2.6841364007872233e-06
ENSG00000180346	2.6808248147530083e-06
ENSG00000179532	2.6791292541003543e-06
ENSG00000171262	2.676770344909423e-06
ENSG00000128805	2.676536967493318e-06
ENSG00000170502	2.675338586192454e-06
ENSG00000166133	2.674698535478707e-06
ENSG00000229937	2.674224851635627e-06
ENSG00000163040	2.6735644724083283e-06
ENSG00000050130	2.671525672802903e-06
ENSG00000116857	2.6670253218893404e-06
ENSG00000228090	2.664400923682231e-06
ENSG00000274952	2.664400923682231e-06
ENSG00000127774	2.664263410859718e-06
ENSG00000185813	2.660945024553866e-06
ENSG00000143771	2.6547511321468007e-06
ENSG00000170745	2.6500017704610878e-06
ENSG00000171126	2.6500017704610878e-06
ENSG00000114735	2.6496534900314303e-06
ENSG00000166183	2.6494969924978545e-06
ENSG00000132481	2.645215030709943e-06
ENSG00000138381	2.6429910398914994e-06
ENSG00000128250	2.6429910398914994e-06
ENSG00000185475	2.6369903368227633e-06
ENSG00000170293	2.6333686929051674e-06
ENSG00000142669	2.6333686929051674e-06
ENSG00000162591	2.6333686929051674e-06
ENSG00000250722	2.6333686929051674e-06
ENSG00000103876	2.6333686929051674e-06
ENSG00000110011	2.6333686929051674e-06
ENSG00000137463	2.6333686929051674e-06
ENSG00000171714	2.6333686929051674e-06
ENSG00000122335	2.6333686929051674e-06
ENSG00000204179	2.6333686929051674e-06
ENSG00000034693	2.632298506360066e-06
ENSG00000121680	2.632298506360066e-06
ENSG00000166821	2.632298506360066e-06
ENSG00000131779	2.632298506360066e-06
ENSG00000100372	2.632298506360066e-06
ENSG00000101417	2.632298506360066e-06
ENSG00000147119	2.632298506360066e-06
ENSG00000174132	2.632298506360066e-06
ENSG00000198189	2.632298506360066e-06
ENSG00000129353	2.6299902077189183e-06
ENSG00000166548	2.628300196246915e-06
ENSG00000129596	2.6270189597690054e-06
ENSG00000168566	2.626577663699207e-06
ENSG00000184209	2.626577663699207e-06
ENSG00000283882	2.6224072525480952e-06
ENSG00000276004	2.6224072525480952e-06
ENSG00000128274	2.6203987847857156e-06
ENSG00000152439	2.618940213448599e-06
ENSG00000107020	2.6170431810669524e-06
ENSG00000146070	2.614487010407299e-06
ENSG00000146938	2.609655736663127e-06
ENSG00000221821	2.6061413309682037e-06
ENSG00000101188	2.604677839186413e-06
ENSG00000141337	2.593876757055233e-06
ENSG00000141458	2.593876757055233e-06
ENSG00000099810	2.5901098618647542e-06
ENSG00000162694	2.5867579056918472e-06
ENSG00000107249	2.584803418929651e-06
ENSG00000112304	2.5803006113293047e-06
ENSG00000079332	2.5803006113293047e-06
ENSG00000067064	2.5803006113293047e-06
ENSG00000131446	2.5778982703173885e-06
ENSG00000189030	2.5686391511519053e-06
ENSG00000125999	2.5664731606872774e-06
ENSG00000134815	2.564357239069113e-06
ENSG00000171135	2.5637110998991846e-06
ENSG00000167216	2.5637110998991846e-06
ENSG00000009694	2.563076852713756e-06
ENSG00000262664	2.5604210529347405e-06
ENSG00000175003	2.5593743338859346e-06
ENSG00000263296	2.5559695529229824e-06
ENSG00000140905	2.5486189641858062e-06
ENSG00000276464	2.5486189641858062e-06
ENSG00000162174	2.5486189641858062e-06
ENSG00000130775	2.5473368409471996e-06
ENSG00000132821	2.5383885473252727e-06
ENSG00000091542	2.537716537888027e-06
ENSG00000168661	2.5306791405290647e-06
ENSG00000088320	2.5255158920719926e-06
ENSG00000165630	2.5255158920719926e-06
ENSG00000284017	2.5240952710669482e-06
ENSG00000110925	2.5240952710669482e-06
ENSG00000156463	2.5240952710669482e-06
ENSG00000105784	2.510421204799378e-06
ENSG00000166831	2.5081990963995476e-06
ENSG00000139433	2.507449652566614e-06
ENSG00000196214	2.504755179651819e-06
ENSG00000105429	2.5044001212593755e-06
ENSG00000183067	2.503117613140739e-06
ENSG00000218336	2.5029690717012735e-06
ENSG00000198881	2.497209774722092e-06
ENSG00000159792	2.4957353640665057e-06
ENSG00000169105	2.4906331955440613e-06
ENSG00000136877	2.489903596831933e-06
ENSG00000154642	2.487001660807655e-06
ENSG00000102984	2.487001660807655e-06
ENSG00000070718	2.484140559420614e-06
ENSG00000139636	2.4798406309150655e-06
ENSG00000171428	2.473644892732931e-06
ENSG00000170748	2.465099217631628e-06
ENSG00000135916	2.461351262289071e-06
ENSG00000012660	2.459830205423128e-06
ENSG00000197696	2.4559125222766816e-06
ENSG00000088970	2.449907089934062e-06
ENSG00000174944	2.4482095003339316e-06
ENSG00000111341	2.4461290238453026e-06
ENSG00000174136	2.4461290238453026e-06
ENSG00000103253	2.445979289811476e-06
ENSG00000130035	2.445979289811476e-06
ENSG00000178038	2.4430024017859685e-06
ENSG00000179168	2.4421938883053668e-06
ENSG00000138621	2.440388836534932e-06
ENSG00000114853	2.4391431357931866e-06
ENSG00000187151	2.4383551692775597e-06
ENSG00000106853	2.4329936146711336e-06
ENSG00000164347	2.4209284351323988e-06
ENSG00000037757	2.4194549352416708e-06
ENSG00000164713	2.4175379230380743e-06
ENSG00000166260	2.408889562795764e-06
ENSG00000262749	2.4064213458216467e-06
ENSG00000148604	2.404458077883089e-06
ENSG00000166289	2.404458077883089e-06
ENSG00000169989	2.404458077883089e-06
ENSG00000172005	2.4011940786729557e-06
ENSG00000119782	2.397055917283113e-06
ENSG00000163531	2.3968665999949414e-06
ENSG00000189037	2.394666026266278e-06
ENSG00000188211	2.389825890983512e-06
ENSG00000153721	2.3859685815051276e-06
ENSG00000136274	2.3800388774401877e-06
ENSG00000057757	2.378421221792176e-06
ENSG00000135074	2.378323561822823e-06
ENSG00000149489	2.3780068071347754e-06
ENSG00000288297	2.3760381792701284e-06
ENSG00000169991	2.3738203112192567e-06
ENSG00000263155	2.3706239200320595e-06
ENSG00000197050	2.3702985726190044e-06
ENSG00000179021	2.368180161333388e-06
ENSG00000198863	2.363349383563644e-06
ENSG00000198183	2.3626126082050206e-06
ENSG00000121053	2.3626126082050206e-06
ENSG00000166311	2.3594018842930534e-06
ENSG00000143891	2.356964154688379e-06
ENSG00000164082	2.3555890552001697e-06
ENSG00000276559	2.352940201487094e-06
ENSG00000099968	2.351037456778404e-06
ENSG00000078804	2.351037456778404e-06
ENSG00000006025	2.351037456778404e-06
ENSG00000005486	2.3479520891471876e-06
ENSG00000163281	2.3468663025257172e-06
ENSG00000162066	2.3468663025257172e-06
ENSG00000138639	2.340906896419603e-06
ENSG00000271303	2.339859895829942e-06
ENSG00000187855	2.337263934379745e-06
ENSG00000116209	2.335880645575213e-06
ENSG00000066735	2.3353519283457193e-06
ENSG00000161664	2.3344418764756707e-06
ENSG00000114850	2.3344418764756707e-06
ENSG00000140948	2.3344418764756707e-06
ENSG00000114805	2.3344418764756707e-06
ENSG00000164294	2.334107762015294e-06
ENSG00000155428	2.3322354445128557e-06
ENSG00000152749	2.3290868847473026e-06
ENSG00000139438	2.325915810474947e-06
ENSG00000181035	2.325471789288703e-06
ENSG00000188958	2.3206772752979797e-06
ENSG00000144136	2.315469900034753e-06
ENSG00000125812	2.2968629297826174e-06
ENSG00000066697	2.2963299805174277e-06
ENSG00000088727	2.2943686821639967e-06
ENSG00000164304	2.2886371219074013e-06
ENSG00000273494	2.2879614841284064e-06
ENSG00000288399	2.2861626326856247e-06
ENSG00000109790	2.2861626326856247e-06
ENSG00000213337	2.2861626326856247e-06
ENSG00000243335	2.2861626326856247e-06
ENSG00000278220	2.2859502953121524e-06
ENSG00000126460	2.28558421779666e-06
ENSG00000163131	2.283259084392046e-06
ENSG00000168936	2.275993467252053e-06
ENSG00000283085	2.272959545014986e-06
ENSG00000107165	2.272959545014986e-06
ENSG00000157510	2.271032490044273e-06
ENSG00000142279	2.271032490044273e-06
ENSG00000160058	2.2652787314854915e-06
ENSG00000105767	2.265214467392616e-06
ENSG00000132911	2.253337701751632e-06
ENSG00000171596	2.253337701751632e-06
ENSG00000256618	2.2513212223253395e-06
ENSG00000285203	2.245097374232763e-06
ENSG00000274538	2.245097374232763e-06
ENSG00000228075	2.2329667876759424e-06
ENSG00000203797	2.2302818248469124e-06
ENSG00000095321	2.2302818248469124e-06
ENSG00000127870	2.2289770445678152e-06
ENSG00000169291	2.2289770445678152e-06
ENSG00000278843	2.226349420119989e-06
ENSG00000134594	2.2253927896057267e-06
ENSG00000168743	2.224331774660158e-06
ENSG00000142405	2.2227919466476074e-06
ENSG00000164403	2.2214825876890345e-06
ENSG00000237165	2.2212414140156202e-06
ENSG00000179981	2.214284550565214e-06
ENSG00000159214	2.207736397759308e-06
ENSG00000163013	2.207736397759308e-06
ENSG00000212864	2.199197336971221e-06
ENSG00000229665	2.199197336971221e-06
ENSG00000100099	2.1988988483950764e-06
ENSG00000165521	2.197949407741858e-06
ENSG00000101577	2.197949407741858e-06
ENSG00000158966	2.197949407741858e-06
ENSG00000187094	2.197568708837323e-06
ENSG00000140521	2.19258655385351e-06
ENSG00000276358	2.188246688754722e-06
ENSG00000111886	2.1880131139932737e-06
ENSG00000086289	2.1880131139932737e-06
ENSG00000134775	2.1880131139932737e-06
ENSG00000278243	2.1804676129333273e-06
ENSG00000165055	2.180322370609385e-06
ENSG00000276615	2.1756333895044368e-06
ENSG00000087237	2.1756333895044368e-06
ENSG00000151778	2.1756333895044368e-06
ENSG00000275111	2.17559313958671e-06
ENSG00000111181	2.174245740504413e-06
ENSG00000153165	2.1727263503380213e-06
ENSG00000103111	2.1724223010110797e-06
ENSG00000095397	2.160099480989136e-06
ENSG00000101079	2.1505515804226448e-06
ENSG00000104129	2.150508545816138e-06
ENSG00000155890	2.141275251087973e-06
ENSG00000160505	2.134073155721277e-06
ENSG00000284290	2.1337333814408267e-06
ENSG00000102034	2.133400915051125e-06
ENSG00000167037	2.1328183512538235e-06
ENSG00000168014	2.1304905877438677e-06
ENSG00000166189	2.128498849262903e-06
ENSG00000148842	2.123411223679546e-06
ENSG00000051620	2.1203429558781897e-06
ENSG00000121210	2.1174092756142273e-06
ENSG00000106460	2.1174092756142273e-06
ENSG00000163803	2.1103613628792473e-06
ENSG00000165389	2.106350509229459e-06
ENSG00000183715	2.105972285926191e-06
ENSG00000144120	2.1010454555536653e-06
ENSG00000137857	2.100583140957617e-06
ENSG00000137449	2.0997224037426523e-06
ENSG00000188786	2.0995123724844634e-06
ENSG00000204271	2.0943265085650523e-06
ENSG00000141994	2.0844134936459423e-06
ENSG00000157103	2.084256727572324e-06
ENSG00000128285	2.083951674890303e-06
ENSG00000274145	2.0834473929604373e-06
ENSG00000109193	2.07442861670008e-06
ENSG00000164114	2.07442861670008e-06
ENSG00000186280	2.07442861670008e-06
ENSG00000170439	2.0735275136648034e-06
ENSG00000099377	2.070987311873467e-06
ENSG00000186501	2.067282235564157e-06
ENSG00000103018	2.0619196572114014e-06
ENSG00000223494	2.0558667591475886e-06
ENSG00000082212	2.0558667591475886e-06
ENSG00000187516	2.051872316023842e-06
ENSG00000198855	2.051872316023842e-06
ENSG00000177352	2.0510343721030743e-06
ENSG00000179912	2.0470643472746862e-06
ENSG00000065491	2.0470643472746862e-06
ENSG00000148985	2.042734378677342e-06
ENSG00000184867	2.040624481046739e-06
ENSG00000085465	2.038901214406741e-06
ENSG00000105518	2.027369925111067e-06
ENSG00000257594	2.0259599852643664e-06
ENSG00000173653	2.023254650997221e-06
ENSG00000128699	2.0198873269182916e-06
ENSG00000171813	2.0195347181844667e-06
ENSG00000157884	2.0185845525355657e-06
ENSG00000137880	2.0105144328903865e-06
ENSG00000135454	2.0101287398866883e-06
ENSG00000135622	2.0101287398866883e-06
ENSG00000149548	2.002289237336432e-06
ENSG00000137941	2.002289237336432e-06
ENSG00000078487	2.002289237336432e-06
ENSG00000103061	2.0018157825239143e-06
ENSG00000133597	1.9953014108077243e-06
ENSG00000135912	1.9945029394446697e-06
ENSG00000136371	1.991288560399851e-06
ENSG00000213015	1.991288560399851e-06
ENSG00000114999	1.991288560399851e-06
ENSG00000255561	1.9876821031074678e-06
ENSG00000164307	1.9824213956942905e-06
ENSG00000172803	1.9816726128962894e-06
ENSG00000237172	1.9789882522201034e-06
ENSG00000282992	1.9789882522201034e-06
ENSG00000166930	1.9789882522201034e-06
ENSG00000239961	1.9762911994173424e-06
ENSG00000184887	1.975804954872282e-06
ENSG00000103056	1.974421093513338e-06
ENSG00000197894	1.9703139606205328e-06
ENSG00000166750	1.9684904966073986e-06
ENSG00000172780	1.968088559993608e-06
ENSG00000126878	1.9650127369223937e-06
ENSG00000176720	1.963405464171429e-06
ENSG00000171970	1.963183835790645e-06
ENSG00000016864	1.958834108977477e-06
ENSG00000103037	1.9542878130833453e-06
ENSG00000197885	1.954284700117297e-06
ENSG00000122299	1.9475208076909732e-06
ENSG00000116035	1.946164793836556e-06
ENSG00000213625	1.9410219384998086e-06
ENSG00000012174	1.9397779890326562e-06
ENSG00000162645	1.9395109412828544e-06
ENSG00000164054	1.933720114533422e-06
ENSG00000166619	1.931412541219869e-06
ENSG00000182107	1.929685980483742e-06
ENSG00000120341	1.928141955678666e-06
ENSG00000089820	1.924664238442656e-06
ENSG00000008300	1.9221904147118746e-06
ENSG00000176371	1.9209948125404482e-06
ENSG00000005187	1.9208328302654607e-06
ENSG00000095713	1.918744762262e-06
ENSG00000148218	1.9185364728176584e-06
ENSG00000172057	1.915600808597962e-06
ENSG00000176771	1.9117839978601534e-06
ENSG00000124103	1.909606854247484e-06
ENSG00000163516	1.9063011399631756e-06
ENSG00000170100	1.9063011399631756e-06
ENSG00000162441	1.9063011399631756e-06
ENSG00000116667	1.899795662405694e-06
ENSG00000226479	1.899795662405694e-06
ENSG00000140993	1.895497846013679e-06
ENSG00000117480	1.8935398916620227e-06
ENSG00000086205	1.8935398916620227e-06
ENSG00000182359	1.8935398916620227e-06
ENSG00000162873	1.8848985622544057e-06
ENSG00000177556	1.8830108877209942e-06
ENSG00000119900	1.8811675486406708e-06
ENSG00000158691	1.880667141001824e-06
ENSG00000156298	1.8802467607975633e-06
ENSG00000162542	1.8802467607975633e-06
ENSG00000163286	1.879777238625996e-06
ENSG00000196352	1.8714724815742037e-06
ENSG00000134717	1.870280839057444e-06
ENSG00000181007	1.8684970068799397e-06
ENSG00000166402	1.865865804485757e-06
ENSG00000115295	1.8646914823258402e-06
ENSG00000166920	1.860683976532296e-06
ENSG00000198551	1.858585129912587e-06
ENSG00000288359	1.858585129912587e-06
ENSG00000282937	1.857342196766694e-06
ENSG00000188282	1.8562353957263194e-06
ENSG00000168826	1.8535634630430916e-06
ENSG00000140931	1.8525680173967604e-06
ENSG00000204653	1.847917423309837e-06
ENSG00000276184	1.8381419683362717e-06
ENSG00000124557	1.8379624307259622e-06
ENSG00000196862	1.8379624307259622e-06
ENSG00000128346	1.832712000019578e-06
ENSG00000274935	1.8301574819292833e-06
ENSG00000188641	1.8301045467812863e-06
ENSG00000125900	1.8273688088304334e-06
ENSG00000124299	1.8273688088304334e-06
ENSG00000276836	1.824747199058214e-06
ENSG00000135045	1.8244746874846812e-06
ENSG00000186377	1.8209910697257087e-06
ENSG00000109881	1.8145378541385043e-06
ENSG00000135002	1.8137596618349729e-06
ENSG00000283852	1.8134785130341079e-06
ENSG00000054690	1.8116542087495514e-06
ENSG00000171492	1.8111476288255574e-06
ENSG00000143845	1.8106779931489145e-06
ENSG00000008282	1.8105896641130572e-06
ENSG00000040933	1.8083905755656502e-06
ENSG00000159289	1.8063115046985675e-06
ENSG00000151364	1.801088851590657e-06
ENSG00000048471	1.791696458452104e-06
ENSG00000198951	1.7888555386431386e-06
ENSG00000140511	1.7888555386431386e-06
ENSG00000162755	1.78762186529409e-06
ENSG00000167525	1.78762186529409e-06
ENSG00000033100	1.7850258115927558e-06
ENSG00000167995	1.779189507661056e-06
ENSG00000163870	1.7780421608643802e-06
ENSG00000215915	1.7766205596543929e-06
ENSG00000206579	1.7754804739939595e-06
ENSG00000112303	1.7738305275559405e-06
ENSG00000132406	1.77252944372789e-06
ENSG00000109625	1.7722743341709478e-06
ENSG00000073067	1.7722743341709478e-06
ENSG00000179833	1.7716413399411004e-06
ENSG00000275483	1.7672653156858374e-06
ENSG00000275779	1.7640390062863926e-06
ENSG00000154222	1.7550259039286723e-06
ENSG00000275031	1.7550259039286723e-06
ENSG00000068724	1.7550259039286723e-06
ENSG00000213689	1.7510242361468807e-06
ENSG00000179029	1.7325514618710029e-06
ENSG00000137802	1.7311902710572976e-06
ENSG00000262243	1.726666737187398e-06
ENSG00000179387	1.7217095418422287e-06
ENSG00000186866	1.7179180032069971e-06
ENSG00000253719	1.7179180032069971e-06
ENSG00000102243	1.7127211298942468e-06
ENSG00000276761	1.7102967592449322e-06
ENSG00000167644	1.7102967592449322e-06
ENSG00000115459	1.698874685534169e-06
ENSG00000170160	1.696367057937377e-06
ENSG00000007062	1.6953363968248108e-06
ENSG00000158716	1.6888104670125414e-06
ENSG00000136147	1.6833746580587047e-06
ENSG00000171794	1.6818344004884718e-06
ENSG00000101474	1.6818344004884718e-06
ENSG00000129472	1.6818344004884718e-06
ENSG00000184292	1.6818344004884718e-06
ENSG00000186074	1.674997563584068e-06
ENSG00000104901	1.670551536010197e-06
ENSG00000165105	1.668898701383616e-06
ENSG00000101187	1.6665834395451045e-06
ENSG00000277086	1.6554233693684666e-06
ENSG00000125726	1.6506190922961108e-06
ENSG00000148158	1.6496812657545867e-06
ENSG00000009950	1.6485723092932915e-06
ENSG00000114547	1.6478831472351974e-06
ENSG00000164040	1.642419067202066e-06
ENSG00000100403	1.6397286203115626e-06
ENSG00000125851	1.637657601307957e-06
ENSG00000114021	1.6349971023604541e-06
ENSG00000258289	1.629454687645202e-06
ENSG00000198088	1.6267757790126773e-06
ENSG00000214941	1.6266949086350748e-06
ENSG00000143196	1.6201111284855261e-06
ENSG00000168916	1.6191067842336127e-06
ENSG00000105552	1.6138322966364552e-06
ENSG00000257727	1.6133494932070186e-06
ENSG00000182308	1.6127987621856307e-06
ENSG00000135407	1.599373488133383e-06
ENSG00000117419	1.5924567626243019e-06
ENSG00000173585	1.5876663248223367e-06
ENSG00000110074	1.5845039949429369e-06
ENSG00000198908	1.5791890303501368e-06
ENSG00000196812	1.5747028217369791e-06
ENSG00000135577	1.573884105271501e-06
ENSG00000085433	1.5721106738343614e-06
ENSG00000101282	1.5650280560253417e-06
ENSG00000143224	1.5604823135824703e-06
ENSG00000164011	1.5604823135824703e-06
ENSG00000136011	1.5420608584594166e-06
ENSG00000203883	1.5419626856595673e-06
ENSG00000104228	1.5418312136815255e-06
ENSG00000187045	1.529381533441147e-06
ENSG00000138796	1.5278915567186535e-06
ENSG00000125648	1.5269760464115264e-06
ENSG00000180938	1.5137290710944822e-06
ENSG00000103353	1.504916943282107e-06
ENSG00000213918	1.5005893468121333e-06
ENSG00000123892	1.4960494243766312e-06
ENSG00000100079	1.4889760523750516e-06
ENSG00000168116	1.487928115692338e-06
ENSG00000282739	1.487928115692338e-06
ENSG00000187627	1.4862901121450478e-06
ENSG00000197901	1.4827328885656663e-06
ENSG00000119943	1.4827328885656663e-06
ENSG00000176473	1.4789052074512863e-06
ENSG00000108509	1.4789052074512863e-06
ENSG00000041988	1.4740484110245686e-06
ENSG00000148411	1.4460464256115988e-06
ENSG00000165084	1.4434698875720038e-06
ENSG00000196663	1.441936272774308e-06
ENSG00000134874	1.4399566548639184e-06
ENSG00000100147	1.439008907772962e-06
ENSG00000064270	1.4386470648073972e-06
ENSG00000175938	1.4386470648073972e-06
ENSG00000288149	1.4352268400207464e-06
ENSG00000169933	1.4296026390326211e-06
ENSG00000275214	1.4240458506939406e-06
ENSG00000276286	1.4226078623325353e-06
ENSG00000151360	1.4125508718994452e-06
ENSG00000158792	1.411165491274817e-06
ENSG00000120669	1.4098369619797598e-06
ENSG00000086666	1.40971668091991e-06
ENSG00000144306	1.4067445369583754e-06
ENSG00000148730	1.4031365162860376e-06
ENSG00000176387	1.3961140476749403e-06
ENSG00000058799	1.3911661961369156e-06
ENSG00000276876	1.3907438555153071e-06
ENSG00000214575	1.3907438555153071e-06
ENSG00000137198	1.385026536482421e-06
ENSG00000204856	1.383714174465539e-06
ENSG00000148090	1.3824012891559324e-06
ENSG00000148468	1.3813189437500403e-06
ENSG00000125386	1.3813189437500403e-06
ENSG00000152102	1.3813189437500403e-06
ENSG00000143643	1.3813189437500403e-06
ENSG00000139737	1.3813189437500403e-06
ENSG00000120685	1.3813189437500403e-06
ENSG00000203867	1.3813189437500403e-06
ENSG00000125846	1.372681619702642e-06
ENSG00000124767	1.372681619702642e-06
ENSG00000145882	1.3700314149391872e-06
ENSG00000102897	1.3696816882800723e-06
ENSG00000154813	1.3660857239546008e-06
ENSG00000177842	1.3547640452494485e-06
ENSG00000178935	1.3547640452494485e-06
ENSG00000257591	1.3547640452494485e-06
ENSG00000278326	1.3523002825130037e-06
ENSG00000115457	1.343324266284468e-06
ENSG00000154359	1.3420928393743329e-06
ENSG00000108582	1.3345511485216214e-06
ENSG00000151806	1.3345511485216214e-06
ENSG00000285482	1.3299202686236344e-06
ENSG00000110660	1.3299202686236344e-06
ENSG00000158747	1.3249053289872917e-06
ENSG00000187730	1.3249053289872917e-06
ENSG00000066651	1.3235169605324775e-06
ENSG00000185215	1.3165534573575473e-06
ENSG00000147164	1.3165534573575473e-06
ENSG00000132972	1.3165534573575473e-06
ENSG00000198547	1.3074418699349597e-06
ENSG00000164117	1.304341990760673e-06
ENSG00000092377	1.3035472975194146e-06
ENSG00000161055	1.3031042459140221e-06
ENSG00000164265	1.3031042459140221e-06
ENSG00000197614	1.3005675851921798e-06
ENSG00000167641	1.296860078102916e-06
ENSG00000157657	1.296860078102916e-06
ENSG00000128185	1.2928088770962901e-06
ENSG00000133739	1.2925132257596892e-06
ENSG00000122591	1.27637154075375e-06
ENSG00000163590	1.2685832737304662e-06
ENSG00000146776	1.2678394453972102e-06
ENSG00000157827	1.2611806017444229e-06
ENSG00000275365	1.2611806017444229e-06
ENSG00000168056	1.2611806017444229e-06
ENSG00000102007	1.2501506465614969e-06
ENSG00000072657	1.2479603358451036e-06
ENSG00000103145	1.2434204244038033e-06
ENSG00000132958	1.2393848770221186e-06
ENSG00000196867	1.2327485361795576e-06
ENSG00000120471	1.231015887399927e-06
ENSG00000125458	1.213250114579225e-06
ENSG00000144063	1.2126450571421985e-06
ENSG00000169914	1.2061962484803671e-06
ENSG00000198832	1.1797178102871712e-06
ENSG00000151012	1.1719990825680713e-06
ENSG00000122873	1.1719990825680713e-06
ENSG00000113532	1.1639799627094366e-06
ENSG00000197372	1.1630524406905199e-06
ENSG00000278444	1.16219731518418e-06
ENSG00000197622	1.16219731518418e-06
ENSG00000064886	1.1556617165283502e-06
ENSG00000123810	1.1527738688516892e-06
ENSG00000197948	1.1379999579362756e-06
ENSG00000267534	1.1308206611568747e-06
ENSG00000132874	1.1301757501522988e-06
ENSG00000128965	1.1214745313576224e-06
ENSG00000171234	1.1162326693818363e-06
ENSG00000146755	1.1137261803790376e-06
ENSG00000171433	1.1137261803790376e-06
ENSG00000139410	1.1032505501130733e-06
ENSG00000197951	1.099589193197669e-06
ENSG00000213424	1.099589193197669e-06
ENSG00000167528	1.099589193197669e-06
ENSG00000143458	1.099589193197669e-06
ENSG00000266338	1.099589193197669e-06
ENSG00000122644	1.088387898903844e-06
ENSG00000102921	1.0867894458153055e-06
ENSG00000154957	1.0700822411420311e-06
ENSG00000130783	1.058932033395933e-06
ENSG00000160097	1.0544864434323894e-06
ENSG00000182362	1.0426380421024134e-06
ENSG00000118263	1.0386682053052782e-06
ENSG00000145022	1.028194251785781e-06
ENSG00000106266	1.0106461868806321e-06
ENSG00000013392	1.0020891775435962e-06
ENSG00000159335	9.792614637983505e-07
ENSG00000163394	9.339661876461042e-07
ENSG00000186190	9.179893377339077e-07
ENSG00000180098	9.166821367270514e-07
ENSG00000204946	8.817479959054983e-07
ENSG00000167470	8.281515772086643e-07
ENSG00000170367	4.851925992396881e-07
ENSG00000183979	0.0
ENSG00000288611	0.0
ENSG00000183971	0.0
ENSG00000139899	0.0
ENSG00000102924	0.0
ENSG00000186326	0.0
ENSG00000108370	0.0
ENSG00000186479	0.0
ENSG00000155495	0.0
ENSG00000268651	0.0
ENSG00000004399	0.0
ENSG00000196189	0.0
ENSG00000170381	0.0
ENSG00000133169	0.0
ENSG00000254550	0.0
ENSG00000173662	0.0
ENSG00000169962	0.0
ENSG00000179002	0.0
ENSG00000236625	0.0
ENSG00000226560	0.0
ENSG00000162631	0.0
ENSG00000148948	0.0
ENSG00000182557	0.0
ENSG00000121940	0.0
ENSG00000282424	0.0
ENSG00000282584	0.0
ENSG00000188393	0.0
ENSG00000256797	0.0
