GeneNames	Score
ENSG00000143147	0.005679008407118126
ENSG00000102970	0.004484064258445374
ENSG00000175832	0.004375279137127103
ENSG00000100302	0.0035398451794973877
ENSG00000146648	0.003322175441293107
ENSG00000177885	0.003164683816431369
ENSG00000162692	0.0031027192442584076
ENSG00000121879	0.0030964426157124255
ENSG00000141510	0.0029766121011285235
ENSG00000145675	0.0029505224658130957
ENSG00000163485	0.0027266865762581864
ENSG00000100393	0.002646125641854339
ENSG00000168036	0.002628980492976121
ENSG00000108946	0.002575436528936763
ENSG00000136997	0.002569931624499443
ENSG00000115414	0.0024618388582684923
ENSG00000288516	0.0023669246730229974
ENSG00000132155	0.002302258589013268
ENSG00000142208	0.002294414918154511
ENSG00000100644	0.00215766382175057
ENSG00000142875	0.002099187668475554
ENSG00000080824	0.002079580023053186
ENSG00000173039	0.002039727356580454
ENSG00000173599	0.0018438681058676367
ENSG00000091831	0.0018185080322387637
ENSG00000100030	0.0018015055870027714
ENSG00000276536	0.0017984437382299473
ENSG00000175387	0.001753727361999949
ENSG00000135723	0.0017433253407431618
ENSG00000164400	0.0016720740082328237
ENSG00000269335	0.001667958402047796
ENSG00000166913	0.0016387285156057988
ENSG00000156011	0.0016121072005229838
ENSG00000197122	0.0015445937250827572
ENSG00000116478	0.0014536594780827819
ENSG00000110092	0.0014500276875496973
ENSG00000136237	0.0013939329848750123
ENSG00000168610	0.0013923523287301927
ENSG00000177606	0.0013846390810479904
ENSG00000143171	0.001361839712314106
ENSG00000127191	0.001358748108119677
ENSG00000160691	0.0013477457456492258
ENSG00000132170	0.0013301161205863336
ENSG00000157764	0.001305296168888087
ENSG00000141738	0.0013029955146231884
ENSG00000165409	0.0012951550205724935
ENSG00000100603	0.001287193630147235
ENSG00000065361	0.0012571341918412595
ENSG00000067715	0.0012554932680263044
ENSG00000175104	0.0012413478999960409
ENSG00000166949	0.0012371182769605764
ENSG00000188612	0.001211140446733793
ENSG00000104365	0.0012074516522751525
ENSG00000198793	0.0012048338924370108
ENSG00000187266	0.0011999339989093223
ENSG00000105647	0.0011959284714025131
ENSG00000213281	0.0011940977481700666
ENSG00000164924	0.0011888357844650121
ENSG00000005339	0.001186561733210987
ENSG00000166333	0.0011826905714866463
ENSG00000102882	0.001178000091459336
ENSG00000082701	0.0011731177209901534
ENSG00000213341	0.0011730363879836664
ENSG00000112333	0.0011571977823318519
ENSG00000115904	0.0011515555322130738
ENSG00000171877	0.0011498597621530605
ENSG00000156299	0.001136345232859374
ENSG00000124181	0.0011259232963943182
ENSG00000096968	0.0011245426536369003
ENSG00000169032	0.0011059189024051521
ENSG00000179295	0.001093430287169516
ENSG00000140575	0.0010678163239841105
ENSG00000158485	0.0010560469274876882
ENSG00000174791	0.0010485184861673852
ENSG00000120885	0.0010361054493000861
ENSG00000105976	0.001034303612642423
ENSG00000086061	0.0010294414056544181
ENSG00000109320	0.001012825020212473
ENSG00000112062	0.00099189078130768
ENSG00000141480	0.0009811629588006583
ENSG00000096401	0.0009749929164737624
ENSG00000139687	0.0009727982671930047
ENSG00000102962	0.0009514129346770861
ENSG00000171552	0.0009486800704458517
ENSG00000232810	0.0009399722885447959
ENSG00000110395	0.0009394168335109149
ENSG00000135679	0.0009341963585396761
ENSG00000165731	0.0009310355564157547
ENSG00000067182	0.0009305294622201268
ENSG00000096384	0.0009272299368991999
ENSG00000154734	0.0009233043844625161
ENSG00000173692	0.0009218992533062295
ENSG00000141736	0.0009151268714510091
ENSG00000164362	0.0009029081088036732
ENSG00000169083	0.0008999482472869355
ENSG00000103197	0.0008953099463428945
ENSG00000281324	0.0008943719653204327
ENSG00000171862	0.0008908682283886321
ENSG00000118046	0.0008877650924337723
ENSG00000088387	0.0008874220390299555
ENSG00000196591	0.0008849421476246211
ENSG00000196924	0.0008762164608243752
ENSG00000159216	0.0008746646493297446
ENSG00000136244	0.0008635265247503492
ENSG00000115966	0.0008570611187949543
ENSG00000162434	0.0008568026558298541
ENSG00000135318	0.0008541082992573923
ENSG00000174950	0.000851745602474659
ENSG00000163631	0.0008398005165512125
ENSG00000135740	0.0008392497046227498
ENSG00000124762	0.0008352468352724339
ENSG00000113721	0.0008342569832737166
ENSG00000150093	0.0008324673227317526
ENSG00000170345	0.0008303862578715391
ENSG00000148400	0.0008286338419087863
ENSG00000123374	0.0008249279913357219
ENSG00000136238	0.0008237422184473963
ENSG00000070831	0.0008138863253665344
ENSG00000116473	0.0008107558671556757
ENSG00000188379	0.0008014950974239855
ENSG00000147873	0.0007989655037374145
ENSG00000092148	0.0007988699773966901
ENSG00000114353	0.000794284348610007
ENSG00000117461	0.0007919879615662838
ENSG00000171791	0.000791329957648308
ENSG00000010810	0.000783132483998573
ENSG00000152284	0.000777281447143628
ENSG00000100697	0.0007769505297594535
ENSG00000131095	0.0007748358824265105
ENSG00000183421	0.0007681835866500834
ENSG00000036257	0.0007665082170980277
ENSG00000047410	0.0007560058218059757
ENSG00000180530	0.000748165795492558
ENSG00000143549	0.0007405876313261895
ENSG00000004487	0.0007352152021350595
ENSG00000068078	0.0007330093127461296
ENSG00000107643	0.0007266473917738684
ENSG00000170027	0.0007265412957555023
ENSG00000148334	0.0007231880787035743
ENSG00000135341	0.0007192014835248916
ENSG00000141867	0.0007130555584347466
ENSG00000088986	0.0007126296409672788
ENSG00000118260	0.0007118328512401857
ENSG00000158186	0.0007055758128837057
ENSG00000175793	0.00070450456269098
ENSG00000116062	0.0007042710875544093
ENSG00000137486	0.0007015631742792643
ENSG00000169398	0.0007011366379049644
ENSG00000133703	0.000690013573110105
ENSG00000162337	0.0006882425577802026
ENSG00000116030	0.0006858181657742975
ENSG00000100345	0.0006850699488709241
ENSG00000130427	0.0006850065573858366
ENSG00000161682	0.0006816120530957581
ENSG00000005884	0.0006791110049301094
ENSG00000197461	0.0006780783936711461
ENSG00000106366	0.0006733510752117856
ENSG00000115415	0.0006731218714806966
ENSG00000012048	0.0006717241254018557
ENSG00000139193	0.0006551911305600058
ENSG00000064012	0.0006532764368292416
ENSG00000123358	0.0006526021743177851
ENSG00000172531	0.0006510127035150762
ENSG00000076864	0.0006456659947452508
ENSG00000137275	0.0006399724849125611
ENSG00000147403	0.0006340494202251631
ENSG00000167193	0.0006339829851103075
ENSG00000129521	0.0006339799564728394
ENSG00000141367	0.0006304004732000615
ENSG00000196923	0.0006272330553958972
ENSG00000100906	0.0006267422849888802
ENSG00000126934	0.0006258483152965471
ENSG00000105568	0.0006250978107557686
ENSG00000113558	0.0006156651080048714
ENSG00000172936	0.0006148456424087863
ENSG00000113575	0.0006134897052369291
ENSG00000125726	0.0006071371399295274
ENSG00000109971	0.0006068651637384082
ENSG00000169252	0.0006044571988200933
ENSG00000077782	0.0006042720217740639
ENSG00000254087	0.0006036316685421761
ENSG00000166167	0.0006019273069542645
ENSG00000137693	0.0005974366591732606
ENSG00000165156	0.000592728150791425
ENSG00000161011	0.0005915081565207765
ENSG00000167004	0.0005896868513097784
ENSG00000181163	0.0005889849429803983
ENSG00000134853	0.0005884767949502215
ENSG00000183735	0.0005835970008045717
ENSG00000182866	0.0005768628905018222
ENSG00000196504	0.0005764445239401912
ENSG00000111679	0.0005727920641341301
ENSG00000136158	0.0005716517781912216
ENSG00000051382	0.0005676372131217075
ENSG00000162733	0.0005642017844330343
ENSG00000134086	0.0005623379069266669
ENSG00000125266	0.0005592531634380496
ENSG00000142192	0.0005507748165313726
ENSG00000110330	0.0005474884960253011
ENSG00000185591	0.0005466727482542263
ENSG00000033867	0.0005460504062271752
ENSG00000168077	0.0005443408829272013
ENSG00000128271	0.0005437237391741797
ENSG00000157404	0.0005419338295571373
ENSG00000011422	0.0005405139031112817
ENSG00000103126	0.0005401777648300169
ENSG00000140009	0.0005400344843028923
ENSG00000075785	0.000539524657985478
ENSG00000153187	0.0005391584519889677
ENSG00000141646	0.000537879812618701
ENSG00000100368	0.0005376883817016275
ENSG00000135446	0.00053508092052897
ENSG00000131725	0.000532911668171803
ENSG00000171608	0.0005266182408143129
ENSG00000067560	0.0005222018193339106
ENSG00000131981	0.0005213192116780216
ENSG00000122512	0.0005202332724212904
ENSG00000102265	0.0005190716846597739
ENSG00000197747	0.0005183395711269071
ENSG00000100934	0.0005183384817562595
ENSG00000165280	0.0005173142993716564
ENSG00000076242	0.0005159919676659657
ENSG00000067900	0.0005112102372541007
ENSG00000109458	0.000510814636800306
ENSG00000165025	0.0005099383433087968
ENSG00000096717	0.0005092311539330248
ENSG00000141968	0.0005082488613884377
ENSG00000184156	0.000507635574713547
ENSG00000186298	0.0005071549624675512
ENSG00000103275	0.0005064676889840425
ENSG00000078061	0.0005041589449993325
ENSG00000198807	0.0005007241808205599
ENSG00000140464	0.00050024002769442
ENSG00000131759	0.0005001733825152538
ENSG00000165916	0.0004999123009715024
ENSG00000097007	0.0004973133805316533
ENSG00000186350	0.0004924832001405516
ENSG00000001626	0.0004924159432373188
ENSG00000117139	0.0004922969550192703
ENSG00000184216	0.0004912070147332877
ENSG00000072803	0.0004906753311892393
ENSG00000111276	0.000489835456340853
ENSG00000131236	0.00048706411292825165
ENSG00000134308	0.0004869084979599301
ENSG00000111581	0.00048628286147337906
ENSG00000113712	0.00048614343403059794
ENSG00000075624	0.00048426262149917776
ENSG00000055208	0.0004837976957504551
ENSG00000102871	0.00048307249161285717
ENSG00000182718	0.00048163329053629666
ENSG00000169047	0.0004808654951135336
ENSG00000236177	0.00047860631906574823
ENSG00000143977	0.0004773705833195462
ENSG00000099942	0.0004771674043264776
ENSG00000138071	0.00047537386646023507
ENSG00000171720	0.0004746199095484629
ENSG00000173226	0.0004735528294743136
ENSG00000213639	0.0004715977519203718
ENSG00000055130	0.00046786118362061104
ENSG00000184009	0.00046563674544692593
ENSG00000087191	0.00046379607705507054
ENSG00000105401	0.00046143936308722463
ENSG00000041353	0.00046012978371135773
ENSG00000274474	0.00045953082755263735
ENSG00000021852	0.00045939130376721485
ENSG00000134982	0.00045902009718939003
ENSG00000077150	0.0004585555209434386
ENSG00000184500	0.0004576914559689042
ENSG00000134352	0.00045567669599729313
ENSG00000101412	0.0004541173138343193
ENSG00000106799	0.0004539044495165273
ENSG00000127616	0.00045336438924767515
ENSG00000145715	0.0004529484990066929
ENSG00000136931	0.00045080627833247766
ENSG00000158470	0.0004478481016850047
ENSG00000173402	0.0004476362497127239
ENSG00000147601	0.00044730956307875805
ENSG00000002330	0.0004463913701470363
ENSG00000185359	0.0004434087681517172
ENSG00000125686	0.0004413135303909012
ENSG00000161203	0.0004399547487326695
ENSG00000151693	0.0004373078871626338
ENSG00000050748	0.0004366666150733784
ENSG00000136754	0.00043545534206752346
ENSG00000132334	0.0004342304826326784
ENSG00000055917	0.00043379601571848887
ENSG00000066468	0.00043272171229118573
ENSG00000180370	0.00043060163614832376
ENSG00000163513	0.0004270497556253522
ENSG00000105974	0.0004246805245375065
ENSG00000157765	0.0004240511653550417
ENSG00000140992	0.0004236050188106401
ENSG00000133794	0.0004234878252951656
ENSG00000100324	0.00041872848298398635
ENSG00000178568	0.0004181505239751571
ENSG00000105221	0.0004180094820948266
ENSG00000135829	0.00041755485294294635
ENSG00000188486	0.00041729732937527024
ENSG00000094916	0.0004163327808864999
ENSG00000141027	0.0004156258617214673
ENSG00000118007	0.00041332081332278185
ENSG00000120738	0.00041288146131929936
ENSG00000137752	0.0004127681800159626
ENSG00000128052	0.0004124857403739258
ENSG00000116977	0.00041125313656121003
ENSG00000169375	0.0004099105157430763
ENSG00000124789	0.0004097556435878521
ENSG00000065135	0.0004070097032975853
ENSG00000128245	0.0004058238883555235
ENSG00000113758	0.0004053908425494201
ENSG00000118898	0.00040525697030641605
ENSG00000138735	0.0004051784541238138
ENSG00000168214	0.0004038261973820697
ENSG00000168040	0.00040310204824367654
ENSG00000198223	0.0004024551639040706
ENSG00000112559	0.0004024232325893619
ENSG00000131323	0.0003969460831494417
ENSG00000112715	0.00039588181602519094
ENSG00000108691	0.00039559772012462
ENSG00000078747	0.0003943254263659158
ENSG00000145623	0.00039371741922147684
ENSG00000056558	0.0003919607003024499
ENSG00000117560	0.0003917536913030373
ENSG00000138685	0.0003909722673962783
ENSG00000140443	0.0003891426726190685
ENSG00000100387	0.00038785944089594123
ENSG00000087088	0.0003877771686025404
ENSG00000253729	0.00038662854947629283
ENSG00000116489	0.0003862837643772071
ENSG00000101558	0.00038624706411625044
ENSG00000188906	0.0003853347743830887
ENSG00000176624	0.000384701259945652
ENSG00000137713	0.0003837402269281776
ENSG00000162105	0.00038349326874275
ENSG00000184845	0.0003829424194656181
ENSG00000109906	0.0003825600874178456
ENSG00000136807	0.00038077006827300373
ENSG00000159352	0.000379510232444569
ENSG00000196083	0.00037852813518498467
ENSG00000126561	0.00037689696917792026
ENSG00000164305	0.0003768728606673691
ENSG00000167862	0.00037645899948265564
ENSG00000104689	0.000376449865732514
ENSG00000114062	0.00037522714930982823
ENSG00000125378	0.0003748910644020641
ENSG00000101945	0.00037468283383058925
ENSG00000069956	0.0003742697477701102
ENSG00000106804	0.0003734033952977792
ENSG00000167553	0.00037291827682887517
ENSG00000175602	0.00037208827202003087
ENSG00000120899	0.00037182079256163083
ENSG00000174720	0.0003705706276059225
ENSG00000105810	0.000369998949979685
ENSG00000113580	0.0003699583910510417
ENSG00000152822	0.0003695323326421092
ENSG00000179218	0.00036846698752122204
ENSG00000101266	0.0003683884451980144
ENSG00000038427	0.00036835566342836146
ENSG00000119535	0.0003682348903297786
ENSG00000198898	0.00036785319457195226
ENSG00000166851	0.0003675858836079037
ENSG00000075711	0.0003667640351614192
ENSG00000198909	0.0003644419881446332
ENSG00000142949	0.00036437250701893006
ENSG00000186106	0.0003624636328364117
ENSG00000151491	0.0003623869085081609
ENSG00000185627	0.000362220072912801
ENSG00000113083	0.0003621231200387439
ENSG00000105699	0.0003611914482062405
ENSG00000026025	0.0003605295133372994
ENSG00000100764	0.00035996679865131514
ENSG00000158092	0.00035943419575410054
ENSG00000160791	0.0003584529737821351
ENSG00000128513	0.00035815875923591694
ENSG00000171105	0.0003580671697404049
ENSG00000180900	0.0003577475147797651
ENSG00000109586	0.00035756030438626146
ENSG00000184557	0.00035672822657087925
ENSG00000100485	0.0003567052014731769
ENSG00000026103	0.0003565394431389107
ENSG00000110713	0.0003558829195368666
ENSG00000173852	0.0003546505772369367
ENSG00000078369	0.00035453575678952916
ENSG00000109113	0.00035430371519899566
ENSG00000124164	0.00035406001690696027
ENSG00000160307	0.0003526690687338415
ENSG00000166145	0.00035257947215036985
ENSG00000114302	0.00035181505988618467
ENSG00000060656	0.0003515709456011979
ENSG00000286522	0.00035126859333814556
ENSG00000157450	0.00034954967888354237
ENSG00000070770	0.00034947092444117774
ENSG00000150394	0.00034922235288465845
ENSG00000197442	0.0003492094107434565
ENSG00000131196	0.00034861920403635334
ENSG00000167642	0.0003484457282237637
ENSG00000113361	0.00034793216617047974
ENSG00000159692	0.00034625528799352227
ENSG00000113916	0.00034577068507700464
ENSG00000126215	0.0003454123631560452
ENSG00000113578	0.0003452754388822383
ENSG00000089356	0.0003447016862939648
ENSG00000008018	0.00034447304607968025
ENSG00000111711	0.00034301005947997486
ENSG00000106588	0.0003428589461855604
ENSG00000169604	0.00034223454082152316
ENSG00000049768	0.0003413392112892168
ENSG00000104695	0.000341323279665281
ENSG00000134755	0.0003411298467143671
ENSG00000077097	0.00034108218554698244
ENSG00000166233	0.00034076907121437645
ENSG00000084676	0.0003403018712554914
ENSG00000160255	0.0003393852101872364
ENSG00000138166	0.0003393491478359611
ENSG00000198900	0.0003388206336553322
ENSG00000105639	0.00033827717393435867
ENSG00000172534	0.000337661334554746
ENSG00000170262	0.00033764944687175757
ENSG00000076344	0.0003372277399748585
ENSG00000163898	0.00033667390723501255
ENSG00000135486	0.0003351856300385689
ENSG00000039068	0.00033376919117281747
ENSG00000120156	0.0003336677863482344
ENSG00000175166	0.0003335714368355562
ENSG00000163975	0.0003330398454050445
ENSG00000134313	0.00033191786917349705
ENSG00000273686	0.0003313469314708228
ENSG00000169860	0.00033008039636675085
ENSG00000138639	0.0003299674329626599
ENSG00000108424	0.00032976234623362575
ENSG00000146535	0.0003292751186216912
ENSG00000128283	0.00032853015653063215
ENSG00000196396	0.00032806878909201996
ENSG00000166226	0.00032798077085847575
ENSG00000187555	0.00032670978495171
ENSG00000129084	0.0003257555777871638
ENSG00000273993	0.0003256975961164894
ENSG00000283777	0.000325314134930296
ENSG00000143799	0.00032377663858972945
ENSG00000047315	0.0003233567409299325
ENSG00000166848	0.0003231829445750073
ENSG00000023445	0.0003224817763797886
ENSG00000197943	0.000321933459098456
ENSG00000004700	0.00032173930212324166
ENSG00000056097	0.0003216301030437701
ENSG00000122861	0.0003213169868599327
ENSG00000101367	0.0003209986660160599
ENSG00000164068	0.00032078895972504723
ENSG00000178764	0.0003204723424573931
ENSG00000167600	0.00031985563813924226
ENSG00000147168	0.00031951212686239417
ENSG00000135018	0.00031938435494437535
ENSG00000122585	0.00031916678097072934
ENSG00000165059	0.00031908027345748383
ENSG00000117395	0.00031904520207989997
ENSG00000092445	0.0003185674867334336
ENSG00000130635	0.0003185027707269829
ENSG00000166135	0.00031742551536164776
ENSG00000167770	0.00031737574417122063
ENSG00000173801	0.0003166948010080059
ENSG00000132535	0.00031626542738698744
ENSG00000107854	0.0003157217921601228
ENSG00000180210	0.0003155257655758193
ENSG00000118689	0.00031519304807496465
ENSG00000183625	0.0003147080605313264
ENSG00000168961	0.0003146005412289424
ENSG00000127955	0.0003139453870049851
ENSG00000103490	0.00031381077670203557
ENSG00000196498	0.00031369912680948595
ENSG00000170759	0.0003136942653193413
ENSG00000124466	0.0003134516964459351
ENSG00000080503	0.00031318212729644363
ENSG00000101966	0.0003130653883488777
ENSG00000182944	0.00031280823162746333
ENSG00000082781	0.000312274805841431
ENSG00000136869	0.00031220246964403376
ENSG00000106462	0.0003115990265662382
ENSG00000150907	0.00031134269417790053
ENSG00000130396	0.00031067619650026497
ENSG00000006451	0.0003098490653947445
ENSG00000144681	0.0003091432980309103
ENSG00000167552	0.00030839061515645265
ENSG00000101336	0.0003083288080232085
ENSG00000068796	0.0003083047001512856
ENSG00000115233	0.0003079469659923177
ENSG00000115091	0.00030749864521887205
ENSG00000166225	0.00030722893163752726
ENSG00000179913	0.00030699382484647626
ENSG00000149311	0.0003065506039376599
ENSG00000108055	0.0003053448483390065
ENSG00000120129	0.00030519476417731524
ENSG00000125107	0.0003048740058387467
ENSG00000173473	0.00030481943404826663
ENSG00000125730	0.00030466345532677687
ENSG00000170248	0.0003045340455234341
ENSG00000197879	0.0003039606778238443
ENSG00000153827	0.0003037624941704528
ENSG00000130726	0.00030369989324657365
ENSG00000101255	0.00030349570711266343
ENSG00000183207	0.00030340065436180324
ENSG00000050628	0.00030314867668340526
ENSG00000173757	0.00030312288782224017
ENSG00000086758	0.000302980061090403
ENSG00000154229	0.00030259794481504287
ENSG00000172354	0.00030233542840288417
ENSG00000163960	0.0003020711502172329
ENSG00000182963	0.00030197555769452674
ENSG00000172977	0.00030162251512655077
ENSG00000160712	0.00030079990131505973
ENSG00000163235	0.0003006149925194706
ENSG00000094631	0.0003005512563513378
ENSG00000082898	0.00030038802748841916
ENSG00000019995	0.0002989028718048567
ENSG00000004975	0.00029817016442696586
ENSG00000278372	0.0002979277778416143
ENSG00000124151	0.00029776391266486235
ENSG00000140937	0.00029665118143684584
ENSG00000134243	0.0002963596538028052
ENSG00000140396	0.0002963387180000119
ENSG00000006062	0.000295647642371313
ENSG00000116106	0.00029548207571196135
ENSG00000185745	0.0002954239153513984
ENSG00000153107	0.0002950400429274722
ENSG00000137801	0.0002946621819030168
ENSG00000071051	0.00029455658022241207
ENSG00000066382	0.00029408339385201637
ENSG00000159377	0.00029405542456139195
ENSG00000166266	0.00029387593515481066
ENSG00000165527	0.0002936020205874852
ENSG00000101109	0.0002933081139303549
ENSG00000138448	0.0002930611048654349
ENSG00000196776	0.00029281794712941137
ENSG00000183798	0.00029276484092441245
ENSG00000126456	0.00029264102361412986
ENSG00000170558	0.000292416123979305
ENSG00000163932	0.0002923741528466264
ENSG00000010671	0.0002923031496105412
ENSG00000128266	0.00029210945783419474
ENSG00000118503	0.00029162884809777874
ENSG00000196628	0.0002915463139058308
ENSG00000177283	0.000290519791770232
ENSG00000169429	0.00029022003509972456
ENSG00000164164	0.00028956992820746704
ENSG00000102804	0.0002895339575800249
ENSG00000082153	0.0002893785211496669
ENSG00000015475	0.00028929072231670346
ENSG00000015285	0.00028927134940985843
ENSG00000156711	0.0002890439627711035
ENSG00000182022	0.0002885620272477131
ENSG00000064300	0.00028717239554323476
ENSG00000131504	0.0002859957799709366
ENSG00000178562	0.00028582524034973265
ENSG00000104312	0.0002857370074240448
ENSG00000109339	0.00028569470509155135
ENSG00000068024	0.0002855211208483513
ENSG00000198862	0.00028541827659292674
ENSG00000122565	0.00028513338714337505
ENSG00000106100	0.0002850321109272801
ENSG00000115808	0.0002850068082834258
ENSG00000103266	0.0002842291049685919
ENSG00000117069	0.000283788518745922
ENSG00000163563	0.00028343804757746064
ENSG00000232575	0.0002833214357206635
ENSG00000078674	0.00028327306187281553
ENSG00000089159	0.0002827271738413115
ENSG00000041357	0.00028258528547113427
ENSG00000077380	0.0002825426025389574
ENSG00000127603	0.0002819329605406928
ENSG00000147162	0.000281796017645829
ENSG00000157349	0.000281285360411772
ENSG00000138802	0.00028115964756015275
ENSG00000228083	0.00028098356620474916
ENSG00000137154	0.0002807131345182841
ENSG00000143947	0.00028043768101811237
ENSG00000108671	0.00028041286522887033
ENSG00000108821	0.00028039686642949426
ENSG00000132646	0.00028007887912586635
ENSG00000196535	0.00027993588788659295
ENSG00000198959	0.0002797000961118067
ENSG00000114166	0.0002794340448040772
ENSG00000108561	0.00027931367203785565
ENSG00000140262	0.00027912570765882186
ENSG00000108443	0.0002788469320783686
ENSG00000153201	0.00027855171641223995
ENSG00000100151	0.00027833180126076465
ENSG00000275903	0.0002782041739160414
ENSG00000087077	0.0002779442913483229
ENSG00000182580	0.00027778177481928637
ENSG00000127445	0.00027761226730569526
ENSG00000198851	0.00027750683079830765
ENSG00000103653	0.00027688161089700717
ENSG00000148848	0.00027593261954947265
ENSG00000141568	0.00027559398243327544
ENSG00000135316	0.0002751064797329722
ENSG00000119541	0.0002747721348342126
ENSG00000067606	0.00027462830984061965
ENSG00000173638	0.0002744237385546527
ENSG00000132341	0.00027414714354270005
ENSG00000196419	0.00027394272214488046
ENSG00000055332	0.0002737445410082863
ENSG00000149269	0.00027258631852998587
ENSG00000157510	0.0002721933413367808
ENSG00000187079	0.00027172351535220945
ENSG00000187608	0.00027160983874639484
ENSG00000101972	0.0002715753077334344
ENSG00000100567	0.00027102216795479926
ENSG00000163517	0.0002710146403087569
ENSG00000062650	0.0002708371183247121
ENSG00000131435	0.0002705468299845019
ENSG00000066777	0.0002705039630290095
ENSG00000100385	0.00027034221327894054
ENSG00000132356	0.0002699878651071785
ENSG00000079246	0.00026960963965272556
ENSG00000125538	0.0002696086577494783
ENSG00000274233	0.00026958858076399687
ENSG00000090060	0.00026940225670146636
ENSG00000100888	0.0002689501619655866
ENSG00000011426	0.00026889892221878875
ENSG00000100462	0.00026860234080484957
ENSG00000225201	0.00026846093683820135
ENSG00000284096	0.0002683549984134677
ENSG00000126457	0.0002683170280586006
ENSG00000171560	0.00026753415565764545
ENSG00000136930	0.00026728456720976945
ENSG00000134013	0.00026718842498921853
ENSG00000101182	0.0002670241180487402
ENSG00000112658	0.0002670138910165505
ENSG00000109756	0.00026695791722257964
ENSG00000154342	0.00026630775686522037
ENSG00000259207	0.00026612608251927293
ENSG00000221983	0.0002660292943210862
ENSG00000167110	0.0002658371599705179
ENSG00000164209	0.00026543150309389635
ENSG00000167085	0.0002650199624242029
ENSG00000128487	0.00026451390440481554
ENSG00000161057	0.00026425347737230856
ENSG00000112763	0.0002641232056563238
ENSG00000118137	0.0002639166758685646
ENSG00000154040	0.00026382974683080085
ENSG00000136848	0.00026375462885997955
ENSG00000162735	0.0002633970280908399
ENSG00000100519	0.00026326253913268544
ENSG00000115170	0.00026303078920406975
ENSG00000143970	0.00026284664720947027
ENSG00000182220	0.0002628464121694469
ENSG00000181555	0.00026267016216555925
ENSG00000083750	0.00026257179729121
ENSG00000075218	0.0002622191820976185
ENSG00000198400	0.00026174622454316155
ENSG00000141985	0.00026160310478660535
ENSG00000128731	0.00026145821640773126
ENSG00000160888	0.00026060102670315613
ENSG00000145386	0.00026049327507263827
ENSG00000137161	0.0002602478593669669
ENSG00000280548	0.00026016872215374947
ENSG00000102125	0.00025990581544999014
ENSG00000127314	0.0002597285582642629
ENSG00000145332	0.00025971219877426365
ENSG00000108342	0.0002594720925890083
ENSG00000100311	0.00025933893631317593
ENSG00000061676	0.0002591168649559992
ENSG00000069869	0.00025899209441331743
ENSG00000275126	0.0002588919889103655
ENSG00000167460	0.0002584952610689038
ENSG00000233816	0.00025837526708146516
ENSG00000168412	0.00025832151953467667
ENSG00000160271	0.00025831858600103497
ENSG00000131023	0.0002583024776566692
ENSG00000116641	0.0002581773141934389
ENSG00000028137	0.0002578984199569963
ENSG00000129315	0.0002577839964422572
ENSG00000147065	0.00025770584257897903
ENSG00000163283	0.00025749958075175133
ENSG00000234651	0.0002574287848733155
ENSG00000125991	0.00025727549358318025
ENSG00000095015	0.0002570483069022189
ENSG00000113889	0.00025704504779753797
ENSG00000185950	0.00025688614255774405
ENSG00000152104	0.0002568632723666179
ENSG00000174827	0.00025677727496751157
ENSG00000183813	0.00025667048309667125
ENSG00000103479	0.0002564714684305375
ENSG00000187908	0.0002564398472516372
ENSG00000107404	0.0002562210794111901
ENSG00000073282	0.00025605107129444526
ENSG00000112592	0.00025558181713345216
ENSG00000164171	0.0002554085398932716
ENSG00000134250	0.0002554057722430185
ENSG00000123610	0.00025538730792980165
ENSG00000139318	0.00025445561194354987
ENSG00000196367	0.00025419225406095715
ENSG00000116260	0.00025418827806925986
ENSG00000170312	0.00025411235014861694
ENSG00000088888	0.0002540525373385165
ENSG00000029363	0.0002538968899090617
ENSG00000196155	0.0002533340378015114
ENSG00000232960	0.0002531934703631208
ENSG00000120868	0.0002531733209938602
ENSG00000023287	0.00025297225197901666
ENSG00000100395	0.0002520821073748899
ENSG00000124171	0.00025198580928377143
ENSG00000138081	0.00025183105747200556
ENSG00000164885	0.00025178052944202983
ENSG00000048649	0.0002513971071701444
ENSG00000172757	0.00025106915970619985
ENSG00000165997	0.0002509329038972445
ENSG00000138798	0.00025083553758807576
ENSG00000153147	0.00025019174993919075
ENSG00000108510	0.0002501372213522887
ENSG00000105397	0.0002498615361774062
ENSG00000120235	0.00024974265165993907
ENSG00000242386	0.00024964782069927035
ENSG00000148396	0.00024891291120566545
ENSG00000078808	0.0002488828414220799
ENSG00000100351	0.00024865535790317847
ENSG00000184368	0.00024849264212689105
ENSG00000102755	0.0002481734196159382
ENSG00000123154	0.00024807103685338687
ENSG00000120526	0.00024771285655710956
ENSG00000206075	0.00024670448882796735
ENSG00000204217	0.00024636986700072444
ENSG00000092201	0.00024636828534576845
ENSG00000154783	0.0002462503238034773
ENSG00000105894	0.000246185566765464
ENSG00000197956	0.0002454110904432171
ENSG00000174564	0.00024536504761230895
ENSG00000119318	0.0002452829755502477
ENSG00000102524	0.00024501644219964265
ENSG00000096996	0.00024487201322694686
ENSG00000133055	0.00024468438666629366
ENSG00000159110	0.00024436512011730463
ENSG00000151694	0.00024309998829428385
ENSG00000150455	0.00024259718021255042
ENSG00000170775	0.00024243954046871845
ENSG00000080815	0.00024233935889122785
ENSG00000162607	0.00024231983500319716
ENSG00000149273	0.00024224087676414686
ENSG00000102401	0.00024219518822356416
ENSG00000156508	0.00024203257852779928
ENSG00000240508	0.00024193518225914038
ENSG00000147133	0.0002417060002929949
ENSG00000164935	0.00024111919116677832
ENSG00000145335	0.00024103476939878036
ENSG00000126016	0.00024103125670246308
ENSG00000104517	0.0002409982435389438
ENSG00000108094	0.00024099293111269515
ENSG00000083168	0.0002408736833934739
ENSG00000131508	0.0002407988841177559
ENSG00000109332	0.00024071357301273582
ENSG00000142937	0.00024062796505743908
ENSG00000147548	0.00024044960217264668
ENSG00000115085	0.0002404357082248306
ENSG00000147883	0.00024030283111929526
ENSG00000138668	0.00023996379137413782
ENSG00000110324	0.00023990658482437238
ENSG00000112164	0.00023984708736804152
ENSG00000115464	0.00023977857086322259
ENSG00000171345	0.00023966649350647953
ENSG00000138594	0.00023955195992698584
ENSG00000162552	0.00023937578579685709
ENSG00000106211	0.00023912046184211758
ENSG00000107175	0.00023891445074198457
ENSG00000227046	0.00023877627537713449
ENSG00000033327	0.00023874662474646514
ENSG00000141564	0.00023846910498177108
ENSG00000163636	0.00023831898730372993
ENSG00000170365	0.0002378284794419357
ENSG00000077092	0.00023765687565114018
ENSG00000105701	0.00023765433463544578
ENSG00000185386	0.0002376148741148341
ENSG00000096060	0.0002376060740250658
ENSG00000113194	0.00023748084691248948
ENSG00000181104	0.00023741722804872858
ENSG00000166016	0.0002372877768363459
ENSG00000154556	0.00023715153467854347
ENSG00000101752	0.00023712249632346728
ENSG00000134762	0.00023699850321379093
ENSG00000080493	0.0002368664539023231
ENSG00000241553	0.00023668785488100653
ENSG00000099341	0.0002365864825052035
ENSG00000107581	0.00023611780430858
ENSG00000135387	0.00023607066308306988
ENSG00000109606	0.00023589683933036365
ENSG00000108840	0.0002358414853250988
ENSG00000068650	0.0002356108913843938
ENSG00000177105	0.0002355773960329846
ENSG00000263528	0.00023498127881369706
ENSG00000079819	0.00023475982281249118
ENSG00000113013	0.00023413025008092034
ENSG00000058085	0.00023354415406536265
ENSG00000050405	0.00023348567458335501
ENSG00000163673	0.00023347754709804807
ENSG00000186919	0.00023334482165455767
ENSG00000143384	0.0002332763388502101
ENSG00000147010	0.00023324960714594804
ENSG00000110660	0.00023311291016023952
ENSG00000143575	0.00023281492955112037
ENSG00000156052	0.0002327749380803523
ENSG00000147649	0.00023269243963652838
ENSG00000139613	0.0002315568574512109
ENSG00000116661	0.00023154451504457736
ENSG00000101126	0.00023139000601638093
ENSG00000147677	0.00023136802187426642
ENSG00000108654	0.00023132992511049066
ENSG00000119655	0.00023115495725754836
ENSG00000172216	0.00023107027321213415
ENSG00000135547	0.0002309128703723636
ENSG00000281221	0.00023078418508643028
ENSG00000170315	0.00023065484428814344
ENSG00000125780	0.00023063840753630627
ENSG00000131910	0.00023040859118465113
ENSG00000122194	0.00023024126383091768
ENSG00000113302	0.00023008812626077802
ENSG00000196659	0.00023003846571675784
ENSG00000127824	0.0002297615937371169
ENSG00000137076	0.0002296935359729758
ENSG00000111785	0.0002296384066643725
ENSG00000277401	0.00022963173911755532
ENSG00000105971	0.0002295975031493631
ENSG00000134516	0.00022948734596810874
ENSG00000172845	0.00022943631688622133
ENSG00000135069	0.00022929417625471227
ENSG00000160551	0.0002289019141647618
ENSG00000169217	0.00022836738902395635
ENSG00000108061	0.00022824779646626336
ENSG00000184384	0.00022812676362423678
ENSG00000100985	0.00022801237776370935
ENSG00000109171	0.00022800461044060688
ENSG00000103363	0.00022798409873345555
ENSG00000155438	0.00022797507214271492
ENSG00000137462	0.00022756252046679152
ENSG00000148082	0.00022744395267079002
ENSG00000139218	0.0002273849629037361
ENSG00000185900	0.00022736801492686127
ENSG00000037749	0.00022732145036659008
ENSG00000110492	0.00022727643460312134
ENSG00000129221	0.00022675668863606473
ENSG00000085415	0.00022658999481290856
ENSG00000100614	0.00022655916432218356
ENSG00000157168	0.00022653780969441827
ENSG00000018510	0.00022640581593236957
ENSG00000166501	0.0002261207528658889
ENSG00000072401	0.0002260472376159126
ENSG00000163939	0.0002259353432185012
ENSG00000173898	0.00022573722994209282
ENSG00000171992	0.0002256887513351632
ENSG00000112576	0.00022567364447529284
ENSG00000004897	0.0002255812716920435
ENSG00000185811	0.00022517066198975803
ENSG00000140538	0.00022513863849560271
ENSG00000162521	0.00022503454160642232
ENSG00000011405	0.0002249365899821772
ENSG00000142166	0.00022468530112969667
ENSG00000125744	0.00022463352742001835
ENSG00000146834	0.00022452384060709328
ENSG00000072364	0.0002244474743862185
ENSG00000188130	0.00022442852608283505
ENSG00000116962	0.0002241239195579237
ENSG00000106070	0.00022356865500085574
ENSG00000120063	0.0002235322802386837
ENSG00000163823	0.000223503920016076
ENSG00000007392	0.00022349412127149211
ENSG00000165119	0.00022324673514364908
ENSG00000168090	0.0002229580277285167
ENSG00000198561	0.00022260043960855883
ENSG00000258947	0.0002225889792641487
ENSG00000158517	0.00022208577736657843
ENSG00000122025	0.0002220255062447669
ENSG00000114978	0.00022197152152286356
ENSG00000128016	0.00022187142759437463
ENSG00000125084	0.00022176720385723667
ENSG00000160789	0.00022153211640317535
ENSG00000174886	0.00022134411840661
ENSG00000175029	0.00022120056360225182
ENSG00000213923	0.0002208461763096576
ENSG00000164162	0.00022066973711782028
ENSG00000185499	0.00022053650721478153
ENSG00000130725	0.00022050343747900938
ENSG00000171956	0.0002204639394649901
ENSG00000135046	0.00022026190708397556
ENSG00000087586	0.0002198527791975054
ENSG00000136897	0.00021979496041694765
ENSG00000171223	0.00021975232533721795
ENSG00000198821	0.00021969480856903647
ENSG00000284915	0.00021952404142892205
ENSG00000182578	0.0002194725911631509
ENSG00000078098	0.000219170856690146
ENSG00000177889	0.00021893868021943293
ENSG00000083635	0.00021892787301766668
ENSG00000162409	0.00021890734551839513
ENSG00000122482	0.0002187852700930931
ENSG00000155313	0.00021858412192570084
ENSG00000160349	0.0002184193812197843
ENSG00000115008	0.00021836330872943306
ENSG00000159459	0.00021824984216916915
ENSG00000185634	0.00021814235960630247
ENSG00000046651	0.00021790671215120554
ENSG00000144747	0.00021780740371910788
ENSG00000111752	0.00021767812821039284
ENSG00000186810	0.0002176159581840658
ENSG00000075388	0.0002175667520030347
ENSG00000142507	0.00021749296573308937
ENSG00000088930	0.00021745332658255786
ENSG00000145604	0.00021716138054803005
ENSG00000198121	0.0002171417056081519
ENSG00000091039	0.00021703714629476485
ENSG00000104408	0.00021694779878776927
ENSG00000186951	0.00021691793420039712
ENSG00000117713	0.00021687539975937984
ENSG00000204941	0.00021676163436024746
ENSG00000149218	0.00021673698079748333
ENSG00000108344	0.00021661599884434464
ENSG00000134001	0.00021635034315432483
ENSG00000114013	0.000216248206334658
ENSG00000165699	0.00021616039380577569
ENSG00000038219	0.00021614708742064578
ENSG00000176105	0.00021606476197414944
ENSG00000115935	0.0002159584209805663
ENSG00000131467	0.0002159297532086727
ENSG00000174953	0.00021547054849503075
ENSG00000204262	0.0002153656678874039
ENSG00000137841	0.00021531839442180106
ENSG00000273079	0.0002152537713510807
ENSG00000115226	0.0002150206223021109
ENSG00000159363	0.00021498323040633932
ENSG00000186340	0.00021468869789861034
ENSG00000197635	0.00021426319553230898
ENSG00000178919	0.00021398460873307465
ENSG00000144381	0.0002138526616713783
ENSG00000037280	0.00021383947640186035
ENSG00000184634	0.00021382561109815863
ENSG00000112033	0.00021372064434737372
ENSG00000065243	0.00021370306983798903
ENSG00000064313	0.00021335245112742157
ENSG00000084093	0.00021325241570449024
ENSG00000115760	0.0002131987785183448
ENSG00000070366	0.00021305386149706192
ENSG00000015479	0.00021304219061665165
ENSG00000149308	0.00021291089222324921
ENSG00000100902	0.00021289346240889855
ENSG00000196611	0.00021276640634042103
ENSG00000126581	0.0002126180336506097
ENSG00000111537	0.00021249656202208228
ENSG00000072501	0.00021196376384755502
ENSG00000116717	0.00021185411235860482
ENSG00000050820	0.00021152017767479624
ENSG00000076321	0.00021148501956878209
ENSG00000277263	0.00021145173429028315
ENSG00000111639	0.00021136917563008395
ENSG00000124882	0.00021119731769268446
ENSG00000115053	0.00021115369048074528
ENSG00000087245	0.0002109279809044776
ENSG00000196313	0.00021077634128713476
ENSG00000076928	0.00021075424120111839
ENSG00000198890	0.00021039601882819178
ENSG00000102054	0.00021031418571624432
ENSG00000175931	0.00021004823301865668
ENSG00000107731	0.00020981165245744762
ENSG00000122484	0.00020980673945591722
ENSG00000172020	0.00020965187744667423
ENSG00000005810	0.00020959976396092887
ENSG00000164379	0.00020953054308543535
ENSG00000073921	0.00020923566014084222
ENSG00000167434	0.00020909776303760334
ENSG00000134371	0.00020895209028319798
ENSG00000179776	0.00020885704066307903
ENSG00000078142	0.00020885638433864874
ENSG00000175416	0.00020884175179576413
ENSG00000106089	0.00020871757300238727
ENSG00000285379	0.00020867550886650708
ENSG00000284901	0.00020857963909308487
ENSG00000187134	0.00020856464987651431
ENSG00000196878	0.00020854546749937068
ENSG00000141543	0.00020851957754185077
ENSG00000157500	0.0002084885996181081
ENSG00000188313	0.00020847891429882662
ENSG00000108774	0.00020840779986159517
ENSG00000185559	0.0002083701972736415
ENSG00000140988	0.00020835848898147715
ENSG00000125571	0.0002081970985029375
ENSG00000126070	0.00020774441927644445
ENSG00000011465	0.00020736867809914783
ENSG00000157020	0.00020714129779020513
ENSG00000075413	0.00020712859865273134
ENSG00000178363	0.00020691258259918898
ENSG00000167207	0.0002067903435815244
ENSG00000111229	0.00020672333152701165
ENSG00000090061	0.00020643331021222942
ENSG00000163191	0.00020641487365119802
ENSG00000165553	0.00020603500757258
ENSG00000171634	0.00020595108723948672
ENSG00000087338	0.0002059503956785719
ENSG00000196712	0.00020587608944498792
ENSG00000064989	0.00020559905795513022
ENSG00000013364	0.0002055220962584764
ENSG00000171094	0.00020542987696169386
ENSG00000070495	0.00020536134895334798
ENSG00000163625	0.0002051218270482466
ENSG00000060749	0.00020501627649232573
ENSG00000105173	0.00020485501334204046
ENSG00000285246	0.00020482030059476998
ENSG00000164327	0.00020474236397498665
ENSG00000196914	0.0002046404952442505
ENSG00000033800	0.00020460270018343528
ENSG00000198961	0.000204536056831591
ENSG00000135960	0.0002045226210922442
ENSG00000121594	0.0002044868440274824
ENSG00000176406	0.00020440693293977938
ENSG00000197170	0.00020391040218913106
ENSG00000120733	0.00020361968731368398
ENSG00000062725	0.00020356311239924868
ENSG00000118482	0.0002029744404159835
ENSG00000135720	0.0002027962104575754
ENSG00000107882	0.00020273961435026414
ENSG00000124788	0.0002026700866587978
ENSG00000135624	0.0002026644175248456
ENSG00000106615	0.0002025326051287813
ENSG00000196754	0.00020248543131653554
ENSG00000128585	0.00020199352953769907
ENSG00000108773	0.00020193094182446362
ENSG00000163430	0.00020172314042119928
ENSG00000157554	0.0002016694434165448
ENSG00000105851	0.000201568614982853
ENSG00000165392	0.00020139397427238506
ENSG00000030110	0.0002013586823605495
ENSG00000213079	0.00020079661594166027
ENSG00000128340	0.00020063195659084175
ENSG00000198087	0.00020034313547575362
ENSG00000197386	0.0002003280659264118
ENSG00000050426	0.00020024791047771261
ENSG00000119917	0.00020018732625275466
ENSG00000171564	0.000200159797907468
ENSG00000142798	0.00020012191035117453
ENSG00000168621	0.00020004006355180956
ENSG00000135999	0.0002000027930064806
ENSG00000029153	0.00019974115615715575
ENSG00000197102	0.000199583503552503
ENSG00000155849	0.00019956917790885909
ENSG00000166598	0.00019956811609548632
ENSG00000066336	0.00019946462439233878
ENSG00000121022	0.00019934665335328254
ENSG00000132549	0.000199285623892278
ENSG00000109072	0.00019923642760588645
ENSG00000124225	0.00019905685722083628
ENSG00000131408	0.00019897044122132236
ENSG00000167005	0.00019878928973319582
ENSG00000173020	0.00019853554917162526
ENSG00000143106	0.0001983423032117115
ENSG00000131791	0.00019831118279776367
ENSG00000112739	0.0001981994821262029
ENSG00000114904	0.0001981486386252297
ENSG00000197081	0.0001980508724035732
ENSG00000070367	0.0001980095920481734
ENSG00000043462	0.0001979252747980949
ENSG00000171812	0.00019787550698872772
ENSG00000205220	0.0001977606602987948
ENSG00000073614	0.00019771617847328857
ENSG00000124942	0.0001975597677181603
ENSG00000124602	0.00019755493184156595
ENSG00000188778	0.0001974102538192316
ENSG00000174804	0.00019740711635040102
ENSG00000136634	0.00019726622448987613
ENSG00000234495	0.00019715793581213587
ENSG00000116560	0.00019713871097599707
ENSG00000172380	0.0001969506967403958
ENSG00000149091	0.00019691650965646137
ENSG00000170004	0.00019655300386505164
ENSG00000169967	0.0001962547685482384
ENSG00000164099	0.00019614100649123864
ENSG00000062038	0.00019605146315957613
ENSG00000117308	0.0001960504335662472
ENSG00000263001	0.00019603654219251492
ENSG00000149792	0.00019599319764759723
ENSG00000247596	0.00019598301225820167
ENSG00000153094	0.00019584263768976007
ENSG00000148175	0.00019581788588281858
ENSG00000125931	0.00019579169489155373
ENSG00000101280	0.0001956838291243307
ENSG00000010404	0.0001954200022580134
ENSG00000005844	0.00019536682722234928
ENSG00000167258	0.00019535506889850553
ENSG00000182979	0.00019514606246563669
ENSG00000116039	0.00019494511892015928
ENSG00000055732	0.00019448344461438702
ENSG00000104856	0.00019434803201464086
ENSG00000091129	0.00019421053571849357
ENSG00000135250	0.00019407024775280315
ENSG00000176986	0.00019400954008271562
ENSG00000163564	0.00019394777920763017
ENSG00000101361	0.00019392536769537484
ENSG00000132906	0.00019392011933094566
ENSG00000173744	0.00019383076556540228
ENSG00000140368	0.00019381045649718846
ENSG00000130429	0.00019359114498326274
ENSG00000102218	0.00019352553981169136
ENSG00000077522	0.00019351073032290532
ENSG00000198730	0.00019348389319330322
ENSG00000169136	0.00019337764401233784
ENSG00000189143	0.00019337393687212547
ENSG00000119699	0.00019326340691303042
ENSG00000171557	0.00019287549443251992
ENSG00000101421	0.0001927258607743398
ENSG00000092820	0.0001926848540257395
ENSG00000130829	0.00019261923790394315
ENSG00000148498	0.00019259961799160277
ENSG00000166439	0.00019257825869200393
ENSG00000111642	0.00019257126225744953
ENSG00000101146	0.00019206996180522748
ENSG00000136758	0.0001920611327933834
ENSG00000163599	0.00019205799241379677
ENSG00000147804	0.00019205486741772834
ENSG00000136485	0.0001920343968270095
ENSG00000102974	0.00019190170082723898
ENSG00000136738	0.00019182729535384844
ENSG00000085224	0.00019175656362787033
ENSG00000123384	0.00019175488201065145
ENSG00000121579	0.00019175447857885562
ENSG00000120696	0.00019158841748614878
ENSG00000107984	0.0001915877525840177
ENSG00000115020	0.0001912658788723795
ENSG00000119421	0.0001911797683456589
ENSG00000109062	0.00019106218718574193
ENSG00000114450	0.00019080101038954566
ENSG00000124486	0.0001907259109357389
ENSG00000020633	0.00019069059392986404
ENSG00000115425	0.00019068441399166917
ENSG00000139180	0.00019065300362212887
ENSG00000205937	0.00019055054004873473
ENSG00000185513	0.00019039826794992168
ENSG00000138592	0.00019038829946400204
ENSG00000116991	0.00019029489164356568
ENSG00000111605	0.00019025402772483724
ENSG00000175899	0.00019024052726716395
ENSG00000127481	0.00019011228417700792
ENSG00000090054	0.00018998861142979914
ENSG00000227322	0.000189917865810593
ENSG00000275199	0.00018961329432993674
ENSG00000158290	0.000189544277737067
ENSG00000070808	0.00018941007999551847
ENSG00000076984	0.00018922629068569255
ENSG00000101843	0.0001891446758251766
ENSG00000121481	0.00018909612656991918
ENSG00000026508	0.00018901352674920087
ENSG00000167526	0.0001890068249079143
ENSG00000099817	0.0001887571103047747
ENSG00000114270	0.00018847837411208664
ENSG00000168653	0.0001884725507234088
ENSG00000120438	0.00018836277801129934
ENSG00000123338	0.00018834096314491522
ENSG00000104320	0.00018823769054062935
ENSG00000136861	0.00018809831780040786
ENSG00000185338	0.00018801310215515419
ENSG00000117399	0.00018785350442458463
ENSG00000023516	0.0001877543928154761
ENSG00000181195	0.00018767288968314942
ENSG00000015171	0.00018763000102384037
ENSG00000139636	0.0001876201796929541
ENSG00000186660	0.0001875924436050249
ENSG00000164587	0.0001875328351800124
ENSG00000159166	0.0001875017442051978
ENSG00000066248	0.00018746763578307565
ENSG00000114251	0.00018736601642467136
ENSG00000128274	0.0001872426674346314
ENSG00000135837	0.00018715931550359864
ENSG00000175445	0.00018714953243653798
ENSG00000100815	0.000187066395921129
ENSG00000135506	0.0001869789616721968
ENSG00000106299	0.00018691816880348757
ENSG00000183918	0.00018689698733697317
ENSG00000075426	0.00018683997292413614
ENSG00000180353	0.00018681003563934958
ENSG00000053900	0.00018669900300447815
ENSG00000111252	0.00018657750491380738
ENSG00000188191	0.0001865526345386474
ENSG00000164190	0.0001864573216054015
ENSG00000100804	0.0001863985839619136
ENSG00000196843	0.00018633383569042293
ENSG00000138757	0.00018607674667968762
ENSG00000135392	0.00018605628110741183
ENSG00000112769	0.00018596189829546712
ENSG00000054118	0.00018595974907590252
ENSG00000197321	0.00018561227084710298
ENSG00000162385	0.00018558588101775101
ENSG00000178372	0.00018550036238806732
ENSG00000091583	0.0001854239684689938
ENSG00000125952	0.00018529059395023517
ENSG00000130684	0.00018522476469494975
ENSG00000239887	0.00018506812317906808
ENSG00000133124	0.00018505464255878651
ENSG00000110651	0.00018492533870505078
ENSG00000034152	0.00018492171754867144
ENSG00000149968	0.00018487871771791171
ENSG00000173889	0.0001847322622784438
ENSG00000072110	0.00018467703654110245
ENSG00000179583	0.00018462619937969227
ENSG00000122566	0.0001845926935336916
ENSG00000114993	0.00018405153493776795
ENSG00000183337	0.0001840350997488362
ENSG00000105364	0.00018402337256728918
ENSG00000198373	0.0001837778067730914
ENSG00000173546	0.00018349612832119298
ENSG00000141570	0.00018320043169353244
ENSG00000079999	0.000183165134738103
ENSG00000065559	0.00018304171398731732
ENSG00000162946	0.00018289960705739023
ENSG00000136381	0.00018279857920843018
ENSG00000184343	0.0001826653988323093
ENSG00000161202	0.00018255572777487112
ENSG00000168538	0.00018252690460748795
ENSG00000184281	0.0001823916794187437
ENSG00000172785	0.00018236184423591612
ENSG00000051180	0.00018214224126748344
ENSG00000157110	0.00018211233306232973
ENSG00000102572	0.0001820102761855496
ENSG00000146674	0.0001819183339350947
ENSG00000115685	0.00018187408657944807
ENSG00000205339	0.000181795408221494
ENSG00000213949	0.0001817732263652075
ENSG00000120889	0.00018172409293238536
ENSG00000163565	0.00018148297038202802
ENSG00000174744	0.000181431775370228
ENSG00000186716	0.00018133403261754393
ENSG00000198301	0.00018081666978392018
ENSG00000120242	0.00018075784841176828
ENSG00000110244	0.0001806051968027672
ENSG00000104760	0.00018045178697314855
ENSG00000133101	0.00018036724898371395
ENSG00000095906	0.00017974120729613555
ENSG00000122705	0.00017969887403959572
ENSG00000101680	0.00017958785923776556
ENSG00000005022	0.0001795674502882374
ENSG00000127337	0.00017953555172264886
ENSG00000187498	0.00017943138661900018
ENSG00000170454	0.00017933328060091175
ENSG00000129675	0.000179247555619125
ENSG00000150995	0.00017896777363571857
ENSG00000111530	0.00017889179898546978
ENSG00000111424	0.00017877016997548808
ENSG00000186847	0.0001777801165756703
ENSG00000137203	0.0001776453287753717
ENSG00000152234	0.00017739659323159958
ENSG00000083799	0.0001773794004454536
ENSG00000019991	0.000177170505132814
ENSG00000196455	0.0001771645292881131
ENSG00000138795	0.00017714713113964258
ENSG00000158488	0.00017699029168017166
ENSG00000115594	0.00017698054558038326
ENSG00000107201	0.00017696743932105668
ENSG00000170876	0.00017693372670081586
ENSG00000126583	0.0001766985963970131
ENSG00000232062	0.00017669631797242785
ENSG00000134242	0.00017665559386383976
ENSG00000213658	0.00017655684496530939
ENSG00000116824	0.000176525793384776
ENSG00000197249	0.0001764587815000574
ENSG00000163104	0.00017635840258921573
ENSG00000130222	0.00017612838079591258
ENSG00000064309	0.00017610973518679345
ENSG00000066422	0.00017606645742973374
ENSG00000245848	0.0001760570491335435
ENSG00000127666	0.00017603705856664552
ENSG00000107831	0.0001759593930261575
ENSG00000100852	0.0001758641311497899
ENSG00000103522	0.0001758358769460709
ENSG00000198033	0.00017575471691469408
ENSG00000176678	0.00017574577374701586
ENSG00000101017	0.00017574163926398377
ENSG00000107779	0.00017573659302245174
ENSG00000198001	0.0001757194036749822
ENSG00000025434	0.00017557176200347572
ENSG00000147443	0.00017555662718790144
ENSG00000005075	0.00017555628858089046
ENSG00000116701	0.00017554691542693668
ENSG00000105127	0.00017523366353736867
ENSG00000198815	0.00017521489390296847
ENSG00000104368	0.00017519026598510523
ENSG00000159140	0.00017518012404155802
ENSG00000074603	0.00017498465362765728
ENSG00000104892	0.00017469822831912406
ENSG00000078668	0.00017460509051875722
ENSG00000072310	0.0001745394080940865
ENSG00000174130	0.00017434388112377538
ENSG00000166869	0.00017431867935391781
ENSG00000125691	0.0001742750747241439
ENSG00000157625	0.00017415829663119923
ENSG00000129083	0.00017406631855661954
ENSG00000164078	0.0001740257950417996
ENSG00000146701	0.00017388967512046172
ENSG00000058272	0.0001736839455687378
ENSG00000079462	0.00017366676549036825
ENSG00000157212	0.00017311806125159876
ENSG00000116852	0.0001731092180096422
ENSG00000008988	0.00017310508316015154
ENSG00000155111	0.00017308400209334308
ENSG00000132466	0.00017285768213051606
ENSG00000157077	0.00017285409977830203
ENSG00000166747	0.0001727281355264296
ENSG00000137145	0.00017269566206882324
ENSG00000112282	0.00017258886955298753
ENSG00000186652	0.00017251527225073358
ENSG00000122952	0.00017244266517246564
ENSG00000161800	0.00017242407443257516
ENSG00000154133	0.00017227977057826492
ENSG00000180182	0.00017208115223928014
ENSG00000266173	0.00017199333369419232
ENSG00000184752	0.00017198143025512177
ENSG00000118271	0.00017190311627239836
ENSG00000114354	0.00017132448132143978
ENSG00000087258	0.00017112584250258712
ENSG00000161016	0.0001710675861540605
ENSG00000107874	0.00017099825397538283
ENSG00000167978	0.00017071117725174202
ENSG00000197557	0.0001706495147666066
ENSG00000176165	0.00017062597210574027
ENSG00000071564	0.0001704178654756929
ENSG00000198642	0.0001701217104950262
ENSG00000035403	0.0001700033052710223
ENSG00000285387	0.00016996235271617
ENSG00000164944	0.00016990414638098515
ENSG00000186174	0.00016989236480306367
ENSG00000186766	0.00016968342168902325
ENSG00000221823	0.00016921890181542502
ENSG00000181929	0.00016883027062586782
ENSG00000196363	0.00016882871357396128
ENSG00000090273	0.00016867676433978294
ENSG00000140968	0.00016867452730502292
ENSG00000154582	0.00016859004469013276
ENSG00000141582	0.00016858538773379848
ENSG00000077420	0.00016842777946709232
ENSG00000094880	0.00016840802462019723
ENSG00000141068	0.00016840468308758187
ENSG00000157540	0.00016839405569633428
ENSG00000111725	0.00016837405684154246
ENSG00000145526	0.00016823454573451624
ENSG00000163606	0.00016821417294556913
ENSG00000275434	0.00016821069108720717
ENSG00000138160	0.00016821063211025578
ENSG00000100365	0.00016816357236066077
ENSG00000128422	0.00016810177906432462
ENSG00000008869	0.00016788544406586855
ENSG00000160208	0.0001677869032856041
ENSG00000105376	0.00016772440860879996
ENSG00000121892	0.0001676875395175501
ENSG00000147124	0.0001676336823890459
ENSG00000153714	0.00016760950730738017
ENSG00000123159	0.0001674603452839233
ENSG00000138814	0.000167459679419085
ENSG00000047579	0.00016719465495287908
ENSG00000163814	0.0001669772681338084
ENSG00000283780	0.00016694918561287655
ENSG00000172270	0.00016687163511616636
ENSG00000111664	0.0001668292061292632
ENSG00000080345	0.0001668202060358637
ENSG00000129515	0.00016662922597942992
ENSG00000120217	0.00016662845883511426
ENSG00000113303	0.00016650240757151534
ENSG00000107438	0.00016645437530232154
ENSG00000197756	0.00016625118654121278
ENSG00000132964	0.0001661908933313026
ENSG00000175866	0.00016603645772259344
ENSG00000082512	0.0001660068178989737
ENSG00000125743	0.00016568055752581685
ENSG00000158321	0.00016555986709946018
ENSG00000161638	0.00016538712450530347
ENSG00000107099	0.00016527892334952147
ENSG00000110934	0.0001650614535205957
ENSG00000124766	0.00016499825074843256
ENSG00000189403	0.00016487670631122118
ENSG00000114956	0.00016475893753038648
ENSG00000067369	0.00016472338865149055
ENSG00000175054	0.00016465257574265564
ENSG00000213585	0.00016461858198750385
ENSG00000108984	0.00016452819764511934
ENSG00000168438	0.00016434419723729857
ENSG00000101265	0.00016428642640173516
ENSG00000108468	0.00016426345961668534
ENSG00000162512	0.0001641926530795793
ENSG00000181392	0.0001641774608246744
ENSG00000172115	0.0001640328327078831
ENSG00000163466	0.00016402576464297897
ENSG00000071539	0.00016398322147853704
ENSG00000172349	0.00016386091756334095
ENSG00000198162	0.0001637759328742848
ENSG00000275885	0.00016375487620583467
ENSG00000003402	0.0001637473605950411
ENSG00000110958	0.00016373002269989205
ENSG00000156256	0.00016356625038129117
ENSG00000108813	0.00016326357569256355
ENSG00000145425	0.0001632220464127414
ENSG00000185722	0.0001631208595551083
ENSG00000085832	0.00016286204194206817
ENSG00000149541	0.00016278226099116188
ENSG00000138675	0.000162762503355526
ENSG00000113522	0.0001626998625669042
ENSG00000103811	0.0001626708573056251
ENSG00000137975	0.00016263702528233176
ENSG00000121966	0.00016262353124467502
ENSG00000109471	0.00016260140830321802
ENSG00000151388	0.00016255911973095033
ENSG00000137309	0.00016244703467092403
ENSG00000008056	0.00016237462777255618
ENSG00000126267	0.0001622182229887578
ENSG00000127914	0.00016219783041885084
ENSG00000110711	0.00016217584707857774
ENSG00000169469	0.00016213665793217397
ENSG00000116127	0.00016210146842787177
ENSG00000152795	0.00016202805776024308
ENSG00000111321	0.00016187468055533277
ENSG00000137574	0.00016186363553954164
ENSG00000124422	0.00016183429957364678
ENSG00000065526	0.00016182320400078774
ENSG00000178726	0.00016181422313106962
ENSG00000177200	0.00016166607810023812
ENSG00000095002	0.0001616615307753392
ENSG00000113070	0.00016157207436885013
ENSG00000003756	0.00016147576679852193
ENSG00000177455	0.00016145935360996786
ENSG00000145907	0.00016128176268338698
ENSG00000153071	0.00016105617695203145
ENSG00000068305	0.00016105139001650686
ENSG00000265190	0.00016097913737425366
ENSG00000104412	0.00016092087322250293
ENSG00000087460	0.00016075937807348608
ENSG00000142534	0.00016073828478814912
ENSG00000065978	0.00016057530616667937
ENSG00000215301	0.00016055076605114336
ENSG00000146047	0.00016054755061750247
ENSG00000143119	0.00016054027217473339
ENSG00000187446	0.00016051866892999864
ENSG00000116016	0.00016041950077244323
ENSG00000134109	0.00016041454159018264
ENSG00000185479	0.00016027341966817372
ENSG00000120693	0.00016015854476123697
ENSG00000168811	0.00016010011097371295
ENSG00000237508	0.00016003765980179949
ENSG00000161714	0.00016002106636265018
ENSG00000047932	0.00016001907268594292
ENSG00000127838	0.00015982827670152567
ENSG00000150782	0.00015980095551518448
ENSG00000089157	0.00015973464989228723
ENSG00000044115	0.00015963956150956128
ENSG00000109819	0.00015961725982882266
ENSG00000136937	0.00015960824010926718
ENSG00000006125	0.0001595454920391828
ENSG00000110448	0.00015942188917116137
ENSG00000140382	0.00015938982214318173
ENSG00000126067	0.00015934177474684946
ENSG00000175344	0.00015931658309770397
ENSG00000154118	0.0001592959644421837
ENSG00000114098	0.00015920933642185703
ENSG00000162191	0.00015911503715519113
ENSG00000143321	0.00015898221179228592
ENSG00000163435	0.00015889051342293637
ENSG00000123908	0.00015888617457076337
ENSG00000112249	0.00015869632286048314
ENSG00000125845	0.0001586922482639169
ENSG00000281877	0.0001586768108864327
ENSG00000162889	0.00015863109803231177
ENSG00000166900	0.00015859753364951565
ENSG00000065970	0.00015858374393836621
ENSG00000082458	0.00015845510712241557
ENSG00000095787	0.00015842905473861042
ENSG00000105854	0.00015841495409320007
ENSG00000154146	0.0001583816807235847
ENSG00000124145	0.00015829271263571642
ENSG00000080839	0.00015826092825948023
ENSG00000186010	0.00015815000453298217
ENSG00000132953	0.00015810696905012135
ENSG00000168827	0.00015797258341216795
ENSG00000024048	0.00015782149428449202
ENSG00000114439	0.00015778237010542122
ENSG00000011600	0.00015777484365335818
ENSG00000030066	0.00015769877914863266
ENSG00000104872	0.00015769021526713522
ENSG00000133265	0.00015768420283091813
ENSG00000075673	0.0001575690040539352
ENSG00000167208	0.000157552440058997
ENSG00000116459	0.00015751001642349305
ENSG00000063177	0.0001574939337797082
ENSG00000081377	0.000157426244378465
ENSG00000149480	0.00015729824740755264
ENSG00000115145	0.00015722796298283122
ENSG00000236637	0.00015721587366093393
ENSG00000234829	0.00015721587366093393
ENSG00000128272	0.00015720401715174566
ENSG00000166337	0.00015718763680739096
ENSG00000107651	0.00015715484756032458
ENSG00000170581	0.0001569747028237389
ENSG00000158874	0.00015696983906683933
ENSG00000143621	0.0001569270596482115
ENSG00000082805	0.0001568921563478899
ENSG00000127412	0.00015683745120654847
ENSG00000110917	0.00015652466505085543
ENSG00000125354	0.0001564304496691764
ENSG00000111206	0.00015634759411513031
ENSG00000105193	0.00015628844728028562
ENSG00000099800	0.00015624634731984933
ENSG00000182636	0.00015623578058328484
ENSG00000111640	0.00015618479135510855
ENSG00000169896	0.00015618274703059674
ENSG00000166670	0.00015614379176327647
ENSG00000089009	0.0001561429605703432
ENSG00000126214	0.0001561061289791737
ENSG00000103496	0.00015602152522826307
ENSG00000117758	0.0001560014795073348
ENSG00000196961	0.00015589354995100392
ENSG00000169570	0.0001558355750941854
ENSG00000100722	0.00015579836885895766
ENSG00000158773	0.00015562468695253447
ENSG00000177311	0.0001555558294859882
ENSG00000143190	0.0001555129644078491
ENSG00000131051	0.00015551143315091593
ENSG00000102245	0.00015549066080009874
ENSG00000119596	0.00015540782687839563
ENSG00000168028	0.00015534611969187406
ENSG00000165125	0.00015531133768114503
ENSG00000143851	0.0001553015622122931
ENSG00000188404	0.00015526069487555006
ENSG00000144028	0.0001552459879396169
ENSG00000186908	0.00015512733107882857
ENSG00000282905	0.0001551178141212606
ENSG00000198646	0.00015510829506340672
ENSG00000110876	0.00015500972906267428
ENSG00000131462	0.00015497795639669802
ENSG00000137285	0.0001549591657647482
ENSG00000118217	0.00015485959510948125
ENSG00000171456	0.000154669995261603
ENSG00000160218	0.00015466566509014576
ENSG00000196218	0.00015457928059499238
ENSG00000135968	0.00015450967330950724
ENSG00000081307	0.0001544974535430027
ENSG00000130513	0.0001543107833101325
ENSG00000110955	0.00015425942998592318
ENSG00000032219	0.00015419749981148315
ENSG00000149923	0.00015417389557163258
ENSG00000144566	0.00015412946056042658
ENSG00000188846	0.00015412417492656345
ENSG00000090339	0.00015410439614792725
ENSG00000116288	0.0001540869299810148
ENSG00000138443	0.00015405021416079094
ENSG00000104852	0.00015398371471215784
ENSG00000090520	0.00015394916744734704
ENSG00000174125	0.00015394302377297914
ENSG00000118454	0.00015392515810260093
ENSG00000126785	0.0001538110365006345
ENSG00000145192	0.00015372865582566187
ENSG00000071655	0.00015367034649617727
ENSG00000170606	0.0001535219174235933
ENSG00000125347	0.00015349018435928147
ENSG00000112964	0.0001534624216364637
ENSG00000170458	0.00015344597641088275
ENSG00000079134	0.0001534072620214515
ENSG00000168615	0.0001532665706259429
ENSG00000179934	0.00015326104126065483
ENSG00000179526	0.0001532299033916143
ENSG00000116539	0.0001531827125361664
ENSG00000186566	0.00015306545511728492
ENSG00000149781	0.00015300591915893655
ENSG00000174197	0.00015299877412702903
ENSG00000196262	0.00015277030744075302
ENSG00000115956	0.00015271249255924087
ENSG00000121060	0.00015269918583857287
ENSG00000053747	0.00015257448408627854
ENSG00000132405	0.0001525596734325887
ENSG00000244405	0.00015234358083563015
ENSG00000169813	0.00015216431013139018
ENSG00000142168	0.00015208760646573882
ENSG00000164134	0.00015208526611300982
ENSG00000077238	0.00015207239209411835
ENSG00000104833	0.00015206325746714108
ENSG00000151422	0.0001518875317783867
ENSG00000130227	0.00015184963176564687
ENSG00000089199	0.00015180204238966554
ENSG00000139083	0.0001517563541259298
ENSG00000134107	0.00015167655958621255
ENSG00000266094	0.00015161580284498455
ENSG00000165732	0.00015161107793912952
ENSG00000163600	0.00015158874210995056
ENSG00000143322	0.00015141584159869404
ENSG00000179477	0.00015139656771462413
ENSG00000084734	0.00015136789742784562
ENSG00000159527	0.0001513588643778403
ENSG00000178691	0.0001513357188346795
ENSG00000049759	0.0001513215626011579
ENSG00000115687	0.00015129486993906345
ENSG00000142173	0.0001512199478214295
ENSG00000169554	0.00015111089195091851
ENSG00000116586	0.0001511004961732256
ENSG00000151892	0.0001510629250640376
ENSG00000134215	0.0001508945849796034
ENSG00000070190	0.00015088727944636863
ENSG00000167491	0.0001508405840995186
ENSG00000156709	0.00015068724175763853
ENSG00000108518	0.0001505907902264752
ENSG00000189079	0.00015057510530381492
ENSG00000143669	0.00015050538101305
ENSG00000196730	0.00015045697461924255
ENSG00000206073	0.00015041874087578057
ENSG00000134061	0.00015040724151886494
ENSG00000130332	0.00015033677819199052
ENSG00000114742	0.0001502956036120425
ENSG00000183087	0.00015010292059643924
ENSG00000187778	0.00015009215595610442
ENSG00000143632	0.00015008331513354938
ENSG00000070756	0.00015000179152069824
ENSG00000120708	0.00014998841283408575
ENSG00000125753	0.00014992171820058837
ENSG00000182774	0.00014982189187964128
ENSG00000203485	0.00014973812315632502
ENSG00000183479	0.00014968062206737387
ENSG00000135338	0.00014967620433078868
ENSG00000105613	0.00014961770433097663
ENSG00000133110	0.00014960509233169264
ENSG00000197646	0.0001495190288633557
ENSG00000125826	0.00014948752633462667
ENSG00000105372	0.0001494852911538235
ENSG00000137709	0.00014938752291440558
ENSG00000285152	0.00014937939518576556
ENSG00000042753	0.00014935467246885478
ENSG00000130204	0.00014925491398693052
ENSG00000135324	0.00014908307309568654
ENSG00000137699	0.00014904183772159377
ENSG00000153982	0.00014897992064882905
ENSG00000167986	0.00014895963292969896
ENSG00000138376	0.0001488494925913469
ENSG00000146731	0.00014884725608523946
ENSG00000204843	0.0001487241179082812
ENSG00000172724	0.00014870509861385816
ENSG00000185238	0.00014855710730484492
ENSG00000196549	0.00014834007419499025
ENSG00000171988	0.00014830149019191797
ENSG00000095981	0.00014819648228875325
ENSG00000130724	0.0001481113538828094
ENSG00000171004	0.00014809590259187643
ENSG00000185483	0.0001480513990178067
ENSG00000197632	0.00014801444934977768
ENSG00000043093	0.00014793763240949516
ENSG00000115163	0.00014792597759594704
ENSG00000162736	0.0001477872716983201
ENSG00000175197	0.0001476269536908438
ENSG00000173805	0.00014756285515546327
ENSG00000115306	0.00014752113835119493
ENSG00000091428	0.00014748775962418952
ENSG00000010017	0.00014743340852789745
ENSG00000223510	0.0001473802364585916
ENSG00000119402	0.00014736311299492515
ENSG00000174106	0.00014733166305041782
ENSG00000181690	0.0001473231549346286
ENSG00000145349	0.0001471865188214755
ENSG00000007520	0.00014709382570206523
ENSG00000121067	0.00014705294773287541
ENSG00000229381	0.00014703008388721315
ENSG00000274442	0.0001469644635050027
ENSG00000170608	0.00014687023074602128
ENSG00000163558	0.00014677860436088113
ENSG00000162772	0.00014670596682989122
ENSG00000154237	0.000146687711215344
ENSG00000151304	0.00014667852205236967
ENSG00000159388	0.00014665643646643808
ENSG00000196154	0.00014661910455401243
ENSG00000048052	0.0001464533563324288
ENSG00000183386	0.0001464463450888057
ENSG00000143079	0.00014644263916229597
ENSG00000243646	0.00014642657203412578
ENSG00000142347	0.00014632785055707938
ENSG00000263236	0.00014632740360438244
ENSG00000197860	0.00014622890478332138
ENSG00000067225	0.0001462285445774781
ENSG00000154832	0.00014613003426792868
ENSG00000101665	0.00014610084022041852
ENSG00000225824	0.00014601214050518146
ENSG00000170471	0.00014593902933890878
ENSG00000159256	0.00014586226531397863
ENSG00000148737	0.0001458580217463345
ENSG00000124795	0.0001457393642541026
ENSG00000165458	0.0001455386511806534
ENSG00000169884	0.00014545433111078798
ENSG00000115641	0.00014530745460555433
ENSG00000117090	0.0001451221802197728
ENSG00000165671	0.00014503484097198196
ENSG00000121680	0.00014499857313821196
ENSG00000123268	0.00014495927997050146
ENSG00000146555	0.0001449551871434367
ENSG00000131495	0.00014477762256376455
ENSG00000138964	0.00014474284078637195
ENSG00000089685	0.00014448096875930598
ENSG00000124562	0.00014444478376086228
ENSG00000143756	0.00014441389359416682
ENSG00000160654	0.00014440459288900538
ENSG00000153563	0.0001443686271634588
ENSG00000205420	0.00014419647020810666
ENSG00000099864	0.00014403811070047448
ENSG00000160799	0.00014403662076170972
ENSG00000156482	0.0001439964666649338
ENSG00000179119	0.00014397990978798475
ENSG00000105989	0.00014397726014080838
ENSG00000135913	0.0001439684019248025
ENSG00000149582	0.00014393756491069593
ENSG00000066027	0.00014375096052177025
ENSG00000119335	0.00014368786922856468
ENSG00000169744	0.00014359788144612987
ENSG00000139842	0.00014350751869903015
ENSG00000169057	0.0001434918180256865
ENSG00000081985	0.00014336748227062617
ENSG00000122691	0.0001433191358534805
ENSG00000184990	0.0001431955580300547
ENSG00000141552	0.00014313100916808004
ENSG00000049249	0.0001429390063219576
ENSG00000084674	0.00014293361152262112
ENSG00000127329	0.00014290554488391127
ENSG00000146670	0.00014288884195318488
ENSG00000036054	0.0001427377549927161
ENSG00000230143	0.00014266946319666576
ENSG00000163219	0.0001426546479981145
ENSG00000164031	0.00014261783939334622
ENSG00000145833	0.00014246295865652067
ENSG00000237710	0.00014242352675536201
ENSG00000119139	0.0001423682935851772
ENSG00000221978	0.00014229274563396172
ENSG00000185920	0.00014222560192657258
ENSG00000163520	0.00014221656730463683
ENSG00000120053	0.00014221471779146693
ENSG00000164548	0.00014217734227063233
ENSG00000156273	0.00014213231487886777
ENSG00000169067	0.00014202217957470992
ENSG00000091140	0.00014199503863367825
ENSG00000081277	0.0001419385411808106
ENSG00000102678	0.000141866555956455
ENSG00000010610	0.00014178381398630626
ENSG00000165506	0.00014173445598528054
ENSG00000066117	0.0001416154777516372
ENSG00000135116	0.0001413376297935836
ENSG00000101347	0.000141327203381854
ENSG00000253797	0.00014131655171933068
ENSG00000163781	0.00014114395690265833
ENSG00000168002	0.00014111621131950218
ENSG00000064933	0.00014109457162537917
ENSG00000107263	0.00014109189891147632
ENSG00000197471	0.00014106809654914555
ENSG00000105258	0.00014099851577892332
ENSG00000099624	0.00014097046527804195
ENSG00000146094	0.00014091625035929996
ENSG00000112640	0.00014079818674802444
ENSG00000074219	0.00014077617009992076
ENSG00000095261	0.00014076145447035798
ENSG00000134698	0.00014071049252971577
ENSG00000135218	0.0001406372362192496
ENSG00000174460	0.00014062378725874952
ENSG00000198176	0.00014053162129469595
ENSG00000178896	0.00014051410794432023
ENSG00000171346	0.0001404100503980735
ENSG00000118971	0.00014029541260302154
ENSG00000158869	0.00014029027470963747
ENSG00000174307	0.00014026204458705661
ENSG00000134057	0.00014001930973208957
ENSG00000178999	0.00013992664292326545
ENSG00000149357	0.00013990176723526396
ENSG00000167754	0.0001398884646338673
ENSG00000107249	0.0001397662283940823
ENSG00000119630	0.0001397020077735647
ENSG00000151247	0.0001396344015039237
ENSG00000274221	0.00013961244745837716
ENSG00000157240	0.00013959426081864415
ENSG00000122223	0.0001395297649063484
ENSG00000175215	0.00013938353496651074
ENSG00000179772	0.00013932611141815183
ENSG00000197299	0.000139161909810315
ENSG00000176248	0.00013912157186179384
ENSG00000069329	0.0001390965194455138
ENSG00000182952	0.00013902562387462119
ENSG00000124233	0.00013902199389501208
ENSG00000166181	0.00013899854848721844
ENSG00000112183	0.0001389624510497033
ENSG00000121774	0.00013896116338110568
ENSG00000136560	0.0001389519116081587
ENSG00000070193	0.0001389051872006318
ENSG00000099385	0.00013889858508835706
ENSG00000110031	0.00013877461797221692
ENSG00000149806	0.000138675148989925
ENSG00000083642	0.00013866438958943971
ENSG00000035928	0.00013854263785830664
ENSG00000074266	0.0001384596736882437
ENSG00000108256	0.00013841899670679022
ENSG00000072201	0.00013841548760754372
ENSG00000081479	0.0001383840400766836
ENSG00000196781	0.0001383468531583256
ENSG00000127054	0.0001383086200365106
ENSG00000144224	0.00013829018581469708
ENSG00000144867	0.00013818283759713725
ENSG00000156873	0.0001380453961759683
ENSG00000175216	0.00013794378756915168
ENSG00000172893	0.00013790150566067005
ENSG00000130511	0.00013787175119514534
ENSG00000284126	0.00013781734929384793
ENSG00000166326	0.0001377923621091816
ENSG00000077254	0.000137694238122332
ENSG00000188554	0.00013767770577517978
ENSG00000172667	0.00013766666567204588
ENSG00000132470	0.0001376225226918785
ENSG00000108883	0.00013760042251912349
ENSG00000139618	0.0001374144472168006
ENSG00000111218	0.00013730287873251824
ENSG00000170185	0.0001372363154626076
ENSG00000125651	0.0001371133296158605
ENSG00000142627	0.00013710726958520095
ENSG00000196954	0.00013707614977940324
ENSG00000169245	0.0001369801428521301
ENSG00000121903	0.0001369626443992763
ENSG00000115827	0.00013681682579502966
ENSG00000264364	0.00013672997598502583
ENSG00000102977	0.0001366712213452964
ENSG00000145494	0.0001366448526192369
ENSG00000163519	0.00013660924993609514
ENSG00000196235	0.00013656954508843577
ENSG00000113263	0.00013654812747986803
ENSG00000166170	0.00013654556218754038
ENSG00000113368	0.000136532101128625
ENSG00000027869	0.00013634797383366715
ENSG00000070950	0.000136233901363457
ENSG00000119969	0.00013623310537661063
ENSG00000123562	0.00013620906751406341
ENSG00000148516	0.0001361835115238535
ENSG00000064490	0.00013618114792779328
ENSG00000119707	0.00013615036482947103
ENSG00000116741	0.0001361310219033321
ENSG00000114209	0.00013612145390062028
ENSG00000121741	0.0001359980606416412
ENSG00000163481	0.00013589235261641128
ENSG00000078304	0.00013586579543559618
ENSG00000126860	0.00013585822575565575
ENSG00000009790	0.00013576633355123625
ENSG00000112936	0.00013572050116370568
ENSG00000027697	0.000135713398693641
ENSG00000276051	0.00013570556150708694
ENSG00000147432	0.00013529551786555614
ENSG00000113658	0.00013528459098712437
ENSG00000105327	0.00013527194465937594
ENSG00000137710	0.0001352475076415687
ENSG00000151090	0.00013523447673448647
ENSG00000144891	0.00013521540686074567
ENSG00000257017	0.00013501385900948644
ENSG00000009954	0.00013497786500537548
ENSG00000064961	0.0001349741921927138
ENSG00000086504	0.00013489377704312296
ENSG00000119285	0.0001348915823365374
ENSG00000196586	0.00013482628083810977
ENSG00000102226	0.0001347248332392117
ENSG00000197323	0.00013472334236164078
ENSG00000174059	0.0001346953649494509
ENSG00000184937	0.0001346798350137858
ENSG00000169826	0.00013463792933271856
ENSG00000106789	0.000134437776396694
ENSG00000173372	0.00013443188120616198
ENSG00000155561	0.00013440191649522306
ENSG00000196470	0.0001343211746016552
ENSG00000110944	0.00013428625734422246
ENSG00000167216	0.00013426718305132974
ENSG00000111331	0.00013422005288399417
ENSG00000110700	0.00013418969135283885
ENSG00000149925	0.0001340038065530433
ENSG00000100055	0.0001339662803201138
ENSG00000169018	0.0001338666494787518
ENSG00000136167	0.00013379580415089908
ENSG00000007168	0.00013379162110749684
ENSG00000101413	0.0001336450012129318
ENSG00000129514	0.00013363011078239604
ENSG00000164023	0.00013362866632768406
ENSG00000135063	0.00013351757451180173
ENSG00000040731	0.0001332982886742372
ENSG00000160801	0.0001332621071156396
ENSG00000019582	0.00013321935929598076
ENSG00000168785	0.00013309192563382567
ENSG00000158813	0.00013309011945900648
ENSG00000143320	0.00013308802804549015
ENSG00000146463	0.00013296412803665274
ENSG00000108587	0.00013291916329123026
ENSG00000175756	0.00013279373662482364
ENSG00000250506	0.00013270448575842714
ENSG00000188229	0.00013257172490530348
ENSG00000021645	0.00013233236904799245
ENSG00000101460	0.000132301588636604
ENSG00000124614	0.00013224804035441383
ENSG00000074181	0.00013215673931049466
ENSG00000065883	0.0001321281838616232
ENSG00000115828	0.00013204883140352755
ENSG00000005007	0.0001320240567231017
ENSG00000113594	0.00013186855288637453
ENSG00000130816	0.00013173511385320043
ENSG00000165140	0.0001316856586225077
ENSG00000116983	0.0001316818721574527
ENSG00000119396	0.0001315950001223976
ENSG00000167515	0.000131535364008093
ENSG00000126882	0.00013152548216728346
ENSG00000115524	0.00013149317583768653
ENSG00000145740	0.0001314349267204647
ENSG00000139350	0.00013142737885985794
ENSG00000111666	0.00013114973043197716
ENSG00000104205	0.0001311421275075924
ENSG00000058673	0.00013102766678822113
ENSG00000162739	0.00013102295392552086
ENSG00000123124	0.00013100129168952185
ENSG00000058335	0.00013092464673343667
ENSG00000164342	0.00013087865525924822
ENSG00000127318	0.00013076721223221396
ENSG00000128833	0.00013072400364846207
ENSG00000178028	0.0001306661164668078
ENSG00000133019	0.0001306548684251549
ENSG00000102978	0.00013056325425570245
ENSG00000069493	0.00013047845103330143
ENSG00000102243	0.00013044502946089355
ENSG00000083312	0.0001303037221915409
ENSG00000142677	0.00013029611134480841
ENSG00000198752	0.0001302282708028289
ENSG00000042429	0.0001301919485664262
ENSG00000137770	0.00013017062452335706
ENSG00000130706	0.00013011505344977825
ENSG00000169016	0.0001300452695003387
ENSG00000185624	0.0001300017532230413
ENSG00000149932	0.00012988059150510414
ENSG00000163714	0.0001297715547871637
ENSG00000198146	0.0001297393660907324
ENSG00000158055	0.00012973198464556382
ENSG00000145414	0.00012968815722768523
ENSG00000115884	0.00012958663060762046
ENSG00000001167	0.00012955538753932057
ENSG00000162891	0.00012949679564266354
ENSG00000111877	0.00012939698944142546
ENSG00000105669	0.00012938372683719723
ENSG00000114423	0.00012931449521297078
ENSG00000113441	0.00012929591333525495
ENSG00000132639	0.000129155166569887
ENSG00000139977	0.0001291340497213638
ENSG00000099804	0.00012905313272638998
ENSG00000150760	0.00012904216797298863
ENSG00000127947	0.00012900193811761577
ENSG00000109572	0.0001289443116316517
ENSG00000104859	0.0001288872253112029
ENSG00000069248	0.00012884942224516364
ENSG00000118620	0.000128840179949548
ENSG00000164692	0.00012868790396442938
ENSG00000123329	0.00012860020536740286
ENSG00000139329	0.0001285317636576253
ENSG00000184451	0.000128488957027548
ENSG00000163468	0.00012846564853155338
ENSG00000101096	0.00012845636166899054
ENSG00000049618	0.0001283072388748133
ENSG00000261150	0.0001282737532494446
ENSG00000232045	0.00012825311209024618
ENSG00000133026	0.00012821323285710373
ENSG00000004478	0.00012817158972518386
ENSG00000076662	0.00012815842465124
ENSG00000102981	0.00012811275760353825
ENSG00000171940	0.0001281068100284367
ENSG00000187735	0.00012805115425351026
ENSG00000136874	0.00012802370262482082
ENSG00000131876	0.00012802078369874063
ENSG00000130203	0.00012799671560485013
ENSG00000099956	0.00012790378125130875
ENSG00000170832	0.0001278421813905969
ENSG00000178950	0.00012773037554597897
ENSG00000167513	0.00012765508643370685
ENSG00000079387	0.0001276175181830052
ENSG00000101082	0.0001275882193179486
ENSG00000147854	0.00012753555172323523
ENSG00000129451	0.00012752352508655672
ENSG00000073792	0.00012745642871743153
ENSG00000142676	0.0001274542401721376
ENSG00000137501	0.00012741497981478086
ENSG00000106546	0.00012737282726338556
ENSG00000136875	0.00012736879247929127
ENSG00000129351	0.00012730026923619587
ENSG00000198431	0.0001272486389547144
ENSG00000112290	0.000127237526146811
ENSG00000132604	0.00012719299875186207
ENSG00000053501	0.00012711378635331505
ENSG00000114127	0.00012680151170533325
ENSG00000112306	0.0001267747208933437
ENSG00000163512	0.0001267577819964732
ENSG00000115268	0.00012674080522827368
ENSG00000006210	0.00012670644172918435
ENSG00000102189	0.00012666172675414411
ENSG00000074211	0.00012662320685306096
ENSG00000281320	0.0001265971088932681
ENSG00000099995	0.00012651999130856034
ENSG00000140285	0.00012650102894827957
ENSG00000188293	0.00012648018015791945
ENSG00000146963	0.00012646630824199475
ENSG00000181847	0.00012640504778239068
ENSG00000198728	0.00012639749336870252
ENSG00000168283	0.00012617607336921216
ENSG00000164399	0.00012611423022447895
ENSG00000102103	0.0001260868835974374
ENSG00000203879	0.0001260049457499929
ENSG00000137575	0.00012599136501872504
ENSG00000119403	0.0001258932467043393
ENSG00000173846	0.00012584321922210395
ENSG00000118873	0.0001257614428262941
ENSG00000171863	0.0001257608959803845
ENSG00000086730	0.00012563633789980564
ENSG00000198947	0.0001254909333102439
ENSG00000167772	0.00012545353087339335
ENSG00000168646	0.0001253751579135799
ENSG00000101596	0.00012537175632629723
ENSG00000115165	0.0001253699370832048
ENSG00000159720	0.00012531121437852835
ENSG00000117322	0.00012528389519672576
ENSG00000135164	0.00012525740439382638
ENSG00000145912	0.00012524373855034993
ENSG00000100665	0.00012523951393583632
ENSG00000196199	0.00012520642953346172
ENSG00000181240	0.00012519729118474603
ENSG00000116918	0.0001251840432128189
ENSG00000141293	0.0001251521341362971
ENSG00000186468	0.00012506611024327305
ENSG00000169231	0.00012504426263587796
ENSG00000091106	0.0001250367335907206
ENSG00000101654	0.00012487373582056744
ENSG00000203852	0.0001248475096506174
ENSG00000110801	0.00012481845556159193
ENSG00000176476	0.00012480160374656748
ENSG00000006638	0.0001247597372644852
ENSG00000119922	0.0001247472703362242
ENSG00000232367	0.00012471023589884895
ENSG00000082397	0.00012462932463666357
ENSG00000177119	0.00012455784691055115
ENSG00000138032	0.000124539389703085
ENSG00000108599	0.00012439351565215036
ENSG00000162924	0.0001243716293108291
ENSG00000013810	0.00012434917856126598
ENSG00000134318	0.00012422088403811504
ENSG00000130255	0.00012421536719752307
ENSG00000115484	0.00012420173553135173
ENSG00000138326	0.00012415506209818188
ENSG00000154447	0.00012411046696079195
ENSG00000135365	0.000124103372575256
ENSG00000134419	0.000124039790275567
ENSG00000152207	0.00012401729415539858
ENSG00000172943	0.0001240097935403434
ENSG00000135413	0.00012397462240635817
ENSG00000158125	0.0001239381478115304
ENSG00000143882	0.00012391653392513824
ENSG00000163902	0.00012391198702326413
ENSG00000164109	0.0001239086866044069
ENSG00000186153	0.00012390833888595025
ENSG00000163882	0.00012363873421333395
ENSG00000144655	0.00012363246706809304
ENSG00000120690	0.00012358452027828106
ENSG00000278565	0.00012355374209322757
ENSG00000089053	0.00012354795609638227
ENSG00000172466	0.00012354119792999183
ENSG00000163029	0.00012345765207030256
ENSG00000066230	0.0001234383549817121
ENSG00000175470	0.00012335784498775202
ENSG00000021776	0.0001233566055176527
ENSG00000163811	0.00012335340139879708
ENSG00000075884	0.00012333460188838902
ENSG00000003056	0.0001233164681814278
ENSG00000143502	0.0001232249710819987
ENSG00000152256	0.00012315549853587698
ENSG00000169508	0.00012312426503389938
ENSG00000068489	0.00012301407631128245
ENSG00000162910	0.00012296702039903427
ENSG00000072849	0.00012289985532803595
ENSG00000078902	0.00012281779950197295
ENSG00000224470	0.00012281222083417327
ENSG00000152291	0.00012281111728995652
ENSG00000131747	0.0001227265381883681
ENSG00000169727	0.00012268619541552187
ENSG00000126261	0.0001226380177137184
ENSG00000172819	0.00012260134945213605
ENSG00000143761	0.00012255594230303876
ENSG00000100811	0.00012252678650403838
ENSG00000072958	0.00012248809680000304
ENSG00000105967	0.00012248760437252225
ENSG00000133250	0.00012248276198685966
ENSG00000152413	0.0001224153751252728
ENSG00000143801	0.00012238709042577094
ENSG00000179222	0.0001223234571174904
ENSG00000115286	0.00012232258840282853
ENSG00000107295	0.00012230735959528385
ENSG00000136280	0.00012227110262253056
ENSG00000069424	0.00012226707994548273
ENSG00000156261	0.0001222401526538879
ENSG00000082516	0.00012210780347231433
ENSG00000169439	0.00012203874652458819
ENSG00000124157	0.00012202019710206723
ENSG00000100316	0.00012201259277862105
ENSG00000198887	0.0001218929573761987
ENSG00000123416	0.00012173607773111396
ENSG00000166888	0.00012167702881837566
ENSG00000122406	0.00012166863430347738
ENSG00000116221	0.00012162042159093056
ENSG00000168542	0.00012157827070038372
ENSG00000107562	0.00012155866139832239
ENSG00000020922	0.00012152078760105885
ENSG00000125676	0.00012151994180804548
ENSG00000126767	0.00012150322112985178
ENSG00000269556	0.00012150055303012899
ENSG00000065054	0.00012141793160440838
ENSG00000215021	0.0001213809551744565
ENSG00000168421	0.00012136815021266324
ENSG00000133030	0.00012132771995509156
ENSG00000109475	0.00012128604835129971
ENSG00000149948	0.00012126644119891524
ENSG00000114316	0.00012126345820208364
ENSG00000170242	0.0001211493668013111
ENSG00000111796	0.00012110770662542964
ENSG00000134255	0.00012110495399516306
ENSG00000105583	0.00012110325331265978
ENSG00000162676	0.00012109222621572145
ENSG00000126756	0.00012107912807949621
ENSG00000147123	0.0001210522525882571
ENSG00000100941	0.00012102824274322969
ENSG00000174996	0.00012101187104632652
ENSG00000130159	0.00012100023140663305
ENSG00000166200	0.00012090569298951688
ENSG00000108395	0.00012088323549996609
ENSG00000166441	0.00012087063829446625
ENSG00000089820	0.00012082689990165779
ENSG00000148053	0.00012081666057701501
ENSG00000136518	0.00012079952388270334
ENSG00000160310	0.00012079432373822166
ENSG00000132485	0.00012077592103620096
ENSG00000112799	0.0001207508705072481
ENSG00000110321	0.00012073105307852524
ENSG00000136436	0.00012072513126318814
ENSG00000186318	0.00012070890804746666
ENSG00000140465	0.00012061411760909504
ENSG00000081019	0.00012054549569863595
ENSG00000198836	0.0001204714802998016
ENSG00000158805	0.00012046999870480455
ENSG00000135047	0.00012046833468910102
ENSG00000277956	0.00012042315021002445
ENSG00000181449	0.0001204202132521991
ENSG00000186832	0.00012035563527063683
ENSG00000127928	0.00012034146421137521
ENSG00000132002	0.00012025772872620576
ENSG00000185825	0.0001202525923065379
ENSG00000153879	0.00012019037784350095
ENSG00000106333	0.00012016579864900222
ENSG00000133704	0.00012010265306090323
ENSG00000137992	0.0001200930847022891
ENSG00000136155	0.00012007526950140821
ENSG00000168397	0.0001200742644415568
ENSG00000167286	0.00012003313337658076
ENSG00000221837	0.0001198623252413636
ENSG00000034713	0.00011984390726384475
ENSG00000140990	0.00011981126683113749
ENSG00000125450	0.00011973149042621045
ENSG00000107281	0.00011960497504251457
ENSG00000188786	0.00011953723857481658
ENSG00000136942	0.00011950364990683985
ENSG00000197114	0.0001194998641087551
ENSG00000185760	0.00011943371963250073
ENSG00000101997	0.0001193962327645905
ENSG00000101892	0.00011939143806640093
ENSG00000065613	0.00011938051380930143
ENSG00000101161	0.00011935875903844727
ENSG00000142867	0.00011935444796128266
ENSG00000104221	0.0001191645268501853
ENSG00000080561	0.00011913721442018279
ENSG00000046604	0.00011913696982134565
ENSG00000063244	0.00011899049768748413
ENSG00000121858	0.00011890374491168378
ENSG00000142945	0.00011888751790183883
ENSG00000164683	0.00011881011750068665
ENSG00000111897	0.00011880100859949415
ENSG00000100979	0.000118782655268183
ENSG00000137497	0.00011875219874905926
ENSG00000082175	0.00011871844053015277
ENSG00000123091	0.00011870882582022491
ENSG00000152484	0.00011866013293840836
ENSG00000104969	0.00011862613958515348
ENSG00000277564	0.00011857811410146844
ENSG00000070669	0.00011853376938106405
ENSG00000198242	0.00011850565385916055
ENSG00000165678	0.00011849958752438768
ENSG00000113649	0.00011842235609798533
ENSG00000131477	0.00011833813595944122
ENSG00000235107	0.00011828714881404728
ENSG00000111907	0.00011827351780941257
ENSG00000285435	0.00011826925140869025
ENSG00000122008	0.0001182467443320105
ENSG00000065675	0.00011821754228553645
ENSG00000198929	0.00011805174898543505
ENSG00000137955	0.00011804781324045175
ENSG00000137193	0.0001179782917520079
ENSG00000157106	0.00011794711800001644
ENSG00000197181	0.00011793090665376166
ENSG00000125484	0.00011772007182172275
ENSG00000096063	0.00011764969851939505
ENSG00000131724	0.00011761203662110236
ENSG00000118432	0.00011752997847993193
ENSG00000136492	0.00011750375790943397
ENSG00000168685	0.00011749304376044715
ENSG00000008128	0.00011738569178661524
ENSG00000075043	0.00011736222307286539
ENSG00000169218	0.00011733296877614571
ENSG00000088205	0.0001173290580026654
ENSG00000178084	0.00011726367437266424
ENSG00000146232	0.00011724925676203098
ENSG00000288217	0.00011721585049078401
ENSG00000274081	0.00011719175566770014
ENSG00000092969	0.00011717790210278186
ENSG00000112984	0.00011717175414961824
ENSG00000060566	0.00011711978894884067
ENSG00000158402	0.00011709437792128743
ENSG00000006534	0.00011697082141598615
ENSG00000143476	0.00011696756463443837
ENSG00000137267	0.00011682397952064594
ENSG00000053371	0.00011680062635735982
ENSG00000120910	0.00011678450472025832
ENSG00000160185	0.00011673262970769429
ENSG00000114867	0.00011668862620580018
ENSG00000130307	0.00011648992323083797
ENSG00000081386	0.00011636105794214977
ENSG00000136925	0.00011623703710799054
ENSG00000198844	0.00011621523288017985
ENSG00000137834	0.00011618511789833022
ENSG00000149575	0.00011617000921857288
ENSG00000172869	0.0001161146166462606
ENSG00000100503	0.0001160376785409335
ENSG00000117601	0.00011602894208470356
ENSG00000160293	0.00011599332905774627
ENSG00000162613	0.00011598877464847102
ENSG00000016402	0.0001159742741394066
ENSG00000104783	0.00011597230068231362
ENSG00000155827	0.00011593882785720396
ENSG00000105393	0.00011588495663682755
ENSG00000144357	0.00011583107167199386
ENSG00000171119	0.00011581544444836658
ENSG00000160867	0.00011573049762866948
ENSG00000102908	0.00011560778642783225
ENSG00000197579	0.00011560250425665364
ENSG00000110344	0.00011558946799007136
ENSG00000171843	0.0001155348104769353
ENSG00000147475	0.00011547526620510436
ENSG00000169925	0.00011541957132145236
ENSG00000104897	0.00011541217594229082
ENSG00000143379	0.00011536830088085354
ENSG00000090020	0.00011533172268997374
ENSG00000198677	0.00011530304609126682
ENSG00000197771	0.00011526228394592163
ENSG00000164916	0.00011521066147523973
ENSG00000112651	0.00011521027981638037
ENSG00000068028	0.00011520974132665725
ENSG00000100142	0.00011518303908691747
ENSG00000162511	0.0001151664235687544
ENSG00000173230	0.00011514177937181513
ENSG00000165283	0.00011513629417140141
ENSG00000138386	0.00011510657528530803
ENSG00000005175	0.00011508125466251767
ENSG00000107485	0.00011500992108213397
ENSG00000174343	0.00011498248841973566
ENSG00000139567	0.00011495827082063228
ENSG00000104375	0.00011494151201349463
ENSG00000254647	0.00011493671831909325
ENSG00000123609	0.00011489043447010103
ENSG00000134954	0.00011484515528274452
ENSG00000274352	0.00011479118810858957
ENSG00000076706	0.00011476258048676264
ENSG00000156531	0.0001147589714917009
ENSG00000174371	0.00011475077305630351
ENSG00000276561	0.00011465351113493015
ENSG00000173110	0.00011457618269651584
ENSG00000163875	0.000114559137583121
ENSG00000075539	0.00011451034418738505
ENSG00000248487	0.00011444334263284156
ENSG00000131469	0.00011441403645904485
ENSG00000106400	0.0001144000576552594
ENSG00000204104	0.00011435725506884306
ENSG00000145864	0.0001143131959205289
ENSG00000167105	0.00011419628480532841
ENSG00000117152	0.00011418514627962022
ENSG00000048405	0.00011417271375039303
ENSG00000129245	0.00011407855912122847
ENSG00000060237	0.00011400492188146903
ENSG00000101049	0.0001139883055581851
ENSG00000258227	0.00011395913481934622
ENSG00000010278	0.00011393583921263582
ENSG00000131143	0.00011392950275043526
ENSG00000108064	0.00011391509324415126
ENSG00000106541	0.00011388431750657313
ENSG00000254772	0.00011388245507157236
ENSG00000171858	0.000113836524774367
ENSG00000170296	0.00011369840428931041
ENSG00000175390	0.00011368335725239018
ENSG00000169249	0.00011364111749350888
ENSG00000143643	0.000113608524915494
ENSG00000167658	0.00011352342883777282
ENSG00000091317	0.00011348337343012577
ENSG00000136450	0.00011347537660151174
ENSG00000168137	0.00011346418708467788
ENSG00000134852	0.00011346253026083525
ENSG00000102030	0.00011341880051931527
ENSG00000124177	0.00011341777799734702
ENSG00000118434	0.00011341496272593101
ENSG00000196305	0.00011333708451919345
ENSG00000086619	0.00011330592784954488
ENSG00000284774	0.00011328377033642084
ENSG00000163568	0.00011316313716751975
ENSG00000066294	0.00011315940669151427
ENSG00000135077	0.00011315888393149345
ENSG00000179454	0.00011311265404866406
ENSG00000105880	0.00011311054156766678
ENSG00000115825	0.00011309889860963506
ENSG00000116001	0.00011309113808902081
ENSG00000275349	0.00011306724827099856
ENSG00000161547	0.0001130512925111276
ENSG00000164035	0.00011303588591844713
ENSG00000177954	0.00011300090320745084
ENSG00000114391	0.0001129857714431844
ENSG00000183741	0.00011295027136717726
ENSG00000134760	0.00011294896862147688
ENSG00000186575	0.00011293427998697233
ENSG00000165556	0.00011284026506904976
ENSG00000185728	0.00011283518347560704
ENSG00000188647	0.00011282178532954209
ENSG00000140525	0.00011274557976764118
ENSG00000186895	0.00011265229935401502
ENSG00000136908	0.00011262876435427194
ENSG00000004948	0.0001125420138114616
ENSG00000138095	0.00011254037095503179
ENSG00000134070	0.00011252529306597428
ENSG00000167670	0.00011249318840291935
ENSG00000261456	0.00011246902022659066
ENSG00000125968	0.00011246569734784908
ENSG00000127554	0.00011245190779032769
ENSG00000130177	0.00011242295553479738
ENSG00000057149	0.0001124153047827605
ENSG00000134690	0.00011241439228283118
ENSG00000231924	0.00011241240869379642
ENSG00000183751	0.0001124019881628409
ENSG00000005961	0.00011229091239266032
ENSG00000174444	0.00011226436566818579
ENSG00000034510	0.00011225590866734786
ENSG00000177700	0.00011218947240282316
ENSG00000198681	0.0001121372394697483
ENSG00000187109	0.00011208168597100191
ENSG00000144713	0.00011202541869558206
ENSG00000186469	0.00011200805419578119
ENSG00000215455	0.0001119635543422219
ENSG00000148660	0.0001119576037402094
ENSG00000143226	0.0001119321526349911
ENSG00000153339	0.0001119221124606607
ENSG00000288508	0.00011187566962925182
ENSG00000153283	0.00011184765864434702
ENSG00000164485	0.00011181285900506507
ENSG00000167693	0.0001117040412646437
ENSG00000115310	0.00011169948566244357
ENSG00000179271	0.00011169767534664841
ENSG00000099985	0.00011166164408625109
ENSG00000196792	0.00011165059987044978
ENSG00000138696	0.00011162576577184115
ENSG00000177463	0.00011158207186099464
ENSG00000288401	0.00011157301456344019
ENSG00000075651	0.00011141281107341843
ENSG00000149554	0.00011140494270032552
ENSG00000166086	0.00011129157776681988
ENSG00000082258	0.00011126560826598378
ENSG00000074071	0.00011125073060357694
ENSG00000240682	0.00011117957659773245
ENSG00000054267	0.00011117632787392883
ENSG00000110717	0.00011116441376094615
ENSG00000131375	0.00011107325114468773
ENSG00000137818	0.00011103047578480263
ENSG00000099795	0.00011096869229994246
ENSG00000137075	0.00011096441596028892
ENSG00000108854	0.00011095533791678141
ENSG00000151914	0.00011091698034305694
ENSG00000157227	0.0001108632512729888
ENSG00000166925	0.00011085550596976147
ENSG00000122986	0.0001108087736286288
ENSG00000163251	0.00011075535231885262
ENSG00000281614	0.00011074176711796044
ENSG00000123349	0.00011072815987159566
ENSG00000163539	0.00011071930400372246
ENSG00000108107	0.00011068970282810006
ENSG00000150753	0.00011060792992591965
ENSG00000185917	0.00011058002611304302
ENSG00000054598	0.00011051527161025486
ENSG00000188529	0.00011050684952134352
ENSG00000131591	0.00011050077577915572
ENSG00000171148	0.00011040972559345662
ENSG00000154001	0.00011039252140819655
ENSG00000163681	0.00011031957407517454
ENSG00000142546	0.00011031688862307869
ENSG00000166484	0.0001103143353323915
ENSG00000137171	0.00011031024357743455
ENSG00000016082	0.0001102482259307705
ENSG00000168259	0.0001101766841385363
ENSG00000154473	0.00011011061356953878
ENSG00000054523	0.00011010651458962434
ENSG00000118515	0.00011009797090015807
ENSG00000185043	0.00011007652208772235
ENSG00000140379	0.00011007133552628744
ENSG00000198626	0.00010996788797870745
ENSG00000123240	0.00010995007758443206
ENSG00000140365	0.00010993792437018978
ENSG00000100632	0.0001099114954181056
ENSG00000130559	0.00010988530329978517
ENSG00000113525	0.00010981953472047337
ENSG00000173327	0.00010981939577565036
ENSG00000277641	0.00010980456534907462
ENSG00000151725	0.00010964082333299292
ENSG00000145321	0.00010963095420889676
ENSG00000267855	0.00010958359634122278
ENSG00000156127	0.00010951616558098116
ENSG00000026751	0.00010951558708107093
ENSG00000102900	0.0001094240380653344
ENSG00000112996	0.00010940959136963434
ENSG00000123200	0.00010938616452285068
ENSG00000104332	0.00010934356138919766
ENSG00000177169	0.00010933181156355178
ENSG00000126351	0.00010931549053930131
ENSG00000137825	0.00010930508502407549
ENSG00000197329	0.00010929440860612725
ENSG00000124216	0.00010926845786429975
ENSG00000140740	0.00010923408951929626
ENSG00000142541	0.0001091899988418588
ENSG00000167757	0.00010916398712304621
ENSG00000151929	0.0001090996964885332
ENSG00000117505	0.00010903832719074814
ENSG00000282972	0.00010902635641420586
ENSG00000109943	0.0001090154163164872
ENSG00000141506	0.00010900375605893928
ENSG00000196139	0.00010894826296529041
ENSG00000116750	0.00010893230435294654
ENSG00000100097	0.00010889427106254932
ENSG00000198755	0.00010887945458654995
ENSG00000064393	0.00010887192460839856
ENSG00000176749	0.00010885687262184208
ENSG00000213463	0.00010881397378332359
ENSG00000177600	0.00010879413242171087
ENSG00000243137	0.0001087269569295771
ENSG00000007372	0.00010869205957345389
ENSG00000198805	0.00010868747889559291
ENSG00000060971	0.00010865874370853694
ENSG00000081320	0.00010862477331904291
ENSG00000156970	0.00010854764227544506
ENSG00000139546	0.00010842171714249798
ENSG00000171617	0.00010841774115165208
ENSG00000072133	0.00010841001709488357
ENSG00000204406	0.00010834327600907072
ENSG00000108298	0.00010833265156689169
ENSG00000215853	0.00010832374557416778
ENSG00000131721	0.00010827422050830958
ENSG00000065413	0.0001082533913556924
ENSG00000073756	0.00010809513224787829
ENSG00000125810	0.00010807880465767117
ENSG00000186675	0.00010802412235583775
ENSG00000117091	0.00010793375433169891
ENSG00000143228	0.00010788757464565949
ENSG00000071082	0.0001078789038432187
ENSG00000070423	0.00010783238212745119
ENSG00000105229	0.00010782734055857717
ENSG00000167791	0.00010780315751045246
ENSG00000174021	0.00010776722352524532
ENSG00000141385	0.00010776250883176936
ENSG00000182568	0.00010773717980399872
ENSG00000140416	0.00010769405609757835
ENSG00000101210	0.00010764187189466096
ENSG00000169100	0.0001075348839947358
ENSG00000105705	0.00010753307949532599
ENSG00000163873	0.00010751777732706754
ENSG00000087087	0.00010751565037697046
ENSG00000168411	0.0001075117521044147
ENSG00000185246	0.00010750838295209534
ENSG00000167088	0.0001074194944270073
ENSG00000275052	0.0001073670119985787
ENSG00000134640	0.00010734369326061103
ENSG00000284021	0.00010726141226371685
ENSG00000077463	0.0001072540860976647
ENSG00000101246	0.00010725144968596787
ENSG00000138180	0.00010724010005443007
ENSG00000145703	0.00010723455404164142
ENSG00000167965	0.00010718755123730312
ENSG00000100201	0.00010716663274014474
ENSG00000288325	0.00010716097489879053
ENSG00000132383	0.00010708057121693212
ENSG00000156162	0.00010707767606401111
ENSG00000169752	0.00010707157900305623
ENSG00000134871	0.00010700477399043596
ENSG00000143337	0.00010698550783506554
ENSG00000197535	0.00010698367334542029
ENSG00000089127	0.00010697654487839514
ENSG00000100425	0.00010696724360145712
ENSG00000142224	0.00010695939756229419
ENSG00000065320	0.00010694958079832792
ENSG00000140941	0.0001069371112786614
ENSG00000129235	0.00010691124951658084
ENSG00000074319	0.00010690707105249235
ENSG00000143436	0.00010683681526120905
ENSG00000117360	0.00010676362136331255
ENSG00000169359	0.00010676202733355917
ENSG00000166136	0.00010671060000180596
ENSG00000164754	0.00010670712790370552
ENSG00000253710	0.00010666518393239257
ENSG00000101076	0.00010652092534682757
ENSG00000185787	0.00010646773531845868
ENSG00000162367	0.00010646134296165445
ENSG00000076003	0.00010645612828723688
ENSG00000112079	0.00010637519477938187
ENSG00000165966	0.00010628403345132027
ENSG00000146414	0.00010626269826816152
ENSG00000156587	0.00010623358436801898
ENSG00000116754	0.00010622598559959558
ENSG00000165819	0.00010621128766828259
ENSG00000166405	0.00010620445083417274
ENSG00000125971	0.00010619366804164595
ENSG00000139154	0.00010615800329541449
ENSG00000171703	0.00010606683417869346
ENSG00000122877	0.0001060606672405571
ENSG00000076924	0.00010591858305190917
ENSG00000006118	0.00010591592599066624
ENSG00000145990	0.00010590855170370502
ENSG00000116809	0.00010589443303378365
ENSG00000179085	0.00010584874937420743
ENSG00000170734	0.00010582584231803647
ENSG00000011243	0.0001057689042390538
ENSG00000132109	0.00010570916745376834
ENSG00000092841	0.00010568502297267543
ENSG00000179833	0.00010566184908575642
ENSG00000144674	0.00010560077520210629
ENSG00000125656	0.00010557256772264682
ENSG00000158636	0.00010552503969670572
ENSG00000187730	0.000105513675102593
ENSG00000102119	0.00010550625544650838
ENSG00000122224	0.00010544041479347169
ENSG00000198034	0.00010542694050930236
ENSG00000101849	0.00010542507673763585
ENSG00000124193	0.0001054179778359844
ENSG00000182326	0.00010540758299904736
ENSG00000172500	0.00010534000173942126
ENSG00000105855	0.00010532128709591482
ENSG00000154727	0.00010531070700674311
ENSG00000103549	0.00010530576845596086
ENSG00000133048	0.00010523385465007779
ENSG00000144597	0.00010522233767170774
ENSG00000163605	0.00010518140091341626
ENSG00000129003	0.00010514733875616952
ENSG00000105649	0.000105147179941462
ENSG00000163848	0.00010514461537885616
ENSG00000122852	0.00010511868040851305
ENSG00000072518	0.00010510502500729798
ENSG00000056586	0.00010507684610352577
ENSG00000028277	0.0001050473655401332
ENSG00000163840	0.000105035808641662
ENSG00000118257	0.00010503122590310367
ENSG00000142156	0.0001049823237917335
ENSG00000160710	0.00010495188568569661
ENSG00000108826	0.00010490598758733046
ENSG00000139112	0.00010489205379906205
ENSG00000172578	0.00010482827064772973
ENSG00000165629	0.00010477484605764343
ENSG00000231268	0.00010476726768666786
ENSG00000173894	0.00010475321688873675
ENSG00000107758	0.00010473597526456075
ENSG00000164081	0.00010470767033499804
ENSG00000163737	0.00010466303038629888
ENSG00000155744	0.00010457972466503942
ENSG00000101040	0.00010456643242260093
ENSG00000175467	0.00010453101400141334
ENSG00000182199	0.00010449631814449856
ENSG00000196323	0.00010443365298601977
ENSG00000160087	0.00010442422037791844
ENSG00000100726	0.00010437612844311098
ENSG00000137673	0.00010437507916080167
ENSG00000163877	0.0001043574357605783
ENSG00000100211	0.00010434663123166421
ENSG00000092847	0.00010433950231891858
ENSG00000124508	0.000104337921832446
ENSG00000117222	0.0001043197376194064
ENSG00000179091	0.00010426553575420629
ENSG00000282844	0.00010423843825810698
ENSG00000221867	0.00010422055054971216
ENSG00000083845	0.00010420853205199554
ENSG00000169679	0.00010409080528210432
ENSG00000051523	0.00010406057552432323
ENSG00000102879	0.00010400448112115794
ENSG00000130702	0.0001039792748541043
ENSG00000139436	0.00010395694985711689
ENSG00000099940	0.00010393334605127398
ENSG00000182287	0.00010392643803250502
ENSG00000138646	0.00010391969196529288
ENSG00000163510	0.00010390425541555839
ENSG00000173267	0.00010390416728998164
ENSG00000221914	0.00010387159123159441
ENSG00000239713	0.00010380846412821098
ENSG00000184432	0.00010378696387575173
ENSG00000091181	0.00010370174687736656
ENSG00000166508	0.00010366252760178003
ENSG00000154764	0.00010363640074752655
ENSG00000089250	0.00010357777333213662
ENSG00000126254	0.00010355007234204446
ENSG00000077549	0.00010352891255063251
ENSG00000073584	0.00010352377472128393
ENSG00000161970	0.00010349116503552943
ENSG00000144554	0.0001034858865835349
ENSG00000172590	0.00010347847685424142
ENSG00000067248	0.0001034723897551312
ENSG00000181852	0.00010346229600245815
ENSG00000073111	0.00010340740441384851
ENSG00000096433	0.00010335242648475777
ENSG00000198625	0.00010319506031652967
ENSG00000077312	0.00010318268288017897
ENSG00000164176	0.00010316437390779801
ENSG00000105723	0.00010312732003403405
ENSG00000115993	0.00010309503203348311
ENSG00000241837	0.0001030190782847624
ENSG00000227345	0.00010299651925214646
ENSG00000185236	0.00010298825662939034
ENSG00000242372	0.00010295783732888153
ENSG00000117533	0.00010293719051158861
ENSG00000081189	0.00010293662747213231
ENSG00000132970	0.00010290630495192226
ENSG00000185651	0.00010285834165139314
ENSG00000173208	0.00010274372192741081
ENSG00000106992	0.00010270576027498312
ENSG00000129933	0.000102671606970754
ENSG00000161405	0.00010265305303232092
ENSG00000188419	0.0001026226898963322
ENSG00000108515	0.00010254582885884715
ENSG00000145817	0.00010247179748916948
ENSG00000135404	0.00010228003195034296
ENSG00000126777	0.00010226904568166751
ENSG00000118972	0.00010226012408577685
ENSG00000177853	0.00010223169328990624
ENSG00000158195	0.00010218133586434236
ENSG00000114857	0.0001021433309925563
ENSG00000125835	0.00010213660780532091
ENSG00000162704	0.00010212909884145112
ENSG00000100209	0.00010208964017453005
ENSG00000104723	0.00010205970508474953
ENSG00000054356	0.0001019797066350018
ENSG00000116747	0.00010196337916917617
ENSG00000089012	0.00010195281021642623
ENSG00000089682	0.00010182707684911023
ENSG00000115232	0.00010177583931805675
ENSG00000186081	0.000101755294301785
ENSG00000105287	0.0001017170831289149
ENSG00000154262	0.00010170784612142907
ENSG00000121989	0.00010170671230271233
ENSG00000129946	0.00010157331827722073
ENSG00000118640	0.00010153964609972224
ENSG00000101310	0.00010153709420858213
ENSG00000123364	0.00010153615705882018
ENSG00000130811	0.0001015233093183158
ENSG00000169021	0.00010152057944088658
ENSG00000131263	0.00010151571097372231
ENSG00000012983	0.0001014695438689597
ENSG00000130522	0.00010140904149226728
ENSG00000183808	0.00010139669586177458
ENSG00000103855	0.00010133942546073713
ENSG00000104738	0.00010123322602736613
ENSG00000130165	0.00010121691840154426
ENSG00000178538	0.0001012108149214264
ENSG00000119865	0.00010115981590732304
ENSG00000004961	0.00010115493446057454
ENSG00000067082	0.00010114030135684788
ENSG00000061273	0.00010112476476583291
ENSG00000172061	0.00010111374088305913
ENSG00000116044	0.00010110936148075837
ENSG00000126012	0.00010107796511721987
ENSG00000136935	0.0001010685272634419
ENSG00000101057	0.00010105130334390421
ENSG00000106633	0.00010100778365358865
ENSG00000168329	0.00010098292393637977
ENSG00000173163	0.00010096510209378783
ENSG00000182899	0.00010094509783647798
ENSG00000130313	0.00010088070591997033
ENSG00000175455	0.00010087397849318071
ENSG00000007923	0.00010079042257886878
ENSG00000135074	0.00010068024542364905
ENSG00000134962	0.0001005899598428014
ENSG00000109083	0.00010058735061950766
ENSG00000177189	0.00010058710816148958
ENSG00000178741	0.0001005264238823236
ENSG00000115267	0.00010052168506161175
ENSG00000017797	0.0001005189591620723
ENSG00000244462	0.00010050001781501035
ENSG00000119866	0.00010047777637463608
ENSG00000277079	0.00010045696948796602
ENSG00000213397	0.00010043960288199039
ENSG00000138642	0.00010033106149095711
ENSG00000160072	0.0001002626092578613
ENSG00000171443	0.00010019813409487207
ENSG00000114388	0.00010015488838329312
ENSG00000112232	0.00010014632206426332
ENSG00000116161	0.00010010857816211376
ENSG00000116954	0.00010001314068530831
ENSG00000160783	9.999337507356421e-05
ENSG00000160584	9.998466655977792e-05
ENSG00000150672	9.9956278241479e-05
ENSG00000272886	9.994780927174228e-05
ENSG00000136826	9.993091059603354e-05
ENSG00000127837	9.98049409080478e-05
ENSG00000177674	9.970305869491891e-05
ENSG00000137055	9.967418744482527e-05
ENSG00000009335	9.963718548349577e-05
ENSG00000214253	9.959030993115045e-05
ENSG00000137601	9.957727417886922e-05
ENSG00000177082	9.957690482443213e-05
ENSG00000235744	9.95512069182514e-05
ENSG00000239457	9.95512069182514e-05
ENSG00000114737	9.939046628093786e-05
ENSG00000069849	9.938458452922474e-05
ENSG00000152455	9.931575384258069e-05
ENSG00000163207	9.93106923908751e-05
ENSG00000285048	9.928410766230204e-05
ENSG00000244734	9.927662453101278e-05
ENSG00000188994	9.926164454567539e-05
ENSG00000196510	9.924939808850416e-05
ENSG00000013725	9.92366496873415e-05
ENSG00000104907	9.920713280901743e-05
ENSG00000105246	9.919801114449403e-05
ENSG00000167984	9.918677685958914e-05
ENSG00000185652	9.917630063800902e-05
ENSG00000079805	9.917619191396195e-05
ENSG00000132386	9.915804554718452e-05
ENSG00000156976	9.911251882603202e-05
ENSG00000184292	9.909408726054686e-05
ENSG00000160113	9.894621774896392e-05
ENSG00000170142	9.884941888667166e-05
ENSG00000138801	9.882549272038826e-05
ENSG00000105404	9.882403974971745e-05
ENSG00000099783	9.875150000536168e-05
ENSG00000109118	9.87214542348917e-05
ENSG00000071537	9.866122424899152e-05
ENSG00000204967	9.863415389250325e-05
ENSG00000140386	9.85487384048971e-05
ENSG00000126246	9.848933444583726e-05
ENSG00000183283	9.847134963930507e-05
ENSG00000165195	9.844750403934288e-05
ENSG00000115590	9.844063614793026e-05
ENSG00000008517	9.842303394922531e-05
ENSG00000163156	9.840682504370735e-05
ENSG00000100281	9.839409625902124e-05
ENSG00000136573	9.834180648248741e-05
ENSG00000157703	9.832875099317628e-05
ENSG00000169313	9.830996636805582e-05
ENSG00000122257	9.829675765377839e-05
ENSG00000118965	9.822103982858679e-05
ENSG00000275565	9.820698352660588e-05
ENSG00000169592	9.815119541800807e-05
ENSG00000135605	9.814297898178825e-05
ENSG00000108961	9.812786156160848e-05
ENSG00000213024	9.811474733922577e-05
ENSG00000171132	9.809996203367697e-05
ENSG00000118193	9.807388687598573e-05
ENSG00000085840	9.805651350521429e-05
ENSG00000111727	9.804196455390301e-05
ENSG00000088812	9.800006200351781e-05
ENSG00000171936	9.794307967605489e-05
ENSG00000185247	9.785348458929123e-05
ENSG00000157456	9.784860812449061e-05
ENSG00000075856	9.782187350977975e-05
ENSG00000220205	9.778105072438794e-05
ENSG00000138459	9.777542365195367e-05
ENSG00000008838	9.770587707867943e-05
ENSG00000139505	9.767157961471094e-05
ENSG00000130311	9.76452263453519e-05
ENSG00000099860	9.76048349277033e-05
ENSG00000164405	9.758807684996297e-05
ENSG00000165480	9.757247284209227e-05
ENSG00000107223	9.756968981406503e-05
ENSG00000132688	9.75292798577442e-05
ENSG00000253719	9.748402410063729e-05
ENSG00000283706	9.747351539876836e-05
ENSG00000184436	9.743203809648483e-05
ENSG00000068383	9.740182657196284e-05
ENSG00000211456	9.737714841897756e-05
ENSG00000129354	9.733883725777279e-05
ENSG00000106278	9.733102755828983e-05
ENSG00000137807	9.731259114558313e-05
ENSG00000114315	9.730427515315256e-05
ENSG00000106617	9.72810577870333e-05
ENSG00000170465	9.722524709807913e-05
ENSG00000213977	9.718081004507224e-05
ENSG00000166736	9.715147996200553e-05
ENSG00000154059	9.714948479378148e-05
ENSG00000173273	9.714453450762393e-05
ENSG00000101197	9.712546714414223e-05
ENSG00000169976	9.70877314072481e-05
ENSG00000120253	9.706956488910479e-05
ENSG00000003400	9.704930489017632e-05
ENSG00000166579	9.703578641630543e-05
ENSG00000089902	9.703162606739506e-05
ENSG00000075945	9.701739032606135e-05
ENSG00000143437	9.701629796520264e-05
ENSG00000166483	9.699428455199964e-05
ENSG00000102606	9.691133746882373e-05
ENSG00000149735	9.689965733072148e-05
ENSG00000136153	9.687230466006342e-05
ENSG00000101158	9.685855369822407e-05
ENSG00000141759	9.68278058385106e-05
ENSG00000156475	9.663131635043137e-05
ENSG00000126458	9.658190846292856e-05
ENSG00000143995	9.650175844005462e-05
ENSG00000151490	9.639797993795833e-05
ENSG00000125245	9.639607163870905e-05
ENSG00000156234	9.632108600492054e-05
ENSG00000023892	9.629628293082542e-05
ENSG00000075239	9.629493126042454e-05
ENSG00000134744	9.61686275555142e-05
ENSG00000133106	9.613240622268388e-05
ENSG00000157613	9.613040734033466e-05
ENSG00000233927	9.610310397120293e-05
ENSG00000171219	9.609043991350128e-05
ENSG00000125818	9.607191250004487e-05
ENSG00000169696	9.600771557659096e-05
ENSG00000163820	9.599110276585396e-05
ENSG00000103168	9.595168414519406e-05
ENSG00000155876	9.592417944030011e-05
ENSG00000026950	9.58649958578899e-05
ENSG00000148308	9.585802207416062e-05
ENSG00000165525	9.585043053205422e-05
ENSG00000075568	9.583317209465423e-05
ENSG00000128591	9.581304952740213e-05
ENSG00000109189	9.57762685826766e-05
ENSG00000146729	9.577469539993437e-05
ENSG00000162378	9.573390348731896e-05
ENSG00000171700	9.568653697809572e-05
ENSG00000107290	9.567365590382819e-05
ENSG00000164258	9.558393189218048e-05
ENSG00000285023	9.554960142110091e-05
ENSG00000145147	9.553494129022338e-05
ENSG00000124459	9.552752407474845e-05
ENSG00000066557	9.552613046262254e-05
ENSG00000109670	9.550267267486847e-05
ENSG00000079102	9.549919731848522e-05
ENSG00000007080	9.545295446500088e-05
ENSG00000113108	9.54450954365844e-05
ENSG00000186471	9.541899067072926e-05
ENSG00000050730	9.534139286687744e-05
ENSG00000150457	9.531713154666192e-05
ENSG00000173198	9.529673018836903e-05
ENSG00000135655	9.527572510404488e-05
ENSG00000158717	9.524904012248575e-05
ENSG00000213741	9.51811503072683e-05
ENSG00000204673	9.513950109245822e-05
ENSG00000213465	9.510586367406661e-05
ENSG00000127946	9.510170162949322e-05
ENSG00000155660	9.509654027775569e-05
ENSG00000151632	9.506691584833668e-05
ENSG00000090621	9.504421475333016e-05
ENSG00000167613	9.500609532608121e-05
ENSG00000154589	9.490913175881162e-05
ENSG00000109846	9.490798367403286e-05
ENSG00000138834	9.490106219212701e-05
ENSG00000180644	9.488478894558899e-05
ENSG00000169933	9.484569616905412e-05
ENSG00000080986	9.483773477413993e-05
ENSG00000122741	9.483216275918935e-05
ENSG00000137814	9.477069288355572e-05
ENSG00000119401	9.475877279970139e-05
ENSG00000078403	9.474481459237915e-05
ENSG00000101940	9.473767330574473e-05
ENSG00000124333	9.472190017034746e-05
ENSG00000100784	9.471521415414642e-05
ENSG00000170043	9.464863887420719e-05
ENSG00000136522	9.464770250823534e-05
ENSG00000170677	9.452005943199249e-05
ENSG00000172175	9.448088053337121e-05
ENSG00000181192	9.44645644091849e-05
ENSG00000171475	9.444869899571445e-05
ENSG00000177565	9.440826812345293e-05
ENSG00000155657	9.440725148580651e-05
ENSG00000139637	9.438989813167308e-05
ENSG00000173762	9.43792732414728e-05
ENSG00000072506	9.437151289333476e-05
ENSG00000137809	9.43500489083406e-05
ENSG00000106683	9.42910762105251e-05
ENSG00000056736	9.422051527413308e-05
ENSG00000031823	9.41646230066328e-05
ENSG00000065183	9.415424623152977e-05
ENSG00000180318	9.413531455540897e-05
ENSG00000112038	9.41307433906974e-05
ENSG00000167674	9.411883458014586e-05
ENSG00000121152	9.407914619618103e-05
ENSG00000184481	9.405937096502195e-05
ENSG00000100280	9.404781217198738e-05
ENSG00000125877	9.398684449187251e-05
ENSG00000107669	9.398332274280595e-05
ENSG00000160305	9.394654776797909e-05
ENSG00000030582	9.393336088354926e-05
ENSG00000157601	9.391578132835747e-05
ENSG00000143870	9.389016197439512e-05
ENSG00000131828	9.38591377906916e-05
ENSG00000181788	9.384708200916421e-05
ENSG00000006327	9.384252597874885e-05
ENSG00000115355	9.383628036557859e-05
ENSG00000156466	9.369364715287011e-05
ENSG00000133818	9.368617638190346e-05
ENSG00000083223	9.365690059550475e-05
ENSG00000277943	9.360875833793429e-05
ENSG00000164483	9.358058190701328e-05
ENSG00000149532	9.356557593779895e-05
ENSG00000146005	9.356307420002703e-05
ENSG00000179820	9.354188798578263e-05
ENSG00000139990	9.353967359009874e-05
ENSG00000198771	9.349558515928244e-05
ENSG00000129991	9.341306791583385e-05
ENSG00000163220	9.328520364596238e-05
ENSG00000174748	9.327036165565068e-05
ENSG00000104889	9.32691315485382e-05
ENSG00000000938	9.326211157292339e-05
ENSG00000134363	9.325290249030034e-05
ENSG00000184575	9.324961643814547e-05
ENSG00000103769	9.324559614258356e-05
ENSG00000017427	9.323882924096702e-05
ENSG00000073861	9.322149772685215e-05
ENSG00000164967	9.321949357450108e-05
ENSG00000138092	9.320487309840461e-05
ENSG00000114446	9.317676203942943e-05
ENSG00000261371	9.314521915806148e-05
ENSG00000172586	9.306282761660913e-05
ENSG00000213983	9.303700806692839e-05
ENSG00000093000	9.303556190155315e-05
ENSG00000132963	9.303187172686596e-05
ENSG00000101162	9.302513924815347e-05
ENSG00000145868	9.295868684427175e-05
ENSG00000072694	9.294287526206945e-05
ENSG00000175595	9.288000549454185e-05
ENSG00000104419	9.284826918926536e-05
ENSG00000162244	9.284813427879978e-05
ENSG00000088682	9.284400393278182e-05
ENSG00000147604	9.279218257269378e-05
ENSG00000186470	9.27620554920059e-05
ENSG00000134757	9.266487099705719e-05
ENSG00000164867	9.265001762869867e-05
ENSG00000058404	9.25405982998886e-05
ENSG00000185619	9.25291290292209e-05
ENSG00000171208	9.252089871230122e-05
ENSG00000107816	9.244606474447737e-05
ENSG00000163041	9.243155586991025e-05
ENSG00000115234	9.241132485987695e-05
ENSG00000105290	9.239742319515076e-05
ENSG00000197045	9.237369843179625e-05
ENSG00000162298	9.228440408840348e-05
ENSG00000173726	9.22487969910247e-05
ENSG00000038382	9.222777603322234e-05
ENSG00000198707	9.22086105680919e-05
ENSG00000135932	9.219570595600188e-05
ENSG00000142675	9.205951706852487e-05
ENSG00000124610	9.205581397808715e-05
ENSG00000143382	9.20072580223267e-05
ENSG00000100813	9.199507748172232e-05
ENSG00000131374	9.1965601061389e-05
ENSG00000184164	9.186119825063118e-05
ENSG00000077942	9.183678057037481e-05
ENSG00000198799	9.17425550956214e-05
ENSG00000137504	9.173030687835372e-05
ENSG00000116663	9.172416993392035e-05
ENSG00000134539	9.168066733994656e-05
ENSG00000114573	9.165316589865186e-05
ENSG00000107164	9.159705936297532e-05
ENSG00000128908	9.15705595382276e-05
ENSG00000158623	9.155973047424357e-05
ENSG00000215305	9.155635138038317e-05
ENSG00000185291	9.153861258228868e-05
ENSG00000147140	9.15006012658761e-05
ENSG00000007908	9.147663972825265e-05
ENSG00000119041	9.147149844182699e-05
ENSG00000114739	9.139812650819314e-05
ENSG00000148291	9.137324228209732e-05
ENSG00000100354	9.13574254206487e-05
ENSG00000065833	9.13465152172314e-05
ENSG00000112697	9.131166798315344e-05
ENSG00000211450	9.130634178911505e-05
ENSG00000108262	9.129341101979235e-05
ENSG00000008516	9.126523319248469e-05
ENSG00000100029	9.125263895491782e-05
ENSG00000111647	9.123318553917772e-05
ENSG00000123136	9.117057043782439e-05
ENSG00000277336	9.115049901399243e-05
ENSG00000163159	9.114648488325925e-05
ENSG00000198589	9.112113922533776e-05
ENSG00000137628	9.110729773247861e-05
ENSG00000063046	9.110135193478709e-05
ENSG00000115561	9.110004549431364e-05
ENSG00000167461	9.10696764928098e-05
ENSG00000140853	9.106331869139255e-05
ENSG00000164949	9.104491061531607e-05
ENSG00000139343	9.101047375322442e-05
ENSG00000142892	9.099155913814771e-05
ENSG00000134574	9.098387180301919e-05
ENSG00000128567	9.09793549448891e-05
ENSG00000176101	9.095907278057404e-05
ENSG00000133895	9.092143094994472e-05
ENSG00000163286	9.087160272763064e-05
ENSG00000115138	9.078652086358692e-05
ENSG00000159228	9.073794658155413e-05
ENSG00000257727	9.070283632982858e-05
ENSG00000085514	9.06636655484704e-05
ENSG00000113569	9.065794446463215e-05
ENSG00000147679	9.064313049708207e-05
ENSG00000172809	9.063269262190226e-05
ENSG00000148773	9.061111073255857e-05
ENSG00000164597	9.058364138991427e-05
ENSG00000078053	9.055273946418957e-05
ENSG00000091483	9.055169028763763e-05
ENSG00000283100	9.052650181407335e-05
ENSG00000172046	9.050101408461037e-05
ENSG00000130985	9.044952528418217e-05
ENSG00000151729	9.04253594746751e-05
ENSG00000183530	9.039222616387436e-05
ENSG00000133226	9.035534444108682e-05
ENSG00000198586	9.033888228601514e-05
ENSG00000171150	9.033690700499521e-05
ENSG00000111481	9.030722836260263e-05
ENSG00000134186	9.02927125329824e-05
ENSG00000162923	9.025263428306187e-05
ENSG00000100109	9.022515574083426e-05
ENSG00000137078	9.02131097371423e-05
ENSG00000123607	9.010328035741018e-05
ENSG00000133961	9.006816601843669e-05
ENSG00000183668	9.003817009519288e-05
ENSG00000197616	8.997901587150792e-05
ENSG00000132424	8.997625613171282e-05
ENSG00000174123	8.996485709446496e-05
ENSG00000186687	8.99362953168186e-05
ENSG00000157303	8.992133052791759e-05
ENSG00000242616	8.986456734228297e-05
ENSG00000181638	8.985769161451977e-05
ENSG00000125657	8.978524823559118e-05
ENSG00000141655	8.977806608324248e-05
ENSG00000066739	8.973673268260936e-05
ENSG00000113520	8.971814675779141e-05
ENSG00000159958	8.970052507269595e-05
ENSG00000134460	8.969789487051132e-05
ENSG00000229809	8.969089278944862e-05
ENSG00000143546	8.968171555883243e-05
ENSG00000107938	8.962623840346662e-05
ENSG00000113905	8.959519321207023e-05
ENSG00000162231	8.958564443174933e-05
ENSG00000091409	8.95373757649749e-05
ENSG00000102893	8.950368912451484e-05
ENSG00000163376	8.948131228642761e-05
ENSG00000073350	8.93517223885782e-05
ENSG00000214819	8.928210698307073e-05
ENSG00000146285	8.928148999179448e-05
ENSG00000186265	8.92383405777478e-05
ENSG00000174799	8.919397605460243e-05
ENSG00000157680	8.90906144702146e-05
ENSG00000143324	8.908415274628111e-05
ENSG00000157191	8.907981266648374e-05
ENSG00000175305	8.906559273252669e-05
ENSG00000160972	8.905434312566542e-05
ENSG00000126804	8.904824721697385e-05
ENSG00000003393	8.903094166297337e-05
ENSG00000167792	8.902981160623738e-05
ENSG00000159189	8.897244030212069e-05
ENSG00000182492	8.892599925448316e-05
ENSG00000175203	8.89076792135024e-05
ENSG00000104979	8.889977458778133e-05
ENSG00000166401	8.882183938511107e-05
ENSG00000015676	8.874732168156447e-05
ENSG00000167635	8.87387022194968e-05
ENSG00000125870	8.869539609204216e-05
ENSG00000176533	8.867793251016508e-05
ENSG00000198700	8.867434961615456e-05
ENSG00000288461	8.860964086427014e-05
ENSG00000178188	8.857083402102869e-05
ENSG00000163629	8.85689015511823e-05
ENSG00000074706	8.85582161538431e-05
ENSG00000168496	8.848460272573547e-05
ENSG00000112242	8.845569850893282e-05
ENSG00000184708	8.843067160501416e-05
ENSG00000057593	8.83539233964052e-05
ENSG00000163320	8.832379860798184e-05
ENSG00000025039	8.828054413475889e-05
ENSG00000175634	8.827908416122848e-05
ENSG00000104960	8.827050093954304e-05
ENSG00000093009	8.827037146531878e-05
ENSG00000105640	8.825953288737973e-05
ENSG00000178127	8.820894650387104e-05
ENSG00000114738	8.820715816625641e-05
ENSG00000143387	8.81964794008595e-05
ENSG00000167470	8.810967301688759e-05
ENSG00000114331	8.810733467341165e-05
ENSG00000140391	8.809305588005143e-05
ENSG00000134259	8.80386628677293e-05
ENSG00000117906	8.802989086353323e-05
ENSG00000109674	8.798610158905406e-05
ENSG00000102145	8.79802683950755e-05
ENSG00000115694	8.79724940631721e-05
ENSG00000152689	8.792153650032052e-05
ENSG00000094804	8.790520512673756e-05
ENSG00000107872	8.789230119547196e-05
ENSG00000182621	8.78585263636426e-05
ENSG00000203896	8.784396879984766e-05
ENSG00000131653	8.783428814538868e-05
ENSG00000171222	8.780809042911921e-05
ENSG00000072682	8.77401879527739e-05
ENSG00000169564	8.773149651021538e-05
ENSG00000105676	8.772315759862645e-05
ENSG00000262795	8.763189550408861e-05
ENSG00000124201	8.75444546867e-05
ENSG00000177138	8.747455531679049e-05
ENSG00000096696	8.747276350076713e-05
ENSG00000100836	8.742729614972031e-05
ENSG00000165644	8.74174536896051e-05
ENSG00000101624	8.737046839803539e-05
ENSG00000169035	8.735896830770981e-05
ENSG00000165304	8.734791050315088e-05
ENSG00000136068	8.734089907755997e-05
ENSG00000119638	8.73370200056205e-05
ENSG00000176692	8.725049611445535e-05
ENSG00000117155	8.723587529369263e-05
ENSG00000197448	8.723546634139714e-05
ENSG00000099957	8.721813969194099e-05
ENSG00000006788	8.7198179562082e-05
ENSG00000112514	8.718840203952455e-05
ENSG00000166794	8.71718035560293e-05
ENSG00000139515	8.713568748458911e-05
ENSG00000133858	8.712865032153638e-05
ENSG00000144191	8.712024502977839e-05
ENSG00000105085	8.708458118022841e-05
ENSG00000284916	8.704910473680868e-05
ENSG00000196338	8.704458260609064e-05
ENSG00000205981	8.704075729999654e-05
ENSG00000165240	8.702972336242826e-05
ENSG00000057935	8.697746087457127e-05
ENSG00000105755	8.693435182110982e-05
ENSG00000126353	8.693241231619761e-05
ENSG00000153898	8.691986108610173e-05
ENSG00000278540	8.68682276964702e-05
ENSG00000112237	8.680445608196414e-05
ENSG00000125633	8.676582930604917e-05
ENSG00000131771	8.667019985716495e-05
ENSG00000109861	8.663106731995197e-05
ENSG00000023318	8.660314505151294e-05
ENSG00000205683	8.65731953884032e-05
ENSG00000120008	8.654303578064898e-05
ENSG00000165799	8.650408528925602e-05
ENSG00000068394	8.649207458189288e-05
ENSG00000125740	8.640745283910164e-05
ENSG00000276725	8.638285354290666e-05
ENSG00000120519	8.637561482410291e-05
ENSG00000157933	8.633733862362439e-05
ENSG00000138768	8.631197986257264e-05
ENSG00000187098	8.63117752610537e-05
ENSG00000135441	8.628022688394992e-05
ENSG00000174373	8.62152665830633e-05
ENSG00000255529	8.619984946360177e-05
ENSG00000196604	8.618301488375448e-05
ENSG00000167447	8.616515221840686e-05
ENSG00000100453	8.615991480239066e-05
ENSG00000085719	8.614619015419812e-05
ENSG00000165934	8.612977447775355e-05
ENSG00000134686	8.609326143297511e-05
ENSG00000174276	8.60438173968737e-05
ENSG00000076944	8.601192067281555e-05
ENSG00000092199	8.599735224777927e-05
ENSG00000014216	8.598914355151538e-05
ENSG00000112115	8.598149424886189e-05
ENSG00000149294	8.591524320537315e-05
ENSG00000204498	8.591374376458284e-05
ENSG00000136878	8.591303043394547e-05
ENSG00000122545	8.590549584111045e-05
ENSG00000170776	8.588356174159945e-05
ENSG00000111087	8.58535041831564e-05
ENSG00000022355	8.585036081411724e-05
ENSG00000145632	8.577183431122768e-05
ENSG00000179335	8.571757292894495e-05
ENSG00000183765	8.571729418693483e-05
ENSG00000113494	8.570598919613221e-05
ENSG00000109758	8.570470770724539e-05
ENSG00000123485	8.569861457894801e-05
ENSG00000143556	8.569315122539166e-05
ENSG00000108588	8.567226417309039e-05
ENSG00000111912	8.564306012148062e-05
ENSG00000092203	8.562823955188259e-05
ENSG00000142856	8.562571441597425e-05
ENSG00000198931	8.561515667759287e-05
ENSG00000115919	8.55972146731469e-05
ENSG00000133103	8.55658555329176e-05
ENSG00000153914	8.55593160743137e-05
ENSG00000102466	8.553801834340513e-05
ENSG00000104154	8.545444904907074e-05
ENSG00000184661	8.545386063146495e-05
ENSG00000185630	8.544950297047553e-05
ENSG00000092345	8.541053409357027e-05
ENSG00000140600	8.540520338079754e-05
ENSG00000143952	8.540326163812784e-05
ENSG00000145388	8.538676787624353e-05
ENSG00000168546	8.532295209697188e-05
ENSG00000144560	8.528584842311237e-05
ENSG00000066279	8.525497568908517e-05
ENSG00000183770	8.525159252413371e-05
ENSG00000151414	8.523374988896317e-05
ENSG00000182087	8.522527344536666e-05
ENSG00000161940	8.521678310722096e-05
ENSG00000182208	8.521355140200213e-05
ENSG00000101577	8.51798590713874e-05
ENSG00000182187	8.515909755424748e-05
ENSG00000095585	8.510949025094826e-05
ENSG00000103024	8.506892896904479e-05
ENSG00000091513	8.499968905218244e-05
ENSG00000103494	8.494653946505556e-05
ENSG00000121807	8.492775894416954e-05
ENSG00000148180	8.490256114338476e-05
ENSG00000152661	8.48893609743745e-05
ENSG00000136021	8.483484429867453e-05
ENSG00000023734	8.482224211421391e-05
ENSG00000148680	8.481596816505867e-05
ENSG00000140153	8.477009987641736e-05
ENSG00000078043	8.476720224371691e-05
ENSG00000110888	8.476357831285343e-05
ENSG00000213445	8.471969975117702e-05
ENSG00000134321	8.470600102871513e-05
ENSG00000100227	8.470252338233261e-05
ENSG00000111737	8.46853678819514e-05
ENSG00000165650	8.46544524543325e-05
ENSG00000123143	8.464676749022742e-05
ENSG00000087095	8.46203506750458e-05
ENSG00000033011	8.462022411574873e-05
ENSG00000116035	8.461155135394745e-05
ENSG00000180198	8.456451674279626e-05
ENSG00000124198	8.452190389701115e-05
ENSG00000118200	8.444302398288224e-05
ENSG00000136026	8.444023526693839e-05
ENSG00000143442	8.42416788910408e-05
ENSG00000198502	8.421223720567321e-05
ENSG00000141279	8.420114754479783e-05
ENSG00000184743	8.417210665703022e-05
ENSG00000105223	8.414994441358147e-05
ENSG00000185022	8.4138616214889e-05
ENSG00000122126	8.410808947298046e-05
ENSG00000262814	8.404222249845391e-05
ENSG00000150779	8.391779079312605e-05
ENSG00000010030	8.3905777555113e-05
ENSG00000108684	8.38748925640775e-05
ENSG00000081181	8.38511212687773e-05
ENSG00000137218	8.380835291597962e-05
ENSG00000151923	8.371710837573163e-05
ENSG00000103154	8.369662787020424e-05
ENSG00000157557	8.363978777053955e-05
ENSG00000197769	8.362612351824637e-05
ENSG00000158987	8.36258603567325e-05
ENSG00000134987	8.362408890519742e-05
ENSG00000055957	8.361280408885782e-05
ENSG00000180357	8.356804196983914e-05
ENSG00000104967	8.356496367717896e-05
ENSG00000105443	8.355756797364266e-05
ENSG00000185800	8.354706065696253e-05
ENSG00000085433	8.349921008418098e-05
ENSG00000158062	8.347423678299613e-05
ENSG00000239732	8.34464624924822e-05
ENSG00000141456	8.342097825654615e-05
ENSG00000088305	8.34048984767325e-05
ENSG00000100225	8.340379230034882e-05
ENSG00000105383	8.339949917485123e-05
ENSG00000178952	8.339678174679256e-05
ENSG00000174405	8.337176929795764e-05
ENSG00000122218	8.335415386691589e-05
ENSG00000184371	8.33531278049558e-05
ENSG00000176014	8.333227444866263e-05
ENSG00000136824	8.331885423828654e-05
ENSG00000132612	8.330463462268378e-05
ENSG00000198160	8.327722118688231e-05
ENSG00000175556	8.326751321381167e-05
ENSG00000100568	8.31961190979689e-05
ENSG00000054611	8.318141198131954e-05
ENSG00000105398	8.315530246718526e-05
ENSG00000167985	8.31408044726965e-05
ENSG00000105662	8.310384505219351e-05
ENSG00000121749	8.306233614457958e-05
ENSG00000174547	8.30523515852507e-05
ENSG00000130508	8.305168422488822e-05
ENSG00000079950	8.302596180035846e-05
ENSG00000115274	8.300674729663687e-05
ENSG00000206172	8.300623384278656e-05
ENSG00000009307	8.299829915293248e-05
ENSG00000162441	8.292782358759473e-05
ENSG00000142230	8.283247057455493e-05
ENSG00000011485	8.282708394315841e-05
ENSG00000092108	8.28231328492804e-05
ENSG00000176386	8.281160388934039e-05
ENSG00000124813	8.278278489708279e-05
ENSG00000169194	8.275220011317458e-05
ENSG00000146425	8.274861211900116e-05
ENSG00000123836	8.268082586803658e-05
ENSG00000001631	8.25748944626648e-05
ENSG00000130669	8.254959444461345e-05
ENSG00000087495	8.249692967448618e-05
ENSG00000145220	8.24926404429464e-05
ENSG00000087074	8.247075815498462e-05
ENSG00000123395	8.245893956600493e-05
ENSG00000155755	8.241462392199853e-05
ENSG00000149016	8.238341140537979e-05
ENSG00000101400	8.229776769362079e-05
ENSG00000134884	8.227665528058455e-05
ENSG00000138778	8.224928012337784e-05
ENSG00000055163	8.224104052784756e-05
ENSG00000108679	8.222137623521502e-05
ENSG00000163541	8.214933665559697e-05
ENSG00000100129	8.214350898999302e-05
ENSG00000115592	8.21399186862055e-05
ENSG00000085741	8.213586661247331e-05
ENSG00000132694	8.212847815406587e-05
ENSG00000156735	8.20734860893492e-05
ENSG00000124222	8.199690926510522e-05
ENSG00000102878	8.197600943776249e-05
ENSG00000168813	8.195225796580599e-05
ENSG00000138698	8.194872351282758e-05
ENSG00000119650	8.190654424089668e-05
ENSG00000109805	8.185253497254631e-05
ENSG00000111057	8.18435571012083e-05
ENSG00000007171	8.18430667362006e-05
ENSG00000109534	8.183110896979653e-05
ENSG00000111678	8.182694230923272e-05
ENSG00000169189	8.181472102893054e-05
ENSG00000076685	8.17954343885131e-05
ENSG00000065328	8.179538491697802e-05
ENSG00000100796	8.179297562393897e-05
ENSG00000165637	8.175286418786527e-05
ENSG00000129152	8.173533386971958e-05
ENSG00000100083	8.167862097922522e-05
ENSG00000164161	8.164968140513994e-05
ENSG00000079277	8.162122998096717e-05
ENSG00000233276	8.160576138396221e-05
ENSG00000076555	8.159087330114948e-05
ENSG00000089280	8.158411374575614e-05
ENSG00000115839	8.15427677093411e-05
ENSG00000175592	8.147178229655035e-05
ENSG00000111247	8.143082572412522e-05
ENSG00000182670	8.143027740781385e-05
ENSG00000130520	8.141635016182236e-05
ENSG00000082146	8.139660806011817e-05
ENSG00000155366	8.135952930025931e-05
ENSG00000141522	8.13245015498645e-05
ENSG00000061794	8.129072266043743e-05
ENSG00000055483	8.127629087441257e-05
ENSG00000004468	8.125633025202018e-05
ENSG00000205155	8.124224858783398e-05
ENSG00000092531	8.114485837356553e-05
ENSG00000139679	8.110140585411874e-05
ENSG00000135114	8.108616043766295e-05
ENSG00000185324	8.104599594372558e-05
ENSG00000174851	8.101323821275407e-05
ENSG00000116584	8.100931649889369e-05
ENSG00000110696	8.096442297954759e-05
ENSG00000010256	8.089292333496442e-05
ENSG00000146540	8.087976921036756e-05
ENSG00000066056	8.086399908263799e-05
ENSG00000125458	8.081420272756796e-05
ENSG00000138758	8.07240433932396e-05
ENSG00000160678	8.072189309385644e-05
ENSG00000067596	8.071274426364646e-05
ENSG00000142453	8.070986651299122e-05
ENSG00000100353	8.067669268679475e-05
ENSG00000255150	8.067080337111414e-05
ENSG00000140264	8.06538822905242e-05
ENSG00000163482	8.065335294383666e-05
ENSG00000172201	8.06421463075607e-05
ENSG00000148346	8.060693413611992e-05
ENSG00000276043	8.058185260950446e-05
ENSG00000196104	8.055700407037515e-05
ENSG00000113407	8.055696909942638e-05
ENSG00000136715	8.04529030691991e-05
ENSG00000182667	8.040763088640614e-05
ENSG00000284254	8.040324804653504e-05
ENSG00000123496	8.040298930909361e-05
ENSG00000198258	8.040082117100382e-05
ENSG00000084774	8.039582203436464e-05
ENSG00000138496	8.036083594683175e-05
ENSG00000154719	8.035514111678503e-05
ENSG00000126883	8.034361557993346e-05
ENSG00000243678	8.032403757982038e-05
ENSG00000138750	8.028857345929779e-05
ENSG00000113140	8.027070088363675e-05
ENSG00000129219	8.025705628135546e-05
ENSG00000041982	8.024324324720246e-05
ENSG00000158711	8.021876215489425e-05
ENSG00000173113	8.019528285982583e-05
ENSG00000108702	8.015229435907009e-05
ENSG00000061936	8.014773596039777e-05
ENSG00000145216	8.014086178727156e-05
ENSG00000198791	8.014058430937614e-05
ENSG00000140983	8.013915439812849e-05
ENSG00000163728	8.013660791524076e-05
ENSG00000169288	8.007519427864406e-05
ENSG00000137804	8.004558297261816e-05
ENSG00000162594	7.99997305443766e-05
ENSG00000088325	7.998090478340399e-05
ENSG00000117153	7.995614377241696e-05
ENSG00000182827	7.993740407735623e-05
ENSG00000100650	7.993471013177707e-05
ENSG00000100028	7.991441687899119e-05
ENSG00000117586	7.990545038813335e-05
ENSG00000115942	7.986435466735449e-05
ENSG00000029725	7.984666384637873e-05
ENSG00000127152	7.977397598822155e-05
ENSG00000171848	7.973998618890946e-05
ENSG00000137496	7.972617735576961e-05
ENSG00000171311	7.96819080766532e-05
ENSG00000171855	7.966253076096626e-05
ENSG00000170515	7.964235112792453e-05
ENSG00000119508	7.96281884439518e-05
ENSG00000104921	7.956955328070365e-05
ENSG00000163586	7.955915070727214e-05
ENSG00000147416	7.953345537062044e-05
ENSG00000117000	7.94954472918939e-05
ENSG00000158458	7.949270593160089e-05
ENSG00000120471	7.944121801723533e-05
ENSG00000140678	7.942844115474011e-05
ENSG00000114125	7.94029436179252e-05
ENSG00000014164	7.929568189868798e-05
ENSG00000099917	7.925883040951535e-05
ENSG00000169855	7.922419317023762e-05
ENSG00000138688	7.92169575596774e-05
ENSG00000143369	7.917843903263735e-05
ENSG00000038358	7.916233072925282e-05
ENSG00000125630	7.914101342640064e-05
ENSG00000031698	7.912445903945575e-05
ENSG00000118729	7.911003909840035e-05
ENSG00000080823	7.903598615306813e-05
ENSG00000196465	7.903270339964442e-05
ENSG00000113048	7.902386382848897e-05
ENSG00000135473	7.901609411130354e-05
ENSG00000171100	7.899550371772271e-05
ENSG00000018408	7.89821093082935e-05
ENSG00000117748	7.894242980470434e-05
ENSG00000131165	7.889271553081316e-05
ENSG00000014824	7.886253587823257e-05
ENSG00000136986	7.879022483578762e-05
ENSG00000095370	7.875826639857953e-05
ENSG00000142765	7.875536247254577e-05
ENSG00000095564	7.872348056033163e-05
ENSG00000185567	7.870344398592414e-05
ENSG00000120071	7.869599392069296e-05
ENSG00000101473	7.869064367528689e-05
ENSG00000090263	7.867875378986938e-05
ENSG00000130300	7.859584936295161e-05
ENSG00000261992	7.858065727744206e-05
ENSG00000135945	7.852106042587439e-05
ENSG00000108506	7.849007700199843e-05
ENSG00000004534	7.840399175237894e-05
ENSG00000225614	7.83699959794666e-05
ENSG00000126945	7.8340322302272e-05
ENSG00000106692	7.829788114090037e-05
ENSG00000280831	7.827524122094713e-05
ENSG00000180251	7.82726610660811e-05
ENSG00000185813	7.824875335842253e-05
ENSG00000054654	7.821226856043872e-05
ENSG00000168894	7.816303623139232e-05
ENSG00000155760	7.815991065830198e-05
ENSG00000181704	7.812328896669513e-05
ENSG00000142494	7.811399893377001e-05
ENSG00000112685	7.80753129725453e-05
ENSG00000155659	7.807298483655056e-05
ENSG00000102287	7.804970828892152e-05
ENSG00000198650	7.804731068731441e-05
ENSG00000156973	7.802547438802506e-05
ENSG00000066044	7.79967160408139e-05
ENSG00000115221	7.797526859176872e-05
ENSG00000135476	7.79505135260885e-05
ENSG00000143398	7.792504384241494e-05
ENSG00000172322	7.787303216600427e-05
ENSG00000140265	7.783918779247608e-05
ENSG00000170325	7.782728297026334e-05
ENSG00000164107	7.782508560366074e-05
ENSG00000135451	7.779677829297653e-05
ENSG00000137942	7.779617235747745e-05
ENSG00000126749	7.777949273185619e-05
ENSG00000180096	7.775366425398038e-05
ENSG00000073008	7.77533931143641e-05
ENSG00000113088	7.774674104754375e-05
ENSG00000285339	7.766821667862199e-05
ENSG00000096093	7.765786371235063e-05
ENSG00000164128	7.76538805156434e-05
ENSG00000137310	7.762711436386627e-05
ENSG00000100401	7.759768598527078e-05
ENSG00000114861	7.759004615934297e-05
ENSG00000177272	7.756435631391398e-05
ENSG00000138069	7.754786999567506e-05
ENSG00000277633	7.7541444641459e-05
ENSG00000039537	7.751257896929518e-05
ENSG00000075826	7.750389903332369e-05
ENSG00000149136	7.743883470277558e-05
ENSG00000063978	7.743327106651087e-05
ENSG00000104442	7.740563913523318e-05
ENSG00000064703	7.74038384911137e-05
ENSG00000091972	7.737428021337553e-05
ENSG00000104885	7.736971341484098e-05
ENSG00000102901	7.733025919650029e-05
ENSG00000179632	7.73126654014665e-05
ENSG00000174233	7.731153596973121e-05
ENSG00000164252	7.723908665700294e-05
ENSG00000172794	7.719627561760508e-05
ENSG00000138755	7.718733271384239e-05
ENSG00000088832	7.716573834757824e-05
ENSG00000179841	7.712708664457641e-05
ENSG00000176915	7.71150295220049e-05
ENSG00000241685	7.711380933917424e-05
ENSG00000058668	7.709089181108685e-05
ENSG00000138080	7.707924565321103e-05
ENSG00000167645	7.707694949153153e-05
ENSG00000119487	7.705521027841688e-05
ENSG00000111880	7.70521958606696e-05
ENSG00000150637	7.705011064769529e-05
ENSG00000205809	7.696460875444055e-05
ENSG00000079841	7.695757108794058e-05
ENSG00000135862	7.691194716275298e-05
ENSG00000000971	7.690933400736998e-05
ENSG00000075643	7.689738997227372e-05
ENSG00000107968	7.689602956678978e-05
ENSG00000170421	7.680956337788731e-05
ENSG00000136146	7.677146401683212e-05
ENSG00000170340	7.676204658897176e-05
ENSG00000251258	7.675261301192972e-05
ENSG00000148700	7.674284033611587e-05
ENSG00000175221	7.673158857522627e-05
ENSG00000242689	7.671729837371502e-05
ENSG00000128609	7.670404555046519e-05
ENSG00000122958	7.666757871824687e-05
ENSG00000125166	7.665687407044964e-05
ENSG00000174437	7.665534909635498e-05
ENSG00000107566	7.661250829170722e-05
ENSG00000164144	7.660889924246659e-05
ENSG00000178053	7.657319105130742e-05
ENSG00000126746	7.654959982305001e-05
ENSG00000068971	7.647651860801256e-05
ENSG00000183495	7.64699735486861e-05
ENSG00000005812	7.64170624301079e-05
ENSG00000084072	7.639193939962662e-05
ENSG00000160973	7.634035825304376e-05
ENSG00000105695	7.633413785372838e-05
ENSG00000161944	7.632105098590086e-05
ENSG00000054148	7.631940410215141e-05
ENSG00000147224	7.63005684537385e-05
ENSG00000109270	7.630004094924445e-05
ENSG00000170485	7.624490067871943e-05
ENSG00000118579	7.622779210019387e-05
ENSG00000065548	7.621226259607532e-05
ENSG00000147274	7.619740180546854e-05
ENSG00000262634	7.619253146511361e-05
ENSG00000242515	7.617267476084034e-05
ENSG00000249915	7.6158805127702e-05
ENSG00000165474	7.615525665239467e-05
ENSG00000142552	7.614543662629855e-05
ENSG00000184363	7.612466148874043e-05
ENSG00000105369	7.61095640066428e-05
ENSG00000011143	7.607302129222901e-05
ENSG00000129422	7.606013531040662e-05
ENSG00000107862	7.60249321199316e-05
ENSG00000102096	7.601345855802345e-05
ENSG00000230034	7.59693705483787e-05
ENSG00000176774	7.596041879850729e-05
ENSG00000156467	7.595562801100952e-05
ENSG00000101337	7.593967726480138e-05
ENSG00000153207	7.589888185121969e-05
ENSG00000172243	7.587903532010555e-05
ENSG00000170989	7.58768259917564e-05
ENSG00000138663	7.586566307032915e-05
ENSG00000197785	7.583779766484676e-05
ENSG00000240505	7.581761692009384e-05
ENSG00000106976	7.581693358021271e-05
ENSG00000136950	7.580796685801218e-05
ENSG00000099250	7.575853478163715e-05
ENSG00000164163	7.571483569103998e-05
ENSG00000176029	7.566574167841472e-05
ENSG00000145423	7.56637552623351e-05
ENSG00000081041	7.562003099282052e-05
ENSG00000183020	7.56073729729418e-05
ENSG00000158864	7.55845975089873e-05
ENSG00000186834	7.555990128335445e-05
ENSG00000113845	7.54622939934567e-05
ENSG00000035720	7.54495977583153e-05
ENSG00000189299	7.543193965151253e-05
ENSG00000072315	7.541662474588607e-05
ENSG00000143258	7.539266840476487e-05
ENSG00000177602	7.539172815055194e-05
ENSG00000106785	7.538856089696209e-05
ENSG00000188064	7.538849837262713e-05
ENSG00000168769	7.537512963181809e-05
ENSG00000170921	7.52660922844691e-05
ENSG00000273899	7.518313901283187e-05
ENSG00000172613	7.518254366227889e-05
ENSG00000147044	7.511641873861062e-05
ENSG00000156076	7.509799582227696e-05
ENSG00000137845	7.509454870889361e-05
ENSG00000197256	7.509325128966751e-05
ENSG00000166197	7.509269318672499e-05
ENSG00000108669	7.505149723084336e-05
ENSG00000125901	7.503521681585207e-05
ENSG00000115009	7.502199800085883e-05
ENSG00000153234	7.501784012195412e-05
ENSG00000163154	7.501450010764923e-05
ENSG00000167863	7.498319940598811e-05
ENSG00000136717	7.493288510671136e-05
ENSG00000257315	7.491359237036684e-05
ENSG00000175334	7.491158883236424e-05
ENSG00000105518	7.489172981697703e-05
ENSG00000266714	7.485977925703686e-05
ENSG00000158411	7.475413370619185e-05
ENSG00000243989	7.474715690327232e-05
ENSG00000137221	7.474120777128338e-05
ENSG00000240592	7.473037113320437e-05
ENSG00000079616	7.469252197196792e-05
ENSG00000197548	7.464268281891074e-05
ENSG00000141433	7.464054358495582e-05
ENSG00000164093	7.46132133739383e-05
ENSG00000147650	7.456868768947071e-05
ENSG00000137077	7.454747706623427e-05
ENSG00000039650	7.453832829156465e-05
ENSG00000087274	7.453153894254848e-05
ENSG00000140829	7.452174818677283e-05
ENSG00000127870	7.451390951475212e-05
ENSG00000065060	7.448582768970253e-05
ENSG00000185231	7.447857406042326e-05
ENSG00000105550	7.4461723520306e-05
ENSG00000053254	7.445303490844815e-05
ENSG00000164896	7.444876894837371e-05
ENSG00000258890	7.440184829729068e-05
ENSG00000071794	7.439595934735204e-05
ENSG00000181789	7.438154809070663e-05
ENSG00000188747	7.434746369648817e-05
ENSG00000197641	7.432154044200499e-05
ENSG00000031691	7.432000681393117e-05
ENSG00000184900	7.429648777673321e-05
ENSG00000101751	7.427368630685161e-05
ENSG00000174156	7.418511334786921e-05
ENSG00000197976	7.41702440786116e-05
ENSG00000142599	7.413329023796087e-05
ENSG00000132693	7.411796909765342e-05
ENSG00000163347	7.407282509284457e-05
ENSG00000185245	7.40676931723258e-05
ENSG00000141837	7.404944557920402e-05
ENSG00000074755	7.404013981346986e-05
ENSG00000085063	7.401143446366308e-05
ENSG00000120659	7.40022510357633e-05
ENSG00000107742	7.397849231240595e-05
ENSG00000165806	7.39528001479047e-05
ENSG00000151617	7.394485658862079e-05
ENSG00000106991	7.392475612451801e-05
ENSG00000143278	7.390735619320968e-05
ENSG00000105679	7.390714131525841e-05
ENSG00000112200	7.389519843961848e-05
ENSG00000099326	7.38835580671857e-05
ENSG00000187840	7.38755324990725e-05
ENSG00000076604	7.384818051266927e-05
ENSG00000104129	7.384046519475152e-05
ENSG00000187531	7.382132666985756e-05
ENSG00000112701	7.381631036749406e-05
ENSG00000145861	7.368259941238097e-05
ENSG00000185149	7.368136480260726e-05
ENSG00000163703	7.367046443755741e-05
ENSG00000223367	7.366682787386883e-05
ENSG00000083937	7.366357732621794e-05
ENSG00000111361	7.361723320940369e-05
ENSG00000037241	7.359500392486631e-05
ENSG00000137101	7.35555643108866e-05
ENSG00000101003	7.353720431104523e-05
ENSG00000078900	7.344193180406524e-05
ENSG00000153237	7.343694079802501e-05
ENSG00000040933	7.343219733551034e-05
ENSG00000106511	7.337077977773003e-05
ENSG00000125735	7.336340050845544e-05
ENSG00000157111	7.33561431001303e-05
ENSG00000115738	7.334779426881699e-05
ENSG00000070159	7.333161192348518e-05
ENSG00000067842	7.332516998405571e-05
ENSG00000132589	7.331027992465868e-05
ENSG00000172922	7.325968008473387e-05
ENSG00000163501	7.325337083633392e-05
ENSG00000136521	7.324835248022485e-05
ENSG00000284889	7.3226975572528e-05
ENSG00000117724	7.32188372664606e-05
ENSG00000011258	7.321185575403288e-05
ENSG00000108819	7.32051907059218e-05
ENSG00000182473	7.319832989627345e-05
ENSG00000263761	7.318731676307934e-05
ENSG00000110777	7.318179499405095e-05
ENSG00000231925	7.309856398498289e-05
ENSG00000130560	7.295918519648913e-05
ENSG00000197530	7.293332578546714e-05
ENSG00000168310	7.290929209754938e-05
ENSG00000213523	7.29002474566842e-05
ENSG00000145390	7.288456038600567e-05
ENSG00000185551	7.282695747396116e-05
ENSG00000155363	7.281674381811871e-05
ENSG00000143514	7.276797460539825e-05
ENSG00000129625	7.276498873853841e-05
ENSG00000167244	7.276348284142317e-05
ENSG00000091157	7.27617267142192e-05
ENSG00000033627	7.269888789003755e-05
ENSG00000175073	7.267019017536368e-05
ENSG00000145088	7.263607929543743e-05
ENSG00000160856	7.263427846128334e-05
ENSG00000167107	7.26315607995126e-05
ENSG00000164733	7.260823099921367e-05
ENSG00000168000	7.26029326696158e-05
ENSG00000237599	7.258497170641647e-05
ENSG00000087250	7.255471057172486e-05
ENSG00000185269	7.253312593873832e-05
ENSG00000123066	7.245015300809018e-05
ENSG00000177058	7.241627627710196e-05
ENSG00000182255	7.241611192882541e-05
ENSG00000130779	7.240337614066322e-05
ENSG00000174327	7.239564253048621e-05
ENSG00000128342	7.233434279979692e-05
ENSG00000109321	7.230323550270825e-05
ENSG00000188603	7.230185619113586e-05
ENSG00000067066	7.228203158658309e-05
ENSG00000177697	7.227153022384186e-05
ENSG00000048462	7.223662726419452e-05
ENSG00000167468	7.219094544219e-05
ENSG00000105698	7.21773452986122e-05
ENSG00000182149	7.216371394621178e-05
ENSG00000130038	7.212258115471803e-05
ENSG00000170373	7.210726121919992e-05
ENSG00000196459	7.209593718302431e-05
ENSG00000112096	7.209516721186381e-05
ENSG00000116213	7.208568001854158e-05
ENSG00000140398	7.203203393616705e-05
ENSG00000257365	7.201442300414672e-05
ENSG00000101871	7.201177423114058e-05
ENSG00000197056	7.197800739557906e-05
ENSG00000151702	7.195949791051907e-05
ENSG00000112118	7.191549944703692e-05
ENSG00000144840	7.191456994458902e-05
ENSG00000114812	7.191271098924564e-05
ENSG00000137871	7.189603440864605e-05
ENSG00000148356	7.189128569408505e-05
ENSG00000115325	7.18513149762149e-05
ENSG00000160013	7.184399651103741e-05
ENSG00000170035	7.184355247236673e-05
ENSG00000172071	7.182440087641069e-05
ENSG00000139116	7.181270464097627e-05
ENSG00000089234	7.179441270461099e-05
ENSG00000101191	7.179322370038348e-05
ENSG00000163141	7.17098821906312e-05
ENSG00000159214	7.170326659362852e-05
ENSG00000206560	7.168962580675608e-05
ENSG00000115289	7.16877701210499e-05
ENSG00000111801	7.167437489980288e-05
ENSG00000187796	7.167322441503284e-05
ENSG00000074047	7.16546988600347e-05
ENSG00000153317	7.164792754542832e-05
ENSG00000120616	7.163043581327726e-05
ENSG00000186732	7.161874956132142e-05
ENSG00000143033	7.159122013933181e-05
ENSG00000123843	7.151523911313668e-05
ENSG00000074800	7.151295103459956e-05
ENSG00000125910	7.150460527700399e-05
ENSG00000177485	7.148403170137734e-05
ENSG00000182196	7.140548161529694e-05
ENSG00000035862	7.137262219551675e-05
ENSG00000131142	7.137023182332768e-05
ENSG00000108825	7.136324219933603e-05
ENSG00000169118	7.132705517265731e-05
ENSG00000175354	7.132324948075712e-05
ENSG00000196405	7.131908748819949e-05
ENSG00000169756	7.12597115720516e-05
ENSG00000110583	7.120825917170725e-05
ENSG00000161960	7.11688325304439e-05
ENSG00000078140	7.116833505399993e-05
ENSG00000168280	7.115564096904061e-05
ENSG00000002822	7.11308349839846e-05
ENSG00000171320	7.11055083953555e-05
ENSG00000144635	7.109906503417197e-05
ENSG00000261893	7.109802920704422e-05
ENSG00000147099	7.109304946015192e-05
ENSG00000106052	7.107884298523495e-05
ENSG00000124575	7.107842182359969e-05
ENSG00000162892	7.106489156303841e-05
ENSG00000004939	7.096340309797819e-05
ENSG00000068323	7.09587403401139e-05
ENSG00000081014	7.093289367112811e-05
ENSG00000101868	7.087765231289911e-05
ENSG00000112992	7.076881044972195e-05
ENSG00000172638	7.076591123877041e-05
ENSG00000152102	7.070139853567903e-05
ENSG00000165029	7.06902763757297e-05
ENSG00000186501	7.059869164920433e-05
ENSG00000160447	7.059528253583559e-05
ENSG00000162695	7.058950377381292e-05
ENSG00000152932	7.05718950351064e-05
ENSG00000083520	7.056617667674085e-05
ENSG00000111328	7.056066276643633e-05
ENSG00000104983	7.054332132230364e-05
ENSG00000154277	7.049288655759845e-05
ENSG00000188783	7.049003894032775e-05
ENSG00000187535	7.045557075313883e-05
ENSG00000159224	7.036485688386332e-05
ENSG00000144730	7.035999727089314e-05
ENSG00000167759	7.030830331655782e-05
ENSG00000113971	7.029106979263667e-05
ENSG00000077458	7.028521976067909e-05
ENSG00000113645	7.02472099428216e-05
ENSG00000152944	7.022204934885623e-05
ENSG00000151849	7.020396383387068e-05
ENSG00000176903	7.013877871815421e-05
ENSG00000138744	7.010498246148946e-05
ENSG00000167941	7.008373095697588e-05
ENSG00000162688	7.008241031235186e-05
ENSG00000187323	7.007348575500144e-05
ENSG00000115604	7.003382011703915e-05
ENSG00000197614	7.002482604246192e-05
ENSG00000198055	7.001473201893117e-05
ENSG00000127920	6.997167203101727e-05
ENSG00000168078	6.996748348651728e-05
ENSG00000164050	6.995965050218878e-05
ENSG00000122026	6.995801164008338e-05
ENSG00000175063	6.99536192899993e-05
ENSG00000012223	6.992689438144722e-05
ENSG00000019549	6.988351884854871e-05
ENSG00000075618	6.98466291182434e-05
ENSG00000198546	6.984053448925191e-05
ENSG00000122435	6.983278466121227e-05
ENSG00000127328	6.983110338246476e-05
ENSG00000166839	6.981503429926235e-05
ENSG00000147509	6.978547920169898e-05
ENSG00000066135	6.974390120029908e-05
ENSG00000130164	6.972177914287633e-05
ENSG00000153989	6.965664035640328e-05
ENSG00000162402	6.964150505586825e-05
ENSG00000141425	6.962757474060868e-05
ENSG00000260916	6.96124953395869e-05
ENSG00000067992	6.959944002223896e-05
ENSG00000112280	6.958861749980891e-05
ENSG00000162869	6.958445490626563e-05
ENSG00000178035	6.955391056656941e-05
ENSG00000172530	6.95533118490554e-05
ENSG00000275575	6.95160810200674e-05
ENSG00000053918	6.951155752953341e-05
ENSG00000112208	6.950634426817742e-05
ENSG00000166716	6.950506845703367e-05
ENSG00000006611	6.947816967509735e-05
ENSG00000165471	6.944732909934058e-05
ENSG00000164919	6.94170751705995e-05
ENSG00000065518	6.941294785439491e-05
ENSG00000170310	6.940841169798805e-05
ENSG00000165724	6.940830637535735e-05
ENSG00000126759	6.940786085469755e-05
ENSG00000206072	6.937153534222095e-05
ENSG00000141644	6.934766219931593e-05
ENSG00000162664	6.934113365101446e-05
ENSG00000116670	6.933798775546176e-05
ENSG00000265241	6.931546032410057e-05
ENSG00000151748	6.928488026902503e-05
ENSG00000166164	6.926577861739096e-05
ENSG00000025293	6.925148667677924e-05
ENSG00000112303	6.920982544206811e-05
ENSG00000112486	6.920066212916033e-05
ENSG00000138468	6.919506471026279e-05
ENSG00000084207	6.918385466595349e-05
ENSG00000277424	6.917252210900896e-05
ENSG00000112983	6.914190882671983e-05
ENSG00000117528	6.913878628580983e-05
ENSG00000281089	6.912965129787378e-05
ENSG00000168081	6.911673795623078e-05
ENSG00000205730	6.910204176814586e-05
ENSG00000278463	6.903558367090843e-05
ENSG00000242485	6.903459329060328e-05
ENSG00000161677	6.901259442758098e-05
ENSG00000133884	6.899165826619294e-05
ENSG00000185640	6.89572242599015e-05
ENSG00000014123	6.888395258897025e-05
ENSG00000283447	6.887689652014321e-05
ENSG00000156858	6.881351580588598e-05
ENSG00000105835	6.880872250582975e-05
ENSG00000151657	6.87874954714518e-05
ENSG00000282899	6.874045565599465e-05
ENSG00000278152	6.87242145256899e-05
ENSG00000169689	6.871682193463987e-05
ENSG00000182872	6.870348503593588e-05
ENSG00000182004	6.862741985843242e-05
ENSG00000164117	6.862257101945967e-05
ENSG00000072274	6.857629231704782e-05
ENSG00000069974	6.851457571310484e-05
ENSG00000131626	6.84958957802527e-05
ENSG00000164091	6.849062323722945e-05
ENSG00000106153	6.847174357495531e-05
ENSG00000244067	6.846903074058821e-05
ENSG00000116406	6.845887430799029e-05
ENSG00000107957	6.84377544045988e-05
ENSG00000269858	6.842690934146175e-05
ENSG00000136810	6.83908305963849e-05
ENSG00000143248	6.833910377744001e-05
ENSG00000143569	6.829961719832354e-05
ENSG00000242028	6.824069486574533e-05
ENSG00000120451	6.824013190226417e-05
ENSG00000254093	6.820982316401411e-05
ENSG00000111300	6.820210443621867e-05
ENSG00000134569	6.819490149851992e-05
ENSG00000135503	6.819186237891928e-05
ENSG00000124334	6.814796942089425e-05
ENSG00000117408	6.814796139747795e-05
ENSG00000187630	6.811585821146833e-05
ENSG00000164663	6.804698292718068e-05
ENSG00000011304	6.804602187735661e-05
ENSG00000197728	6.803028813547752e-05
ENSG00000106560	6.801484110404129e-05
ENSG00000007255	6.799679327822138e-05
ENSG00000203710	6.796264785714523e-05
ENSG00000078687	6.79511146390905e-05
ENSG00000135363	6.791844373757058e-05
ENSG00000130340	6.790437965245923e-05
ENSG00000140511	6.787285758565607e-05
ENSG00000196233	6.785516062074856e-05
ENSG00000123219	6.78513334887928e-05
ENSG00000137100	6.784153402811695e-05
ENSG00000113595	6.782014305709185e-05
ENSG00000118513	6.78070658268081e-05
ENSG00000095139	6.775896552985385e-05
ENSG00000149636	6.773172716688934e-05
ENSG00000159199	6.766357052257265e-05
ENSG00000077348	6.763770562912343e-05
ENSG00000151239	6.763067851511138e-05
ENSG00000158270	6.763017101975558e-05
ENSG00000125970	6.760788174467672e-05
ENSG00000167393	6.759831838393778e-05
ENSG00000164761	6.75845600477931e-05
ENSG00000188342	6.756262880168085e-05
ENSG00000127511	6.735805134563446e-05
ENSG00000120075	6.735592679933897e-05
ENSG00000180008	6.732481356927833e-05
ENSG00000116251	6.732281203575814e-05
ENSG00000064726	6.726725860327592e-05
ENSG00000186642	6.725618111223446e-05
ENSG00000090889	6.724483375239607e-05
ENSG00000106571	6.724181069907894e-05
ENSG00000123595	6.722642516292124e-05
ENSG00000024526	6.719069474916102e-05
ENSG00000110048	6.718931634684299e-05
ENSG00000106009	6.718157587574702e-05
ENSG00000156374	6.717816346782441e-05
ENSG00000168229	6.71430040666108e-05
ENSG00000052723	6.712508082467965e-05
ENSG00000115977	6.711047732718053e-05
ENSG00000173486	6.710627736476087e-05
ENSG00000131473	6.709456773245089e-05
ENSG00000101144	6.70603180127769e-05
ENSG00000081913	6.70512853947141e-05
ENSG00000153560	6.704573699004205e-05
ENSG00000198286	6.702757556283499e-05
ENSG00000168461	6.701662461187834e-05
ENSG00000068878	6.701143415099188e-05
ENSG00000143314	6.699571544694907e-05
ENSG00000236251	6.69764457102257e-05
ENSG00000198205	6.693263723906444e-05
ENSG00000134644	6.692319758974303e-05
ENSG00000163602	6.686477439816769e-05
ENSG00000110811	6.685962549256893e-05
ENSG00000036828	6.681906426778365e-05
ENSG00000101544	6.680099011318164e-05
ENSG00000231408	6.679126623722928e-05
ENSG00000159069	6.67763208933799e-05
ENSG00000164105	6.67681091010922e-05
ENSG00000134470	6.672947631500102e-05
ENSG00000152520	6.67260622668808e-05
ENSG00000157087	6.670194812206175e-05
ENSG00000103932	6.66857529052471e-05
ENSG00000111875	6.667461230555883e-05
ENSG00000121057	6.66738195117411e-05
ENSG00000057663	6.666315641111317e-05
ENSG00000138674	6.659987129575576e-05
ENSG00000125733	6.650678615377111e-05
ENSG00000008735	6.648524401612935e-05
ENSG00000129450	6.647581153246626e-05
ENSG00000109103	6.644982773198378e-05
ENSG00000126247	6.642350480741696e-05
ENSG00000167685	6.641669449685817e-05
ENSG00000178860	6.64120207681246e-05
ENSG00000072571	6.638758332158088e-05
ENSG00000138411	6.637338819539969e-05
ENSG00000154767	6.634156331771724e-05
ENSG00000075420	6.632097210887337e-05
ENSG00000165672	6.631056828334244e-05
ENSG00000153922	6.630405180033947e-05
ENSG00000167967	6.625804922728677e-05
ENSG00000163743	6.625315067765463e-05
ENSG00000198574	6.621550776372126e-05
ENSG00000205250	6.620404755420626e-05
ENSG00000175489	6.620073814099618e-05
ENSG00000143196	6.619826694688122e-05
ENSG00000100429	6.61344612869861e-05
ENSG00000121552	6.609068933882788e-05
ENSG00000145087	6.60076956402437e-05
ENSG00000159210	6.600683746223346e-05
ENSG00000122180	6.6005054027652e-05
ENSG00000185010	6.599235551910015e-05
ENSG00000173153	6.59508630762457e-05
ENSG00000162236	6.591655951829659e-05
ENSG00000205726	6.587274623667011e-05
ENSG00000166855	6.585221686888206e-05
ENSG00000165097	6.584733113302064e-05
ENSG00000177426	6.581550131594385e-05
ENSG00000087365	6.579880021003663e-05
ENSG00000121653	6.574063748978758e-05
ENSG00000008196	6.573613306581926e-05
ENSG00000110245	6.572746512791198e-05
ENSG00000166090	6.571842730961645e-05
ENSG00000083838	6.571524724507821e-05
ENSG00000116833	6.570787516454774e-05
ENSG00000107447	6.570055038547276e-05
ENSG00000111275	6.569720280389873e-05
ENSG00000106263	6.56909931188234e-05
ENSG00000205138	6.567004098564326e-05
ENSG00000176658	6.565034063566465e-05
ENSG00000106305	6.563533324081285e-05
ENSG00000138722	6.561757806255359e-05
ENSG00000181904	6.558900706822751e-05
ENSG00000069399	6.558493715356207e-05
ENSG00000162344	6.556384593385002e-05
ENSG00000112578	6.556176152695826e-05
ENSG00000071242	6.556151572972938e-05
ENSG00000122068	6.554285758083686e-05
ENSG00000129691	6.553630483275083e-05
ENSG00000183617	6.552029174236637e-05
ENSG00000150768	6.549082625951788e-05
ENSG00000141030	6.540746869599574e-05
ENSG00000183648	6.535218504440842e-05
ENSG00000108381	6.53323432282874e-05
ENSG00000123561	6.533189833507041e-05
ENSG00000188986	6.532206145498044e-05
ENSG00000130540	6.528987196028594e-05
ENSG00000106723	6.528209228237399e-05
ENSG00000171453	6.523765185860396e-05
ENSG00000198252	6.522291651397214e-05
ENSG00000169248	6.521999606509304e-05
ENSG00000181827	6.519783467796904e-05
ENSG00000184675	6.515059124785119e-05
ENSG00000126432	6.512579587077881e-05
ENSG00000140961	6.507906726063972e-05
ENSG00000160007	6.504278718197929e-05
ENSG00000107796	6.502940638355778e-05
ENSG00000170122	6.501806829745173e-05
ENSG00000136352	6.500148865213773e-05
ENSG00000138617	6.498185856245569e-05
ENSG00000167601	6.496715078260579e-05
ENSG00000150459	6.496403882733968e-05
ENSG00000035681	6.49633784582293e-05
ENSG00000002834	6.495594331486484e-05
ENSG00000205629	6.494514109797007e-05
ENSG00000120800	6.49313086862915e-05
ENSG00000197958	6.492719704834873e-05
ENSG00000166816	6.492255117311306e-05
ENSG00000007541	6.490637100837842e-05
ENSG00000027847	6.490451583787806e-05
ENSG00000140479	6.489414234235242e-05
ENSG00000100271	6.487098463695097e-05
ENSG00000110243	6.484263857409798e-05
ENSG00000149418	6.484001990841056e-05
ENSG00000147676	6.483106602777739e-05
ENSG00000138684	6.479679189126909e-05
ENSG00000158445	6.474711461308495e-05
ENSG00000007264	6.474637857286893e-05
ENSG00000089220	6.471278376790084e-05
ENSG00000175505	6.468652057901141e-05
ENSG00000185104	6.464492503601354e-05
ENSG00000182759	6.46350226033087e-05
ENSG00000116678	6.463482217007775e-05
ENSG00000213809	6.463210983108848e-05
ENSG00000146072	6.457413099456796e-05
ENSG00000239306	6.453317164134523e-05
ENSG00000169139	6.452847423195506e-05
ENSG00000154723	6.452331691596689e-05
ENSG00000163930	6.452098498529682e-05
ENSG00000170348	6.4516020675717e-05
ENSG00000111790	6.450469123340083e-05
ENSG00000155545	6.450035758341958e-05
ENSG00000172159	6.448432561599817e-05
ENSG00000108370	6.444210052008912e-05
ENSG00000171195	6.444144479823625e-05
ENSG00000009844	6.443721993848774e-05
ENSG00000119125	6.43932532615837e-05
ENSG00000130254	6.438731436504542e-05
ENSG00000141424	6.435691511772414e-05
ENSG00000239672	6.434733821222926e-05
ENSG00000186185	6.433984571697286e-05
ENSG00000151502	6.433447824327274e-05
ENSG00000197429	6.431628052643754e-05
ENSG00000178175	6.430494446059228e-05
ENSG00000156049	6.427121416097527e-05
ENSG00000143793	6.426940859133652e-05
ENSG00000187051	6.426309428302249e-05
ENSG00000152229	6.426082789983819e-05
ENSG00000144426	6.424443182497696e-05
ENSG00000120833	6.419361568510145e-05
ENSG00000049541	6.419340657086977e-05
ENSG00000164045	6.419210943024684e-05
ENSG00000162694	6.416980746753004e-05
ENSG00000099331	6.414739827384959e-05
ENSG00000117394	6.411575021193799e-05
ENSG00000060688	6.405222144880937e-05
ENSG00000136527	6.405118236119627e-05
ENSG00000162601	6.405026722148463e-05
ENSG00000135924	6.402956989577924e-05
ENSG00000277273	6.401747928850577e-05
ENSG00000104904	6.400895371184295e-05
ENSG00000089169	6.400558057338328e-05
ENSG00000152082	6.399197276638207e-05
ENSG00000107186	6.398490616170802e-05
ENSG00000006715	6.396103853405422e-05
ENSG00000136536	6.395934747598604e-05
ENSG00000012504	6.39530406434097e-05
ENSG00000119772	6.394779362434332e-05
ENSG00000166411	6.393864518040628e-05
ENSG00000092439	6.392559116829346e-05
ENSG00000125618	6.392206410286866e-05
ENSG00000129988	6.391156004910112e-05
ENSG00000149177	6.388837635979714e-05
ENSG00000173511	6.388263947438036e-05
ENSG00000137947	6.387167041391834e-05
ENSG00000169251	6.386687154821157e-05
ENSG00000243414	6.386462400216981e-05
ENSG00000169710	6.383537266303798e-05
ENSG00000086827	6.38047533039306e-05
ENSG00000138378	6.380005887683356e-05
ENSG00000108823	6.377160456796977e-05
ENSG00000169020	6.377019430395347e-05
ENSG00000172156	6.376508931401718e-05
ENSG00000101974	6.37628084057538e-05
ENSG00000184374	6.370129986025453e-05
ENSG00000173156	6.368608736816766e-05
ENSG00000108700	6.36682223497858e-05
ENSG00000103351	6.366491759545667e-05
ENSG00000136111	6.365828225247083e-05
ENSG00000213799	6.360412240969113e-05
ENSG00000100379	6.358917542166858e-05
ENSG00000197070	6.35481064019975e-05
ENSG00000198901	6.353406695111003e-05
ENSG00000139746	6.353357931496314e-05
ENSG00000144407	6.352068023049985e-05
ENSG00000187240	6.351967914986758e-05
ENSG00000087206	6.347790567433216e-05
ENSG00000113240	6.345206796772878e-05
ENSG00000127580	6.341471807477029e-05
ENSG00000051341	6.340595397095682e-05
ENSG00000121570	6.335432687445324e-05
ENSG00000006747	6.332892217622435e-05
ENSG00000171488	6.32946956694381e-05
ENSG00000157637	6.329046559337281e-05
ENSG00000058729	6.327915065099525e-05
ENSG00000266412	6.323432505108282e-05
ENSG00000111319	6.322199131401415e-05
ENSG00000145649	6.322014344025025e-05
ENSG00000131100	6.321812027730728e-05
ENSG00000176623	6.321690486765167e-05
ENSG00000167842	6.32055324116108e-05
ENSG00000184160	6.319773378198973e-05
ENSG00000189171	6.314363606428103e-05
ENSG00000007944	6.313386485905832e-05
ENSG00000162747	6.31249041135356e-05
ENSG00000196976	6.310481724906753e-05
ENSG00000156603	6.308024686612494e-05
ENSG00000090382	6.307830576239673e-05
ENSG00000104901	6.306648146656685e-05
ENSG00000132912	6.306588958706523e-05
ENSG00000110013	6.302893672772607e-05
ENSG00000130208	6.302338915959597e-05
ENSG00000136143	6.302237723582272e-05
ENSG00000013561	6.29832790946008e-05
ENSG00000185808	6.29248035307165e-05
ENSG00000094914	6.291756059611953e-05
ENSG00000100554	6.291382705453247e-05
ENSG00000167113	6.291246511352678e-05
ENSG00000148834	6.285314377237232e-05
ENSG00000097033	6.283271658335849e-05
ENSG00000103264	6.282690807356659e-05
ENSG00000123838	6.281576490934257e-05
ENSG00000115365	6.279543714705255e-05
ENSG00000168096	6.276360243910717e-05
ENSG00000122641	6.274316895486317e-05
ENSG00000100883	6.270503985121726e-05
ENSG00000092853	6.269991809132148e-05
ENSG00000136888	6.267769692943823e-05
ENSG00000100014	6.266642154201226e-05
ENSG00000172766	6.266059890655472e-05
ENSG00000102384	6.264015122067397e-05
ENSG00000273936	6.262273968048487e-05
ENSG00000162076	6.261935113091072e-05
ENSG00000124260	6.257897738406467e-05
ENSG00000173992	6.257502478163507e-05
ENSG00000123575	6.257318091628378e-05
ENSG00000143256	6.25542949273255e-05
ENSG00000163682	6.253824030684439e-05
ENSG00000196664	6.251704866011101e-05
ENSG00000144895	6.250873344151037e-05
ENSG00000161542	6.250162892275904e-05
ENSG00000075188	6.249112479235925e-05
ENSG00000196352	6.246399310207321e-05
ENSG00000156253	6.246205445498453e-05
ENSG00000131153	6.24613582863749e-05
ENSG00000030419	6.245970179495893e-05
ENSG00000179409	6.243733241643155e-05
ENSG00000174989	6.239370977986941e-05
ENSG00000241468	6.238393654867656e-05
ENSG00000100721	6.233165889886208e-05
ENSG00000181090	6.2316106959176e-05
ENSG00000160194	6.231458098391842e-05
ENSG00000085365	6.231440617426e-05
ENSG00000203747	6.229671114152292e-05
ENSG00000132256	6.22942446019128e-05
ENSG00000167272	6.228839242753481e-05
ENSG00000139324	6.22832500649924e-05
ENSG00000115593	6.227651824210484e-05
ENSG00000124006	6.222317716456896e-05
ENSG00000088179	6.22014502498599e-05
ENSG00000008086	6.219377778708844e-05
ENSG00000057252	6.217747667871333e-05
ENSG00000171467	6.217299351120768e-05
ENSG00000007545	6.216854635050433e-05
ENSG00000104635	6.216544398116361e-05
ENSG00000163909	6.2130451394056e-05
ENSG00000090989	6.211013640872004e-05
ENSG00000104976	6.210279003427724e-05
ENSG00000188157	6.209595615325466e-05
ENSG00000228913	6.206076387227712e-05
ENSG00000143612	6.201781480508769e-05
ENSG00000112742	6.201102528721038e-05
ENSG00000159217	6.200466996643214e-05
ENSG00000004142	6.199238966107442e-05
ENSG00000072736	6.191350034732487e-05
ENSG00000075151	6.190998025593741e-05
ENSG00000136271	6.185852993695824e-05
ENSG00000168439	6.184647756506065e-05
ENSG00000163399	6.183215841900188e-05
ENSG00000119042	6.183155120880729e-05
ENSG00000105538	6.181981224218604e-05
ENSG00000276977	6.181626974615645e-05
ENSG00000138030	6.180630382623824e-05
ENSG00000073050	6.180507537833852e-05
ENSG00000138767	6.17750741031077e-05
ENSG00000110497	6.172645121907918e-05
ENSG00000112335	6.16951228991682e-05
ENSG00000205323	6.167387436852824e-05
ENSG00000116329	6.16717162153426e-05
ENSG00000111653	6.163660041503702e-05
ENSG00000182985	6.162889506354451e-05
ENSG00000145723	6.161279594549867e-05
ENSG00000139219	6.160990238168592e-05
ENSG00000146247	6.158520398973168e-05
ENSG00000119203	6.157112090116448e-05
ENSG00000085872	6.154177346283763e-05
ENSG00000151150	6.147759334732583e-05
ENSG00000164187	6.147390447258374e-05
ENSG00000126787	6.146391847259502e-05
ENSG00000151332	6.146088452113988e-05
ENSG00000197345	6.145267438274372e-05
ENSG00000176884	6.142974448358764e-05
ENSG00000181467	6.138592043964208e-05
ENSG00000179639	6.136672607287018e-05
ENSG00000240344	6.136625583992435e-05
ENSG00000232839	6.136566821554909e-05
ENSG00000136689	6.132938837414438e-05
ENSG00000189430	6.131322447794256e-05
ENSG00000145592	6.129523074932244e-05
ENSG00000105866	6.128858878979336e-05
ENSG00000023909	6.126981957322253e-05
ENSG00000113615	6.124487885133585e-05
ENSG00000158710	6.12206558099161e-05
ENSG00000147526	6.120729651915573e-05
ENSG00000145687	6.118731730892891e-05
ENSG00000013441	6.11427773157578e-05
ENSG00000276701	6.112238579689419e-05
ENSG00000084623	6.112012868689443e-05
ENSG00000081059	6.110484903597632e-05
ENSG00000164897	6.11037175962504e-05
ENSG00000137265	6.110303465122495e-05
ENSG00000164086	6.110127114160092e-05
ENSG00000198918	6.108267542174122e-05
ENSG00000180628	6.106301558062857e-05
ENSG00000149131	6.1023578539319535e-05
ENSG00000170604	6.100125967579359e-05
ENSG00000150316	6.0997956690144035e-05
ENSG00000115307	6.098632932514546e-05
ENSG00000185130	6.0970722541026475e-05
ENSG00000102387	6.0965063043411464e-05
ENSG00000135766	6.0921214593458856e-05
ENSG00000177034	6.091149626021765e-05
ENSG00000172602	6.087219905315975e-05
ENSG00000108622	6.084631821833053e-05
ENSG00000184260	6.0832372897545216e-05
ENSG00000102144	6.080604614715621e-05
ENSG00000108465	6.0788436124518804e-05
ENSG00000167900	6.0767623802003626e-05
ENSG00000074317	6.0760016335308094e-05
ENSG00000124214	6.069887050924398e-05
ENSG00000182162	6.0684612807520986e-05
ENSG00000105379	6.06810096875554e-05
ENSG00000130414	6.067941770086961e-05
ENSG00000168807	6.0674358096330206e-05
ENSG00000049245	6.066390858400808e-05
ENSG00000131089	6.0650160694320565e-05
ENSG00000158552	6.0583437326342504e-05
ENSG00000105472	6.054900089515711e-05
ENSG00000104973	6.053175442085494e-05
ENSG00000022267	6.0524706703446493e-05
ENSG00000111596	6.0504515206664646e-05
ENSG00000131096	6.047932796835358e-05
ENSG00000149295	6.041451729364781e-05
ENSG00000162009	6.0400914929244445e-05
ENSG00000104671	6.039124609711668e-05
ENSG00000101224	6.0390526573042226e-05
ENSG00000133398	6.0381701319039155e-05
ENSG00000117174	6.0373468801741106e-05
ENSG00000077984	6.0342172367858125e-05
ENSG00000167578	6.031604574461635e-05
ENSG00000171853	6.0280239035149386e-05
ENSG00000101384	6.025449856712601e-05
ENSG00000127588	6.02473900533546e-05
ENSG00000275555	6.024411570710809e-05
ENSG00000076053	6.023532355210731e-05
ENSG00000100307	6.020916185719301e-05
ENSG00000184678	6.018281502565332e-05
ENSG00000116455	6.0141923819455266e-05
ENSG00000136603	6.0102926944576775e-05
ENSG00000119718	6.007184409158212e-05
ENSG00000071243	6.003984740269827e-05
ENSG00000145782	6.002215880910738e-05
ENSG00000162551	6.0004236483815715e-05
ENSG00000147378	5.9971671028410814e-05
ENSG00000183431	5.9966029946338786e-05
ENSG00000110107	5.992931727387345e-05
ENSG00000167397	5.992246671786244e-05
ENSG00000105323	5.99204220098215e-05
ENSG00000066427	5.9910868146571816e-05
ENSG00000167799	5.987561728127759e-05
ENSG00000108848	5.982613591790474e-05
ENSG00000101557	5.980368568996067e-05
ENSG00000064419	5.9785286830627755e-05
ENSG00000028528	5.973903732769782e-05
ENSG00000136854	5.972610156151092e-05
ENSG00000120705	5.972026007205975e-05
ENSG00000139174	5.96668333802001e-05
ENSG00000174808	5.9595299194664955e-05
ENSG00000143811	5.959098370010782e-05
ENSG00000170917	5.9578590800063444e-05
ENSG00000113648	5.956819648366973e-05
ENSG00000072210	5.956618169677888e-05
ENSG00000120820	5.955356566576006e-05
ENSG00000182173	5.953318810953047e-05
ENSG00000165288	5.9518643700343206e-05
ENSG00000213231	5.951521313328113e-05
ENSG00000116815	5.9432417929598084e-05
ENSG00000124302	5.9429653743897825e-05
ENSG00000140905	5.940458857941389e-05
ENSG00000104142	5.936667159888771e-05
ENSG00000084652	5.933904862281267e-05
ENSG00000120756	5.931492055649918e-05
ENSG00000119912	5.931405182281933e-05
ENSG00000067141	5.926698628689097e-05
ENSG00000100526	5.921952059816209e-05
ENSG00000102547	5.921902722694161e-05
ENSG00000106144	5.921046961727108e-05
ENSG00000221826	5.920757832792949e-05
ENSG00000013503	5.916620242243663e-05
ENSG00000102178	5.912861987120691e-05
ENSG00000276480	5.91246045466314e-05
ENSG00000120802	5.911944053386535e-05
ENSG00000101445	5.9111827792352626e-05
ENSG00000198053	5.911104715989699e-05
ENSG00000132965	5.909993888493621e-05
ENSG00000109381	5.9087635389234735e-05
ENSG00000196150	5.9084061637277536e-05
ENSG00000078328	5.9083434592550684e-05
ENSG00000110848	5.907497836894381e-05
ENSG00000134046	5.9059599750034905e-05
ENSG00000134684	5.905374153669067e-05
ENSG00000124491	5.9047905178519615e-05
ENSG00000284282	5.8997937577393006e-05
ENSG00000132842	5.899529428552935e-05
ENSG00000088833	5.899049427341285e-05
ENSG00000074695	5.8986687794382125e-05
ENSG00000124172	5.8968424204420934e-05
ENSG00000114520	5.8929855350440105e-05
ENSG00000177663	5.8920474722207784e-05
ENSG00000169220	5.891219240512132e-05
ENSG00000198824	5.8874004622023534e-05
ENSG00000196290	5.887142726668404e-05
ENSG00000108688	5.886785599852012e-05
ENSG00000181754	5.875742539714547e-05
ENSG00000093010	5.872354964353473e-05
ENSG00000161888	5.871795774965873e-05
ENSG00000157851	5.870930017608024e-05
ENSG00000187741	5.8686264126037854e-05
ENSG00000132026	5.868230805878809e-05
ENSG00000165264	5.867504879958235e-05
ENSG00000113318	5.866960017684453e-05
ENSG00000136504	5.8636394293709796e-05
ENSG00000188120	5.8632053280567936e-05
ENSG00000132182	5.862553740816045e-05
ENSG00000155229	5.862027602232766e-05
ENSG00000127483	5.861652111470988e-05
ENSG00000160214	5.86139704505673e-05
ENSG00000091651	5.8611388339716285e-05
ENSG00000147684	5.859184994328746e-05
ENSG00000189043	5.855684198634113e-05
ENSG00000111231	5.8552714230299284e-05
ENSG00000176155	5.8549225315546295e-05
ENSG00000155636	5.8535407121205185e-05
ENSG00000236625	5.849754424431589e-05
ENSG00000226560	5.849754424431589e-05
ENSG00000114767	5.8481376801268286e-05
ENSG00000012061	5.847916087470115e-05
ENSG00000168288	5.843584263808157e-05
ENSG00000136943	5.8401483907458536e-05
ENSG00000104881	5.8380683666215864e-05
ENSG00000144283	5.8350421809911403e-05
ENSG00000144231	5.833972891922054e-05
ENSG00000143164	5.830053140494155e-05
ENSG00000253548	5.824277429504162e-05
ENSG00000113621	5.8238585069096666e-05
ENSG00000241343	5.8233920024336225e-05
ENSG00000111732	5.820841029661363e-05
ENSG00000197157	5.8199973096215114e-05
ENSG00000184209	5.8177920059276286e-05
ENSG00000156535	5.815873878698899e-05
ENSG00000128590	5.815804757043454e-05
ENSG00000112195	5.815295941676967e-05
ENSG00000166166	5.813036554602001e-05
ENSG00000113312	5.812746656303662e-05
ENSG00000133466	5.812356200084346e-05
ENSG00000166169	5.809055868305316e-05
ENSG00000184408	5.807668480716677e-05
ENSG00000106268	5.8053772760765616e-05
ENSG00000144857	5.801642355072265e-05
ENSG00000141084	5.80145163563353e-05
ENSG00000162702	5.7982249387382945e-05
ENSG00000137822	5.7972974907264855e-05
ENSG00000134815	5.795792533044977e-05
ENSG00000173545	5.792933813820836e-05
ENSG00000148634	5.7899357444989266e-05
ENSG00000006007	5.7887368128352166e-05
ENSG00000040341	5.783534561783089e-05
ENSG00000166295	5.78326639485379e-05
ENSG00000129911	5.7803177241754546e-05
ENSG00000163464	5.778595673736432e-05
ENSG00000198888	5.777819086166635e-05
ENSG00000108528	5.7772519510125506e-05
ENSG00000186197	5.775236902847375e-05
ENSG00000211460	5.7720599090289594e-05
ENSG00000130830	5.7713795840154744e-05
ENSG00000136160	5.770487172361874e-05
ENSG00000173914	5.7690982218959655e-05
ENSG00000113282	5.76569371478656e-05
ENSG00000044459	5.760750596776033e-05
ENSG00000269404	5.757686147807245e-05
ENSG00000123636	5.755785333162502e-05
ENSG00000111652	5.7549862900997754e-05
ENSG00000110719	5.754960178918059e-05
ENSG00000189431	5.754762231881908e-05
ENSG00000077721	5.7520486397859033e-05
ENSG00000166813	5.7513717965781306e-05
ENSG00000129317	5.747385499453748e-05
ENSG00000172939	5.7467799692430396e-05
ENSG00000125170	5.745861790861988e-05
ENSG00000128604	5.745545908225917e-05
ENSG00000168393	5.7449055281878574e-05
ENSG00000113300	5.74152900847354e-05
ENSG00000118363	5.74117480504934e-05
ENSG00000117450	5.741127431281278e-05
ENSG00000171847	5.738986721574663e-05
ENSG00000133997	5.737195877305553e-05
ENSG00000135040	5.7341794028163457e-05
ENSG00000198804	5.732504191164757e-05
ENSG00000119013	5.723411623389877e-05
ENSG00000119705	5.7180104382759866e-05
ENSG00000001084	5.7177907495506704e-05
ENSG00000166147	5.7164877658194774e-05
ENSG00000063245	5.716125072858693e-05
ENSG00000262334	5.7153358370912034e-05
ENSG00000089639	5.71422484837984e-05
ENSG00000285109	5.714044545289705e-05
ENSG00000141446	5.708357991620913e-05
ENSG00000163349	5.7065144448711364e-05
ENSG00000057294	5.704172071170447e-05
ENSG00000127980	5.704162385817757e-05
ENSG00000101981	5.702229862493877e-05
ENSG00000168291	5.698640407288429e-05
ENSG00000104177	5.697971118317379e-05
ENSG00000025708	5.697945377585282e-05
ENSG00000198522	5.680155695473567e-05
ENSG00000204414	5.679970586244081e-05
ENSG00000110799	5.678769793587026e-05
ENSG00000117691	5.67673724636531e-05
ENSG00000135272	5.67342744343095e-05
ENSG00000162188	5.6724196021959984e-05
ENSG00000122386	5.6704521765653847e-05
ENSG00000188167	5.66799571760668e-05
ENSG00000280858	5.6676021586042724e-05
ENSG00000150681	5.664654390816929e-05
ENSG00000119408	5.6604077460937704e-05
ENSG00000160877	5.6588194541051014e-05
ENSG00000162482	5.656701341178049e-05
ENSG00000163832	5.656641589088627e-05
ENSG00000196177	5.6558966820918886e-05
ENSG00000168374	5.6537290196429215e-05
ENSG00000164330	5.65287576399879e-05
ENSG00000196092	5.65154748763291e-05
ENSG00000114019	5.6501102348593915e-05
ENSG00000121621	5.6496749675064725e-05
ENSG00000112972	5.6491248695138795e-05
ENSG00000165828	5.6490917554948636e-05
ENSG00000171497	5.6484079532969576e-05
ENSG00000254997	5.6468572415637577e-05
ENSG00000107537	5.6448397164008074e-05
ENSG00000159251	5.644657703290689e-05
ENSG00000111775	5.6438554147909536e-05
ENSG00000177917	5.639941171314844e-05
ENSG00000196700	5.636941328282107e-05
ENSG00000171444	5.6367516880626093e-05
ENSG00000282853	5.6367428915195364e-05
ENSG00000165879	5.635205400952651e-05
ENSG00000123094	5.632521917868489e-05
ENSG00000167083	5.626541332688611e-05
ENSG00000169714	5.6233053683423086e-05
ENSG00000148339	5.621968156600791e-05
ENSG00000198171	5.621337676907131e-05
ENSG00000142698	5.620235343738281e-05
ENSG00000169403	5.6151251127445355e-05
ENSG00000188243	5.6150227139382325e-05
ENSG00000282956	5.613693714407757e-05
ENSG00000012822	5.608076856554844e-05
ENSG00000108387	5.607084135299509e-05
ENSG00000186998	5.6037572229210596e-05
ENSG00000172551	5.60261672257755e-05
ENSG00000124702	5.601278955825749e-05
ENSG00000070404	5.597558236724616e-05
ENSG00000204899	5.59746049410056e-05
ENSG00000278619	5.5951133697716554e-05
ENSG00000162642	5.59156205643673e-05
ENSG00000102554	5.590935153737501e-05
ENSG00000079335	5.586141178628653e-05
ENSG00000145365	5.585913488338198e-05
ENSG00000013297	5.5855054289413087e-05
ENSG00000131437	5.583069235208029e-05
ENSG00000174175	5.5825627192745976e-05
ENSG00000118520	5.581077543168719e-05
ENSG00000123685	5.5795062196515343e-05
ENSG00000011590	5.5792266265362525e-05
ENSG00000160299	5.57881689532972e-05
ENSG00000101442	5.577509343508636e-05
ENSG00000103657	5.5768635575398e-05
ENSG00000166946	5.5740933351496424e-05
ENSG00000158042	5.56802308727466e-05
ENSG00000157193	5.5661040779531676e-05
ENSG00000178607	5.564692120592784e-05
ENSG00000122012	5.563871384253701e-05
ENSG00000078177	5.56225787153803e-05
ENSG00000089335	5.5620573077866004e-05
ENSG00000132600	5.559297983549052e-05
ENSG00000132692	5.556466978573099e-05
ENSG00000077147	5.555851473089442e-05
ENSG00000175213	5.554080285477818e-05
ENSG00000180871	5.5529438579298045e-05
ENSG00000051128	5.5522883068120514e-05
ENSG00000100296	5.5519012302754554e-05
ENSG00000163516	5.5506727922169136e-05
ENSG00000175550	5.5462428067331634e-05
ENSG00000141380	5.542215604169046e-05
ENSG00000101407	5.5410841001276845e-05
ENSG00000107338	5.539922277774905e-05
ENSG00000134138	5.538712125892052e-05
ENSG00000168395	5.538364992174415e-05
ENSG00000197959	5.537854661975805e-05
ENSG00000170820	5.5375991720088765e-05
ENSG00000213672	5.536699969655777e-05
ENSG00000105185	5.534151608953681e-05
ENSG00000136240	5.534059996017573e-05
ENSG00000154188	5.5326713321733256e-05
ENSG00000071054	5.5322403424179266e-05
ENSG00000066084	5.528865371541388e-05
ENSG00000122756	5.528859440823993e-05
ENSG00000104774	5.52870735667126e-05
ENSG00000105053	5.528636677805376e-05
ENSG00000004059	5.527040469096495e-05
ENSG00000284807	5.526845061302297e-05
ENSG00000205302	5.5267548354313553e-05
ENSG00000174842	5.525042953087445e-05
ENSG00000187140	5.524052773203134e-05
ENSG00000150337	5.523852157617017e-05
ENSG00000168884	5.522125410511996e-05
ENSG00000110931	5.522016048465538e-05
ENSG00000284426	5.522002813505273e-05
ENSG00000244754	5.520416834892395e-05
ENSG00000007312	5.5198121610943296e-05
ENSG00000156675	5.5193558165996426e-05
ENSG00000008405	5.5189558622985587e-05
ENSG00000196526	5.5178135431209405e-05
ENSG00000130643	5.511803958508238e-05
ENSG00000029534	5.5107488396555274e-05
ENSG00000010310	5.507994665102591e-05
ENSG00000182117	5.507319027600424e-05
ENSG00000136205	5.506404785086322e-05
ENSG00000221869	5.501614751825762e-05
ENSG00000070476	5.5015328698387527e-05
ENSG00000288130	5.497061165536377e-05
ENSG00000107807	5.496395823544797e-05
ENSG00000211455	5.494525460229904e-05
ENSG00000176022	5.492465370866719e-05
ENSG00000145555	5.4924481087332506e-05
ENSG00000169297	5.4882405756158606e-05
ENSG00000167632	5.48745073898996e-05
ENSG00000036672	5.486284660546987e-05
ENSG00000128335	5.4861623593323384e-05
ENSG00000152086	5.485299032766653e-05
ENSG00000136279	5.485184263563881e-05
ENSG00000095951	5.484483798413323e-05
ENSG00000095970	5.483349047434854e-05
ENSG00000110367	5.479521245344641e-05
ENSG00000166478	5.475552296562473e-05
ENSG00000117650	5.4751242041521616e-05
ENSG00000114346	5.4744201478875125e-05
ENSG00000123104	5.47286875036167e-05
ENSG00000166450	5.465340356425933e-05
ENSG00000160813	5.4633960799024214e-05
ENSG00000107897	5.461587812132356e-05
ENSG00000178750	5.4615194914451974e-05
ENSG00000135951	5.456067870246591e-05
ENSG00000143815	5.4558909625873114e-05
ENSG00000138031	5.4536457526829385e-05
ENSG00000015153	5.453561648613529e-05
ENSG00000111676	5.4531170610224885e-05
ENSG00000198816	5.452964521205238e-05
ENSG00000166938	5.45205710496988e-05
ENSG00000082515	5.451786042742199e-05
ENSG00000146872	5.447756721498386e-05
ENSG00000003096	5.4446785753183995e-05
ENSG00000154016	5.443063604032649e-05
ENSG00000163344	5.4423118166693726e-05
ENSG00000105483	5.441122462856595e-05
ENSG00000203786	5.438897522809285e-05
ENSG00000166681	5.434277480826642e-05
ENSG00000025156	5.431699093380219e-05
ENSG00000105409	5.4295072281241e-05
ENSG00000103546	5.427562858796797e-05
ENSG00000100219	5.4262690877965714e-05
ENSG00000104812	5.423788395795025e-05
ENSG00000141551	5.421277409634791e-05
ENSG00000136813	5.420206532872293e-05
ENSG00000140474	5.419796874368731e-05
ENSG00000239779	5.4164072371632035e-05
ENSG00000144959	5.4148445059077846e-05
ENSG00000117419	5.413327212679226e-05
ENSG00000183579	5.412821303340779e-05
ENSG00000167657	5.411958794677833e-05
ENSG00000184117	5.4105830285021106e-05
ENSG00000184677	5.4066622388268426e-05
ENSG00000244687	5.400912419586932e-05
ENSG00000124356	5.39910625504855e-05
ENSG00000137843	5.397511348100944e-05
ENSG00000169783	5.3966295010066294e-05
ENSG00000185009	5.396155711902508e-05
ENSG00000166265	5.3960447853404384e-05
ENSG00000189091	5.39589915596557e-05
ENSG00000160683	5.3939784599814426e-05
ENSG00000132670	5.392693453179658e-05
ENSG00000163635	5.391929656542451e-05
ENSG00000163697	5.391837072166742e-05
ENSG00000100422	5.3879522551478945e-05
ENSG00000282633	5.3874877279914016e-05
ENSG00000130175	5.386208410555708e-05
ENSG00000157778	5.3849683707999307e-05
ENSG00000176171	5.380019861889456e-05
ENSG00000164136	5.379835671894626e-05
ENSG00000132849	5.374141918229383e-05
ENSG00000179348	5.373670163991554e-05
ENSG00000134369	5.372629128643663e-05
ENSG00000125447	5.37040168585842e-05
ENSG00000137040	5.364955108220962e-05
ENSG00000163874	5.3636223173214256e-05
ENSG00000120948	5.361228453647561e-05
ENSG00000186871	5.357206851220928e-05
ENSG00000118298	5.3549427646520414e-05
ENSG00000130479	5.353959659472174e-05
ENSG00000103274	5.352370943269603e-05
ENSG00000120498	5.34788723609917e-05
ENSG00000161526	5.344223528359189e-05
ENSG00000125755	5.3438482059715095e-05
ENSG00000166128	5.338411825648385e-05
ENSG00000170037	5.337553895872763e-05
ENSG00000104722	5.334424048430041e-05
ENSG00000165197	5.332918158769569e-05
ENSG00000135443	5.3295573202299316e-05
ENSG00000111052	5.328965195345175e-05
ENSG00000111859	5.328665979608821e-05
ENSG00000114784	5.32803596343908e-05
ENSG00000158457	5.3280177377176726e-05
ENSG00000123545	5.3268924373797015e-05
ENSG00000101213	5.3255226729278545e-05
ENSG00000150593	5.325212564417104e-05
ENSG00000186439	5.32484649765518e-05
ENSG00000115540	5.3230353999966836e-05
ENSG00000092054	5.322149945906775e-05
ENSG00000163785	5.319073441797252e-05
ENSG00000132676	5.3187270585957196e-05
ENSG00000044524	5.3186588958856804e-05
ENSG00000120251	5.316216451469637e-05
ENSG00000153044	5.316111622391518e-05
ENSG00000135070	5.3159782841032244e-05
ENSG00000005156	5.313244700162882e-05
ENSG00000068912	5.3100099432810215e-05
ENSG00000115392	5.300272336024656e-05
ENSG00000112078	5.296864857779484e-05
ENSG00000152683	5.29327113105563e-05
ENSG00000187123	5.291641592118199e-05
ENSG00000103540	5.290939223181298e-05
ENSG00000138760	5.2892325256719576e-05
ENSG00000101365	5.288113457068177e-05
ENSG00000107890	5.28789197296985e-05
ENSG00000102081	5.285894546661998e-05
ENSG00000123130	5.284799727806474e-05
ENSG00000084733	5.284479850009708e-05
ENSG00000086065	5.2781624083807156e-05
ENSG00000129055	5.276030389535696e-05
ENSG00000106290	5.274819851134766e-05
ENSG00000112561	5.2738219912052316e-05
ENSG00000169418	5.2737450688846906e-05
ENSG00000070182	5.2730063465182706e-05
ENSG00000277586	5.2725616004867355e-05
ENSG00000158828	5.272356594525751e-05
ENSG00000165804	5.270287113072309e-05
ENSG00000069667	5.269631208671398e-05
ENSG00000254999	5.2670182818062706e-05
ENSG00000184672	5.265959002674063e-05
ENSG00000185658	5.2656187343903024e-05
ENSG00000115548	5.2628439218916186e-05
ENSG00000141574	5.26240232935737e-05
ENSG00000149782	5.262149939909205e-05
ENSG00000104325	5.260870955628309e-05
ENSG00000048140	5.2586389725643204e-05
ENSG00000168564	5.256171008481687e-05
ENSG00000165792	5.251371585556271e-05
ENSG00000006712	5.248929737346968e-05
ENSG00000095574	5.244792556833678e-05
ENSG00000116138	5.2421525649073e-05
ENSG00000176853	5.239955463772885e-05
ENSG00000106367	5.2353811508092304e-05
ENSG00000115875	5.2352868094423036e-05
ENSG00000079385	5.233005441899973e-05
ENSG00000131558	5.232015893250585e-05
ENSG00000115073	5.231963775720671e-05
ENSG00000144233	5.231882358267515e-05
ENSG00000178971	5.2314870058648826e-05
ENSG00000171551	5.2307909621461344e-05
ENSG00000178209	5.230289782177353e-05
ENSG00000152266	5.2281642637722615e-05
ENSG00000216490	5.2270898116624533e-05
ENSG00000114120	5.224929034461995e-05
ENSG00000111707	5.2217117077947704e-05
ENSG00000075292	5.221379401688108e-05
ENSG00000129646	5.219080098996656e-05
ENSG00000139926	5.21846416892958e-05
ENSG00000049883	5.218055061438432e-05
ENSG00000109790	5.217436201523481e-05
ENSG00000105255	5.2166576940810706e-05
ENSG00000175224	5.2164710801511567e-05
ENSG00000079435	5.2125278523306306e-05
ENSG00000139517	5.2099189378942856e-05
ENSG00000092470	5.209153045955868e-05
ENSG00000186063	5.2079804838438924e-05
ENSG00000054116	5.2062784686400727e-05
ENSG00000122779	5.2054301041847754e-05
ENSG00000147050	5.204420180712004e-05
ENSG00000151327	5.204245633835465e-05
ENSG00000004779	5.204142532680412e-05
ENSG00000149970	5.2026337893322324e-05
ENSG00000184304	5.201918329571161e-05
ENSG00000151503	5.201587870345985e-05
ENSG00000248099	5.201198076818479e-05
ENSG00000164953	5.1927270055186864e-05
ENSG00000185518	5.191839663923054e-05
ENSG00000155980	5.189269507406307e-05
ENSG00000163554	5.185895131521102e-05
ENSG00000273594	5.182158356408522e-05
ENSG00000146063	5.1810626587079206e-05
ENSG00000188488	5.1796344558839255e-05
ENSG00000055147	5.178936344169821e-05
ENSG00000114745	5.178905349178567e-05
ENSG00000122862	5.1760974992316753e-05
ENSG00000181019	5.175945289263393e-05
ENSG00000138621	5.1738671131655273e-05
ENSG00000231116	5.171576036923506e-05
ENSG00000172023	5.165824495791078e-05
ENSG00000182095	5.164432915265822e-05
ENSG00000060558	5.164076083655676e-05
ENSG00000188175	5.164023935879992e-05
ENSG00000198734	5.162132909165395e-05
ENSG00000184524	5.159593835003124e-05
ENSG00000264424	5.1567245754393075e-05
ENSG00000213015	5.152954356568802e-05
ENSG00000160803	5.152796420923808e-05
ENSG00000151366	5.1504106660255566e-05
ENSG00000145901	5.149869733661524e-05
ENSG00000135940	5.148992361053023e-05
ENSG00000164303	5.148150397978535e-05
ENSG00000182154	5.1470489576342554e-05
ENSG00000173660	5.145321221093875e-05
ENSG00000049540	5.142159932208517e-05
ENSG00000243955	5.141967652833167e-05
ENSG00000198919	5.1418171291673616e-05
ENSG00000163171	5.141781332501303e-05
ENSG00000135930	5.1362405440858655e-05
ENSG00000086598	5.1352412731419644e-05
ENSG00000114054	5.1348620177394876e-05
ENSG00000169213	5.132719616672808e-05
ENSG00000155974	5.131977483518109e-05
ENSG00000198198	5.130188820805138e-05
ENSG00000117335	5.1301682586343516e-05
ENSG00000161955	5.129483404039235e-05
ENSG00000105655	5.128076016182814e-05
ENSG00000065911	5.1263392779128185e-05
ENSG00000128714	5.123371233137708e-05
ENSG00000136828	5.122593217792357e-05
ENSG00000180730	5.122582179792171e-05
ENSG00000116711	5.120872246851932e-05
ENSG00000130385	5.1189608612574326e-05
ENSG00000257594	5.116113298900805e-05
ENSG00000126264	5.1153027064163305e-05
ENSG00000073169	5.112378604161036e-05
ENSG00000107863	5.108915200654262e-05
ENSG00000131788	5.107456498958872e-05
ENSG00000163634	5.1067138929163113e-05
ENSG00000159592	5.104779529449899e-05
ENSG00000080822	5.103759001443518e-05
ENSG00000167768	5.101094727161536e-05
ENSG00000074657	5.100926202427338e-05
ENSG00000172867	5.096851545104922e-05
ENSG00000162510	5.094231941809108e-05
ENSG00000095752	5.094118987466031e-05
ENSG00000059145	5.0917826465711935e-05
ENSG00000176170	5.090791931084094e-05
ENSG00000101327	5.086380979868143e-05
ENSG00000165323	5.085832263863834e-05
ENSG00000124160	5.081243556630313e-05
ENSG00000204842	5.078116002501754e-05
ENSG00000168066	5.0765144178447365e-05
ENSG00000135457	5.0764875125929267e-05
ENSG00000125445	5.0763862798558214e-05
ENSG00000138107	5.075721424166979e-05
ENSG00000095637	5.0748170756248154e-05
ENSG00000185621	5.070596606405997e-05
ENSG00000143774	5.0699749193486536e-05
ENSG00000106483	5.068502057304662e-05
ENSG00000091073	5.0682592149975796e-05
ENSG00000275074	5.06701378814047e-05
ENSG00000082014	5.062607226438523e-05
ENSG00000136842	5.0619259413780887e-05
ENSG00000162992	5.061344677872998e-05
ENSG00000171051	5.0607199699996115e-05
ENSG00000182533	5.0591557705054546e-05
ENSG00000164442	5.055865754601018e-05
ENSG00000274669	5.055548817567681e-05
ENSG00000186075	5.0550595803226744e-05
ENSG00000173406	5.054721349910154e-05
ENSG00000163918	5.052172320149131e-05
ENSG00000111669	5.0521313836900464e-05
ENSG00000181472	5.0515146130078836e-05
ENSG00000135823	5.051481488046818e-05
ENSG00000068079	5.049938473638149e-05
ENSG00000198265	5.0492067048526863e-05
ENSG00000167414	5.0475059424960246e-05
ENSG00000055950	5.0474062337346065e-05
ENSG00000158477	5.046908302703192e-05
ENSG00000177556	5.045413713487635e-05
ENSG00000159873	5.044886535979435e-05
ENSG00000197912	5.044388596647899e-05
ENSG00000261701	5.0427068440685956e-05
ENSG00000126778	5.0423947781208735e-05
ENSG00000170323	5.0414274462137386e-05
ENSG00000276726	5.0371670437321805e-05
ENSG00000215114	5.036019176551199e-05
ENSG00000136731	5.035890469029564e-05
ENSG00000147655	5.0349628673223114e-05
ENSG00000170860	5.034617304291167e-05
ENSG00000179403	5.031159860014094e-05
ENSG00000105197	5.0292887043258906e-05
ENSG00000165502	5.0268392697628336e-05
ENSG00000147130	5.024501751558327e-05
ENSG00000068654	5.0205406068940285e-05
ENSG00000135390	5.020034230088901e-05
ENSG00000174943	5.019118812557407e-05
ENSG00000047849	5.0186965536008903e-05
ENSG00000135439	5.0185863812778544e-05
ENSG00000177628	5.016334683075373e-05
ENSG00000151348	5.015300053894325e-05
ENSG00000173559	5.015120637446991e-05
ENSG00000125398	5.014737337765123e-05
ENSG00000163295	5.010583109719039e-05
ENSG00000139428	5.007587362981057e-05
ENSG00000126217	5.006187842967489e-05
ENSG00000161270	5.0060271463103155e-05
ENSG00000144848	5.005612006493626e-05
ENSG00000115317	5.005191340270818e-05
ENSG00000123095	4.9989132399720946e-05
ENSG00000099308	4.9980756200953004e-05
ENSG00000137098	4.9978810898420855e-05
ENSG00000277733	4.995751692652065e-05
ENSG00000070778	4.994076497963053e-05
ENSG00000028203	4.9905966161231034e-05
ENSG00000170430	4.990446429114051e-05
ENSG00000198954	4.9874579086055337e-05
ENSG00000092094	4.984419027593617e-05
ENSG00000125863	4.984232941794224e-05
ENSG00000100580	4.9774767097001494e-05
ENSG00000011451	4.976939567078122e-05
ENSG00000145743	4.976791044925001e-05
ENSG00000119938	4.976412116003998e-05
ENSG00000005243	4.974948623329953e-05
ENSG00000174780	4.9747442179289396e-05
ENSG00000185024	4.97455859700977e-05
ENSG00000179562	4.974291945686937e-05
ENSG00000186812	4.972653374620555e-05
ENSG00000104915	4.971781833576549e-05
ENSG00000137642	4.97118627668343e-05
ENSG00000168003	4.970984927658103e-05
ENSG00000185344	4.970855835219675e-05
ENSG00000148341	4.966418315888158e-05
ENSG00000276262	4.965609643930726e-05
ENSG00000138303	4.965079833583499e-05
ENSG00000109180	4.963799221147361e-05
ENSG00000136944	4.9633167185173336e-05
ENSG00000129654	4.963190220257001e-05
ENSG00000104765	4.959638456954952e-05
ENSG00000172482	4.959370409220892e-05
ENSG00000172340	4.958165181762904e-05
ENSG00000206527	4.95653480298236e-05
ENSG00000128595	4.9554040945236236e-05
ENSG00000120949	4.955296277438594e-05
ENSG00000125846	4.9546341822632295e-05
ENSG00000141447	4.953348466360276e-05
ENSG00000217128	4.952909090924359e-05
ENSG00000018236	4.951974459280573e-05
ENSG00000028116	4.949363407204997e-05
ENSG00000134202	4.9489816890724376e-05
ENSG00000115616	4.94814153728511e-05
ENSG00000133028	4.946896690019162e-05
ENSG00000288301	4.945650571325131e-05
ENSG00000196296	4.944415936547796e-05
ENSG00000140022	4.944323734952327e-05
ENSG00000128159	4.94407281191678e-05
ENSG00000114988	4.9406811076510487e-05
ENSG00000119729	4.940552620819054e-05
ENSG00000175582	4.9381169974715476e-05
ENSG00000090686	4.937934604436672e-05
ENSG00000104432	4.936680783454485e-05
ENSG00000231135	4.935576644447032e-05
ENSG00000135424	4.933824405665699e-05
ENSG00000116922	4.932234158642846e-05
ENSG00000103510	4.932062438161043e-05
ENSG00000138134	4.931190221195389e-05
ENSG00000175084	4.931078034182942e-05
ENSG00000175309	4.928657143440509e-05
ENSG00000164007	4.9253548765564996e-05
ENSG00000115459	4.924341517169643e-05
ENSG00000102580	4.923464094227245e-05
ENSG00000058804	4.922073091764391e-05
ENSG00000119559	4.921898931438473e-05
ENSG00000174306	4.920796177811842e-05
ENSG00000104343	4.919135291153361e-05
ENSG00000114416	4.918111064290887e-05
ENSG00000104626	4.916625814428463e-05
ENSG00000203965	4.9160539081466394e-05
ENSG00000106927	4.915090443523781e-05
ENSG00000167522	4.910100917655529e-05
ENSG00000173542	4.908183062167702e-05
ENSG00000115107	4.903354481107291e-05
ENSG00000173714	4.9012665545622334e-05
ENSG00000182325	4.900950021776449e-05
ENSG00000065150	4.899341090219054e-05
ENSG00000135346	4.898286550936972e-05
ENSG00000177156	4.8931663452882086e-05
ENSG00000079689	4.889254325795448e-05
ENSG00000075089	4.882307634895525e-05
ENSG00000157368	4.8814903509775376e-05
ENSG00000121058	4.87835046231155e-05
ENSG00000099875	4.878264939443891e-05
ENSG00000135409	4.877656278147483e-05
ENSG00000120265	4.87214731253748e-05
ENSG00000259384	4.870306507300021e-05
ENSG00000110046	4.868479827741757e-05
ENSG00000170166	4.866109318418626e-05
ENSG00000141873	4.864333347764116e-05
ENSG00000068308	4.8624687058961916e-05
ENSG00000186818	4.8614964062113545e-05
ENSG00000165434	4.8610972911210834e-05
ENSG00000182557	4.858793142691589e-05
ENSG00000182504	4.8563518383789076e-05
ENSG00000058056	4.849587579274378e-05
ENSG00000113430	4.848755584787505e-05
ENSG00000183814	4.847843711795889e-05
ENSG00000187790	4.8463475741590816e-05
ENSG00000119414	4.84412999581908e-05
ENSG00000007047	4.839530764992626e-05
ENSG00000139579	4.836365687950535e-05
ENSG00000171490	4.835222678521931e-05
ENSG00000184113	4.8343483876560816e-05
ENSG00000223355	4.833653595349634e-05
ENSG00000112234	4.8312838583868925e-05
ENSG00000176697	4.830527762305755e-05
ENSG00000285485	4.8280686072056946e-05
ENSG00000140319	4.826005734765469e-05
ENSG00000070087	4.825898024161058e-05
ENSG00000169255	4.8226549226632275e-05
ENSG00000172336	4.820031288708665e-05
ENSG00000119760	4.8199810074280276e-05
ENSG00000166313	4.8190391563677666e-05
ENSG00000285479	4.818506601825541e-05
ENSG00000119616	4.818044239141612e-05
ENSG00000182511	4.815912134452386e-05
ENSG00000132591	4.814761702503258e-05
ENSG00000117215	4.8143704661996766e-05
ENSG00000006071	4.8115097846353926e-05
ENSG00000154310	4.809275123294224e-05
ENSG00000134545	4.8090471402705833e-05
ENSG00000110169	4.8068063681806764e-05
ENSG00000085511	4.806717642277371e-05
ENSG00000082996	4.806621896678041e-05
ENSG00000128253	4.797659360357884e-05
ENSG00000100335	4.795610744675424e-05
ENSG00000198774	4.793166025698286e-05
ENSG00000103485	4.7920366535096534e-05
ENSG00000103187	4.7901250046706594e-05
ENSG00000115263	4.788445307181625e-05
ENSG00000170364	4.785783155659474e-05
ENSG00000118785	4.779623623203825e-05
ENSG00000186891	4.778750122949321e-05
ENSG00000174483	4.777092067795779e-05
ENSG00000183605	4.772846127226681e-05
ENSG00000131979	4.772259416076089e-05
ENSG00000126602	4.771396702579571e-05
ENSG00000168118	4.7708360396851466e-05
ENSG00000087470	4.769238276120742e-05
ENSG00000168944	4.769171156368796e-05
ENSG00000218891	4.768455301627205e-05
ENSG00000168509	4.768369550595861e-05
ENSG00000025800	4.7671012506653494e-05
ENSG00000108947	4.7659990230808916e-05
ENSG00000136628	4.764862978114613e-05
ENSG00000110080	4.762957281563824e-05
ENSG00000147669	4.7612063455187926e-05
ENSG00000120699	4.7591340135574503e-05
ENSG00000277571	4.7552928665889524e-05
ENSG00000234127	4.7549346688654166e-05
ENSG00000118162	4.753619395038142e-05
ENSG00000133627	4.7531402611274556e-05
ENSG00000165282	4.751681208434065e-05
ENSG00000004848	4.7507149477311284e-05
ENSG00000108559	4.7483548767337574e-05
ENSG00000111046	4.747849795675207e-05
ENSG00000066455	4.7469890556962066e-05
ENSG00000173575	4.746174504728917e-05
ENSG00000108788	4.7440414070463904e-05
ENSG00000136816	4.741531466836698e-05
ENSG00000150594	4.7406748471518975e-05
ENSG00000110429	4.7400048646161874e-05
ENSG00000070081	4.739697770459933e-05
ENSG00000126088	4.736957031426798e-05
ENSG00000132952	4.734796285162574e-05
ENSG00000123080	4.731578741522817e-05
ENSG00000025770	4.7300548279800214e-05
ENSG00000168778	4.7274637575791114e-05
ENSG00000146013	4.723465828718297e-05
ENSG00000117407	4.723465828718297e-05
ENSG00000184863	4.722573622691511e-05
ENSG00000002549	4.722204486927353e-05
ENSG00000281277	4.721418314845061e-05
ENSG00000019102	4.716728182235165e-05
ENSG00000132938	4.716464342582693e-05
ENSG00000087266	4.7151877537160325e-05
ENSG00000164032	4.714274628662372e-05
ENSG00000178951	4.7121364065816304e-05
ENSG00000228278	4.710780949886421e-05
ENSG00000136122	4.709980063926661e-05
ENSG00000165912	4.7094976977448974e-05
ENSG00000288210	4.708381832883677e-05
ENSG00000163818	4.7043916295581385e-05
ENSG00000079482	4.703448208166893e-05
ENSG00000197780	4.702451775280448e-05
ENSG00000167969	4.7020460123192e-05
ENSG00000111817	4.7006037089120705e-05
ENSG00000133835	4.6998486693829274e-05
ENSG00000143776	4.6998436683172817e-05
ENSG00000113924	4.6988579559131695e-05
ENSG00000113161	4.697479009058983e-05
ENSG00000104435	4.696289421500269e-05
ENSG00000160883	4.6957011895111996e-05
ENSG00000133316	4.6954179674112114e-05
ENSG00000104267	4.6950507788684456e-05
ENSG00000171262	4.694608286103056e-05
ENSG00000176160	4.693402684552402e-05
ENSG00000198786	4.6929549820789806e-05
ENSG00000124207	4.6922524072380086e-05
ENSG00000077800	4.692109114701659e-05
ENSG00000114503	4.690823608723605e-05
ENSG00000122188	4.688745440933262e-05
ENSG00000162836	4.6878740415397634e-05
ENSG00000185697	4.687556773496156e-05
ENSG00000149743	4.6866391234873906e-05
ENSG00000171403	4.686238879955865e-05
ENSG00000140463	4.6844730239638256e-05
ENSG00000145431	4.67662464002505e-05
ENSG00000089693	4.6764448637940534e-05
ENSG00000122679	4.6752704883958e-05
ENSG00000165917	4.671575976715652e-05
ENSG00000183963	4.671420297652949e-05
ENSG00000102158	4.670694132403746e-05
ENSG00000106346	4.6673670075699644e-05
ENSG00000173207	4.6672471229049776e-05
ENSG00000273397	4.6664817975588636e-05
ENSG00000167721	4.665487048133348e-05
ENSG00000168385	4.6640766997595875e-05
ENSG00000064545	4.662969230735217e-05
ENSG00000114126	4.6619720908737114e-05
ENSG00000170144	4.6602412650551145e-05
ENSG00000108312	4.654761817826494e-05
ENSG00000130158	4.653563414106689e-05
ENSG00000134389	4.6519240530180205e-05
ENSG00000133119	4.648593926432291e-05
ENSG00000118564	4.645652929771433e-05
ENSG00000214021	4.645509416089167e-05
ENSG00000186479	4.6438283732107326e-05
ENSG00000102038	4.641472947276902e-05
ENSG00000179094	4.6365134843225094e-05
ENSG00000138363	4.635061599693672e-05
ENSG00000258366	4.6349454629295845e-05
ENSG00000161681	4.631601828856126e-05
ENSG00000090776	4.6298079061844856e-05
ENSG00000115042	4.628928045684312e-05
ENSG00000155097	4.6283908171292926e-05
ENSG00000103710	4.627919758693353e-05
ENSG00000142252	4.6263658669929235e-05
ENSG00000123552	4.624981523540462e-05
ENSG00000119048	4.622643211308389e-05
ENSG00000152409	4.622339529679039e-05
ENSG00000169393	4.618944761007123e-05
ENSG00000171246	4.6186557480782804e-05
ENSG00000183475	4.6169211844817274e-05
ENSG00000125798	4.616220641718555e-05
ENSG00000155629	4.6143069307314616e-05
ENSG00000130713	4.613575270469864e-05
ENSG00000136104	4.613348937349295e-05
ENSG00000089692	4.612995013982202e-05
ENSG00000162104	4.612973622444136e-05
ENSG00000164244	4.610956835923587e-05
ENSG00000184916	4.609346963565932e-05
ENSG00000164219	4.605649537993419e-05
ENSG00000091136	4.604106154973921e-05
ENSG00000134247	4.601832322606158e-05
ENSG00000204130	4.5990607760748044e-05
ENSG00000182983	4.595913886947642e-05
ENSG00000178104	4.595402554633331e-05
ENSG00000163735	4.594287246571807e-05
ENSG00000128872	4.59267288207826e-05
ENSG00000074621	4.591037703235625e-05
ENSG00000066629	4.5894700240439836e-05
ENSG00000100092	4.589246395259079e-05
ENSG00000167671	4.587566740974916e-05
ENSG00000234539	4.5862780244236064e-05
ENSG00000151461	4.58613494409595e-05
ENSG00000008256	4.585453452691571e-05
ENSG00000178252	4.584984604201248e-05
ENSG00000148606	4.584721704999921e-05
ENSG00000185008	4.582880409558159e-05
ENSG00000011454	4.580345224462229e-05
ENSG00000113946	4.580013683056113e-05
ENSG00000186522	4.579996244477246e-05
ENSG00000178105	4.578746377774745e-05
ENSG00000078967	4.578558949533064e-05
ENSG00000178449	4.578247555379734e-05
ENSG00000134323	4.577909582820222e-05
ENSG00000198467	4.5775121808334925e-05
ENSG00000102898	4.577263179402763e-05
ENSG00000181333	4.572202532300028e-05
ENSG00000174697	4.5716953739366014e-05
ENSG00000165832	4.57105828393711e-05
ENSG00000099622	4.5709042957502144e-05
ENSG00000164111	4.569528968800561e-05
ENSG00000278624	4.5676892804069343e-05
ENSG00000137876	4.5657174324122114e-05
ENSG00000160075	4.563622569209739e-05
ENSG00000100292	4.5617476202372294e-05
ENSG00000134909	4.560980810392055e-05
ENSG00000133107	4.5604362020351155e-05
ENSG00000100138	4.558321591482096e-05
ENSG00000173991	4.556408105963301e-05
ENSG00000161914	4.555657828125781e-05
ENSG00000134748	4.554580928472699e-05
ENSG00000164463	4.551929368918671e-05
ENSG00000123500	4.5506505900423686e-05
ENSG00000099821	4.5485320345672985e-05
ENSG00000166788	4.5473533660641776e-05
ENSG00000177791	4.547044016222749e-05
ENSG00000067955	4.545595422197777e-05
ENSG00000237051	4.5452661766020344e-05
ENSG00000182247	4.5443790443891105e-05
ENSG00000151612	4.542974486609757e-05
ENSG00000069188	4.5405752712004674e-05
ENSG00000108799	4.538843535846201e-05
ENSG00000155868	4.538101746073871e-05
ENSG00000105953	4.536882952854554e-05
ENSG00000129636	4.5318389848699853e-05
ENSG00000119514	4.531527044711072e-05
ENSG00000204370	4.528273735281275e-05
ENSG00000173517	4.525280523511344e-05
ENSG00000282947	4.522384660642272e-05
ENSG00000178394	4.5217687679896e-05
ENSG00000134970	4.5213784214434577e-05
ENSG00000126775	4.520990555570211e-05
ENSG00000124783	4.519948796988307e-05
ENSG00000128228	4.518733736375016e-05
ENSG00000115386	4.516712066781184e-05
ENSG00000164654	4.5164515612029143e-05
ENSG00000277258	4.5133569295367104e-05
ENSG00000049130	4.511425324568687e-05
ENSG00000152270	4.509962183820743e-05
ENSG00000121671	4.509806505703644e-05
ENSG00000121957	4.5086700570866484e-05
ENSG00000100239	4.50810857320846e-05
ENSG00000198515	4.5071739565073756e-05
ENSG00000185721	4.506860402761903e-05
ENSG00000080298	4.5046639437807387e-05
ENSG00000176890	4.504328283777504e-05
ENSG00000062598	4.503457841450862e-05
ENSG00000092208	4.501592613875091e-05
ENSG00000197343	4.501520521401303e-05
ENSG00000078814	4.5010039940987486e-05
ENSG00000158022	4.5005970834761636e-05
ENSG00000169750	4.498058006535705e-05
ENSG00000172469	4.4978957156180725e-05
ENSG00000120318	4.496592143670736e-05
ENSG00000068366	4.495964464640615e-05
ENSG00000069482	4.4958270317379956e-05
ENSG00000115211	4.494016870900439e-05
ENSG00000173581	4.4923470597522244e-05
ENSG00000182541	4.4913488062376316e-05
ENSG00000102471	4.487214605778841e-05
ENSG00000140807	4.4851135233799075e-05
ENSG00000159267	4.484266556334276e-05
ENSG00000137033	4.483939687243803e-05
ENSG00000081248	4.483614473392782e-05
ENSG00000141294	4.482501472625201e-05
ENSG00000133812	4.482149032900402e-05
ENSG00000070010	4.4818014983276796e-05
ENSG00000140691	4.4803050903444475e-05
ENSG00000180098	4.479688743879299e-05
ENSG00000198074	4.4793999079525554e-05
ENSG00000117362	4.476834319980168e-05
ENSG00000173614	4.4766414703600187e-05
ENSG00000115750	4.475878845144261e-05
ENSG00000184144	4.470775701228264e-05
ENSG00000241253	4.469671053645162e-05
ENSG00000179262	4.469659884300614e-05
ENSG00000158545	4.4678130629166224e-05
ENSG00000154380	4.467689824671233e-05
ENSG00000074370	4.4637378545745964e-05
ENSG00000278889	4.463586087799594e-05
ENSG00000197969	4.461378794996901e-05
ENSG00000229314	4.460930504052617e-05
ENSG00000148908	4.4603458458731746e-05
ENSG00000064651	4.458531655638416e-05
ENSG00000070785	4.457801657175502e-05
ENSG00000137547	4.457735895513233e-05
ENSG00000044090	4.457397267586011e-05
ENSG00000053372	4.455123752989988e-05
ENSG00000087299	4.4537188525259284e-05
ENSG00000109272	4.452865488777795e-05
ENSG00000115461	4.451841791479537e-05
ENSG00000174243	4.4515092092019804e-05
ENSG00000188010	4.450997440901506e-05
ENSG00000160213	4.448157698821797e-05
ENSG00000130024	4.4424967950161525e-05
ENSG00000138061	4.4424467108352676e-05
ENSG00000090539	4.4423429913651457e-05
ENSG00000137414	4.441591955621586e-05
ENSG00000241635	4.441408939649602e-05
ENSG00000116752	4.4409131636941535e-05
ENSG00000158560	4.440672423223525e-05
ENSG00000141428	4.439617003469548e-05
ENSG00000168818	4.4368491065090277e-05
ENSG00000230930	4.436428195374128e-05
ENSG00000102738	4.432889577918672e-05
ENSG00000185049	4.432251814340898e-05
ENSG00000008710	4.429709846497695e-05
ENSG00000186827	4.4254514138371376e-05
ENSG00000100413	4.424667976200873e-05
ENSG00000164758	4.4230307458302004e-05
ENSG00000170370	4.4220117227762775e-05
ENSG00000107960	4.4210695630736626e-05
ENSG00000149100	4.4147093516636454e-05
ENSG00000147689	4.4142991432517706e-05
ENSG00000161904	4.413441418844201e-05
ENSG00000225697	4.413032400630568e-05
ENSG00000129170	4.410957569306251e-05
ENSG00000100364	4.4103367605644954e-05
ENSG00000132744	4.4100151342087884e-05
ENSG00000175414	4.408777238760698e-05
ENSG00000179588	4.408592646572512e-05
ENSG00000063322	4.406091299625291e-05
ENSG00000167840	4.40174813552008e-05
ENSG00000113851	4.400796353235313e-05
ENSG00000063660	4.4004515545164726e-05
ENSG00000276996	4.400275452651067e-05
ENSG00000134014	4.4001680063771716e-05
ENSG00000039560	4.4000717021396764e-05
ENSG00000120896	4.3982889151220127e-05
ENSG00000110680	4.396895580835135e-05
ENSG00000173933	4.393410995307251e-05
ENSG00000106459	4.391334023927775e-05
ENSG00000128285	4.390677745259914e-05
ENSG00000100448	4.3906187739664624e-05
ENSG00000167283	4.3898691260624864e-05
ENSG00000118680	4.3890925711354124e-05
ENSG00000125304	4.3880558950167394e-05
ENSG00000168883	4.3861143536689864e-05
ENSG00000138772	4.385783200732064e-05
ENSG00000135362	4.385642738086804e-05
ENSG00000166889	4.383598789594955e-05
ENSG00000135052	4.381532477327178e-05
ENSG00000117519	4.3796412066640974e-05
ENSG00000141639	4.3782179672032564e-05
ENSG00000132703	4.37763766268415e-05
ENSG00000120798	4.3768179277839785e-05
ENSG00000106080	4.3723186495340365e-05
ENSG00000163083	4.372026302210348e-05
ENSG00000107736	4.3720181755971854e-05
ENSG00000160695	4.370796251844826e-05
ENSG00000088808	4.368504998513685e-05
ENSG00000198453	4.366420019920267e-05
ENSG00000064999	4.366400817075424e-05
ENSG00000130119	4.364756537752146e-05
ENSG00000140307	4.363900071354818e-05
ENSG00000186654	4.3632907590635626e-05
ENSG00000091879	4.362945916024973e-05
ENSG00000258643	4.362359175017072e-05
ENSG00000118705	4.36224977684733e-05
ENSG00000072954	4.361901115895515e-05
ENSG00000229432	4.361319463374459e-05
ENSG00000156795	4.361028552194774e-05
ENSG00000156738	4.3608270132144125e-05
ENSG00000132561	4.357762138466961e-05
ENSG00000112695	4.356958156058528e-05
ENSG00000178913	4.3563105548582233e-05
ENSG00000183072	4.355819553972128e-05
ENSG00000111540	4.354643643705081e-05
ENSG00000214717	4.353512802835742e-05
ENSG00000189056	4.3526880692584116e-05
ENSG00000184076	4.350230038564848e-05
ENSG00000106348	4.349571621850199e-05
ENSG00000164627	4.348588824745813e-05
ENSG00000088247	4.347914029771059e-05
ENSG00000131080	4.347395901116821e-05
ENSG00000132382	4.347201297433033e-05
ENSG00000103091	4.345900127807505e-05
ENSG00000163803	4.344671639746059e-05
ENSG00000127951	4.3430363207005375e-05
ENSG00000173585	4.3424885897636536e-05
ENSG00000087111	4.3416606958258656e-05
ENSG00000154914	4.3415412154352046e-05
ENSG00000138109	4.341454449444667e-05
ENSG00000009724	4.34035024612384e-05
ENSG00000144744	4.33968909579009e-05
ENSG00000106714	4.3358462780725105e-05
ENSG00000144061	4.335104943703552e-05
ENSG00000161813	4.33508228999971e-05
ENSG00000100285	4.334697962474927e-05
ENSG00000095059	4.332391682108436e-05
ENSG00000111011	4.329261093213941e-05
ENSG00000117625	4.328942754460038e-05
ENSG00000176108	4.327656982549801e-05
ENSG00000153936	4.325618527702081e-05
ENSG00000108179	4.325305942502028e-05
ENSG00000122367	4.323683301945906e-05
ENSG00000125249	4.3227735336093656e-05
ENSG00000187391	4.3217417037426155e-05
ENSG00000173272	4.321481452630501e-05
ENSG00000114204	4.321185437158609e-05
ENSG00000087303	4.320990646581901e-05
ENSG00000103507	4.320457450356018e-05
ENSG00000285011	4.3186071764903776e-05
ENSG00000179002	4.316161291430297e-05
ENSG00000143493	4.312562590568674e-05
ENSG00000204316	4.312548006283678e-05
ENSG00000136542	4.312379593400943e-05
ENSG00000151413	4.311479022118765e-05
ENSG00000155393	4.310104550827864e-05
ENSG00000134882	4.3078644317573724e-05
ENSG00000276231	4.306661238340411e-05
ENSG00000109787	4.305094954754873e-05
ENSG00000164104	4.3046070081832726e-05
ENSG00000089163	4.304578992465292e-05
ENSG00000279247	4.3007520899984554e-05
ENSG00000170542	4.3000175319578965e-05
ENSG00000165115	4.2993358223592974e-05
ENSG00000105176	4.299189509976659e-05
ENSG00000196684	4.29793967444319e-05
ENSG00000103145	4.297045225343734e-05
ENSG00000127586	4.295766047628014e-05
ENSG00000274513	4.293902213644451e-05
ENSG00000131475	4.293826309595041e-05
ENSG00000135269	4.293404873202069e-05
ENSG00000171566	4.291726077820852e-05
ENSG00000198756	4.291193328960649e-05
ENSG00000184640	4.289823232959795e-05
ENSG00000159082	4.289205841467987e-05
ENSG00000115806	4.281634035257808e-05
ENSG00000095319	4.2808886842452855e-05
ENSG00000205213	4.279054921407809e-05
ENSG00000157954	4.279053065710199e-05
ENSG00000115946	4.278899194064613e-05
ENSG00000155252	4.278430609531551e-05
ENSG00000198018	4.2758935778936645e-05
ENSG00000168702	4.275325814393064e-05
ENSG00000137473	4.274325059171264e-05
ENSG00000146592	4.272288661199102e-05
ENSG00000069345	4.2691170316598595e-05
ENSG00000108590	4.266330370107237e-05
ENSG00000277909	4.2660773523291076e-05
ENSG00000130640	4.264274747331352e-05
ENSG00000152208	4.26320573041821e-05
ENSG00000173141	4.262444489270493e-05
ENSG00000087510	4.260798822321305e-05
ENSG00000158578	4.2517293414246445e-05
ENSG00000103342	4.251539665990642e-05
ENSG00000143157	4.251509768438945e-05
ENSG00000133121	4.2498037945034707e-05
ENSG00000128524	4.247415470769878e-05
ENSG00000117054	4.245958871921114e-05
ENSG00000184047	4.2455913993079734e-05
ENSG00000138078	4.245100330688594e-05
ENSG00000132004	4.244753745790602e-05
ENSG00000172179	4.2429067172467895e-05
ENSG00000266472	4.242075964341387e-05
ENSG00000124570	4.2406721328601586e-05
ENSG00000162616	4.239905159329424e-05
ENSG00000119715	4.2383319945958545e-05
ENSG00000124733	4.2327285507038e-05
ENSG00000148672	4.229008266198372e-05
ENSG00000158480	4.226653025580003e-05
ENSG00000064995	4.225064618783131e-05
ENSG00000144320	4.225061493792124e-05
ENSG00000170236	4.224996405649398e-05
ENSG00000144935	4.2243422165858256e-05
ENSG00000131016	4.224090870068576e-05
ENSG00000000419	4.223869027106053e-05
ENSG00000153487	4.223276321854624e-05
ENSG00000189252	4.222695470951945e-05
ENSG00000057608	4.222476159849429e-05
ENSG00000111641	4.222226651615404e-05
ENSG00000003989	4.2220872303287436e-05
ENSG00000196660	4.220116058807986e-05
ENSG00000196517	4.213263322386562e-05
ENSG00000241563	4.212668384366134e-05
ENSG00000163870	4.2109642933770214e-05
ENSG00000144749	4.2105655581577656e-05
ENSG00000130005	4.209961679652557e-05
ENSG00000163161	4.209958793063959e-05
ENSG00000164930	4.20931399588558e-05
ENSG00000180447	4.207877115840193e-05
ENSG00000136827	4.2067931796292586e-05
ENSG00000196437	4.202226089770696e-05
ENSG00000092020	4.196296534060278e-05
ENSG00000189180	4.196214401103741e-05
ENSG00000198911	4.1905463241099356e-05
ENSG00000147041	4.189204024459866e-05
ENSG00000066933	4.1890466084872696e-05
ENSG00000138741	4.18891383222398e-05
ENSG00000162729	4.1888747428500855e-05
ENSG00000077080	4.188275722284714e-05
ENSG00000165138	4.181674883514761e-05
ENSG00000124126	4.177623861805789e-05
ENSG00000215788	4.177617459220966e-05
ENSG00000166963	4.1758322427229964e-05
ENSG00000230624	4.1754633191083306e-05
ENSG00000117410	4.17429940011132e-05
ENSG00000134283	4.1723351096531046e-05
ENSG00000248746	4.171597240843008e-05
ENSG00000074054	4.170032184588277e-05
ENSG00000100220	4.1664846776976784e-05
ENSG00000115661	4.165665915799766e-05
ENSG00000109046	4.164577087612671e-05
ENSG00000136141	4.16323572083115e-05
ENSG00000172493	4.162444320571651e-05
ENSG00000171435	4.160476087312483e-05
ENSG00000047249	4.159828165896944e-05
ENSG00000278570	4.1583174578201184e-05
ENSG00000166947	4.157632134280864e-05
ENSG00000175513	4.15728088377217e-05
ENSG00000169635	4.1564467531031024e-05
ENSG00000047056	4.15541591354176e-05
ENSG00000271303	4.153410285461766e-05
ENSG00000198712	4.152651291623295e-05
ENSG00000146587	4.15157587418766e-05
ENSG00000143653	4.148911085078026e-05
ENSG00000164690	4.147717591979511e-05
ENSG00000100122	4.146914087062028e-05
ENSG00000228405	4.1450417239844655e-05
ENSG00000168404	4.1445590052659186e-05
ENSG00000097021	4.144505739648578e-05
ENSG00000126895	4.144144364161488e-05
ENSG00000143375	4.141807774989768e-05
ENSG00000171953	4.140886190585377e-05
ENSG00000100167	4.137699111888681e-05
ENSG00000108604	4.136294234777521e-05
ENSG00000170579	4.134607863809335e-05
ENSG00000138641	4.133412229577567e-05
ENSG00000151718	4.1325666973308196e-05
ENSG00000155511	4.1308028522530696e-05
ENSG00000143819	4.130473698018201e-05
ENSG00000077943	4.1298426633927097e-05
ENSG00000160062	4.129697399229913e-05
ENSG00000196387	4.1283852917204004e-05
ENSG00000163618	4.1281502275059475e-05
ENSG00000004864	4.1273544281568325e-05
ENSG00000168875	4.126917190506779e-05
ENSG00000146755	4.1243992592241674e-05
ENSG00000162909	4.12398496066333e-05
ENSG00000107262	4.123307452255753e-05
ENSG00000165953	4.121982196204033e-05
ENSG00000288185	4.120928852729004e-05
ENSG00000173702	4.120399371919853e-05
ENSG00000196873	4.119827261331811e-05
ENSG00000105254	4.117727863041289e-05
ENSG00000113448	4.115100940959122e-05
ENSG00000111245	4.1132955346982044e-05
ENSG00000148337	4.111841472898687e-05
ENSG00000162961	4.1115883932862156e-05
ENSG00000150630	4.110570788033264e-05
ENSG00000129757	4.110218512663629e-05
ENSG00000173905	4.109072913416024e-05
ENSG00000198380	4.1069775579385474e-05
ENSG00000099991	4.1067785333930094e-05
ENSG00000075461	4.1057986811894396e-05
ENSG00000138347	4.1052833923685815e-05
ENSG00000185379	4.104211520728639e-05
ENSG00000175745	4.1022989573915806e-05
ENSG00000025772	4.1012986358382334e-05
ENSG00000164588	4.1011410911243715e-05
ENSG00000103449	4.096677075285562e-05
ENSG00000136156	4.096237929981654e-05
ENSG00000078399	4.0957869400447916e-05
ENSG00000115816	4.092403030753456e-05
ENSG00000164902	4.0905242695095346e-05
ENSG00000167261	4.0871753094741084e-05
ENSG00000104218	4.08452117319349e-05
ENSG00000182446	4.083956321739621e-05
ENSG00000106399	4.081174106913214e-05
ENSG00000213782	4.080730740524817e-05
ENSG00000160360	4.0803378490757564e-05
ENSG00000119801	4.078780166206198e-05
ENSG00000244005	4.078574380143046e-05
ENSG00000086200	4.0778509291644266e-05
ENSG00000072163	4.077226851472651e-05
ENSG00000168298	4.075491284648405e-05
ENSG00000198231	4.075209743885816e-05
ENSG00000139718	4.072986323082565e-05
ENSG00000154975	4.072222227685242e-05
ENSG00000186111	4.072067114208639e-05
ENSG00000120332	4.070744803600252e-05
ENSG00000105355	4.068483992528436e-05
ENSG00000256525	4.068445695491909e-05
ENSG00000196482	4.0683986614048065e-05
ENSG00000131148	4.067261796680985e-05
ENSG00000197905	4.067193560643727e-05
ENSG00000135744	4.063266142970186e-05
ENSG00000163346	4.062845505303994e-05
ENSG00000100297	4.0622522186334604e-05
ENSG00000125731	4.062078706605421e-05
ENSG00000131711	4.060415755332572e-05
ENSG00000114107	4.05922987708843e-05
ENSG00000100216	4.0590411009246524e-05
ENSG00000117707	4.0578600865181344e-05
ENSG00000140455	4.0578060736574356e-05
ENSG00000090316	4.0553188527206666e-05
ENSG00000186130	4.0519596133292655e-05
ENSG00000102362	4.0513557246866045e-05
ENSG00000055118	4.050867135773818e-05
ENSG00000105939	4.049304915810255e-05
ENSG00000008324	4.048179427395749e-05
ENSG00000131931	4.04713381746923e-05
ENSG00000089597	4.047036062453377e-05
ENSG00000183054	4.039834556553206e-05
ENSG00000244038	4.0398342907917185e-05
ENSG00000148143	4.0371255685951324e-05
ENSG00000160716	4.036865060547103e-05
ENSG00000177479	4.034946493799535e-05
ENSG00000281449	4.0345204500914284e-05
ENSG00000122420	4.033449019238529e-05
ENSG00000131966	4.033250375274356e-05
ENSG00000168026	4.0318196822813184e-05
ENSG00000130699	4.031500566147043e-05
ENSG00000182272	4.031462103335448e-05
ENSG00000197903	4.030707652942563e-05
ENSG00000119446	4.027454319009565e-05
ENSG00000177666	4.02021158736874e-05
ENSG00000085265	4.017578879610828e-05
ENSG00000187605	4.0143805369858157e-05
ENSG00000172273	4.0140756394885825e-05
ENSG00000262993	4.01356391851761e-05
ENSG00000100591	4.0123616364995896e-05
ENSG00000160201	4.008871139543532e-05
ENSG00000109079	4.00859290559339e-05
ENSG00000120875	4.007349130218089e-05
ENSG00000090372	4.006191804963266e-05
ENSG00000239697	4.004929197014078e-05
ENSG00000103194	4.003805764479036e-05
ENSG00000133661	4.001784778730094e-05
ENSG00000100592	4.001452240015249e-05
ENSG00000102531	4.001108327993499e-05
ENSG00000152240	3.999919068515419e-05
ENSG00000101189	3.992469765105958e-05
ENSG00000205810	3.990929255871052e-05
ENSG00000179915	3.990040980093226e-05
ENSG00000076201	3.9886772456715126e-05
ENSG00000265808	3.986047413385837e-05
ENSG00000125965	3.9853203706789555e-05
ENSG00000172016	3.9852181703255995e-05
ENSG00000147257	3.983601511584196e-05
ENSG00000261609	3.983301986468344e-05
ENSG00000105281	3.9823329863175974e-05
ENSG00000149639	3.981928975525177e-05
ENSG00000185885	3.9806299352011324e-05
ENSG00000137168	3.980430884037102e-05
ENSG00000136100	3.980354467125879e-05
ENSG00000112357	3.980231534159178e-05
ENSG00000155506	3.978970760671233e-05
ENSG00000196967	3.978951833165241e-05
ENSG00000177646	3.97848631820325e-05
ENSG00000135100	3.9781877111850345e-05
ENSG00000125356	3.977746956152185e-05
ENSG00000076108	3.9757620093092494e-05
ENSG00000129993	3.975214105863428e-05
ENSG00000130826	3.9749539482330934e-05
ENSG00000184349	3.970405279294829e-05
ENSG00000113360	3.968685380412331e-05
ENSG00000172197	3.963584314191174e-05
ENSG00000131844	3.963140669358536e-05
ENSG00000105671	3.961251837820828e-05
ENSG00000100823	3.960757737085137e-05
ENSG00000111816	3.959945286118297e-05
ENSG00000135801	3.9597641686937256e-05
ENSG00000117697	3.95927229794959e-05
ENSG00000167528	3.9574848893179455e-05
ENSG00000104863	3.955000536629218e-05
ENSG00000118762	3.9519479941818966e-05
ENSG00000100079	3.951577212738381e-05
ENSG00000247077	3.9489472764310285e-05
ENSG00000085449	3.948783095298329e-05
ENSG00000072832	3.9474195101530657e-05
ENSG00000110025	3.944171752019664e-05
ENSG00000183785	3.943621069184572e-05
ENSG00000143257	3.94325931751705e-05
ENSG00000006016	3.942947603229444e-05
ENSG00000100234	3.942884618161545e-05
ENSG00000157741	3.94243421277576e-05
ENSG00000074201	3.940096195245913e-05
ENSG00000104147	3.938310230864445e-05
ENSG00000121743	3.936344586891844e-05
ENSG00000115602	3.93564445928267e-05
ENSG00000107560	3.932903796525649e-05
ENSG00000054793	3.9312177216173396e-05
ENSG00000196782	3.9311786946269776e-05
ENSG00000006128	3.9303333524585384e-05
ENSG00000262666	3.9260928128667854e-05
ENSG00000144746	3.925217461620941e-05
ENSG00000269313	3.922001275546085e-05
ENSG00000119703	3.921883995695239e-05
ENSG00000173540	3.921092971829741e-05
ENSG00000170266	3.919837816321853e-05
ENSG00000138756	3.9195068854595765e-05
ENSG00000128641	3.917206320385157e-05
ENSG00000164830	3.913756433569852e-05
ENSG00000110435	3.9121882467743065e-05
ENSG00000237344	3.911823812280432e-05
ENSG00000122140	3.90992454190546e-05
ENSG00000179331	3.908849816399341e-05
ENSG00000285049	3.907788055469594e-05
ENSG00000066032	3.9075314249095476e-05
ENSG00000232312	3.906148003413971e-05
ENSG00000116117	3.9051808641414743e-05
ENSG00000056972	3.9049948042909664e-05
ENSG00000265972	3.904146888348958e-05
ENSG00000275835	3.9040829078419266e-05
ENSG00000077264	3.903910200263685e-05
ENSG00000167476	3.9035001681216e-05
ENSG00000049449	3.89993540371593e-05
ENSG00000084463	3.8970647745678555e-05
ENSG00000161911	3.896080873308484e-05
ENSG00000144034	3.89436385429957e-05
ENSG00000106952	3.89386947246977e-05
ENSG00000167306	3.8910701066483985e-05
ENSG00000276410	3.890164114857163e-05
ENSG00000138083	3.8889618684290485e-05
ENSG00000005448	3.883579549282098e-05
ENSG00000186001	3.8819978977845454e-05
ENSG00000230336	3.881190834270586e-05
ENSG00000132481	3.8796894393167125e-05
ENSG00000164008	3.879066685083286e-05
ENSG00000163815	3.877620960031365e-05
ENSG00000137764	3.8739456912567605e-05
ENSG00000179151	3.873326578807071e-05
ENSG00000106628	3.871845964420035e-05
ENSG00000237190	3.870716140084165e-05
ENSG00000168062	3.868691004144756e-05
ENSG00000099204	3.865896092812952e-05
ENSG00000138002	3.865052274930385e-05
ENSG00000149658	3.864282123065194e-05
ENSG00000147571	3.8627001196792944e-05
ENSG00000078699	3.856978208005431e-05
ENSG00000125650	3.856880690811996e-05
ENSG00000146457	3.856834305235672e-05
ENSG00000144712	3.855378956327615e-05
ENSG00000174738	3.8544974756770575e-05
ENSG00000276323	3.852858417633063e-05
ENSG00000075891	3.851844369051968e-05
ENSG00000115718	3.851302377981468e-05
ENSG00000068745	3.8512148936076254e-05
ENSG00000213593	3.8486397584859204e-05
ENSG00000108389	3.8454931055706756e-05
ENSG00000160679	3.844573227463111e-05
ENSG00000128563	3.8442998378491704e-05
ENSG00000170619	3.842766254379732e-05
ENSG00000149534	3.839665149307296e-05
ENSG00000007202	3.835765082462531e-05
ENSG00000148572	3.8357366408416404e-05
ENSG00000171723	3.834802461573838e-05
ENSG00000165516	3.8329102665142065e-05
ENSG00000089289	3.831576768388139e-05
ENSG00000164751	3.8310832378264226e-05
ENSG00000164611	3.828236047914677e-05
ENSG00000113734	3.826211863185437e-05
ENSG00000129932	3.8254369814931306e-05
ENSG00000088356	3.824941350834181e-05
ENSG00000100865	3.824560227667406e-05
ENSG00000106066	3.823576290219996e-05
ENSG00000113248	3.822577913565065e-05
ENSG00000147852	3.822151989541441e-05
ENSG00000130810	3.821960305024491e-05
ENSG00000160396	3.8198613643504374e-05
ENSG00000288407	3.818129148820283e-05
ENSG00000167815	3.817921992213215e-05
ENSG00000141219	3.815548766543744e-05
ENSG00000081154	3.813733307812742e-05
ENSG00000139133	3.813662698882625e-05
ENSG00000277804	3.810745215165667e-05
ENSG00000132300	3.809347726587593e-05
ENSG00000148204	3.808899384556842e-05
ENSG00000139668	3.8080760127455846e-05
ENSG00000091656	3.8072740350975096e-05
ENSG00000150687	3.806742127559901e-05
ENSG00000196365	3.806328196199695e-05
ENSG00000186496	3.806259485414041e-05
ENSG00000078401	3.803884209249213e-05
ENSG00000061987	3.8031426800174665e-05
ENSG00000165417	3.802896503177198e-05
ENSG00000167333	3.8014939292070466e-05
ENSG00000166477	3.801293349254034e-05
ENSG00000203618	3.801202755417844e-05
ENSG00000121454	3.8011914758036394e-05
ENSG00000131381	3.799490723616506e-05
ENSG00000126803	3.7959755177566294e-05
ENSG00000124092	3.793846496288563e-05
ENSG00000105556	3.7931883430794244e-05
ENSG00000010244	3.79058885564148e-05
ENSG00000172575	3.789191866699428e-05
ENSG00000148943	3.788362076475637e-05
ENSG00000161920	3.7877431454390515e-05
ENSG00000153944	3.787410883238157e-05
ENSG00000172292	3.787360367464944e-05
ENSG00000008294	3.786270268109316e-05
ENSG00000144668	3.785496040116381e-05
ENSG00000099797	3.785209566822594e-05
ENSG00000131773	3.78477757657964e-05
ENSG00000100150	3.783977058180035e-05
ENSG00000135736	3.783166250716678e-05
ENSG00000131778	3.7791410336418006e-05
ENSG00000061938	3.778733567295302e-05
ENSG00000144048	3.778622888999763e-05
ENSG00000113810	3.77692570999341e-05
ENSG00000038274	3.776800151751054e-05
ENSG00000131808	3.776113349674665e-05
ENSG00000139626	3.775608275663388e-05
ENSG00000104903	3.774430796834471e-05
ENSG00000048828	3.774054420415144e-05
ENSG00000123684	3.7737867169871515e-05
ENSG00000144810	3.772688060553088e-05
ENSG00000240303	3.772214947932316e-05
ENSG00000117266	3.772089230613118e-05
ENSG00000103591	3.771427941201715e-05
ENSG00000124557	3.771354768867721e-05
ENSG00000214160	3.771247866967765e-05
ENSG00000131238	3.770084123632598e-05
ENSG00000120656	3.76962186739888e-05
ENSG00000033030	3.7627976564833655e-05
ENSG00000134265	3.762475052353946e-05
ENSG00000172037	3.761954066732221e-05
ENSG00000021574	3.7613440612977345e-05
ENSG00000104331	3.7609295637136955e-05
ENSG00000283681	3.7608481828247985e-05
ENSG00000100678	3.760381342010059e-05
ENSG00000071189	3.7579344801675636e-05
ENSG00000163655	3.757413040105951e-05
ENSG00000237441	3.7561721912622734e-05
ENSG00000168876	3.7558763592577097e-05
ENSG00000156697	3.755545038855385e-05
ENSG00000110841	3.754861511829623e-05
ENSG00000164287	3.754241922111702e-05
ENSG00000143179	3.75396185969551e-05
ENSG00000096746	3.753457068109694e-05
ENSG00000172239	3.752458070519784e-05
ENSG00000124731	3.752149510256986e-05
ENSG00000044446	3.751346889829338e-05
ENSG00000136152	3.7510443104753496e-05
ENSG00000143149	3.7507421125068755e-05
ENSG00000143373	3.7475926578489516e-05
ENSG00000164291	3.747402714304807e-05
ENSG00000040199	3.747364791402157e-05
ENSG00000178585	3.746590456634351e-05
ENSG00000130303	3.746343105174833e-05
ENSG00000102837	3.7450872826949655e-05
ENSG00000124571	3.743381345693759e-05
ENSG00000116031	3.7422745555798e-05
ENSG00000141012	3.74222930767407e-05
ENSG00000132153	3.7413063997235465e-05
ENSG00000120805	3.7409792709771773e-05
ENSG00000275023	3.740382751247668e-05
ENSG00000106636	3.739313669473752e-05
ENSG00000103269	3.738262620397019e-05
ENSG00000034533	3.7382452598208784e-05
ENSG00000085788	3.7378146706100176e-05
ENSG00000147408	3.7377984018140454e-05
ENSG00000158467	3.7372874452398466e-05
ENSG00000109255	3.736956094440197e-05
ENSG00000101464	3.736792406037865e-05
ENSG00000173193	3.734632591309716e-05
ENSG00000144852	3.733535375058706e-05
ENSG00000157796	3.7327047657945987e-05
ENSG00000149557	3.727553383513865e-05
ENSG00000146021	3.726727122157014e-05
ENSG00000141026	3.725917505952524e-05
ENSG00000113141	3.723866812399338e-05
ENSG00000137413	3.723349515709537e-05
ENSG00000145730	3.721598294824116e-05
ENSG00000180228	3.721429931950767e-05
ENSG00000276191	3.721279237369223e-05
ENSG00000100139	3.7211819840929e-05
ENSG00000156515	3.719668618404891e-05
ENSG00000084112	3.7196578320227774e-05
ENSG00000107554	3.7190931441825316e-05
ENSG00000144134	3.719049328953933e-05
ENSG00000172379	3.7165923143085785e-05
ENSG00000115963	3.71320406713584e-05
ENSG00000140859	3.7119299091253325e-05
ENSG00000164334	3.711928985487608e-05
ENSG00000111665	3.711566540006847e-05
ENSG00000176390	3.7062668129646896e-05
ENSG00000142731	3.705649480818258e-05
ENSG00000156860	3.704790694869217e-05
ENSG00000145241	3.703473101840877e-05
ENSG00000131652	3.703359202656742e-05
ENSG00000144036	3.70269210647251e-05
ENSG00000131969	3.7018519049689856e-05
ENSG00000099899	3.694502629165057e-05
ENSG00000105514	3.693888365774828e-05
ENSG00000147381	3.691842718125386e-05
ENSG00000157216	3.690388274993568e-05
ENSG00000117899	3.688554716318847e-05
ENSG00000108798	3.687713619325637e-05
ENSG00000104327	3.6874378650235224e-05
ENSG00000162374	3.684542662056819e-05
ENSG00000280962	3.683478901927173e-05
ENSG00000165030	3.6834380979313825e-05
ENSG00000186442	3.6821948427402314e-05
ENSG00000166148	3.681418557733147e-05
ENSG00000116580	3.6795856752678584e-05
ENSG00000121931	3.6776919612324226e-05
ENSG00000117984	3.6776032535216886e-05
ENSG00000169972	3.677120087597611e-05
ENSG00000143224	3.673292616863806e-05
ENSG00000264522	3.672506873360805e-05
ENSG00000154920	3.6722047120822054e-05
ENSG00000169962	3.671859944600048e-05
ENSG00000137440	3.6710121342512135e-05
ENSG00000185088	3.669740852582217e-05
ENSG00000239264	3.6693082045333874e-05
ENSG00000149600	3.6687902096139544e-05
ENSG00000166091	3.6678942257018325e-05
ENSG00000285344	3.6645111789232594e-05
ENSG00000183454	3.6639525657371864e-05
ENSG00000174840	3.6636834604934317e-05
ENSG00000127241	3.66167372897947e-05
ENSG00000196358	3.661493301951862e-05
ENSG00000104388	3.659236478236366e-05
ENSG00000280495	3.6580514008403365e-05
ENSG00000161692	3.656030787917217e-05
ENSG00000152422	3.6541457571957566e-05
ENSG00000163684	3.654051606997533e-05
ENSG00000076554	3.653811596670883e-05
ENSG00000284571	3.651826632966857e-05
ENSG00000180616	3.647824065784506e-05
ENSG00000142515	3.6474257142436525e-05
ENSG00000178718	3.647310289561315e-05
ENSG00000009694	3.644867998188985e-05
ENSG00000172932	3.6441535785184996e-05
ENSG00000140632	3.6435081936598456e-05
ENSG00000128965	3.642274029428446e-05
ENSG00000196547	3.6411847320972406e-05
ENSG00000116898	3.641079776974867e-05
ENSG00000156345	3.6403856340746615e-05
ENSG00000159200	3.6402753778817624e-05
ENSG00000130758	3.637307271831037e-05
ENSG00000185504	3.637105992501409e-05
ENSG00000196584	3.636496971936968e-05
ENSG00000196876	3.6353774105586126e-05
ENSG00000150961	3.634675035464426e-05
ENSG00000160796	3.6333879158871225e-05
ENSG00000186074	3.63319854276194e-05
ENSG00000080603	3.629035048434551e-05
ENSG00000065618	3.628609086153415e-05
ENSG00000163661	3.6282115758084456e-05
ENSG00000198218	3.6264483602656764e-05
ENSG00000137672	3.625999739596606e-05
ENSG00000101323	3.625692648609815e-05
ENSG00000196091	3.6254580583493515e-05
ENSG00000116903	3.6250471805180834e-05
ENSG00000143368	3.6248392790421366e-05
ENSG00000131873	3.6244957301781934e-05
ENSG00000198183	3.622497210742293e-05
ENSG00000101350	3.6220931825681824e-05
ENSG00000103043	3.619181453100336e-05
ENSG00000121691	3.618476231478012e-05
ENSG00000100461	3.617915507109974e-05
ENSG00000164756	3.6178974332318946e-05
ENSG00000151466	3.6146183465743414e-05
ENSG00000139726	3.614553611747183e-05
ENSG00000085662	3.613726748156256e-05
ENSG00000162390	3.6132707057754074e-05
ENSG00000133059	3.6123846605254745e-05
ENSG00000108375	3.6113372485517905e-05
ENSG00000119383	3.611320669594076e-05
ENSG00000178502	3.610290630630726e-05
ENSG00000140623	3.609968230245813e-05
ENSG00000115762	3.608643532162974e-05
ENSG00000142611	3.6072809009061744e-05
ENSG00000101986	3.6062753134819206e-05
ENSG00000128789	3.605627491880282e-05
ENSG00000170322	3.60433534850288e-05
ENSG00000108176	3.603414400201292e-05
ENSG00000186684	3.60307180950302e-05
ENSG00000103160	3.603012410441179e-05
ENSG00000136732	3.6020868009194114e-05
ENSG00000181513	3.596996197281637e-05
ENSG00000103671	3.595923498854156e-05
ENSG00000138777	3.595883034947017e-05
ENSG00000101439	3.595357967475249e-05
ENSG00000102007	3.594902276173171e-05
ENSG00000230900	3.593380733609741e-05
ENSG00000124782	3.5919312360644e-05
ENSG00000070061	3.5907301222391296e-05
ENSG00000138029	3.5872317289870936e-05
ENSG00000181625	3.586483229913412e-05
ENSG00000163935	3.584467822682163e-05
ENSG00000113638	3.580601580436961e-05
ENSG00000170871	3.5805932848300234e-05
ENSG00000163993	3.578581210719374e-05
ENSG00000104886	3.5774630842648064e-05
ENSG00000170689	3.5768393387745285e-05
ENSG00000120725	3.5762566997519405e-05
ENSG00000154415	3.5756544862323e-05
ENSG00000159556	3.575322591952404e-05
ENSG00000165215	3.5752257923212985e-05
ENSG00000143512	3.572685977503943e-05
ENSG00000072135	3.5717360805397566e-05
ENSG00000142655	3.571362829755681e-05
ENSG00000102349	3.571162039039925e-05
ENSG00000171135	3.570346543986057e-05
ENSG00000070214	3.5686676700186395e-05
ENSG00000284137	3.5648725609951866e-05
ENSG00000090376	3.5643129641414876e-05
ENSG00000105793	3.557782230262801e-05
ENSG00000196968	3.5574473253456675e-05
ENSG00000171103	3.5565873188671e-05
ENSG00000139734	3.553256933319288e-05
ENSG00000172795	3.5530897098556065e-05
ENSG00000198382	3.5499717912699605e-05
ENSG00000121797	3.549820459002994e-05
ENSG00000172399	3.5488417486629824e-05
ENSG00000099381	3.5482233381973594e-05
ENSG00000100242	3.5461981380609276e-05
ENSG00000136273	3.54529741898317e-05
ENSG00000130150	3.544901955625839e-05
ENSG00000104879	3.544459662817719e-05
ENSG00000180879	3.5441178560896593e-05
ENSG00000008441	3.5429426568762784e-05
ENSG00000187837	3.542484308650167e-05
ENSG00000117525	3.5412389450815766e-05
ENSG00000002016	3.540199267148548e-05
ENSG00000132031	3.539563862440755e-05
ENSG00000185361	3.539392316481409e-05
ENSG00000196431	3.5391695238479756e-05
ENSG00000123737	3.5386016670986406e-05
ENSG00000180772	3.538540732963061e-05
ENSG00000169242	3.537573932622791e-05
ENSG00000259431	3.536207395534093e-05
ENSG00000047188	3.536004507417626e-05
ENSG00000012174	3.5299567327571825e-05
ENSG00000168556	3.5293993755279234e-05
ENSG00000159479	3.5283237340740385e-05
ENSG00000105063	3.527668726234983e-05
ENSG00000066136	3.5269502974341705e-05
ENSG00000178057	3.526100031732703e-05
ENSG00000196090	3.525735537921115e-05
ENSG00000196284	3.522557977709885e-05
ENSG00000197444	3.5223415955429746e-05
ENSG00000153162	3.521498557647969e-05
ENSG00000188021	3.5208939080027674e-05
ENSG00000288353	3.5201454712794684e-05
ENSG00000114638	3.518084750206365e-05
ENSG00000140259	3.516251328179309e-05
ENSG00000185515	3.513650060799086e-05
ENSG00000134900	3.512956031398917e-05
ENSG00000155959	3.51290004215097e-05
ENSG00000124479	3.511964155599692e-05
ENSG00000086848	3.511163119629085e-05
ENSG00000049246	3.5105606757747165e-05
ENSG00000010322	3.509239659466098e-05
ENSG00000117595	3.506649881677052e-05
ENSG00000174903	3.5055365269152716e-05
ENSG00000250565	3.505326164656607e-05
ENSG00000196646	3.504668382482155e-05
ENSG00000182158	3.504179331444876e-05
ENSG00000282958	3.503610025914481e-05
ENSG00000182389	3.503013189480151e-05
ENSG00000177301	3.5027297947528474e-05
ENSG00000111348	3.502232057018114e-05
ENSG00000160999	3.500811754041737e-05
ENSG00000105392	3.4996829448245224e-05
ENSG00000066654	3.4967486504729e-05
ENSG00000088256	3.4963449298469974e-05
ENSG00000141682	3.496277321374322e-05
ENSG00000110047	3.49453914981816e-05
ENSG00000130347	3.49423011387516e-05
ENSG00000115041	3.492905432911807e-05
ENSG00000198886	3.492797820936639e-05
ENSG00000169738	3.492093981752878e-05
ENSG00000135903	3.492086245342139e-05
ENSG00000118507	3.491108907875122e-05
ENSG00000288299	3.4907524515926674e-05
ENSG00000205356	3.490404450034395e-05
ENSG00000140564	3.4900286086950036e-05
ENSG00000109061	3.489834312131589e-05
ENSG00000162896	3.489118089378994e-05
ENSG00000147586	3.4888021904252726e-05
ENSG00000178184	3.4873353750806374e-05
ENSG00000164508	3.486689090839597e-05
ENSG00000143156	3.48639035477119e-05
ENSG00000106803	3.485524489472641e-05
ENSG00000161996	3.4846698437490356e-05
ENSG00000285348	3.4835876819668136e-05
ENSG00000182195	3.4829794508645345e-05
ENSG00000087152	3.4799516438148095e-05
ENSG00000119977	3.4786679630756473e-05
ENSG00000214413	3.4766098665632405e-05
ENSG00000143862	3.4729462496875574e-05
ENSG00000132664	3.472426617244505e-05
ENSG00000152969	3.4695805533074007e-05
ENSG00000129250	3.4691397923254606e-05
ENSG00000111445	3.46752897468034e-05
ENSG00000128242	3.466999049552574e-05
ENSG00000089091	3.466942523714196e-05
ENSG00000154845	3.46693609035315e-05
ENSG00000198945	3.4640555928777006e-05
ENSG00000101608	3.461771650793572e-05
ENSG00000138686	3.461581536136884e-05
ENSG00000182923	3.461317172890097e-05
ENSG00000205403	3.460705734100157e-05
ENSG00000153561	3.459971369489005e-05
ENSG00000137070	3.45922591071489e-05
ENSG00000112146	3.45888171942978e-05
ENSG00000112081	3.4587785171843795e-05
ENSG00000154803	3.4585112704828314e-05
ENSG00000154945	3.455656419278245e-05
ENSG00000069702	3.455522710101112e-05
ENSG00000099910	3.4518863660329076e-05
ENSG00000123505	3.451296158555252e-05
ENSG00000032742	3.449836419107963e-05
ENSG00000258839	3.449592979581113e-05
ENSG00000102230	3.447112752652636e-05
ENSG00000276072	3.444815309679239e-05
ENSG00000272047	3.4447069815507336e-05
ENSG00000001629	3.4445422369088814e-05
ENSG00000283802	3.443984110590973e-05
ENSG00000125510	3.4436469044136884e-05
ENSG00000125414	3.443228680030469e-05
ENSG00000167114	3.4427362782050895e-05
ENSG00000149485	3.440724784529797e-05
ENSG00000241697	3.4406692235470337e-05
ENSG00000118804	3.440342936220434e-05
ENSG00000014919	3.439957640425187e-05
ENSG00000171681	3.439850209504947e-05
ENSG00000060069	3.439764325939787e-05
ENSG00000088367	3.439437744193715e-05
ENSG00000170290	3.4394076754301594e-05
ENSG00000106809	3.439336293495987e-05
ENSG00000285443	3.4378429121396784e-05
ENSG00000162738	3.437405301652324e-05
ENSG00000122787	3.437313135134087e-05
ENSG00000185482	3.436880011088211e-05
ENSG00000110422	3.4360004866286244e-05
ENSG00000169641	3.435960613516488e-05
ENSG00000188613	3.435532709801236e-05
ENSG00000121940	3.434042954721618e-05
ENSG00000164118	3.43277596236488e-05
ENSG00000184787	3.4295479667354836e-05
ENSG00000162734	3.428963011129121e-05
ENSG00000158850	3.427821968093662e-05
ENSG00000213927	3.4271602673966164e-05
ENSG00000168522	3.42715272255647e-05
ENSG00000122873	3.426972871219774e-05
ENSG00000139549	3.425499703814583e-05
ENSG00000168314	3.424001280032751e-05
ENSG00000169379	3.419064140002854e-05
ENSG00000161634	3.4163448115110494e-05
ENSG00000111254	3.4094143909538436e-05
ENSG00000134759	3.406532406047786e-05
ENSG00000162999	3.405576344215043e-05
ENSG00000112531	3.405127989949497e-05
ENSG00000142669	3.404266899569334e-05
ENSG00000147724	3.404117300674429e-05
ENSG00000145191	3.403528196923138e-05
ENSG00000131013	3.4033282579583984e-05
ENSG00000117592	3.402820736202549e-05
ENSG00000187239	3.4009143501703155e-05
ENSG00000198727	3.400506473921296e-05
ENSG00000108106	3.4002553717994915e-05
ENSG00000160633	3.3996568094107256e-05
ENSG00000113196	3.3993922755418535e-05
ENSG00000172889	3.398838999707133e-05
ENSG00000204852	3.3968983187323166e-05
ENSG00000167034	3.3966711160896935e-05
ENSG00000091490	3.394353290644679e-05
ENSG00000130638	3.393470050048386e-05
ENSG00000011275	3.3922590822838005e-05
ENSG00000276787	3.3920827100177824e-05
ENSG00000149573	3.3914218525131896e-05
ENSG00000276644	3.389997315363014e-05
ENSG00000108474	3.389911455555815e-05
ENSG00000179886	3.385121337510447e-05
ENSG00000122884	3.3848500890280226e-05
ENSG00000104884	3.384143514999256e-05
ENSG00000198612	3.38232768496383e-05
ENSG00000101811	3.381330535684404e-05
ENSG00000142182	3.381085680046582e-05
ENSG00000115648	3.381050953554633e-05
ENSG00000143126	3.380255568484344e-05
ENSG00000185298	3.379581686553699e-05
ENSG00000154721	3.375990957882819e-05
ENSG00000108479	3.3750765041402184e-05
ENSG00000006453	3.375026190678674e-05
ENSG00000071553	3.374617124986423e-05
ENSG00000101306	3.374280888825916e-05
ENSG00000181896	3.373884817268966e-05
ENSG00000135124	3.372783629479804e-05
ENSG00000184270	3.3727044479877956e-05
ENSG00000284984	3.372561780780436e-05
ENSG00000100325	3.371885813375411e-05
ENSG00000132465	3.3711217748516676e-05
ENSG00000198908	3.370570390010013e-05
ENSG00000196220	3.368584885567015e-05
ENSG00000123473	3.366671241046807e-05
ENSG00000273859	3.366356559330731e-05
ENSG00000116128	3.3654990696118186e-05
ENSG00000108349	3.365225432797305e-05
ENSG00000288114	3.3647986101623085e-05
ENSG00000283060	3.363676210041781e-05
ENSG00000170899	3.363207782729669e-05
ENSG00000182253	3.363177656575227e-05
ENSG00000285281	3.362494282450208e-05
ENSG00000100916	3.360594187087354e-05
ENSG00000181092	3.3598262767321986e-05
ENSG00000054690	3.359026114177783e-05
ENSG00000148835	3.358209544342317e-05
ENSG00000196576	3.357195637106888e-05
ENSG00000115159	3.3570510849288414e-05
ENSG00000274497	3.3567219581313085e-05
ENSG00000101199	3.355072138009774e-05
ENSG00000134256	3.354369063410855e-05
ENSG00000027001	3.354114449406412e-05
ENSG00000138395	3.354011303759962e-05
ENSG00000130787	3.351930115422939e-05
ENSG00000000460	3.3513862006734685e-05
ENSG00000073734	3.351323563678538e-05
ENSG00000110057	3.350503042826538e-05
ENSG00000166049	3.349757313957186e-05
ENSG00000234704	3.34914083582168e-05
ENSG00000135966	3.348198792592049e-05
ENSG00000181817	3.3475172780671186e-05
ENSG00000107104	3.3473343129547585e-05
ENSG00000183048	3.347183169979742e-05
ENSG00000283068	3.346520423940333e-05
ENSG00000136636	3.346063095164662e-05
ENSG00000133706	3.344191926915554e-05
ENSG00000012124	3.343342016551663e-05
ENSG00000109101	3.343029201282223e-05
ENSG00000140986	3.342921353828551e-05
ENSG00000196569	3.342884436053003e-05
ENSG00000135919	3.341595334126897e-05
ENSG00000121769	3.341088422561229e-05
ENSG00000198873	3.3382006537570364e-05
ENSG00000110011	3.336938456970656e-05
ENSG00000091732	3.336589804512729e-05
ENSG00000144227	3.3337460282447664e-05
ENSG00000273529	3.332511029676769e-05
ENSG00000115241	3.32953222978551e-05
ENSG00000121440	3.3282800491066497e-05
ENSG00000137273	3.3279463221333705e-05
ENSG00000150361	3.3269472683626645e-05
ENSG00000155465	3.3266735743015404e-05
ENSG00000143013	3.326046692798847e-05
ENSG00000127564	3.3259078788273894e-05
ENSG00000221838	3.32532973729335e-05
ENSG00000198399	3.321719777283177e-05
ENSG00000177981	3.321556439239537e-05
ENSG00000062485	3.320777507974138e-05
ENSG00000137474	3.319058984592848e-05
ENSG00000170890	3.318958879179686e-05
ENSG00000152601	3.3181942738033566e-05
ENSG00000059728	3.3147054087313986e-05
ENSG00000158473	3.31333832401439e-05
ENSG00000145920	3.3130437269586774e-05
ENSG00000188375	3.312691259982217e-05
ENSG00000106852	3.31196289273719e-05
ENSG00000168710	3.311489942129032e-05
ENSG00000089022	3.310620436228729e-05
ENSG00000140543	3.3069537746840524e-05
ENSG00000104369	3.306398087711239e-05
ENSG00000267796	3.306296294336139e-05
ENSG00000132824	3.305203643833187e-05
ENSG00000145391	3.3047297556655934e-05
ENSG00000137976	3.303817998213769e-05
ENSG00000168495	3.302445087347365e-05
ENSG00000176208	3.30222721276453e-05
ENSG00000180233	3.301528253397096e-05
ENSG00000162852	3.300512607053997e-05
ENSG00000167925	3.299616843095921e-05
ENSG00000184979	3.297906154128613e-05
ENSG00000099994	3.297878928594513e-05
ENSG00000163166	3.2969670925195706e-05
ENSG00000169427	3.296821489236459e-05
ENSG00000152457	3.296087642190808e-05
ENSG00000114200	3.293820863909342e-05
ENSG00000132437	3.292188275729379e-05
ENSG00000257923	3.290897646659011e-05
ENSG00000138385	3.290702953103756e-05
ENSG00000138835	3.290295109420013e-05
ENSG00000163736	3.2892267101882695e-05
ENSG00000162630	3.289054893320299e-05
ENSG00000084073	3.28711683298492e-05
ENSG00000163518	3.2857862371649616e-05
ENSG00000129173	3.2856780701577704e-05
ENSG00000133657	3.284205093308334e-05
ENSG00000085117	3.283799573883092e-05
ENSG00000198000	3.2835056863850705e-05
ENSG00000011201	3.282069012711045e-05
ENSG00000105993	3.281802616108354e-05
ENSG00000006704	3.279800664624991e-05
ENSG00000124664	3.2785722421175214e-05
ENSG00000163170	3.278262879581456e-05
ENSG00000105426	3.278193168559649e-05
ENSG00000143153	3.276773393777331e-05
ENSG00000108469	3.276189042855962e-05
ENSG00000088002	3.275096949274352e-05
ENSG00000167508	3.274161777521966e-05
ENSG00000282986	3.2726699995260776e-05
ENSG00000157766	3.271897538977051e-05
ENSG00000108091	3.271268143499248e-05
ENSG00000105357	3.270407499772969e-05
ENSG00000176788	3.2698971755350684e-05
ENSG00000115207	3.267207807023895e-05
ENSG00000049323	3.2667998095030355e-05
ENSG00000112877	3.2637684177455006e-05
ENSG00000085382	3.263228695301907e-05
ENSG00000118508	3.263020762089214e-05
ENSG00000166986	3.2591805301530165e-05
ENSG00000082641	3.258770074432843e-05
ENSG00000113456	3.2584303067794675e-05
ENSG00000004660	3.253052999775418e-05
ENSG00000111181	3.252948580671842e-05
ENSG00000167751	3.25053543947301e-05
ENSG00000047936	3.2504367378604344e-05
ENSG00000135828	3.250304327041107e-05
ENSG00000078246	3.249861141736482e-05
ENSG00000183340	3.247911497598866e-05
ENSG00000182901	3.24681068388391e-05
ENSG00000284944	3.2447713202147374e-05
ENSG00000151577	3.244671247409951e-05
ENSG00000120694	3.24463173295921e-05
ENSG00000111786	3.243740790705815e-05
ENSG00000084234	3.2423293970305e-05
ENSG00000126218	3.2411857106485854e-05
ENSG00000170638	3.241169693827104e-05
ENSG00000188624	3.2396286917098695e-05
ENSG00000067836	3.239082407197159e-05
ENSG00000213398	3.238845393823973e-05
ENSG00000170145	3.238814565524998e-05
ENSG00000120729	3.237837036290632e-05
ENSG00000059758	3.237705450475043e-05
ENSG00000073711	3.236258304499631e-05
ENSG00000103365	3.2357860971559335e-05
ENSG00000124532	3.2346667275801845e-05
ENSG00000138119	3.234634535389207e-05
ENSG00000155508	3.234582223580706e-05
ENSG00000225830	3.23435978477037e-05
ENSG00000139645	3.230927622371748e-05
ENSG00000274736	3.230430758639755e-05
ENSG00000010803	3.2299746405604116e-05
ENSG00000141378	3.229773725420782e-05
ENSG00000130827	3.2295969001520504e-05
ENSG00000221829	3.22887754015593e-05
ENSG00000241839	3.225800573353025e-05
ENSG00000110237	3.2237800943427883e-05
ENSG00000076641	3.223654152228364e-05
ENSG00000083093	3.2217982150317265e-05
ENSG00000146282	3.217900352448866e-05
ENSG00000197702	3.216858481870718e-05
ENSG00000163867	3.216400508739965e-05
ENSG00000186625	3.216289356349613e-05
ENSG00000285248	3.215946167516922e-05
ENSG00000262418	3.2150772985231815e-05
ENSG00000126368	3.214703461672312e-05
ENSG00000130714	3.212811400789952e-05
ENSG00000182871	3.212767965665633e-05
ENSG00000183828	3.210652673442824e-05
ENSG00000107672	3.2097947813654935e-05
ENSG00000136709	3.20894810992913e-05
ENSG00000104228	3.208031248498257e-05
ENSG00000125812	3.20711928241506e-05
ENSG00000205542	3.206645086765649e-05
ENSG00000110786	3.2053364993040836e-05
ENSG00000166046	3.204756401509734e-05
ENSG00000112293	3.2019606056125945e-05
ENSG00000172116	3.201388422411989e-05
ENSG00000143155	3.200325308998207e-05
ENSG00000163938	3.200304679083149e-05
ENSG00000186635	3.199790065290594e-05
ENSG00000109686	3.1987888949535934e-05
ENSG00000124802	3.197672579842446e-05
ENSG00000169851	3.196458370865272e-05
ENSG00000125814	3.1946126011344705e-05
ENSG00000125977	3.194600512950321e-05
ENSG00000273889	3.1934857291139035e-05
ENSG00000197893	3.1886054772455044e-05
ENSG00000100294	3.1881786242691296e-05
ENSG00000101639	3.18719494937794e-05
ENSG00000122966	3.185979110060332e-05
ENSG00000169955	3.1826029063825514e-05
ENSG00000157927	3.182349868355268e-05
ENSG00000120837	3.182263204343301e-05
ENSG00000108511	3.1811096146625584e-05
ENSG00000213999	3.180833031376084e-05
ENSG00000165219	3.1807165492440615e-05
ENSG00000256223	3.180460180344644e-05
ENSG00000101441	3.18040264804106e-05
ENSG00000140682	3.1803483827309366e-05
ENSG00000236826	3.179638632157819e-05
ENSG00000143553	3.177625303110162e-05
ENSG00000102225	3.177257628774157e-05
ENSG00000075914	3.1768994095149844e-05
ENSG00000107331	3.176747224936524e-05
ENSG00000141542	3.174634202663073e-05
ENSG00000125817	3.1729932814474603e-05
ENSG00000161036	3.172204629981794e-05
ENSG00000105887	3.1717342309248805e-05
ENSG00000175895	3.1712402760436646e-05
ENSG00000152700	3.1704360231023796e-05
ENSG00000170448	3.169977648317844e-05
ENSG00000100994	3.16980347280557e-05
ENSG00000161896	3.1684249178376585e-05
ENSG00000124784	3.1668624866087864e-05
ENSG00000135333	3.166805318218927e-05
ENSG00000174429	3.1660216323458575e-05
ENSG00000075142	3.1642552955694816e-05
ENSG00000128573	3.163720690554557e-05
ENSG00000144909	3.1633655789564044e-05
ENSG00000087086	3.161287166961959e-05
ENSG00000144824	3.1605740322127176e-05
ENSG00000070371	3.159718228489795e-05
ENSG00000102316	3.157368145241844e-05
ENSG00000091640	3.157066759699385e-05
ENSG00000102172	3.157061586139986e-05
ENSG00000171729	3.1549771412007296e-05
ENSG00000159259	3.1543151477525916e-05
ENSG00000103966	3.15425090304022e-05
ENSG00000178567	3.1536553253955755e-05
ENSG00000102034	3.15249185390825e-05
ENSG00000183258	3.1524116493543895e-05
ENSG00000111860	3.152289264263506e-05
ENSG00000197971	3.1498576693298254e-05
ENSG00000092621	3.149735588860902e-05
ENSG00000163092	3.1494571434313456e-05
ENSG00000165887	3.149266902512384e-05
ENSG00000159399	3.14618499531785e-05
ENSG00000049283	3.1443103144324926e-05
ENSG00000161847	3.144135251928744e-05
ENSG00000100749	3.141698933591732e-05
ENSG00000125999	3.141050747982589e-05
ENSG00000072042	3.140498540531341e-05
ENSG00000108963	3.1398615696538254e-05
ENSG00000132294	3.1393535710951696e-05
ENSG00000138182	3.1382323257059086e-05
ENSG00000165572	3.1379062861088424e-05
ENSG00000138495	3.1374609425352184e-05
ENSG00000183092	3.1353804063236446e-05
ENSG00000276011	3.135241924197724e-05
ENSG00000197858	3.134542844962655e-05
ENSG00000139190	3.134329630215461e-05
ENSG00000143365	3.132913647009584e-05
ENSG00000128886	3.132835875480576e-05
ENSG00000189058	3.130671506702206e-05
ENSG00000080618	3.128527366656265e-05
ENSG00000063601	3.127870022706301e-05
ENSG00000142657	3.127275990699443e-05
ENSG00000225950	3.124108613880943e-05
ENSG00000077514	3.124015732989374e-05
ENSG00000064666	3.1237352693966046e-05
ENSG00000079739	3.122323148370164e-05
ENSG00000078269	3.122216007350185e-05
ENSG00000167123	3.1218134899151886e-05
ENSG00000008083	3.1207803328856474e-05
ENSG00000074590	3.1195013664583424e-05
ENSG00000122970	3.1173337546970756e-05
ENSG00000188895	3.1159418885609695e-05
ENSG00000197451	3.114690039549627e-05
ENSG00000154319	3.113695111846593e-05
ENSG00000154127	3.1133163388388846e-05
ENSG00000213625	3.1085093628432594e-05
ENSG00000196743	3.1081037959694466e-05
ENSG00000130382	3.1079247025377176e-05
ENSG00000196839	3.107413048099834e-05
ENSG00000187955	3.107342668176029e-05
ENSG00000163806	3.1068796932900044e-05
ENSG00000132792	3.106522807730986e-05
ENSG00000165688	3.1050715199052395e-05
ENSG00000189367	3.10417201377826e-05
ENSG00000111667	3.103912511446055e-05
ENSG00000111450	3.103364301983466e-05
ENSG00000123411	3.1029216300204504e-05
ENSG00000204138	3.1009763903144755e-05
ENSG00000227746	3.100590402808352e-05
ENSG00000103152	3.1000069988776765e-05
ENSG00000139151	3.094600478323595e-05
ENSG00000165476	3.094459149215083e-05
ENSG00000143333	3.0930663511254366e-05
ENSG00000178234	3.0920266116123504e-05
ENSG00000154370	3.0914885436493144e-05
ENSG00000148843	3.091104324273124e-05
ENSG00000166828	3.0899607431098805e-05
ENSG00000078618	3.089113650447161e-05
ENSG00000213930	3.088175685815525e-05
ENSG00000143390	3.086855293834329e-05
ENSG00000131507	3.0865539591970596e-05
ENSG00000120937	3.0862416962111394e-05
ENSG00000124641	3.0856651578693883e-05
ENSG00000100162	3.085056367182497e-05
ENSG00000137776	3.0837982451029075e-05
ENSG00000273514	3.083562447791061e-05
ENSG00000164970	3.082526615411327e-05
ENSG00000156219	3.077984695630327e-05
ENSG00000034971	3.077872446940095e-05
ENSG00000085760	3.076171127642788e-05
ENSG00000128276	3.075901451609328e-05
ENSG00000108578	3.07401234041874e-05
ENSG00000274290	3.073520600423278e-05
ENSG00000039319	3.0725127115860645e-05
ENSG00000138398	3.0723159848945614e-05
ENSG00000127743	3.071972013846519e-05
ENSG00000119689	3.069672666253409e-05
ENSG00000144021	3.0689946808983026e-05
ENSG00000110200	3.068619403377954e-05
ENSG00000182179	3.068330050307157e-05
ENSG00000167654	3.066359041083916e-05
ENSG00000135900	3.065627642904462e-05
ENSG00000116688	3.064275778445808e-05
ENSG00000113460	3.062767379538293e-05
ENSG00000147536	3.0625176346774476e-05
ENSG00000114686	3.0624638331959126e-05
ENSG00000169062	3.061316009974728e-05
ENSG00000101052	3.0610446571749686e-05
ENSG00000090447	3.060144826935672e-05
ENSG00000160505	3.059881999643984e-05
ENSG00000186416	3.058844133375272e-05
ENSG00000152467	3.0563938261911726e-05
ENSG00000147894	3.056344918527001e-05
ENSG00000118900	3.0543739390617264e-05
ENSG00000129204	3.054332594464367e-05
ENSG00000070501	3.0537855888969645e-05
ENSG00000130147	3.0513479743410993e-05
ENSG00000119684	3.0510412965755936e-05
ENSG00000221926	3.0494566754308526e-05
ENSG00000141052	3.0489242545040613e-05
ENSG00000133639	3.0457571798750377e-05
ENSG00000105576	3.044592809051341e-05
ENSG00000121417	3.0435531199070454e-05
ENSG00000139572	3.0434691172523522e-05
ENSG00000117682	3.0433330480645696e-05
ENSG00000068120	3.042267519445107e-05
ENSG00000285069	3.041993331567918e-05
ENSG00000213339	3.0414390710499507e-05
ENSG00000140284	3.0413280671884868e-05
ENSG00000176046	3.0409359135390873e-05
ENSG00000134480	3.039720741789171e-05
ENSG00000274768	3.0396836720268038e-05
ENSG00000163755	3.0386142982046078e-05
ENSG00000123810	3.03856742088503e-05
ENSG00000280951	3.0374666728601203e-05
ENSG00000084754	3.0369591206161304e-05
ENSG00000180185	3.0368833372306586e-05
ENSG00000118246	3.036711264094685e-05
ENSG00000134453	3.0363476716104635e-05
ENSG00000152147	3.0352666203377376e-05
ENSG00000116649	3.033325038941871e-05
ENSG00000165501	3.0328297316305807e-05
ENSG00000187091	3.0315104634416793e-05
ENSG00000196263	3.0307932792562558e-05
ENSG00000064601	3.0235621067653602e-05
ENSG00000164062	3.0234674172661316e-05
ENSG00000132388	3.0230152706147976e-05
ENSG00000178462	3.0212588670613203e-05
ENSG00000101150	3.0207490112032512e-05
ENSG00000137409	3.018908361289019e-05
ENSG00000130748	3.0150793566676053e-05
ENSG00000225590	3.0103920303774356e-05
ENSG00000151148	3.0094965228551675e-05
ENSG00000243279	3.0091482073029763e-05
ENSG00000183434	3.008975578233311e-05
ENSG00000164073	3.008507100497777e-05
ENSG00000112110	3.0081693626188674e-05
ENSG00000143753	3.007588218147377e-05
ENSG00000118985	3.007511821799223e-05
ENSG00000276175	3.0055974584053856e-05
ENSG00000163527	3.0052457326110537e-05
ENSG00000114854	3.0049010523611205e-05
ENSG00000185963	3.0045919645662284e-05
ENSG00000107282	3.0028440071123332e-05
ENSG00000084110	3.0023540230801913e-05
ENSG00000149179	3.002139521474025e-05
ENSG00000114999	2.9999658628633998e-05
ENSG00000160410	2.9989083600189048e-05
ENSG00000129562	2.9978455526174175e-05
ENSG00000002745	2.9977933841243802e-05
ENSG00000135525	2.9971619100791183e-05
ENSG00000129534	2.9965438448241518e-05
ENSG00000205476	2.994759814342332e-05
ENSG00000138829	2.9941896748783927e-05
ENSG00000127526	2.994003148639161e-05
ENSG00000146143	2.991231564772135e-05
ENSG00000005889	2.9911198978212737e-05
ENSG00000165192	2.9891273042071085e-05
ENSG00000171824	2.988578978988352e-05
ENSG00000175324	2.9883846590759794e-05
ENSG00000170049	2.988334697586101e-05
ENSG00000108759	2.9872101712705693e-05
ENSG00000253293	2.9872031383337533e-05
ENSG00000162493	2.986876357778763e-05
ENSG00000134758	2.9834515698608758e-05
ENSG00000176641	2.9819356176589982e-05
ENSG00000198523	2.980703795030662e-05
ENSG00000135083	2.980537329229065e-05
ENSG00000151292	2.9799716892050183e-05
ENSG00000112130	2.9793518000050044e-05
ENSG00000274211	2.9792079465128432e-05
ENSG00000102468	2.9787581405958315e-05
ENSG00000163913	2.9785353144111647e-05
ENSG00000120549	2.9775935384602872e-05
ENSG00000149257	2.977579916053897e-05
ENSG00000175193	2.977378092350751e-05
ENSG00000107815	2.9758781196838465e-05
ENSG00000134216	2.974699155306909e-05
ENSG00000123570	2.973223286618822e-05
ENSG00000169621	2.9723186125888864e-05
ENSG00000165175	2.9720664639636405e-05
ENSG00000117475	2.971971758161035e-05
ENSG00000164296	2.971608108380466e-05
ENSG00000174516	2.970825004450531e-05
ENSG00000198876	2.970145208805945e-05
ENSG00000174238	2.969687979952755e-05
ENSG00000165891	2.9695170532809173e-05
ENSG00000253276	2.969242917876715e-05
ENSG00000105552	2.9671168047523153e-05
ENSG00000133195	2.96695675429486e-05
ENSG00000011295	2.964421542518833e-05
ENSG00000188827	2.9635949042638317e-05
ENSG00000099992	2.9623106014084905e-05
ENSG00000278284	2.9614889141896125e-05
ENSG00000185340	2.9612316946562668e-05
ENSG00000129460	2.9609487756970942e-05
ENSG00000178078	2.9606446386647726e-05
ENSG00000117385	2.9605756171592158e-05
ENSG00000005471	2.9598297682745577e-05
ENSG00000156831	2.9587052971079576e-05
ENSG00000182544	2.9583880716860868e-05
ENSG00000011332	2.9567581142461176e-05
ENSG00000111554	2.956537049122514e-05
ENSG00000132781	2.9529343446291305e-05
ENSG00000141161	2.9523825701611277e-05
ENSG00000139372	2.9520416872719872e-05
ENSG00000117751	2.9513355137569065e-05
ENSG00000166012	2.9498177616981132e-05
ENSG00000106078	2.9485999215883896e-05
ENSG00000144118	2.948076739231917e-05
ENSG00000231314	2.946921946253657e-05
ENSG00000124496	2.946896113899956e-05
ENSG00000189046	2.944743580955749e-05
ENSG00000158796	2.9446590767010014e-05
ENSG00000144791	2.9440707500089512e-05
ENSG00000079785	2.9438739649148365e-05
ENSG00000054983	2.942005278690176e-05
ENSG00000125898	2.9413633812433633e-05
ENSG00000185053	2.941311200679956e-05
ENSG00000133216	2.9410567413674204e-05
ENSG00000132329	2.937210881266945e-05
ENSG00000165661	2.9370938940936593e-05
ENSG00000060982	2.9359934249523122e-05
ENSG00000114631	2.9338627445146498e-05
ENSG00000105656	2.9337601894667527e-05
ENSG00000168488	2.932386456505864e-05
ENSG00000126858	2.932144121654464e-05
ENSG00000105722	2.9307765868723074e-05
ENSG00000099139	2.9299481743317257e-05
ENSG00000196182	2.9298519250906588e-05
ENSG00000166971	2.9295136452810246e-05
ENSG00000110075	2.9286529339058687e-05
ENSG00000276825	2.92750496261359e-05
ENSG00000128708	2.9274219915230206e-05
ENSG00000119899	2.926655694906695e-05
ENSG00000184445	2.926557651884194e-05
ENSG00000102931	2.924030530900485e-05
ENSG00000144029	2.9228441287833015e-05
ENSG00000172053	2.922547646508738e-05
ENSG00000196811	2.9213567356802936e-05
ENSG00000132141	2.9213128902638122e-05
ENSG00000117859	2.9209909310170188e-05
ENSG00000137054	2.9206534210072782e-05
ENSG00000181027	2.9191576559429823e-05
ENSG00000182606	2.91743778631847e-05
ENSG00000043591	2.917240648348967e-05
ENSG00000174915	2.9166256431823744e-05
ENSG00000112312	2.9160944589500245e-05
ENSG00000288145	2.914019695199113e-05
ENSG00000100263	2.9126109267957484e-05
ENSG00000130226	2.91210002570864e-05
ENSG00000143924	2.9120734304894653e-05
ENSG00000275568	2.9109734687601638e-05
ENSG00000106524	2.9101404421964536e-05
ENSG00000125861	2.9095443663042616e-05
ENSG00000126216	2.909466021982811e-05
ENSG00000109111	2.909080950442276e-05
ENSG00000077279	2.9082231954896266e-05
ENSG00000197312	2.907891961780743e-05
ENSG00000188033	2.9066472390548715e-05
ENSG00000135312	2.9052942921518317e-05
ENSG00000133740	2.905293466656506e-05
ENSG00000132128	2.9025807937312007e-05
ENSG00000239961	2.9021395841298225e-05
ENSG00000198353	2.9018206142463985e-05
ENSG00000164512	2.898617295857748e-05
ENSG00000180902	2.8977738867903676e-05
ENSG00000101204	2.89742424898369e-05
ENSG00000141527	2.897087373361644e-05
ENSG00000275221	2.8970543001187304e-05
ENSG00000148444	2.896314554462723e-05
ENSG00000140836	2.8956399991511828e-05
ENSG00000163754	2.8935401929437767e-05
ENSG00000152056	2.8935233857464894e-05
ENSG00000100504	2.8929560731281903e-05
ENSG00000138942	2.8927349812527343e-05
ENSG00000185432	2.892048848879722e-05
ENSG00000132530	2.891359228379442e-05
ENSG00000233822	2.8891668668112232e-05
ENSG00000168887	2.8888932163093437e-05
ENSG00000131503	2.8880278850365424e-05
ENSG00000167191	2.884238389731017e-05
ENSG00000188848	2.884152546315941e-05
ENSG00000152767	2.8841187792484627e-05
ENSG00000178773	2.8830984800609252e-05
ENSG00000077063	2.8814121681339855e-05
ENSG00000119787	2.8799834646672208e-05
ENSG00000102575	2.8797288329279827e-05
ENSG00000282954	2.8785749947697987e-05
ENSG00000173821	2.8781298811329444e-05
ENSG00000173175	2.8779798089043373e-05
ENSG00000143222	2.8767693219237165e-05
ENSG00000166974	2.87598127538509e-05
ENSG00000171109	2.8751768731715917e-05
ENSG00000198763	2.8749984866954197e-05
ENSG00000274726	2.8735068802510254e-05
ENSG00000139946	2.8719290239965187e-05
ENSG00000171425	2.8698493982938785e-05
ENSG00000075415	2.8692808145635405e-05
ENSG00000149313	2.8685380418244907e-05
ENSG00000184277	2.8685244249306467e-05
ENSG00000169223	2.8674537296850675e-05
ENSG00000077157	2.8670736730076076e-05
ENSG00000198336	2.8665270553581547e-05
ENSG00000162769	2.8656451810733688e-05
ENSG00000100380	2.8654447933494875e-05
ENSG00000105438	2.8640364741848937e-05
ENSG00000275911	2.862242293619988e-05
ENSG00000116604	2.8621841225991904e-05
ENSG00000158571	2.8613438194515645e-05
ENSG00000099810	2.8602850624843595e-05
ENSG00000103202	2.857895236812331e-05
ENSG00000103942	2.8562334750711155e-05
ENSG00000137094	2.855945095626152e-05
ENSG00000116731	2.8556766779843317e-05
ENSG00000141458	2.8554168674502796e-05
ENSG00000156886	2.854484613486819e-05
ENSG00000104870	2.853281735593424e-05
ENSG00000160191	2.8523896435753866e-05
ENSG00000160917	2.852371213598626e-05
ENSG00000069011	2.849776945656969e-05
ENSG00000135336	2.8450794770587443e-05
ENSG00000187257	2.8445191927758035e-05
ENSG00000160862	2.8443710699405178e-05
ENSG00000138771	2.843562989307117e-05
ENSG00000276293	2.8430053637877326e-05
ENSG00000111196	2.8419621632868468e-05
ENSG00000155100	2.841519358007175e-05
ENSG00000162645	2.8414924280599075e-05
ENSG00000135902	2.8414791609166434e-05
ENSG00000288474	2.8388024397535343e-05
ENSG00000198554	2.838138830249687e-05
ENSG00000179604	2.8373014569377356e-05
ENSG00000122574	2.8364824901762405e-05
ENSG00000178307	2.835373244106648e-05
ENSG00000158301	2.8346580063774025e-05
ENSG00000090615	2.8340126587606547e-05
ENSG00000130309	2.83334188492069e-05
ENSG00000116285	2.8317692886336733e-05
ENSG00000055044	2.830587058404301e-05
ENSG00000187554	2.830578911397024e-05
ENSG00000070540	2.8296391061534427e-05
ENSG00000160741	2.829271502477029e-05
ENSG00000164576	2.8285324489544888e-05
ENSG00000138175	2.8283610895918836e-05
ENSG00000164440	2.8279740267711562e-05
ENSG00000042493	2.8269508887508484e-05
ENSG00000188559	2.8262376168126245e-05
ENSG00000104093	2.8249268801723535e-05
ENSG00000081692	2.8249038678368793e-05
ENSG00000155897	2.8248628936104495e-05
ENSG00000129518	2.8238052189176313e-05
ENSG00000166862	2.822657433204254e-05
ENSG00000240694	2.8212543200370257e-05
ENSG00000158169	2.8207861037712348e-05
ENSG00000132323	2.8202808972269058e-05
ENSG00000100412	2.820072081269469e-05
ENSG00000130528	2.8199438299419452e-05
ENSG00000156983	2.819662631959364e-05
ENSG00000157734	2.818324441399557e-05
ENSG00000102786	2.817793918451208e-05
ENSG00000145358	2.8176615354406064e-05
ENSG00000276799	2.816927392512841e-05
ENSG00000105983	2.8164892199197196e-05
ENSG00000108771	2.8156532257087244e-05
ENSG00000164332	2.8124731526166943e-05
ENSG00000133318	2.8123167512680767e-05
ENSG00000148377	2.809854348425668e-05
ENSG00000147081	2.8084155078165333e-05
ENSG00000110906	2.80741155770631e-05
ENSG00000241484	2.807296519946999e-05
ENSG00000172348	2.8069703751549984e-05
ENSG00000126107	2.8068185359819548e-05
ENSG00000166171	2.805244850513815e-05
ENSG00000112214	2.8051175508031895e-05
ENSG00000198938	2.8049271356852765e-05
ENSG00000186187	2.8043056481472103e-05
ENSG00000189308	2.8023392755109742e-05
ENSG00000125257	2.801984502712523e-05
ENSG00000086991	2.7999365762849503e-05
ENSG00000151687	2.798275539496028e-05
ENSG00000132661	2.7979136585066192e-05
ENSG00000165821	2.795324058586248e-05
ENSG00000125148	2.7940598037169956e-05
ENSG00000144161	2.79270049368348e-05
ENSG00000203737	2.7917773443607074e-05
ENSG00000188257	2.791587720595589e-05
ENSG00000169760	2.7907255739422815e-05
ENSG00000149115	2.7907198529911517e-05
ENSG00000135698	2.7904644990690695e-05
ENSG00000057657	2.789516618897479e-05
ENSG00000164609	2.788916732335106e-05
ENSG00000177084	2.7881286431676022e-05
ENSG00000133083	2.787980285508761e-05
ENSG00000103148	2.7876431644666064e-05
ENSG00000100473	2.7865665250236512e-05
ENSG00000248485	2.7854711411803058e-05
ENSG00000100077	2.7854393258751872e-05
ENSG00000175970	2.784557470401106e-05
ENSG00000173320	2.784052598995752e-05
ENSG00000171466	2.782188382554953e-05
ENSG00000057019	2.781878382410219e-05
ENSG00000158769	2.7818030880475277e-05
ENSG00000265491	2.7812734514710936e-05
ENSG00000059588	2.780065796758722e-05
ENSG00000285032	2.7798787436228524e-05
ENSG00000283859	2.779767552599418e-05
ENSG00000185127	2.7790136263491305e-05
ENSG00000140403	2.778012632694141e-05
ENSG00000136867	2.7779926564316185e-05
ENSG00000213337	2.7776525102288613e-05
ENSG00000047634	2.7773094900055516e-05
ENSG00000214114	2.776882264879533e-05
ENSG00000176407	2.776074947905957e-05
ENSG00000090971	2.7750378631236763e-05
ENSG00000180340	2.77429454451937e-05
ENSG00000155926	2.77259872442247e-05
ENSG00000168301	2.7718111138521e-05
ENSG00000243156	2.7717179813180952e-05
ENSG00000137806	2.7702466011301633e-05
ENSG00000147869	2.7701273950393662e-05
ENSG00000169435	2.769544396217459e-05
ENSG00000153956	2.768350989706902e-05
ENSG00000185608	2.7663662771198433e-05
ENSG00000155906	2.7652997890932676e-05
ENSG00000175115	2.7647929509426217e-05
ENSG00000117632	2.7639657711544174e-05
ENSG00000060339	2.7608161238019427e-05
ENSG00000108861	2.7596409666857056e-05
ENSG00000011376	2.7593152587106733e-05
ENSG00000147874	2.7583514071380215e-05
ENSG00000089048	2.7573265907374907e-05
ENSG00000140939	2.7570875789893452e-05
ENSG00000169031	2.7566090936917806e-05
ENSG00000171316	2.755697936219391e-05
ENSG00000127463	2.755473614216646e-05
ENSG00000179046	2.7531089585482205e-05
ENSG00000116199	2.7521356929143505e-05
ENSG00000196616	2.7508356381878714e-05
ENSG00000221821	2.7493901461033447e-05
ENSG00000173334	2.7489752998856957e-05
ENSG00000189195	2.748566195217238e-05
ENSG00000110274	2.7485006889980027e-05
ENSG00000137166	2.745156092194667e-05
ENSG00000227317	2.7443933013321328e-05
ENSG00000107679	2.7431449992551924e-05
ENSG00000105696	2.7430042906402898e-05
ENSG00000173928	2.7426753607417082e-05
ENSG00000237808	2.742330281352435e-05
ENSG00000141232	2.741730742026334e-05
ENSG00000165494	2.740500205781405e-05
ENSG00000163209	2.7396147431526473e-05
ENSG00000167232	2.7386403438873117e-05
ENSG00000134575	2.7374410240325345e-05
ENSG00000100330	2.7370251435936874e-05
ENSG00000171189	2.735494552747227e-05
ENSG00000114554	2.7354154525230694e-05
ENSG00000177238	2.7353759422576027e-05
ENSG00000146066	2.734253003731146e-05
ENSG00000185896	2.7318611371237413e-05
ENSG00000182175	2.7303430358003085e-05
ENSG00000111615	2.730174232133265e-05
ENSG00000168447	2.7300764044995352e-05
ENSG00000118194	2.7297538182709304e-05
ENSG00000138039	2.7280299705066713e-05
ENSG00000106609	2.7279192589768065e-05
ENSG00000241973	2.7279168966761224e-05
ENSG00000171060	2.727410286330623e-05
ENSG00000181418	2.7264159672035697e-05
ENSG00000139620	2.7263371624618678e-05
ENSG00000197746	2.7261027144230577e-05
ENSG00000110880	2.725521449742498e-05
ENSG00000033178	2.724663771547941e-05
ENSG00000067704	2.7244987181931647e-05
ENSG00000080802	2.7235822624869075e-05
ENSG00000129226	2.7232521429967034e-05
ENSG00000169180	2.7223010693597294e-05
ENSG00000176887	2.716983483515111e-05
ENSG00000262845	2.7161809617647717e-05
ENSG00000180304	2.7136335993984367e-05
ENSG00000176619	2.713533051221954e-05
ENSG00000108733	2.7132463948027542e-05
ENSG00000185883	2.7123948870534606e-05
ENSG00000112339	2.7121515082644604e-05
ENSG00000134108	2.710566783965106e-05
ENSG00000135249	2.710067106353206e-05
ENSG00000166603	2.7094211689043744e-05
ENSG00000170540	2.70938445795018e-05
ENSG00000165410	2.708670476219334e-05
ENSG00000171522	2.708356099463842e-05
ENSG00000124535	2.7073554793636622e-05
ENSG00000110148	2.7062457637084325e-05
ENSG00000120149	2.7061840839367413e-05
ENSG00000113269	2.7058982941900316e-05
ENSG00000255112	2.705236641919524e-05
ENSG00000132326	2.7047913842574065e-05
ENSG00000146926	2.7034111766484802e-05
ENSG00000079931	2.7033126606627414e-05
ENSG00000133872	2.703012896357195e-05
ENSG00000150625	2.7026540559393778e-05
ENSG00000001630	2.7019788268338512e-05
ENSG00000107159	2.7014262395402965e-05
ENSG00000123983	2.700422282327753e-05
ENSG00000166562	2.698115926454192e-05
ENSG00000115541	2.6979992448769586e-05
ENSG00000110514	2.6976935455980704e-05
ENSG00000167625	2.6970372505875532e-05
ENSG00000106460	2.696468650662593e-05
ENSG00000108829	2.6938531360247796e-05
ENSG00000147614	2.693382753153683e-05
ENSG00000117481	2.6924755336982314e-05
ENSG00000134769	2.691882038239889e-05
ENSG00000146085	2.6918334518766286e-05
ENSG00000182950	2.691826855864609e-05
ENSG00000138101	2.6907384275009862e-05
ENSG00000276838	2.6899219728828975e-05
ENSG00000102780	2.6887427687490832e-05
ENSG00000188153	2.688602604375471e-05
ENSG00000064835	2.6874138526253816e-05
ENSG00000288611	2.685965627765188e-05
ENSG00000173080	2.685965627765188e-05
ENSG00000265681	2.6858315135927335e-05
ENSG00000164251	2.68562811083814e-05
ENSG00000120539	2.685568847048576e-05
ENSG00000129255	2.685129628831168e-05
ENSG00000197111	2.6849929749707128e-05
ENSG00000182795	2.682032302836115e-05
ENSG00000100299	2.6806693545707007e-05
ENSG00000073417	2.6802699299740214e-05
ENSG00000166165	2.6786125290828897e-05
ENSG00000108010	2.678477067363246e-05
ENSG00000177432	2.674198869970131e-05
ENSG00000099901	2.6738510338613105e-05
ENSG00000135722	2.6720042821065526e-05
ENSG00000133246	2.6715633438953587e-05
ENSG00000005100	2.671220029149948e-05
ENSG00000103495	2.6711462889340975e-05
ENSG00000071626	2.6708525846412135e-05
ENSG00000165684	2.6702308876857982e-05
ENSG00000197283	2.6700601267738095e-05
ENSG00000174010	2.6699100716322855e-05
ENSG00000009830	2.6680510169352858e-05
ENSG00000204060	2.6679867238120197e-05
ENSG00000164828	2.667706567198642e-05
ENSG00000153933	2.6675977267773305e-05
ENSG00000164402	2.667428201090663e-05
ENSG00000075975	2.6670765287987495e-05
ENSG00000137962	2.666474058669155e-05
ENSG00000197265	2.665816202439386e-05
ENSG00000123415	2.665293637414471e-05
ENSG00000184857	2.6640094999878084e-05
ENSG00000159173	2.663615676501789e-05
ENSG00000104805	2.6626627193020253e-05
ENSG00000137831	2.6620422961677908e-05
ENSG00000101882	2.661233336673322e-05
ENSG00000131149	2.6611824009195865e-05
ENSG00000125124	2.6610405879371553e-05
ENSG00000100479	2.6595423085330423e-05
ENSG00000177879	2.656388695992494e-05
ENSG00000166025	2.6551034753522207e-05
ENSG00000115866	2.6545209479658128e-05
ENSG00000135587	2.65299318016619e-05
ENSG00000178096	2.6515751594000855e-05
ENSG00000262826	2.6515648056665185e-05
ENSG00000124102	2.6514893927638846e-05
ENSG00000142065	2.6496949471899315e-05
ENSG00000147400	2.6494365742020167e-05
ENSG00000140577	2.6475037712967653e-05
ENSG00000113761	2.6459670152308672e-05
ENSG00000103313	2.6458915655272016e-05
ENSG00000144218	2.6446111810725863e-05
ENSG00000155034	2.6444813385417992e-05
ENSG00000243509	2.641187438179033e-05
ENSG00000158417	2.6397465006359195e-05
ENSG00000182197	2.6393978000204103e-05
ENSG00000136870	2.638839502515338e-05
ENSG00000188976	2.638591253321604e-05
ENSG00000135775	2.6376380419186667e-05
ENSG00000172890	2.6344282470425723e-05
ENSG00000143416	2.632385016381246e-05
ENSG00000105610	2.6317533032774548e-05
ENSG00000104064	2.6317252530642992e-05
ENSG00000162650	2.631260918853015e-05
ENSG00000154099	2.630584646870013e-05
ENSG00000143878	2.63001725925199e-05
ENSG00000227804	2.6287143451104844e-05
ENSG00000158528	2.6276967424582477e-05
ENSG00000100417	2.627540535716655e-05
ENSG00000062822	2.6258658641034716e-05
ENSG00000081026	2.6255513436239134e-05
ENSG00000237335	2.6237429138216044e-05
ENSG00000100065	2.6232619093067236e-05
ENSG00000143633	2.6211555440389948e-05
ENSG00000147100	2.6203817605450485e-05
ENSG00000107130	2.6200892462413805e-05
ENSG00000100612	2.6193646510892176e-05
ENSG00000103249	2.6188388290054204e-05
ENSG00000105819	2.617540017399542e-05
ENSG00000113600	2.6108689538850326e-05
ENSG00000128510	2.6106251389417025e-05
ENSG00000115677	2.6102618272207352e-05
ENSG00000198952	2.6099939129756005e-05
ENSG00000189221	2.609180131532392e-05
ENSG00000185420	2.6079514116228704e-05
ENSG00000163660	2.6062869963902382e-05
ENSG00000117569	2.6044118451632746e-05
ENSG00000160050	2.6037207561818422e-05
ENSG00000166289	2.6031119691598496e-05
ENSG00000105402	2.602652465596945e-05
ENSG00000140092	2.6020175913433422e-05
ENSG00000160563	2.599984765903543e-05
ENSG00000157483	2.5995714885891018e-05
ENSG00000160182	2.5992147838764093e-05
ENSG00000145916	2.5992019881215412e-05
ENSG00000183873	2.5970707319303233e-05
ENSG00000277722	2.5966720893668726e-05
ENSG00000179532	2.5964832411943896e-05
ENSG00000113391	2.596272712305138e-05
ENSG00000148841	2.596162074241159e-05
ENSG00000160460	2.5951729974164776e-05
ENSG00000164674	2.594480234075007e-05
ENSG00000178921	2.5934497059951622e-05
ENSG00000174177	2.5933252682270802e-05
ENSG00000256453	2.5932910105230604e-05
ENSG00000148484	2.5923447240440417e-05
ENSG00000154080	2.5914906452159345e-05
ENSG00000168286	2.591435247742817e-05
ENSG00000135093	2.5903295021872985e-05
ENSG00000140374	2.5902027458548802e-05
ENSG00000112874	2.590142040349181e-05
ENSG00000141905	2.5890879520772345e-05
ENSG00000140943	2.5880331952412772e-05
ENSG00000132254	2.58788823267053e-05
ENSG00000105499	2.582349928445227e-05
ENSG00000168418	2.5818553727976936e-05
ENSG00000118518	2.5791503517863144e-05
ENSG00000108784	2.5784270019277305e-05
ENSG00000166068	2.5783778692486804e-05
ENSG00000242173	2.5782592951158658e-05
ENSG00000174579	2.5774448724157564e-05
ENSG00000134077	2.577362524946131e-05
ENSG00000101856	2.576149142770438e-05
ENSG00000128602	2.5751371910996633e-05
ENSG00000173960	2.5743390017375442e-05
ENSG00000137124	2.573949192199854e-05
ENSG00000187325	2.5738868738948823e-05
ENSG00000148677	2.572523325770167e-05
ENSG00000122692	2.5723828580238652e-05
ENSG00000077009	2.5713546939999258e-05
ENSG00000048740	2.570995572089856e-05
ENSG00000172164	2.570690050310243e-05
ENSG00000114982	2.5705450704860598e-05
ENSG00000083720	2.569300246288108e-05
ENSG00000126226	2.568894246179198e-05
ENSG00000105879	2.5679871358426622e-05
ENSG00000065029	2.567366429005928e-05
ENSG00000064607	2.5653269688925583e-05
ENSG00000173480	2.565206469087058e-05
ENSG00000183853	2.5651592479133336e-05
ENSG00000163872	2.5644451780926997e-05
ENSG00000094841	2.56373333079416e-05
ENSG00000170802	2.5636266186883628e-05
ENSG00000213366	2.5633849566492243e-05
ENSG00000125037	2.5626535250927346e-05
ENSG00000275385	2.5623343203278817e-05
ENSG00000051108	2.5622347484039555e-05
ENSG00000162517	2.561946695229669e-05
ENSG00000198056	2.5603729439236348e-05
ENSG00000136928	2.5583256523552497e-05
ENSG00000097046	2.5580358947278783e-05
ENSG00000068885	2.5571985435352923e-05
ENSG00000113643	2.5558644470492572e-05
ENSG00000162777	2.555789082914075e-05
ENSG00000119326	2.5557743054588975e-05
ENSG00000203668	2.5557322558063544e-05
ENSG00000169019	2.5541607751073525e-05
ENSG00000255302	2.5533608889505575e-05
ENSG00000166847	2.5524463704117023e-05
ENSG00000153113	2.5511034046151888e-05
ENSG00000138131	2.5506906671956713e-05
ENSG00000130821	2.5505792951351354e-05
ENSG00000282725	2.550578457651735e-05
ENSG00000150054	2.5503824438596103e-05
ENSG00000119185	2.5495294637462203e-05
ENSG00000176058	2.547986215785993e-05
ENSG00000116133	2.5476283800411243e-05
ENSG00000153574	2.5475027713270805e-05
ENSG00000082196	2.544776830898699e-05
ENSG00000134996	2.544388559358046e-05
ENSG00000141316	2.5442341354726865e-05
ENSG00000155792	2.543830090816129e-05
ENSG00000135414	2.5423068694380114e-05
ENSG00000091009	2.5421158780981655e-05
ENSG00000177575	2.5416669476266086e-05
ENSG00000134317	2.5413419431169018e-05
ENSG00000214063	2.5407343252042152e-05
ENSG00000180573	2.5398798934360166e-05
ENSG00000272391	2.5394012352269294e-05
ENSG00000127527	2.5385803891211067e-05
ENSG00000087494	2.5376540198989208e-05
ENSG00000006607	2.5354788270431356e-05
ENSG00000154065	2.5354410782477046e-05
ENSG00000067334	2.5339989622971805e-05
ENSG00000198910	2.5328597087189077e-05
ENSG00000276618	2.5322922528781854e-05
ENSG00000129116	2.531308099558278e-05
ENSG00000140931	2.5309987612491683e-05
ENSG00000282928	2.5295835384769285e-05
ENSG00000005073	2.5286085508781853e-05
ENSG00000152778	2.5270860937291317e-05
ENSG00000107819	2.5269806267998588e-05
ENSG00000164167	2.5263108283587716e-05
ENSG00000128918	2.5260552821784e-05
ENSG00000116266	2.5257155702862108e-05
ENSG00000197713	2.5256769009431475e-05
ENSG00000065534	2.5250836026245737e-05
ENSG00000033170	2.524094067556943e-05
ENSG00000108830	2.524030479876444e-05
ENSG00000059804	2.5229012903424655e-05
ENSG00000142544	2.522735789609903e-05
ENSG00000141295	2.522511171191715e-05
ENSG00000133983	2.5222331633002513e-05
ENSG00000288453	2.521491477831475e-05
ENSG00000168566	2.520881599222313e-05
ENSG00000162980	2.5202392063398552e-05
ENSG00000243130	2.519851632352093e-05
ENSG00000161249	2.5192684932514553e-05
ENSG00000139445	2.5180271237830386e-05
ENSG00000100532	2.517601629729605e-05
ENSG00000104290	2.5166732010629974e-05
ENSG00000144579	2.5161000551586783e-05
ENSG00000164292	2.515986029471191e-05
ENSG00000140105	2.5131407291983662e-05
ENSG00000143418	2.512437892574616e-05
ENSG00000168143	2.5121214710462038e-05
ENSG00000101343	2.511443637296685e-05
ENSG00000113812	2.5106832811615754e-05
ENSG00000028839	2.5100305801605318e-05
ENSG00000148925	2.5080521868560973e-05
ENSG00000244617	2.507892360114314e-05
ENSG00000175315	2.507884285793349e-05
ENSG00000263290	2.5072426334460607e-05
ENSG00000164270	2.5064598499470096e-05
ENSG00000198569	2.5064288419309336e-05
ENSG00000164985	2.506192991071713e-05
ENSG00000145362	2.5060367551611733e-05
ENSG00000148429	2.5056940006682917e-05
ENSG00000088298	2.5038886871055808e-05
ENSG00000089737	2.503639784021845e-05
ENSG00000181634	2.5008629080712918e-05
ENSG00000148950	2.5003296954481107e-05
ENSG00000144524	2.500255724576621e-05
ENSG00000197982	2.5001842924598126e-05
ENSG00000007402	2.4998692386613626e-05
ENSG00000175279	2.4989774030548973e-05
ENSG00000138190	2.4989595051673077e-05
ENSG00000133112	2.4970308501428006e-05
ENSG00000100478	2.4967639632906807e-05
ENSG00000155463	2.4967335830884637e-05
ENSG00000196361	2.4961735110863004e-05
ENSG00000121310	2.496044996029158e-05
ENSG00000106244	2.4918177175815073e-05
ENSG00000284260	2.4912432226969224e-05
ENSG00000073060	2.4906616416022014e-05
ENSG00000171914	2.490515031441029e-05
ENSG00000147613	2.4903929708245447e-05
ENSG00000169271	2.4902447165628154e-05
ENSG00000064199	2.489857773391098e-05
ENSG00000119711	2.489593053103059e-05
ENSG00000162227	2.489328926938154e-05
ENSG00000183304	2.4892968005650505e-05
ENSG00000168930	2.4878295831429592e-05
ENSG00000234114	2.4878248890935373e-05
ENSG00000185875	2.4875370487539012e-05
ENSG00000100221	2.4854080231919283e-05
ENSG00000273562	2.4852316734331564e-05
ENSG00000135447	2.4831735225585434e-05
ENSG00000249139	2.4827560550457886e-05
ENSG00000108641	2.4826127435188015e-05
ENSG00000139352	2.4825051934301203e-05
ENSG00000163611	2.4824933187013416e-05
ENSG00000276192	2.4819337707699845e-05
ENSG00000124383	2.4817828593015076e-05
ENSG00000118004	2.4809922738828132e-05
ENSG00000152578	2.4798461339414264e-05
ENSG00000135678	2.479267236493566e-05
ENSG00000135972	2.4791361228719053e-05
ENSG00000102699	2.477023491289607e-05
ENSG00000165338	2.4737570507675336e-05
ENSG00000100344	2.4734542114337332e-05
ENSG00000136936	2.4733853301660188e-05
ENSG00000168765	2.4732368674117398e-05
ENSG00000106004	2.4709732470480716e-05
ENSG00000183723	2.4709019793024028e-05
ENSG00000092964	2.4699692589711414e-05
ENSG00000170965	2.4694348789541104e-05
ENSG00000178425	2.466679148777632e-05
ENSG00000119523	2.4665579740168464e-05
ENSG00000183691	2.4660379783774085e-05
ENSG00000109466	2.4656959723847298e-05
ENSG00000123191	2.464687499132681e-05
ENSG00000186787	2.4638233540922058e-05
ENSG00000169946	2.4634680787047516e-05
ENSG00000198300	2.463401039477388e-05
ENSG00000099399	2.4630278160627157e-05
ENSG00000111224	2.4628511645731498e-05
ENSG00000158792	2.4616376006459932e-05
ENSG00000168434	2.461633810795544e-05
ENSG00000142687	2.4603318784712476e-05
ENSG00000196136	2.459265138899786e-05
ENSG00000092067	2.4575879836986942e-05
ENSG00000158106	2.456258030325342e-05
ENSG00000155975	2.4555248480136784e-05
ENSG00000142089	2.4551351007141405e-05
ENSG00000175183	2.4548413972064486e-05
ENSG00000148335	2.454794608136695e-05
ENSG00000185187	2.4541640607047705e-05
ENSG00000176714	2.453396645552511e-05
ENSG00000228253	2.452944807834718e-05
ENSG00000169230	2.4516732747715037e-05
ENSG00000164715	2.4513266471856042e-05
ENSG00000186141	2.450578865878242e-05
ENSG00000197822	2.4503535617908203e-05
ENSG00000258429	2.4501221405425912e-05
ENSG00000283082	2.4489771856993968e-05
ENSG00000138613	2.448928030716174e-05
ENSG00000161956	2.448503872715673e-05
ENSG00000100105	2.447480040248728e-05
ENSG00000146006	2.4464668133336148e-05
ENSG00000149499	2.4443683336635218e-05
ENSG00000116906	2.4431486076012933e-05
ENSG00000183943	2.442826209376944e-05
ENSG00000089195	2.4420186131878597e-05
ENSG00000135241	2.4416075751511005e-05
ENSG00000104356	2.44122809085469e-05
ENSG00000278613	2.441144535637889e-05
ENSG00000186866	2.4410374643790547e-05
ENSG00000137269	2.4401618733721077e-05
ENSG00000184402	2.4399066378031436e-05
ENSG00000101958	2.4372048319081337e-05
ENSG00000163590	2.4370114548281002e-05
ENSG00000196411	2.4363289701639556e-05
ENSG00000155816	2.4337600255863936e-05
ENSG00000134440	2.431593087034115e-05
ENSG00000152684	2.430604102983924e-05
ENSG00000108602	2.4297063979510415e-05
ENSG00000149182	2.4294758459931218e-05
ENSG00000136487	2.4287506022834393e-05
ENSG00000101132	2.428569578863402e-05
ENSG00000101452	2.427408928663228e-05
ENSG00000062194	2.425627896643488e-05
ENSG00000103241	2.425194683775807e-05
ENSG00000170653	2.424804952329255e-05
ENSG00000115255	2.4243622330525456e-05
ENSG00000141101	2.4233614001820405e-05
ENSG00000134183	2.4218547870154074e-05
ENSG00000115507	2.4180419267887222e-05
ENSG00000170967	2.417986622621224e-05
ENSG00000021762	2.4177454774558238e-05
ENSG00000111716	2.417426221153177e-05
ENSG00000038210	2.417185785993436e-05
ENSG00000140718	2.4163616562775823e-05
ENSG00000100266	2.416331450543662e-05
ENSG00000187961	2.4160542768888224e-05
ENSG00000090659	2.4147269739084606e-05
ENSG00000173848	2.4142920473810275e-05
ENSG00000126768	2.4134465244990766e-05
ENSG00000115514	2.4133041082914225e-05
ENSG00000121766	2.41141154702322e-05
ENSG00000131941	2.410636196198368e-05
ENSG00000164591	2.410074639153454e-05
ENSG00000164880	2.410052690609414e-05
ENSG00000023839	2.4093357301948273e-05
ENSG00000092850	2.4091384525482328e-05
ENSG00000155846	2.4090271584015884e-05
ENSG00000278195	2.4087444838393316e-05
ENSG00000156928	2.408584530452496e-05
ENSG00000176194	2.408393775100853e-05
ENSG00000164736	2.4081654409573062e-05
ENSG00000096872	2.407763943786453e-05
ENSG00000276082	2.4075410390726728e-05
ENSG00000064655	2.4073062287360038e-05
ENSG00000164283	2.4056804953869322e-05
ENSG00000277016	2.4039052287192084e-05
ENSG00000109654	2.4035653944835565e-05
ENSG00000107625	2.3997442778050763e-05
ENSG00000129292	2.399483411983026e-05
ENSG00000118096	2.3990341992690453e-05
ENSG00000134765	2.3984576369219875e-05
ENSG00000164347	2.398248865651483e-05
ENSG00000116729	2.398122787493357e-05
ENSG00000169410	2.3961044015888438e-05
ENSG00000282873	2.39542274081564e-05
ENSG00000111237	2.395365052424325e-05
ENSG00000157184	2.394546363632413e-05
ENSG00000102760	2.393809222163291e-05
ENSG00000213413	2.393402461305955e-05
ENSG00000130305	2.3932895377372313e-05
ENSG00000167535	2.392924438266037e-05
ENSG00000100241	2.3928045806342364e-05
ENSG00000083812	2.3921687315844413e-05
ENSG00000182793	2.3919489927515507e-05
ENSG00000093183	2.3918208238481428e-05
ENSG00000174576	2.391155426229178e-05
ENSG00000157017	2.3910808638934838e-05
ENSG00000143499	2.390900699936952e-05
ENSG00000100124	2.3898278272668038e-05
ENSG00000121236	2.3897411620083123e-05
ENSG00000231377	2.389573525233788e-05
ENSG00000198670	2.389462209871868e-05
ENSG00000079313	2.389193630091163e-05
ENSG00000168264	2.3891312648756357e-05
ENSG00000103316	2.3882549761931938e-05
ENSG00000082269	2.3854330840266128e-05
ENSG00000105048	2.3827604233590785e-05
ENSG00000171865	2.38169811381239e-05
ENSG00000049239	2.3814010485116382e-05
ENSG00000143127	2.3813766894079342e-05
ENSG00000139719	2.381365625961296e-05
ENSG00000145354	2.3811941080009537e-05
ENSG00000283056	2.380115364233139e-05
ENSG00000113296	2.3800971690965624e-05
ENSG00000156026	2.3797336453068303e-05
ENSG00000104447	2.3793345410777848e-05
ENSG00000066322	2.3791019443360716e-05
ENSG00000171960	2.375365860810575e-05
ENSG00000187164	2.3751344343748824e-05
ENSG00000160224	2.3744299251122886e-05
ENSG00000065485	2.3741470856176672e-05
ENSG00000109618	2.3712922284230384e-05
ENSG00000102309	2.3710758691888118e-05
ENSG00000071127	2.3705538746673637e-05
ENSG00000187566	2.3688413411443097e-05
ENSG00000254709	2.3687543022761558e-05
ENSG00000104131	2.3670076433032858e-05
ENSG00000119280	2.3666701852116826e-05
ENSG00000274205	2.3666384547477517e-05
ENSG00000180957	2.36628107709862e-05
ENSG00000174788	2.366009064858588e-05
ENSG00000116785	2.3659569524665514e-05
ENSG00000196683	2.3655705685592694e-05
ENSG00000170948	2.3655359927247067e-05
ENSG00000075340	2.363790639945194e-05
ENSG00000117500	2.363004258875728e-05
ENSG00000164418	2.3625143229141057e-05
ENSG00000172995	2.3624866526570346e-05
ENSG00000140332	2.362311870595054e-05
ENSG00000152582	2.36224503050199e-05
ENSG00000280682	2.3620626866760107e-05
ENSG00000101004	2.3601602426794447e-05
ENSG00000110693	2.3599569695184465e-05
ENSG00000240563	2.3592415259430897e-05
ENSG00000137266	2.358030115908144e-05
ENSG00000262785	2.3572443476662244e-05
ENSG00000135049	2.3547956451838306e-05
ENSG00000121775	2.3535187348882604e-05
ENSG00000134153	2.3524540455525684e-05
ENSG00000102181	2.3482277418708007e-05
ENSG00000145708	2.348075724436381e-05
ENSG00000169474	2.34785371467547e-05
ENSG00000148926	2.3468874274818566e-05
ENSG00000181409	2.3465719598486003e-05
ENSG00000124429	2.3454086144226514e-05
ENSG00000175220	2.3436145676218244e-05
ENSG00000100867	2.341811552316118e-05
ENSG00000167325	2.3395906263216715e-05
ENSG00000112367	2.3388854738121247e-05
ENSG00000132423	2.3374962191621928e-05
ENSG00000177971	2.3366021004132532e-05
ENSG00000113273	2.3364654678728277e-05
ENSG00000100075	2.3339048227946713e-05
ENSG00000166535	2.3328768797475365e-05
ENSG00000154928	2.3317214721629827e-05
ENSG00000198840	2.3309960000795434e-05
ENSG00000197272	2.328589680309549e-05
ENSG00000119471	2.3278837270364144e-05
ENSG00000105700	2.322656083464484e-05
ENSG00000243480	2.3213996495603227e-05
ENSG00000113657	2.3208645647125907e-05
ENSG00000288121	2.320710090855415e-05
ENSG00000285262	2.3201588179144763e-05
ENSG00000154813	2.3199469577841678e-05
ENSG00000260325	2.3198875599210793e-05
ENSG00000136003	2.3192554638908963e-05
ENSG00000108639	2.3180132459201612e-05
ENSG00000260027	2.3167752640442635e-05
ENSG00000145979	2.3166085652743668e-05
ENSG00000130312	2.3157874168898562e-05
ENSG00000172725	2.3153105257348065e-05
ENSG00000169814	2.314707369727382e-05
ENSG00000184357	2.3141898910396305e-05
ENSG00000160961	2.3135330202813675e-05
ENSG00000101444	2.3127643210197554e-05
ENSG00000167981	2.3121848826509546e-05
ENSG00000141665	2.311553828591549e-05
ENSG00000100319	2.3110413710939693e-05
ENSG00000115488	2.3105708522238414e-05
ENSG00000163110	2.309657536554767e-05
ENSG00000090097	2.3091666904984754e-05
ENSG00000107140	2.307890440601922e-05
ENSG00000163507	2.307641337092479e-05
ENSG00000129355	2.3073252481273672e-05
ENSG00000100490	2.3060386758745045e-05
ENSG00000170500	2.3043644875989945e-05
ENSG00000122136	2.3037477733423374e-05
ENSG00000105321	2.303104325087029e-05
ENSG00000123933	2.302928649598806e-05
ENSG00000119777	2.3024708599059714e-05
ENSG00000136045	2.3013806268551765e-05
ENSG00000116209	2.3013288715379252e-05
ENSG00000147481	2.3011321587919062e-05
ENSG00000128607	2.3008297722339282e-05
ENSG00000225553	2.3002515519027644e-05
ENSG00000204131	2.2996548941082492e-05
ENSG00000177425	2.2971735830845675e-05
ENSG00000160202	2.2960674098556987e-05
ENSG00000120509	2.295605393071668e-05
ENSG00000180104	2.295013988853434e-05
ENSG00000162302	2.2949636950957754e-05
ENSG00000205189	2.293525592365587e-05
ENSG00000079974	2.2924179207871767e-05
ENSG00000181274	2.291030126181185e-05
ENSG00000021826	2.290686950980468e-05
ENSG00000198026	2.2904607891121053e-05
ENSG00000185129	2.2886775079766598e-05
ENSG00000174652	2.28817556459764e-05
ENSG00000075702	2.2881615844539495e-05
ENSG00000078549	2.2881394978115766e-05
ENSG00000142273	2.2874942273135527e-05
ENSG00000241186	2.2868350752800226e-05
ENSG00000168398	2.2853390510760874e-05
ENSG00000009950	2.2851247413901224e-05
ENSG00000111704	2.284819659821492e-05
ENSG00000197555	2.283345964749476e-05
ENSG00000153208	2.2825011757655795e-05
ENSG00000079337	2.2821135741893255e-05
ENSG00000109436	2.2821055066554876e-05
ENSG00000018189	2.2809890897675823e-05
ENSG00000160049	2.2809434233804524e-05
ENSG00000135144	2.2793869255381752e-05
ENSG00000119397	2.279271371933388e-05
ENSG00000145982	2.2770361931890698e-05
ENSG00000167395	2.2769140409380925e-05
ENSG00000101745	2.2768177024034062e-05
ENSG00000243708	2.2765198079825257e-05
ENSG00000152192	2.2761270257455362e-05
ENSG00000204271	2.2754256038385324e-05
ENSG00000145495	2.272339093383439e-05
ENSG00000171206	2.2720618098634537e-05
ENSG00000102385	2.2713616132811225e-05
ENSG00000128203	2.2702073253948914e-05
ENSG00000160703	2.2696729407421874e-05
ENSG00000239900	2.2695382423235984e-05
ENSG00000198168	2.2692698419609017e-05
ENSG00000285302	2.2690478978550952e-05
ENSG00000163126	2.268571616264743e-05
ENSG00000164466	2.267844189215634e-05
ENSG00000132716	2.2666932984768554e-05
ENSG00000083290	2.2650085300594813e-05
ENSG00000177047	2.2630614938648442e-05
ENSG00000159593	2.2629072023573323e-05
ENSG00000116685	2.2623972340609823e-05
ENSG00000152332	2.2621879411733483e-05
ENSG00000107371	2.2619115965769846e-05
ENSG00000106113	2.2617484123219978e-05
ENSG00000165626	2.2604395043541684e-05
ENSG00000119953	2.2602850058818537e-05
ENSG00000165617	2.2602406032980873e-05
ENSG00000152382	2.2585360029744293e-05
ENSG00000111911	2.2585338840583638e-05
ENSG00000127948	2.255387247374228e-05
ENSG00000177542	2.2553083129626127e-05
ENSG00000160602	2.2551664179238475e-05
ENSG00000101443	2.2543248419255074e-05
ENSG00000012211	2.2541191204261727e-05
ENSG00000161509	2.253901311946672e-05
ENSG00000137714	2.2531758352724352e-05
ENSG00000183763	2.2525700155635775e-05
ENSG00000189067	2.2525318245789495e-05
ENSG00000117480	2.252035754242935e-05
ENSG00000225312	2.250331102590834e-05
ENSG00000147251	2.249761101925627e-05
ENSG00000116525	2.2494212337963725e-05
ENSG00000110442	2.246815573865774e-05
ENSG00000177733	2.246810968226012e-05
ENSG00000105737	2.2464585550453747e-05
ENSG00000105464	2.2462848806943538e-05
ENSG00000107829	2.2448037718392936e-05
ENSG00000167112	2.2446880553249418e-05
ENSG00000142864	2.2434091275207172e-05
ENSG00000161905	2.2387497950601174e-05
ENSG00000212935	2.2379109645772873e-05
ENSG00000166224	2.2366855879450153e-05
ENSG00000101346	2.2364121011890227e-05
ENSG00000186583	2.2363370846635128e-05
ENSG00000277936	2.2356560804533495e-05
ENSG00000076716	2.2354076305247687e-05
ENSG00000128191	2.2340457260873073e-05
ENSG00000288146	2.232295650558443e-05
ENSG00000065665	2.2320173558423302e-05
ENSG00000014138	2.231743118359736e-05
ENSG00000168925	2.231289445366328e-05
ENSG00000113722	2.2300389694454372e-05
ENSG00000086548	2.2294971191966387e-05
ENSG00000161999	2.227232320999948e-05
ENSG00000243725	2.2266803966201772e-05
ENSG00000143507	2.2264342398888392e-05
ENSG00000140320	2.225777633822914e-05
ENSG00000100038	2.2254833121478043e-05
ENSG00000161835	2.2248286718186646e-05
ENSG00000065427	2.2241937917266455e-05
ENSG00000288368	2.2239102939691996e-05
ENSG00000169951	2.2227849223374635e-05
ENSG00000131871	2.222478244343382e-05
ENSG00000091704	2.222162621135945e-05
ENSG00000103319	2.2206265943010236e-05
ENSG00000110090	2.2201247095934232e-05
ENSG00000074416	2.219833331977946e-05
ENSG00000135763	2.2188305029630228e-05
ENSG00000043143	2.2171982943110988e-05
ENSG00000154743	2.216533681396587e-05
ENSG00000163956	2.2154585529541233e-05
ENSG00000153066	2.215213206483818e-05
ENSG00000127884	2.2150453505428414e-05
ENSG00000120337	2.213338617158175e-05
ENSG00000183291	2.2125068939215863e-05
ENSG00000171202	2.2122820283024386e-05
ENSG00000284238	2.211904332655563e-05
ENSG00000133243	2.2090004900435096e-05
ENSG00000125779	2.2081895443741055e-05
ENSG00000111674	2.2072163751692678e-05
ENSG00000136891	2.2064023842587932e-05
ENSG00000086544	2.2059988777022248e-05
ENSG00000179407	2.202835847097325e-05
ENSG00000109016	2.2027525021086957e-05
ENSG00000108384	2.20271926786078e-05
ENSG00000130066	2.2024254554877585e-05
ENSG00000197275	2.202079214621504e-05
ENSG00000102048	2.202068561345272e-05
ENSG00000097096	2.2001426680607362e-05
ENSG00000144645	2.2001166717276667e-05
ENSG00000138738	2.1999508629360466e-05
ENSG00000147155	2.1997909311582363e-05
ENSG00000148153	2.199195577891867e-05
ENSG00000159111	2.198471671674643e-05
ENSG00000177963	2.1978827567780968e-05
ENSG00000157259	2.196108720721624e-05
ENSG00000049167	2.195879217755047e-05
ENSG00000167186	2.1936610062495653e-05
ENSG00000285241	2.193376606095311e-05
ENSG00000160949	2.1931698762227758e-05
ENSG00000137500	2.1920911515905067e-05
ENSG00000068001	2.1915550363341292e-05
ENSG00000172315	2.1911293514555967e-05
ENSG00000117594	2.1880878845073352e-05
ENSG00000008438	2.1879998139812947e-05
ENSG00000149930	2.187119114499116e-05
ENSG00000135372	2.1853028771654495e-05
ENSG00000170017	2.1840337367704236e-05
ENSG00000111671	2.183851530637446e-05
ENSG00000106355	2.1837437602756133e-05
ENSG00000175575	2.1830141110012204e-05
ENSG00000133275	2.182392036990675e-05
ENSG00000167136	2.1812835857944163e-05
ENSG00000140350	2.1808349260727583e-05
ENSG00000188937	2.1795707943799046e-05
ENSG00000095066	2.1782786961044106e-05
ENSG00000172468	2.1781458854988396e-05
ENSG00000162572	2.178095782942445e-05
ENSG00000075391	2.1773407051755475e-05
ENSG00000004777	2.1766557052942935e-05
ENSG00000106605	2.1766288620797724e-05
ENSG00000134532	2.1753441584881122e-05
ENSG00000106993	2.1752976681714675e-05
ENSG00000151779	2.1752310996532025e-05
ENSG00000175336	2.1743481149401464e-05
ENSG00000125827	2.17241170568345e-05
ENSG00000233801	2.1719436450596706e-05
ENSG00000108439	2.1695681762312882e-05
ENSG00000126822	2.1685129325937715e-05
ENSG00000198689	2.167684772489576e-05
ENSG00000043355	2.1661332894635684e-05
ENSG00000178074	2.164067013481651e-05
ENSG00000101457	2.1605718699922154e-05
ENSG00000167332	2.1603720549179906e-05
ENSG00000106682	2.157578288764551e-05
ENSG00000103742	2.1558363297744152e-05
ENSG00000118160	2.1550217082837355e-05
ENSG00000119669	2.1549508635935867e-05
ENSG00000106245	2.1545463234184357e-05
ENSG00000034677	2.1495933760718737e-05
ENSG00000183856	2.149484333927033e-05
ENSG00000050327	2.148306339504872e-05
ENSG00000274327	2.1481880578666086e-05
ENSG00000100106	2.1475826866647526e-05
ENSG00000229493	2.1469948551474235e-05
ENSG00000152583	2.1461118179504014e-05
ENSG00000136933	2.1452367831504734e-05
ENSG00000067445	2.145058352142719e-05
ENSG00000164904	2.144845163650565e-05
ENSG00000185519	2.1441294858638957e-05
ENSG00000198369	2.1439258159197232e-05
ENSG00000122359	2.142173614425084e-05
ENSG00000116691	2.142110071869547e-05
ENSG00000139437	2.1415976841940437e-05
ENSG00000110844	2.1406805482452078e-05
ENSG00000058091	2.1399362639007232e-05
ENSG00000114744	2.1396325868039902e-05
ENSG00000137692	2.1396194304346724e-05
ENSG00000123975	2.1393076400627503e-05
ENSG00000153233	2.1387914859816925e-05
ENSG00000188372	2.138649187691058e-05
ENSG00000109184	2.1384189568137386e-05
ENSG00000095203	2.137435554781734e-05
ENSG00000187672	2.1367130084057293e-05
ENSG00000172260	2.136590265237974e-05
ENSG00000235233	2.13320728255262e-05
ENSG00000054965	2.1330913751753353e-05
ENSG00000196408	2.1323603311142688e-05
ENSG00000115271	2.1322866436891523e-05
ENSG00000188706	2.1320533036212384e-05
ENSG00000137338	2.131506934681568e-05
ENSG00000184194	2.13148078625999e-05
ENSG00000128739	2.130840936551624e-05
ENSG00000157152	2.1302963199375328e-05
ENSG00000104938	2.128782344280697e-05
ENSG00000233573	2.1286816764792243e-05
ENSG00000114480	2.1282546326516535e-05
ENSG00000135821	2.1259094112581912e-05
ENSG00000168591	2.1245582581230108e-05
ENSG00000104763	2.1238094328731857e-05
ENSG00000170214	2.123797568683337e-05
ENSG00000166348	2.123491415620916e-05
ENSG00000125351	2.121079532080166e-05
ENSG00000168476	2.1209040164778306e-05
ENSG00000164889	2.120848894122962e-05
ENSG00000227315	2.1206275079258383e-05
ENSG00000177414	2.1179272697575596e-05
ENSG00000275272	2.1159704378092456e-05
ENSG00000124831	2.1137494916166827e-05
ENSG00000120256	2.1129974841950487e-05
ENSG00000167081	2.112821243957007e-05
ENSG00000090432	2.1124061701484037e-05
ENSG00000131055	2.111702734621338e-05
ENSG00000198648	2.1098433241653033e-05
ENSG00000177613	2.1086936647876428e-05
ENSG00000140326	2.108506320563969e-05
ENSG00000058262	2.1076991824623068e-05
ENSG00000066926	2.1061537527863644e-05
ENSG00000154655	2.1017670505105382e-05
ENSG00000188763	2.101064341949969e-05
ENSG00000138379	2.1009433375052134e-05
ENSG00000175938	2.1003676949366157e-05
ENSG00000140521	2.100225652901821e-05
ENSG00000167996	2.100137392383531e-05
ENSG00000111145	2.097652531567504e-05
ENSG00000197050	2.0973807271264204e-05
ENSG00000038945	2.0972540482640883e-05
ENSG00000172007	2.0965893801586295e-05
ENSG00000176136	2.0958485796600326e-05
ENSG00000124089	2.0958485796600326e-05
ENSG00000166130	2.094945528305201e-05
ENSG00000102935	2.094496353991925e-05
ENSG00000168569	2.092427301961135e-05
ENSG00000162714	2.0918711848965257e-05
ENSG00000147246	2.0918614224722318e-05
ENSG00000052841	2.0911561326644095e-05
ENSG00000274429	2.0906004725038943e-05
ENSG00000203883	2.0904084598167632e-05
ENSG00000167118	2.0896210417910094e-05
ENSG00000125741	2.0893112427422723e-05
ENSG00000125912	2.089247696881957e-05
ENSG00000214078	2.0891406453811387e-05
ENSG00000005102	2.0886762171148442e-05
ENSG00000136720	2.088558029152421e-05
ENSG00000170264	2.0881783354722874e-05
ENSG00000143294	2.0880850533800955e-05
ENSG00000107611	2.0870433592538073e-05
ENSG00000113328	2.0868841998676634e-05
ENSG00000100410	2.0853755985588527e-05
ENSG00000170275	2.0829097223516432e-05
ENSG00000187678	2.0815403150171883e-05
ENSG00000068976	2.0814396674822605e-05
ENSG00000100599	2.0810266872381187e-05
ENSG00000277104	2.079759180358407e-05
ENSG00000198855	2.0795213271869667e-05
ENSG00000130741	2.0776939426597554e-05
ENSG00000166206	2.0772392803901734e-05
ENSG00000178966	2.0769646342897627e-05
ENSG00000007866	2.0764304677774122e-05
ENSG00000125503	2.0763683207379083e-05
ENSG00000116830	2.0761413371772064e-05
ENSG00000076356	2.075861238486676e-05
ENSG00000167700	2.075218941590629e-05
ENSG00000130558	2.0749309786698044e-05
ENSG00000099364	2.074868059528053e-05
ENSG00000163354	2.0748590136779727e-05
ENSG00000206485	2.074774271319471e-05
ENSG00000173011	2.072081539624188e-05
ENSG00000163131	2.0717016015988193e-05
ENSG00000146223	2.0715438962984055e-05
ENSG00000108828	2.0703035612198643e-05
ENSG00000281022	2.0693359073891375e-05
ENSG00000184221	2.068947036260602e-05
ENSG00000198015	2.0689429483767467e-05
ENSG00000126461	2.0685628071321926e-05
ENSG00000179958	2.0680098450691852e-05
ENSG00000111203	2.0676074562432295e-05
ENSG00000172172	2.0665917355688614e-05
ENSG00000180891	2.0649084745064527e-05
ENSG00000186395	2.0640545365753394e-05
ENSG00000152430	2.0637752757505955e-05
ENSG00000281917	2.0629961571523237e-05
ENSG00000150656	2.0627083368190292e-05
ENSG00000092758	2.062224092952735e-05
ENSG00000101247	2.062097237548982e-05
ENSG00000130224	2.061560785465986e-05
ENSG00000148187	2.0613096088319353e-05
ENSG00000102128	2.0612597370900113e-05
ENSG00000115840	2.0605514732470524e-05
ENSG00000179862	2.0592701758022036e-05
ENSG00000149591	2.058000133808319e-05
ENSG00000162373	2.056956849094695e-05
ENSG00000131018	2.0563684919541804e-05
ENSG00000170571	2.0552244758290572e-05
ENSG00000274047	2.0548386589141433e-05
ENSG00000131697	2.0544523311521136e-05
ENSG00000187054	2.0543704792915798e-05
ENSG00000214753	2.054155736085936e-05
ENSG00000172367	2.053664259372006e-05
ENSG00000272196	2.0526153347643557e-05
ENSG00000163214	2.0514490206620803e-05
ENSG00000111728	2.0509108473751834e-05
ENSG00000134072	2.0502324527579005e-05
ENSG00000160180	2.0490380084146684e-05
ENSG00000122870	2.0481804339868035e-05
ENSG00000103978	2.048033974617082e-05
ENSG00000136261	2.047412707720395e-05
ENSG00000149231	2.0466323161148134e-05
ENSG00000197279	2.046594108839866e-05
ENSG00000105738	2.046193496401951e-05
ENSG00000106344	2.0458422290029276e-05
ENSG00000276458	2.0457991204386128e-05
ENSG00000258659	2.0454467866034768e-05
ENSG00000171401	2.0448302835123102e-05
ENSG00000061455	2.044684624745941e-05
ENSG00000140199	2.0439150652680677e-05
ENSG00000162959	2.043494674848074e-05
ENSG00000278495	2.0416703420675327e-05
ENSG00000105607	2.0401872955392556e-05
ENSG00000106031	2.0401652576435018e-05
ENSG00000116761	2.040024080274124e-05
ENSG00000167994	2.039749139650318e-05
ENSG00000124226	2.0386424312855513e-05
ENSG00000171823	2.0359804256838796e-05
ENSG00000163093	2.0359704777293674e-05
ENSG00000164070	2.0353328879873845e-05
ENSG00000134899	2.035168035469566e-05
ENSG00000276833	2.0348422245577172e-05
ENSG00000132478	2.034819476130475e-05
ENSG00000163961	2.0347240029718663e-05
ENSG00000132780	2.0341413346446813e-05
ENSG00000249115	2.0291293458530994e-05
ENSG00000173456	2.02908161251797e-05
ENSG00000133105	2.0261495239003453e-05
ENSG00000067829	2.0260458611071125e-05
ENSG00000119946	2.0259802355572977e-05
ENSG00000164056	2.0239423397323532e-05
ENSG00000100290	2.0235706338400477e-05
ENSG00000113319	2.0226764675228024e-05
ENSG00000077235	2.0225528426678608e-05
ENSG00000153395	2.021721653142658e-05
ENSG00000112029	2.0212840985869474e-05
ENSG00000081087	2.0208967932235845e-05
ENSG00000136531	2.020639087891132e-05
ENSG00000189057	2.019929455629063e-05
ENSG00000125864	2.0187198175513605e-05
ENSG00000101200	2.018497591288991e-05
ENSG00000101782	2.0176381968049788e-05
ENSG00000173166	2.017402720685619e-05
ENSG00000168795	2.017364103364083e-05
ENSG00000099617	2.0170284011109405e-05
ENSG00000172888	2.015578495533135e-05
ENSG00000213347	2.0145063361009562e-05
ENSG00000105664	2.014488131222993e-05
ENSG00000197965	2.0144699759185047e-05
ENSG00000149657	2.0137418250802817e-05
ENSG00000165105	2.0137054056766578e-05
ENSG00000128045	2.0129817405085814e-05
ENSG00000141448	2.01209018664648e-05
ENSG00000143498	2.0120833192482283e-05
ENSG00000100442	2.0107610236994646e-05
ENSG00000114383	2.0104809711046072e-05
ENSG00000188158	2.0079033547294397e-05
ENSG00000179600	2.005971372521389e-05
ENSG00000184702	2.0041960678985107e-05
ENSG00000175121	2.0016117771976653e-05
ENSG00000153165	2.0014388219829173e-05
ENSG00000100023	1.9988880732166077e-05
ENSG00000137656	1.998828147427566e-05
ENSG00000134910	1.9980234146491924e-05
ENSG00000159184	1.9978696967284912e-05
ENSG00000168959	1.9978582356350447e-05
ENSG00000196277	1.9977442317313983e-05
ENSG00000079432	1.9977272137260906e-05
ENSG00000170260	1.9970845775367263e-05
ENSG00000132471	1.997030805279835e-05
ENSG00000157514	1.9966990636231166e-05
ENSG00000171621	1.9957886327790535e-05
ENSG00000169692	1.9943067855419182e-05
ENSG00000181029	1.9939932740286392e-05
ENSG00000095794	1.993802941431453e-05
ENSG00000181991	1.9934684084478127e-05
ENSG00000010818	1.9921990265612482e-05
ENSG00000112186	1.9917868934664744e-05
ENSG00000145819	1.9902294301683525e-05
ENSG00000139410	1.9888119852399062e-05
ENSG00000152910	1.9886979270576788e-05
ENSG00000167644	1.987494713457887e-05
ENSG00000184162	1.9874035078035962e-05
ENSG00000180398	1.9869076185657994e-05
ENSG00000124067	1.9867902191331335e-05
ENSG00000211890	1.9865386680898825e-05
ENSG00000142082	1.9841005185881874e-05
ENSG00000198721	1.984100041416094e-05
ENSG00000178573	1.9837440849906046e-05
ENSG00000102743	1.9830619265441828e-05
ENSG00000143006	1.9804416513690866e-05
ENSG00000129990	1.9803857520102727e-05
ENSG00000123064	1.9801046640359945e-05
ENSG00000179546	1.9791006741550115e-05
ENSG00000146374	1.978915159405435e-05
ENSG00000103502	1.978037619084455e-05
ENSG00000275082	1.977955476676062e-05
ENSG00000135482	1.9776588163538694e-05
ENSG00000168490	1.9775480810470973e-05
ENSG00000115947	1.977387029245642e-05
ENSG00000099219	1.9769257244942314e-05
ENSG00000163257	1.9766491472711785e-05
ENSG00000183019	1.9764227413272125e-05
ENSG00000075131	1.9757228482747845e-05
ENSG00000002919	1.9746755415695424e-05
ENSG00000127528	1.9746159970245838e-05
ENSG00000008952	1.973977884376366e-05
ENSG00000104047	1.9723820554403654e-05
ENSG00000167880	1.9723080323585444e-05
ENSG00000101447	1.9719716043646602e-05
ENSG00000139988	1.9700202964887103e-05
ENSG00000177990	1.9675327191037055e-05
ENSG00000166750	1.966400918291399e-05
ENSG00000134809	1.966120437658895e-05
ENSG00000106635	1.9639854889073224e-05
ENSG00000001561	1.9634623040669484e-05
ENSG00000184571	1.963358225958754e-05
ENSG00000124635	1.9624499075106475e-05
ENSG00000230128	1.9624070812006192e-05
ENSG00000073712	1.961316021807488e-05
ENSG00000142405	1.9609611158947114e-05
ENSG00000177374	1.9595064433922436e-05
ENSG00000163710	1.9592393556143788e-05
ENSG00000115756	1.959072990217885e-05
ENSG00000125482	1.958481604518256e-05
ENSG00000282608	1.9576545428390126e-05
ENSG00000197930	1.957473316279939e-05
ENSG00000167785	1.9572011308439985e-05
ENSG00000163374	1.95541769800463e-05
ENSG00000283781	1.955162066367735e-05
ENSG00000184207	1.954667732629847e-05
ENSG00000175548	1.952476179522526e-05
ENSG00000071967	1.9524361520844163e-05
ENSG00000153179	1.9518593429932844e-05
ENSG00000173218	1.9515499579386498e-05
ENSG00000166689	1.950375464638366e-05
ENSG00000183049	1.9496325197868347e-05
ENSG00000163879	1.948584605723767e-05
ENSG00000048544	1.9484862025810883e-05
ENSG00000115290	1.9483724266930968e-05
ENSG00000083535	1.9481391899610862e-05
ENSG00000204822	1.9473513838081728e-05
ENSG00000180992	1.9461442887272428e-05
ENSG00000197594	1.9459125041233818e-05
ENSG00000170178	1.9453023749186162e-05
ENSG00000167964	1.94494806952956e-05
ENSG00000125459	1.9433162458881842e-05
ENSG00000130037	1.942091085074971e-05
ENSG00000155850	1.9420359115965023e-05
ENSG00000164972	1.9417175100858055e-05
ENSG00000182810	1.9405544193587743e-05
ENSG00000166863	1.939709723620846e-05
ENSG00000122133	1.9395899262182863e-05
ENSG00000065357	1.9387260872436838e-05
ENSG00000151655	1.9385833835178288e-05
ENSG00000188620	1.9384575016125456e-05
ENSG00000139722	1.9382235366466112e-05
ENSG00000105270	1.9381661350710446e-05
ENSG00000109472	1.9376626297095435e-05
ENSG00000223496	1.9374630802937775e-05
ENSG00000150347	1.9373288462523395e-05
ENSG00000113384	1.9372488829628065e-05
ENSG00000168517	1.9361858899731848e-05
ENSG00000198912	1.9351249111566585e-05
ENSG00000135604	1.9330994620014215e-05
ENSG00000157131	1.9325908919348737e-05
ENSG00000183336	1.9311761476606727e-05
ENSG00000169683	1.930839161485442e-05
ENSG00000117305	1.9306838552845157e-05
ENSG00000048540	1.9306343312855918e-05
ENSG00000104946	1.9304799276856902e-05
ENSG00000070814	1.930301670240349e-05
ENSG00000108309	1.93028768762547e-05
ENSG00000178177	1.9292900732127913e-05
ENSG00000037474	1.9288506360708205e-05
ENSG00000160339	1.92859714800995e-05
ENSG00000119614	1.9253109149609388e-05
ENSG00000197892	1.923510161728705e-05
ENSG00000167881	1.922209357864821e-05
ENSG00000110871	1.922057341352015e-05
ENSG00000153767	1.9220403362954954e-05
ENSG00000288335	1.9218727308736625e-05
ENSG00000135596	1.9215092303521365e-05
ENSG00000122786	1.921371752296688e-05
ENSG00000155957	1.920771504030136e-05
ENSG00000138433	1.9191183264289916e-05
ENSG00000175567	1.9190947322963432e-05
ENSG00000160193	1.9183301530816472e-05
ENSG00000189306	1.918218097061994e-05
ENSG00000175198	1.9178750846656614e-05
ENSG00000134375	1.917182057105835e-05
ENSG00000165169	1.9160370002489062e-05
ENSG00000152127	1.915122686560008e-05
ENSG00000183762	1.9143791289507818e-05
ENSG00000103248	1.9104597532805735e-05
ENSG00000131848	1.909876496590036e-05
ENSG00000158050	1.90930630857088e-05
ENSG00000151233	1.9089612862770772e-05
ENSG00000197563	1.9086475130308056e-05
ENSG00000170369	1.908194832646884e-05
ENSG00000185966	1.9069978345323235e-05
ENSG00000103067	1.9058398892559228e-05
ENSG00000074696	1.9057433876292503e-05
ENSG00000120333	1.9056226588472095e-05
ENSG00000288701	1.9053678958420646e-05
ENSG00000106443	1.9050183148761506e-05
ENSG00000230989	1.90477358479266e-05
ENSG00000168824	1.904716987815801e-05
ENSG00000288283	1.9045194026291942e-05
ENSG00000123213	1.9020513732811812e-05
ENSG00000164506	1.9019745294472915e-05
ENSG00000147421	1.90175827150961e-05
ENSG00000166451	1.901428828610883e-05
ENSG00000164535	1.8994420070673106e-05
ENSG00000104731	1.8988440218636214e-05
ENSG00000280610	1.8982684389778006e-05
ENSG00000176396	1.8979593650792264e-05
ENSG00000165996	1.897453671462867e-05
ENSG00000187514	1.897433819553293e-05
ENSG00000185019	1.8971456515283687e-05
ENSG00000168269	1.895462957185301e-05
ENSG00000258102	1.8951978112060847e-05
ENSG00000160445	1.8947562864936002e-05
ENSG00000152804	1.8946981490627356e-05
ENSG00000130584	1.8932945706539197e-05
ENSG00000177192	1.8926955336708336e-05
ENSG00000179761	1.8914646397432876e-05
ENSG00000262473	1.8913772530142687e-05
ENSG00000074582	1.8911625495874973e-05
ENSG00000051620	1.89100984866598e-05
ENSG00000121410	1.8907806106096713e-05
ENSG00000104611	1.8893723378000285e-05
ENSG00000172318	1.8875992059722645e-05
ENSG00000128050	1.8875214063351793e-05
ENSG00000168487	1.8871887270275246e-05
ENSG00000136631	1.885794072409213e-05
ENSG00000129484	1.8846409499836877e-05
ENSG00000101977	1.8843091517634002e-05
ENSG00000010292	1.882266417440384e-05
ENSG00000176410	1.88123635053354e-05
ENSG00000145016	1.8791594230099026e-05
ENSG00000136231	1.878340524614075e-05
ENSG00000158748	1.876349569402294e-05
ENSG00000133111	1.875796855664834e-05
ENSG00000139168	1.875125288379997e-05
ENSG00000124939	1.8749113339892796e-05
ENSG00000136457	1.8747748792159376e-05
ENSG00000148331	1.873407330292665e-05
ENSG00000181938	1.8733182033107675e-05
ENSG00000134697	1.8724255749192842e-05
ENSG00000197165	1.870661131995547e-05
ENSG00000155304	1.870440044556297e-05
ENSG00000134201	1.86987042588516e-05
ENSG00000185189	1.8692575183153236e-05
ENSG00000146802	1.8685007733320055e-05
ENSG00000175581	1.8672535148436036e-05
ENSG00000204403	1.8663624070286548e-05
ENSG00000156876	1.8660997127365788e-05
ENSG00000166573	1.865333325925224e-05
ENSG00000182687	1.865333325925224e-05
ENSG00000161217	1.8629768198900637e-05
ENSG00000133142	1.86171868989743e-05
ENSG00000103051	1.8610640629171923e-05
ENSG00000136699	1.8594340280847115e-05
ENSG00000135108	1.859417196986175e-05
ENSG00000176919	1.857736564337071e-05
ENSG00000198925	1.8576951397125788e-05
ENSG00000105963	1.8574143122831436e-05
ENSG00000105675	1.8565050524958745e-05
ENSG00000130517	1.8557663486687787e-05
ENSG00000109065	1.854352202618062e-05
ENSG00000149798	1.8536091350814852e-05
ENSG00000148824	1.8532345603410366e-05
ENSG00000177000	1.8531973407745893e-05
ENSG00000164404	1.852441365256824e-05
ENSG00000076382	1.851912692183494e-05
ENSG00000112031	1.8513597503338965e-05
ENSG00000166349	1.8491049488472984e-05
ENSG00000184895	1.849012924260831e-05
ENSG00000111713	1.848713820585794e-05
ENSG00000116005	1.8482717507557167e-05
ENSG00000149187	1.84816470691194e-05
ENSG00000276920	1.8480935303098147e-05
ENSG00000132825	1.847161324310529e-05
ENSG00000166340	1.843509858706846e-05
ENSG00000166446	1.8427572060102567e-05
ENSG00000136235	1.8424696687592123e-05
ENSG00000185085	1.8422616413595217e-05
ENSG00000156925	1.8422052800162816e-05
ENSG00000143570	1.8417714184920418e-05
ENSG00000248144	1.8417204572998793e-05
ENSG00000188958	1.8415893558395742e-05
ENSG00000181408	1.8415893558395742e-05
ENSG00000103326	1.841345887090605e-05
ENSG00000125246	1.839196247727385e-05
ENSG00000005436	1.8389561450482395e-05
ENSG00000179041	1.8368937820248506e-05
ENSG00000173662	1.83680390710516e-05
ENSG00000136044	1.836190648623123e-05
ENSG00000188878	1.836016429708271e-05
ENSG00000088926	1.8337425105047153e-05
ENSG00000105771	1.8333928642295577e-05
ENSG00000023330	1.8330339400261543e-05
ENSG00000162341	1.83259828096868e-05
ENSG00000283883	1.8310798976448847e-05
ENSG00000013563	1.8308922877251885e-05
ENSG00000089818	1.8305121546545014e-05
ENSG00000106397	1.8296711364870227e-05
ENSG00000198917	1.8295006973774626e-05
ENSG00000152492	1.8290658815338092e-05
ENSG00000166685	1.826649187465982e-05
ENSG00000255423	1.826423695481498e-05
ENSG00000116514	1.826188315088593e-05
ENSG00000143921	1.8258924169244313e-05
ENSG00000122778	1.8252916161916348e-05
ENSG00000006194	1.8244949793849794e-05
ENSG00000156853	1.8242582032124705e-05
ENSG00000166987	1.8238498285714214e-05
ENSG00000163798	1.823219954011657e-05
ENSG00000130733	1.822693339377621e-05
ENSG00000105220	1.8225034673917938e-05
ENSG00000152348	1.8223601640431707e-05
ENSG00000141540	1.8213345858008492e-05
ENSG00000157107	1.8213094942656767e-05
ENSG00000149262	1.8202825243817224e-05
ENSG00000275338	1.8196559654766347e-05
ENSG00000145384	1.8168466580228964e-05
ENSG00000122203	1.8166302452637847e-05
ENSG00000184203	1.8163219062010663e-05
ENSG00000284400	1.8162771532157728e-05
ENSG00000139641	1.8161359369924994e-05
ENSG00000129824	1.8160419214973535e-05
ENSG00000284850	1.8158611288404235e-05
ENSG00000130749	1.8158432192896107e-05
ENSG00000141198	1.814560292593561e-05
ENSG00000147166	1.8131239408883536e-05
ENSG00000196141	1.8116760266439783e-05
ENSG00000123131	1.8113033535691386e-05
ENSG00000174928	1.8102766628213104e-05
ENSG00000141404	1.807589843948327e-05
ENSG00000166557	1.8069668060190046e-05
ENSG00000241822	1.8065616624539966e-05
ENSG00000133636	1.8063658242878227e-05
ENSG00000159445	1.8052921590993724e-05
ENSG00000020426	1.8039374222788738e-05
ENSG00000127578	1.803858181511327e-05
ENSG00000145287	1.8031625592703922e-05
ENSG00000065000	1.802314940826034e-05
ENSG00000122550	1.801834623523329e-05
ENSG00000198466	1.8009169044645032e-05
ENSG00000162129	1.799050044479123e-05
ENSG00000133606	1.799001529203355e-05
ENSG00000111602	1.7986499816850804e-05
ENSG00000168872	1.7985076621200885e-05
ENSG00000159640	1.7975537361719967e-05
ENSG00000213694	1.7958905551022182e-05
ENSG00000125813	1.7945242341208558e-05
ENSG00000113369	1.794470086405971e-05
ENSG00000185475	1.7938072020474257e-05
ENSG00000112425	1.7933188253970517e-05
ENSG00000160957	1.7932723487671757e-05
ENSG00000164022	1.7923028686057555e-05
ENSG00000117298	1.7915041523479984e-05
ENSG00000135111	1.7910859348476164e-05
ENSG00000196072	1.7906902270161543e-05
ENSG00000104081	1.790537866101849e-05
ENSG00000011132	1.7899927149567385e-05
ENSG00000198547	1.7894634910032862e-05
ENSG00000167103	1.7878284673379535e-05
ENSG00000111885	1.7875344526829352e-05
ENSG00000114626	1.7875063027016214e-05
ENSG00000154710	1.787089486320424e-05
ENSG00000145781	1.7865119296437233e-05
ENSG00000042832	1.7859446836359143e-05
ENSG00000170624	1.7848309421881613e-05
ENSG00000100084	1.7838788856373393e-05
ENSG00000155858	1.7837460424541526e-05
ENSG00000181541	1.782611598486309e-05
ENSG00000184897	1.7823996462744768e-05
ENSG00000175544	1.7808913544233787e-05
ENSG00000283510	1.7804362833187304e-05
ENSG00000151883	1.7802912155544975e-05
ENSG00000083307	1.778429140517906e-05
ENSG00000174428	1.7776536140981197e-05
ENSG00000167797	1.7772747497154505e-05
ENSG00000262771	1.777108177853439e-05
ENSG00000139644	1.7770604023069274e-05
ENSG00000120049	1.7766785027919547e-05
ENSG00000100360	1.7765876059193142e-05
ENSG00000179242	1.7753836097498166e-05
ENSG00000128881	1.775070067102356e-05
ENSG00000138435	1.7746054988120505e-05
ENSG00000128829	1.7744200028010823e-05
ENSG00000139323	1.774331523975239e-05
ENSG00000167748	1.774226561072199e-05
ENSG00000131203	1.7741911566519512e-05
ENSG00000171241	1.7737323904757643e-05
ENSG00000026297	1.773248025208545e-05
ENSG00000153885	1.772864875833617e-05
ENSG00000143772	1.772600555079036e-05
ENSG00000187764	1.7716488639351567e-05
ENSG00000113719	1.7716463442438994e-05
ENSG00000274577	1.7714513169366887e-05
ENSG00000165078	1.7713070899731173e-05
ENSG00000186283	1.7710647552096388e-05
ENSG00000161980	1.769378513388329e-05
ENSG00000151224	1.769373145352509e-05
ENSG00000281178	1.7691545628805643e-05
ENSG00000143537	1.7691195243807555e-05
ENSG00000040275	1.7684124062090888e-05
ENSG00000172426	1.7682604370072364e-05
ENSG00000100564	1.7663822252141846e-05
ENSG00000189298	1.76635798402877e-05
ENSG00000186638	1.7661417312610902e-05
ENSG00000114859	1.765438422442064e-05
ENSG00000170276	1.763948207063282e-05
ENSG00000101000	1.7628542289816155e-05
ENSG00000132718	1.7621227736734953e-05
ENSG00000155096	1.7615366085723737e-05
ENSG00000120647	1.7606063276204996e-05
ENSG00000163032	1.7604989875635432e-05
ENSG00000102001	1.7589210575818044e-05
ENSG00000274145	1.7580785343548193e-05
ENSG00000138759	1.756982633014828e-05
ENSG00000068137	1.756649756911003e-05
ENSG00000173530	1.7553433914847825e-05
ENSG00000282932	1.755301066695383e-05
ENSG00000165632	1.754342378925013e-05
ENSG00000163060	1.7543101071539143e-05
ENSG00000134262	1.753736661763926e-05
ENSG00000147647	1.7534941959253404e-05
ENSG00000035115	1.7534461265364377e-05
ENSG00000082556	1.753054572394984e-05
ENSG00000276004	1.750992110369881e-05
ENSG00000143355	1.747096261760429e-05
ENSG00000138600	1.747016255494857e-05
ENSG00000128346	1.7465472397127265e-05
ENSG00000102003	1.746397622339847e-05
ENSG00000080371	1.745980080330762e-05
ENSG00000086589	1.7458043572979136e-05
ENSG00000148408	1.745587541517483e-05
ENSG00000256812	1.7450143225871613e-05
ENSG00000115109	1.7443607994984984e-05
ENSG00000123992	1.744101306498234e-05
ENSG00000138785	1.7437026209125435e-05
ENSG00000177181	1.7429233082244835e-05
ENSG00000140400	1.7421378883569194e-05
ENSG00000089094	1.741821718543002e-05
ENSG00000175065	1.739386656702234e-05
ENSG00000125675	1.738381572771915e-05
ENSG00000117479	1.7381444125048212e-05
ENSG00000130544	1.7380642761329682e-05
ENSG00000059691	1.737910321677775e-05
ENSG00000104537	1.7376401003825155e-05
ENSG00000100600	1.737493051050899e-05
ENSG00000283741	1.7368046125215992e-05
ENSG00000139625	1.7367330050739185e-05
ENSG00000131351	1.7361743903900786e-05
ENSG00000138231	1.7355572990093394e-05
ENSG00000263465	1.735074008813742e-05
ENSG00000149503	1.7345294896998308e-05
ENSG00000147533	1.7338203356978923e-05
ENSG00000124380	1.7336499303661023e-05
ENSG00000184007	1.733298681007997e-05
ENSG00000278211	1.7323687892178342e-05
ENSG00000171234	1.731885269692444e-05
ENSG00000074935	1.7299135813636956e-05
ENSG00000125841	1.7297151369563047e-05
ENSG00000150045	1.728415143289521e-05
ENSG00000099256	1.728174855785623e-05
ENSG00000153391	1.7278476490237352e-05
ENSG00000135631	1.7259529253881194e-05
ENSG00000114735	1.7252944087227906e-05
ENSG00000138246	1.7252800670247598e-05
ENSG00000137563	1.7248782933054988e-05
ENSG00000166510	1.7241306992653117e-05
ENSG00000285193	1.722640479295436e-05
ENSG00000103034	1.721847969871086e-05
ENSG00000146469	1.7192663888898853e-05
ENSG00000122299	1.718736425709105e-05
ENSG00000134287	1.7170046735590566e-05
ENSG00000176953	1.7160820557760565e-05
ENSG00000109323	1.716050273665159e-05
ENSG00000134365	1.71492711369491e-05
ENSG00000153823	1.714663021329442e-05
ENSG00000169676	1.7136313828794745e-05
ENSG00000169919	1.713535675369396e-05
ENSG00000139220	1.713208276640368e-05
ENSG00000005893	1.7130396585588554e-05
ENSG00000214517	1.7129246689024783e-05
ENSG00000276230	1.7117712989701234e-05
ENSG00000198604	1.7107063542235815e-05
ENSG00000129493	1.7100704432091362e-05
ENSG00000120533	1.7098489341072096e-05
ENSG00000108666	1.7089411809350226e-05
ENSG00000156804	1.708638524001457e-05
ENSG00000224200	1.7074280012607857e-05
ENSG00000274473	1.7068507145614274e-05
ENSG00000021355	1.706807495547121e-05
ENSG00000139117	1.7064866027035886e-05
ENSG00000176871	1.7062004748778834e-05
ENSG00000275932	1.705960380061918e-05
ENSG00000109685	1.7047674362691873e-05
ENSG00000072778	1.7036196494197948e-05
ENSG00000103257	1.7035142831280856e-05
ENSG00000108001	1.7031274604040617e-05
ENSG00000224145	1.703017636851981e-05
ENSG00000126653	1.7019434472793416e-05
ENSG00000187626	1.7019066306897026e-05
ENSG00000115419	1.7009967872530344e-05
ENSG00000118496	1.7001975014298732e-05
ENSG00000082438	1.6996310900663996e-05
ENSG00000163132	1.6976762943581418e-05
ENSG00000054967	1.6964209248708576e-05
ENSG00000176102	1.6956961301335227e-05
ENSG00000100373	1.6955944300729722e-05
ENSG00000102302	1.6949033791163982e-05
ENSG00000128713	1.693264775695013e-05
ENSG00000027075	1.693051826145836e-05
ENSG00000131746	1.6923229161351076e-05
ENSG00000206052	1.6922300009456065e-05
ENSG00000188312	1.6911760278853492e-05
ENSG00000048028	1.689837298594906e-05
ENSG00000212864	1.689713935106571e-05
ENSG00000288357	1.6890193518252918e-05
ENSG00000171126	1.6871203218334025e-05
ENSG00000175294	1.6861282635167772e-05
ENSG00000151876	1.685801932248349e-05
ENSG00000090612	1.685245327550152e-05
ENSG00000100505	1.6823695724949942e-05
ENSG00000243364	1.6821868218006963e-05
ENSG00000166902	1.680387131133274e-05
ENSG00000124107	1.6798700311390052e-05
ENSG00000178498	1.6796669237105914e-05
ENSG00000124507	1.6791702713653464e-05
ENSG00000182768	1.678985097708632e-05
ENSG00000137492	1.678564065594553e-05
ENSG00000156802	1.6771645112238293e-05
ENSG00000103343	1.6769840493052965e-05
ENSG00000157911	1.676916453577743e-05
ENSG00000180316	1.67591235655233e-05
ENSG00000198093	1.6748432854995007e-05
ENSG00000148229	1.6746077200290575e-05
ENSG00000189120	1.6741800359756536e-05
ENSG00000178988	1.672926258587827e-05
ENSG00000169371	1.6723865415528026e-05
ENSG00000180660	1.6713668451994858e-05
ENSG00000089006	1.6713231304482824e-05
ENSG00000198833	1.6708899008250666e-05
ENSG00000204175	1.6708445244819214e-05
ENSG00000134184	1.6707180662668715e-05
ENSG00000063176	1.6699601772548124e-05
ENSG00000124469	1.6697041565709296e-05
ENSG00000073737	1.6677858229567715e-05
ENSG00000274247	1.667592085289977e-05
ENSG00000276045	1.6673948948363717e-05
ENSG00000139725	1.6668805714620304e-05
ENSG00000162851	1.666431142095658e-05
ENSG00000104613	1.666130110927529e-05
ENSG00000102010	1.6646774160135692e-05
ENSG00000161513	1.663667436387862e-05
ENSG00000186480	1.6633406807184952e-05
ENSG00000163281	1.6630803534385048e-05
ENSG00000146350	1.6626423058163073e-05
ENSG00000198089	1.662387064690042e-05
ENSG00000168906	1.6619533684977383e-05
ENSG00000170088	1.661287753643414e-05
ENSG00000135776	1.660552294738467e-05
ENSG00000058799	1.6601198253660043e-05
ENSG00000126953	1.659813051113906e-05
ENSG00000152242	1.6594275887517954e-05
ENSG00000183091	1.6585038229881972e-05
ENSG00000108839	1.6583737085514532e-05
ENSG00000166228	1.6564656365524004e-05
ENSG00000158764	1.6552429125152683e-05
ENSG00000111199	1.655037213389384e-05
ENSG00000198839	1.6548497516275774e-05
ENSG00000136940	1.6546669340084972e-05
ENSG00000214367	1.6544140689055193e-05
ENSG00000167182	1.653892563298401e-05
ENSG00000151465	1.6536076177934348e-05
ENSG00000090013	1.6527025621680263e-05
ENSG00000215193	1.6523990172892786e-05
ENSG00000175662	1.6522945256661002e-05
ENSG00000127952	1.652053598125224e-05
ENSG00000275051	1.651831006531509e-05
ENSG00000247626	1.650904773412431e-05
ENSG00000099365	1.650751161820257e-05
ENSG00000169718	1.6488955553950905e-05
ENSG00000113811	1.6479735569040366e-05
ENSG00000275013	1.6479011015287833e-05
ENSG00000175110	1.6455309423424207e-05
ENSG00000115239	1.645229462623082e-05
ENSG00000124253	1.6442016342562004e-05
ENSG00000105146	1.6437024456009096e-05
ENSG00000151498	1.6430126155903927e-05
ENSG00000064547	1.6422458481267077e-05
ENSG00000198722	1.641947121418563e-05
ENSG00000025796	1.6415499759077625e-05
ENSG00000198108	1.6413178294364624e-05
ENSG00000157600	1.641126115159721e-05
ENSG00000198933	1.641062108915068e-05
ENSG00000110851	1.6399360249098093e-05
ENSG00000281540	1.6389075175603147e-05
ENSG00000100714	1.638780295422385e-05
ENSG00000173120	1.637344070193557e-05
ENSG00000159055	1.6372337538297868e-05
ENSG00000225748	1.6360053120823142e-05
ENSG00000116871	1.635384731646342e-05
ENSG00000169071	1.635120788955823e-05
ENSG00000096080	1.6342819682856712e-05
ENSG00000101844	1.6339045649890684e-05
ENSG00000107864	1.633804078175194e-05
ENSG00000128596	1.6333828221367777e-05
ENSG00000141002	1.6333288647450046e-05
ENSG00000197915	1.6325402297629817e-05
ENSG00000119878	1.632155414506145e-05
ENSG00000168763	1.6319263095732003e-05
ENSG00000168724	1.6314235805946902e-05
ENSG00000144589	1.630522637454745e-05
ENSG00000136877	1.630390601526469e-05
ENSG00000002746	1.6303178645176224e-05
ENSG00000146842	1.630089243680873e-05
ENSG00000147144	1.6299196667729683e-05
ENSG00000183570	1.6296044506204014e-05
ENSG00000117523	1.6268258019246266e-05
ENSG00000162063	1.6265784466258277e-05
ENSG00000166407	1.6261311909888006e-05
ENSG00000198963	1.625308521353743e-05
ENSG00000151079	1.624504379597364e-05
ENSG00000167323	1.623870835918216e-05
ENSG00000179943	1.623849514261299e-05
ENSG00000163069	1.6235944417808737e-05
ENSG00000124688	1.6235838368868857e-05
ENSG00000140553	1.623001483139251e-05
ENSG00000141933	1.622384090331659e-05
ENSG00000152214	1.6187887349141e-05
ENSG00000052749	1.6182250307368225e-05
ENSG00000124209	1.617697755172043e-05
ENSG00000166263	1.6169532332174395e-05
ENSG00000107187	1.616749826836616e-05
ENSG00000273793	1.616595302313818e-05
ENSG00000162775	1.6165583374501303e-05
ENSG00000188219	1.616324470801872e-05
ENSG00000066855	1.6150316192734762e-05
ENSG00000164815	1.6149800134614155e-05
ENSG00000113068	1.614818438500698e-05
ENSG00000196670	1.6135209559344643e-05
ENSG00000146828	1.6117659661286988e-05
ENSG00000284982	1.6115083338954614e-05
ENSG00000126464	1.6111438879474763e-05
ENSG00000115758	1.6103261567759194e-05
ENSG00000129071	1.6090685621907193e-05
ENSG00000166454	1.607514127936002e-05
ENSG00000115844	1.6062641447829975e-05
ENSG00000130695	1.605402436683765e-05
ENSG00000143393	1.6029568282575716e-05
ENSG00000145882	1.6029283726733983e-05
ENSG00000211448	1.6013308649442166e-05
ENSG00000070961	1.5999831061805497e-05
ENSG00000089225	1.5998696096216243e-05
ENSG00000160588	1.597138633792619e-05
ENSG00000143194	1.5960984571649317e-05
ENSG00000040608	1.5952405627906662e-05
ENSG00000171303	1.5948614169865024e-05
ENSG00000177688	1.5946608163979554e-05
ENSG00000163584	1.594610398241995e-05
ENSG00000099246	1.5941083929464194e-05
ENSG00000005020	1.593824319779518e-05
ENSG00000136710	1.5936840217820674e-05
ENSG00000197498	1.593679862749682e-05
ENSG00000177051	1.593610573357557e-05
ENSG00000186184	1.5934459904766712e-05
ENSG00000243284	1.5918713659646938e-05
ENSG00000117877	1.591832062469741e-05
ENSG00000113739	1.5916980280084945e-05
ENSG00000267368	1.5913344307690677e-05
ENSG00000173917	1.5908661786102654e-05
ENSG00000174562	1.589966972186361e-05
ENSG00000198843	1.5895849538697066e-05
ENSG00000162849	1.589372191243293e-05
ENSG00000011028	1.5888810298570034e-05
ENSG00000182362	1.588791608334815e-05
ENSG00000176148	1.588358722412013e-05
ENSG00000277236	1.5881940211390588e-05
ENSG00000180138	1.587578521737376e-05
ENSG00000138622	1.5863608588597124e-05
ENSG00000152464	1.5859279458191643e-05
ENSG00000117983	1.585811124390771e-05
ENSG00000168334	1.585099444562081e-05
ENSG00000230685	1.5826638970780462e-05
ENSG00000182566	1.582343531186987e-05
ENSG00000101470	1.582111816056414e-05
ENSG00000107242	1.5820148890176163e-05
ENSG00000121390	1.581442053956977e-05
ENSG00000167646	1.5806890866192753e-05
ENSG00000179914	1.576101705608134e-05
ENSG00000083857	1.5760677975548168e-05
ENSG00000284796	1.575979283952288e-05
ENSG00000080845	1.5758012809455577e-05
ENSG00000108100	1.5744701697391124e-05
ENSG00000119321	1.5738468966531384e-05
ENSG00000284194	1.573556216314871e-05
ENSG00000076513	1.573306463043074e-05
ENSG00000125834	1.57206910139369e-05
ENSG00000189266	1.571544569913014e-05
ENSG00000008394	1.5712774473159992e-05
ENSG00000065268	1.5684425943583767e-05
ENSG00000181191	1.5684337489600205e-05
ENSG00000117148	1.5663152967352583e-05
ENSG00000156599	1.5658726093071795e-05
ENSG00000165682	1.5641549000023358e-05
ENSG00000184697	1.5639265140726435e-05
ENSG00000168309	1.5637484732754024e-05
ENSG00000167202	1.563482164726059e-05
ENSG00000124155	1.5624459950698186e-05
ENSG00000137824	1.561290193639307e-05
ENSG00000197019	1.560802951010774e-05
ENSG00000013588	1.560521001315971e-05
ENSG00000130176	1.5595146286077878e-05
ENSG00000164053	1.559418164651502e-05
ENSG00000138593	1.5587721306942142e-05
ENSG00000197562	1.5584278112973604e-05
ENSG00000125775	1.558416711430696e-05
ENSG00000134278	1.5580684014921916e-05
ENSG00000119392	1.556944293750474e-05
ENSG00000198822	1.553978521401803e-05
ENSG00000023041	1.552224399782667e-05
ENSG00000116984	1.552192233310957e-05
ENSG00000100596	1.55049706103562e-05
ENSG00000197172	1.5495137480899698e-05
ENSG00000013619	1.5490130159556655e-05
ENSG00000145214	1.548642968496356e-05
ENSG00000125386	1.547325556582721e-05
ENSG00000061656	1.5470317488129085e-05
ENSG00000099822	1.54651093349534e-05
ENSG00000065717	1.544468147759816e-05
ENSG00000164933	1.544321793836523e-05
ENSG00000214022	1.5431480451287843e-05
ENSG00000173171	1.5408742673392953e-05
ENSG00000144736	1.540806590171839e-05
ENSG00000164237	1.5400559142561497e-05
ENSG00000170385	1.5400320284332606e-05
ENSG00000181035	1.5399656683908144e-05
ENSG00000144355	1.5397463936038165e-05
ENSG00000144724	1.5383035302572296e-05
ENSG00000074966	1.5382752042597016e-05
ENSG00000101605	1.5380682667493256e-05
ENSG00000130529	1.5374348154020528e-05
ENSG00000141098	1.537399402796941e-05
ENSG00000101160	1.536996896755732e-05
ENSG00000154358	1.536540193784319e-05
ENSG00000120992	1.5355676026368753e-05
ENSG00000239857	1.535424039373994e-05
ENSG00000239789	1.5352060817886637e-05
ENSG00000135677	1.5351595285574167e-05
ENSG00000187288	1.5350760672417108e-05
ENSG00000015532	1.5323093683894334e-05
ENSG00000169704	1.5321601947627124e-05
ENSG00000275832	1.531913935700586e-05
ENSG00000120925	1.531563605995785e-05
ENSG00000112343	1.53140562662878e-05
ENSG00000275035	1.5309942083546033e-05
ENSG00000166037	1.5298415833348605e-05
ENSG00000140795	1.529609736599366e-05
ENSG00000113389	1.5278593766123788e-05
ENSG00000133454	1.5269134365195977e-05
ENSG00000164684	1.5263410071786944e-05
ENSG00000151532	1.5255209010873295e-05
ENSG00000152404	1.525285398791564e-05
ENSG00000167749	1.5251524398626299e-05
ENSG00000143842	1.5235667105743809e-05
ENSG00000172432	1.5234860209763379e-05
ENSG00000162413	1.5231681651857921e-05
ENSG00000019169	1.5222461914753291e-05
ENSG00000090924	1.5219239848097388e-05
ENSG00000171763	1.5211823180146434e-05
ENSG00000130287	1.519733328927735e-05
ENSG00000197024	1.5196059410702953e-05
ENSG00000144591	1.518061697731048e-05
ENSG00000107949	1.517354399525971e-05
ENSG00000162032	1.5172534068806767e-05
ENSG00000152076	1.5169625642168095e-05
ENSG00000167291	1.5165317054970509e-05
ENSG00000127663	1.5165235017558215e-05
ENSG00000023608	1.515048269341044e-05
ENSG00000059573	1.5149535117340193e-05
ENSG00000163950	1.514436783037978e-05
ENSG00000198885	1.5143966942921556e-05
ENSG00000166908	1.5125620024754176e-05
ENSG00000011478	1.5125470099477832e-05
ENSG00000129158	1.5124945277327507e-05
ENSG00000145242	1.5123798397862384e-05
ENSG00000174607	1.5121094347869034e-05
ENSG00000149089	1.5113443036748768e-05
ENSG00000159496	1.5107205690608426e-05
ENSG00000125375	1.5106643436626502e-05
ENSG00000169891	1.5106388366243432e-05
ENSG00000137177	1.5099554398099394e-05
ENSG00000198814	1.509938723207024e-05
ENSG00000109133	1.5085095765457678e-05
ENSG00000102805	1.5084484523789668e-05
ENSG00000236279	1.5079681742799602e-05
ENSG00000159409	1.5064040460126421e-05
ENSG00000132950	1.5062979649502017e-05
ENSG00000099866	1.504875342583515e-05
ENSG00000184486	1.504290809034392e-05
ENSG00000064692	1.5041806139601264e-05
ENSG00000163945	1.502087506158524e-05
ENSG00000105486	1.5016174658433844e-05
ENSG00000137815	1.501471356053864e-05
ENSG00000142910	1.50143394515033e-05
ENSG00000173548	1.5010845937338245e-05
ENSG00000010361	1.5005661915961269e-05
ENSG00000198060	1.5002443805478514e-05
ENSG00000111670	1.4996233095597632e-05
ENSG00000135297	1.49900491636658e-05
ENSG00000142039	1.498231151861535e-05
ENSG00000152061	1.4978271119813264e-05
ENSG00000240583	1.4976889611154662e-05
ENSG00000120500	1.4973698115029668e-05
ENSG00000167641	1.4970946085106278e-05
ENSG00000165462	1.4969389614680045e-05
ENSG00000010295	1.4968357990770077e-05
ENSG00000070882	1.4968083330719501e-05
ENSG00000139211	1.4967327083492751e-05
ENSG00000149489	1.4966490377788584e-05
ENSG00000164695	1.4963619976668784e-05
ENSG00000150773	1.4962107354628845e-05
ENSG00000197372	1.495138093928756e-05
ENSG00000196937	1.4941297955886207e-05
ENSG00000093167	1.4940483064669882e-05
ENSG00000115216	1.4936254023879667e-05
ENSG00000118655	1.4923345457202896e-05
ENSG00000113387	1.4922696926571141e-05
ENSG00000115526	1.4913701020025726e-05
ENSG00000011198	1.4912746250376157e-05
ENSG00000142207	1.491003414278693e-05
ENSG00000170684	1.4902242310188742e-05
ENSG00000101307	1.4893472075312571e-05
ENSG00000166819	1.489188006576272e-05
ENSG00000118777	1.4890076434306577e-05
ENSG00000225737	1.4887114039370508e-05
ENSG00000169629	1.488317622685168e-05
ENSG00000006468	1.4860789743164368e-05
ENSG00000139874	1.486023743487324e-05
ENSG00000128683	1.4857437377699253e-05
ENSG00000163995	1.4855639025062784e-05
ENSG00000119509	1.484336675485185e-05
ENSG00000161654	1.4839090176502594e-05
ENSG00000154917	1.4834990522834536e-05
ENSG00000068784	1.4834477568499263e-05
ENSG00000090487	1.4831779427786802e-05
ENSG00000118707	1.4820763591191107e-05
ENSG00000147145	1.480972826194286e-05
ENSG00000277964	1.4807871455863796e-05
ENSG00000278494	1.4795118583374553e-05
ENSG00000196950	1.4791140643818272e-05
ENSG00000178685	1.4785871791219967e-05
ENSG00000135090	1.478436142530039e-05
ENSG00000185418	1.4777971615833145e-05
ENSG00000173083	1.477190630320806e-05
ENSG00000166006	1.4771243919981191e-05
ENSG00000285317	1.4766499084133142e-05
ENSG00000182400	1.4757370229610998e-05
ENSG00000259494	1.47566066147878e-05
ENSG00000159899	1.4755648505090994e-05
ENSG00000259956	1.4750308677450734e-05
ENSG00000119723	1.4745359827910671e-05
ENSG00000112787	1.4738231541722194e-05
ENSG00000110628	1.4726933532768311e-05
ENSG00000142002	1.4721791694904204e-05
ENSG00000138823	1.471186651402895e-05
ENSG00000143198	1.4711453901352744e-05
ENSG00000025423	1.4711324278789885e-05
ENSG00000186038	1.4710561203974693e-05
ENSG00000100246	1.4708160481517824e-05
ENSG00000101911	1.4703932522786444e-05
ENSG00000198853	1.4702899579519793e-05
ENSG00000136856	1.4699520688779453e-05
ENSG00000132773	1.4698138116777967e-05
ENSG00000018625	1.4695214707758472e-05
ENSG00000177548	1.4689757494811683e-05
ENSG00000131368	1.4687675123005549e-05
ENSG00000167771	1.4682995421331069e-05
ENSG00000179115	1.4670459289966709e-05
ENSG00000188677	1.4666044215214292e-05
ENSG00000241258	1.465282754534421e-05
ENSG00000058453	1.4649847411258235e-05
ENSG00000136213	1.464419286082035e-05
ENSG00000159231	1.4640248504310536e-05
ENSG00000159579	1.4622579698521362e-05
ENSG00000144199	1.461540184109738e-05
ENSG00000147459	1.4613900580837762e-05
ENSG00000167977	1.461321728477714e-05
ENSG00000128309	1.4605340102133891e-05
ENSG00000174891	1.4600370934489192e-05
ENSG00000204946	1.4600159019590084e-05
ENSG00000128654	1.4597379079934448e-05
ENSG00000204866	1.4593421631867724e-05
ENSG00000116147	1.4589817348035977e-05
ENSG00000159763	1.457526319433062e-05
ENSG00000168907	1.4573889679273403e-05
ENSG00000110171	1.4572712576976134e-05
ENSG00000117602	1.4571922826990032e-05
ENSG00000038002	1.4565261582257129e-05
ENSG00000108523	1.4564329940408819e-05
ENSG00000136802	1.4554613706872227e-05
ENSG00000100206	1.4550562906375796e-05
ENSG00000130707	1.4547067067593309e-05
ENSG00000162614	1.4541146713454037e-05
ENSG00000166199	1.4538832039648562e-05
ENSG00000160145	1.4537396902899163e-05
ENSG00000197043	1.4532530585670664e-05
ENSG00000131370	1.4526603412431373e-05
ENSG00000180822	1.4523936363945035e-05
ENSG00000146070	1.4495966318279259e-05
ENSG00000083123	1.4491335137738071e-05
ENSG00000004776	1.4485170177846535e-05
ENSG00000136002	1.4484964534906887e-05
ENSG00000107951	1.4484202964887763e-05
ENSG00000125454	1.4474108508708313e-05
ENSG00000178409	1.447369258105607e-05
ENSG00000080293	1.4471263316848482e-05
ENSG00000182185	1.4470974196098386e-05
ENSG00000168589	1.4459651518632279e-05
ENSG00000164741	1.4456833067248326e-05
ENSG00000263012	1.4452384497306459e-05
ENSG00000159723	1.4436996323817558e-05
ENSG00000188517	1.442132332750971e-05
ENSG00000140650	1.4418732841740862e-05
ENSG00000130818	1.4402920938434301e-05
ENSG00000143889	1.4399910522412847e-05
ENSG00000177303	1.4391752799987244e-05
ENSG00000198874	1.4391079348904647e-05
ENSG00000164346	1.4390069657270657e-05
ENSG00000133773	1.4370075609159707e-05
ENSG00000162928	1.4362590785037884e-05
ENSG00000138604	1.436132281552275e-05
ENSG00000113838	1.4356388063203683e-05
ENSG00000141298	1.4353527239105402e-05
ENSG00000108242	1.4352412412190938e-05
ENSG00000242247	1.4349871703821096e-05
ENSG00000086189	1.4345267137033205e-05
ENSG00000131115	1.4338864604557974e-05
ENSG00000075073	1.4332735739641467e-05
ENSG00000169836	1.4332735739641467e-05
ENSG00000117593	1.4330702471756869e-05
ENSG00000263238	1.4324576856266964e-05
ENSG00000122507	1.4317699410175224e-05
ENSG00000132275	1.4311252289293959e-05
ENSG00000126705	1.4308090740470003e-05
ENSG00000184232	1.42980890646918e-05
ENSG00000131037	1.4297019950110005e-05
ENSG00000158615	1.429329817705182e-05
ENSG00000274636	1.4287207430346917e-05
ENSG00000137393	1.4270511812633542e-05
ENSG00000173535	1.426568580430639e-05
ENSG00000102910	1.4260704506811496e-05
ENSG00000001497	1.4247550742844707e-05
ENSG00000137207	1.4243392006169335e-05
ENSG00000118526	1.4227843059154932e-05
ENSG00000184867	1.4221743986669968e-05
ENSG00000116141	1.4221633004785887e-05
ENSG00000106392	1.421670555876481e-05
ENSG00000179361	1.4213044654107075e-05
ENSG00000150048	1.4212604880726084e-05
ENSG00000164331	1.4210411513571767e-05
ENSG00000133315	1.4202284199309057e-05
ENSG00000105849	1.419963981562391e-05
ENSG00000128710	1.4195843288870195e-05
ENSG00000183979	1.4194012198767675e-05
ENSG00000183971	1.4194012198767675e-05
ENSG00000136295	1.4184319205715567e-05
ENSG00000120278	1.4184192351065018e-05
ENSG00000085185	1.417256359912526e-05
ENSG00000056277	1.4167396965864622e-05
ENSG00000168528	1.4165135265760477e-05
ENSG00000273873	1.4163984763283398e-05
ENSG00000187094	1.416071852375762e-05
ENSG00000148688	1.4160345590463446e-05
ENSG00000125703	1.415601060044195e-05
ENSG00000111262	1.4142511525259361e-05
ENSG00000135373	1.4139938833494934e-05
ENSG00000168256	1.4134357143039074e-05
ENSG00000106246	1.4116808684090507e-05
ENSG00000147465	1.4112607338802652e-05
ENSG00000051825	1.410296168057975e-05
ENSG00000161179	1.4097925958661008e-05
ENSG00000184508	1.4096020154172744e-05
ENSG00000117425	1.4093847535764259e-05
ENSG00000091164	1.4093285314168252e-05
ENSG00000132467	1.4081013736468173e-05
ENSG00000104880	1.4079952588255001e-05
ENSG00000149922	1.4075694901664687e-05
ENSG00000114698	1.407277609613358e-05
ENSG00000111305	1.4069200787289193e-05
ENSG00000113966	1.4062628409065561e-05
ENSG00000183230	1.4057732331000047e-05
ENSG00000086015	1.4053566570331111e-05
ENSG00000156313	1.4048519021241573e-05
ENSG00000165209	1.4043338119750507e-05
ENSG00000165868	1.4038576286975266e-05
ENSG00000099284	1.4036791080470777e-05
ENSG00000275935	1.4036233900602343e-05
ENSG00000052795	1.4034710864885875e-05
ENSG00000185650	1.4021967638264573e-05
ENSG00000103335	1.4021028673473264e-05
ENSG00000267534	1.4006669185583263e-05
ENSG00000141556	1.4001393940379541e-05
ENSG00000143162	1.3996202453585671e-05
ENSG00000198610	1.3996163380766924e-05
ENSG00000256771	1.3992735334674166e-05
ENSG00000163162	1.39919067774091e-05
ENSG00000278268	1.398550038249072e-05
ENSG00000183010	1.398459496672671e-05
ENSG00000148158	1.3983694987374182e-05
ENSG00000105186	1.3982228756248418e-05
ENSG00000206561	1.3981391188884715e-05
ENSG00000285178	1.3980210308993095e-05
ENSG00000165983	1.3980032956888942e-05
ENSG00000183161	1.3970351811018418e-05
ENSG00000090006	1.396934616313197e-05
ENSG00000100284	1.3968096587371557e-05
ENSG00000135597	1.3963724777390434e-05
ENSG00000138193	1.3962669463800874e-05
ENSG00000123472	1.3959200870549496e-05
ENSG00000072609	1.395782351265954e-05
ENSG00000132879	1.3942365642829929e-05
ENSG00000164938	1.3942092710354701e-05
ENSG00000171604	1.3939980835194809e-05
ENSG00000169228	1.3935981622588171e-05
ENSG00000128512	1.3926208893044154e-05
ENSG00000277101	1.3923855118942368e-05
ENSG00000124587	1.3908262690723811e-05
ENSG00000163291	1.388005909432416e-05
ENSG00000101335	1.3876498627328064e-05
ENSG00000144451	1.3868685013130961e-05
ENSG00000010219	1.385972635043796e-05
ENSG00000136682	1.385647184674771e-05
ENSG00000185532	1.3855942374114218e-05
ENSG00000283009	1.3855740929492895e-05
ENSG00000109501	1.3835026819749103e-05
ENSG00000109519	1.3834495238796956e-05
ENSG00000196867	1.3827745966788847e-05
ENSG00000117122	1.3827715328949811e-05
ENSG00000131748	1.3818747698011407e-05
ENSG00000283847	1.3810514193092425e-05
ENSG00000079308	1.3807278517486294e-05
ENSG00000161850	1.3789703581400478e-05
ENSG00000196935	1.3788832595466171e-05
ENSG00000047457	1.378801108620061e-05
ENSG00000172262	1.3786296511011572e-05
ENSG00000130935	1.3784396738893192e-05
ENSG00000186462	1.3774317719602625e-05
ENSG00000116698	1.3766496298701073e-05
ENSG00000145741	1.375759416091599e-05
ENSG00000136448	1.3753009005157145e-05
ENSG00000175093	1.3740991494762151e-05
ENSG00000160179	1.3716415965472986e-05
ENSG00000133020	1.371554447662015e-05
ENSG00000008277	1.371289852078677e-05
ENSG00000174606	1.3707431577365155e-05
ENSG00000183826	1.3699646492729805e-05
ENSG00000168092	1.3699111656112144e-05
ENSG00000186591	1.3698449659868732e-05
ENSG00000120068	1.3697194385263948e-05
ENSG00000086062	1.3695817725657673e-05
ENSG00000186326	1.3693947176847896e-05
ENSG00000172339	1.368938937145022e-05
ENSG00000077684	1.3687947043593733e-05
ENSG00000215704	1.3672418241347724e-05
ENSG00000169871	1.366786960842543e-05
ENSG00000123999	1.3665641544981834e-05
ENSG00000157593	1.364910757628649e-05
ENSG00000180818	1.3645780470461827e-05
ENSG00000163947	1.3641614033638597e-05
ENSG00000090863	1.364129848960463e-05
ENSG00000172409	1.3631766457234232e-05
ENSG00000115944	1.3625958466831338e-05
ENSG00000185002	1.3622144685144504e-05
ENSG00000013374	1.3621058352091802e-05
ENSG00000102024	1.361427691776013e-05
ENSG00000180739	1.3606608458570002e-05
ENSG00000114021	1.3605532922421004e-05
ENSG00000167257	1.3601582446298823e-05
ENSG00000078114	1.3597583479748662e-05
ENSG00000152402	1.3590709433385048e-05
ENSG00000163249	1.3572340555383794e-05
ENSG00000118017	1.3568535002622515e-05
ENSG00000235588	1.3567905929504577e-05
ENSG00000187522	1.3566177033582418e-05
ENSG00000114650	1.3561765857488368e-05
ENSG00000185527	1.3554846651417871e-05
ENSG00000161544	1.355350126635948e-05
ENSG00000111358	1.3551823824214296e-05
ENSG00000129474	1.3547676240825582e-05
ENSG00000164253	1.3544080516681306e-05
ENSG00000037965	1.3541194111627714e-05
ENSG00000112679	1.3537469489978223e-05
ENSG00000115364	1.3528968015375352e-05
ENSG00000115368	1.3524982148449572e-05
ENSG00000156990	1.3523219775910038e-05
ENSG00000087269	1.3521473306226627e-05
ENSG00000106688	1.352055896413943e-05
ENSG00000164615	1.3516696806434734e-05
ENSG00000125844	1.3512415045691714e-05
ENSG00000185962	1.3511173387636991e-05
ENSG00000167550	1.3501659721494436e-05
ENSG00000089248	1.3501313305577494e-05
ENSG00000160223	1.3499920443754561e-05
ENSG00000129566	1.3492972492556199e-05
ENSG00000096006	1.3476805676883242e-05
ENSG00000153037	1.347164368443896e-05
ENSG00000049089	1.3464940287632107e-05
ENSG00000005981	1.3459613623416064e-05
ENSG00000182240	1.34508058378669e-05
ENSG00000140299	1.345079161392312e-05
ENSG00000119844	1.3445200741066266e-05
ENSG00000168734	1.34350389519792e-05
ENSG00000115353	1.34343558288774e-05
ENSG00000166592	1.3434327943213208e-05
ENSG00000147439	1.3432839715039237e-05
ENSG00000288362	1.3419106219914112e-05
ENSG00000108187	1.3415109675105318e-05
ENSG00000129151	1.3406292895120423e-05
ENSG00000115194	1.3404052664274538e-05
ENSG00000156453	1.3401615707058273e-05
ENSG00000160570	1.3399803495397572e-05
ENSG00000157578	1.3393771759938705e-05
ENSG00000285121	1.3391827020875766e-05
ENSG00000197885	1.3387183767989935e-05
ENSG00000063241	1.338664608536267e-05
ENSG00000171611	1.3386143509355809e-05
ENSG00000102241	1.3377888659433882e-05
ENSG00000163382	1.33744049951471e-05
ENSG00000035664	1.3366579886668437e-05
ENSG00000213614	1.3360832977129358e-05
ENSG00000122707	1.3350409206172149e-05
ENSG00000171530	1.3347271149440003e-05
ENSG00000176896	1.33328720057604e-05
ENSG00000134222	1.3329793318128668e-05
ENSG00000172830	1.3328722103667671e-05
ENSG00000024422	1.3327522004241955e-05
ENSG00000122965	1.331672910805554e-05
ENSG00000285206	1.3314682811049995e-05
ENSG00000073670	1.3313588291832547e-05
ENSG00000242265	1.3310540447240931e-05
ENSG00000106591	1.3307233225306646e-05
ENSG00000126337	1.3306593090066533e-05
ENSG00000089876	1.3305694708991694e-05
ENSG00000005379	1.3304765405608367e-05
ENSG00000121578	1.3303798710968828e-05
ENSG00000151475	1.329236284860511e-05
ENSG00000138075	1.328481127560552e-05
ENSG00000145879	1.328218820444744e-05
ENSG00000114648	1.327770766946844e-05
ENSG00000132671	1.3274737602509658e-05
ENSG00000153140	1.3270950242201353e-05
ENSG00000070444	1.3250393605965865e-05
ENSG00000116985	1.324916352511436e-05
ENSG00000178537	1.3249086955666009e-05
ENSG00000171314	1.3244805155583702e-05
ENSG00000139675	1.3220217378547973e-05
ENSG00000141127	1.321699219432785e-05
ENSG00000170469	1.3206552673117773e-05
ENSG00000164713	1.3205244659959592e-05
ENSG00000281244	1.3205002069894704e-05
ENSG00000109854	1.3203589172889418e-05
ENSG00000182628	1.3203102830406981e-05
ENSG00000183690	1.319689587832159e-05
ENSG00000125384	1.3181815793408409e-05
ENSG00000170265	1.3181074460987326e-05
ENSG00000012232	1.3174494859415337e-05
ENSG00000108797	1.31720865527859e-05
ENSG00000183023	1.3158463773106546e-05
ENSG00000124574	1.3158191245797005e-05
ENSG00000170633	1.3147259960116743e-05
ENSG00000029639	1.3139578546215236e-05
ENSG00000022840	1.3132365021394506e-05
ENSG00000084764	1.3126765073748274e-05
ENSG00000167394	1.3126304237257956e-05
ENSG00000047644	1.3121859925575041e-05
ENSG00000170477	1.311556891390183e-05
ENSG00000188739	1.310345297761552e-05
ENSG00000104490	1.3101605362314732e-05
ENSG00000103196	1.3099412597719394e-05
ENSG00000143590	1.3085027175872901e-05
ENSG00000184005	1.3080638253198967e-05
ENSG00000138279	1.307973657983713e-05
ENSG00000130299	1.3077556787884885e-05
ENSG00000106261	1.3073412346660072e-05
ENSG00000004139	1.306452747978903e-05
ENSG00000136872	1.306257642275821e-05
ENSG00000142784	1.3059647544791408e-05
ENSG00000146833	1.3052866124337208e-05
ENSG00000119685	1.3049548350523125e-05
ENSG00000133317	1.3046172632182954e-05
ENSG00000274641	1.3044855599191887e-05
ENSG00000135778	1.3040473819747918e-05
ENSG00000198517	1.3037087444507804e-05
ENSG00000092036	1.3036483399169877e-05
ENSG00000182054	1.3031344704822995e-05
ENSG00000064042	1.303076202808185e-05
ENSG00000128709	1.3028932998439992e-05
ENSG00000189283	1.3019718961837544e-05
ENSG00000121351	1.3015202436717571e-05
ENSG00000092978	1.301204456963505e-05
ENSG00000159063	1.3008981730185611e-05
ENSG00000185278	1.3005709565180438e-05
ENSG00000158793	1.2994067672119862e-05
ENSG00000166997	1.2994052434719779e-05
ENSG00000184205	1.2991864290694713e-05
ENSG00000096264	1.2984904522964575e-05
ENSG00000171772	1.29846012298735e-05
ENSG00000184056	1.2981418875548515e-05
ENSG00000041515	1.297395711751922e-05
ENSG00000181610	1.2971887708128182e-05
ENSG00000117620	1.2970281050032413e-05
ENSG00000198049	1.2962827833738932e-05
ENSG00000125885	1.2961762365827305e-05
ENSG00000049860	1.2957548306723395e-05
ENSG00000125868	1.2951994223779013e-05
ENSG00000130939	1.294888900360934e-05
ENSG00000100226	1.2936879042324289e-05
ENSG00000184985	1.2936670886450085e-05
ENSG00000197566	1.2932196686451577e-05
ENSG00000041880	1.2920915212265028e-05
ENSG00000169856	1.2919922683635696e-05
ENSG00000111271	1.2919203556479015e-05
ENSG00000165588	1.2918890593363681e-05
ENSG00000143631	1.2916338824210984e-05
ENSG00000167987	1.2909493712613872e-05
ENSG00000204128	1.2900673804811453e-05
ENSG00000149516	1.2897629830495714e-05
ENSG00000140945	1.2895547489717522e-05
ENSG00000115275	1.2887817698315519e-05
ENSG00000197863	1.2863182476647398e-05
ENSG00000146197	1.2856828641625406e-05
ENSG00000151320	1.2849539869297775e-05
ENSG00000152785	1.2842788696923502e-05
ENSG00000090530	1.2841510548111125e-05
ENSG00000147862	1.2832360899751126e-05
ENSG00000245680	1.2831433105512884e-05
ENSG00000111832	1.2830071604155259e-05
ENSG00000105968	1.2828607103717953e-05
ENSG00000100625	1.2818227800650185e-05
ENSG00000166886	1.2814972101950314e-05
ENSG00000113504	1.2808579796231232e-05
ENSG00000140395	1.280188484125332e-05
ENSG00000007001	1.2801731376829962e-05
ENSG00000111684	1.2800776240431353e-05
ENSG00000176531	1.2797576496623232e-05
ENSG00000213160	1.2797319929771135e-05
ENSG00000163412	1.2793947846032054e-05
ENSG00000005882	1.2791895492783896e-05
ENSG00000164329	1.279148374478562e-05
ENSG00000127452	1.2790578202473648e-05
ENSG00000166887	1.2783875728974572e-05
ENSG00000048392	1.2783292236929191e-05
ENSG00000272804	1.2773182028065433e-05
ENSG00000148840	1.2756315249663367e-05
ENSG00000065989	1.2749283643179918e-05
ENSG00000008853	1.2736365884677551e-05
ENSG00000168955	1.273586759899497e-05
ENSG00000035141	1.2719950240114123e-05
ENSG00000135870	1.2716520085248234e-05
ENSG00000170180	1.2714343480951705e-05
ENSG00000105227	1.2709076887486419e-05
ENSG00000278415	1.2705307015402341e-05
ENSG00000164299	1.2700406404491017e-05
ENSG00000236149	1.2700083273105361e-05
ENSG00000169515	1.2698748541251853e-05
ENSG00000006625	1.2694282192679117e-05
ENSG00000066923	1.2693819687959667e-05
ENSG00000205659	1.2691514795952707e-05
ENSG00000132698	1.2662167322687107e-05
ENSG00000164082	1.2656758541113756e-05
ENSG00000145293	1.2652433516547892e-05
ENSG00000011566	1.264642931705973e-05
ENSG00000178695	1.2639373638588904e-05
ENSG00000137875	1.2635865923112308e-05
ENSG00000269405	1.2632112456113522e-05
ENSG00000183779	1.2631961560606173e-05
ENSG00000096070	1.2628266408149118e-05
ENSG00000198695	1.2626438764041349e-05
ENSG00000151882	1.2618716179215096e-05
ENSG00000130762	1.2611659548206394e-05
ENSG00000124357	1.2606147669914433e-05
ENSG00000198860	1.2606029683223721e-05
ENSG00000146216	1.2593194326478855e-05
ENSG00000159921	1.2589785200441609e-05
ENSG00000117614	1.2588492601458155e-05
ENSG00000148384	1.2587193040418992e-05
ENSG00000181220	1.2583703193594467e-05
ENSG00000100034	1.2579314156854373e-05
ENSG00000110911	1.2573689682429178e-05
ENSG00000136040	1.257163710898381e-05
ENSG00000197705	1.2571253318867265e-05
ENSG00000149289	1.2566626586052823e-05
ENSG00000118418	1.256208813751094e-05
ENSG00000227420	1.2542503089352547e-05
ENSG00000158604	1.2542493678178357e-05
ENSG00000188542	1.2522923230649973e-05
ENSG00000139289	1.2517344526935004e-05
ENSG00000134851	1.2514953011506476e-05
ENSG00000138100	1.2505331784835716e-05
ENSG00000281230	1.2505008506980774e-05
ENSG00000143622	1.2491447802120285e-05
ENSG00000079257	1.2481788244432894e-05
ENSG00000067533	1.2469801389445181e-05
ENSG00000130957	1.2462952725054913e-05
ENSG00000276463	1.246013251521499e-05
ENSG00000143858	1.2453611255415683e-05
ENSG00000112245	1.2453380625058728e-05
ENSG00000168246	1.2443999618180629e-05
ENSG00000120688	1.2443834270894595e-05
ENSG00000173404	1.2439935484716317e-05
ENSG00000115486	1.2433970417246302e-05
ENSG00000129455	1.243101717500148e-05
ENSG00000274935	1.2430741700913735e-05
ENSG00000157782	1.2427158297783274e-05
ENSG00000169282	1.2426193002420594e-05
ENSG00000166133	1.241896193794741e-05
ENSG00000081177	1.2399496421771279e-05
ENSG00000102858	1.239047248723864e-05
ENSG00000171033	1.2386852362045287e-05
ENSG00000125144	1.2385332998697558e-05
ENSG00000215251	1.237352185337911e-05
ENSG00000149927	1.2369212843307557e-05
ENSG00000204103	1.2365752025278109e-05
ENSG00000197894	1.2363196539392673e-05
ENSG00000140557	1.2357072162213432e-05
ENSG00000203780	1.2341391055382523e-05
ENSG00000185774	1.2338498508166966e-05
ENSG00000063180	1.2332120645442251e-05
ENSG00000076067	1.2329572518129898e-05
ENSG00000100991	1.2318655207872815e-05
ENSG00000105707	1.2317717492189625e-05
ENSG00000164687	1.231006339357076e-05
ENSG00000153786	1.2306569877910815e-05
ENSG00000165795	1.2304621508966804e-05
ENSG00000077152	1.2301523844036453e-05
ENSG00000138399	1.2299102951924006e-05
ENSG00000135541	1.2298215981924899e-05
ENSG00000139370	1.2286726716489337e-05
ENSG00000141753	1.228290901976554e-05
ENSG00000168209	1.2282051254709964e-05
ENSG00000151092	1.2279213153274593e-05
ENSG00000248333	1.2277441732787135e-05
ENSG00000118816	1.2272914927671564e-05
ENSG00000198363	1.226791972364874e-05
ENSG00000169550	1.2253931980732629e-05
ENSG00000132681	1.2253153258878254e-05
ENSG00000197063	1.225057833398677e-05
ENSG00000205413	1.2246555896775241e-05
ENSG00000176020	1.2241625971292179e-05
ENSG00000171360	1.2230057291532863e-05
ENSG00000127124	1.222697717626801e-05
ENSG00000084731	1.2221680085106915e-05
ENSG00000186472	1.2208066937858902e-05
ENSG00000079156	1.2207723748241587e-05
ENSG00000124243	1.2191130548507516e-05
ENSG00000156931	1.2187829155671774e-05
ENSG00000170425	1.2179150398328208e-05
ENSG00000121486	1.2178108123908506e-05
ENSG00000174032	1.2152959093753642e-05
ENSG00000128250	1.2151338100036989e-05
ENSG00000146276	1.2149031334110216e-05
ENSG00000010704	1.2146075716335727e-05
ENSG00000023902	1.214319075962181e-05
ENSG00000050130	1.2140320034728484e-05
ENSG00000092871	1.2134770389905982e-05
ENSG00000124159	1.212534870451018e-05
ENSG00000143344	1.212337458915759e-05
ENSG00000141562	1.2121357042045551e-05
ENSG00000283391	1.2110764502207804e-05
ENSG00000087053	1.2103712126459427e-05
ENSG00000180999	1.210278159200566e-05
ENSG00000124217	1.2099592894089219e-05
ENSG00000158716	1.2099573215156448e-05
ENSG00000176142	1.2097530896704202e-05
ENSG00000172572	1.2094559422233943e-05
ENSG00000087589	1.2093630642364572e-05
ENSG00000163312	1.209259151269058e-05
ENSG00000165113	1.2090970331812419e-05
ENSG00000140280	1.2090836250116403e-05
ENSG00000155090	1.2083659318393839e-05
ENSG00000163788	1.208267087189904e-05
ENSG00000058866	1.2080724304718629e-05
ENSG00000164610	1.208035234729439e-05
ENSG00000278574	1.2079889590765908e-05
ENSG00000172680	1.2074569693087526e-05
ENSG00000115525	1.2073577611887092e-05
ENSG00000079459	1.2071652418568892e-05
ENSG00000138796	1.2065885982672529e-05
ENSG00000116679	1.2060547346546804e-05
ENSG00000162761	1.205070382717326e-05
ENSG00000134709	1.2035373723482522e-05
ENSG00000164344	1.2024026940630452e-05
ENSG00000167196	1.2020926153128125e-05
ENSG00000120437	1.2020679185462149e-05
ENSG00000151623	1.2010237363605298e-05
ENSG00000189241	1.200936232241514e-05
ENSG00000144182	1.2006617649230038e-05
ENSG00000120742	1.200535631820531e-05
ENSG00000096088	1.1998541370074054e-05
ENSG00000275165	1.199829860623851e-05
ENSG00000165006	1.1994557040676194e-05
ENSG00000158747	1.1990061663668516e-05
ENSG00000067064	1.1989107555225017e-05
ENSG00000134508	1.198235527484283e-05
ENSG00000183137	1.1976923297521925e-05
ENSG00000160216	1.1974860612041274e-05
ENSG00000153029	1.1974213808725937e-05
ENSG00000213221	1.1970921967292181e-05
ENSG00000006757	1.1966965049493978e-05
ENSG00000154274	1.1962294302338737e-05
ENSG00000163904	1.1962235022669301e-05
ENSG00000128791	1.1962203218738353e-05
ENSG00000153904	1.1961611479850373e-05
ENSG00000051596	1.195826093537197e-05
ENSG00000151615	1.1949912981205716e-05
ENSG00000089775	1.194021907322588e-05
ENSG00000283882	1.192604790228699e-05
ENSG00000014641	1.1916067271076085e-05
ENSG00000128408	1.1915943757682077e-05
ENSG00000116350	1.1906603773285106e-05
ENSG00000275498	1.1901821156837358e-05
ENSG00000100426	1.1889701139987936e-05
ENSG00000099968	1.1876668176728864e-05
ENSG00000163530	1.1874658866095073e-05
ENSG00000184060	1.186006726039606e-05
ENSG00000280873	1.1849285360235422e-05
ENSG00000148798	1.1843410188624606e-05
ENSG00000132911	1.1837860353091611e-05
ENSG00000171596	1.1837860353091611e-05
ENSG00000213246	1.183484361050644e-05
ENSG00000171793	1.1828640566561333e-05
ENSG00000127334	1.1826990293773879e-05
ENSG00000244752	1.1822727122473773e-05
ENSG00000011523	1.1805785312864789e-05
ENSG00000166396	1.1799131917327529e-05
ENSG00000164096	1.1793610424106404e-05
ENSG00000158161	1.178011426102536e-05
ENSG00000134294	1.1770423770167256e-05
ENSG00000150867	1.1763803393536284e-05
ENSG00000119522	1.1753740345156297e-05
ENSG00000139269	1.1753684190682297e-05
ENSG00000157978	1.1748864327676476e-05
ENSG00000143727	1.1739223041215194e-05
ENSG00000197223	1.1732780977197414e-05
ENSG00000138413	1.1727341577088811e-05
ENSG00000187193	1.1725236522340342e-05
ENSG00000213380	1.1715110942543672e-05
ENSG00000175283	1.1712118791695463e-05
ENSG00000196866	1.1711114883631613e-05
ENSG00000169372	1.1710820705534173e-05
ENSG00000152977	1.1708193929372708e-05
ENSG00000146263	1.1703258235962307e-05
ENSG00000178093	1.169915228023472e-05
ENSG00000076826	1.169290960322665e-05
ENSG00000162437	1.1691700853268884e-05
ENSG00000198783	1.1688653717638704e-05
ENSG00000114023	1.1685855603985711e-05
ENSG00000100359	1.1681813818663292e-05
ENSG00000105996	1.167906746119327e-05
ENSG00000179965	1.1677391408000668e-05
ENSG00000285493	1.1666295607156513e-05
ENSG00000165376	1.1663734466128998e-05
ENSG00000203785	1.165975285083578e-05
ENSG00000108255	1.1646532712307045e-05
ENSG00000147905	1.1645119183444778e-05
ENSG00000198856	1.1642863336091366e-05
ENSG00000278693	1.1637962601392614e-05
ENSG00000167487	1.163277751642852e-05
ENSG00000123165	1.1630768320274106e-05
ENSG00000169567	1.1630104633463605e-05
ENSG00000003147	1.1628058632444309e-05
ENSG00000125848	1.161924167201414e-05
ENSG00000121864	1.1617288384041864e-05
ENSG00000185414	1.1612986048742767e-05
ENSG00000132463	1.1605109236880246e-05
ENSG00000041802	1.160217121245723e-05
ENSG00000125352	1.1591160454209538e-05
ENSG00000136267	1.1586309063476303e-05
ENSG00000174442	1.15806188739492e-05
ENSG00000108433	1.1579299147423728e-05
ENSG00000152465	1.157131973958319e-05
ENSG00000206181	1.157007695814039e-05
ENSG00000277149	1.1568672115109863e-05
ENSG00000121716	1.1566241915604943e-05
ENSG00000136014	1.1565855627048647e-05
ENSG00000265354	1.1561567496803347e-05
ENSG00000149474	1.1549942174695632e-05
ENSG00000189001	1.1547579453945192e-05
ENSG00000141376	1.1538932778314008e-05
ENSG00000175482	1.1535428621546e-05
ENSG00000105717	1.1532394752639389e-05
ENSG00000182134	1.1527304156513731e-05
ENSG00000196502	1.1523824393587803e-05
ENSG00000159322	1.1521960166376984e-05
ENSG00000133056	1.1519611913786144e-05
ENSG00000180806	1.1518373313118291e-05
ENSG00000171291	1.151697769333525e-05
ENSG00000157657	1.1515282767119997e-05
ENSG00000184330	1.1514378967491963e-05
ENSG00000164778	1.1513709783280742e-05
ENSG00000175097	1.1502491570862868e-05
ENSG00000172732	1.1495593539443676e-05
ENSG00000178623	1.149228980395901e-05
ENSG00000113356	1.1486290263289043e-05
ENSG00000162599	1.1469280000144623e-05
ENSG00000128294	1.1459261137011564e-05
ENSG00000109911	1.1452432237940201e-05
ENSG00000147364	1.1438479975544469e-05
ENSG00000187045	1.1436482296552746e-05
ENSG00000157036	1.1435646108343268e-05
ENSG00000174080	1.1433018962827162e-05
ENSG00000128564	1.1432953728059833e-05
ENSG00000137936	1.1430337432761341e-05
ENSG00000105419	1.142892842716764e-05
ENSG00000132196	1.1427180961457249e-05
ENSG00000105997	1.1425359982971808e-05
ENSG00000004866	1.14135441843122e-05
ENSG00000183066	1.1413297080371932e-05
ENSG00000274829	1.1409557649701996e-05
ENSG00000155329	1.140895123969156e-05
ENSG00000169306	1.1408573177609701e-05
ENSG00000170903	1.1397968189559733e-05
ENSG00000159882	1.1394127363999504e-05
ENSG00000183715	1.1391081070323884e-05
ENSG00000122912	1.1388174030456175e-05
ENSG00000117036	1.1382687822517648e-05
ENSG00000121905	1.1382069499567345e-05
ENSG00000189129	1.1371153085498335e-05
ENSG00000139131	1.1370973005011075e-05
ENSG00000001617	1.1370221757398107e-05
ENSG00000288292	1.1368526977005046e-05
ENSG00000120594	1.1361365112578151e-05
ENSG00000139624	1.1359647222084713e-05
ENSG00000170881	1.1356145158883063e-05
ENSG00000163394	1.1355348291538965e-05
ENSG00000136929	1.1353035840664544e-05
ENSG00000078070	1.1333021698269102e-05
ENSG00000188215	1.133292556960168e-05
ENSG00000197714	1.132575767745099e-05
ENSG00000166452	1.131688567562983e-05
ENSG00000092529	1.131391245111302e-05
ENSG00000143367	1.1302882050178893e-05
ENSG00000128699	1.1301360941056448e-05
ENSG00000124787	1.1299292986943962e-05
ENSG00000203782	1.1298947429711496e-05
ENSG00000136108	1.1295726275596896e-05
ENSG00000198740	1.1293086443012023e-05
ENSG00000086232	1.1290633847012e-05
ENSG00000059378	1.1287329892566988e-05
ENSG00000168172	1.1286683978356337e-05
ENSG00000160404	1.12863140863707e-05
ENSG00000139292	1.1285905716647646e-05
ENSG00000205903	1.1283625522300265e-05
ENSG00000203760	1.1279383363842292e-05
ENSG00000091128	1.1275192368827969e-05
ENSG00000276111	1.127240295088498e-05
ENSG00000143183	1.127062690955795e-05
ENSG00000133169	1.126622415414245e-05
ENSG00000189114	1.1264248991911527e-05
ENSG00000112182	1.1262228642418282e-05
ENSG00000185090	1.1261683206127668e-05
ENSG00000071205	1.126044968445438e-05
ENSG00000274952	1.1245068678355776e-05
ENSG00000228716	1.1244638768598411e-05
ENSG00000152904	1.1237075806168335e-05
ENSG00000183734	1.1229771764502147e-05
ENSG00000153250	1.1227846832654313e-05
ENSG00000134571	1.12268823203723e-05
ENSG00000186897	1.1221175916932717e-05
ENSG00000175573	1.12199111811416e-05
ENSG00000175130	1.1216182315892759e-05
ENSG00000135899	1.121205303360862e-05
ENSG00000137996	1.121013615896171e-05
ENSG00000065609	1.1206071910188437e-05
ENSG00000126453	1.1204413836182956e-05
ENSG00000140044	1.1197933790561557e-05
ENSG00000065802	1.1194550832792781e-05
ENSG00000275214	1.1191659304460458e-05
ENSG00000204611	1.1188502728215057e-05
ENSG00000161618	1.1185426621648131e-05
ENSG00000138669	1.1183563699009062e-05
ENSG00000198759	1.1174928757000128e-05
ENSG00000132376	1.1162523046690462e-05
ENSG00000162066	1.1159336645249911e-05
ENSG00000134873	1.1158199496579684e-05
ENSG00000144596	1.115632579055383e-05
ENSG00000149679	1.1155573967756906e-05
ENSG00000140263	1.1130543596732691e-05
ENSG00000274619	1.1126583908853645e-05
ENSG00000224552	1.1123618621115051e-05
ENSG00000166503	1.1123446106407584e-05
ENSG00000147206	1.1122607509807911e-05
ENSG00000162408	1.1121269834459185e-05
ENSG00000010438	1.1108725050492806e-05
ENSG00000160868	1.1099660399462417e-05
ENSG00000187676	1.109145909295339e-05
ENSG00000069535	1.108901515926407e-05
ENSG00000135521	1.1088480783795273e-05
ENSG00000100170	1.1086228047211101e-05
ENSG00000180509	1.1080542126175618e-05
ENSG00000142686	1.1075439281746283e-05
ENSG00000137074	1.1072140785685505e-05
ENSG00000165512	1.1070164669805419e-05
ENSG00000156381	1.1069640469012229e-05
ENSG00000134874	1.1068591369435622e-05
ENSG00000288445	1.106359578964049e-05
ENSG00000150712	1.1060335073368133e-05
ENSG00000143867	1.1056811591217812e-05
ENSG00000111144	1.1056698922376806e-05
ENSG00000102100	1.1051354800825358e-05
ENSG00000120907	1.1041039525838004e-05
ENSG00000198932	1.1039765814443099e-05
ENSG00000256683	1.1036781639035083e-05
ENSG00000173706	1.1027919305160765e-05
ENSG00000196998	1.1027182142235849e-05
ENSG00000154545	1.1024449989212723e-05
ENSG00000165775	1.1014477777853286e-05
ENSG00000184182	1.1005115564398778e-05
ENSG00000223443	1.100322950315445e-05
ENSG00000215126	1.1003102254091543e-05
ENSG00000132958	1.0997856417412212e-05
ENSG00000123405	1.0995484700253313e-05
ENSG00000134597	1.0994499016699233e-05
ENSG00000138036	1.0991722672660951e-05
ENSG00000154639	1.0987630950633835e-05
ENSG00000063761	1.0985157094915383e-05
ENSG00000144535	1.0975699081422687e-05
ENSG00000011007	1.0956544054725314e-05
ENSG00000100276	1.0955225506931163e-05
ENSG00000090861	1.0953782441251383e-05
ENSG00000135148	1.0951341916661648e-05
ENSG00000160392	1.0948619869393556e-05
ENSG00000165533	1.094766793919204e-05
ENSG00000133863	1.0942951731783752e-05
ENSG00000170419	1.093931755940612e-05
ENSG00000159788	1.0930682544592684e-05
ENSG00000285343	1.0924124962009645e-05
ENSG00000122642	1.0917847977524835e-05
ENSG00000148154	1.091637986644286e-05
ENSG00000282657	1.0914945940392477e-05
ENSG00000163794	1.0909924556684413e-05
ENSG00000122481	1.0908970015897995e-05
ENSG00000103056	1.089839273325984e-05
ENSG00000115282	1.0897771139776228e-05
ENSG00000126970	1.0896501935670087e-05
ENSG00000163577	1.0890219676541403e-05
ENSG00000092200	1.0889608127589888e-05
ENSG00000179299	1.0874352367531195e-05
ENSG00000143742	1.0872320935779404e-05
ENSG00000152749	1.0870577018040009e-05
ENSG00000077585	1.086851023824064e-05
ENSG00000214415	1.0839675009351827e-05
ENSG00000134438	1.0838145365007473e-05
ENSG00000112365	1.0836935667579199e-05
ENSG00000101138	1.083567707246751e-05
ENSG00000126249	1.0832809628062293e-05
ENSG00000168067	1.082727377366115e-05
ENSG00000181481	1.0822688873121982e-05
ENSG00000071994	1.0821106044704444e-05
ENSG00000117262	1.0806811828279953e-05
ENSG00000090857	1.0805503150510147e-05
ENSG00000165733	1.0803899323846531e-05
ENSG00000110218	1.0802124991170755e-05
ENSG00000206150	1.0786941799058647e-05
ENSG00000111049	1.0774010024445096e-05
ENSG00000263057	1.0773939501998806e-05
ENSG00000133878	1.0769496870682663e-05
ENSG00000143748	1.075893100769637e-05
ENSG00000103995	1.0753580350042735e-05
ENSG00000164532	1.0753404572915835e-05
ENSG00000138640	1.0749699698702366e-05
ENSG00000126562	1.0744396895974706e-05
ENSG00000214113	1.0741334009755151e-05
ENSG00000163694	1.0740244328791772e-05
ENSG00000276495	1.0731607345800597e-05
ENSG00000171016	1.0728122516047974e-05
ENSG00000173674	1.0709325521089866e-05
ENSG00000120709	1.0707523406675287e-05
ENSG00000170779	1.0705394713999987e-05
ENSG00000179148	1.0702595420097382e-05
ENSG00000086102	1.07011233798067e-05
ENSG00000198492	1.0691822920811999e-05
ENSG00000169291	1.0690480358861333e-05
ENSG00000116254	1.0679551962678243e-05
ENSG00000099769	1.0677411936974498e-05
ENSG00000099203	1.0671180703867378e-05
ENSG00000167173	1.067015104667942e-05
ENSG00000176894	1.0655629458026176e-05
ENSG00000168802	1.0650088588983681e-05
ENSG00000172554	1.0643191385078778e-05
ENSG00000277926	1.0640551628838348e-05
ENSG00000009765	1.0639885222744097e-05
ENSG00000198042	1.06366246565791e-05
ENSG00000180481	1.0633879243335092e-05
ENSG00000181544	1.0616776464993862e-05
ENSG00000108557	1.060552861827103e-05
ENSG00000057468	1.0598830065096867e-05
ENSG00000087903	1.0594924791119938e-05
ENSG00000225921	1.058788332682034e-05
ENSG00000006634	1.057936643627673e-05
ENSG00000119812	1.0578140612265954e-05
ENSG00000197798	1.0577456057535231e-05
ENSG00000099260	1.0571769475917538e-05
ENSG00000223572	1.0560508443790345e-05
ENSG00000130348	1.0559298096445753e-05
ENSG00000163017	1.0553670292462267e-05
ENSG00000180720	1.0544425810258672e-05
ENSG00000141384	1.054242923053249e-05
ENSG00000171989	1.0542354584802075e-05
ENSG00000126259	1.0538722045348872e-05
ENSG00000198838	1.0531417016856568e-05
ENSG00000088538	1.0522216858111106e-05
ENSG00000006116	1.0506004388267233e-05
ENSG00000164307	1.0504200847161974e-05
ENSG00000154620	1.0501913073830311e-05
ENSG00000124839	1.0497434098660433e-05
ENSG00000033050	1.0495679440028994e-05
ENSG00000050438	1.049261384550547e-05
ENSG00000226384	1.0490142780814918e-05
ENSG00000163453	1.0482633276813634e-05
ENSG00000158526	1.0468048410368147e-05
ENSG00000198276	1.0463574655851072e-05
ENSG00000116120	1.0454456844859451e-05
ENSG00000178473	1.0452328787217186e-05
ENSG00000130338	1.0449802499980896e-05
ENSG00000162267	1.0447942954550509e-05
ENSG00000114902	1.0447590301558824e-05
ENSG00000142459	1.0436188337324766e-05
ENSG00000122477	1.0423085681071572e-05
ENSG00000166192	1.0420752172897458e-05
ENSG00000100321	1.0419673302081784e-05
ENSG00000023697	1.0417338559790986e-05
ENSG00000116017	1.0414468011130468e-05
ENSG00000100258	1.04138436947676e-05
ENSG00000184470	1.0413386819679678e-05
ENSG00000119599	1.040185137416578e-05
ENSG00000005302	1.0398834911200532e-05
ENSG00000129667	1.0397423683537868e-05
ENSG00000108651	1.039693858074006e-05
ENSG00000272398	1.0393780083593254e-05
ENSG00000186017	1.0389596381279193e-05
ENSG00000145919	1.0379314975280457e-05
ENSG00000175946	1.0378908803652177e-05
ENSG00000282228	1.0377364044783325e-05
ENSG00000139921	1.0377049250705445e-05
ENSG00000171243	1.0368514490046411e-05
ENSG00000167566	1.0364081267765698e-05
ENSG00000277439	1.0362128787590288e-05
ENSG00000056998	1.0361422643092346e-05
ENSG00000160714	1.0359858936703456e-05
ENSG00000152642	1.0354512934799366e-05
ENSG00000169129	1.0349547965232465e-05
ENSG00000141696	1.0336442408654938e-05
ENSG00000173418	1.0336286789550767e-05
ENSG00000144834	1.03319912438375e-05
ENSG00000163719	1.0325586858469501e-05
ENSG00000149305	1.0322373518987552e-05
ENSG00000186090	1.0322373518987552e-05
ENSG00000163914	1.0319613034310576e-05
ENSG00000262327	1.0319426919992594e-05
ENSG00000143545	1.030761852875901e-05
ENSG00000108406	1.03075630019514e-05
ENSG00000182831	1.0301465746096234e-05
ENSG00000164649	1.0299750004431272e-05
ENSG00000166866	1.0291206343254898e-05
ENSG00000137270	1.0287983003509732e-05
ENSG00000164048	1.0284747832466022e-05
ENSG00000185947	1.0282891226252287e-05
ENSG00000243910	1.0279793865346393e-05
ENSG00000124713	1.0268194052450316e-05
ENSG00000163125	1.0265429189267145e-05
ENSG00000138660	1.0263990623679298e-05
ENSG00000168890	1.0242002518703248e-05
ENSG00000182575	1.0231809388587144e-05
ENSG00000223887	1.0212139068087038e-05
ENSG00000168515	1.0204071378264733e-05
ENSG00000143536	1.0198735696100421e-05
ENSG00000177239	1.018936406701315e-05
ENSG00000080200	1.0187442279141305e-05
ENSG00000042317	1.017196561623188e-05
ENSG00000067177	1.016970756655349e-05
ENSG00000278129	1.0169671708717708e-05
ENSG00000170584	1.0168304738506519e-05
ENSG00000138115	1.0161878275056816e-05
ENSG00000105245	1.015514887242056e-05
ENSG00000172331	1.0150508771641186e-05
ENSG00000090470	1.0149700019725848e-05
ENSG00000171603	1.0148160773216529e-05
ENSG00000141519	1.0139613047703072e-05
ENSG00000260428	1.0130912872633852e-05
ENSG00000099282	1.012070643180286e-05
ENSG00000158014	1.0112158021895933e-05
ENSG00000115652	1.010606538471628e-05
ENSG00000161533	1.009247088791218e-05
ENSG00000155961	1.0090627806512277e-05
ENSG00000164708	1.0078391365011866e-05
ENSG00000116885	1.0078288987256831e-05
ENSG00000159164	1.007727722606264e-05
ENSG00000197696	1.0070404173521911e-05
ENSG00000187231	1.0067984235921402e-05
ENSG00000148411	1.0054224076914581e-05
ENSG00000182732	1.0048102828138964e-05
ENSG00000185112	1.0042293832607049e-05
ENSG00000130764	1.0038462843621202e-05
ENSG00000158691	1.0036310270064571e-05
ENSG00000172927	1.0030523560996527e-05
ENSG00000104853	1.0028720051295047e-05
ENSG00000155093	1.0027450634301336e-05
ENSG00000118420	1.0003419089301993e-05
ENSG00000206562	9.998576067728528e-06
ENSG00000171295	9.995968769662511e-06
ENSG00000196850	9.995122651235608e-06
ENSG00000204160	9.994925499789907e-06
ENSG00000188807	9.994349123913726e-06
ENSG00000275111	9.985940651973297e-06
ENSG00000109220	9.982390097937743e-06
ENSG00000171385	9.982384829206894e-06
ENSG00000173611	9.981220356817369e-06
ENSG00000165905	9.975246017993929e-06
ENSG00000049769	9.974281543840318e-06
ENSG00000101294	9.973107431740166e-06
ENSG00000198691	9.972130839139604e-06
ENSG00000004399	9.972130839139604e-06
ENSG00000100031	9.972130839139604e-06
ENSG00000196562	9.964875388094059e-06
ENSG00000132746	9.942520810454498e-06
ENSG00000115504	9.941057879580957e-06
ENSG00000169914	9.939995261365891e-06
ENSG00000107959	9.924307178272614e-06
ENSG00000161610	9.914527751997777e-06
ENSG00000148719	9.913933232060951e-06
ENSG00000125508	9.91317128987854e-06
ENSG00000136938	9.912684836074967e-06
ENSG00000182551	9.910996780217606e-06
ENSG00000140497	9.909592075091777e-06
ENSG00000283104	9.909397355239244e-06
ENSG00000101134	9.908880537636141e-06
ENSG00000171873	9.905925613027097e-06
ENSG00000275544	9.903114787279244e-06
ENSG00000122515	9.89917589803644e-06
ENSG00000165702	9.898446513709417e-06
ENSG00000178199	9.884357401891506e-06
ENSG00000118939	9.87768825698032e-06
ENSG00000197121	9.876818544732522e-06
ENSG00000285301	9.858976007120766e-06
ENSG00000135317	9.857595172012014e-06
ENSG00000142733	9.855851507122457e-06
ENSG00000188092	9.85061315783598e-06
ENSG00000115421	9.850147487051223e-06
ENSG00000196159	9.848180559633818e-06
ENSG00000162600	9.8426474815995e-06
ENSG00000136011	9.837157617749814e-06
ENSG00000197077	9.836509051299188e-06
ENSG00000164061	9.835646573639511e-06
ENSG00000156284	9.834642003816936e-06
ENSG00000266964	9.834157822640903e-06
ENSG00000152527	9.829869666366534e-06
ENSG00000146733	9.827224424237077e-06
ENSG00000120254	9.827203335904235e-06
ENSG00000129680	9.8185038088309e-06
ENSG00000177380	9.817591440526558e-06
ENSG00000119138	9.815896117461373e-06
ENSG00000274675	9.813556833318174e-06
ENSG00000103174	9.804211482746632e-06
ENSG00000227402	9.801552960476371e-06
ENSG00000124019	9.790113626542941e-06
ENSG00000151012	9.782342868769731e-06
ENSG00000101935	9.775771253908774e-06
ENSG00000180537	9.773931730348315e-06
ENSG00000138035	9.763978805471444e-06
ENSG00000163624	9.761327145711705e-06
ENSG00000137760	9.75311614823411e-06
ENSG00000136643	9.74895408061267e-06
ENSG00000078804	9.738615453547068e-06
ENSG00000162300	9.73405520139241e-06
ENSG00000185101	9.731573374018402e-06
ENSG00000197375	9.726936374935294e-06
ENSG00000198736	9.725655521534041e-06
ENSG00000138207	9.72036731919354e-06
ENSG00000213190	9.718107298685158e-06
ENSG00000118263	9.705434594653157e-06
ENSG00000124827	9.70385009350947e-06
ENSG00000171055	9.702072630094364e-06
ENSG00000198142	9.700025216797648e-06
ENSG00000133935	9.697940536890062e-06
ENSG00000164080	9.68917496041613e-06
ENSG00000268447	9.688120876052256e-06
ENSG00000185842	9.684950472606286e-06
ENSG00000179922	9.68166183238741e-06
ENSG00000168484	9.6766023197388e-06
ENSG00000165188	9.673972233533695e-06
ENSG00000138709	9.673102609453602e-06
ENSG00000104313	9.671874736810258e-06
ENSG00000143641	9.670664211251481e-06
ENSG00000129696	9.66859966758459e-06
ENSG00000143315	9.667618782571719e-06
ENSG00000017260	9.661176202091288e-06
ENSG00000120727	9.659916186819475e-06
ENSG00000106771	9.651954177384953e-06
ENSG00000113763	9.646340075739134e-06
ENSG00000278787	9.644765527545927e-06
ENSG00000196632	9.642902510193464e-06
ENSG00000041988	9.642413906134288e-06
ENSG00000182307	9.636973449702515e-06
ENSG00000112276	9.63564313608335e-06
ENSG00000183155	9.630915449647901e-06
ENSG00000103227	9.627449273010024e-06
ENSG00000172992	9.62371875359885e-06
ENSG00000115539	9.622449749063963e-06
ENSG00000129353	9.616831304129342e-06
ENSG00000173221	9.608030366646535e-06
ENSG00000147082	9.595835678687197e-06
ENSG00000130234	9.589751094638163e-06
ENSG00000131269	9.58921655329567e-06
ENSG00000184939	9.581499620705151e-06
ENSG00000145850	9.581396664370147e-06
ENSG00000163319	9.578995693841774e-06
ENSG00000004455	9.57174257969348e-06
ENSG00000100575	9.571372946247923e-06
ENSG00000064687	9.570067275849208e-06
ENSG00000285426	9.56957153913299e-06
ENSG00000165312	9.564930915319088e-06
ENSG00000184178	9.564266739924062e-06
ENSG00000138439	9.56380600929621e-06
ENSG00000065154	9.557011907711088e-06
ENSG00000185869	9.556178739687545e-06
ENSG00000120162	9.55392853280514e-06
ENSG00000164877	9.550953085854479e-06
ENSG00000104299	9.548091750993443e-06
ENSG00000129159	9.543775869834319e-06
ENSG00000141503	9.539864774712476e-06
ENSG00000254550	9.539518186640522e-06
ENSG00000258315	9.53748951529635e-06
ENSG00000102539	9.537113299855292e-06
ENSG00000175325	9.536955208124964e-06
ENSG00000037042	9.536371780493532e-06
ENSG00000149577	9.532756070798301e-06
ENSG00000171302	9.530941538295812e-06
ENSG00000122859	9.523268464156604e-06
ENSG00000138794	9.518588393140308e-06
ENSG00000171017	9.51458433524517e-06
ENSG00000053438	9.5106498301722e-06
ENSG00000144040	9.50978547328664e-06
ENSG00000170486	9.509191920764728e-06
ENSG00000101888	9.50098390308664e-06
ENSG00000077232	9.497932968367378e-06
ENSG00000173451	9.493020987791776e-06
ENSG00000229117	9.490258470996294e-06
ENSG00000134504	9.483208982524088e-06
ENSG00000113552	9.473234842291258e-06
ENSG00000214706	9.462608375774935e-06
ENSG00000169155	9.460278642554904e-06
ENSG00000140545	9.460025866265851e-06
ENSG00000132603	9.454546863638054e-06
ENSG00000241945	9.453920306023343e-06
ENSG00000140057	9.44634944510094e-06
ENSG00000211598	9.446076047605354e-06
ENSG00000162430	9.444747921273713e-06
ENSG00000074964	9.443296360458204e-06
ENSG00000159784	9.441519228479002e-06
ENSG00000284120	9.439713720342693e-06
ENSG00000101115	9.438384229061067e-06
ENSG00000282838	9.429966658171978e-06
ENSG00000180901	9.428277462472669e-06
ENSG00000132357	9.427836198688708e-06
ENSG00000104341	9.420030013062603e-06
ENSG00000130717	9.41791494211591e-06
ENSG00000118946	9.416621405007225e-06
ENSG00000167130	9.416127722847982e-06
ENSG00000105141	9.413736544232346e-06
ENSG00000103528	9.410212801781403e-06
ENSG00000107105	9.396794589713521e-06
ENSG00000121851	9.392216018712166e-06
ENSG00000104980	9.387362788936316e-06
ENSG00000145022	9.382179822668592e-06
ENSG00000143515	9.380642734617705e-06
ENSG00000101282	9.375469082724613e-06
ENSG00000126001	9.373838394786382e-06
ENSG00000121634	9.372105260015145e-06
ENSG00000074527	9.362845985038026e-06
ENSG00000168924	9.362655846608185e-06
ENSG00000129347	9.353430617873975e-06
ENSG00000108175	9.3502903866615e-06
ENSG00000132570	9.34689880350957e-06
ENSG00000174013	9.34669943524961e-06
ENSG00000138162	9.342108588869597e-06
ENSG00000114115	9.336490008504457e-06
ENSG00000117400	9.333032391137204e-06
ENSG00000163531	9.330318280874479e-06
ENSG00000130294	9.321378642703645e-06
ENSG00000165272	9.320027119283748e-06
ENSG00000152137	9.313959001436035e-06
ENSG00000165970	9.312864514968842e-06
ENSG00000021300	9.309462412795455e-06
ENSG00000102076	9.302996019669636e-06
ENSG00000137821	9.2924679022703e-06
ENSG00000176473	9.279720916035973e-06
ENSG00000165300	9.273137311443304e-06
ENSG00000178732	9.263433960418768e-06
ENSG00000018699	9.261255185246975e-06
ENSG00000128322	9.256956510931603e-06
ENSG00000178922	9.246551074988755e-06
ENSG00000156113	9.238479975710202e-06
ENSG00000198216	9.235772294120116e-06
ENSG00000177558	9.226474784081687e-06
ENSG00000275713	9.221041360785753e-06
ENSG00000147324	9.220127838708642e-06
ENSG00000205268	9.215472645363774e-06
ENSG00000085999	9.211677039631766e-06
ENSG00000197324	9.200448401207214e-06
ENSG00000188015	9.198631291341734e-06
ENSG00000163006	9.195870287731203e-06
ENSG00000133742	9.18611339408881e-06
ENSG00000133193	9.181028135683212e-06
ENSG00000263324	9.18098329934275e-06
ENSG00000204084	9.171654038608099e-06
ENSG00000157985	9.165281206320143e-06
ENSG00000108924	9.164205848563764e-06
ENSG00000182521	9.16297655786821e-06
ENSG00000159348	9.154422598489103e-06
ENSG00000275045	9.147218960505118e-06
ENSG00000163931	9.146199525643778e-06
ENSG00000003436	9.13635342610604e-06
ENSG00000130703	9.132615622320533e-06
ENSG00000274286	9.118339397278499e-06
ENSG00000131864	9.102947439067449e-06
ENSG00000145911	9.082065734525657e-06
ENSG00000182512	9.072274457842331e-06
ENSG00000099949	9.07124247409807e-06
ENSG00000284501	9.05239273607952e-06
ENSG00000141504	9.051170244865469e-06
ENSG00000034693	9.045828847194741e-06
ENSG00000100146	9.045247593493189e-06
ENSG00000278728	9.038868927233269e-06
ENSG00000274391	9.03081376143024e-06
ENSG00000143457	9.019939504931563e-06
ENSG00000067208	9.013534467642822e-06
ENSG00000131183	9.012919378519336e-06
ENSG00000092421	9.010125360444768e-06
ENSG00000133069	9.008867076178383e-06
ENSG00000166507	8.998418384860517e-06
ENSG00000204179	8.998090970974164e-06
ENSG00000144455	8.986102745405965e-06
ENSG00000148019	8.981790018028614e-06
ENSG00000008282	8.97567690506198e-06
ENSG00000168993	8.965159997730698e-06
ENSG00000166582	8.955809993861734e-06
ENSG00000164465	8.954017391665954e-06
ENSG00000166833	8.947947160988528e-06
ENSG00000179750	8.941283610377773e-06
ENSG00000160752	8.930709551718426e-06
ENSG00000118514	8.92833526274566e-06
ENSG00000171469	8.926894026199245e-06
ENSG00000283030	8.919548618084563e-06
ENSG00000105088	8.916307679773904e-06
ENSG00000174007	8.913703361337781e-06
ENSG00000117226	8.91191067214004e-06
ENSG00000285449	8.906625576196184e-06
ENSG00000108932	8.906298471441238e-06
ENSG00000100243	8.894830895733532e-06
ENSG00000184588	8.893345944460506e-06
ENSG00000122176	8.890634470545022e-06
ENSG00000145348	8.88697495917783e-06
ENSG00000115380	8.877967041474924e-06
ENSG00000166923	8.863358179319918e-06
ENSG00000158373	8.859545679998045e-06
ENSG00000130844	8.85026469928791e-06
ENSG00000030304	8.841199864554203e-06
ENSG00000248098	8.840988628070745e-06
ENSG00000100347	8.837356265786163e-06
ENSG00000143450	8.836855052894677e-06
ENSG00000281709	8.833144421797024e-06
ENSG00000227720	8.820926570115644e-06
ENSG00000163623	8.816861302204525e-06
ENSG00000137509	8.812363675103043e-06
ENSG00000069018	8.806035697502297e-06
ENSG00000134779	8.803620964509862e-06
ENSG00000244414	8.798476445462913e-06
ENSG00000171735	8.79738194704293e-06
ENSG00000135845	8.7960251000326e-06
ENSG00000136193	8.794806376629328e-06
ENSG00000005469	8.788300386678037e-06
ENSG00000157150	8.78670611793042e-06
ENSG00000240857	8.784797322241555e-06
ENSG00000106853	8.784708477432922e-06
ENSG00000154174	8.784645339023359e-06
ENSG00000176422	8.777733646787554e-06
ENSG00000102393	8.773788326417195e-06
ENSG00000206557	8.771044359864446e-06
ENSG00000105778	8.769602325461543e-06
ENSG00000072422	8.769092422266465e-06
ENSG00000106689	8.767029602540496e-06
ENSG00000268606	8.761163194361465e-06
ENSG00000178150	8.760189988033382e-06
ENSG00000162222	8.757894800515953e-06
ENSG00000162419	8.74421416643885e-06
ENSG00000180263	8.724563397224769e-06
ENSG00000136982	8.717353597459264e-06
ENSG00000011260	8.706645315648355e-06
ENSG00000128944	8.70143647846512e-06
ENSG00000145681	8.69728735033805e-06
ENSG00000144401	8.69643229090997e-06
ENSG00000134812	8.675674035492843e-06
ENSG00000143319	8.673631077273302e-06
ENSG00000179364	8.669997534033902e-06
ENSG00000205838	8.658631632138475e-06
ENSG00000187147	8.65823116029171e-06
ENSG00000283024	8.657995958430784e-06
ENSG00000134343	8.657941616326837e-06
ENSG00000104936	8.655347236561159e-06
ENSG00000144354	8.6527865845671e-06
ENSG00000169299	8.64872333929625e-06
ENSG00000137478	8.645950369233779e-06
ENSG00000106069	8.636371425053413e-06
ENSG00000234508	8.636126728195995e-06
ENSG00000198832	8.635426237088113e-06
ENSG00000145194	8.630042061383653e-06
ENSG00000136319	8.630031283126599e-06
ENSG00000274296	8.628433362632925e-06
ENSG00000280969	8.625555480487403e-06
ENSG00000147383	8.619800361591054e-06
ENSG00000073803	8.61502015394056e-06
ENSG00000138430	8.614001656629413e-06
ENSG00000204086	8.612710394347309e-06
ENSG00000005194	8.605882048246674e-06
ENSG00000137073	8.600497611814044e-06
ENSG00000235568	8.59680101833379e-06
ENSG00000276537	8.586400342876543e-06
ENSG00000133422	8.578367048059821e-06
ENSG00000091127	8.571673647393808e-06
ENSG00000196353	8.570237925807734e-06
ENSG00000070610	8.551217313738275e-06
ENSG00000134324	8.550856607840797e-06
ENSG00000143520	8.547987211768667e-06
ENSG00000120094	8.547414916551883e-06
ENSG00000135898	8.541657104714813e-06
ENSG00000103037	8.541281266893645e-06
ENSG00000149212	8.530489034218658e-06
ENSG00000135205	8.526948160310873e-06
ENSG00000118495	8.518232961319711e-06
ENSG00000156502	8.515823184560544e-06
ENSG00000032444	8.511388220048147e-06
ENSG00000243147	8.49734155479631e-06
ENSG00000197891	8.49542560136793e-06
ENSG00000171487	8.493923314780635e-06
ENSG00000127993	8.485400953942412e-06
ENSG00000151611	8.482528346027506e-06
ENSG00000127311	8.480808652038848e-06
ENSG00000175643	8.479946109010256e-06
ENSG00000147419	8.479842393025295e-06
ENSG00000170819	8.479114098245617e-06
ENSG00000151164	8.478826781516076e-06
ENSG00000176715	8.474228198033717e-06
ENSG00000161204	8.47365917684441e-06
ENSG00000189369	8.47171418114265e-06
ENSG00000171298	8.468255855390955e-06
ENSG00000166311	8.466470657579652e-06
ENSG00000100664	8.464535012351445e-06
ENSG00000141526	8.463997123716901e-06
ENSG00000151835	8.450747334011536e-06
ENSG00000070729	8.44376271925614e-06
ENSG00000133475	8.44376271925614e-06
ENSG00000101493	8.436638614695612e-06
ENSG00000188735	8.430582662429883e-06
ENSG00000282880	8.429948941434385e-06
ENSG00000052126	8.427220467853167e-06
ENSG00000175206	8.423408608261025e-06
ENSG00000163273	8.423408608261025e-06
ENSG00000124275	8.416918102001608e-06
ENSG00000168826	8.413436885298767e-06
ENSG00000160959	8.410866389679008e-06
ENSG00000013573	8.404695651983795e-06
ENSG00000164284	8.390626442466313e-06
ENSG00000008118	8.38992333878253e-06
ENSG00000104691	8.388176286434042e-06
ENSG00000168453	8.380477557572247e-06
ENSG00000149571	8.37211856594239e-06
ENSG00000167565	8.370816699059371e-06
ENSG00000100154	8.366417317688741e-06
ENSG00000105829	8.362432741080861e-06
ENSG00000172059	8.362210705775892e-06
ENSG00000284841	8.360732175349529e-06
ENSG00000236515	8.360339795810368e-06
ENSG00000133135	8.359877577715201e-06
ENSG00000152518	8.353296686946328e-06
ENSG00000169258	8.353028750401617e-06
ENSG00000110063	8.348758661629611e-06
ENSG00000144893	8.346429570848266e-06
ENSG00000178996	8.3432253230102e-06
ENSG00000107929	8.332757579946227e-06
ENSG00000162814	8.326842293584667e-06
ENSG00000160211	8.317846560815684e-06
ENSG00000141560	8.30580906190619e-06
ENSG00000157823	8.305095770332087e-06
ENSG00000151176	8.295392944172593e-06
ENSG00000108219	8.295330422354223e-06
ENSG00000124523	8.290185732181239e-06
ENSG00000196372	8.28578293562544e-06
ENSG00000113272	8.281760490259505e-06
ENSG00000162595	8.27761319643385e-06
ENSG00000282830	8.272729600574375e-06
ENSG00000164076	8.272729600574375e-06
ENSG00000205758	8.269575294573632e-06
ENSG00000151575	8.266612157374242e-06
ENSG00000114670	8.261846562120844e-06
ENSG00000170298	8.254919035645582e-06
ENSG00000091622	8.253861412154623e-06
ENSG00000164309	8.25031370592316e-06
ENSG00000135480	8.24971043686699e-06
ENSG00000140743	8.242241601816624e-06
ENSG00000157322	8.24118881822668e-06
ENSG00000166831	8.239157590784659e-06
ENSG00000143376	8.236556834023114e-06
ENSG00000170502	8.230578944036843e-06
ENSG00000119950	8.221423641852142e-06
ENSG00000155087	8.209854038944032e-06
ENSG00000171310	8.207757541481126e-06
ENSG00000123728	8.206873629800354e-06
ENSG00000197757	8.205819822447305e-06
ENSG00000184840	8.201648589448616e-06
ENSG00000132313	8.20087798314182e-06
ENSG00000013523	8.19728154561961e-06
ENSG00000136783	8.196377972454277e-06
ENSG00000166105	8.196125229971184e-06
ENSG00000054277	8.192769167030639e-06
ENSG00000172476	8.191113159583683e-06
ENSG00000136770	8.189361477085854e-06
ENSG00000126861	8.186201770525705e-06
ENSG00000177984	8.18615034975608e-06
ENSG00000241794	8.178038972547288e-06
ENSG00000038532	8.175694543966055e-06
ENSG00000161180	8.175348937674845e-06
ENSG00000283018	8.17328091046212e-06
ENSG00000130948	8.157484467883423e-06
ENSG00000060491	8.152818819590173e-06
ENSG00000100814	8.147188218130861e-06
ENSG00000277656	8.14506421197626e-06
ENSG00000281661	8.141742720555768e-06
ENSG00000107719	8.139586410603166e-06
ENSG00000126233	8.131596642285791e-06
ENSG00000106327	8.129578925691267e-06
ENSG00000280477	8.125196747868375e-06
ENSG00000160199	8.11713951650153e-06
ENSG00000124279	8.106112532887565e-06
ENSG00000113119	8.105778086080722e-06
ENSG00000262635	8.104174826840857e-06
ENSG00000169764	8.098141723391287e-06
ENSG00000172828	8.090069762026446e-06
ENSG00000182132	8.089448636915209e-06
ENSG00000073536	8.088288616697329e-06
ENSG00000170234	8.086126337004553e-06
ENSG00000104497	8.08432899584431e-06
ENSG00000187713	8.082656020371962e-06
ENSG00000255501	8.082457408455352e-06
ENSG00000148218	8.07273391458873e-06
ENSG00000112039	8.06802062625657e-06
ENSG00000124374	8.046524880810889e-06
ENSG00000087842	8.045802137198367e-06
ENSG00000244122	8.043078155236496e-06
ENSG00000241119	8.043078155236496e-06
ENSG00000083544	8.04139591772403e-06
ENSG00000285182	8.018802372042128e-06
ENSG00000104866	8.005270581289327e-06
ENSG00000266074	7.999427427916287e-06
ENSG00000176401	7.997200012643136e-06
ENSG00000167315	7.996682089130826e-06
ENSG00000102098	7.993881977365085e-06
ENSG00000170577	7.990958941436738e-06
ENSG00000081721	7.985079856542596e-06
ENSG00000128394	7.983973381845205e-06
ENSG00000149150	7.981473655913387e-06
ENSG00000158856	7.980702108804023e-06
ENSG00000159202	7.97685670714286e-06
ENSG00000176095	7.975191689627434e-06
ENSG00000141429	7.974867342719051e-06
ENSG00000152558	7.970551125106835e-06
ENSG00000108576	7.965466340263427e-06
ENSG00000166033	7.958944278671708e-06
ENSG00000106868	7.957619147262333e-06
ENSG00000166529	7.943211417710788e-06
ENSG00000113790	7.929339909736486e-06
ENSG00000156006	7.928907958602616e-06
ENSG00000065882	7.928156352048834e-06
ENSG00000176988	7.926467772064339e-06
ENSG00000117868	7.920638073758788e-06
ENSG00000142751	7.913793651061859e-06
ENSG00000181143	7.913075388292077e-06
ENSG00000261221	7.908419578334834e-06
ENSG00000198039	7.90780047150257e-06
ENSG00000102890	7.899072200294119e-06
ENSG00000136449	7.894645460869626e-06
ENSG00000189023	7.890933996827442e-06
ENSG00000111802	7.887410825611761e-06
ENSG00000101188	7.880421838187325e-06
ENSG00000234545	7.879392133600795e-06
ENSG00000263090	7.877645850950436e-06
ENSG00000198203	7.874854133008388e-06
ENSG00000149547	7.869312455683348e-06
ENSG00000278191	7.86670549862703e-06
ENSG00000196388	7.856898661795702e-06
ENSG00000160685	7.852695065185026e-06
ENSG00000137274	7.851019573297703e-06
ENSG00000173145	7.8353921437141e-06
ENSG00000140505	7.830387639192577e-06
ENSG00000189337	7.828827551155254e-06
ENSG00000143412	7.828827551155254e-06
ENSG00000108551	7.821869475000904e-06
ENSG00000129038	7.819679431548384e-06
ENSG00000187189	7.8195144020658e-06
ENSG00000166261	7.816088032393638e-06
ENSG00000013016	7.814864597540284e-06
ENSG00000102904	7.810670572550734e-06
ENSG00000188690	7.81028826995228e-06
ENSG00000130649	7.803948565017732e-06
ENSG00000169862	7.800272309186949e-06
ENSG00000284228	7.799168562435792e-06
ENSG00000185838	7.798264486035922e-06
ENSG00000155256	7.79549740745047e-06
ENSG00000125962	7.793834860967108e-06
ENSG00000149929	7.791448538129975e-06
ENSG00000181804	7.783957341385517e-06
ENSG00000174963	7.77849190021011e-06
ENSG00000042088	7.776331138339444e-06
ENSG00000167972	7.77180586989726e-06
ENSG00000085998	7.77180586989726e-06
ENSG00000134780	7.77180586989726e-06
ENSG00000070614	7.770743178525957e-06
ENSG00000084070	7.768023423096224e-06
ENSG00000185960	7.765969844228858e-06
ENSG00000141627	7.757921164090848e-06
ENSG00000126460	7.754457663402104e-06
ENSG00000121068	7.752841668078323e-06
ENSG00000229353	7.75108042665752e-06
ENSG00000006740	7.74733164921545e-06
ENSG00000184954	7.742499737142125e-06
ENSG00000120289	7.740613023473852e-06
ENSG00000214827	7.734662736988819e-06
ENSG00000165443	7.734120588251398e-06
ENSG00000283868	7.726399379642696e-06
ENSG00000136010	7.724980317367607e-06
ENSG00000144711	7.723309313186874e-06
ENSG00000110104	7.722267549894749e-06
ENSG00000162522	7.719598191681661e-06
ENSG00000285390	7.713818973711627e-06
ENSG00000101695	7.701047487052107e-06
ENSG00000173786	7.693777418695541e-06
ENSG00000160181	7.69205947466432e-06
ENSG00000151093	7.689366462604271e-06
ENSG00000100997	7.688714688449335e-06
ENSG00000126524	7.685711321626972e-06
ENSG00000103723	7.682579523855372e-06
ENSG00000141401	7.674938931349145e-06
ENSG00000130881	7.673173163086327e-06
ENSG00000100288	7.673023073521994e-06
ENSG00000277276	7.670993273984849e-06
ENSG00000137726	7.669553865264542e-06
ENSG00000166123	7.662605816275687e-06
ENSG00000273703	7.652984413453425e-06
ENSG00000147789	7.646251222320949e-06
ENSG00000138442	7.641753773427256e-06
ENSG00000176358	7.634791421931601e-06
ENSG00000067221	7.627616844816461e-06
ENSG00000147955	7.626780414061748e-06
ENSG00000110076	7.6254593206675694e-06
ENSG00000172167	7.616433233709372e-06
ENSG00000149328	7.611572577984983e-06
ENSG00000284548	7.610659923081487e-06
ENSG00000276657	7.605941781485581e-06
ENSG00000172986	7.60550013970053e-06
ENSG00000143167	7.5920280065885385e-06
ENSG00000187033	7.583591437004697e-06
ENSG00000008311	7.577305220972295e-06
ENSG00000182168	7.5755953212439635e-06
ENSG00000162490	7.5755953212439635e-06
ENSG00000140948	7.575493733272328e-06
ENSG00000131242	7.57403387755442e-06
ENSG00000173868	7.570641604607432e-06
ENSG00000130803	7.56961198163369e-06
ENSG00000161243	7.568009133871624e-06
ENSG00000272325	7.55926951366954e-06
ENSG00000111961	7.555983125763099e-06
ENSG00000188315	7.554973082794055e-06
ENSG00000105732	7.550184211061039e-06
ENSG00000278053	7.541618019354074e-06
ENSG00000105501	7.529281098665846e-06
ENSG00000119929	7.5281352540961765e-06
ENSG00000213551	7.527310991029765e-06
ENSG00000146109	7.52619285288842e-06
ENSG00000181722	7.514378356590461e-06
ENSG00000187959	7.513086288942721e-06
ENSG00000172057	7.512099202493615e-06
ENSG00000170426	7.508467900878531e-06
ENSG00000134627	7.5046358153271336e-06
ENSG00000184307	7.502426382841368e-06
ENSG00000145779	7.501918284168788e-06
ENSG00000047230	7.501135052022283e-06
ENSG00000227471	7.499127729541793e-06
ENSG00000102317	7.488142367981817e-06
ENSG00000223638	7.487502124546169e-06
ENSG00000197601	7.477619790749921e-06
ENSG00000121053	7.460791739762645e-06
ENSG00000196693	7.456857637123548e-06
ENSG00000186088	7.45241056900894e-06
ENSG00000126838	7.440816880256363e-06
ENSG00000161671	7.438242015591e-06
ENSG00000129187	7.437442442394706e-06
ENSG00000257949	7.437409221076196e-06
ENSG00000170191	7.432627194731532e-06
ENSG00000114374	7.425713400932129e-06
ENSG00000188211	7.424346303283401e-06
ENSG00000105289	7.424044138962705e-06
ENSG00000168916	7.424009212374869e-06
ENSG00000132821	7.423602373868475e-06
ENSG00000070886	7.422364274549067e-06
ENSG00000089063	7.422313034415341e-06
ENSG00000086475	7.419850401280212e-06
ENSG00000162396	7.417579628865276e-06
ENSG00000128656	7.405739759286292e-06
ENSG00000144452	7.404185747392778e-06
ENSG00000122483	7.4028699272322985e-06
ENSG00000132436	7.399748773122908e-06
ENSG00000103642	7.3990504788435035e-06
ENSG00000121274	7.396367957953937e-06
ENSG00000164047	7.383088498407486e-06
ENSG00000166634	7.377330428658618e-06
ENSG00000285203	7.375131051341088e-06
ENSG00000115850	7.371001008485335e-06
ENSG00000114646	7.3672496865313255e-06
ENSG00000114026	7.366770276606503e-06
ENSG00000177694	7.363613393876057e-06
ENSG00000110697	7.363031043510372e-06
ENSG00000167850	7.360902250903225e-06
ENSG00000105447	7.350228929686007e-06
ENSG00000188282	7.342532399687523e-06
ENSG00000143469	7.342333959135994e-06
ENSG00000158985	7.341489158628408e-06
ENSG00000124098	7.339297438221951e-06
ENSG00000119725	7.332300307426464e-06
ENSG00000135686	7.331720913325897e-06
ENSG00000149133	7.327268675624427e-06
ENSG00000169598	7.325675504635572e-06
ENSG00000198478	7.320722274675413e-06
ENSG00000131094	7.315146020304322e-06
ENSG00000000003	7.308186420340005e-06
ENSG00000171388	7.296715320153705e-06
ENSG00000165271	7.295546749098903e-06
ENSG00000183576	7.2875705365673555e-06
ENSG00000153774	7.284404912365636e-06
ENSG00000114491	7.282625005051454e-06
ENSG00000188522	7.274974363711763e-06
ENSG00000169684	7.2711906816572945e-06
ENSG00000171365	7.269227578453499e-06
ENSG00000072657	7.264937604349317e-06
ENSG00000143839	7.253917890377257e-06
ENSG00000198792	7.253582569536695e-06
ENSG00000168014	7.252798892677534e-06
ENSG00000141337	7.2457129118925236e-06
ENSG00000174136	7.243288211655622e-06
ENSG00000212122	7.239817182683771e-06
ENSG00000161791	7.2393494215280834e-06
ENSG00000157827	7.2393494215280834e-06
ENSG00000204010	7.2366025704782925e-06
ENSG00000125485	7.234982115321039e-06
ENSG00000211445	7.234683157807163e-06
ENSG00000016864	7.233148658793956e-06
ENSG00000123560	7.231586320765509e-06
ENSG00000103356	7.231018675925966e-06
ENSG00000007237	7.2307522796191596e-06
ENSG00000197136	7.225752891275444e-06
ENSG00000158079	7.216169738054084e-06
ENSG00000184792	7.208614077649172e-06
ENSG00000129167	7.204257985361424e-06
ENSG00000254470	7.200627947954675e-06
ENSG00000136868	7.1926539711837974e-06
ENSG00000160131	7.189431417838553e-06
ENSG00000083444	7.188530105775248e-06
ENSG00000183527	7.184130357821269e-06
ENSG00000105366	7.181045288485809e-06
ENSG00000128059	7.178538226273273e-06
ENSG00000146574	7.175701011819429e-06
ENSG00000131732	7.173965936053265e-06
ENSG00000197217	7.173601162918868e-06
ENSG00000184828	7.172250248735722e-06
ENSG00000143374	7.164560858859211e-06
ENSG00000105058	7.161299898562975e-06
ENSG00000285394	7.154320771971822e-06
ENSG00000132434	7.149818957918162e-06
ENSG00000014257	7.1483753776271415e-06
ENSG00000163644	7.147525092658424e-06
ENSG00000124608	7.14368707349945e-06
ENSG00000182968	7.1436037151734585e-06
ENSG00000162819	7.135275193563346e-06
ENSG00000112305	7.130809213811172e-06
ENSG00000187772	7.12929813334372e-06
ENSG00000122547	7.12867140565476e-06
ENSG00000070019	7.126420538354529e-06
ENSG00000174485	7.109498015309416e-06
ENSG00000247315	7.108101349519377e-06
ENSG00000101850	7.09517820091204e-06
ENSG00000153814	7.090971694495933e-06
ENSG00000165349	7.08729715017504e-06
ENSG00000221946	7.083745997400719e-06
ENSG00000181915	7.0768437370094515e-06
ENSG00000148584	7.071375985928767e-06
ENSG00000136750	7.055610561995008e-06
ENSG00000165704	7.054631651354955e-06
ENSG00000087076	7.052764970727052e-06
ENSG00000114796	7.05030263601938e-06
ENSG00000136147	7.046763499043143e-06
ENSG00000180667	7.046537014408463e-06
ENSG00000135577	7.042305784976248e-06
ENSG00000130940	7.040523426411197e-06
ENSG00000046647	7.040197962739414e-06
ENSG00000160200	7.039830496467122e-06
ENSG00000036565	7.0391571833160234e-06
ENSG00000169902	7.030862185406144e-06
ENSG00000165182	7.0291802204020325e-06
ENSG00000084710	7.024313655286293e-06
ENSG00000164743	7.021869299728443e-06
ENSG00000103111	7.021668800382976e-06
ENSG00000161647	7.01971139625644e-06
ENSG00000275122	7.0126985837966415e-06
ENSG00000114349	7.012002652808308e-06
ENSG00000184428	7.011541000925676e-06
ENSG00000159197	7.005881793154113e-06
ENSG00000146676	6.994195541550349e-06
ENSG00000112319	6.991127361972344e-06
ENSG00000181004	6.989061202285112e-06
ENSG00000288141	6.987632111895937e-06
ENSG00000173769	6.9861234459916335e-06
ENSG00000285451	6.975152584913492e-06
ENSG00000164326	6.967328765974966e-06
ENSG00000197208	6.964552341175931e-06
ENSG00000128805	6.958519107569286e-06
ENSG00000288293	6.944398955698141e-06
ENSG00000138587	6.941377245901459e-06
ENSG00000175087	6.93740094836188e-06
ENSG00000228836	6.926044956372424e-06
ENSG00000100304	6.924989146769047e-06
ENSG00000120686	6.924316917545934e-06
ENSG00000092929	6.9221975489528235e-06
ENSG00000221995	6.9168665533649474e-06
ENSG00000103489	6.916520696970625e-06
ENSG00000188352	6.916033145055609e-06
ENSG00000147912	6.911452438395719e-06
ENSG00000197457	6.911275779637715e-06
ENSG00000078237	6.907334657858537e-06
ENSG00000288455	6.9033712395674395e-06
ENSG00000115350	6.901023786969933e-06
ENSG00000119973	6.899391031261417e-06
ENSG00000166965	6.899296676435575e-06
ENSG00000198720	6.8981428354740536e-06
ENSG00000037897	6.889141254091365e-06
ENSG00000147180	6.88705610555766e-06
ENSG00000126243	6.8844317100801926e-06
ENSG00000122375	6.88384200433565e-06
ENSG00000065621	6.880055235991166e-06
ENSG00000130956	6.877397546777117e-06
ENSG00000197361	6.874302485875356e-06
ENSG00000160993	6.870723671923753e-06
ENSG00000118242	6.865176460715583e-06
ENSG00000173621	6.8623852242780906e-06
ENSG00000181007	6.859212638642988e-06
ENSG00000153015	6.858170442471766e-06
ENSG00000177030	6.850117428214726e-06
ENSG00000233450	6.847436818994903e-06
ENSG00000188883	6.847142421502105e-06
ENSG00000163933	6.841695122675599e-06
ENSG00000172009	6.841080988138111e-06
ENSG00000275618	6.836346041260709e-06
ENSG00000012171	6.832185073297129e-06
ENSG00000080546	6.82519464834605e-06
ENSG00000203972	6.825019928685634e-06
ENSG00000198182	6.824862535390335e-06
ENSG00000115970	6.818715797760455e-06
ENSG00000171643	6.813158288544224e-06
ENSG00000162627	6.8125880570306634e-06
ENSG00000198551	6.81002538701804e-06
ENSG00000161849	6.798507553352179e-06
ENSG00000198570	6.7922175293987606e-06
ENSG00000179455	6.791252561923868e-06
ENSG00000188321	6.78571009179758e-06
ENSG00000163666	6.785498493554135e-06
ENSG00000269058	6.784240311461951e-06
ENSG00000196704	6.783729165388732e-06
ENSG00000139910	6.782323070314999e-06
ENSG00000150401	6.781374841731742e-06
ENSG00000122034	6.774304599185873e-06
ENSG00000196236	6.771744947739356e-06
ENSG00000148541	6.771623533701985e-06
ENSG00000100987	6.771413666892968e-06
ENSG00000235194	6.765776697769255e-06
ENSG00000168758	6.763835308234558e-06
ENSG00000011009	6.760282933351854e-06
ENSG00000120306	6.759835425195132e-06
ENSG00000243335	6.759427641391663e-06
ENSG00000167371	6.758236214108691e-06
ENSG00000205581	6.754361798438634e-06
ENSG00000151692	6.7480030815491764e-06
ENSG00000184492	6.742395121706498e-06
ENSG00000163114	6.730187209989126e-06
ENSG00000106012	6.729489483821274e-06
ENSG00000109689	6.7282856800449835e-06
ENSG00000254986	6.712568766828809e-06
ENSG00000019505	6.708987335722372e-06
ENSG00000106086	6.706795854243485e-06
ENSG00000186272	6.706027105234962e-06
ENSG00000140848	6.7040412810991255e-06
ENSG00000064652	6.695470180838762e-06
ENSG00000283887	6.677928751308587e-06
ENSG00000085563	6.677923587637947e-06
ENSG00000181523	6.673901235665924e-06
ENSG00000102221	6.657033826243975e-06
ENSG00000163157	6.6567625964823884e-06
ENSG00000125247	6.653236234534278e-06
ENSG00000112893	6.647917085266368e-06
ENSG00000197586	6.6421170219758e-06
ENSG00000162520	6.641414582223354e-06
ENSG00000173653	6.630824122247556e-06
ENSG00000082213	6.625954679448161e-06
ENSG00000244509	6.623165792175713e-06
ENSG00000134376	6.621762562962587e-06
ENSG00000100116	6.617592152887879e-06
ENSG00000105516	6.613025654649644e-06
ENSG00000165322	6.609481945338125e-06
ENSG00000173258	6.608326735147275e-06
ENSG00000112941	6.603677574114354e-06
ENSG00000181781	6.6028012179907365e-06
ENSG00000105726	6.602078692931335e-06
ENSG00000117448	6.597041134409084e-06
ENSG00000170855	6.594064679573373e-06
ENSG00000288408	6.5933486734417005e-06
ENSG00000146678	6.581490448208852e-06
ENSG00000179134	6.574027287716038e-06
ENSG00000107372	6.5735772507346405e-06
ENSG00000173818	6.565948821879364e-06
ENSG00000170745	6.563616135738281e-06
ENSG00000128011	6.560387807832897e-06
ENSG00000147202	6.559822549955709e-06
ENSG00000110108	6.557281675029021e-06
ENSG00000115657	6.556558303884338e-06
ENSG00000213626	6.553704002500407e-06
ENSG00000111783	6.552371236653077e-06
ENSG00000156395	6.55225075462883e-06
ENSG00000204178	6.550004312201666e-06
ENSG00000180535	6.545807531162376e-06
ENSG00000165609	6.530859630764674e-06
ENSG00000125734	6.529817853111407e-06
ENSG00000171786	6.529186498966464e-06
ENSG00000183496	6.523606552670809e-06
ENSG00000235443	6.520769627825436e-06
ENSG00000144642	6.518708099115111e-06
ENSG00000136535	6.518204798632979e-06
ENSG00000069275	6.512957055619705e-06
ENSG00000101220	6.500778353270077e-06
ENSG00000133619	6.499080611935089e-06
ENSG00000002586	6.490009358091293e-06
ENSG00000184344	6.473524794957612e-06
ENSG00000288295	6.472563627497924e-06
ENSG00000187954	6.462400414958432e-06
ENSG00000281309	6.456549589014722e-06
ENSG00000173918	6.451735111349623e-06
ENSG00000035687	6.4502241558601325e-06
ENSG00000189182	6.448054698581998e-06
ENSG00000138336	6.44761974199314e-06
ENSG00000158825	6.439045492972496e-06
ENSG00000065371	6.436539445677649e-06
ENSG00000062716	6.436021182028351e-06
ENSG00000185730	6.435552536183701e-06
ENSG00000165584	6.432119222995888e-06
ENSG00000131373	6.430988516552472e-06
ENSG00000176490	6.429958040674182e-06
ENSG00000170412	6.427061127667843e-06
ENSG00000280706	6.425624665821118e-06
ENSG00000165886	6.422538444056045e-06
ENSG00000183036	6.420196811861895e-06
ENSG00000136718	6.419740220300188e-06
ENSG00000169174	6.4187755690009555e-06
ENSG00000068097	6.417802466834169e-06
ENSG00000169762	6.416608823384345e-06
ENSG00000187987	6.405001505489314e-06
ENSG00000276836	6.400221985605133e-06
ENSG00000129103	6.384938877394348e-06
ENSG00000162543	6.3830085454023336e-06
ENSG00000165655	6.377943643286337e-06
ENSG00000008300	6.377703538052343e-06
ENSG00000103381	6.376971517569322e-06
ENSG00000111726	6.371785515411777e-06
ENSG00000171357	6.368571975881997e-06
ENSG00000109775	6.3613783846302934e-06
ENSG00000087301	6.3571187016414755e-06
ENSG00000048162	6.351321261205411e-06
ENSG00000129472	6.348130469737975e-06
ENSG00000100346	6.34498827726738e-06
ENSG00000108231	6.343763030525065e-06
ENSG00000144827	6.343377135553474e-06
ENSG00000106436	6.324938078703316e-06
ENSG00000027644	6.323566082374215e-06
ENSG00000112659	6.321702688064739e-06
ENSG00000090674	6.318673786147181e-06
ENSG00000280663	6.311358312555139e-06
ENSG00000213390	6.310169190791488e-06
ENSG00000137960	6.308496129138384e-06
ENSG00000288503	6.294791384399299e-06
ENSG00000131944	6.293570329583236e-06
ENSG00000177106	6.29320404041769e-06
ENSG00000116191	6.290014563390323e-06
ENSG00000198178	6.288308189785486e-06
ENSG00000046653	6.2766167796249555e-06
ENSG00000132330	6.275222384718549e-06
ENSG00000205352	6.2719748077808196e-06
ENSG00000154640	6.2627511707576355e-06
ENSG00000184613	6.258939713976606e-06
ENSG00000164180	6.25311719542052e-06
ENSG00000178904	6.249838885116933e-06
ENSG00000197147	6.243515033427052e-06
ENSG00000174446	6.240942556034293e-06
ENSG00000274811	6.236450286891308e-06
ENSG00000100350	6.234653624742572e-06
ENSG00000254535	6.234361447654489e-06
ENSG00000169188	6.228472503551958e-06
ENSG00000120324	6.223798601350488e-06
ENSG00000120942	6.223055844196474e-06
ENSG00000180176	6.21809371263532e-06
ENSG00000142528	6.2161840802036646e-06
ENSG00000109107	6.213997101016039e-06
ENSG00000285482	6.213504646486975e-06
ENSG00000136883	6.2088075622255825e-06
ENSG00000183032	6.207877369833638e-06
ENSG00000149021	6.207090352008838e-06
ENSG00000187792	6.202612636273003e-06
ENSG00000168936	6.201579880002367e-06
ENSG00000119231	6.195477301631799e-06
ENSG00000177951	6.193739623671676e-06
ENSG00000282967	6.185836009565714e-06
ENSG00000283046	6.185836009565714e-06
ENSG00000005486	6.184313489087153e-06
ENSG00000179021	6.182777875518656e-06
ENSG00000180329	6.180458631823264e-06
ENSG00000274437	6.171246840273194e-06
ENSG00000108306	6.140820789972908e-06
ENSG00000107593	6.138471152653468e-06
ENSG00000178974	6.133385126281855e-06
ENSG00000275746	6.1327893303292155e-06
ENSG00000150764	6.13005981650727e-06
ENSG00000168065	6.129476881808736e-06
ENSG00000161277	6.128689800587691e-06
ENSG00000115129	6.125867070832886e-06
ENSG00000168671	6.1162533184299485e-06
ENSG00000121104	6.1109956916751185e-06
ENSG00000154359	6.10677530475379e-06
ENSG00000048991	6.103958037593231e-06
ENSG00000110675	6.100187570500428e-06
ENSG00000084090	6.098462697830175e-06
ENSG00000142634	6.096300561024907e-06
ENSG00000138449	6.094473604495416e-06
ENSG00000112041	6.078404432821335e-06
ENSG00000110921	6.074831725271372e-06
ENSG00000284598	6.073885876313674e-06
ENSG00000112855	6.060599749142907e-06
ENSG00000178802	6.052438989261689e-06
ENSG00000213199	6.051878541840605e-06
ENSG00000123106	6.051511113681491e-06
ENSG00000178386	6.048202717394107e-06
ENSG00000152952	6.04807795692979e-06
ENSG00000100196	6.042644385162916e-06
ENSG00000203942	6.031675773764799e-06
ENSG00000114487	6.030701261008118e-06
ENSG00000273607	6.030624139119248e-06
ENSG00000079112	6.026824898352019e-06
ENSG00000183580	6.025188078843058e-06
ENSG00000130477	6.023452739848795e-06
ENSG00000127863	6.0226327655836556e-06
ENSG00000120159	6.018265630273754e-06
ENSG00000165238	6.012256880948701e-06
ENSG00000168152	6.010340429284148e-06
ENSG00000178467	6.009121201557564e-06
ENSG00000104549	6.0029327881169495e-06
ENSG00000187607	5.994904969023145e-06
ENSG00000196678	5.9902974864126605e-06
ENSG00000185615	5.989226611197312e-06
ENSG00000115665	5.9868400079414254e-06
ENSG00000138764	5.985913830547017e-06
ENSG00000106415	5.976315405995673e-06
ENSG00000254858	5.974894956952724e-06
ENSG00000146530	5.97155140825925e-06
ENSG00000135334	5.966384148737831e-06
ENSG00000106638	5.964148068749146e-06
ENSG00000274958	5.963969700150297e-06
ENSG00000076248	5.958438146238776e-06
ENSG00000138813	5.9582598964709685e-06
ENSG00000121988	5.957495374545579e-06
ENSG00000213995	5.957052693539026e-06
ENSG00000153132	5.944831927922781e-06
ENSG00000163348	5.9409108675519e-06
ENSG00000168830	5.940017636837287e-06
ENSG00000121297	5.939466511037916e-06
ENSG00000283539	5.936764077967943e-06
ENSG00000151746	5.936251840845334e-06
ENSG00000120334	5.936150230111449e-06
ENSG00000234616	5.931047387073912e-06
ENSG00000172915	5.928766276527841e-06
ENSG00000047621	5.914678494270299e-06
ENSG00000169087	5.914540987572826e-06
ENSG00000119927	5.911662013700149e-06
ENSG00000100629	5.909932513632693e-06
ENSG00000087502	5.90280430035949e-06
ENSG00000205426	5.902408186267514e-06
ENSG00000171204	5.902035338545933e-06
ENSG00000139263	5.8938960170166026e-06
ENSG00000198157	5.888426540477764e-06
ENSG00000006282	5.883946831809477e-06
ENSG00000214274	5.8775047589418385e-06
ENSG00000166471	5.867709114088647e-06
ENSG00000124406	5.866980826374895e-06
ENSG00000204936	5.852402013793749e-06
ENSG00000154997	5.852080646817259e-06
ENSG00000196275	5.8508396548761506e-06
ENSG00000125457	5.8483380909997965e-06
ENSG00000107341	5.843804965798793e-06
ENSG00000183098	5.840490652873792e-06
ENSG00000170836	5.837467766241472e-06
ENSG00000151445	5.836517476233773e-06
ENSG00000118407	5.8338744455682216e-06
ENSG00000136144	5.83143747295489e-06
ENSG00000186487	5.83039398726205e-06
ENSG00000160753	5.8274539148246594e-06
ENSG00000144395	5.819359691791411e-06
ENSG00000125430	5.817423800614582e-06
ENSG00000168175	5.81385964474966e-06
ENSG00000109047	5.8136433932790905e-06
ENSG00000174944	5.806331217903736e-06
ENSG00000139278	5.7947864194121865e-06
ENSG00000198597	5.790537002265619e-06
ENSG00000185674	5.790359337945939e-06
ENSG00000181965	5.788899401981157e-06
ENSG00000006652	5.785798635777296e-06
ENSG00000163064	5.778720507020888e-06
ENSG00000197381	5.7739088570157135e-06
ENSG00000187601	5.768340492093198e-06
ENSG00000157429	5.768234488195671e-06
ENSG00000131187	5.760362295334961e-06
ENSG00000180914	5.749194657919627e-06
ENSG00000163528	5.748052053849246e-06
ENSG00000196652	5.746137528267133e-06
ENSG00000161640	5.745397084428961e-06
ENSG00000112699	5.741749811712504e-06
ENSG00000176055	5.741556638911572e-06
ENSG00000173467	5.7401002803267985e-06
ENSG00000109680	5.739902105776912e-06
ENSG00000276416	5.732978465999164e-06
ENSG00000184635	5.7325857679989395e-06
ENSG00000095209	5.728196243962753e-06
ENSG00000163536	5.72737400050123e-06
ENSG00000168297	5.723677552133178e-06
ENSG00000186564	5.716567202900576e-06
ENSG00000197296	5.714473265787733e-06
ENSG00000105136	5.714353850376299e-06
ENSG00000062524	5.714151032635618e-06
ENSG00000167131	5.711743978384547e-06
ENSG00000040633	5.7098642797183965e-06
ENSG00000234078	5.704733303805171e-06
ENSG00000167779	5.697901433281281e-06
ENSG00000082068	5.679369005031351e-06
ENSG00000168056	5.67891874596936e-06
ENSG00000244045	5.671914697098976e-06
ENSG00000146757	5.6704668303806874e-06
ENSG00000019186	5.668661215863326e-06
ENSG00000006744	5.657347954426499e-06
ENSG00000162882	5.655708756570021e-06
ENSG00000144366	5.651815912465682e-06
ENSG00000118733	5.642999316274024e-06
ENSG00000167775	5.642349396638247e-06
ENSG00000267978	5.639741651799523e-06
ENSG00000154930	5.636016077827634e-06
ENSG00000175175	5.625370985952603e-06
ENSG00000105821	5.615362337204337e-06
ENSG00000177125	5.611212762285516e-06
ENSG00000165496	5.606936409221875e-06
ENSG00000086712	5.606912792783952e-06
ENSG00000184992	5.602163019750851e-06
ENSG00000173409	5.600891554152618e-06
ENSG00000288118	5.5989320027465474e-06
ENSG00000198881	5.597787633941252e-06
ENSG00000008382	5.597407383416119e-06
ENSG00000007174	5.594748433797663e-06
ENSG00000104140	5.591458539473789e-06
ENSG00000160785	5.590384971118715e-06
ENSG00000104804	5.588394241025139e-06
ENSG00000177842	5.586700817773761e-06
ENSG00000101746	5.586154463084414e-06
ENSG00000105677	5.58449728554652e-06
ENSG00000069509	5.567173642438623e-06
ENSG00000166387	5.5627273072996135e-06
ENSG00000177576	5.5578820669944935e-06
ENSG00000112782	5.557828087636164e-06
ENSG00000111701	5.5504079407754365e-06
ENSG00000168282	5.5493544628335464e-06
ENSG00000168268	5.544172520579269e-06
ENSG00000196453	5.536389352545729e-06
ENSG00000008130	5.533238456839053e-06
ENSG00000071575	5.531948444697911e-06
ENSG00000187475	5.524221599796593e-06
ENSG00000179941	5.522621266000494e-06
ENSG00000146576	5.517293098132302e-06
ENSG00000162458	5.515457502938989e-06
ENSG00000133134	5.512455751423218e-06
ENSG00000138185	5.512409401287509e-06
ENSG00000127585	5.499664614309326e-06
ENSG00000063854	5.4935886714792024e-06
ENSG00000177150	5.486721420386326e-06
ENSG00000143401	5.485330858353258e-06
ENSG00000160688	5.476403458297006e-06
ENSG00000158158	5.472366598009175e-06
ENSG00000196981	5.47114541913067e-06
ENSG00000160219	5.46826071028115e-06
ENSG00000167378	5.466420093569199e-06
ENSG00000162433	5.458767600163835e-06
ENSG00000157014	5.455219230572742e-06
ENSG00000230961	5.451220455649025e-06
ENSG00000198780	5.442752034713767e-06
ENSG00000135622	5.4406924612551635e-06
ENSG00000164338	5.439228156974604e-06
ENSG00000125967	5.437035632150414e-06
ENSG00000100403	5.4363697696735005e-06
ENSG00000196371	5.424201680882539e-06
ENSG00000101222	5.419121703968867e-06
ENSG00000052850	5.417019662104173e-06
ENSG00000172403	5.416866894531571e-06
ENSG00000062582	5.413484172992508e-06
ENSG00000239305	5.40801624190627e-06
ENSG00000171045	5.393571850389147e-06
ENSG00000188997	5.393496747630659e-06
ENSG00000151689	5.389247455598387e-06
ENSG00000179029	5.388505318837232e-06
ENSG00000241878	5.379520893316299e-06
ENSG00000138308	5.37914766145107e-06
ENSG00000119673	5.372546448895058e-06
ENSG00000182333	5.372181714326223e-06
ENSG00000169562	5.367532171152277e-06
ENSG00000243943	5.357863663185864e-06
ENSG00000125449	5.353664517727541e-06
ENSG00000154642	5.351746160157121e-06
ENSG00000186310	5.351653046742018e-06
ENSG00000123352	5.350170014755083e-06
ENSG00000050344	5.346999931725895e-06
ENSG00000107521	5.342266590143917e-06
ENSG00000150636	5.333988060602369e-06
ENSG00000166024	5.333774535001059e-06
ENSG00000067048	5.330914734068113e-06
ENSG00000107745	5.330137626486345e-06
ENSG00000176428	5.322130689067437e-06
ENSG00000186049	5.319159068321067e-06
ENSG00000185818	5.316379439840438e-06
ENSG00000013288	5.312291457918364e-06
ENSG00000234906	5.311778507256719e-06
ENSG00000133805	5.311778507256719e-06
ENSG00000172461	5.309244208016329e-06
ENSG00000112320	5.308091429978293e-06
ENSG00000157869	5.306526400118928e-06
ENSG00000120093	5.30286327177398e-06
ENSG00000164951	5.299461431445233e-06
ENSG00000274334	5.299069483539561e-06
ENSG00000155158	5.290086574482653e-06
ENSG00000159263	5.273288617663704e-06
ENSG00000283034	5.270151815007164e-06
ENSG00000174705	5.2691629045580105e-06
ENSG00000124257	5.266178075602883e-06
ENSG00000187210	5.259499305958354e-06
ENSG00000128185	5.259156984291214e-06
ENSG00000083099	5.258522108908128e-06
ENSG00000140450	5.257993878845148e-06
ENSG00000144802	5.257590511370638e-06
ENSG00000151014	5.25619811710454e-06
ENSG00000120685	5.256034422725215e-06
ENSG00000166800	5.254743782377872e-06
ENSG00000124370	5.253635457545552e-06
ENSG00000171174	5.242849014978347e-06
ENSG00000146909	5.242061608386996e-06
ENSG00000109814	5.239569980229878e-06
ENSG00000109099	5.236149365321672e-06
ENSG00000162755	5.235161942927997e-06
ENSG00000076650	5.2269558115939005e-06
ENSG00000100842	5.22509463513112e-06
ENSG00000121690	5.223201033447632e-06
ENSG00000141994	5.218252319795899e-06
ENSG00000101152	5.21510724798779e-06
ENSG00000198732	5.214378912172717e-06
ENSG00000143740	5.212532653190932e-06
ENSG00000147642	5.2073130785050336e-06
ENSG00000015413	5.2060103263113195e-06
ENSG00000108582	5.194580185197204e-06
ENSG00000132819	5.192761029078003e-06
ENSG00000106665	5.191068961426289e-06
ENSG00000005801	5.1898335272975525e-06
ENSG00000115295	5.1873635861280395e-06
ENSG00000164776	5.175395429054151e-06
ENSG00000178605	5.175336164180933e-06
ENSG00000168267	5.163962301055327e-06
ENSG00000143971	5.156700968054919e-06
ENSG00000151338	5.1542287763958675e-06
ENSG00000109066	5.150660730694514e-06
ENSG00000130193	5.1480679199427876e-06
ENSG00000179163	5.147219372092294e-06
ENSG00000101104	5.141880438363554e-06
ENSG00000117143	5.140893289734882e-06
ENSG00000186976	5.1301402122275164e-06
ENSG00000284752	5.123916047865862e-06
ENSG00000087008	5.120496055561704e-06
ENSG00000183520	5.119658410680941e-06
ENSG00000146373	5.1182493693251135e-06
ENSG00000132669	5.115778298739785e-06
ENSG00000154102	5.11248974006442e-06
ENSG00000177045	5.112119221144402e-06
ENSG00000004799	5.1088623476737675e-06
ENSG00000101391	5.1057044522266175e-06
ENSG00000112077	5.104452431963146e-06
ENSG00000143458	5.104280811011672e-06
ENSG00000131050	5.099007609903023e-06
ENSG00000140534	5.092403826685957e-06
ENSG00000174417	5.089209569121757e-06
ENSG00000235758	5.089104665250869e-06
ENSG00000104450	5.080544488710198e-06
ENSG00000122971	5.0758129170391625e-06
ENSG00000141956	5.0723007844703e-06
ENSG00000116353	5.068747937394908e-06
ENSG00000183878	5.067655698573461e-06
ENSG00000275410	5.0658014483037875e-06
ENSG00000173335	5.054153144806347e-06
ENSG00000153130	5.048125233831041e-06
ENSG00000083844	5.038547430077958e-06
ENSG00000172123	5.0353708446671255e-06
ENSG00000179598	5.0350088950889315e-06
ENSG00000128928	5.03212824371452e-06
ENSG00000102683	5.026178739307334e-06
ENSG00000174938	5.02236731477102e-06
ENSG00000173705	5.02236731477102e-06
ENSG00000187736	5.02209919001227e-06
ENSG00000108852	5.011500147231641e-06
ENSG00000007341	5.009421836137897e-06
ENSG00000107833	5.0066520240348735e-06
ENSG00000189060	4.998842177665795e-06
ENSG00000140854	4.993886931312238e-06
ENSG00000131737	4.989732739851116e-06
ENSG00000177519	4.9787514689467645e-06
ENSG00000188095	4.978668699174618e-06
ENSG00000288504	4.97463638607799e-06
ENSG00000089050	4.9724709071177e-06
ENSG00000198692	4.970474401812719e-06
ENSG00000157181	4.969753812867678e-06
ENSG00000284320	4.96481138430054e-06
ENSG00000124568	4.960469806879924e-06
ENSG00000162366	4.960469806879924e-06
ENSG00000156398	4.958243598820557e-06
ENSG00000119771	4.951718744717613e-06
ENSG00000163472	4.946989102116014e-06
ENSG00000170100	4.942936881689569e-06
ENSG00000156471	4.939481252823436e-06
ENSG00000151650	4.936211277207825e-06
ENSG00000213689	4.9338250475678145e-06
ENSG00000196557	4.9321509668348155e-06
ENSG00000154548	4.918133708827993e-06
ENSG00000139793	4.9110589610550165e-06
ENSG00000232040	4.906555639911831e-06
ENSG00000099904	4.8975040125383765e-06
ENSG00000153558	4.896073493104317e-06
ENSG00000171773	4.881449520316535e-06
ENSG00000128973	4.8801143172661295e-06
ENSG00000114279	4.880025830387325e-06
ENSG00000144152	4.874310635363746e-06
ENSG00000175906	4.873196226483536e-06
ENSG00000081923	4.873157568449182e-06
ENSG00000284468	4.870622110379681e-06
ENSG00000144285	4.864599238200323e-06
ENSG00000196422	4.861461713716369e-06
ENSG00000226784	4.859626631850083e-06
ENSG00000242220	4.85917474460761e-06
ENSG00000278444	4.858757892922367e-06
ENSG00000119862	4.856516504902409e-06
ENSG00000140675	4.856419599989328e-06
ENSG00000198795	4.8556452440937834e-06
ENSG00000137707	4.845594800786512e-06
ENSG00000080224	4.844981885898388e-06
ENSG00000183837	4.831020015181688e-06
ENSG00000196505	4.825859188319237e-06
ENSG00000280627	4.8229655786619805e-06
ENSG00000132010	4.8187973374081914e-06
ENSG00000155265	4.799746234362061e-06
ENSG00000276615	4.792055759645925e-06
ENSG00000087237	4.792055759645925e-06
ENSG00000099889	4.791743511811494e-06
ENSG00000012817	4.78992584900926e-06
ENSG00000186815	4.785024368310201e-06
ENSG00000162620	4.784393511333812e-06
ENSG00000129682	4.782992441422399e-06
ENSG00000109762	4.7780511787362095e-06
ENSG00000125746	4.777605112942302e-06
ENSG00000120658	4.775863696649413e-06
ENSG00000150667	4.774306367826166e-06
ENSG00000103021	4.770324782096233e-06
ENSG00000198324	4.767160354400875e-06
ENSG00000099377	4.76376475392287e-06
ENSG00000187682	4.7620696939033e-06
ENSG00000115468	4.738020123627907e-06
ENSG00000151846	4.737431925294675e-06
ENSG00000083067	4.727120247248878e-06
ENSG00000203943	4.72258042545031e-06
ENSG00000149380	4.718598028470148e-06
ENSG00000116337	4.716405082097181e-06
ENSG00000148690	4.716132381470141e-06
ENSG00000197683	4.71326336954229e-06
ENSG00000158104	4.703094620189198e-06
ENSG00000197168	4.7022599253333685e-06
ENSG00000127561	4.696172957087975e-06
ENSG00000214456	4.691479008550093e-06
ENSG00000223609	4.690109496900825e-06
ENSG00000043514	4.682452745994642e-06
ENSG00000182957	4.674967720768383e-06
ENSG00000115361	4.6746194622933e-06
ENSG00000146918	4.656794147765146e-06
ENSG00000275003	4.656124762530778e-06
ENSG00000274780	4.6516282161706275e-06
ENSG00000284495	4.645210155530367e-06
ENSG00000077454	4.641905067212743e-06
ENSG00000004838	4.640176774497363e-06
ENSG00000087085	4.637090344953418e-06
ENSG00000164366	4.631991025983584e-06
ENSG00000277462	4.627608185928827e-06
ENSG00000134207	4.624987010218716e-06
ENSG00000169857	4.6240600918114335e-06
ENSG00000170852	4.621899366424499e-06
ENSG00000143158	4.613041513961074e-06
ENSG00000262860	4.608566761338252e-06
ENSG00000120913	4.6046786742233106e-06
ENSG00000262911	4.603509702428096e-06
ENSG00000100099	4.598225770199454e-06
ENSG00000163013	4.5913799404727234e-06
ENSG00000276021	4.591150185438867e-06
ENSG00000182645	4.590273751913746e-06
ENSG00000183775	4.584097407373129e-06
ENSG00000105711	4.581365451346009e-06
ENSG00000173597	4.574880053669197e-06
ENSG00000196449	4.568918820574018e-06
ENSG00000028310	4.566688788120743e-06
ENSG00000115902	4.562335739559676e-06
ENSG00000139531	4.558528770466938e-06
ENSG00000163072	4.5436004809255885e-06
ENSG00000145996	4.538950220892211e-06
ENSG00000198753	4.536182579958483e-06
ENSG00000162624	4.530591579819645e-06
ENSG00000262145	4.524560827132528e-06
ENSG00000281665	4.523887780746924e-06
ENSG00000288219	4.523227085489154e-06
ENSG00000116218	4.51960770814317e-06
ENSG00000119820	4.5163087659931535e-06
ENSG00000121413	4.514043916549982e-06
ENSG00000129673	4.5134952303288046e-06
ENSG00000167968	4.511005216692592e-06
ENSG00000136098	4.510210029142857e-06
ENSG00000151640	4.500822258862247e-06
ENSG00000154096	4.476144729680849e-06
ENSG00000135540	4.476135055507542e-06
ENSG00000163884	4.47134751586246e-06
ENSG00000138286	4.469308086406729e-06
ENSG00000174227	4.4671963047737565e-06
ENSG00000003987	4.464563783610448e-06
ENSG00000164040	4.461862171509219e-06
ENSG00000177054	4.455746033019687e-06
ENSG00000177383	4.454963353374262e-06
ENSG00000283630	4.453432596889628e-06
ENSG00000129028	4.453305916547495e-06
ENSG00000095539	4.448295927744808e-06
ENSG00000090975	4.444504365614835e-06
ENSG00000076770	4.438459723420437e-06
ENSG00000242441	4.434429865671483e-06
ENSG00000285199	4.43297132351406e-06
ENSG00000256269	4.431622918959461e-06
ENSG00000128652	4.430629551515058e-06
ENSG00000147596	4.426437666585714e-06
ENSG00000092377	4.415914346149092e-06
ENSG00000244607	4.413155789507717e-06
ENSG00000116095	4.409284210685404e-06
ENSG00000184502	4.404423525660605e-06
ENSG00000284009	4.398468920418162e-06
ENSG00000169504	4.396097101940134e-06
ENSG00000120675	4.393461329430952e-06
ENSG00000284869	4.39255226968601e-06
ENSG00000037637	4.389886074795742e-06
ENSG00000139291	4.381574241047907e-06
ENSG00000277140	4.380649985051431e-06
ENSG00000132768	4.37933529758382e-06
ENSG00000166260	4.374769577502119e-06
ENSG00000139438	4.3744543635243e-06
ENSG00000164221	4.373990711713222e-06
ENSG00000080031	4.373133721402915e-06
ENSG00000143845	4.370268232294264e-06
ENSG00000185668	4.364825104890745e-06
ENSG00000167778	4.363095914564137e-06
ENSG00000143420	4.356481650754711e-06
ENSG00000248905	4.34953397164295e-06
ENSG00000138780	4.346582826615021e-06
ENSG00000141965	4.343847796840596e-06
ENSG00000180817	4.3382815735355345e-06
ENSG00000171606	4.337428037752183e-06
ENSG00000205358	4.334609096813422e-06
ENSG00000068354	4.331748626790153e-06
ENSG00000203814	4.330986086126323e-06
ENSG00000185736	4.325364501686947e-06
ENSG00000162065	4.325155318007915e-06
ENSG00000188782	4.322058096599817e-06
ENSG00000168575	4.320762072779226e-06
ENSG00000185666	4.31935147595686e-06
ENSG00000163812	4.317275790185153e-06
ENSG00000171209	4.310269849006073e-06
ENSG00000273820	4.306786218409692e-06
ENSG00000250361	4.304732497426775e-06
ENSG00000061918	4.300720202440052e-06
ENSG00000103150	4.300123310941791e-06
ENSG00000188886	4.2932034306288286e-06
ENSG00000136161	4.290990090970518e-06
ENSG00000198743	4.289719957759104e-06
ENSG00000084693	4.286774366202266e-06
ENSG00000184731	4.28012074971207e-06
ENSG00000164077	4.279319935629727e-06
ENSG00000181873	4.2745223859600285e-06
ENSG00000152670	4.254269700223642e-06
ENSG00000112246	4.2518907008579356e-06
ENSG00000198682	4.251440724238724e-06
ENSG00000139970	4.24859918749151e-06
ENSG00000149761	4.242611964054617e-06
ENSG00000215271	4.238038835149273e-06
ENSG00000285377	4.237472423827702e-06
ENSG00000128463	4.237472423827702e-06
ENSG00000155275	4.2272786355462616e-06
ENSG00000188566	4.227193810866453e-06
ENSG00000162783	4.227170634792372e-06
ENSG00000162399	4.226959255626369e-06
ENSG00000196189	4.22188135962807e-06
ENSG00000170381	4.22188135962807e-06
ENSG00000168995	4.219148556970055e-06
ENSG00000182040	4.218317309931026e-06
ENSG00000042781	4.218317309931026e-06
ENSG00000170788	4.208926621139822e-06
ENSG00000166801	4.206114665231217e-06
ENSG00000179010	4.202728308286348e-06
ENSG00000196689	4.199426754707742e-06
ENSG00000145439	4.197979929066761e-06
ENSG00000124588	4.187714189186123e-06
ENSG00000109158	4.172050195735158e-06
ENSG00000163864	4.171261835573636e-06
ENSG00000116791	4.168356840611865e-06
ENSG00000169193	4.161118265699608e-06
ENSG00000101546	4.1585812131520575e-06
ENSG00000179918	4.157624092014719e-06
ENSG00000100983	4.149448478382943e-06
ENSG00000143847	4.146023640773026e-06
ENSG00000064763	4.144235489122333e-06
ENSG00000066735	4.142774398194309e-06
ENSG00000171201	4.142600761464158e-06
ENSG00000172985	4.1328671118089305e-06
ENSG00000131379	4.118612619932821e-06
ENSG00000146618	4.118111155993124e-06
ENSG00000102195	4.113891019586095e-06
ENSG00000176720	4.112285762534383e-06
ENSG00000150477	4.110825754694491e-06
ENSG00000064225	4.108193099638686e-06
ENSG00000171368	4.1053210438128896e-06
ENSG00000139714	4.104496440892579e-06
ENSG00000183864	4.100730083289073e-06
ENSG00000172954	4.099864539278667e-06
ENSG00000164294	4.098118100525973e-06
ENSG00000185272	4.097493471318622e-06
ENSG00000163749	4.097455944764836e-06
ENSG00000148200	4.094649625705784e-06
ENSG00000108039	4.092740775420455e-06
ENSG00000198924	4.090887192946297e-06
ENSG00000198798	4.087735831053882e-06
ENSG00000234414	4.084656122819171e-06
ENSG00000132581	4.083232832141691e-06
ENSG00000119314	4.081612085979572e-06
ENSG00000039600	4.077726197164404e-06
ENSG00000100249	4.071264060641598e-06
ENSG00000183255	4.068434539792614e-06
ENSG00000168743	4.067835515303113e-06
ENSG00000136286	4.067423592767693e-06
ENSG00000165060	4.057254541896688e-06
ENSG00000137880	4.0564208001332e-06
ENSG00000198754	4.056278855608722e-06
ENSG00000151552	4.05268529848206e-06
ENSG00000091138	4.0524495716394115e-06
ENSG00000213023	4.035202381842198e-06
ENSG00000153048	4.03456273089885e-06
ENSG00000275600	4.033864351256918e-06
ENSG00000086288	4.033301598637011e-06
ENSG00000180855	4.031014090999468e-06
ENSG00000134905	4.024061528284294e-06
ENSG00000123178	4.023615146526677e-06
ENSG00000184887	4.0230040871411804e-06
ENSG00000079150	4.022140181053614e-06
ENSG00000162604	4.021955254286988e-06
ENSG00000136811	4.020947848028886e-06
ENSG00000171236	4.019105282354165e-06
ENSG00000123739	4.0184412990241425e-06
ENSG00000130475	4.018416848564562e-06
ENSG00000119888	4.015206526326012e-06
ENSG00000278488	4.015014834200497e-06
ENSG00000176049	4.012313408898703e-06
ENSG00000188493	4.004932063308104e-06
ENSG00000227600	4.004217025411757e-06
ENSG00000085644	4.004069941261144e-06
ENSG00000069431	3.9986922336342265e-06
ENSG00000106537	3.99745139143577e-06
ENSG00000160781	3.99745139143577e-06
ENSG00000166111	3.99745139143577e-06
ENSG00000166845	3.995438885864194e-06
ENSG00000145936	3.9928488025113825e-06
ENSG00000128951	3.9908857851584246e-06
ENSG00000167531	3.986420070377114e-06
ENSG00000079215	3.98023763171634e-06
ENSG00000110723	3.979537249805858e-06
ENSG00000263163	3.978608716184234e-06
ENSG00000104044	3.972515713036139e-06
ENSG00000188394	3.972515713036139e-06
ENSG00000068400	3.971078717589185e-06
ENSG00000150540	3.970030291118003e-06
ENSG00000106484	3.969413692306981e-06
ENSG00000288297	3.964584563586968e-06
ENSG00000172171	3.9624593943353755e-06
ENSG00000175003	3.945511880956065e-06
ENSG00000277443	3.943559489161855e-06
ENSG00000176566	3.9401995774002295e-06
ENSG00000122591	3.937540618773424e-06
ENSG00000198830	3.932696345252392e-06
ENSG00000130656	3.9249301696029316e-06
ENSG00000020129	3.916751160960281e-06
ENSG00000111364	3.9060530085798775e-06
ENSG00000005238	3.905111660300403e-06
ENSG00000152503	3.892057763716591e-06
ENSG00000177202	3.891651471543266e-06
ENSG00000131378	3.890626014956257e-06
ENSG00000172350	3.886317730158521e-06
ENSG00000121289	3.885525678720065e-06
ENSG00000067167	3.884683860251438e-06
ENSG00000123643	3.884053547546752e-06
ENSG00000150510	3.883511073877273e-06
ENSG00000169594	3.879862320764291e-06
ENSG00000187766	3.876978892212162e-06
ENSG00000035499	3.873140567623709e-06
ENSG00000142279	3.872994190760026e-06
ENSG00000132740	3.870650969726622e-06
ENSG00000180543	3.863383565114682e-06
ENSG00000182791	3.862444484642612e-06
ENSG00000198863	3.860326953053169e-06
ENSG00000188643	3.859734700893504e-06
ENSG00000164934	3.8577102145411595e-06
ENSG00000156009	3.8575443634057584e-06
ENSG00000123360	3.857473733148557e-06
ENSG00000070718	3.855208483708943e-06
ENSG00000151322	3.849096607045336e-06
ENSG00000113327	3.848874393639618e-06
ENSG00000173976	3.848684916972518e-06
ENSG00000135636	3.845595608879548e-06
ENSG00000179387	3.845118151200439e-06
ENSG00000133739	3.842242659774112e-06
ENSG00000146278	3.839847473047257e-06
ENSG00000242726	3.839477603220032e-06
ENSG00000169344	3.831333816265138e-06
ENSG00000120697	3.830549875251569e-06
ENSG00000272636	3.828067450563091e-06
ENSG00000015592	3.826245764532339e-06
ENSG00000162636	3.818527402781505e-06
ENSG00000274779	3.818406652899306e-06
ENSG00000116273	3.816097066251292e-06
ENSG00000213047	3.8116045632689747e-06
ENSG00000099785	3.810119242451809e-06
ENSG00000276358	3.807806908584773e-06
ENSG00000177352	3.803095756213815e-06
ENSG00000133313	3.798504072061535e-06
ENSG00000164318	3.793696157616841e-06
ENSG00000155330	3.783053861061191e-06
ENSG00000122557	3.779847673268054e-06
ENSG00000187650	3.7782851911147103e-06
ENSG00000129910	3.770452600930371e-06
ENSG00000280549	3.7662495791788925e-06
ENSG00000183396	3.7650035982046682e-06
ENSG00000188425	3.7637444737373226e-06
ENSG00000165526	3.7459626537561956e-06
ENSG00000104756	3.7402812530594097e-06
ENSG00000131400	3.739308982697721e-06
ENSG00000133612	3.7364334795790033e-06
ENSG00000281123	3.7358228110754e-06
ENSG00000138381	3.7350230366804092e-06
ENSG00000198553	3.734775400235166e-06
ENSG00000109917	3.7326857873708057e-06
ENSG00000165675	3.729603104893297e-06
ENSG00000122863	3.727075122411859e-06
ENSG00000124140	3.7264227305959526e-06
ENSG00000075275	3.7245483744715475e-06
ENSG00000182771	3.705485073014443e-06
ENSG00000136159	3.7040354815079046e-06
ENSG00000061337	3.7021459848851914e-06
ENSG00000131446	3.6948138731253825e-06
ENSG00000127831	3.693737903687589e-06
ENSG00000161664	3.6927691168574153e-06
ENSG00000159212	3.6921410884363056e-06
ENSG00000187097	3.6905453409584146e-06
ENSG00000196975	3.689297438613164e-06
ENSG00000197079	3.685609058240496e-06
ENSG00000101098	3.679375076793934e-06
ENSG00000144677	3.6790297091177333e-06
ENSG00000123179	3.6710170627303244e-06
ENSG00000285434	3.6680804040761382e-06
ENSG00000169105	3.6645611905588584e-06
ENSG00000116212	3.6643163809297126e-06
ENSG00000116032	3.6640991568450713e-06
ENSG00000198576	3.663452870811943e-06
ENSG00000120158	3.6623377750734835e-06
ENSG00000142178	3.6594126708388037e-06
ENSG00000138375	3.655714620638238e-06
ENSG00000049247	3.6556600785093834e-06
ENSG00000134020	3.653424180136444e-06
ENSG00000204634	3.652693343108104e-06
ENSG00000148604	3.6455796507525964e-06
ENSG00000134594	3.6427607423946405e-06
ENSG00000147573	3.639517443033867e-06
ENSG00000181773	3.6386841282375762e-06
ENSG00000130032	3.6359425385002095e-06
ENSG00000172840	3.6319731231939584e-06
ENSG00000121350	3.6319558890409834e-06
ENSG00000135299	3.6245478344973666e-06
ENSG00000198464	3.6230796768527433e-06
ENSG00000114547	3.6225027119523838e-06
ENSG00000232641	3.6196239890754873e-06
ENSG00000288188	3.612204839565243e-06
ENSG00000187244	3.606787447639413e-06
ENSG00000169877	3.606119697132364e-06
ENSG00000100427	3.6060706754386755e-06
ENSG00000141255	3.6060706754386755e-06
ENSG00000129596	3.6034458256444894e-06
ENSG00000168952	3.6030523338800715e-06
ENSG00000162368	3.599654412177366e-06
ENSG00000124440	3.5979635928559723e-06
ENSG00000155495	3.595397035573283e-06
ENSG00000146054	3.592683580431767e-06
ENSG00000196116	3.5896733196353353e-06
ENSG00000143771	3.575775061298668e-06
ENSG00000122728	3.5685567498619222e-06
ENSG00000168661	3.55365483399244e-06
ENSG00000186628	3.5482028322980437e-06
ENSG00000196565	3.540897305150363e-06
ENSG00000213931	3.540897305150363e-06
ENSG00000281857	3.5384863266302694e-06
ENSG00000174992	3.5303111734037544e-06
ENSG00000164929	3.52996653040883e-06
ENSG00000285007	3.5188734736585183e-06
ENSG00000139351	3.5188734736585183e-06
ENSG00000135517	3.5120897539433815e-06
ENSG00000288250	3.5077144613494123e-06
ENSG00000106948	3.5015533510290053e-06
ENSG00000253873	3.5006882394246485e-06
ENSG00000240184	3.5006882394246485e-06
ENSG00000280165	3.5006882394246485e-06
ENSG00000186190	3.488901450256575e-06
ENSG00000124615	3.4853196476244214e-06
ENSG00000117133	3.4851432436144387e-06
ENSG00000184905	3.4832343495104482e-06
ENSG00000117154	3.482715822056323e-06
ENSG00000086666	3.4741603676526385e-06
ENSG00000125089	3.463964525571142e-06
ENSG00000164011	3.460979099776773e-06
ENSG00000178171	3.458400605904322e-06
ENSG00000162148	3.4583178330669226e-06
ENSG00000188996	3.4559300690953233e-06
ENSG00000069943	3.451120612727614e-06
ENSG00000180346	3.450905804971392e-06
ENSG00000187742	3.4475283655230538e-06
ENSG00000099937	3.4384219516927803e-06
ENSG00000145945	3.433533408232665e-06
ENSG00000149084	3.430158643957882e-06
ENSG00000169682	3.425992625660454e-06
ENSG00000150893	3.423765495374126e-06
ENSG00000197123	3.4175524695729042e-06
ENSG00000125434	3.4148203625186923e-06
ENSG00000185798	3.395802738801991e-06
ENSG00000135469	3.3919489932613688e-06
ENSG00000121542	3.385463745289271e-06
ENSG00000158486	3.3844728987309552e-06
ENSG00000109738	3.3799736178754705e-06
ENSG00000168300	3.377014133634426e-06
ENSG00000114757	3.3710261518108702e-06
ENSG00000136197	3.3698488302831883e-06
ENSG00000164975	3.366792923636828e-06
ENSG00000196581	3.362341685445238e-06
ENSG00000141086	3.361535883181155e-06
ENSG00000175376	3.358775918363287e-06
ENSG00000007062	3.358106272340037e-06
ENSG00000184226	3.3541716156344692e-06
ENSG00000133789	3.354153702033801e-06
ENSG00000166682	3.351681490112532e-06
ENSG00000169131	3.345107126980813e-06
ENSG00000182263	3.336007349340568e-06
ENSG00000121316	3.3320504983019694e-06
ENSG00000141580	3.3280746299967093e-06
ENSG00000197901	3.327473785665295e-06
ENSG00000119943	3.327473785665295e-06
ENSG00000072134	3.31810895642017e-06
ENSG00000145198	3.310188814033745e-06
ENSG00000116783	3.308379473611883e-06
ENSG00000120341	3.30369893384383e-06
ENSG00000101955	3.3010603684269337e-06
ENSG00000130997	3.3007214906050554e-06
ENSG00000173085	3.297728558973961e-06
ENSG00000213934	3.2965459209087328e-06
ENSG00000042445	3.291020958749024e-06
ENSG00000161973	3.2868952823893678e-06
ENSG00000102781	3.2835684157488763e-06
ENSG00000288269	3.2769420666941654e-06
ENSG00000105877	3.2719501771250705e-06
ENSG00000198785	3.2700464783473134e-06
ENSG00000095380	3.269441854447839e-06
ENSG00000175426	3.2686836904388787e-06
ENSG00000181026	3.2628538510240707e-06
ENSG00000133597	3.262194691272648e-06
ENSG00000178038	3.2618265562637432e-06
ENSG00000166035	3.261779840894076e-06
ENSG00000274671	3.2617513374714037e-06
ENSG00000131668	3.2589822099976987e-06
ENSG00000156521	3.2589278925925315e-06
ENSG00000108423	3.2528544174161866e-06
ENSG00000151474	3.2483963690800463e-06
ENSG00000143061	3.2474137661464403e-06
ENSG00000161055	3.2347739653829947e-06
ENSG00000164265	3.2347739653829947e-06
ENSG00000116157	3.2337437445689943e-06
ENSG00000170631	3.2300215722944146e-06
ENSG00000137573	3.2264754609267505e-06
ENSG00000275793	3.2220250142563055e-06
ENSG00000171794	3.21988839407063e-06
ENSG00000203667	3.2179246618502522e-06
ENSG00000113742	3.213946523255632e-06
ENSG00000170703	3.2138127689263692e-06
ENSG00000154814	3.211757577294161e-06
ENSG00000275099	3.211357007787976e-06
ENSG00000198758	3.211044127425828e-06
ENSG00000117280	3.210100317576822e-06
ENSG00000198513	3.197142397168477e-06
ENSG00000163206	3.192223932564765e-06
ENSG00000171462	3.192223932564765e-06
ENSG00000134802	3.186302642275297e-06
ENSG00000145491	3.1858203754672343e-06
ENSG00000198937	3.18296495365349e-06
ENSG00000155026	3.1795275661444213e-06
ENSG00000118557	3.1795275661444213e-06
ENSG00000142794	3.177568486811816e-06
ENSG00000196109	3.1742083706566662e-06
ENSG00000146858	3.173745136114661e-06
ENSG00000196214	3.1736521734391792e-06
ENSG00000180815	3.1731250985994413e-06
ENSG00000187634	3.171943799295912e-06
ENSG00000110436	3.167542831701941e-06
ENSG00000109881	3.1611916585466792e-06
ENSG00000176204	3.160242569814508e-06
ENSG00000110925	3.157435880358129e-06
ENSG00000109929	3.1424479256033084e-06
ENSG00000275483	3.1410617874641303e-06
ENSG00000169402	3.140637520889074e-06
ENSG00000128311	3.137899172263042e-06
ENSG00000185305	3.1354389045550846e-06
ENSG00000103199	3.1302678244127487e-06
ENSG00000148730	3.1301699469836536e-06
ENSG00000139973	3.1204918972822633e-06
ENSG00000203797	3.113545923257847e-06
ENSG00000095321	3.113545923257847e-06
ENSG00000105388	3.105809817094035e-06
ENSG00000186918	3.101141141578439e-06
ENSG00000131459	3.099172233685203e-06
ENSG00000187003	3.094069779845428e-06
ENSG00000268651	3.0885247862539973e-06
ENSG00000183696	3.0841367816618755e-06
ENSG00000154134	3.0825967223528728e-06
ENSG00000120370	3.079489183781061e-06
ENSG00000123353	3.07810661911443e-06
ENSG00000169519	3.0733017017441947e-06
ENSG00000242114	3.0688443507379723e-06
ENSG00000181061	3.0684970918837515e-06
ENSG00000243056	3.068118544151988e-06
ENSG00000275333	3.063569489118845e-06
ENSG00000186977	3.0573547941920205e-06
ENSG00000162526	3.0535348138023456e-06
ENSG00000156414	3.0495619972079467e-06
ENSG00000181404	3.034525622064762e-06
ENSG00000087263	3.033810543709863e-06
ENSG00000165389	3.0331349395819396e-06
ENSG00000154217	3.0266998234387818e-06
ENSG00000141744	3.024993344481064e-06
ENSG00000178935	3.015176338255523e-06
ENSG00000152439	3.015176338255523e-06
ENSG00000249471	3.015176338255523e-06
ENSG00000092068	3.00682306584237e-06
ENSG00000141258	3.0060943863670533e-06
ENSG00000114544	3.0051983726244133e-06
ENSG00000244274	3.004353865527959e-06
ENSG00000185669	3.0024121602237047e-06
ENSG00000170525	2.999261660496765e-06
ENSG00000178163	2.995316467803884e-06
ENSG00000108591	2.9952994211355196e-06
ENSG00000226430	2.9914213208484044e-06
ENSG00000132640	2.9909131250756126e-06
ENSG00000188917	2.9884569653306265e-06
ENSG00000133131	2.9834660219729793e-06
ENSG00000213145	2.982722723877985e-06
ENSG00000157916	2.982722723877985e-06
ENSG00000285226	2.982445445806937e-06
ENSG00000170873	2.9780722973633196e-06
ENSG00000111110	2.9765608091846647e-06
ENSG00000017483	2.9752882418511065e-06
ENSG00000119986	2.97390061083562e-06
ENSG00000145012	2.96933120368891e-06
ENSG00000181450	2.9688250078125244e-06
ENSG00000115841	2.9626998801204447e-06
ENSG00000154478	2.956541424549575e-06
ENSG00000102043	2.9536211220212365e-06
ENSG00000184083	2.9498496150193693e-06
ENSG00000124120	2.945858047099921e-06
ENSG00000079332	2.9458300521306044e-06
ENSG00000186838	2.943006999552621e-06
ENSG00000214941	2.9388107125760472e-06
ENSG00000166183	2.937875592487664e-06
ENSG00000196860	2.9366737090853987e-06
ENSG00000109063	2.935906682981126e-06
ENSG00000170367	2.9349107636988774e-06
ENSG00000138311	2.9348621735480675e-06
ENSG00000198130	2.9307773405024823e-06
ENSG00000182318	2.929551926989909e-06
ENSG00000189334	2.9276366347060395e-06
ENSG00000204991	2.927065139371745e-06
ENSG00000134775	2.9266858845067628e-06
ENSG00000169583	2.9238558510687004e-06
ENSG00000196428	2.9233791492463776e-06
ENSG00000144485	2.922792076584496e-06
ENSG00000164438	2.922792076584496e-06
ENSG00000275365	2.916534712209998e-06
ENSG00000100523	2.9148304073635054e-06
ENSG00000183153	2.9132384676124605e-06
ENSG00000176454	2.9130219189584017e-06
ENSG00000170801	2.9130219189584017e-06
ENSG00000262243	2.913010594334999e-06
ENSG00000118922	2.9105085750607837e-06
ENSG00000116675	2.9057562710876146e-06
ENSG00000137857	2.905381498009346e-06
ENSG00000285465	2.8955165853118834e-06
ENSG00000164749	2.8752333265017755e-06
ENSG00000175879	2.8701988759563353e-06
ENSG00000166796	2.8683020442190316e-06
ENSG00000283649	2.8654303452860998e-06
ENSG00000198498	2.8627000718615342e-06
ENSG00000088727	2.8592987952143458e-06
ENSG00000151458	2.848092069335646e-06
ENSG00000105251	2.840512199150912e-06
ENSG00000145029	2.8353539234252235e-06
ENSG00000205089	2.8350690273201253e-06
ENSG00000064270	2.834571064675144e-06
ENSG00000213965	2.8341298965670963e-06
ENSG00000137513	2.8341298965670963e-06
ENSG00000141622	2.8312146446026913e-06
ENSG00000126545	2.8306239889369987e-06
ENSG00000120215	2.827513169400494e-06
ENSG00000145949	2.8252607113334724e-06
ENSG00000155962	2.8207488555105633e-06
ENSG00000144136	2.818658553764542e-06
ENSG00000171813	2.818643008773517e-06
ENSG00000197142	2.816463395070118e-06
ENSG00000010626	2.813213054110964e-06
ENSG00000095485	2.811977674073703e-06
ENSG00000167971	2.8082955468164585e-06
ENSG00000243927	2.8074743557410586e-06
ENSG00000235961	2.8060331113777613e-06
ENSG00000168939	2.8024383841184376e-06
ENSG00000171169	2.7962215197776006e-06
ENSG00000162873	2.7938972552838453e-06
ENSG00000237165	2.7887472513962717e-06
ENSG00000165355	2.781130441756221e-06
ENSG00000284868	2.7766014055295994e-06
ENSG00000151967	2.77506721837051e-06
ENSG00000182809	2.7696623212858553e-06
ENSG00000205186	2.7691555711110727e-06
ENSG00000147872	2.7691555711110727e-06
ENSG00000152359	2.764366654213086e-06
ENSG00000185252	2.7588922885704364e-06
ENSG00000226916	2.7579218546233216e-06
ENSG00000140830	2.7564351145471664e-06
ENSG00000221986	2.7557676858255547e-06
ENSG00000277405	2.7537690555167205e-06
ENSG00000089177	2.7534379921276618e-06
ENSG00000117245	2.751293939110649e-06
ENSG00000119782	2.749197250760717e-06
ENSG00000237056	2.748911394785225e-06
ENSG00000171970	2.744594685472352e-06
ENSG00000180035	2.7442696409383284e-06
ENSG00000226479	2.7404186469257123e-06
ENSG00000019144	2.7377978541718845e-06
ENSG00000187513	2.73689442638988e-06
ENSG00000146007	2.7366279347548818e-06
ENSG00000131264	2.731017481222876e-06
ENSG00000156298	2.725614013745822e-06
ENSG00000130783	2.722530133352485e-06
ENSG00000048471	2.715901097758267e-06
ENSG00000166548	2.7141597970574326e-06
ENSG00000124104	2.7105338246361226e-06
ENSG00000171476	2.7051564852605422e-06
ENSG00000006837	2.6973034514261668e-06
ENSG00000135709	2.6946074258648238e-06
ENSG00000169957	2.6935853324620756e-06
ENSG00000242802	2.686278928155134e-06
ENSG00000091536	2.6799847940393018e-06
ENSG00000148459	2.678881025809457e-06
ENSG00000135454	2.678308427495802e-06
ENSG00000144406	2.6676543782488763e-06
ENSG00000204065	2.656881779731542e-06
ENSG00000029993	2.6568369202179736e-06
ENSG00000142149	2.6526187957411347e-06
ENSG00000215269	2.6523914702211904e-06
ENSG00000106331	2.6523914702211904e-06
ENSG00000106077	2.651314602833335e-06
ENSG00000164403	2.646620732016282e-06
ENSG00000104472	2.642776054278994e-06
ENSG00000175606	2.6426509532115782e-06
ENSG00000169800	2.639963339641855e-06
ENSG00000026559	2.6393006682338118e-06
ENSG00000134588	2.6373468176851404e-06
ENSG00000167701	2.62948331497494e-06
ENSG00000198841	2.625567427674846e-06
ENSG00000197961	2.6241368422574654e-06
ENSG00000015133	2.6202174689677497e-06
ENSG00000129197	2.6090263971741447e-06
ENSG00000162444	2.6038469542238694e-06
ENSG00000173482	2.5796092727349226e-06
ENSG00000170374	2.5758584283432785e-06
ENSG00000162571	2.5748493550677735e-06
ENSG00000107317	2.564148025032321e-06
ENSG00000107551	2.56072716337565e-06
ENSG00000103061	2.559602683959741e-06
ENSG00000288169	2.5569242541263978e-06
ENSG00000182919	2.5538111226504594e-06
ENSG00000135374	2.553216921236162e-06
ENSG00000197870	2.5493944734973573e-06
ENSG00000279116	2.5493944734973573e-06
ENSG00000198835	2.5493944734973573e-06
ENSG00000198104	2.5493944734973573e-06
ENSG00000197818	2.5493944734973573e-06
ENSG00000180043	2.5493944734973573e-06
ENSG00000077935	2.549393690927756e-06
ENSG00000135097	2.544390830455849e-06
ENSG00000281931	2.5396105494739347e-06
ENSG00000155368	2.5218305521678243e-06
ENSG00000160183	2.5197979422328764e-06
ENSG00000116667	2.5189137317747743e-06
ENSG00000170927	2.5178633155127574e-06
ENSG00000133874	2.5178633155127574e-06
ENSG00000108556	2.5140244268944256e-06
ENSG00000127774	2.51196095905609e-06
ENSG00000183044	2.508950444067392e-06
ENSG00000086696	2.5086917400895415e-06
ENSG00000288275	2.5060283740040734e-06
ENSG00000205111	2.504793305575547e-06
ENSG00000213563	2.5028128728944038e-06
ENSG00000131067	2.5019614726484134e-06
ENSG00000168263	2.5015927300897787e-06
ENSG00000143473	2.5015927300897787e-06
ENSG00000121210	2.4946120161608153e-06
ENSG00000146243	2.4882661500772496e-06
ENSG00000112294	2.4865262115139776e-06
ENSG00000173068	2.483877114917564e-06
ENSG00000154493	2.4831944777272603e-06
ENSG00000100053	2.4748888780572123e-06
ENSG00000282854	2.473609765850484e-06
ENSG00000161558	2.4734336756981946e-06
ENSG00000168116	2.4718633358652332e-06
ENSG00000282739	2.4718633358652332e-06
ENSG00000197948	2.4704224502114415e-06
ENSG00000171307	2.4691191514905688e-06
ENSG00000282825	2.468375358636502e-06
ENSG00000113209	2.46209069275263e-06
ENSG00000131831	2.4606942306030566e-06
ENSG00000105549	2.4581003388966542e-06
ENSG00000167889	2.457071059360613e-06
ENSG00000198934	2.4542147224537746e-06
ENSG00000273494	2.4478371058299753e-06
ENSG00000280584	2.447732132761266e-06
ENSG00000282269	2.4466150353982618e-06
ENSG00000284816	2.444058172431832e-06
ENSG00000048342	2.4328744956680256e-06
ENSG00000198482	2.4317933885122363e-06
ENSG00000147164	2.4291350149225776e-06
ENSG00000187855	2.420988218740217e-06
ENSG00000166394	2.4171495015214297e-06
ENSG00000282891	2.4136247455507602e-06
ENSG00000157103	2.397431504919624e-06
ENSG00000169895	2.39357650423528e-06
ENSG00000143452	2.391031185116339e-06
ENSG00000059122	2.3892840071577657e-06
ENSG00000149596	2.389045835642087e-06
ENSG00000213265	2.386882801762271e-06
ENSG00000160908	2.3803607684278923e-06
ENSG00000137449	2.3781842031900174e-06
ENSG00000153086	2.376441743307458e-06
ENSG00000011347	2.3723767261101795e-06
ENSG00000010327	2.3715324756399586e-06
ENSG00000164054	2.3706005608665318e-06
ENSG00000112981	2.363133890371506e-06
ENSG00000163545	2.3621059072231044e-06
ENSG00000180878	2.359145397099033e-06
ENSG00000214575	2.3522777019666834e-06
ENSG00000068724	2.348012267127775e-06
ENSG00000143479	2.3475053857223085e-06
ENSG00000115297	2.344408623585967e-06
ENSG00000205423	2.3422796066007483e-06
ENSG00000114923	2.342068398203784e-06
ENSG00000170743	2.3402881089706573e-06
ENSG00000140612	2.3401909564182063e-06
ENSG00000188991	2.339117755581966e-06
ENSG00000196793	2.338539297534064e-06
ENSG00000111879	2.336523845931577e-06
ENSG00000133401	2.3321260446409986e-06
ENSG00000218336	2.329329472754924e-06
ENSG00000196812	2.3274146455919346e-06
ENSG00000167720	2.327004189681626e-06
ENSG00000110881	2.319431645205568e-06
ENSG00000163596	2.319431645205568e-06
ENSG00000101079	2.319431645205568e-06
ENSG00000073910	2.315272905659632e-06
ENSG00000102032	2.3128035722585665e-06
ENSG00000169084	2.3128035722585665e-06
ENSG00000171532	2.309907246060559e-06
ENSG00000131171	2.3081829621675876e-06
ENSG00000057757	2.3069215827574423e-06
ENSG00000166402	2.3057848875702284e-06
ENSG00000135378	2.304172473143211e-06
ENSG00000129657	2.3008578298161307e-06
ENSG00000125821	2.3001137679916357e-06
ENSG00000162813	2.3001137679916357e-06
ENSG00000087253	2.3001137679916357e-06
ENSG00000162139	2.298600493955212e-06
ENSG00000143486	2.2977684970736764e-06
ENSG00000227500	2.2907495470091837e-06
ENSG00000280908	2.288416760369e-06
ENSG00000215695	2.2836538670089907e-06
ENSG00000175352	2.2836538670089907e-06
ENSG00000180611	2.2829396844776814e-06
ENSG00000046774	2.2829038649697026e-06
ENSG00000177614	2.2804690913646394e-06
ENSG00000178826	2.273319879229496e-06
ENSG00000101311	2.273215939548651e-06
ENSG00000276184	2.2728422223970316e-06
ENSG00000137463	2.2713695452548027e-06
ENSG00000139044	2.266591782516524e-06
ENSG00000215045	2.2648280835314177e-06
ENSG00000175137	2.2645052240830596e-06
ENSG00000172456	2.258604924434257e-06
ENSG00000096092	2.2512828883143497e-06
ENSG00000072195	2.237147463860129e-06
ENSG00000139433	2.2269356341067703e-06
ENSG00000170777	2.2269356341067703e-06
ENSG00000167588	2.2261439226647663e-06
ENSG00000149124	2.2261439226647663e-06
ENSG00000169509	2.2261439226647663e-06
ENSG00000283085	2.2240825779132114e-06
ENSG00000107165	2.2240825779132114e-06
ENSG00000284900	2.2164441115136998e-06
ENSG00000167549	2.210095342915306e-06
ENSG00000262664	2.2064973084454766e-06
ENSG00000150750	2.205626631150009e-06
ENSG00000119411	2.205436652605296e-06
ENSG00000102595	2.2051436713220635e-06
ENSG00000115457	2.20486652644318e-06
ENSG00000263155	2.2012314795977564e-06
ENSG00000288307	2.193993286869841e-06
ENSG00000185565	2.1904415344126697e-06
ENSG00000221866	2.1904415344126697e-06
ENSG00000137198	2.177665058090497e-06
ENSG00000136444	2.1716447447661076e-06
ENSG00000112137	2.169898181400548e-06
ENSG00000100744	2.168825401538556e-06
ENSG00000185046	2.1675635489483433e-06
ENSG00000183795	2.1665649970696546e-06
ENSG00000157884	2.163654173416142e-06
ENSG00000010318	2.16205431369078e-06
ENSG00000176371	2.1581817777296615e-06
ENSG00000108509	2.152496093196434e-06
ENSG00000189030	2.1425399903423227e-06
ENSG00000268009	2.1425399903423227e-06
ENSG00000160282	2.1425399903423227e-06
ENSG00000186907	2.130390413657781e-06
ENSG00000255561	2.123025792791558e-06
ENSG00000106336	2.1198228550931605e-06
ENSG00000111696	2.1195603694519278e-06
ENSG00000117862	2.106633160609129e-06
ENSG00000150787	2.1059508642932342e-06
ENSG00000105668	2.1027021422242797e-06
ENSG00000115761	2.099351153696744e-06
ENSG00000105767	2.090200084386819e-06
ENSG00000170011	2.079906757596731e-06
ENSG00000182107	2.0710920476183527e-06
ENSG00000125648	2.0705052349944913e-06
ENSG00000111837	2.0692490935031136e-06
ENSG00000146938	2.0678893944561137e-06
ENSG00000198010	2.0678893944561137e-06
ENSG00000148985	2.0670206372376064e-06
ENSG00000165863	2.0662296458495394e-06
ENSG00000101203	2.0662296458495394e-06
ENSG00000143850	2.0655464128306117e-06
ENSG00000109424	2.063459746187271e-06
ENSG00000036473	2.063459746187271e-06
ENSG00000165757	2.054129086646325e-06
ENSG00000153815	2.051998950241114e-06
ENSG00000150990	2.05124546696669e-06
ENSG00000064787	2.050049643093887e-06
ENSG00000006576	2.049491464448448e-06
ENSG00000133065	2.049491464448448e-06
ENSG00000164574	2.049491464448448e-06
ENSG00000020577	2.0486283069808203e-06
ENSG00000124313	2.0439926700931466e-06
ENSG00000172244	2.0439926700931466e-06
ENSG00000132872	2.041607260824443e-06
ENSG00000163053	2.039780422136816e-06
ENSG00000177096	2.0376750806161184e-06
ENSG00000182902	2.0358029203954954e-06
ENSG00000164304	2.0342209965560258e-06
ENSG00000216937	2.0296717258865636e-06
ENSG00000197658	2.0296717258865636e-06
ENSG00000151778	2.0296717258865636e-06
ENSG00000187151	2.0276763164869755e-06
ENSG00000183117	2.0269315567034597e-06
ENSG00000154143	2.0269315567034597e-06
ENSG00000278220	2.026604905169747e-06
ENSG00000170439	2.02009709524714e-06
ENSG00000132840	2.0163319955917793e-06
ENSG00000081138	2.011371182028006e-06
ENSG00000113100	2.011371182028006e-06
ENSG00000112655	2.011371182028006e-06
ENSG00000278023	2.0107757664902676e-06
ENSG00000198951	2.008362969333527e-06
ENSG00000134717	2.0078810285023766e-06
ENSG00000101638	2.0070087493063137e-06
ENSG00000168904	2.0039552066569403e-06
ENSG00000100376	2.0025382929352886e-06
ENSG00000188641	2.0002383512763994e-06
ENSG00000131389	1.995599698853014e-06
ENSG00000159176	1.9955526615245405e-06
ENSG00000152213	1.9912248683841956e-06
ENSG00000119431	1.9912248683841956e-06
ENSG00000168237	1.9912248683841956e-06
ENSG00000139684	1.9910067302510256e-06
ENSG00000085831	1.9896061897674685e-06
ENSG00000115084	1.9745261818882266e-06
ENSG00000185033	1.970505460436112e-06
ENSG00000278461	1.9699379300799884e-06
ENSG00000135912	1.9644788084883024e-06
ENSG00000081051	1.963113856090218e-06
ENSG00000084092	1.957175071935726e-06
ENSG00000135632	1.9530141327539506e-06
ENSG00000261986	1.9479983128403e-06
ENSG00000141505	1.9414293466600577e-06
ENSG00000105612	1.9385265555535526e-06
ENSG00000165072	1.9283091254293773e-06
ENSG00000177143	1.9281541415697868e-06
ENSG00000125629	1.921250254970067e-06
ENSG00000153064	1.9181140332060656e-06
ENSG00000060709	1.9161860323955166e-06
ENSG00000166347	1.9147574441920767e-06
ENSG00000154553	1.912606105455861e-06
ENSG00000144120	1.9117881395538277e-06
ENSG00000162438	1.909546888740273e-06
ENSG00000159433	1.8988824989337115e-06
ENSG00000169599	1.8987144961390388e-06
ENSG00000148344	1.8932369854415836e-06
ENSG00000107020	1.8932369854415836e-06
ENSG00000235132	1.8848022905790681e-06
ENSG00000139890	1.8848022905790681e-06
ENSG00000235162	1.8827449864538804e-06
ENSG00000095397	1.8779104637184046e-06
ENSG00000135045	1.8724131336127597e-06
ENSG00000167525	1.8696604615535404e-06
ENSG00000173641	1.8658246420454283e-06
ENSG00000203867	1.8569661220547326e-06
ENSG00000183638	1.8493128527515538e-06
ENSG00000169093	1.8468129595712538e-06
ENSG00000134198	1.8446718371312064e-06
ENSG00000105507	1.8440524769486666e-06
ENSG00000172780	1.8397175085406342e-06
ENSG00000183067	1.8383307296065675e-06
ENSG00000105339	1.8363631919956475e-06
ENSG00000121211	1.8333772980211518e-06
ENSG00000263296	1.8290924623120624e-06
ENSG00000121101	1.8230816490123815e-06
ENSG00000143942	1.8176120503234184e-06
ENSG00000131470	1.8159105911211874e-06
ENSG00000130775	1.8124758605187733e-06
ENSG00000136371	1.8120610543309294e-06
ENSG00000274684	1.8119168842403865e-06
ENSG00000173275	1.8066553954377372e-06
ENSG00000138769	1.805386473831136e-06
ENSG00000151364	1.8007733937110826e-06
ENSG00000172803	1.799747454839106e-06
ENSG00000175564	1.775340541427081e-06
ENSG00000152669	1.7694665099428268e-06
ENSG00000242259	1.7682118058016498e-06
ENSG00000148090	1.7680316234024835e-06
ENSG00000196663	1.7652554756075075e-06
ENSG00000165495	1.7578411812230315e-06
ENSG00000168958	1.7569739427245473e-06
ENSG00000168454	1.7525715304904245e-06
ENSG00000172594	1.7525715304904245e-06
ENSG00000125998	1.7525715304904245e-06
ENSG00000163499	1.751774355499471e-06
ENSG00000152595	1.7513564943832411e-06
ENSG00000170423	1.7488073343767855e-06
ENSG00000181826	1.7445581170051269e-06
ENSG00000164620	1.7445581170051269e-06
ENSG00000154175	1.7414202518090218e-06
ENSG00000066697	1.7403300346395846e-06
ENSG00000122644	1.7309571441750582e-06
ENSG00000278326	1.724313236160219e-06
ENSG00000205978	1.7164213256914802e-06
ENSG00000171885	1.7154198223782625e-06
ENSG00000275679	1.7117259879031758e-06
ENSG00000162623	1.7104176318742672e-06
ENSG00000074276	1.7065045352869158e-06
ENSG00000198889	1.7043498306981608e-06
ENSG00000178149	1.7034830066517741e-06
ENSG00000167536	1.6955764777673454e-06
ENSG00000141569	1.688970972188328e-06
ENSG00000276286	1.6843665777185532e-06
ENSG00000066651	1.6809375974590791e-06
ENSG00000273574	1.6798494435315774e-06
ENSG00000166669	1.672523885835441e-06
ENSG00000176746	1.6722218495835752e-06
ENSG00000178445	1.6718266321634607e-06
ENSG00000166821	1.6708018134241385e-06
ENSG00000131779	1.6708018134241385e-06
ENSG00000100372	1.6708018134241385e-06
ENSG00000101417	1.6708018134241385e-06
ENSG00000147119	1.6708018134241385e-06
ENSG00000174132	1.6708018134241385e-06
ENSG00000198189	1.6708018134241385e-06
ENSG00000078596	1.6660447853680273e-06
ENSG00000105982	1.6660447853680273e-06
ENSG00000198088	1.6633791954378462e-06
ENSG00000204856	1.6622539810292192e-06
ENSG00000282937	1.6601317507658251e-06
ENSG00000112379	1.6582112921780547e-06
ENSG00000133710	1.6548386290179479e-06
ENSG00000085465	1.6515262967430307e-06
ENSG00000075213	1.6511475459290718e-06
ENSG00000214013	1.6437090493862372e-06
ENSG00000139974	1.6420394919012432e-06
ENSG00000184515	1.639456213110902e-06
ENSG00000184227	1.635765790102125e-06
ENSG00000072041	1.635603253132901e-06
ENSG00000136274	1.635603253132901e-06
ENSG00000187516	1.6217033127245922e-06
ENSG00000134986	1.6206325035638468e-06
ENSG00000197951	1.618997142556736e-06
ENSG00000169548	1.618997142556736e-06
ENSG00000213424	1.618997142556736e-06
ENSG00000163040	1.618997142556736e-06
ENSG00000266338	1.618997142556736e-06
ENSG00000278843	1.615634942434447e-06
ENSG00000284290	1.6134707114244796e-06
ENSG00000164197	1.6113287727903164e-06
ENSG00000256762	1.6068875137177354e-06
ENSG00000125285	1.599330922152348e-06
ENSG00000284017	1.5970052047994055e-06
ENSG00000156463	1.5970052047994055e-06
ENSG00000174740	1.5954017357538518e-06
ENSG00000102870	1.5951133334423678e-06
ENSG00000120314	1.5948437888792676e-06
ENSG00000109771	1.589546454241007e-06
ENSG00000215915	1.5856564473790714e-06
ENSG00000141756	1.5804084085034156e-06
ENSG00000288359	1.579326350366316e-06
ENSG00000114805	1.5717158838968472e-06
ENSG00000133937	1.5695149418961895e-06
ENSG00000054179	1.5682680165573184e-06
ENSG00000169122	1.5643271155457088e-06
ENSG00000147687	1.563078022946602e-06
ENSG00000143891	1.5570448412723965e-06
ENSG00000170632	1.556655073327929e-06
ENSG00000086205	1.556655073327929e-06
ENSG00000182359	1.556655073327929e-06
ENSG00000133477	1.556655073327929e-06
ENSG00000204653	1.556354153770559e-06
ENSG00000088320	1.5520829965894647e-06
ENSG00000006025	1.5364787206299896e-06
ENSG00000118960	1.5359217719341197e-06
ENSG00000105429	1.5277132792302667e-06
ENSG00000276464	1.525888685739456e-06
ENSG00000162174	1.525888685739456e-06
ENSG00000285053	1.5225992435360363e-06
ENSG00000139233	1.5222122427772223e-06
ENSG00000279486	1.5107547146914549e-06
ENSG00000165084	1.5093780290689855e-06
ENSG00000109511	1.4965124626605327e-06
ENSG00000163630	1.4963760330790074e-06
ENSG00000228090	1.4915065253347996e-06
ENSG00000119900	1.4912090832737594e-06
ENSG00000172716	1.4887949148304606e-06
ENSG00000171428	1.4885084304296178e-06
ENSG00000109089	1.4883491423520476e-06
ENSG00000196990	1.48452108901347e-06
ENSG00000158887	1.483575554123493e-06
ENSG00000271601	1.4832620938371083e-06
ENSG00000103253	1.4778620198185399e-06
ENSG00000130035	1.4778620198185399e-06
ENSG00000169908	1.471839567262144e-06
ENSG00000269096	1.471839567262144e-06
ENSG00000179083	1.471839567262144e-06
ENSG00000140798	1.4707061344576466e-06
ENSG00000162542	1.468748768301005e-06
ENSG00000176393	1.4583630703043105e-06
ENSG00000033100	1.4475412899602057e-06
ENSG00000103647	1.445028138064928e-06
ENSG00000288399	1.4414423955352677e-06
ENSG00000197622	1.4320718730295747e-06
ENSG00000156136	1.4290315325632244e-06
ENSG00000180332	1.425981905923138e-06
ENSG00000243489	1.4229407406195656e-06
ENSG00000149054	1.419734664934765e-06
ENSG00000157653	1.414614435533119e-06
ENSG00000161798	1.4134699352768968e-06
ENSG00000164675	1.4134699352768968e-06
ENSG00000125872	1.4134699352768968e-06
ENSG00000168016	1.4133369803755841e-06
ENSG00000186051	1.4080361707461497e-06
ENSG00000080819	1.4080361707461497e-06
ENSG00000198331	1.4004706455640019e-06
ENSG00000091542	1.4002278530665695e-06
ENSG00000105784	1.3957183144246627e-06
ENSG00000118473	1.395329819137511e-06
ENSG00000168754	1.388808874699057e-06
ENSG00000139287	1.3851106003407336e-06
ENSG00000166619	1.3825865344706994e-06
ENSG00000142235	1.3825865344706994e-06
ENSG00000155890	1.3796971557131237e-06
ENSG00000102021	1.3796971557131237e-06
ENSG00000062282	1.3784236718348382e-06
ENSG00000165841	1.369342298631149e-06
ENSG00000111886	1.3662552089480394e-06
ENSG00000086289	1.3662552089480394e-06
ENSG00000198680	1.3645020003610358e-06
ENSG00000139344	1.3597151420704115e-06
ENSG00000132874	1.3504906181568998e-06
ENSG00000219481	1.3504666898857839e-06
ENSG00000112530	1.3414185002109431e-06
ENSG00000126003	1.3408375635608253e-06
ENSG00000146416	1.3408375635608253e-06
ENSG00000274137	1.3374360594562292e-06
ENSG00000159792	1.334275334127635e-06
ENSG00000185267	1.3333798716624778e-06
ENSG00000187017	1.3314243864307436e-06
ENSG00000151360	1.3268268105666231e-06
ENSG00000129538	1.3227324235812063e-06
ENSG00000101187	1.3225245259050185e-06
ENSG00000012660	1.3197124208137113e-06
ENSG00000256618	1.3138825690986427e-06
ENSG00000102921	1.3092836228801496e-06
ENSG00000102984	1.3069215458036982e-06
ENSG00000131069	1.305247995947387e-06
ENSG00000133731	1.3047398958855759e-06
ENSG00000274611	1.3016070867831235e-06
ENSG00000158806	1.301045285467565e-06
ENSG00000167914	1.297786020111139e-06
ENSG00000189410	1.284613791828461e-06
ENSG00000132406	1.284613791828461e-06
ENSG00000276559	1.2778999750400465e-06
ENSG00000005187	1.2676179007943986e-06
ENSG00000276761	1.2672231508031569e-06
ENSG00000228075	1.2603453826461217e-06
ENSG00000138650	1.2590642117811933e-06
ENSG00000167065	1.2576739435389288e-06
ENSG00000140993	1.257075637872271e-06
ENSG00000285516	1.2518140672934265e-06
ENSG00000213918	1.2506943050081346e-06
ENSG00000229937	1.2472207372838749e-06
ENSG00000180219	1.2441403572441831e-06
ENSG00000169991	1.2424094997746877e-06
ENSG00000037757	1.2411754088510284e-06
ENSG00000182180	1.2370165809697328e-06
ENSG00000123454	1.2325274342366058e-06
ENSG00000164325	1.2296612102729868e-06
ENSG00000148842	1.2277532911814637e-06
ENSG00000111341	1.2262583339336302e-06
ENSG00000151806	1.2160980757189215e-06
ENSG00000007384	1.2148518075911877e-06
ENSG00000168781	1.211553163036263e-06
ENSG00000140043	1.2057792202815796e-06
ENSG00000179630	1.2057792202815796e-06
ENSG00000198643	1.1996984952361594e-06
ENSG00000173210	1.1994897565670803e-06
ENSG00000107443	1.1945293585997247e-06
ENSG00000171492	1.194369756769489e-06
ENSG00000148468	1.1922188733951506e-06
ENSG00000139737	1.1922188733951506e-06
ENSG00000206538	1.1922188733951506e-06
ENSG00000167904	1.1836565834190123e-06
ENSG00000107789	1.1836565834190123e-06
ENSG00000146776	1.1831834287211755e-06
ENSG00000088970	1.1817020397506649e-06
ENSG00000160058	1.1803107788999434e-06
ENSG00000149260	1.1730337734539921e-06
ENSG00000179133	1.171812020640107e-06
ENSG00000110887	1.1705868056641526e-06
ENSG00000163357	1.160047711279824e-06
ENSG00000054938	1.1593847352204584e-06
ENSG00000278243	1.1543030897547898e-06
ENSG00000116771	1.1498001991484764e-06
ENSG00000109193	1.1443329657433062e-06
ENSG00000164114	1.1443329657433062e-06
ENSG00000186280	1.1443329657433062e-06
ENSG00000100418	1.1440837946256938e-06
ENSG00000167995	1.141063970918411e-06
ENSG00000159289	1.13690903077452e-06
ENSG00000283852	1.1357188601704129e-06
ENSG00000103018	1.1312115771813672e-06
ENSG00000109625	1.1305842427789326e-06
ENSG00000073067	1.1305842427789326e-06
ENSG00000105519	1.1257716761299537e-06
ENSG00000135407	1.1203441526375407e-06
ENSG00000206579	1.1149246220302893e-06
ENSG00000180938	1.1069770253514098e-06
ENSG00000187024	1.1049817448363265e-06
ENSG00000175287	1.0950896993891955e-06
ENSG00000258289	1.0920750704179115e-06
ENSG00000166920	1.088150566846877e-06
ENSG00000106049	1.0875532880797074e-06
ENSG00000187595	1.086617563705209e-06
ENSG00000116857	1.0858004734761638e-06
ENSG00000153820	1.0817932670050032e-06
ENSG00000162975	1.0812316276220525e-06
ENSG00000169221	1.0796438608340438e-06
ENSG00000125851	1.079334013716198e-06
ENSG00000186377	1.0781760729972792e-06
ENSG00000158220	1.074632605680886e-06
ENSG00000198825	1.071476257325047e-06
ENSG00000179912	1.071476257325047e-06
ENSG00000065491	1.071476257325047e-06
ENSG00000152217	1.071356920614909e-06
ENSG00000109208	1.070513935604803e-06
ENSG00000124541	1.0655683587431628e-06
ENSG00000166189	1.0448951154502856e-06
ENSG00000285140	1.0396184024105272e-06
ENSG00000197889	1.0362696278143677e-06
ENSG00000139835	1.0362485707275468e-06
ENSG00000165521	1.0351323941449956e-06
ENSG00000126878	1.0312451490621146e-06
ENSG00000149548	1.0215945992005076e-06
ENSG00000137941	1.0215945992005076e-06
ENSG00000078487	1.0215945992005076e-06
ENSG00000124103	1.017814940546734e-06
ENSG00000144063	1.0139867021267508e-06
ENSG00000165055	1.012985737925251e-06
ENSG00000257591	1.0110938039595155e-06
ENSG00000159450	1.006829206023722e-06
ENSG00000148120	1.0047561514116474e-06
ENSG00000229665	9.964362520640314e-07
ENSG00000171450	9.935157876286408e-07
ENSG00000125900	9.90138301149739e-07
ENSG00000124299	9.90138301149739e-07
ENSG00000120669	9.834564865930163e-07
ENSG00000110975	9.82809646055849e-07
ENSG00000181619	9.808955947477235e-07
ENSG00000187627	9.781906254860516e-07
ENSG00000106266	9.780393634748771e-07
ENSG00000174672	9.693461095378304e-07
ENSG00000125492	9.643465512660844e-07
ENSG00000112053	9.642135290274482e-07
ENSG00000198075	9.562322557734663e-07
ENSG00000155428	9.47436363498159e-07
ENSG00000261857	9.417475178345968e-07
ENSG00000112304	9.417475178345968e-07
ENSG00000124659	9.377609949136937e-07
ENSG00000144843	9.368591709920165e-07
ENSG00000104381	9.334233101522111e-07
ENSG00000100147	9.30418509587668e-07
ENSG00000114850	9.303850830980537e-07
ENSG00000101216	9.290726899706457e-07
ENSG00000184302	9.187095422884887e-07
ENSG00000203734	9.14485769676737e-07
ENSG00000135916	9.124213763303953e-07
ENSG00000085377	9.092949818903184e-07
ENSG00000101236	9.065001482152757e-07
ENSG00000158966	9.027576027883397e-07
ENSG00000213186	9.021946478079569e-07
ENSG00000113532	9.021771567994968e-07
ENSG00000165898	8.973770307027871e-07
ENSG00000237172	8.943451752085653e-07
ENSG00000016490	8.943451752085653e-07
ENSG00000282992	8.943451752085653e-07
ENSG00000166930	8.943451752085653e-07
ENSG00000110375	8.936507872979838e-07
ENSG00000184347	8.932760447500217e-07
ENSG00000103353	8.868318216803264e-07
ENSG00000137802	8.840623739307647e-07
ENSG00000167861	8.83627496873109e-07
ENSG00000169989	8.831956169932349e-07
ENSG00000163607	8.824828803477284e-07
ENSG00000124767	8.82285375863101e-07
ENSG00000165630	8.771791747447093e-07
ENSG00000149292	8.762189859705345e-07
ENSG00000152049	8.762164320830374e-07
ENSG00000006659	8.762164320830374e-07
ENSG00000205362	8.742018158710479e-07
ENSG00000095713	8.7306575597481e-07
ENSG00000164941	8.68704339363854e-07
ENSG00000185215	8.68704339363854e-07
ENSG00000132972	8.68704339363854e-07
ENSG00000275779	8.675862586112296e-07
ENSG00000146250	8.602051209447496e-07
ENSG00000102897	8.602051209447496e-07
ENSG00000277086	8.573462259878045e-07
ENSG00000223494	8.376704246448452e-07
ENSG00000082212	8.376704246448452e-07
ENSG00000186526	8.325725713510999e-07
ENSG00000196862	8.309786962886001e-07
ENSG00000179168	8.309387416805363e-07
ENSG00000101474	8.297288592559533e-07
ENSG00000168917	8.233055096485108e-07
ENSG00000070759	8.213954412033888e-07
ENSG00000189037	8.190429771780924e-07
ENSG00000123892	8.157551381905051e-07
ENSG00000168679	8.15177482538929e-07
ENSG00000106258	8.137718142386809e-07
ENSG00000118690	8.13229214436149e-07
ENSG00000154646	8.13229214436149e-07
ENSG00000168843	8.13229214436149e-07
ENSG00000182463	8.13229214436149e-07
ENSG00000109452	8.13229214436149e-07
ENSG00000147127	8.130095943002267e-07
ENSG00000288149	8.119460505514563e-07
ENSG00000188761	7.977315798531138e-07
ENSG00000170748	7.975872558016944e-07
ENSG00000123989	7.9184702640796e-07
ENSG00000276876	7.9184702640796e-07
ENSG00000167210	7.894626633594149e-07
ENSG00000154222	7.875815915690517e-07
ENSG00000275031	7.875815915690517e-07
ENSG00000140006	7.843010261834806e-07
ENSG00000179981	7.836986847115442e-07
ENSG00000205208	7.784341922489125e-07
ENSG00000013392	7.737350953081401e-07
ENSG00000125409	7.582060275290643e-07
ENSG00000274538	7.4594283323214e-07
ENSG00000277481	7.445283452396812e-07
ENSG00000172005	7.425222139972356e-07
ENSG00000171433	7.383484264326559e-07
ENSG00000116874	7.352438850360502e-07
ENSG00000064886	7.28495347864084e-07
ENSG00000176771	7.205639145503825e-07
ENSG00000155367	7.151121650261328e-07
ENSG00000135750	7.151121650261328e-07
ENSG00000170293	7.109388696960794e-07
ENSG00000162591	7.109388696960794e-07
ENSG00000150403	7.109388696960794e-07
ENSG00000250722	7.109388696960794e-07
ENSG00000103876	7.109388696960794e-07
ENSG00000165973	7.109388696960794e-07
ENSG00000171714	7.109388696960794e-07
ENSG00000122335	7.109388696960794e-07
ENSG00000070601	7.02195090514456e-07
ENSG00000260691	7.02195090514456e-07
ENSG00000182308	7.010424502928365e-07
ENSG00000144306	6.979999235314594e-07
ENSG00000100711	6.767167883014055e-07
ENSG00000176387	6.750389497510302e-07
ENSG00000153721	6.593440215989672e-07
ENSG00000154957	6.36067089224467e-07
ENSG00000262749	6.002837348314073e-07
ENSG00000160097	5.966859730511547e-07
ENSG00000109832	5.879735879189935e-07
ENSG00000114853	5.825744602854516e-07
ENSG00000145692	5.712940140632368e-07
ENSG00000170160	5.63818423536767e-07
ENSG00000110074	5.60145526503678e-07
ENSG00000185100	5.482690220840343e-07
ENSG00000167037	5.463102882670293e-07
ENSG00000177468	5.4438986363501e-07
ENSG00000159335	5.403172198726918e-07
ENSG00000133665	5.021659250849416e-07
ENSG00000135002	4.577257120554349e-07
ENSG00000116703	4.3998508095408595e-07
ENSG00000205927	0.0
ENSG00000125820	0.0
ENSG00000206203	0.0
ENSG00000126467	0.0
ENSG00000139899	0.0
ENSG00000102924	0.0
ENSG00000162631	0.0
ENSG00000148948	0.0
ENSG00000244057	0.0
ENSG00000241123	0.0
ENSG00000282424	0.0
ENSG00000282584	0.0
ENSG00000182230	0.0
ENSG00000170074	0.0
ENSG00000188393	0.0
ENSG00000256797	0.0
